id,http_status,https,mobile,load_ms,builder_live,title,audit_grade,error,checked_at
b449b03c-bd36-4628-8b04-93c072d5ffaa,200,0,1,154,Weebly,One Needle Acupuncture - One Needle Acupuncture by Amanda Hanson L.Ac.,weak,,2026-06-22T13:02:02+00:00
8ac5f98b-c166-4140-8a78-0bc04296dbb4,404,1,0,186,,Error 404 (Not Found)!!1,broken,,2026-06-22T13:02:02+00:00
c18b268f-e67a-47b7-92a0-ab51067de93b,404,0,0,187,,Error 404 (Not Found)!!1,broken,,2026-06-22T13:02:02+00:00
8b7c1dd3-d237-44c6-8ff4-fa3e58bc8d19,404,1,0,189,,Error 404 (Not Found)!!1,broken,,2026-06-22T13:02:02+00:00
092b53c5-9c75-4466-a501-e5db579ec99b,200,1,0,191,Weebly,Coll&aacute;ge - About,weak,,2026-06-22T13:02:02+00:00
4c901045-7b80-4432-993a-1f962599f552,404,1,0,208,,Error 404 (Not Found)!!1,broken,,2026-06-22T13:02:02+00:00
7c94abf0-8e47-4027-99ae-6af3a6b46220,404,1,0,213,,Error 404 (Not Found)!!1,broken,,2026-06-22T13:02:02+00:00
a3c40e1a-f1c5-42d4-94e9-2af12137a8b1,404,1,1,303,Wix,,broken,,2026-06-22T13:02:02+00:00
a8cfcb7a-3acd-4b7b-9eef-4f42f0eee981,404,1,0,174,,Error 404 (Not Found)!!1,broken,,2026-06-22T13:02:02+00:00
7b89508e-21b8-4a5a-8df5-4523757386e8,200,1,1,367,Weebly,LUCRECIA HAIR DESIGN - Home,good,,2026-06-22T13:02:02+00:00
c8fe104a-a795-4538-a206-cfcf79a2f1e9,404,1,1,373,Wix,404 Error: Page Not Found | Wix.com,broken,,2026-06-22T13:02:02+00:00
d9a4ecb6-64d5-41ca-a4ec-f2ce615b110d,404,1,0,210,,Error 404 (Not Found)!!1,broken,,2026-06-22T13:02:02+00:00
042ba4d2-d5df-4931-9f47-5b0092f8ca77,404,1,0,197,,Error 404 (Not Found)!!1,broken,,2026-06-22T13:02:02+00:00
39d4508b-1549-40c9-9205-b8e1d3e22978,404,1,0,215,,404 - Page Not Found,broken,,2026-06-22T13:02:02+00:00
a5ba680a-c989-4abe-9c5d-35093ec313a7,200,0,0,442,Weebly,Antidote for Hair - Home,weak,,2026-06-22T13:02:02+00:00
5bdf6e2e-1f43-457e-8331-dbcbf1e7a106,0,0,0,143,,,broken,"ssl: HTTPSConnectionPool(host='www.sonomanails.wix.com', port=443): Max retries exceeded with url: /sonom",2026-06-22T13:02:03+00:00
2141d6f6-28c7-448b-8520-1b334e68d7e9,200,1,1,200,GoDaddy,SoCo Aesthetics: Premier Medical Spa for Skin Rejuvenation,good,,2026-06-22T13:02:03+00:00
f3c9f8e4-0e09-4c68-a2ca-08834238bd87,404,1,1,186,Wix,,broken,,2026-06-22T13:02:03+00:00
b1e54eeb-fbe4-4a77-bfe4-19ef4dbc6d9c,200,1,1,596,,Square Booking Flow,good,,2026-06-22T13:02:03+00:00
d7e813b6-2f14-4460-8d08-648baa40125d,404,1,1,283,Wix,,broken,,2026-06-22T13:02:03+00:00
96d3f159-96e9-4a2d-943c-995491945a99,200,1,1,385,WordPress,"lenertlaw &#8211; Sacramento, California",good,,2026-06-22T13:02:03+00:00
9a2f336e-8ec7-464f-97f4-57eaf2dadf4f,404,1,1,164,Wix,404 Error: Page Not Found | Wix.com,broken,,2026-06-22T13:02:03+00:00
bff79d61-1a34-4298-b30b-6b8324478fdb,200,1,1,57,WordPress,KC Salon | Welcome to Novato KC Salon,good,,2026-06-22T13:02:03+00:00
fa9b016e-f03e-44ca-980a-fcd640766f0a,200,1,0,405,Weebly,Luxurious NailSpa - Luxurious Nails &amp; Spa,weak,,2026-06-22T13:02:03+00:00
8ab76b06-3a4e-4d94-8739-2dcfdee00942,200,1,1,631,Weebly,Personalized order screen | Bean Crema Coffee & Tea,good,,2026-06-22T13:02:03+00:00
abc678ac-6893-46b0-a443-796fb582c1c2,404,1,0,174,,Error 404 (Not Found)!!1,broken,,2026-06-22T13:02:03+00:00
e5df739f-9cd3-4764-8dbd-15d7bbda7dd0,404,1,0,178,,Error 404 (Not Found)!!1,broken,,2026-06-22T13:02:03+00:00
30cabae2-a4a2-47db-8970-21fddb45efdc,200,1,1,752,Weebly,"RIVERTOWN CHIROPRACTIC (DR.WENDY STAPLES HICKS, DC, QME) - Dr. Wendy Staples Hicks, D.C.",good,,2026-06-22T13:02:03+00:00
a0139579-d509-47f0-96a3-366a61473532,404,1,0,190,,Error 404 (Not Found)!!1,broken,,2026-06-22T13:02:03+00:00
856dfce0-a8dc-4f4e-8d83-73ec3f488c35,200,1,1,395,,Square: Sign in to Your Dashboard & Manage your Business,good,,2026-06-22T13:02:03+00:00
9be63342-88cc-453b-8f5a-c90b5891a783,200,1,1,407,Weebly,Pantalla de pedidos personalizados | El huerto,good,,2026-06-22T13:02:03+00:00
acf1f35d-a562-45d4-b2b4-9e4def35fdfe,200,0,0,188,Weebly,Main Street Theatre - Main Street Theatre,weak,,2026-06-22T13:02:03+00:00
ca6e8f88-5c82-4620-b283-5806c2ffc225,404,1,0,175,,Error 404 (Not Found)!!1,broken,,2026-06-22T13:02:03+00:00
61c8c969-4772-4726-8366-67ba8da320e4,200,1,1,494,Weebly,,good,,2026-06-22T13:02:03+00:00
8a8c3dcd-7a2c-4182-8add-6d874217a8c5,200,1,1,28,WordPress,"Petaluma Tire Source &#8211; Your Petaluma Tire Professionals, Always Prompt, Courteous Service",good,,2026-06-22T13:02:03+00:00
71d2b150-beaa-4fd6-90f0-46a001ee6c91,200,1,1,284,Weebly,OUR SITE HAS MOVED,good,,2026-06-22T13:02:03+00:00
7941317f-d665-4171-a7eb-25b77ad57356,200,1,1,337,Weebly,,good,,2026-06-22T13:02:03+00:00
6aeed820-b007-4c5e-ba29-ed14261f162b,200,1,1,40,WordPress,Windrush Farm &#8211; more than just a sheep farm,good,,2026-06-22T13:02:03+00:00
7bb997c3-dbd6-4efe-90c9-2a0740465c23,200,1,1,712,Wix,MI GENTE MPS NOTARY PUBLIC IN SAN RAFAEL &amp; TAX PREPARATION,good,,2026-06-22T13:02:03+00:00
f226df30-1c2d-4469-a019-3de28a10fa23,200,1,1,228,Wix,Home | website,good,,2026-06-22T13:02:03+00:00
fb8f5711-fdf5-4a22-94e0-f4b4b0b3a5df,200,1,1,166,Wix,Home | sushi,good,,2026-06-22T13:02:03+00:00
fe87312f-5285-4ffa-a6fb-611688006b7b,200,0,0,146,Weebly,Seika Ryu Martial Arts Novato - Home,weak,,2026-06-22T13:02:03+00:00
27083c1b-9bf2-4c66-b7e6-03920bf23194,404,1,0,179,,Error 404 (Not Found)!!1,broken,,2026-06-22T13:02:03+00:00
2111b05c-302f-4909-9bc0-fbf79598e2e0,404,1,0,189,,Error 404 (Not Found)!!1,broken,,2026-06-22T13:02:03+00:00
06705d74-214b-47f2-825f-2d099618365c,404,1,0,189,,Error 404 (Not Found)!!1,broken,,2026-06-22T13:02:03+00:00
8aaf285c-ed83-4ff2-ae35-4224a0a26e4e,200,1,1,376,Weebly,Pet-Pro - Home,good,,2026-06-22T13:02:03+00:00
94fdf284-6d05-45c3-97aa-86fae051f915,200,1,1,344,Weebly,Pet-Pro - Home,good,,2026-06-22T13:02:03+00:00
bf64fb28-622b-41c6-9477-2b4aefce8c4d,404,1,0,180,,Error 404 (Not Found)!!1,broken,,2026-06-22T13:02:03+00:00
8b11a922-1183-4895-838d-fe4f734beea9,404,0,0,136,,Error 404 (Not Found)!!1,broken,,2026-06-22T13:02:03+00:00
dd993080-d57a-43e3-9dc9-a8e1923d00be,200,1,1,368,Weebly,,good,,2026-06-22T13:02:03+00:00
9c698acd-e2a4-4d65-8ad6-2c52c8e6bccd,200,1,1,308,,Home | Cycle Chvrch Cycles,good,,2026-06-22T13:02:04+00:00
9cd34fc9-3402-4dd3-a525-770c4452b6eb,200,1,0,30,WordPress,murrayrockowitz | Just another WordPress.com site,weak,,2026-06-22T13:02:04+00:00
2ec6f9c0-2717-4dd2-b111-a64033c3a548,404,1,0,183,,Error 404 (Not Found)!!1,broken,,2026-06-22T13:02:04+00:00
f5c5f782-9e24-4dd3-9b9c-6d3a2626f2e6,200,1,1,316,Weebly,,good,,2026-06-22T13:02:04+00:00
f739e788-8ebd-452a-8e30-5245209f9e3b,200,1,1,311,Wix,HOME | Blackberry Farm Bolinas,good,,2026-06-22T13:02:04+00:00
75507278-01a4-41a4-97a6-283a354326f0,200,1,1,363,WordPress,"Holistic Psychotherapy &#8211; Kelly Kennard, Licensed Marriage and Family Therapist #97574",good,,2026-06-22T13:02:04+00:00
e815120d-8850-4a57-9442-6b953e908e04,200,1,1,1358,Wix,Home | My Site,good,,2026-06-22T13:02:04+00:00
0027ff33-05fb-4e61-9534-1d2954a37618,200,1,1,215,GoDaddy,DANDY SANDOS,good,,2026-06-22T13:02:04+00:00
2b7853d3-2225-42fc-812a-69a265d12f03,404,1,0,183,,Error 404 (Not Found)!!1,broken,,2026-06-22T13:02:04+00:00
0bc73492-a24a-4bd5-baf7-e87cc6717c2a,200,1,1,294,Weebly,Breal - Home,good,,2026-06-22T13:02:04+00:00
76420de6-bea0-48b7-afa8-454fcf726248,200,1,1,403,GoDaddy,Permanent Makeup,good,,2026-06-22T13:02:04+00:00
33f12e0d-b846-461e-8625-3aa3b1545186,200,0,0,163,,LOLA'S DEPOT,weak,,2026-06-22T13:02:04+00:00
6c953698-1364-4494-b8cb-46bfbf7c6b36,200,1,0,254,Weebly,FLAMENCO! LIVE! - Shows,weak,,2026-06-22T13:02:04+00:00
19079579-aff0-453c-8608-80d7bd83450e,200,1,1,219,Wix,"Baxman Livestock &amp; Trailer Sales | trailers for sale | Petaluma, CA, USA",good,,2026-06-22T13:02:04+00:00
7684a36b-3c6b-463c-95ea-da0802d0eec8,200,1,0,60,WordPress,Golden Gate Pipe Club | The Official Blog of the Golden Gate Pipe Club,weak,,2026-06-22T13:02:04+00:00
5b1ff9bc-f79b-438a-bf7d-bd3f0efdb113,200,1,1,1211,Wix,"What a Chicken | The best Grilled Chicken of Sonoma | 706 East Washington Street, Petaluma, CA, USA",good,,2026-06-22T13:02:04+00:00
d5c5ce2a-1167-4f6a-b39f-def65f36818a,404,1,0,183,,Error 404 (Not Found)!!1,broken,,2026-06-22T13:02:04+00:00
f10e0cee-b9b7-4a8e-bc3c-ce971208d07b,404,1,1,281,Shopify,Store unavailable,broken,,2026-06-22T13:02:04+00:00
b760bd83-37e8-43fd-b08e-032680ba1674,404,1,0,194,,Error 404 (Not Found)!!1,broken,,2026-06-22T13:02:04+00:00
5411eeb7-fea9-4056-bc46-98e9cdfee5bd,404,1,0,265,,Error 404 (Not Found)!!1,broken,,2026-06-22T13:02:04+00:00
d58b85d1-df83-4b74-8786-2f381db77661,429,0,1,346,,http://oasiscommunityfarm.blogspot.com/,broken,,2026-06-22T13:02:04+00:00
7ade32dc-98bb-49d5-a5ae-2e61b35b5f0e,200,1,1,2045,Wix,Home,good,,2026-06-22T13:02:04+00:00
dbbf5d06-e50b-4b84-abb0-ff4b35c77713,200,1,1,317,GoDaddy,Mull Bookkeeping,good,,2026-06-22T13:02:04+00:00
59a986a9-1c44-49e8-92fa-dad96fec2663,200,1,1,417,Weebly,"David Austin Roses & Garden Decor | Petaluma Nursery - DEW Gardens | E D Wilson Roses, Oddities & Amazing Things at DEW Gardens",good,,2026-06-22T13:02:04+00:00
28afa46b-7b4d-41ca-b52f-9a0ca30afff7,200,1,1,839,Weebly,"David Austin Roses & Garden Decor | Petaluma Nursery - DEW Gardens | E D Wilson Roses, Oddities & Amazing Things at DEW Gardens",good,,2026-06-22T13:02:04+00:00
aa1a8456-9fe4-44fd-b412-d604607c1a61,200,0,1,267,,Axis - Bookkeeping and Advisory Services,weak,,2026-06-22T13:02:04+00:00
8fcec65c-ea4c-42c6-afd3-5e75cdee8de2,200,1,1,427,Wix,"Aho &amp; Associates Financial Forensics | forensic accountant | 780 West Napa Street, Sonoma, CA, USA",good,,2026-06-22T13:02:04+00:00
878b3ed1-dc0f-493f-bc15-a5d27d8188ac,200,1,1,199,GoDaddy,QBO clean-up balance sheet errors - GAAP Compliance,good,,2026-06-22T13:02:05+00:00
b78b2c9a-e6a5-4da6-b155-29efc34edf2b,0,0,0,48,,,broken,connection failed,2026-06-22T13:02:05+00:00
30246edf-01a5-43df-9e99-a1c19a45e3be,200,1,1,405,,"G. Paul Hendriks, CPA : Welcome to our website!",good,,2026-06-22T13:02:05+00:00
a8394b25-01a1-4ad0-b53c-357dd0f34998,404,0,0,348,,,broken,,2026-06-22T13:02:05+00:00
c3eda40d-802d-4395-9c3a-bb21426d2ab5,200,0,1,388,,latinopayroll.com&nbsp;-&nbsp;latinopayroll Resources and Information.,weak,,2026-06-22T13:02:05+00:00
80d06cb5-1954-4b13-acfc-a663a8de569b,200,1,1,1468,Wix,HOME | Green Organic Constr,good,,2026-06-22T13:02:05+00:00
b4fb63bd-a558-4a30-abf3-da773f113506,200,1,1,524,Wix,Nonprofit | California | Doran &amp; Associates,good,,2026-06-22T13:02:05+00:00
0a87d2af-b34b-497b-a7d4-bf1d112bb0a2,200,1,1,1410,Wix,Home | My Site,good,,2026-06-22T13:02:05+00:00
4eeb006a-087a-48f0-ad5b-66d23c9b01c8,404,1,1,505,Wix,,broken,,2026-06-22T13:02:05+00:00
daa9029d-98de-4c54-ac3a-95b43848ac08,200,1,1,629,WordPress,Accounting and Bookkeeping Services - Protea Financial - California,good,,2026-06-22T13:02:05+00:00
991e987f-a97d-4ed7-866a-ed925dc8f74e,200,1,1,438,WordPress,Welcome - (we)pac,good,,2026-06-22T13:02:05+00:00
2a9cc3cf-bcff-4d8d-941a-a7f926551343,200,1,1,352,WordPress,NorCal Integrative Medicine. For Consultation 415-630-5322.,good,,2026-06-22T13:02:05+00:00
56feb8aa-9613-4671-b11f-13719008c1b4,200,1,1,401,Webflow,"Acupuncture, Women’s Health &amp; Facial Rejuvenation in San Rafael | EarthSong Acupuncture",good,,2026-06-22T13:02:05+00:00
f01a53a6-2518-4442-842f-e80566abea69,200,1,1,411,Squarespace,Ginger Root Wellness,good,,2026-06-22T13:02:05+00:00
d1b24146-e49c-47a2-9d11-b5fdaa377a1d,200,1,1,1186,WordPress,Home - Accountiful,good,,2026-06-22T13:02:05+00:00
9d48eaea-0e21-482a-8bb2-fc54159aca48,200,1,1,494,Squarespace,Gingko Integrative medicine,good,,2026-06-22T13:02:05+00:00
b9a211a4-c824-4412-8aa6-d5bd855e7855,202,0,0,145,,,weak,,2026-06-22T13:02:05+00:00
8328a58e-53d1-4dd4-8f82-c71ca8bb7ac3,200,1,1,415,Wix,Home | Health Through Acupuncture | Elke Gmirr,good,,2026-06-22T13:02:05+00:00
869bcc1c-ba0f-4ea2-850a-2d6ebbf5e5e4,200,1,1,294,,"Marin Holistic Health &amp; Acupuncture | Fairfax, CA",good,,2026-06-22T13:02:05+00:00
503ada6c-2969-4fe9-bba7-b6e3e8918f15,200,1,1,567,Wix,Pain Relief | Rafael | Kevin Cates Acupuncture,good,,2026-06-22T13:02:06+00:00
8c537895-52af-42c6-85a3-c8fa0703fae4,200,1,1,897,,Restore Your Fertile Health Naturally | HealthYouniversity,good,,2026-06-22T13:02:06+00:00
f0f85913-1a89-46e7-98ed-5ed8145f5df6,0,0,0,37,,,broken,connection failed,2026-06-22T13:02:06+00:00
a71ada2a-a682-4906-9dc7-d2bbe384973a,200,0,0,116,Squarespace,Sun Over Mountain Acupuncture,weak,,2026-06-22T13:02:06+00:00
f0df2851-902d-445d-972b-73da7ed5ca32,200,1,1,248,Squarespace,Sonoma Valley Acupuncture &amp; Herb Center,good,,2026-06-22T13:02:06+00:00
ca56746f-37d0-4e2c-b39b-bde11e7549fb,0,0,0,118,,,broken,connection failed,2026-06-22T13:02:06+00:00
6187da0a-e515-4357-9dda-903ca2140d2d,200,1,1,412,Wix,Healing | Riena Kim Acupuncture | Fairfax,good,,2026-06-22T13:02:06+00:00
7a47cfb7-4f16-43b1-b54b-189aa9407650,200,1,0,224,,"Home - Cafe Bellini - Petaluma, California",weak,,2026-06-22T13:02:06+00:00
4d38b230-908b-48c6-ad9b-6f3964874147,200,1,1,467,WordPress,Home -,good,,2026-06-22T13:02:06+00:00
8ac2ca82-3760-4fd7-834c-c6b8593b3fc6,200,1,1,1387,WordPress,Trang chủ vuabet88.com chính thức | Đăng nhập vuabet88 +88k,good,,2026-06-22T13:02:06+00:00
bbad69a0-415e-4ee7-8db7-ec4c83c644e3,403,0,0,268,,å®å¡ç½ç«é²ç«å¢å è´¹ç,broken,,2026-06-22T13:02:06+00:00
5f44c48f-5a38-4f05-adbc-69814b03cc35,0,0,0,42,,,broken,connection failed,2026-06-22T13:02:06+00:00
4b40647f-93dc-4764-9e6c-559857714e8c,200,1,1,145,Squarespace,.,good,,2026-06-22T13:02:06+00:00
8ded881b-efc9-40c0-a174-1d283eb2bc29,202,0,0,286,,,weak,,2026-06-22T13:02:06+00:00
c515f370-f265-4175-8d68-867a88d71975,200,1,1,874,Squarespace,The Tree of Life Acupuncture,good,,2026-06-22T13:02:06+00:00
7af9cdd1-75d2-444d-a786-131fdc0f6070,200,1,1,2068,Wix,Catherine Provencal LAc | Acupuncture | Mill Valley | Marin,good,,2026-06-22T13:02:07+00:00
3bb1935b-36f4-41fe-9523-0035ef8b8be6,200,1,1,270,Squarespace,Watershed Mill Valley,good,,2026-06-22T13:02:07+00:00
0ec04560-b92e-44f9-a1a1-f9fcae87c6b0,200,1,1,911,,"Sax&apos;s Joint - Petaluma, CA",good,,2026-06-22T13:02:07+00:00
6b475a1d-05a2-42b5-bc33-616e0dd758fa,200,0,0,102,,,weak,,2026-06-22T13:02:07+00:00
887313aa-ebfb-410c-a9c5-3da54fa80f91,200,1,1,82,,"Wit and Wisdom | American Restaurant in Sonoma, CA",good,,2026-06-22T13:02:07+00:00
8839eb66-e997-4290-b62c-0261e329cb4a,200,1,1,1948,WordPress,Healing Trees Acupuncture |,good,,2026-06-22T13:02:07+00:00
ac8cbeb7-f6a6-4d69-8035-4a32e08c589d,0,0,0,116,,,broken,connection failed,2026-06-22T13:02:07+00:00
09e373cb-5264-4c85-a1b9-8ea0c97388fc,406,1,0,147,,,broken,,2026-06-22T13:02:07+00:00
7ce78e9a-25ec-4615-ab11-19bfa512612e,200,1,1,1202,,Gacor99 : Nikmati Permainan Sweet Bonanza Terbaru 2026,good,,2026-06-22T13:02:07+00:00
1f667704-ce42-430f-a42b-a101532640b9,0,0,0,58,,,broken,connection failed,2026-06-22T13:02:07+00:00
75abcd60-9589-4fef-9e04-2b717e3d7018,0,0,0,360,,,broken,connection failed,2026-06-22T13:02:07+00:00
c4c93416-839f-4d0b-ac81-345c6e5a974f,200,1,1,255,GoDaddy,HOME,good,,2026-06-22T13:02:07+00:00
c3fdf9a1-64bb-4957-b859-c4bb38912214,200,1,0,418,,,weak,,2026-06-22T13:02:07+00:00
c9d7fbb2-a073-4f75-9198-d136ba7a78b3,200,1,1,267,Wix,"Home | Petaluma Vintage Market | Monthly Outdoor Market | Petaluma, CA, USA",good,,2026-06-22T13:02:07+00:00
f5105385-b06b-4e49-ae08-cda9ad2e59a3,0,0,0,131,,,broken,connection failed,2026-06-22T13:02:07+00:00
dc0d3b03-c196-4272-ae32-f58f5ec0da7f,0,0,0,307,,,broken,"ssl: HTTPSConnectionPool(host='www.sonomacountryantiques.com', port=443): Max retries exceeded with url: ",2026-06-22T13:02:07+00:00
c499b092-4c32-4031-8b7f-aa01a475c76a,200,1,1,634,WordPress,San Rafael - Goodwill SF Bay,good,,2026-06-22T13:02:08+00:00
62797330-792c-438d-87a1-f93b02507b42,404,1,0,172,,,broken,,2026-06-22T13:02:08+00:00
790455a4-85d3-442d-a04c-67797a189ee0,200,1,1,654,GoDaddy,"Reclaimed Antiques - Estate Sales, Antiques, Collectibles Stores",good,,2026-06-22T13:02:08+00:00
02840572-2cac-4b91-8ce8-4e8c28414334,200,1,1,1564,WordPress,The Bungalow Kitchen,good,,2026-06-22T13:02:08+00:00
51ada83f-c767-497a-9cb4-fcafc7ef8d1b,200,1,1,482,Squarespace,ALECK WILSON ARCHITECTS,good,,2026-06-22T13:02:08+00:00
e84d9983-b6f0-4932-bebd-1d8750532845,200,1,1,3519,WordPress,Home - Find Your Abundant Vitality At Any Age. Balanced mind and spirit,good,,2026-06-22T13:02:08+00:00
841be3f6-17b1-4b8a-9bc0-3deef7849b6d,200,1,1,451,Wix,Blanco Architecture Inc | Building Envelope Consultants,good,,2026-06-22T13:02:08+00:00
986988a7-84e1-4089-912f-44fa63320a37,200,1,1,408,Wix,"DANIEL MACDONALD AIA ARCHITECTS | NOVATO, CA | HOME",good,,2026-06-22T13:02:08+00:00
c77fcc64-3601-4af7-81db-e7a8204b62ed,200,0,1,353,,Design Plus Group,weak,,2026-06-22T13:02:08+00:00
9cebbf16-6649-4a17-aaff-f1bae1cb489b,200,0,0,260,,Welcome to Henry G Taylor Architects,weak,,2026-06-22T13:02:08+00:00
a71ee419-4e17-4250-9bdf-69391ad2964c,200,1,1,477,Squarespace,Essential Habitat Architecture,good,,2026-06-22T13:02:09+00:00
7dd01e95-46c8-41c8-ae52-8ceafd09bdcf,200,1,1,990,WordPress,Front Page - DNM Architecture,good,,2026-06-22T13:02:09+00:00
67a34be0-2221-449d-be44-a8c46198e03d,200,1,1,691,WordPress,Hubbell Daily Architecture + Design,good,,2026-06-22T13:02:09+00:00
7741f9ad-98e1-4d1c-800f-923038da56d3,200,1,1,134,WordPress,Ned Forrest Architects - Leslie Whitelaw Interior Design,good,,2026-06-22T13:02:09+00:00
875c4edb-f12b-45f8-9450-bf5cc2158a27,200,1,1,2865,Wix,"The Hub | Burgers, Salads, Beer &amp; Wine | 882 Sir Francis Drake Blvd, San Anselmo, CA, USA",good,,2026-06-22T13:02:09+00:00
87edc066-cf5e-4e76-b579-12ca24238220,202,1,0,347,,,weak,,2026-06-22T13:02:09+00:00
bc3b9859-7c12-42f2-be9a-bb17c9a22fb9,200,1,1,934,Wix,PORTFOLIO | development,good,,2026-06-22T13:02:09+00:00
c1589aab-c06d-4907-adff-53e59738c0a9,200,1,1,660,WordPress,Martin Newman Office - Architecture + Design,good,,2026-06-22T13:02:09+00:00
83843693-ba4c-418f-8da8-70706db750c8,200,1,1,283,,Home — Richardson Pribuss Architects,good,,2026-06-22T13:02:09+00:00
7ba25494-9136-4417-b7a2-bcf857b556f1,200,0,1,139,Squarespace,Host &mdash; Sim Van der Ryn,weak,,2026-06-22T13:02:09+00:00
8851e9dd-6e28-4b2f-bcfa-0436079e4d4f,200,1,1,604,,High-end Residential Design | Mill Valley & Marin County | OXBStudio Architects,good,,2026-06-22T13:02:09+00:00
4b348853-6375-440c-ace7-fa403349ca3b,202,0,0,239,,,weak,,2026-06-22T13:02:10+00:00
de71bb3c-3609-4070-b6fd-ffae020f499d,404,1,0,562,Squarespace,Squarespace - Website Expired,broken,,2026-06-22T13:02:10+00:00
d0b638dd-a6e5-4bb3-a389-ac03dcbcf3a7,0,0,0,111,,,broken,connection failed,2026-06-22T13:02:10+00:00
79e7ec49-686a-4324-8144-c0da60d27ef6,404,0,0,482,Squarespace,Squarespace - Website Expired,broken,,2026-06-22T13:02:10+00:00
e0083c45-f25a-405e-9bc3-3119a44fae8d,200,1,1,490,,Wade Design Architects | Come Home,good,,2026-06-22T13:02:10+00:00
ccef7988-f08c-430d-81d7-bb69f7e2bbbf,200,1,1,2528,WordPress,Yankee Girl Antiques - Shop Petaluma,good,,2026-06-22T13:02:10+00:00
eb6f71c0-6bc6-4986-a2ff-7efc31a3d99e,200,1,1,1729,WordPress,Marcus &amp; Willers Architects | Sonoma Architects Since 1990,good,,2026-06-22T13:02:10+00:00
b5e86b66-9ca5-4cb7-9cb1-cbb4073f108c,200,1,1,434,,Emma's,good,,2026-06-22T13:02:10+00:00
328e6cfe-7f6c-4886-a782-0e1a2f1bc7ea,200,1,1,357,GoDaddy,Buddy&#x27;s Auto body &amp; Restoration,good,,2026-06-22T13:02:10+00:00
a4204bc3-b97b-4d4c-910a-5c264232ccbc,200,1,1,501,WordPress,Mill Valley Body Shop - Alioto&#039;s Auto Body,good,,2026-06-22T13:02:10+00:00
4c36ae53-ddee-43b8-ab8e-321409635b73,404,0,0,373,,,broken,,2026-06-22T13:02:11+00:00
e95cc142-4d4c-491a-8156-d7cff2119630,0,0,0,39,,,broken,connection failed,2026-06-22T13:02:11+00:00
55434878-8d22-4c9e-93f4-a3881558a7fd,200,1,1,411,GoDaddy,Zuffenhausen Auto,good,,2026-06-22T13:02:11+00:00
80d9444d-b3e7-4d56-bb4a-cd6403fef75c,200,1,1,466,Squarespace,EDGAR AUTO DETAILING,good,,2026-06-22T13:02:11+00:00
d8ba8fff-5978-402d-8c68-c66834b2b23a,200,1,1,1149,,"Authentic Asian Restaurant in Mill Valley, CA | Boo Koo",good,,2026-06-22T13:02:11+00:00
ef93cce9-4f46-4424-9755-fbe53bf0bceb,200,1,1,460,Squarespace,Ceramic Pro San Rafael Elite Dealer | Marin Auto Detailing,good,,2026-06-22T13:02:11+00:00
90840ef2-d92a-45ee-994a-79039e2628ca,0,0,0,129,,,broken,connection failed,2026-06-22T13:02:11+00:00
d67c828c-5f0b-4c2f-89a8-93226843e3fc,200,1,1,250,,Finest Auto Repair Service Center in the Bay Area - San Rafael European,good,,2026-06-22T13:02:11+00:00
a208c0e6-e51e-49fd-9226-51ec953bb7e6,200,1,1,1028,WordPress,Mobile Car Detailing in,good,,2026-06-22T13:02:11+00:00
3955160d-4a41-4098-ac95-533c51468d69,200,1,1,522,GoDaddy,Home - Regenix Detailing,good,,2026-06-22T13:02:11+00:00
752093ec-f260-44bf-ab86-9c49135f315d,200,1,1,1437,Shopify,Sedang Trending! Supertogel : Daftar Supertogel | Login Supertogel | Bandar Togel Online Super,good,,2026-06-22T13:02:11+00:00
b6206cab-39db-4cf6-8d1f-769b22b1f371,200,1,1,239,GoDaddy,RobinAutomotive.com is for sale | HugeDomains,good,,2026-06-22T13:02:11+00:00
39cda59b-e9a2-4f88-b62e-c4ee57284a44,202,0,0,146,,,weak,,2026-06-22T13:02:11+00:00
118eed52-8c64-424e-8248-db4b4392ab63,200,0,0,149,,:::Auto Spa:::,weak,,2026-06-22T13:02:12+00:00
14cfcf29-7a61-491f-8b12-92def5f7541e,200,1,1,491,,Launchctrl1,good,,2026-06-22T13:02:12+00:00
a3082fda-1d65-49d4-b439-b8a9beb90593,0,0,0,4355,,,broken,connection failed,2026-06-22T13:02:12+00:00
b08bc5bd-3aa0-4872-86ca-caaabdb25c29,0,0,0,102,,,broken,connection failed,2026-06-22T13:02:12+00:00
b44522c9-5c9e-4e89-b40a-036986f07ccc,200,0,0,157,,,weak,,2026-06-22T13:02:12+00:00
00bf1c2c-62a3-4adb-a89e-5793e4350521,200,1,1,1291,,Precision Auto Detail — Professional Auto Detailing,good,,2026-06-22T13:02:12+00:00
a3f0f9c2-1873-4a2a-8505-34e59808067a,200,1,1,343,Squarespace,CHR,good,,2026-06-22T13:02:12+00:00
76ee9902-bba5-49db-9222-9de834500ae0,200,1,1,778,,"Auto Repair San Rafael | AmayaS' Auto Repair - Oil Changes, Brakes, Tires, Smog, AC, Suspension near me",good,,2026-06-22T13:02:12+00:00
0bb01883-52ff-42bb-a817-b52c072c9724,200,0,0,713,,"Auto Repair & Tire Shop in Sonoma, CA | Broadway Auto Care",weak,,2026-06-22T13:02:12+00:00
32d6e0ae-6ad5-40f7-ae2b-2db5e9f9283f,404,0,0,246,,SITE NOT FOUND,broken,,2026-06-22T13:02:12+00:00
49b4623f-bba8-49d4-a6f3-259bece92957,200,1,1,325,WordPress,"Reliable Novato, CA car service - DNA Automotive, your trustworthy choice!",good,,2026-06-22T13:02:12+00:00
1394156e-7aa6-4c05-9f5e-a363dddecab5,200,1,1,7438,WordPress,"Marin Family Acupuncture - San Rafael, California",weak,,2026-06-22T13:02:12+00:00
2acd9a82-89fb-41bd-9c86-c157eef5699a,0,0,0,43,,,broken,connection failed,2026-06-22T13:02:13+00:00
34922ce7-ef62-4436-8b77-8d05658b4227,200,1,1,251,,George's Auto Body,good,,2026-06-22T13:02:13+00:00
85fefec6-8b58-451b-91e4-be59f1f301f1,200,0,0,321,,,weak,,2026-06-22T13:02:13+00:00
508cd343-29c1-46d1-9c7c-f5da530c2a3e,200,1,1,410,Wix,Hans' Foreign Car Repair,good,,2026-06-22T13:02:13+00:00
d4a5c928-2b65-4dc2-a3d8-afc3ea87dd1d,200,1,1,367,Wix,"JEV Automotive | Auto repair | 170 Ford Way, Novato, CA, USA",good,,2026-06-22T13:02:13+00:00
75021079-7923-45bb-a25c-be596daf2e47,200,1,1,547,GoDaddy,JAAS Automotive LLC - Technician Owned and Operated,good,,2026-06-22T13:02:13+00:00
4867d6c6-3f07-4e02-9448-016c98c4f195,200,1,1,523,Squarespace,"JP Motors Marin - Audi, VW, MINI, Honda Repair and Smog inspections",good,,2026-06-22T13:02:13+00:00
643c546a-feac-4a24-b78c-901f630d5a6d,200,0,0,151,,JUDY'S AUTOMOTIVE,weak,,2026-06-22T13:02:13+00:00
be9b0b49-8436-4c94-b0f1-34dc3d8f18ec,0,0,0,105,,,broken,connection failed,2026-06-22T13:02:14+00:00
9b11cbd3-872c-4896-9da4-6f1b295419b0,200,1,1,553,,Hours of Johnny Franklin's Muffler,good,,2026-06-22T13:02:14+00:00
7844155c-688c-4b60-a205-c166c7dbc3af,0,0,0,106,,,broken,connection failed,2026-06-22T13:02:14+00:00
f4a0d011-cafe-4ddd-b6ac-55d8d9121ac5,200,1,1,347,,"Fairfax, CA Auto Repair - Marin Automotive",good,,2026-06-22T13:02:14+00:00
10b05d57-30a5-4822-837f-e3104bbc95bd,200,0,1,207,,,weak,,2026-06-22T13:02:14+00:00
3d6bba47-a934-4949-9d0e-e1f7d6d8cf44,0,0,0,115,,,broken,connection failed,2026-06-22T13:02:14+00:00
c7f1d9af-19b4-4a1d-9a5a-63facd61e724,200,0,1,722,WordPress,"European &amp; Japanese Auto Repair Mill Valley, CA | Mechanic Near Me",weak,,2026-06-22T13:02:14+00:00
7c23daa4-7527-408c-90ef-f746c7e0e15c,404,0,0,317,,Zoho,broken,,2026-06-22T13:02:14+00:00
ad7466b5-dcfe-49bd-b068-01281852865c,200,1,1,783,Joomla,"Home - Oliver Automotive | Novato, CA",good,,2026-06-22T13:02:15+00:00
0527334c-ee68-4f2a-af53-285c22a2d7e0,0,0,0,106,,,broken,connection failed,2026-06-22T13:02:15+00:00
bf69b99d-b637-46be-8e04-6421f5676b97,200,1,1,295,Squarespace,Quattro Care - Audi Service,good,,2026-06-22T13:02:15+00:00
32f2f57c-4c8b-4b17-950c-13cba5f6e475,200,0,1,338,,Account Suspended,weak,,2026-06-22T13:02:15+00:00
381dd117-4ae7-40e8-8128-10efb3ae6771,200,0,0,178,,,weak,,2026-06-22T13:02:16+00:00
f599e12c-9b99-4e6d-b4cd-11e182b6a696,200,1,1,4301,,"Top Rated Auto Repair Contractors for Marin County, CA",weak,,2026-06-22T13:02:16+00:00
1b1fd0de-b3b6-49ee-a3b0-3d1ec20ad3a5,0,0,0,112,,,broken,connection failed,2026-06-22T13:02:16+00:00
6410d038-fb1a-43aa-8798-fa6260ea9116,0,0,0,109,,,broken,connection failed,2026-06-22T13:02:16+00:00
55da4334-454a-4131-9dfd-39b30617c59b,200,0,0,306,,"The Garage - Petaluma, CA (707) 762-0272 Service / Repair: BMW, Mercedes, VW, Volvo",weak,,2026-06-22T13:02:16+00:00
f13e5f11-ec38-4301-a903-db3495433346,0,0,0,42,,,broken,connection failed,2026-06-22T13:02:16+00:00
c6228999-ef2f-4b2c-b247-7d658ec015dc,200,0,0,7295,,,weak,,2026-06-22T13:02:17+00:00
b5824398-98b4-4bbb-abfd-c2c9e43f8e31,0,0,0,110,,,broken,connection failed,2026-06-22T13:02:17+00:00
ea7da700-1b67-4e14-b691-2c49af69ed92,403,1,1,510,,Just a moment...,broken,,2026-06-22T13:02:17+00:00
1c2631fe-0892-4e01-a9e2-c2578245d33c,200,1,1,378,,"C.J. Electric - Electrician | El Verano, CA",good,,2026-06-22T13:02:17+00:00
de6304ac-0662-4804-8ae3-3ac8e76297b6,200,1,1,737,Wix,HOME | deactivate-domain,good,,2026-06-22T13:02:17+00:00
91a80335-8a94-4a2d-bc9c-a5d92e42e062,200,1,1,361,,Peruva Auto Services,good,,2026-06-22T13:02:18+00:00
7be3948c-f0f4-4178-9926-29533179a6e6,200,1,1,1390,GoDaddy,Desserts and Catering - A Piece of Cake &amp; Confections,good,,2026-06-22T13:02:19+00:00
5c1b4889-89d0-4608-8343-31491372cf16,200,1,1,1247,,à¹à¸§à¹à¸à¸«à¸§à¸¢à¸­à¸­à¸à¹à¸¥à¸à¹ à¸«à¸§à¸¢à¸¥à¸²à¸§ à¸à¸¹à¸à¸«à¸§à¸¢88 à¹à¸§à¹à¸à¸à¸£à¸à¸¡à¸²à¸à¸£à¸à¸²à¸ à¸à¹à¸²à¸¢à¸à¸£à¸´à¸ 100%,good,,2026-06-22T13:02:19+00:00
c6374824-c962-4387-8b4b-8c3f4dece490,200,1,1,343,Squarespace,Blooms End,good,,2026-06-22T13:02:19+00:00
06f96b45-ad3d-4fb2-9446-48af67c9ed28,403,1,1,894,,403 - Forbidden,broken,,2026-06-22T13:02:20+00:00
ccba2b10-ff5d-4952-aec7-35c5155b25e3,200,1,1,607,Weebly,Boho Petite | Boho Petite,good,,2026-06-22T13:02:20+00:00
0ca6a9b7-aca4-4be2-a6ab-4ce09af6cddc,0,0,0,15656,,,broken,connection failed,2026-06-22T13:02:20+00:00
e0be0035-5490-4ad8-9757-1724a36c4fd2,0,0,0,105,,,broken,connection failed,2026-06-22T13:02:20+00:00
d49b26bd-5eae-4b84-be66-05c4123cf763,200,1,1,209,Squarespace,Link Tree &mdash; Keith Giusto Bakery Supply,good,,2026-06-22T13:02:20+00:00
c4d159d4-44d4-4483-bf9e-df1e7e1cf90d,200,1,1,353,Weebly,Home | College Confectionista,good,,2026-06-22T13:02:20+00:00
c0050f3b-d178-43cb-b176-cca93014cbf4,200,1,1,416,Shopify,Petaluma Pie Company,good,,2026-06-22T13:02:21+00:00
cdf337e2-e427-4cdc-8bea-0169598d995e,0,0,0,15128,,,broken,timeout,2026-06-22T13:02:21+00:00
f2769290-6ed9-476a-801b-ee6a482ec2bb,200,1,1,672,Shopify,Mama Mel&#39;s Bread,good,,2026-06-22T13:02:21+00:00
7eedba03-d8b9-445b-a620-63df0dc44a87,200,1,1,9078,GoDaddy,Boulevard Automotive,weak,,2026-06-22T13:02:21+00:00
510d1b6d-3380-4f89-9a72-f88c5ce597e0,200,1,1,423,Webflow,Pop Up by Seasonal Kneads,good,,2026-06-22T13:02:21+00:00
d6f51624-1f3e-4d08-b59c-afffb8a8c734,0,0,0,15231,,,broken,connection failed,2026-06-22T13:02:21+00:00
35f1bc50-3068-46f6-b5f5-74c2c47fef13,409,0,1,266,,DNS resolution error | www.sonomacreamery.com | Cloudflare,broken,,2026-06-22T13:02:21+00:00
1edb9b4c-7682-4b89-b3e5-2a3ea8c9b1fe,200,1,1,6637,WordPress,Phil Reilly &amp; Company Vintage Automotive Repair,weak,,2026-06-22T13:02:21+00:00
c2ec2ea0-c722-4a9e-b3b2-68b3b9e75963,200,1,1,401,Squarespace,"Sarmentine | French Artisan Bakery, Pastries, Crepes, &amp; Baking Workshops in Sonoma County",good,,2026-06-22T13:02:21+00:00
1bec4176-9b73-4442-b89b-9b422647c63c,0,0,0,407,,,broken,"ssl: HTTPSConnectionPool(host='simply-strudels.com', port=443): Max retries exceeded with url: / (Caused ",2026-06-22T13:02:21+00:00
d0922873-3f6a-4910-87ab-9afebbe07353,200,0,0,104,,,weak,,2026-06-22T13:02:21+00:00
ecc6d634-611d-472b-bf4d-8fc7e21f9292,200,0,0,251,,,weak,,2026-06-22T13:02:21+00:00
56e38f7d-12f2-41fb-9cfd-7f79ea18e2db,200,1,1,178,,CitySearch - Your local city guide,good,,2026-06-22T13:02:21+00:00
099a7cd8-27c6-4f92-bf37-a697988f8dbb,200,1,1,359,Shopify,"Authentic Italian Biscotti, Crunchy, Not Too Hard, Perfect with Coffee",good,,2026-06-22T13:02:21+00:00
ffeacb61-f751-42d7-880c-eae1c899e221,0,0,0,107,,,broken,connection failed,2026-06-22T13:02:21+00:00
1b6c2dab-a256-444b-952d-87a2976aa0de,202,0,0,271,,,weak,,2026-06-22T13:02:22+00:00
1e7c9286-7355-4990-ad79-f1362d48452f,200,1,1,506,WordPress,Anthony&#039;s Blog - A Blog about Product Advice for Easier and Better Life,good,,2026-06-22T13:02:22+00:00
7ff41490-9301-4686-9681-efe40d80e4a3,200,1,1,716,Wix,Cafe | Stellina Pronto | Petaluma,good,,2026-06-22T13:02:22+00:00
87abd4b8-7e3e-4a25-be8f-6ad44725d50b,200,1,1,828,Weebly,,good,,2026-06-22T13:02:22+00:00
8dd16fac-6e22-4452-8c76-f1bdbac2f2ae,202,1,0,274,,,weak,,2026-06-22T13:02:22+00:00
4e238b19-9ef9-491c-acad-3985b373a244,200,1,1,233,Squarespace,Street..Social,good,,2026-06-22T13:02:22+00:00
aa770607-b1c0-41a3-8936-08386d88ef81,200,1,1,592,Wix,Craft Cocktails | Luma Bar &amp; Eatery | Petaluma,good,,2026-06-22T13:02:22+00:00
d7a57709-f1da-462c-8149-a353434d29b4,200,1,1,550,Squarespace,Red Oak Craft Bar and Rotisserie,good,,2026-06-22T13:02:22+00:00
2a81e4a5-fff3-44bd-b951-0e693013e0ef,200,1,1,313,WordPress,Events &#8211; The Press Democrat,good,,2026-06-22T13:02:22+00:00
482f669a-33a3-41c4-95d9-cc47bfa8b7a7,200,1,1,240,Squarespace,The Washoe House,good,,2026-06-22T13:02:22+00:00
2ac0da8e-3586-49ba-bd5d-08e64340190e,200,1,1,835,WordPress,MOLCAJETES &#8211; Bar &amp; Grill,good,,2026-06-22T13:02:22+00:00
528758f3-e963-46e4-bb0f-66c4eb170190,200,1,1,994,Wix,home | FLOODWATER,good,,2026-06-22T13:02:22+00:00
b3f51e1d-5331-472d-bba4-570167e74c3f,0,0,0,10013,,,broken,connection failed,2026-06-22T13:02:22+00:00
d1e1dd90-1ccf-46f6-8c69-71882dcb9d79,200,1,1,150,Webflow,"Franks Hair Styles, Barber Shop, 238 Magnolia Ave",good,,2026-06-22T13:02:22+00:00
f5989f09-e402-4680-8b6d-36b39a852703,200,1,1,358,,Customer Portal,good,,2026-06-22T13:02:23+00:00
d336edf3-9d5a-40b8-968b-10fcf748bc3f,200,1,1,389,Squarespace,Authentic&#39;s Barber Shop in Petaluma | Men&#39;s Haircuts &amp; Grooming,good,,2026-06-22T13:02:23+00:00
1f9267ed-fbb4-4f51-b780-e384ae208978,200,1,1,375,Squarespace,Barbers Three Plus - Barbers Three Plus,good,,2026-06-22T13:02:23+00:00
d6372bdb-e938-4ded-a1b5-ab0e3d4825e0,200,1,1,572,Squarespace,Westwood | Where Country Meets The Coast,good,,2026-06-22T13:02:23+00:00
aa70347a-2356-4281-b5b4-8c6bf2b51cbf,200,1,1,422,Squarespace,Larkspur Barbershop,good,,2026-06-22T13:02:23+00:00
6e69671b-0039-4637-a429-1d43c8cf560b,200,1,1,423,,MannyG 415-858-4773,good,,2026-06-22T13:02:23+00:00
091f1461-5195-424b-a982-f608c3ba4c4e,0,0,0,200,,,broken,connection failed,2026-06-22T13:02:23+00:00
ffedf0e5-9b20-4da2-b852-fde36d929ed9,200,1,1,429,Webflow,Shavery Barbershop,good,,2026-06-22T13:02:23+00:00
e4f33884-2383-4c95-ba4a-a32842a85474,200,1,0,147,,,weak,,2026-06-22T13:02:23+00:00
b22c515f-022e-4550-a898-f0f5f65bda68,200,1,1,451,Squarespace,We Bring The Bar,good,,2026-06-22T13:02:23+00:00
fed1e068-5703-4e17-b5ba-59af36986d2f,200,1,1,246,Webflow,"All-In-One Salon, Spa &amp; Medspa Software | GlossGenius",good,,2026-06-22T13:02:23+00:00
5431b16f-f24f-453f-83b0-573632eb3b7c,200,1,1,501,,"The Parlor Room | Health &amp; Beauty in San Rafael, CA",good,,2026-06-22T13:02:23+00:00
44b89720-ec45-4266-84c6-06b807fea672,200,1,1,453,,Natalie Damiano Home,good,,2026-06-22T13:02:23+00:00
19090b67-4118-4f37-9679-e6a1c12e8e67,200,1,1,317,Squarespace,AP Luxe Salon,good,,2026-06-22T13:02:23+00:00
25dfc583-e461-4dd6-b2f7-e63f3c71a64e,0,0,0,18,,,broken,connection failed,2026-06-22T13:02:23+00:00
559127d6-ca61-412b-8730-6e431fa91889,0,0,0,38,,,broken,connection failed,2026-06-22T13:02:23+00:00
e3e2294a-2c42-4c7c-ac82-6dec6b9d6cdb,200,1,1,327,Squarespace,"Alexandria Lash Studio | Eyelash Extension Boutique | Petaluma, CA",good,,2026-06-22T13:02:23+00:00
37856099-629a-4037-9ad7-f843869c1c8f,200,1,1,157,Webflow,"Avenue Salon, Beauty Salon, 804 Grant Ave Ste A",good,,2026-06-22T13:02:23+00:00
669e88c0-561e-4df4-8e78-9ab56aa03c37,202,0,0,121,,,weak,,2026-06-22T13:02:23+00:00
77dee634-98e3-4c87-ae7b-5af23544c49d,200,1,1,146,,Pointment,good,,2026-06-22T13:02:23+00:00
9cd79a6b-7236-42a5-beef-208b77938871,200,1,1,330,Squarespace,At First Glantz,good,,2026-06-22T13:02:23+00:00
1cbf8c4e-642c-48bc-9893-161d5eda7550,200,1,1,467,Wix,HOME | Ana Coholan Beauty,good,,2026-06-22T13:02:23+00:00
03076a0e-eee5-48fd-8b0e-c325cb5610f1,200,1,1,412,,Portfolio,good,,2026-06-22T13:02:24+00:00
4bfee5cd-d6d3-46b6-a96c-aa7fdecdf8e4,200,1,1,536,,Webs.com has been shut down: Find out more,good,,2026-06-22T13:02:24+00:00
4567549e-f630-469c-8f53-6e7e4f4f7895,0,0,0,67,,,broken,connection failed,2026-06-22T13:02:24+00:00
6afc4812-e2f2-45d9-9806-851c78bd38df,200,1,1,285,Squarespace,DollFace Laguna | Enhance Your Natural Beauty – Book Now,good,,2026-06-22T13:02:24+00:00
d0ca95ee-3b80-41fa-9a8c-281ce5d8d366,0,0,0,103,,,broken,connection failed,2026-06-22T13:02:24+00:00
416bed85-8d5a-45d7-aa53-939c44869cbb,200,1,1,4167,WordPress,Brickmaiden Breads,weak,,2026-06-22T13:02:24+00:00
6e1733c9-acab-4bc6-8a2e-8efd406ab2b0,0,0,0,104,,,broken,connection failed,2026-06-22T13:02:24+00:00
2b0b17f9-6a1a-43c5-b62b-73fbd522e841,200,1,1,373,Squarespace,Ency Esthetics,good,,2026-06-22T13:02:24+00:00
3ddd7b76-d9ab-4a3e-bd73-bc80a0ef377d,200,1,1,185,Webflow,"Heart and Soul Salon, Beauty Salon, 312 B St",good,,2026-06-22T13:02:24+00:00
b0767b18-a50d-4073-9cdb-299356f84e96,200,1,1,408,,Hair 2000,good,,2026-06-22T13:02:24+00:00
07f7f50b-c6b2-4fab-9f96-e35784fb9b11,202,0,0,229,,,weak,,2026-06-22T13:02:24+00:00
c36495f2-559b-49ef-865e-11f538d6984b,200,1,1,299,GoDaddy,"ILuxe Glo - Beauty, Facials, Body Treatments",good,,2026-06-22T13:02:24+00:00
297cd024-07c1-481b-909f-548a7e9ae4ff,200,1,1,1251,GoDaddy,"Cheveux Studio for hair - Beauty Salon, Hair Salon, Mens Haircuts",good,,2026-06-22T13:02:25+00:00
f283fe49-2d68-491b-b962-0dd85e071fc6,200,1,1,610,,Fuxion: Compra en l&#237;nea,good,,2026-06-22T13:02:25+00:00
ec02196d-160f-4c79-9b7c-efc39cbcace3,200,1,1,1476,,Dukes and Dolls,good,,2026-06-22T13:02:25+00:00
8cc8cf7d-0630-4d40-b968-eda7f5303540,0,0,0,105,,,broken,connection failed,2026-06-22T13:02:25+00:00
fd5d2ad6-c95c-43e5-9e45-321ab917ac02,200,1,1,664,,Marynela Beauty Lounge,good,,2026-06-22T13:02:25+00:00
6ea8da9e-3819-430e-88dd-273b65b0cad5,200,1,1,673,Shopify,Michele Holmes Studio,good,,2026-06-22T13:02:25+00:00
c8004cca-995b-44c3-8f74-ef5a0f8731e5,0,0,0,42,,,broken,connection failed,2026-06-22T13:02:25+00:00
b62ae850-1233-4aa5-9ef0-bfed4e04ba5e,0,0,0,40,,,broken,connection failed,2026-06-22T13:02:25+00:00
ab3d38ab-8c30-4fa6-83e9-67c3df1ca3ad,0,0,0,112,,,broken,connection failed,2026-06-22T13:02:25+00:00
249d2fb7-202b-487c-bd69-90ab90de8cab,200,1,1,595,,New Look Nails(Michelle's of sausalito),good,,2026-06-22T13:02:25+00:00
6f18b918-2174-45f7-88e6-665ec2490464,0,0,0,265,,,broken,connection failed,2026-06-22T13:02:25+00:00
e2fb1661-e905-47bb-9057-ba5732544d41,200,1,1,1711,WordPress,"Booking | Nail Salon 94903 | Fingers and Toes | San Rafael, CA 94903",good,,2026-06-22T13:02:25+00:00
1405c1e6-01bf-42b9-aa1f-79fe4c155873,200,1,1,319,Squarespace,Salon 1026,good,,2026-06-22T13:02:25+00:00
46199bd1-6125-41c4-b383-c52610413a31,200,0,1,9963,WordPress,"S•CAR•GO Racing &#8211; Marin Porsche Service, Performance Tuning, and Race Preparation. We make &#039;em fly.",weak,,2026-06-22T13:02:25+00:00
c0930591-6c74-4f53-b0a3-57af689fdf44,0,0,0,119,,,broken,connection failed,2026-06-22T13:02:26+00:00
69007450-9f0f-420d-a72a-b6bc3dece32e,200,1,1,530,Squarespace,"Purley Sonoma | Clean Hair &amp; Beauty Salon in Sonoma, CA",good,,2026-06-22T13:02:26+00:00
66c8071b-56e2-4d05-8c3f-0c7db51e2689,0,0,0,121,,,broken,connection failed,2026-06-22T13:02:26+00:00
b6b78d98-ff88-42eb-af6d-72e824111eab,200,1,1,452,Squarespace,"Salon DeCota · Hair Color &amp; Styling · San Rafael, CA",good,,2026-06-22T13:02:26+00:00
07c7e92a-b42b-440e-a674-2580e6dea588,200,1,1,904,WordPress,New Image Beauty Salon Inc | Hair stylist &amp; More,good,,2026-06-22T13:02:26+00:00
27790015-b7a4-48fb-bf2d-a939fb6b5697,404,1,1,513,Wix,,broken,,2026-06-22T13:02:26+00:00
5802c18d-592c-4d99-9b3b-cb9f5cacfed6,200,1,1,525,Squarespace,Sweet Soul Beauty Bar,good,,2026-06-22T13:02:26+00:00
d1b66a4e-518b-41dc-b755-d2553f2841b4,403,0,1,153,,Just a moment...,broken,,2026-06-22T13:02:26+00:00
23b2dbce-47a1-485c-bc08-53a9b7e1dba6,200,1,1,644,,"The Beauty Alchemist | Health &amp; Beauty in Novato, CA",good,,2026-06-22T13:02:26+00:00
05c806eb-f417-454e-92c5-f7e668d3591a,200,1,1,1098,Shopify,Salon B San Rafael | Boutique Hair Salon &amp; Storefront,good,,2026-06-22T13:02:26+00:00
8d940f0a-96d8-42c8-9e22-72c972b6d124,200,1,1,213,,17hats,good,,2026-06-22T13:02:26+00:00
29ce33b7-f388-4487-814c-4e7189dfa616,200,1,1,397,Squarespace,"The Moon Room I Clean Hair and Beauty Salon Petaluma, CA.",good,,2026-06-22T13:02:26+00:00
3ab3c936-cb88-4ab7-9c7b-91f9f942419c,200,1,1,278,,"Participating Telehealth Provider | Weiss Orthopaedics: Orthopaedic Surgeon: Sonoma, CA &amp; Northern Marin Novato, CA",good,,2026-06-22T13:02:26+00:00
1d3b993f-e426-40eb-892b-0b59f4e9dfb1,0,0,0,108,,,broken,connection failed,2026-06-22T13:02:26+00:00
ee9efcf0-01c5-4ce2-92c3-57209865aeb4,0,0,0,15079,,,broken,connection failed,2026-06-22T13:02:26+00:00
4c4619fe-74ba-4cde-ba2d-a68f3f4c18a9,0,0,0,103,,,broken,connection failed,2026-06-22T13:02:27+00:00
41348bef-f7ea-4c4b-89d3-d3726940e3a5,200,1,1,404,Squarespace,Whiplash,good,,2026-06-22T13:02:27+00:00
8685c1aa-2ad0-41d4-964d-6d09117ebc90,200,1,1,275,Squarespace,Danehill Manor,good,,2026-06-22T13:02:27+00:00
7af0c29f-ab2e-4ef4-86a9-abdec68f2ef6,200,1,1,640,WordPress,AppleGarden Farm &amp; Cottage | Tomales Lodging | Pt Reyes B&amp;B Inn,good,,2026-06-22T13:02:27+00:00
f159bfda-4b4d-4ad4-b2dd-54238d4884d9,400,1,0,304,,400 Bad Request,broken,,2026-06-22T13:02:27+00:00
df64ce73-c1a7-48af-8d53-53d982f40d7f,0,0,0,15268,,,broken,timeout,2026-06-22T13:02:27+00:00
2783cee7-51f0-4707-b19e-29e0dad353b1,200,1,1,289,Wix,"Angelique Boutique | Women's Fashion | 452 1st Street East, #D, Sonoma, CA, USA",good,,2026-06-22T13:02:27+00:00
c9c05c95-a4ae-421e-b092-b11785e908a3,0,0,0,42,,,broken,connection failed,2026-06-22T13:02:27+00:00
6b42dd72-7445-4bb5-9370-d3c9bec78303,200,1,1,4149,Squarespace,Christina Flach | Celebrity Makeup Artist San Francisco Bay Area,weak,,2026-06-22T13:02:28+00:00
6ecb8cc1-a9c7-4886-a7c1-77742814242d,200,1,1,229,,Bourr&eacute;e Boutique,good,,2026-06-22T13:02:28+00:00
a1607b80-135d-421f-94e7-75db2df1e5ec,200,1,1,2202,,The Color Lounge - Fairfax CA | Vagaro,good,,2026-06-22T13:02:28+00:00
d79aee26-4daf-48dc-b620-01e4757c540d,200,1,1,650,Wix,HOME | bella,good,,2026-06-22T13:02:28+00:00
2c01e14e-7f8c-4ca5-8e3d-3e22946080f8,200,0,0,179,,,weak,,2026-06-22T13:02:28+00:00
43609197-5dad-4b09-ad60-192303226292,200,1,1,458,GoDaddy,"Hello Gorgeous - Ladies Formal Wear, Prom Dresses",good,,2026-06-22T13:02:28+00:00
f7fc8268-3d6e-4bcd-bb12-b074550f2aa9,200,1,1,2454,Wix,"Luxury Hair Salon | The Current Marin | San Anselmo, Marin County, Northern California",good,,2026-06-22T13:02:28+00:00
91af16c1-309b-4e76-a3c8-34ec9c4444b9,200,1,1,171,GoDaddy,Welcome,good,,2026-06-22T13:02:28+00:00
60b9a708-c18c-470e-ae64-883fdf37c769,200,1,1,2034,WordPress,Home - East Brother Light Station,good,,2026-06-22T13:02:29+00:00
e9d60b36-8bb1-45d5-a482-da8f7712c9d3,200,1,1,1732,,"A Charming Lodge in the Heart of Inverness - Houses for Rent in Inverness, California, United States - Airbnb",good,,2026-06-22T13:02:29+00:00
09b21af0-f962-4130-834a-74a71bbdca04,0,0,0,106,,,broken,connection failed,2026-06-22T13:02:29+00:00
22c80ff4-458e-4f01-8bc6-3fdf821cfa49,200,1,1,515,Shopify,Stick &amp; Ball | Sustainable Luxury For the Sporting Lifestyle,good,,2026-06-22T13:02:29+00:00
20d7ab14-ad4c-4450-bd3a-43de217a9df1,403,0,1,108,,Just a moment...,broken,,2026-06-22T13:02:29+00:00
99bfec66-61d9-414c-969c-34a29fa69f69,200,1,1,1101,Shopify,Hubba Hubba Sausalito,good,,2026-06-22T13:02:29+00:00
8078d110-fd7a-409e-9b5e-5f56b11c82bd,200,1,1,1517,Shopify,"Designer Clothing, Fine Jewelry, Shoes, Bags &amp; More &ndash; ELI",good,,2026-06-22T13:02:29+00:00
d99233ac-6711-46a4-aa26-1520027a37e5,200,1,1,585,Shopify,The Edit Shops,good,,2026-06-22T13:02:29+00:00
076c5bab-3209-4243-bada-434119b0ddff,200,1,1,532,Webflow,new home,good,,2026-06-22T13:02:29+00:00
5b3a52df-6899-4da9-bcac-b77b5b8b8aff,0,0,0,15105,,,broken,connection failed,2026-06-22T13:02:29+00:00
3167dd3c-96a6-4334-aca7-d0423c330887,200,1,1,468,Shopify,Hoocha Hard Kombucha,good,,2026-06-22T13:02:29+00:00
d55d4b16-2fe5-48bb-a0cf-40e1f543d191,0,0,0,38,,,broken,connection failed,2026-06-22T13:02:29+00:00
f27ea15d-2413-411c-959d-acc2630e8014,0,0,0,39,,,broken,connection failed,2026-06-22T13:02:29+00:00
9cf69be9-43b9-4f87-872f-76e6d637c13f,200,0,1,3297,WordPress,"Whipped Lash | Boutique Brow &amp; Lash Bar In The Heart Of Mill Valley, CA",weak,,2026-06-22T13:02:30+00:00
9f9dad63-eecc-4741-b224-f048c0e6e818,200,1,1,624,,Acre and Spade | Strategic Advisory,good,,2026-06-22T13:02:30+00:00
0a8eec2c-f53b-40dc-b19d-16785f51cc4c,200,1,1,200,,"Dairy Queen®: Burgers, Blizzard® Treats &amp; More. Happy Tastes Good®",good,,2026-06-22T13:02:30+00:00
c07d3c86-3bbc-4139-89ae-29122414f5bb,0,0,0,102,,,broken,connection failed,2026-06-22T13:02:30+00:00
34fa6dae-ddf9-45dd-963a-cb5d8260c637,200,1,1,1391,Weebly,,good,,2026-06-22T13:02:30+00:00
ea24ac24-7348-4664-bf1e-9c92e90e8adc,404,0,0,389,,,broken,,2026-06-22T13:02:30+00:00
bfe35e5a-974e-47a3-931a-7c13877450d2,200,1,1,229,GoDaddy,FBI Burgers,good,,2026-06-22T13:02:30+00:00
d77b4d37-4f9a-4fdf-bd73-6c958676c688,0,0,0,47,,,broken,connection failed,2026-06-22T13:02:30+00:00
24bc6117-de8f-4d22-87cf-7ea59eace519,200,1,1,282,Squarespace,Cafe Apae,good,,2026-06-22T13:02:30+00:00
4dd591ae-d82b-446b-a8b5-9319e83c9908,200,1,1,3424,WordPress,AppleGarden Farm &amp; Cottage | Tomales Lodging | Pt Reyes B&amp;B Inn,good,,2026-06-22T13:02:30+00:00
52728f8a-3b77-4b54-8a23-c98614982591,0,0,0,107,,,broken,connection failed,2026-06-22T13:02:30+00:00
948b2c97-324b-4f55-b361-bbba883d66b9,0,0,0,108,,,broken,connection failed,2026-06-22T13:02:30+00:00
d5ede691-3d26-430c-9d1e-d6390d32cfed,200,1,1,360,Squarespace,Fox &amp; Kit,good,,2026-06-22T13:02:30+00:00
0b9c75e5-092c-46cd-a4f8-a980b71adcde,200,1,1,3655,WordPress,An Inn To Remember - An Inn To Remember,good,,2026-06-22T13:02:30+00:00
e4e07495-3ec4-4cf1-9b7d-e2615d20195c,200,1,1,88,,"Trailhead | Cafe in Novato, CA",good,,2026-06-22T13:02:30+00:00
bce383e4-659c-4878-8dad-851945b38edd,200,1,1,355,Webflow,Home - Il Parco Cafe Pizza Bar San Francisco,good,,2026-06-22T13:02:30+00:00
05b438e5-33e0-4487-b201-9fabd7d44a35,200,1,1,324,WordPress,"Fairfix Cafe | Local Flavor in Fairfax California - Breakfast, Lunch and Dinner",good,,2026-06-22T13:02:30+00:00
2aae1057-0ba6-49d3-812a-40c7fba64aaa,200,1,1,462,Shopify,Grand Central Petaluma,good,,2026-06-22T13:02:30+00:00
04fa329f-103d-44dd-8c4d-513bfe57cee1,200,0,1,159,,"Hardwood Floors in Marin, Sonoma, Napa, and San Francisco&nbsp; |&nbsp; Install New Hardwood or Refinish Your Existing Floor&nbsp; |&nbsp; Campbell and Company, since 1976",weak,,2026-06-22T13:02:30+00:00
41745b64-b9cd-4a53-82b3-026b85e28119,200,1,1,373,Squarespace,Sour Kid Cafe,good,,2026-06-22T13:02:30+00:00
b2458074-2134-4d43-8eac-05a1ec2e71f7,0,0,0,56,,,broken,connection failed,2026-06-22T13:02:30+00:00
50ac1cd5-ef82-4f70-a857-06b92c865b8d,200,0,1,263,Weebly,Armando's Carpets - Home,weak,,2026-06-22T13:02:30+00:00
e4c2dd50-7cb9-4a20-8045-4c73982058d5,200,1,1,641,Weebly,Home | Kitchen,good,,2026-06-22T13:02:30+00:00
7a4ce7d4-38b9-48a7-8ed2-5e52bd62e6ae,200,1,1,400,Squarespace,Verano Cafe,good,,2026-06-22T13:02:30+00:00
c4cf7aa1-1cf7-46e4-8cff-cdbf75fc953f,403,0,0,558,,,broken,,2026-06-22T13:02:30+00:00
356f8987-1d19-40a1-baea-4cf9d372427a,403,1,1,140,,Just a moment...,broken,,2026-06-22T13:02:30+00:00
17a6b6a8-5e39-4e86-89c1-52f1b54fe1eb,200,1,1,324,Squarespace,Haute Textile Flooring,good,,2026-06-22T13:02:30+00:00
a1a5c7ac-2f89-4e6b-9985-3c394267fd94,200,0,1,2425,Shopify,Perle Sonoma,weak,,2026-06-22T13:02:30+00:00
0fca7ed4-f757-46f3-b95d-c65697bef74c,200,1,1,1488,Wix,Pond Farm Brewing Co. | San Rafael Brewpub,good,,2026-06-22T13:02:31+00:00
3e311e22-8f0e-47d0-ad4d-047b5f1a8424,200,1,1,405,Squarespace,Valley of the Moon Flooring,good,,2026-06-22T13:02:31+00:00
1f33da59-5db1-42a1-b4e7-e000f4ccb22c,200,1,1,724,GoDaddy,FI Flooring &amp; Design,good,,2026-06-22T13:02:31+00:00
0f3a26ef-52dc-433f-9c55-d2000ced5398,200,1,1,351,,Classic Culinaire - Catering & Personal Chef & Event Services,good,,2026-06-22T13:02:31+00:00
6cd14b68-b492-42f8-a5cd-5cc510c33c7a,200,1,1,399,Squarespace,Dee&#39;s Organics,good,,2026-06-22T13:02:31+00:00
2b60caf5-4619-4634-b912-0ebcec4bf582,200,1,1,538,WordPress,Cerri Catering Exceptional Catering Services (415) 299-7483.,good,,2026-06-22T13:02:31+00:00
e7aaf37a-1502-46f3-9f81-a5ce74ca7eee,200,1,1,763,Shopify,Premiere Source of Handmade Rugs in Bay Area &ndash; Istanbul Rug,good,,2026-06-22T13:02:31+00:00
a59c3918-25cd-4a2f-84ca-1f2ce263fbbe,0,0,0,31,,,broken,connection failed,2026-06-22T13:02:31+00:00
10353e7e-2530-4413-b0f8-3bfd844485e8,0,0,0,19,,,broken,connection failed,2026-06-22T13:02:31+00:00
c3ee36e8-8ac4-4ce4-9365-1d3f7c54ab7e,200,1,1,302,Squarespace,"OTL Fine Catering | Petaluma, California",good,,2026-06-22T13:02:31+00:00
a157a813-3d06-4a82-82b7-92ad4da143c5,0,0,0,116,,,broken,connection failed,2026-06-22T13:02:31+00:00
2ac7b9ec-ad5d-4703-b87b-801dfdd92896,0,0,0,102,,,broken,connection failed,2026-06-22T13:02:31+00:00
9fac1e01-b351-424d-9588-02403a8e3db6,200,1,1,680,Wix,Chef Carlo Cavallo Corporate Catering | Napa &amp; Sonoma Valley | Wedding Catering,good,,2026-06-22T13:02:31+00:00
f9d0bbb7-4615-46c8-815d-ad62af16f1b2,200,1,1,944,Squarespace,Carpet Store - San Rafael | Mertel Carpets,good,,2026-06-22T13:02:31+00:00
4f523e4d-f306-4ea1-becd-8d1fde43805e,200,1,1,902,GoDaddy,Belfare,good,,2026-06-22T13:02:31+00:00
6b0439dc-fde2-433d-a9c9-cd65d3fbdc34,200,1,1,309,Shopify,Oso &amp; Me,good,,2026-06-22T13:02:31+00:00
f768de03-ca52-4d82-a8e5-62c71cf2c61f,200,0,0,255,,,weak,,2026-06-22T13:02:31+00:00
f5d86453-a44f-4170-8ba6-877a7d8ed8ba,200,1,1,240,Wix,Hunan Village at Petaluma,good,,2026-06-22T13:02:31+00:00
3a50b1a9-6595-4ead-9c7e-93dea854dbe7,403,1,1,66,,Just a moment...,broken,,2026-06-22T13:02:31+00:00
80c6ebbc-094e-4c7e-a4ff-8a6eb5939917,200,0,0,160,,Redirecting...,weak,,2026-06-22T13:02:31+00:00
b6c42661-50af-4478-9b39-e162ca9df483,200,1,1,198,Webflow,"Ming Yen, Restaurant, 1624 Grant Ave",good,,2026-06-22T13:02:31+00:00
c7f3f1a8-c1d7-4cb1-9176-a111a84a771c,0,0,0,109,,,broken,connection failed,2026-06-22T13:02:31+00:00
4c0b7299-771e-4d65-9c75-edc716259a0f,0,0,0,114,,,broken,connection failed,2026-06-22T13:02:31+00:00
3ec44f4f-679a-41b5-af16-222e8e92dff4,200,1,1,206,WordPress,Atlas Health,good,,2026-06-22T13:02:32+00:00
9a54a911-0aca-4bfc-887b-687d914e9733,200,1,1,369,Squarespace,ATLAS CHIROPRACTIC CENTER,good,,2026-06-22T13:02:32+00:00
464d0c21-4f78-4700-b48d-370cb09504d6,200,1,0,1793,,Flooring in Oakland CA | French Bros. Flooring America,weak,,2026-06-22T13:02:32+00:00
78c7a79c-fcb9-44ce-b4e0-52d1bded8229,0,0,0,1893,,,broken,connection failed,2026-06-22T13:02:32+00:00
fb3c8164-0926-4370-866f-aee2a6db0278,0,0,0,44,,,broken,connection failed,2026-06-22T13:02:32+00:00
a725b9d6-5a53-4343-8126-dc4fe0899c03,200,1,1,456,Squarespace,Cavalla Chiropractic,good,,2026-06-22T13:02:32+00:00
9ccd762f-a187-484e-91f1-a27d5305f259,200,1,1,503,Squarespace,Cavalla Chiropractic,good,,2026-06-22T13:02:32+00:00
3da184e5-e121-429a-b248-1871ebd61410,0,0,0,23,,,broken,connection failed,2026-06-22T13:02:32+00:00
918cb9a1-0f30-47d8-8af2-af6e74c56126,200,1,1,1025,WordPress,Home,good,,2026-06-22T13:02:32+00:00
1b84ca44-cb22-49ac-a420-3c2697c5d707,404,1,1,354,Wix,,broken,,2026-06-22T13:02:32+00:00
71e5f20d-2068-4c64-9ffb-214ac60e532d,200,1,1,444,Squarespace,Cavalla Chiropractic,good,,2026-06-22T13:02:32+00:00
ef1dbd7e-fb27-43e1-948b-90939504d4cb,200,1,1,744,,"Best Chinese in San Rafael, CA | Uncle Wing&#x27;s Restaurant | Order Online",good,,2026-06-22T13:02:32+00:00
15c37fa7-8851-47ae-b6c6-3b38df4002b6,200,1,1,387,Squarespace,Dr. Jesse Morris,good,,2026-06-22T13:02:32+00:00
130c4979-fd24-44d5-b364-aafe6c89023a,200,1,1,329,Squarespace,Lapis Light | Discover Functional Wellness,good,,2026-06-22T13:02:32+00:00
2c79963f-d3f6-4819-99b3-6aa082cf9dd0,0,0,0,115,,,broken,connection failed,2026-06-22T13:02:32+00:00
1c737792-ba4e-43ec-8cb4-3289f97bea38,202,1,0,414,,,weak,,2026-06-22T13:02:32+00:00
c7198ac0-8b23-4eb4-bb65-c9895dffa770,200,1,1,340,Webflow,Chiropractor in Sonoma | Peak Performance &amp; Posture,good,,2026-06-22T13:02:32+00:00
aaccc3fd-8410-490e-9d96-5fab0ca42f0e,200,1,1,601,,"Chiropractor Corte Madera, Marin County CA | Network Wellness Center",good,,2026-06-22T13:02:32+00:00
5e416244-664f-4761-840a-cc25ae3b2dcd,0,0,0,32,,,broken,connection failed,2026-06-22T13:02:33+00:00
361838db-429c-4f15-9766-cec3b756b5d6,200,1,1,274,WordPress,Stabilized Chiropractic - San Rafael - Marin County - Chiropractor,good,,2026-06-22T13:02:33+00:00
7672ab9d-96de-4ed3-8c71-28460ee3481f,200,0,1,1827,WordPress,Sage-Catering | OUR PEOPLE {MAKE} THE FOOD,weak,,2026-06-22T13:02:33+00:00
184871fc-0196-4d27-b69b-59c2aa9d7662,200,1,1,760,Wix,Freund Family Chiropractic | Chiropractor in Marin County | Holistic Health Practitioner,good,,2026-06-22T13:02:33+00:00
afa760aa-3379-4999-a882-86b21266152d,200,1,1,468,,Home | San Rafael Auto Accident Injury Chiropractic Clinic | San Rafael Auto Accident Injury Chiropractic Center,good,,2026-06-22T13:02:33+00:00
5843abbf-959a-44a6-b3b3-204d4bf7d504,200,1,1,477,WordPress,Dr. Victoria Moore – No Limits To Your Health and Success,good,,2026-06-22T13:02:33+00:00
1b4a05f8-9fb5-41a8-8bc2-8d3a1c456e16,200,0,0,127,,,weak,,2026-06-22T13:02:33+00:00
8196c48e-6ec3-41bc-ad3a-d7da86239c19,200,1,1,398,Squarespace,TOPO CHIROPRACTIC,good,,2026-06-22T13:02:33+00:00
9d5adfbc-287e-4d58-a800-4bc4da210fe9,200,1,1,890,,Petaluma Chiropractor Chiropractic Petaluma California Chiropractors CA 94954,good,,2026-06-22T13:02:33+00:00
ea83cc2d-5e4f-409b-8d4d-947394e6fd67,0,0,0,103,,,broken,connection failed,2026-06-22T13:02:33+00:00
2822f78a-9aca-4573-ba61-1ae82828b5ef,200,1,1,981,,"Marin Family Chiropractic | Premier Chiropractic Care in Corte Madera, CA",good,,2026-06-22T13:02:33+00:00
d3f5c67a-2ed7-471c-97bd-20419c6feb95,401,1,1,294,Squarespace,Private Site,broken,,2026-06-22T13:02:33+00:00
90517414-bba3-4e6f-a8de-9c5cbe91249c,200,1,1,384,Squarespace,ThriVia Chiropractic and Natural Health,good,,2026-06-22T13:02:33+00:00
fec69dea-b499-4d3f-a9af-0b410a190075,200,1,1,356,Squarespace,Dr. Jesse Morris,good,,2026-06-22T13:02:33+00:00
0a51404d-6366-40bd-850b-652a1bb89bb3,200,1,1,199,Shopify,Halfpint Sonoma,good,,2026-06-22T13:02:33+00:00
997a265f-0a4f-4f4b-9d49-7ba43b873f74,200,1,1,253,Squarespace,Good Gray,good,,2026-06-22T13:02:33+00:00
06cf5297-86a6-4df6-bec6-0710f15b5594,200,1,1,312,,XOXO CAKE NIGHT | Partiful,good,,2026-06-22T13:02:33+00:00
1cb67bf4-2aa9-4c9d-9f19-2dcc7db8c7e6,0,0,0,118,,,broken,connection failed,2026-06-22T13:02:33+00:00
d72bbd90-9b6a-4396-88d2-c1dab7d0816a,200,1,1,309,Shopify,Indigo Attire &ndash; IndigoAttire,good,,2026-06-22T13:02:33+00:00
27707fa1-70b5-4f78-9cc9-a2c6c1eafd76,404,1,0,260,,404 - Page not found,broken,,2026-06-22T13:02:33+00:00
c355d340-a505-42c8-a290-d5d8af57326c,0,0,0,26,,,broken,connection failed,2026-06-22T13:02:33+00:00
d461b8b7-6675-4eb9-ada4-2d1836c0b6ca,200,1,1,579,Shopify,Safe clothing for humans with allergies and sensitive bodies &ndash; Cottonique - Allergy-free Apparel,good,,2026-06-22T13:02:33+00:00
c45695eb-8cac-44b3-8ac4-f02a0ceb03e1,200,1,1,381,GoDaddy,Vintage Native American Western Hawaiian - Lonesome Cowboy Ranch,good,,2026-06-22T13:02:33+00:00
25300813-e4d4-4c02-82aa-26a8e7014d18,200,1,1,617,Wix,Home | Buck Lucky,good,,2026-06-22T13:02:33+00:00
50208ad1-bd05-4665-a4a9-5c33c0709197,530,0,1,88,,Origin DNS error | www.restaurants.sananselmo.ypeek.com | Cloudflare,broken,,2026-06-22T13:02:33+00:00
659df6ed-0dc8-4fb6-a0bf-df9bbe05926e,403,1,1,60,,Just a moment...,broken,,2026-06-22T13:02:33+00:00
f8f3931e-6d53-474f-82cb-e54595ad2750,200,1,1,166,Webflow,"Nave&amp;#39;s Bar &amp;amp; Grill, Cocktail Lounge, 20 Bolinas Rd",good,,2026-06-22T13:02:34+00:00
e439fe1b-44ad-447b-8b4c-b25269672a8f,403,1,1,355,,Just a moment...,broken,,2026-06-22T13:02:34+00:00
316efcb1-989a-45af-9d36-d64c5eb4aab3,200,1,1,583,Shopify,Fennell,good,,2026-06-22T13:02:34+00:00
225a7174-67a2-412b-8681-c56f5bd7e343,200,0,1,535,,"国产麻豆91精品,久久精品高清,久久精品免费电影,日韩高清国产精品,99精品视频免费全部在线,久久福利视频一区二区,在线国产视频网站,99久久国产免费看,国产在线精品一区在线观看麻豆",weak,,2026-06-22T13:02:34+00:00
47c2692a-fbf3-4046-ac41-1653ddd10284,200,1,1,589,Shopify,"Nomad Chic..Concept store apparel, jewelry, furniture &amp; home accessory",good,,2026-06-22T13:02:34+00:00
7473ed1d-a272-4b69-88db-4303a30a0b7c,200,1,1,2512,WordPress,8 Daftar Game Slot Gacor Online Terbesar &amp; Terpercaya - jennielow.com,good,,2026-06-22T13:02:34+00:00
2a007d55-5e70-4153-a219-7a75c0f106c5,200,1,1,518,,"Exclusive Vago Mezcal Tasting with Ambassador Dave Osbourne Tickets, Sunday, April 28, 2024 • 2 PM - 3:45 PM | Eventbrite",good,,2026-06-22T13:02:34+00:00
b22a643b-5258-4127-b83e-f4031f34b8fa,200,1,1,335,Shopify,Equator Coffees | Specialty Coffee Roaster | Order Coffee Online,good,,2026-06-22T13:02:34+00:00
0a993350-ba2c-48a6-bacf-89e052f972dd,200,1,1,684,Shopify,VISIONS,good,,2026-06-22T13:02:34+00:00
0b5a8dca-a5a9-4dad-938e-c12b651a4c69,0,0,0,110,,,broken,connection failed,2026-06-22T13:02:34+00:00
0f53dae4-ff63-4365-a6ab-b0fddb37f7ac,404,1,1,364,Squarespace,Sonoma Farm Tots,broken,,2026-06-22T13:02:34+00:00
98935219-1ef6-4c6d-8a29-bd80e2e7f33e,200,1,1,347,Shopify,Green Beans Coffee,good,,2026-06-22T13:02:34+00:00
13b1ca72-477d-40b6-baf4-96653469d43b,200,1,1,255,Wix,Home | Mysite,good,,2026-06-22T13:02:34+00:00
b2854d41-35e4-4c93-b5d9-b41f60c58ad5,200,1,1,450,Squarespace,Firehouse Coffee &amp; Tea,good,,2026-06-22T13:02:34+00:00
c0cd85df-e9d5-4a15-9ca4-e3e095036399,200,1,1,373,Squarespace,Kamson Coffee,good,,2026-06-22T13:02:34+00:00
a83017da-816b-4bb2-a57f-c48dd0bd8e55,200,1,1,684,Wix,"Visit Caffeine Inc. | Artisan Pastries Near Me | Handcrafted Coffee | Petaluma, CA",good,,2026-06-22T13:02:34+00:00
1523c2aa-b2a1-4167-b927-388538627392,200,1,1,686,WordPress,Launch Your Coffee Roasting Business: Your Path to Success,good,,2026-06-22T13:02:34+00:00
199081bc-790d-4e22-95a1-9b0041563d26,200,1,1,407,Squarespace,PINK OWL COFFEE,good,,2026-06-22T13:02:34+00:00
5c187444-a1d6-47ee-96dc-a4821775abb6,200,1,1,278,Shopify,Smastad Coffee Roasters - BDR,good,,2026-06-22T13:02:34+00:00
8803263a-487a-4410-bd76-2e9d3dc89d49,200,1,1,463,GoDaddy,"Pump Espresso Bar &#8211; Less depresso, more espresso",good,,2026-06-22T13:02:34+00:00
2c5dabef-aa69-4a39-8cf9-b18e3d930035,200,1,1,425,Squarespace,Shoreline Coffee Shop,good,,2026-06-22T13:02:34+00:00
10aec20e-f6ba-4739-a150-c547387e6c7f,200,1,1,323,,"San Anselmo-Fairfax News, Breaking News in San Anselmo-Fairfax, CA",good,,2026-06-22T13:02:34+00:00
957c8921-3554-41aa-a713-2a05a9899f82,200,1,1,598,Shopify,Ethically Grown Quality Coffee & Brewing Equipment | Red Whale Coffee,good,,2026-06-22T13:02:35+00:00
ca752f77-b902-466d-95c4-d4ba9b5bfeca,200,1,1,349,,"Trusted Contractors in Petaluma, San Rafael &amp; Sonoma, CA",good,,2026-06-22T13:02:35+00:00
52982e9d-485d-4bdc-851a-5d8c3547f826,200,1,1,259,WordPress,"Gannon Construction - General Contractor serving Marin, Sonoma, Napa, and San Francisco",good,,2026-06-22T13:02:35+00:00
81c3d9a5-b599-41d5-a4b3-39634460902d,200,1,1,381,Squarespace,"Eames Construction, Inc.",good,,2026-06-22T13:02:35+00:00
e4610c4e-fb4d-4580-a65f-f56467ad6bed,202,0,0,238,,,weak,,2026-06-22T13:02:35+00:00
cb232449-5236-4f67-90ee-12bdbf2ffa2b,200,1,1,460,,Building Contractor | Get Free Quote Today â Call Now!,good,,2026-06-22T13:02:35+00:00
4cfbbfe1-da7b-4a43-b2be-30f19471603c,0,0,0,10,,,broken,connection failed,2026-06-22T13:02:35+00:00
eece8772-5ee3-4567-be78-1c051cdf7524,200,1,0,653,,,weak,,2026-06-22T13:02:35+00:00
a484a612-2b0d-4f57-9778-80a81eb6476d,202,1,0,177,,,weak,,2026-06-22T13:02:35+00:00
192486c9-bdf4-4530-9d17-2c569b9f8181,202,1,0,341,,,weak,,2026-06-22T13:02:35+00:00
ebd8396b-4c8d-4b3b-9c71-9b0dd39a3857,200,1,1,299,WordPress,Bay Area Foundation Drilling - Rise Drilling,good,,2026-06-22T13:02:35+00:00
30148ce8-5014-492d-8746-e7d1a0a91b9b,200,1,1,196,WordPress,Leos Construction | Happy Builders,good,,2026-06-22T13:02:35+00:00
804600a1-0783-4b2c-bc9d-14d7d274d0ed,200,1,1,11905,GoDaddy,Home,weak,,2026-06-22T13:02:35+00:00
1f0d749f-ab98-4fb3-b71a-d79a33e207cf,200,1,1,3515,WordPress,New Patient Special | Chiropractor Petaluma CA,good,,2026-06-22T13:02:35+00:00
21595a6a-0c21-4834-bfff-d4c73792609b,200,1,1,2137,WordPress,Speakeasy Bar | Cocktails &amp; Live Music | Mac’s at 19 Broadway,good,,2026-06-22T13:02:35+00:00
764db6ff-4430-4014-8a8c-b339350bf004,200,0,1,142,Squarespace,New Dimension Builders - Residential &amp; Commercial Construction,weak,,2026-06-22T13:02:35+00:00
ccd77913-e604-4bbc-9564-1b9cf16566e1,200,1,1,642,WordPress,"IConstruction - General Contractor, Residential structural and foundation repair and stabilization San Rafael and Marin County CA",good,,2026-06-22T13:02:35+00:00
54ca2a3c-9920-4f0e-9ae6-5d84bfd02ac4,200,1,1,97,,Checking your browser before redirecting.,good,,2026-06-22T13:02:35+00:00
41731389-c9ea-44cf-ba19-b3dafd1d1eb2,200,1,1,408,,"Maldonado Jessy Construction | Kitchen &amp; Bath Remodeling | Marin, Sonoma, Napa",good,,2026-06-22T13:02:36+00:00
e701165c-f63e-417b-b132-3590499fe113,200,1,1,152,,"Licensed Remodeling Contractors | Terranova Construction | San Rafael &amp; San Francisco, CA",good,,2026-06-22T13:02:36+00:00
4aa99562-1baf-45ed-87da-1e16489ff08e,200,0,1,218,,Marin General Contractor | Rigo Fernandez Co.,weak,,2026-06-22T13:02:36+00:00
e7a8bd4e-0738-4e47-9121-bf28b96b7791,200,1,1,472,Squarespace,Merz Bros Construction,good,,2026-06-22T13:02:36+00:00
fcb3915d-ab38-4930-bbb5-7a29277876ad,200,1,1,230,Squarespace,Architect-Led Builder | Design-Build Homes California | SpireBuilt,good,,2026-06-22T13:02:36+00:00
97bf7e61-016b-4a62-ab74-75e3c6d9fe3e,200,1,0,201,,,weak,,2026-06-22T13:02:36+00:00
c9de952e-5932-41ee-a1c1-149e07d60e10,404,0,0,184,Squarespace,Squarespace - Website Expired,broken,,2026-06-22T13:02:36+00:00
fc3e26ea-8633-45c3-84ee-50052e7ff0a7,200,1,1,1200,Wix,"HOME | Gubbins Building Company, Inc.",good,,2026-06-22T13:02:36+00:00
b4b35335-c0aa-4be1-a371-d111ea30c935,200,1,1,1602,,Luxury General Contractor in Marin &amp; Sonoma County | ConstruBay,good,,2026-06-22T13:02:36+00:00
cacd98eb-61c2-431c-b983-c260d8845270,200,1,1,683,,Bay Area Construction Companies with Inclusion | RSP Group,good,,2026-06-22T13:02:36+00:00
aed09406-94ef-439e-8a4b-8eea467eeda1,200,0,0,301,,,weak,,2026-06-22T13:02:36+00:00
2d756512-04b3-4822-93de-ca87fe8ab0d7,200,1,1,631,Wix,Home Builders | Vonnegut Thoreau | Bay Area,good,,2026-06-22T13:02:36+00:00
6b4ce580-ef74-485d-b2b7-5f3c4a9e12ec,200,1,1,216,Squarespace,"Hachman Construction, Inc.",good,,2026-06-22T13:02:36+00:00
de1c2e69-f1c2-449a-8fbe-bb5ef24ececd,200,0,1,286,,"ISTANA338 Official | Portal Informasi Digital, Teknologi dan Hiburan 2026",weak,,2026-06-22T13:02:36+00:00
c7c57d59-b75c-4822-92eb-1cae675e4a6b,403,1,1,42,,Just a moment... | Better Business Bureau®,broken,,2026-06-22T13:02:36+00:00
01cecd03-b481-45cf-9892-34d2223a72ae,0,0,0,28,,,broken,connection failed,2026-06-22T13:02:36+00:00
7e9f424e-6329-4fcb-9688-9b14598a868a,200,1,1,311,WordPress,Bay Area Custom Remodeling &amp; Construction | Greenport,good,,2026-06-22T13:02:36+00:00
0488365d-4e22-4189-970a-0bffaa98d949,0,0,0,124,,,broken,connection failed,2026-06-22T13:02:36+00:00
3a3c00c8-de6a-4cd3-b3c8-ae023e4a679d,200,0,0,252,GoDaddy,Home,weak,,2026-06-22T13:02:36+00:00
aa984d81-be8f-45c0-9a48-fd16ad3bf319,200,1,1,861,,Homepage Sanitary District No. 5 of Marin County,good,,2026-06-22T13:02:36+00:00
1df7ab56-fd25-42e4-8fa9-33595f2381aa,200,1,1,1754,WordPress,golden,good,,2026-06-22T13:02:36+00:00
0f9c9879-fe9a-4842-8d3a-a5ca498a32b0,200,1,1,203,Webflow,"Marin Master Builders, Builder, 133 Gregory Dr",good,,2026-06-22T13:02:36+00:00
15c94d9e-7949-4024-9551-12de0ebdee32,200,0,0,178,,"design build, Max Design & Construction The Bay Area (Northern California), CA Home",weak,,2026-06-22T13:02:36+00:00
79e838c2-d986-4c41-8210-82e425b40dab,200,1,1,45,,Checking your browser before redirecting.,good,,2026-06-22T13:02:36+00:00
e0322da0-6047-496e-8466-220f4c55f0b6,526,1,1,140,,nbbmaintenance.com | 526: Invalid SSL certificate,broken,,2026-06-22T13:02:36+00:00
11c7a6d5-f58d-4b61-9f33-e85b21ad052d,0,0,0,156,,,broken,connection failed,2026-06-22T13:02:36+00:00
5a7e417a-13b9-4d20-b380-6e1461e3e888,200,1,1,962,,Advance Concrete,good,,2026-06-22T13:02:37+00:00
37a4506a-a870-451a-9f33-6c784329498c,200,0,0,187,Weebly,Paris Construction Service - Welcome,weak,,2026-06-22T13:02:37+00:00
354344e0-8e7f-4ce3-996b-53167a1212b7,200,1,1,831,Wix,Commercial Shoring &amp; Foundation Experts | San Francisco Bay Area | Golden Gate Shoring,good,,2026-06-22T13:02:37+00:00
d82c1153-b3bb-4ce9-aca4-e9cb4a404674,200,1,1,389,Squarespace,O2 Treehouse,good,,2026-06-22T13:02:37+00:00
e034622e-3d29-4038-8f89-c1dff420aa2d,200,1,1,448,Squarespace,Millennial Development | Build Your Dream Today - Contact Us,good,,2026-06-22T13:02:37+00:00
83c3b8e4-f075-421a-953d-c8706bcfa81c,200,1,1,79,Shopify,Beauty Store | Natural Skincare - Beauty Heroes,good,,2026-06-22T13:02:37+00:00
55aa13f2-61f2-415e-bad2-4746b89a7d9f,200,1,1,356,GoDaddy,Robison Construction,good,,2026-06-22T13:02:37+00:00
4f1dce5c-e50a-4cc1-accd-a8295705c898,200,1,1,400,Squarespace,Redwood Builders,good,,2026-06-22T13:02:37+00:00
035af0e7-86d1-4939-aeb6-033ca47b691b,200,1,1,2575,WordPress,Buzzer9 | Buzzer9,good,,2026-06-22T13:02:37+00:00
f488cb82-0c70-4666-87dd-2f1782e9601e,0,0,0,30,,,broken,connection failed,2026-06-22T13:02:37+00:00
8f7d6d8b-d6a8-4c18-9b2c-9e99eadc1b3d,200,1,1,438,,"Affordable Drywall &amp; Insulation – Novato, CA – Robert",good,,2026-06-22T13:02:37+00:00
5fa008e8-a59c-47aa-9467-1ea1dae7b9c2,200,1,1,735,,"Make It Right Construction | Home Remodeling, Additions &amp; Custom Decks – Bay Area",good,,2026-06-22T13:02:37+00:00
4eea7d71-2668-49ea-aa9c-76d26ae77da0,0,0,0,199,,,broken,connection failed,2026-06-22T13:02:37+00:00
23a589ef-4d29-42b3-9daf-61eec98eed79,0,0,0,38,,,broken,connection failed,2026-06-22T13:02:37+00:00
292f32e3-9c55-4669-b694-aa2208773ccc,200,0,1,393,,,weak,,2026-06-22T13:02:37+00:00
8808b269-56f9-4e1a-8c78-58d7b473cc60,200,1,1,542,Squarespace,Salamandra Associates,good,,2026-06-22T13:02:37+00:00
1b8c1ce2-758e-4cb2-a1fd-76c88611a51f,200,0,1,177,WordPress,Perani Law &#8211; Criminal Defense Attorney San Francisco,weak,,2026-06-22T13:02:37+00:00
5d05c3a0-0e06-47ca-aabc-cf97f2936e50,200,1,1,173,,Checking your browser before redirecting.,good,,2026-06-22T13:02:37+00:00
9cf8aafe-7e0c-4a96-adff-5acf8fee0e53,200,1,1,398,,"Dr Denys Kovalchuk,DDS - Mill Valley general and cosmetic dentistry",good,,2026-06-22T13:02:37+00:00
55ce318f-bbfd-46de-9e32-62113a5c0a5e,200,1,1,1692,WordPress,General Contractor San Francisco | BIC Construction,good,,2026-06-22T13:02:37+00:00
7b4c0375-c014-4d3a-a8db-0a312ce619b6,0,0,0,108,,,broken,connection failed,2026-06-22T13:02:37+00:00
4f941726-266a-492b-8e8b-ae1e055e1a92,200,1,1,246,Drupal,Affordable Home Daycare Newborn Infants & Toddlers Novato| Best Friends Daycare Novato,good,,2026-06-22T13:02:37+00:00
a63a1002-c4ca-4888-b540-71ab82da8253,404,1,1,189,Wix,,broken,,2026-06-22T13:02:37+00:00
e17a1048-7360-40ce-80b4-1f348c1747f1,200,1,1,615,,"Dentist in Corte Madera CA, Family and Cosmetic Dentistry 94925",good,,2026-06-22T13:02:38+00:00
fc1d6159-1893-4849-a024-c696aa68a06a,200,1,1,294,,Mary Angel&#x27;s Daycare,good,,2026-06-22T13:02:38+00:00
076b5827-9c1d-4c5a-a04a-ff7fe4a72258,403,0,1,762,,403 - Forbidden,broken,,2026-06-22T13:02:38+00:00
ac62459a-aec0-4f18-8183-226207ce5762,0,0,0,13,,,broken,connection failed,2026-06-22T13:02:38+00:00
61d1dc62-cd23-48ff-a233-08083d049459,0,0,0,201,,,broken,connection failed,2026-06-22T13:02:38+00:00
47f97cb2-96da-447b-bd12-f24b322422da,200,1,1,918,WordPress,"Criminal Defense Attorney in San Rafael, Marin County, CA | Kevin Heaney Law",good,,2026-06-22T13:02:38+00:00
9ee5bad1-5684-4bb6-9ecf-4c835bf07762,200,1,1,1088,,"Martine Langsam, IAT, WTS | Virtue Labs",good,,2026-06-22T13:02:38+00:00
40502a8e-652e-41ad-8cfb-0121349b3155,200,1,1,592,Wix,Home | Amy natural spa,good,,2026-06-22T13:02:38+00:00
7bd8bb96-ddb0-49fe-8499-ec5beb2d0b77,200,1,1,449,,"Best Jewish Deli &amp; Pastrami Sandwiches in Marina SF | Super Mensch | Jewish Delicatessen | San Francisco, CA",good,,2026-06-22T13:02:38+00:00
faac0e03-a64a-4661-aea3-f35d9a43d94e,200,1,1,494,Webflow,"Zee's Deli Wine & Spirits Kentfield CA, Kentfield, CA",good,,2026-06-22T13:02:38+00:00
30d46626-8d4a-477e-88d3-50fad597920f,200,1,1,358,,Dental Intelligence Booking,good,,2026-06-22T13:02:38+00:00
2a33d2d1-32a4-4228-a9d8-de47c588589c,200,1,1,748,WordPress,"Dr. Alex Frade, DDS - Dentist In San Rafael",good,,2026-06-22T13:02:39+00:00
bcda859e-0d8c-436f-bcb2-739c23682dec,200,0,0,395,,"Sausalito, Dentist, Dr. Laurence Brownstein, Complete Health Centered Dentistry",weak,,2026-06-22T13:02:39+00:00
2eefd5c3-af2e-42fd-a935-03ce19c49e34,200,1,1,520,,"Dentist Petaluma, CA | Cosmetic Dentistry | Bob Koenitzer, DDS",good,,2026-06-22T13:02:39+00:00
974b4a0a-70db-4f12-9217-26f81ced564a,0,0,0,110,,,broken,connection failed,2026-06-22T13:02:39+00:00
2fdaad79-110b-44cf-9147-8bd37398d860,200,1,1,1676,WordPress,Daycare in California | The Wiggins Family Daycare,good,,2026-06-22T13:02:39+00:00
9d8a4185-a545-4b95-ba87-45c93f4b126b,200,1,1,524,Wix,Busy Bee Dental,good,,2026-06-22T13:02:39+00:00
bdb90cca-78cc-45b9-a537-ebbe687bd5e8,200,0,1,283,Squarespace,Garrett Family Dentistry,weak,,2026-06-22T13:02:39+00:00
6dba3079-8c5a-4810-8399-007f3fff88b0,200,1,1,1622,,"The Vineburg Market 997 Napa Rd, Sonoma, CA 95476 - superpages.com",good,,2026-06-22T13:02:39+00:00
c5c7a014-1779-47a2-856a-54354d59b3fa,403,0,0,527,,,broken,,2026-06-22T13:02:39+00:00
6bff31ba-3ffb-477b-a522-792f5065cac0,200,1,1,292,Squarespace,DAL Dentistry,good,,2026-06-22T13:02:39+00:00
34cb1d38-4378-4ebf-aeea-1709409a2258,200,1,1,254,GoDaddy,Comprehensive Dental Care by Drs. Rajiv Anand and Alex Schmotter,good,,2026-06-22T13:02:40+00:00
cc6c9f93-fce5-4ef7-80b5-fa9e41a310c6,0,0,0,41,,,broken,connection failed,2026-06-22T13:02:40+00:00
9bec1d4a-5a80-43db-9b18-34eeefd6d48a,202,0,0,100,,,weak,,2026-06-22T13:02:40+00:00
39a14712-7813-4793-b4b9-e5c8c6e0df8d,200,1,1,563,Wix,"David Epstein, DDS | Full Dental Implant Specialist | Novato, Marin County, California, United States",good,,2026-06-22T13:02:40+00:00
6a467372-3b0b-43ff-b6cb-57b8cf91e64e,404,1,0,467,,Site Unavailable,broken,,2026-06-22T13:02:40+00:00
1ccc24de-9fa6-48c9-8b19-23e9f995209d,200,1,1,2663,Wix,LJ's Deli | Marin's Favorite Since 1969,good,,2026-06-22T13:02:40+00:00
e920cb96-c759-49ca-848c-aaf171640b30,0,0,0,40,,,broken,connection failed,2026-06-22T13:02:40+00:00
0fe5c644-c1d3-470d-99a6-6cc947bf2afd,200,1,1,2278,WordPress,"Personalized Dentist in Mill Valley, CA | Anthony Leite, DDS",good,,2026-06-22T13:02:40+00:00
a07c56d1-c579-439a-84e6-e80a28bee537,200,1,1,527,,"Dr. Gavros' Office | Belvedere Tibrn, CA",good,,2026-06-22T13:02:40+00:00
501073a2-f7c1-456b-80df-adf388e5a0ca,200,1,1,391,WordPress,Mount Tam Dental Care &#8211; Marin’s Choice for Family Dentistry,good,,2026-06-22T13:02:41+00:00
3460a53b-609d-41c3-8179-7b4f25112030,200,1,1,143,,"Dentist San Rafael, CA | Lanphier Family Dentistry",good,,2026-06-22T13:02:41+00:00
88ec1345-fcef-40b7-a61c-d3c5c2766614,200,1,1,1417,WordPress,Home - Corte Madera Dental,good,,2026-06-22T13:02:41+00:00
477af0ee-2e28-4b44-a154-6288a36dd13a,200,0,0,704,,乐鱼页面在线登录-乐鱼（中国）,weak,,2026-06-22T13:02:41+00:00
2a03c2b9-5fd0-4bf2-b93c-ccdcafd9adb7,200,1,1,296,WordPress,"N San Anselmo CA, Noah Dehlinger, DDS & Lauren Baumgartner, DMD",good,,2026-06-22T13:02:41+00:00
00008f29-7ba9-438b-aad5-1922c7f61c76,200,1,1,4247,,Greenbrae Dentist | Dr. Glara Yi DDS | Cosmetic Dentistry Greenbrae CA 94904,weak,,2026-06-22T13:02:41+00:00
6d45ad8a-ed61-4633-bcc9-5dc1c5f44b23,200,1,1,153,WordPress,Dental Practice | Magnolia Family Dentistry | Larkspur CA,good,,2026-06-22T13:02:41+00:00
1f468a5d-139d-4888-911b-266dabd86f82,0,0,0,110,,,broken,connection failed,2026-06-22T13:02:41+00:00
a544443f-3b16-4da2-a214-0b8144462005,200,1,1,1008,,Jennifer Brooks DMD,good,,2026-06-22T13:02:41+00:00
c5848b4f-bdc1-4ccb-b2a2-dd44d001c4b8,200,1,1,287,GoDaddy,Marin Dental Implant Center,good,,2026-06-22T13:02:41+00:00
2fba33d7-1642-4b52-8552-5ba59adcb506,200,1,1,126,WordPress,Dentist Mill Valley CA | Restorative Dentistry | Dentist Marin | Dr Abrams | Dentist in Mill Valley | Mill Valley Dentist,good,,2026-06-22T13:02:42+00:00
96373602-9e58-4d1b-bd4e-4c527a480578,200,1,1,2070,Wix,"Dentistry of Fairfax | General dentist in Marin County | 1620 Sir Francis Drake Boulevard, Fairfax, CA, USA",good,,2026-06-22T13:02:42+00:00
3f425ae0-2af4-4ffe-ad85-3d3d6f6b5d9b,200,1,1,317,WordPress,NorthBay Modern Dentistry &#8211; We will treat you like family!,good,,2026-06-22T13:02:42+00:00
4741aa84-2f84-494f-ac79-6bdb73c0c660,200,1,1,337,WordPress,Dentist Petaluma CA - Whole Family Dental Care | North Bay Smiles,good,,2026-06-22T13:02:42+00:00
2985ad8d-0418-47d8-acd4-df39fdc1f92a,200,1,1,510,,"Mill Valley, CA Dentist",good,,2026-06-22T13:02:42+00:00
58b15b17-7ddb-4d74-8af2-2c52f31066d5,200,1,1,234,WordPress,"O&#039;Connor Dental Office &#8211; O&#039;Connor Dental Office in San Rafael, CA",good,,2026-06-22T13:02:42+00:00
1af93ba7-9819-4818-936a-f2432e035ff0,200,1,1,4986,WordPress,Marin County Best Kids Care,weak,,2026-06-22T13:02:42+00:00
24d1c5fd-9517-4a73-9238-0f1cde9d3f88,0,0,0,29,,,broken,connection failed,2026-06-22T13:02:42+00:00
3f460850-294f-42de-b4e5-b5f777f8927b,202,0,0,151,,,weak,,2026-06-22T13:02:42+00:00
f5919528-9112-427a-9a31-a9695390ef96,200,1,1,465,,Marin Smiles &mdash; Paul Schafer DDS,good,,2026-06-22T13:02:42+00:00
748ee95d-c6ad-4a6e-8b0d-a6709142c37d,200,1,1,298,WordPress,Petaluma Valley Dental | Dentist &amp; Dental Implants | California,good,,2026-06-22T13:02:42+00:00
9bec3776-0d79-4f14-a61f-c35f0058e2d0,200,1,1,1828,WordPress,Luma Dental Health &#8211; Petaluma Dentist and Dental Clinic,good,,2026-06-22T13:02:43+00:00
8777badb-6d70-4920-9749-052dd54039eb,200,1,1,1127,WordPress,Home - The Smiling Turtle Pediatric Dentistry,good,,2026-06-22T13:02:43+00:00
daa5cd96-1204-4fe5-8057-d5cf31114f33,200,1,1,797,,"Home | San Anselmo, CA | Marin Health and Smiles",good,,2026-06-22T13:02:43+00:00
75e6c51d-8251-45c6-bdf3-4df976afc699,500,1,1,6714,WordPress,WordPress &rsaquo; Error,broken,,2026-06-22T13:02:43+00:00
dc35659d-bc7b-49d9-9d74-4c1385ff1f26,200,1,1,389,,"San Rafael, CA Dentist - Terra Linda Dental Group - General Dentist",good,,2026-06-22T13:02:43+00:00
64d60c88-2604-4b84-8112-d974a0971d90,200,1,1,2160,WordPress,"Marin Contemporary Periodontics Marin County : Periodontist San Rafael, CA",good,,2026-06-22T13:02:43+00:00
1e5c4e41-e0c5-480a-ac35-05d4a489927d,200,1,1,1130,WordPress,Ross Valley Dental,good,,2026-06-22T13:02:43+00:00
e22958f9-a29b-4c80-88d5-eee0b27c7969,200,0,1,273,,Vivan Broadway DDS,weak,,2026-06-22T13:02:43+00:00
97056714-8e8e-405c-af78-bc7b08022d84,200,1,1,598,Shopify,Griffo Distillery - Award winning spirits in Sonoma County,good,,2026-06-22T13:02:44+00:00
16434e97-5f11-4c01-9fba-745afbd58b97,0,0,0,996,,,broken,connection failed,2026-06-22T13:02:44+00:00
14299766-c8c2-4e68-b3e1-1319477d55cc,200,1,1,588,,Best American Restaurant in Novato | The Boardroom Novato,good,,2026-06-22T13:02:45+00:00
8205da94-e446-4af9-8bcc-2c6bb0a2176c,200,0,0,3878,,,weak,,2026-06-22T13:02:45+00:00
8554935d-c51f-4049-ba03-3fa67ce6cff3,200,1,1,468,,My State Bar Profile :: The State Bar of California,good,,2026-06-22T13:02:45+00:00
6e419b07-0782-4e56-a503-003bb7ae4b26,200,1,1,450,,Home | Heyde Family Law,good,,2026-06-22T13:02:45+00:00
430a28d4-9da3-4ee4-8f13-456c9fc3944a,200,1,1,2040,WordPress,HOME 1 - Lightning Spirits LLC.,good,,2026-06-22T13:02:45+00:00
4d2c02f9-065f-4602-94e2-eb26b35c11c0,200,1,1,8357,GoDaddy,PIXIE NURSERY SCHOOL,weak,,2026-06-22T13:02:46+00:00
d5ed8e78-800b-4e5f-b194-9d88e6d6f5b4,200,1,1,240,WordPress,Home - Law Office of Jackie L. Martens,good,,2026-06-22T13:02:46+00:00
8a142042-e73e-4358-984e-30cdafc68efa,200,1,1,3493,WordPress,"Dentist in San Rafael, CA 94901 | San Rafael Dentistry | Dental Implants Near Me",good,,2026-06-22T13:02:46+00:00
50a6cf4d-5691-4ca0-b446-e3d40df12b7a,200,1,1,220,Weebly,MARY'S ANGELS DOG TRAINING - Home,good,,2026-06-22T13:02:46+00:00
0a61e94d-3d0b-4648-a088-2abfd6f1aabb,202,0,0,257,,,weak,,2026-06-22T13:02:46+00:00
a04689cb-a7d0-4576-8b08-506104bea7e9,200,1,1,284,GoDaddy,Walks &amp; Wags,good,,2026-06-22T13:02:47+00:00
91a70db7-7c06-4daf-9e81-f4640679c104,200,1,1,1180,Wix,"kw happy dogs, dog trainer Marin County, CA, Kirsten Wojcik, specializing in aggression",good,,2026-06-22T13:02:47+00:00
80d773ea-bb64-44ff-ac82-8eb211ea778f,200,1,1,1829,WordPress,San Rafael Divorce &amp; Family Law Attorney,good,,2026-06-22T13:02:47+00:00
2d455abf-abe4-4464-a7c0-921d7acda29c,403,1,1,87,,Just a moment...,broken,,2026-06-22T13:02:47+00:00
02c71b73-2343-4283-b474-9019ac7a3297,0,0,0,10,,,broken,connection failed,2026-06-22T13:02:47+00:00
2570eccc-648a-4ffe-9d57-fa2fc05f38e0,200,1,1,3634,,Moylan&#039;s Whisky &amp; Stillwater Spirits - Moylan's Distilling,good,,2026-06-22T13:02:47+00:00
3951917a-fe60-40fe-93dc-95a00b029e53,0,0,0,114,,,broken,connection failed,2026-06-22T13:02:47+00:00
960d9900-d54a-4b13-b3e5-f61c10fe9c89,200,1,1,1643,WordPress,Rachel Castrejon Family Law,good,,2026-06-22T13:02:47+00:00
3b21554b-f56a-4d9c-9d1d-5ef4ccafd7c8,0,0,0,125,,,broken,connection failed,2026-06-22T13:02:47+00:00
3824ad04-2055-4e1c-a96f-c1fb855f085a,200,0,1,753,,cheryl&#x27;s driving school,weak,,2026-06-22T13:02:47+00:00
d3d51227-7cd7-4c73-b02f-9419d09ea10d,200,1,1,1747,WordPress,Professional Dog Training | Puppy &amp; Obedience Programs,good,,2026-06-22T13:02:47+00:00
95a3501e-fa3e-446b-8a7e-c1598a005151,200,1,1,227,GoDaddy,"Marche Restaurant in Ross, California",good,,2026-06-22T13:02:48+00:00
c2792798-7887-4acf-a005-570391ed165b,200,1,1,555,,"Sonoma Electrician | Residential Electrical, Commercial, Industrial",good,,2026-06-22T13:02:48+00:00
5b0168a4-835c-4046-86ee-8b2671c94ff6,200,1,1,844,,Maxwell Village Cleaners,good,,2026-06-22T13:02:48+00:00
2229e334-3e84-4973-a41a-688a54bc2e22,200,1,1,217,Wix,"Butterflute's Wedding Chapel | affordable wedding venues near me | 2350 Marinship Way, Bldg. E-11, Sausalito Shipyard, Sausalito, CA, USA",good,,2026-06-22T13:02:48+00:00
cd660de2-d3ee-4d31-9868-5185a5f80daa,404,1,1,228,Wix,,broken,,2026-06-22T13:02:48+00:00
dd1be5a2-7c64-4615-a697-8b70f3b9fb41,200,1,1,4722,WordPress,Barber Lee Spirits,weak,,2026-06-22T13:02:48+00:00
76358742-4bfc-4e61-aa05-0a7f67e9f805,200,1,1,459,Squarespace,"Petaluma Event/Party Venue - Hall of the Above | Sonoma County | Community Event Venue | Petaluma, CA",good,,2026-06-22T13:02:48+00:00
3bc42888-30d8-4691-b2a8-fa36143ab717,200,1,1,3966,WordPress,"Family Law Attorney in Novato, Marin County, CA | Castro Law Offices, P.C.",good,,2026-06-22T13:02:48+00:00
e1d1bf9c-4b87-48b8-bea5-3f05046f38e9,200,1,1,304,GoDaddy,Awakened Foods | The Best Better-For-You Brands,good,,2026-06-22T13:02:48+00:00
c5192dac-1da0-4562-a964-9f706b39e06d,200,0,0,192,,,weak,,2026-06-22T13:02:48+00:00
46e67a4b-0a67-4c8e-9389-a84bb6c36872,200,1,1,214,Squarespace,Maysonnave House,good,,2026-06-22T13:02:48+00:00
fa0801a9-15d3-4683-a81a-eb9f5467ff6f,200,1,1,498,Squarespace,Just Jayne Events,good,,2026-06-22T13:02:49+00:00
63627234-c45e-4a3e-94a3-50a341d0a0ee,0,0,0,15120,,,broken,connection failed,2026-06-22T13:02:49+00:00
3bf52ffb-cdd6-4856-8cbb-4086c6386583,200,1,1,1526,WordPress,"SENTE ELECTRIC &#8211; Powering Your World, One Connection at a Time",good,,2026-06-22T13:02:49+00:00
b87f6732-6abf-4cef-bf29-e65ff703a628,404,1,0,172,Squarespace,Squarespace - Website Expired,broken,,2026-06-22T13:02:49+00:00
8049cd3c-3d90-4732-a8df-66279f4beb01,200,1,1,289,Squarespace,The Haven at Tomales | West Marin Natural Farm,good,,2026-06-22T13:02:49+00:00
baf75db2-e362-4511-8684-dffac3d56dea,200,1,1,8477,,"Welcome | Larkspur, CA | Judy L. Husen, DDS",weak,,2026-06-22T13:02:49+00:00
b0a93b2a-1dd3-4922-86ce-4fa79365d0ed,200,1,1,248,Squarespace,"the indie alley | coworking space | event space | fairfax, ca",good,,2026-06-22T13:02:49+00:00
ad6564a2-d1fb-4bdf-9377-87a6d3168090,200,1,1,259,WordPress,"Events from June 12, 2025 &#8211; December 18, 2025 &#8250; Cooking Class &#8250; | The Key Room",good,,2026-06-22T13:02:49+00:00
772a61ed-95cc-4d87-b193-4badbc8f5214,200,1,1,182,Squarespace,CR Functional Fitness,good,,2026-06-22T13:02:49+00:00
b9244a23-6d2c-462d-8311-5849326b6e96,200,1,1,222,Squarespace,"VenturePad - Coworking Office Space, Meeting Center &amp; Event Venue",good,,2026-06-22T13:02:49+00:00
994184a9-4417-44f5-804c-e5c4987d2177,200,1,1,656,Wix,Rosewood Events LLC Petaluma,good,,2026-06-22T13:02:49+00:00
69595ccc-af0d-4655-ae93-ae5b3ef3dada,403,1,1,77,,Just a moment...,broken,,2026-06-22T13:02:49+00:00
6c81896f-1444-4c48-8368-bcda25c8bb81,200,1,1,492,GoDaddy,The Seminary at Strawberry,good,,2026-06-22T13:02:49+00:00
71f7785b-3ff8-452a-bba7-6f68e3988bec,202,0,0,167,,,weak,,2026-06-22T13:02:49+00:00
720eed06-4ccd-4f44-9c1f-f3a3096a0fdd,200,0,1,473,,Jerson Rodriguez | Personal Trainer Marin County Since 1997,weak,,2026-06-22T13:02:49+00:00
44881c58-db36-4dad-9b22-576db7fac790,200,0,1,547,,Machado Bros Inc | Excavation Services | Petaluma,weak,,2026-06-22T13:02:49+00:00
8e095757-783f-4418-ac86-56118f93ec5d,200,1,1,285,,Best Florist In California | Bloome Babe,good,,2026-06-22T13:02:49+00:00
caea954e-728a-47c3-acd4-d449a1df4ad4,200,1,1,1779,WordPress,EEG,good,,2026-06-22T13:02:49+00:00
6e1890f6-6781-4a85-b1c2-a459a1804b86,200,0,0,89,,This site is under development,weak,,2026-06-22T13:02:50+00:00
ab7313d5-fc4c-4b39-9ede-c353335b3a62,0,0,0,25,,,broken,connection failed,2026-06-22T13:02:50+00:00
55638b5f-2676-404b-af0b-77e7842da7ca,200,1,1,1312,WordPress,Connect with Us &#x2d; Marin SBDC,good,,2026-06-22T13:02:50+00:00
97c74b29-48e6-4c48-ad22-f027486f72fd,200,1,1,428,Squarespace,Changing Seasons Novato,good,,2026-06-22T13:02:50+00:00
73f0d57a-85f6-4019-8c63-b47cb233dabc,402,1,1,288,Shopify,Store unavailable,broken,,2026-06-22T13:02:50+00:00
703acbb2-2416-4d46-8c7e-6d590986655e,200,1,1,587,GoDaddy,Au Thentic,good,,2026-06-22T13:02:50+00:00
15838a06-9dc1-4348-9d9c-c4b8993032c8,200,1,1,2321,WordPress,Restroom Trailer Rentals - Basin and Loo,good,,2026-06-22T13:02:50+00:00
585d3970-f0c5-4ffe-ab3d-120a51472fcc,200,1,1,343,WordPress,French Florist: Premier Floral Boutique. Same Day Delivery.,good,,2026-06-22T13:02:50+00:00
de9766d6-0dc4-44ab-83e6-1a2db07bab86,200,1,1,2621,WordPress,"Home - Brown &amp; Delzell, LLP",good,,2026-06-22T13:02:50+00:00
bafb3c8f-66fa-4d66-a503-66f0d4d7552a,200,0,0,126,,"Marisa's Fantasia | Christmas Fantasia | fine gift and holiday decor shops in Petaluma, California",weak,,2026-06-22T13:02:50+00:00
e5669e28-44bb-4c5a-8e76-b1165450571d,200,0,0,171,,,weak,,2026-06-22T13:02:50+00:00
c1895e7b-5714-4d31-b196-01a18797c493,200,1,1,393,Squarespace,Jolt Gifts,good,,2026-06-22T13:02:50+00:00
3c94dcf1-aced-442c-aa7b-7a4bf80a9354,200,1,1,454,GoDaddy,HOME,good,,2026-06-22T13:02:50+00:00
39d58552-3bc5-4538-9865-18f4a26951ca,404,0,0,183,,,broken,,2026-06-22T13:02:50+00:00
27f7ff64-0b5c-4a54-aa08-0c9a75a2b868,200,1,1,852,Shopify,Floralounge | Fresh Flower Delivery &amp; Luxury Bouquets,good,,2026-06-22T13:02:50+00:00
6ad278a9-280f-4e05-8c06-3dce2616358a,200,1,1,641,GoDaddy,Buy lexianas.com – Premium Expired .com Domain on GoDaddy | ExpiredDomains.com,good,,2026-06-22T13:02:50+00:00
9c5bdcbe-8c1f-4e28-9de4-1069b89b6812,200,1,1,269,Squarespace,Petaluma floral,good,,2026-06-22T13:02:50+00:00
8204499d-65ca-4287-ae10-f4ee12e8108a,200,1,1,617,Weebly,mystic art shop | MYSTIC,good,,2026-06-22T13:02:50+00:00
f1ed3523-3ce8-4faf-aee4-ce57c34baa55,200,1,1,394,Squarespace,PoppyStone Floral Design - Wedding Florist in Napa California,good,,2026-06-22T13:02:50+00:00
27193f8d-aa71-4a28-8c2e-6c3edd673e5e,200,1,1,769,GoDaddy,"Crystals and Spiritual Gifts in Novato and Marin - Novato, California",good,,2026-06-22T13:02:51+00:00
28f37f3a-0e6c-4da8-889b-ddb536fde2ab,404,1,0,574,Squarespace,Squarespace - Website Expired,broken,,2026-06-22T13:02:51+00:00
c2739149-214c-45de-a4b8-ff3906d3e6d1,200,0,1,269,,Coming Soon,weak,,2026-06-22T13:02:51+00:00
0f0a07ee-1c0b-4a01-bc3d-c19d1cba355b,0,0,0,44,,,broken,connection failed,2026-06-22T13:02:51+00:00
6ba2486e-4571-4b3d-8e08-318a509abd9e,200,1,1,1263,Shopify,About Us &ndash; GuatemalaGifts,good,,2026-06-22T13:02:51+00:00
fcf7ca33-dba3-4f9f-a345-2769c3b5c074,200,1,1,874,Weebly,Home | Marmalade Sky Floral Design,good,,2026-06-22T13:02:51+00:00
1e304271-1138-4631-b21f-c29e497b46aa,200,1,1,798,,Florist Larkspur CA | Local Flower Delivery | Royal Fleur,good,,2026-06-22T13:02:51+00:00
edf0bbff-7871-42b4-94f0-a2234b961ecd,200,1,1,717,Shopify,Sacred Tide,good,,2026-06-22T13:02:51+00:00
5d2f3be9-0c85-4da7-b941-671f9c8a40c0,404,1,0,508,Shopify,This store is unavailable,broken,,2026-06-22T13:02:51+00:00
c7e8e303-9ee7-4db2-804a-399f98b7251d,200,1,1,524,Squarespace,The San Anselmo Rose,good,,2026-06-22T13:02:51+00:00
23f194e8-951a-4de6-a38e-173e18bdc2b8,200,1,1,625,Shopify,Sustainable Exchange: Eco-Essentials &amp; Refillery,good,,2026-06-22T13:02:51+00:00
4150688d-f574-4ddd-a999-9d55546e050e,403,1,1,92,,Just a moment...,broken,,2026-06-22T13:02:51+00:00
bba52da6-b781-4e42-b30a-6e2d65405716,200,1,1,434,Wix,Whisha Coffee Distributors | grocery store coffee delivery,good,,2026-06-22T13:02:51+00:00
78f03d20-bae1-49cf-b625-6ee726eb7faf,200,1,1,80,,SANTE - Restaurant in Sonoma,good,,2026-06-22T13:02:51+00:00
6220a564-6e15-46c9-a948-ce3d93f92c64,200,1,1,544,GoDaddy,Marin-Sonoma Produce,good,,2026-06-22T13:02:51+00:00
f9c4a7da-12bb-40f7-91dc-317a1681714d,200,1,1,938,Shopify,Eco wrapped branded and Personalized Cookie favors and promo products &ndash; SuperLove Cookies and Gifts,good,,2026-06-22T13:02:51+00:00
fdc13971-5f0e-487f-8a3d-a2a610c467fa,0,0,0,38,,,broken,connection failed,2026-06-22T13:02:51+00:00
4809b4db-8871-48e6-83cb-342ac6255492,202,1,0,304,,,weak,,2026-06-22T13:02:51+00:00
23c5f1c2-7f99-48d7-b200-2233a2315f02,404,0,0,293,,,broken,,2026-06-22T13:02:51+00:00
e85f5db6-b7ab-4851-b6c4-7ed00bbee653,403,1,0,170,,Access Denied,broken,,2026-06-22T13:02:51+00:00
8a978fc5-30a6-48d0-9380-bac7b2403b9a,200,1,1,260,,"Eurø Style Furniture - The Right Design, The Right Price",good,,2026-06-22T13:02:52+00:00
3247ada8-14d1-4a26-9cd0-677243112b77,200,1,1,338,Squarespace,Custom Furniture &amp; Sustainable Design - Madera Furniture,good,,2026-06-22T13:02:52+00:00
0fd7ae03-a89e-4709-9579-d51a9964f72f,200,0,1,1965,WordPress,"Palmgren&#039;s Engravables &amp; The Petaluma Store | One historic building, two great stores!",weak,,2026-06-22T13:02:52+00:00
01134483-0fd2-4fdc-9c8f-c10217555124,200,1,1,696,Shopify,Cetohome,good,,2026-06-22T13:02:52+00:00
05bd4967-6704-4f00-bad7-063dc2936f45,200,1,1,1177,Shopify,Bay Area Food Delivery - Meals Delivered by Jessie &amp; Laurent,good,,2026-06-22T13:02:52+00:00
6af7f0f3-a4ad-490c-9246-58b6c581c9bb,200,1,1,735,Wix,Home | core audio design Specialty Furniture for the Audiophile,good,,2026-06-22T13:02:52+00:00
35b83b0a-3c3a-4b5d-9864-599cbe719ac8,200,1,1,1037,Weebly,Home | My Site,good,,2026-06-22T13:02:52+00:00
fccb9ad9-c377-4379-9b6a-c1d669b2403a,0,0,0,108,,,broken,connection failed,2026-06-22T13:02:52+00:00
ba60a84a-a9bf-4158-a4be-1e81814f496e,200,1,1,617,WordPress,Custom Wallbeds San Francisco Bay | Hand Crafted Wallbeds CA,good,,2026-06-22T13:02:52+00:00
06c12837-0ddf-44a3-8b28-5da70a691c2f,0,0,0,170,,,broken,"ssl: HTTPSConnectionPool(host='reocart.com', port=443): Max retries exceeded with url: / (Caused by SSLEr",2026-06-22T13:02:52+00:00
1d632d2d-23de-450e-ab66-1e0f292bc8af,0,0,0,161,,,broken,"ssl: HTTPSConnectionPool(host='www.thewarehousemillvalley.com', port=443): Max retries exceeded with url:",2026-06-22T13:02:52+00:00
84c7c57c-bbc2-4e6a-bfad-290d192d32de,200,1,1,543,Shopify,Organic Erotic,good,,2026-06-22T13:02:52+00:00
1526cce1-5ab2-4f50-80ab-e899d33ade93,200,1,1,171,GoDaddy,"eSSa Studios - Custom Cabinets, Furniture, and Upholstery",good,,2026-06-22T13:02:52+00:00
ab2ad46f-7f84-4f63-913c-6d11dd465aba,200,1,1,429,Shopify,"Prevalent Projects: Modern Furniture Store | Mill Valley, CA",good,,2026-06-22T13:02:52+00:00
9300a158-1e53-461a-bc14-fa1d07dc0f67,401,1,1,485,Squarespace,Westpark &mdash; Secure,broken,,2026-06-22T13:02:52+00:00
188d7414-6384-4963-941d-ef2f91b39141,200,1,1,493,Squarespace,Joinery,good,,2026-06-22T13:02:53+00:00
e79b7b5c-4d55-4f67-9488-b974fd180fac,200,1,1,334,WordPress,"Greenbrae Dental Center - Comprehensive Dental Care in Greenbrae, California",good,,2026-06-22T13:02:53+00:00
b3c4471d-6c8f-44c4-91fe-8912db02474e,200,1,1,161,WordPress,Dentist in San Rafael,good,,2026-06-22T13:02:53+00:00
03a22ed0-2940-49f0-8337-a8d87be2ab8f,200,1,0,531,,,weak,,2026-06-22T13:02:53+00:00
41e38e15-caa9-4b6c-8b7a-d5d8b4dd38ef,200,1,1,568,Squarespace,PUBLIC HOUSE MARIN | Visit for Community &amp; Cuisine,good,,2026-06-22T13:02:53+00:00
4828b10b-4268-480d-8ef5-930532d050a3,0,0,0,45,,,broken,connection failed,2026-06-22T13:02:53+00:00
64ddbaf5-73e2-494b-b6f6-c7ff69b0634c,200,1,1,283,Squarespace,Kirby Yee DDS,good,,2026-06-22T13:02:53+00:00
a5d42b04-1e54-4ecc-9cc9-e13a971328c5,200,1,1,208,GoDaddy,MarinDentalWellness.com is for sale | HugeDomains,good,,2026-06-22T13:02:53+00:00
7eee4c8a-7825-4985-9f34-6a951d8dcf74,200,1,1,424,Wix,Petaluma Dentist | Permalla Dental Care | Green Dentist | cosmetic dentist | 855 Lakeville St Ste 101 Petaluma California 94952,good,,2026-06-22T13:02:53+00:00
1d923afd-63ff-4946-bfac-373708f8da42,200,1,1,2525,WordPress,"Local Spicery | Fresh, All-Natural Spices | Locally Milled",good,,2026-06-22T13:02:53+00:00
30c19c12-b8c2-40eb-8947-e1aa3c0cfd36,200,1,1,194,,"Family Dentist in San Anselmo, CA | San Anselmo Family Dentistry",good,,2026-06-22T13:02:54+00:00
9802eee3-e7b0-4e50-93d4-d523ba348e7c,200,1,1,691,WordPress,Neal Patel Dental &#8211; Professional Dental Services,good,,2026-06-22T13:02:54+00:00
6b90c6cc-11b2-4a9f-81d2-ea61da34d450,200,1,1,1634,WordPress,"Pub Republic - Local, Organic, Fresh",good,,2026-06-22T13:02:54+00:00
be315a2b-419e-4712-a44e-c251722e3b23,200,1,1,1521,WordPress,"Home | Jason Sherman, DDS, FAGD and Katelyn Du, DDS, FAGD",good,,2026-06-22T13:02:54+00:00
a7470cd4-d107-4336-9078-c7674da8191f,200,1,1,405,,Crafting Beautiful Smiles in Sonoma | Sonoma Springs Dental,good,,2026-06-22T13:02:54+00:00
e5cae06a-8f08-4955-8c63-baeedabc932a,0,0,0,39,,,broken,connection failed,2026-06-22T13:02:54+00:00
3c300a8e-3cfb-4d3b-b24a-8a2ff3a8af17,404,1,0,1283,,Page Not Found,broken,,2026-06-22T13:02:54+00:00
732929c0-ced9-4395-a053-4ffd3e19664f,0,0,0,15215,,,broken,timeout,2026-06-22T13:02:54+00:00
88c1a468-bc07-49e1-bad1-59b157402c58,200,1,1,486,Shopify,"Rare Coin Dealer, Jewelry Buyers &amp; Appraisals | Marin County, CA &ndash; Alex &amp; Son Coins",good,,2026-06-22T13:02:54+00:00
776ff664-26c2-4fd3-a7c6-ef90eeb60d25,200,0,1,212,,,weak,,2026-06-22T13:02:54+00:00
289398dd-95b4-4f2c-aa38-3753fd9bd212,0,0,0,34,,,broken,connection failed,2026-06-22T13:02:54+00:00
8e3c36d9-8a54-4e12-bda5-e9f0c8223559,200,1,1,760,WordPress,"Dentist in Santa Rosa, CA | Santa Fe Dental Group",good,,2026-06-22T13:02:54+00:00
f57c8da3-cd6b-476e-98ad-2f0e9807b7b8,0,0,0,8,,,broken,connection failed,2026-06-22T13:02:54+00:00
9e469feb-3ee8-491f-bebd-f9ff781a41a1,200,0,1,300,Squarespace,Lela Shields,weak,,2026-06-22T13:02:54+00:00
dc93db85-a4e7-4f1f-9952-f5f9236b30c6,200,1,1,1623,,"Novato, CA Dentist | Myron Donesky, DDS., Inc. | General Dentistry in Novato",good,,2026-06-22T13:02:54+00:00
46443a7a-3821-403a-b273-4d841b9bbde1,202,0,0,140,,,weak,,2026-06-22T13:02:54+00:00
89ce9d05-2e91-459d-ba0a-80ab8b87a4b6,200,0,1,2476,WordPress,beyondglory,weak,,2026-06-22T13:02:54+00:00
f55c583f-210d-407c-b77f-14f7928d3480,0,0,0,130,,,broken,connection failed,2026-06-22T13:02:55+00:00
bea9579b-0ce7-467e-833f-ab59b1b9bec5,200,1,1,220,Webflow,"CrossFit 7 x 7 | CrossFit Gym in San Francisco, CA",good,,2026-06-22T13:02:55+00:00
1239244d-ccd0-44c6-a3ee-d345a6f145fb,200,1,1,334,WordPress,Home - Body Kinetics - Marin County Gyms,good,,2026-06-22T13:02:55+00:00
7d993fec-553d-4a9c-bbf9-9fed825c5331,200,1,1,583,Squarespace,Achieve Performance Training and Coaching | Unlock Your Cycling Potential Today,good,,2026-06-22T13:02:55+00:00
d2512c15-71c6-4914-bb3c-a395908c0631,200,1,1,499,,"Tight Core, Slim Waist 👙",good,,2026-06-22T13:02:55+00:00
264f8632-e4b7-4033-a93d-7eebe8d305a2,200,1,1,392,Squarespace,"Collective Barre | Join, Learn, Transform | Novato, California",good,,2026-06-22T13:02:55+00:00
6d65c86f-8208-4839-ad45-4268bc900f8f,200,1,1,2839,Wix,HOME | THE WORKROOM INTERIORS,good,,2026-06-22T13:02:55+00:00
fbfe9a83-44fd-49c4-a8e6-a0bd48922119,0,0,0,104,,,broken,connection failed,2026-06-22T13:02:55+00:00
d8ba14b3-ea5f-4eee-994d-855d367c32a8,404,1,1,215,Wix,,broken,,2026-06-22T13:02:55+00:00
2bbff0aa-32c2-4989-befe-eee08285e9e8,0,0,0,30,,,broken,connection failed,2026-06-22T13:02:55+00:00
b1bd0e3b-4172-4aa1-b072-49080920506f,200,1,1,478,WordPress,Personal Trainer | Ellis Fitness Studio | Downtown Fairfax CA,good,,2026-06-22T13:02:55+00:00
1aa5bc31-ca8a-45cf-9478-6147cd0b2bcb,404,1,0,362,Squarespace,Squarespace - Website Expired,broken,,2026-06-22T13:02:55+00:00
dd7c7559-5778-4ceb-8d3f-b1169d8ac105,200,1,1,430,Wix,HOME | Luma Fitness,good,,2026-06-22T13:02:55+00:00
6f042f95-6ede-4df2-975c-2ea471a319e3,200,1,1,737,Shopify,Danny Valencia Fitness,good,,2026-06-22T13:02:55+00:00
18cf8d00-e7bb-48a1-b63a-42b00b6ef855,200,1,1,682,Webflow,"FITLAB Strong - Fairfax, CA - Novato, CA -Group Fitness - Personal Trainers - Functional Training - Boutique Fitness - Yoga",good,,2026-06-22T13:02:55+00:00
cab763c4-62d6-4a10-b8c8-397773df0308,200,1,1,143,WordPress,Group Strength Sessions &#8211; Old School Strength,good,,2026-06-22T13:02:55+00:00
e2c4153c-75a8-4868-bed4-8de6f51bb503,200,1,1,597,GoDaddy,Self Defense Classes at Krav Maga Revolution,good,,2026-06-22T13:02:55+00:00
dec54522-ef4e-4feb-80bd-7fcde8d14b51,200,1,1,422,Wix,Fitness Classes | Petaluma | North Bay Strength &amp; Conditioning,good,,2026-06-22T13:02:55+00:00
fbbe4dc0-e9f1-4d4a-a140-1f6c7ad7657e,200,1,1,339,GoDaddy,Comprehensive Pilates Teacher Training Program.,good,,2026-06-22T13:02:56+00:00
95fc745c-0236-4f5f-ae1b-6e793a3dd928,200,1,1,392,Squarespace,Padma Studio Marin,good,,2026-06-22T13:02:56+00:00
ffaa1d40-37a2-46d2-879f-a8d432378801,0,0,0,258,,,broken,connection failed,2026-06-22T13:02:56+00:00
ac1532f3-e2ca-4c03-a8c7-0dd2ce484e6e,0,0,0,250,,,broken,connection failed,2026-06-22T13:02:56+00:00
69a8ed88-37f5-4a67-a508-a63107e58794,404,1,0,372,,Not Found,broken,,2026-06-22T13:02:56+00:00
7eb26d79-84f9-496c-9625-b3824cb1c378,200,1,1,1059,WordPress,"Youthful Hearts &#8211; Body, Mind, Spirit Fitness Classes For Boomers 50+ and Seniors",good,,2026-06-22T13:02:56+00:00
f2664182-bcf2-425b-80c3-96cb195ad18d,0,0,0,118,,,broken,connection failed,2026-06-22T13:02:56+00:00
25c6e3b1-0947-4e29-9a09-39a56972d0a0,0,0,0,116,,,broken,connection failed,2026-06-22T13:02:56+00:00
f4d6eaaf-b183-4d13-9e29-997f92b48b7f,403,1,1,72,,Just a moment...,broken,,2026-06-22T13:02:56+00:00
0567af91-5318-4618-a6af-10b9c6b7abd9,200,1,1,620,Webflow,Sonoma Training | Group + Personal Training Gym in Sonoma,good,,2026-06-22T13:02:56+00:00
a08f0bb4-0e7f-4127-99f2-102af06cc246,200,1,1,452,WordPress,San Rafael Marin Crossfit - Tamalpais Crossfit and Olympic Weightlifting,good,,2026-06-22T13:02:56+00:00
4e04e053-b5ca-4feb-baba-07763a9b1330,0,0,0,119,,,broken,connection failed,2026-06-22T13:02:56+00:00
24fd1163-f0bb-4833-97fe-d07b4022577a,200,1,1,561,Squarespace,Taylor&#39;s House of Karate,good,,2026-06-22T13:02:56+00:00
7c1e6866-2fe7-4abe-ad95-db1aae901887,0,0,0,11,,,broken,connection failed,2026-06-22T13:02:56+00:00
884d3130-a982-4295-988f-eda90d19eeb4,200,1,1,703,Wix,Gym | Mill Valley | Strength Den | Personal Trainer,good,,2026-06-22T13:02:56+00:00
a0b9584c-d722-41e9-8cdc-8e518186ca36,200,1,1,160,Webflow,A&amp;T Salon,good,,2026-06-22T13:02:56+00:00
89bb5130-9560-40af-a7cc-8cacc0069041,200,1,1,292,Squarespace,Permanent Hair Removal in Bay Area | Shine Electrolysis,good,,2026-06-22T13:02:56+00:00
ed7bf630-b8b4-41be-969c-f5889e6ef744,200,1,1,810,WordPress,The Dailey Method - Barre Fitness,good,,2026-06-22T13:02:57+00:00
495bef26-daad-4227-9a5b-11640dddc729,0,0,0,26,,,broken,connection failed,2026-06-22T13:02:57+00:00
9d59bb21-777b-496d-9995-25c596c7043e,200,1,1,586,Wix,Enroll Here | f-d-gymnastics,good,,2026-06-22T13:02:57+00:00
0fcf18a0-5300-424b-8002-4a70b4290ffb,200,1,1,1078,WordPress,TJ&#039;s Gym - The Best Gym Near Me In Corte Madera,good,,2026-06-22T13:02:57+00:00
8ee35a5d-1d83-46fa-8cd8-89459bdfb0e3,200,1,1,282,Squarespace,ADORE HAIRDRESSING | Book Your Curl Consultation Today,good,,2026-06-22T13:02:57+00:00
7a9189da-c696-4b06-b493-0f6550a4b005,200,1,1,281,Wix,Home | Alba Salon,good,,2026-06-22T13:02:57+00:00
7aa931fe-dae0-4e64-aab1-a96a71361284,200,1,1,939,Shopify,Everything Hand Tied,good,,2026-06-22T13:02:57+00:00
de19d09a-34fb-4fbd-ac5d-86e5482a7645,200,1,1,346,Squarespace,Ash Hair Co.,good,,2026-06-22T13:02:57+00:00
b988f79b-2fd1-4ef7-ad64-36bc3cd659fd,200,1,1,280,Squarespace,Beauty House Salon Suites,good,,2026-06-22T13:02:57+00:00
df09e939-dd66-49e8-b580-32505407704e,0,0,0,109,,,broken,connection failed,2026-06-22T13:02:57+00:00
364380e3-28c7-4689-baf2-900dffd3f641,200,1,1,575,Wix,Hair colorist and extensions specialist | Angele Marie Styling | United States,good,,2026-06-22T13:02:57+00:00
28dbe057-9667-41cf-80dd-61e4504ba354,200,1,1,3665,WordPress,Dentist in Novato | Cosmetic &amp; Family Dentist | Modern Dentistry by Dr. Rafii,good,,2026-06-22T13:02:57+00:00
389901f1-4653-4065-be81-b47ab00c2513,0,0,0,53,,,broken,connection failed,2026-06-22T13:02:57+00:00
b28ecc6f-bdb1-45f5-aeba-d82cf682f378,200,0,1,139,Squarespace,D&amp;O Salon,weak,,2026-06-22T13:02:57+00:00
b48b0514-f6d8-441c-abc3-3e964645f030,200,1,1,858,,California Board of Barbering and Cosmetology,good,,2026-06-22T13:02:57+00:00
c9b8fee4-0df0-4c22-9fa3-1d5268843eaa,200,0,1,112,,Checking your browser...,weak,,2026-06-22T13:02:57+00:00
6c0ed38b-0174-41ac-8577-3c837c142342,200,1,1,167,Squarespace,estela salon – sonoma,good,,2026-06-22T13:02:58+00:00
580fedc3-e943-4798-b1d4-aa517d6ac433,200,1,1,488,Wix,Crown Hair Salon | Creating Beautiful Hairstyles in Petaluma CA,good,,2026-06-22T13:02:58+00:00
dc6816ff-32fe-4b40-a3a0-bdcc266a7875,200,1,1,601,,"Home - Expert Beauty Salon Services Corte Madera, CA",good,,2026-06-22T13:02:58+00:00
3993caf0-3ab7-42f6-bc77-0b58366ff449,200,1,1,284,Squarespace,Fox + Stone Collective,good,,2026-06-22T13:02:58+00:00
2dfddc1d-1021-47f1-a3fb-ff7a6777041d,0,0,0,110,,,broken,connection failed,2026-06-22T13:02:58+00:00
db54bc38-9034-4dd5-803d-1ec21b080ca5,200,1,1,505,Weebly,,good,,2026-06-22T13:02:58+00:00
ec443510-404f-437f-9e82-09ac3937c65c,200,1,1,347,,Pest Control Companies Knoxville TN | Otis Pest Control,good,,2026-06-22T13:02:58+00:00
fbe33793-d4bf-4d80-b94e-428a7c7a92a6,200,1,1,200,GoDaddy,Home - High Society Salon &amp; Boutique,good,,2026-06-22T13:02:58+00:00
4ae5b052-e949-454e-984a-1a7a2f46fd75,200,0,1,410,WordPress,Shop - Hair By Monica,weak,,2026-06-22T13:02:58+00:00
4df4a383-01b2-4cb4-a3f5-7b13fd834f05,0,0,0,15414,,,broken,connection failed,2026-06-22T13:02:58+00:00
466ba171-b0a3-4e2c-a1d2-8f14f222cf57,200,1,1,2131,Wix,"Home | Tumblespot | Kids Acro, Tumbling &amp; Gymnastics Marin | 386 Miller Ave, Mill Valley CA 94941",good,,2026-06-22T13:02:58+00:00
25b233ae-e53a-461f-830e-5ac68482caca,0,0,0,4111,,,broken,connection failed,2026-06-22T13:02:58+00:00
61989342-f054-4bf3-a44d-71e4fd244825,403,1,1,110,,Just a moment...,broken,,2026-06-22T13:02:58+00:00
254b7d3e-5d7c-4355-91a8-dfee0c6766dd,200,1,1,177,Webflow,"Illusion Hair Gallery, Beauty Salon, 157 San Anselmo Ave",good,,2026-06-22T13:02:58+00:00
4e0e2bc9-e640-481f-9ea6-70d8d981e34d,200,1,0,790,,"Hair Design by Marc San Rafael, CA",weak,,2026-06-22T13:02:58+00:00
206840fc-59e2-4be0-b18f-968824bb8027,200,1,1,505,Wix,Hulu Salon,good,,2026-06-22T13:02:59+00:00
4ca6f262-ebff-4162-860e-2e490273e976,200,1,1,426,Squarespace,MAISON COLLECTIVE,good,,2026-06-22T13:02:59+00:00
bfc1cd7a-9dce-4105-8fe9-31480b6b9a1d,200,1,1,1214,Wix,Women's Hair Styling | Gravity Salon Marin | United States,good,,2026-06-22T13:02:59+00:00
5c3734af-b078-4641-86fa-d32de675a810,200,1,1,634,Wix,Home | LionsTigersAndHair,good,,2026-06-22T13:02:59+00:00
44070518-b1d4-47e6-90cf-c4fd12a428c8,0,0,0,124,,,broken,connection failed,2026-06-22T13:02:59+00:00
a6c44d15-7cbe-4311-a0dc-cbeb17cb2389,200,1,1,2098,WordPress,Home - At The Top Salon,good,,2026-06-22T13:02:59+00:00
32be2c4b-f532-4ec7-95b4-1dc410bd2514,200,1,1,316,Squarespace,"Mission the Salon | Petaluma, CA",good,,2026-06-22T13:02:59+00:00
92a48620-0b48-4c5e-ab91-c40de5abc08a,200,0,1,209,Squarespace,Ava Lane Hairdressing,weak,,2026-06-22T13:02:59+00:00
e918631b-f08f-459c-bfca-229cc123c917,200,1,1,343,GoDaddy,OYU SALON,good,,2026-06-22T13:02:59+00:00
f56bef2e-ffab-43a6-a232-9ee7fc6d842b,200,1,1,849,,"Maya Lowe Hair | Health &amp; Beauty in San Rafael, CA",good,,2026-06-22T13:02:59+00:00
5973c310-e8ef-485a-9c86-7acfe2299d2c,200,1,1,363,GoDaddy,"Parlour Hair Studio - Salon - Kentfield, California",good,,2026-06-22T13:02:59+00:00
809e2caf-f043-4cec-8d0f-b134344ee0da,0,0,0,467,,,broken,connection failed,2026-06-22T13:02:59+00:00
63e055aa-5ccc-4ade-adda-5dfda24bca3d,200,1,1,333,Wix,SUGAR Petaluma | the sweetest hari around | SF North Bay Haircolor Styling and Extensions | Sugar Salon,good,,2026-06-22T13:02:59+00:00
49b2d3ac-4834-4b5d-8f81-c61a1f57c5f4,200,0,0,284,,"Scott of Sausalito | Hair Salon, Nails, Waxing for Men",weak,,2026-06-22T13:02:59+00:00
ec379570-5ff6-4cb4-84fd-334b8e858988,200,1,1,1132,Wix,Home | minako-style,good,,2026-06-22T13:03:00+00:00
75a4aaf5-4f65-49ac-9eaf-98ad4e45549f,200,1,1,439,Squarespace,Salon 96 Throckmorton,good,,2026-06-22T13:03:00+00:00
acd08a6a-54cc-48a8-b2ea-85adfdfc010d,200,1,1,1478,Wix,"Jennifer Brown Colorist | Marin Hair Color Specialist | 444 Magnolia Avenue, Larkspur, CA, USA",good,,2026-06-22T13:03:00+00:00
ce76bd00-4a24-4d97-8fd4-ce87fe575d6b,404,1,1,927,,Vagaro | Page not found,broken,,2026-06-22T13:03:00+00:00
1fb248ee-d786-43f2-8b49-176393bce345,200,1,1,171,Webflow,"Solo Hair Design, Beauty Salon, 620 Petaluma Blvd N Ste H",good,,2026-06-22T13:03:00+00:00
eb72c6f8-1849-45c3-a79d-ea0e6d159138,200,1,1,886,,California Board of Barbering and Cosmetology,good,,2026-06-22T13:03:00+00:00
7803ffe7-a5fc-4829-9287-118ba90afd38,0,0,0,25,,,broken,connection failed,2026-06-22T13:03:00+00:00
801689a5-af42-468a-a0b7-2e5cc466927e,200,1,1,343,,Studio 132: Recording Studio in Oakland,good,,2026-06-22T13:03:00+00:00
f717efdd-8484-457f-8fb6-7fd2e632cfd3,200,1,1,491,Wix,"Showroom 383 Hair Salon in Mill Valley, CA",good,,2026-06-22T13:03:00+00:00
7fdf7f7d-8a16-4822-b808-118e780d8218,200,1,1,573,GoDaddy,Buy silhouettehairstudioross.com – Premium Expired .com Domain on GoDaddy | ExpiredDomains.com,good,,2026-06-22T13:03:00+00:00
0081a877-f35d-43a0-9a6d-fcce05487cf1,200,1,1,368,Squarespace,Tempest,good,,2026-06-22T13:03:00+00:00
ba6431d9-c2d9-4ebc-89ba-f76877cab5a9,0,0,0,105,,,broken,connection failed,2026-06-22T13:03:00+00:00
dc2ea4b5-e28c-4bbe-aa15-91b17d431d77,200,1,1,1118,,"Laurie Stone Keene at Krush Hair Design | Health &amp; Beauty in Mill Valley, CA",good,,2026-06-22T13:03:00+00:00
49e39a67-556a-4530-96b3-390e9362e4a6,200,1,1,291,Squarespace,The Pine,good,,2026-06-22T13:03:00+00:00
345ba8e5-8629-4a4f-a595-ac16d6e504ed,200,0,0,291,,Tizka Salon,weak,,2026-06-22T13:03:00+00:00
3dd78250-dd9e-46da-ae20-b28d7d8a3da1,200,1,1,357,,The Sacred Hive Salon,good,,2026-06-22T13:03:00+00:00
25d0edbf-71b1-4f75-aca8-0496391f387c,200,1,1,317,Squarespace,WILLOW A LAURA BIRRELL SALON,good,,2026-06-22T13:03:00+00:00
8ade03ba-5510-4ea5-a90e-0b216328c142,200,1,1,385,Squarespace,Fox + Stone Collective,good,,2026-06-22T13:03:01+00:00
bcfa809b-633e-4764-bc1d-e74456d27ab1,200,0,0,1266,,多宝官网-多宝(中国)一站式服务官网,weak,,2026-06-22T13:03:01+00:00
d36a8182-fbda-460c-9fc9-d3476e8fcd9f,200,1,1,480,Wix,Home Improvements | Centered Level Handyman Services | United States,good,,2026-06-22T13:03:01+00:00
fdce4679-b731-493b-a541-c9020e94d975,200,1,1,519,GoDaddy,Sonoma Beauty Supplies &amp; Salon,good,,2026-06-22T13:03:01+00:00
a4c383ba-934f-42c7-b20a-16c761292ad2,200,1,1,448,Wix,"Handyman Services in Petaluma, CA | GottaGuy Services",good,,2026-06-22T13:03:01+00:00
87394090-3ddd-4db7-811d-808a57d3c458,403,0,1,68,,Attention Required! | Cloudflare,broken,,2026-06-22T13:03:01+00:00
a963ca92-7e3b-41a0-a8e1-1fb41a007d07,0,0,0,42,,,broken,connection failed,2026-06-22T13:03:01+00:00
aa3b2624-0e04-4364-a04a-8ec2f32a4ba1,200,1,1,506,Wix,Now Hiring | BoVida,good,,2026-06-22T13:03:01+00:00
2d01bbfd-44db-46b7-8faa-a8f4a4b93bac,200,1,1,500,,"Himalayan Kitchen Marin | Authentic Nepali, Indian &amp; Tibetan Restaurant San Rafael",good,,2026-06-22T13:03:01+00:00
0a9d4d76-87cc-4109-92d7-2b925f8f3b45,200,1,0,315,,R and M Steam Carpet Cleaning,weak,,2026-06-22T13:03:01+00:00
59a0ecb1-74d8-435b-a894-5dbb147f566c,200,1,1,370,Squarespace,Hop &amp; Mop Cleaning | Discover Spotless Living,good,,2026-06-22T13:03:01+00:00
b4ba79fa-934a-4bbb-9829-90ca8f3ca59d,404,1,0,565,,SITE NOT FOUND,broken,,2026-06-22T13:03:01+00:00
e9ee024a-4d1a-4ed9-81be-e843515bb090,200,1,1,440,GoDaddy,Front Page - TAP&#039;D Draft Solutions,good,,2026-06-22T13:03:02+00:00
368ca258-dc3d-4550-acd5-7f0a36ee637c,200,0,1,1876,WordPress,Studio 861 | Full-Service Salon | Novato,weak,,2026-06-22T13:03:02+00:00
942427c6-0cec-416a-ba2e-2f65c7a75b22,200,0,1,733,WordPress,Home &amp; Office Cleaners - Sonoma Clean House,weak,,2026-06-22T13:03:02+00:00
3a1a9a17-9bb4-4339-b9ba-7b8627a62d30,403,1,0,77,,Access Denied,broken,,2026-06-22T13:03:02+00:00
7f4f2474-32af-4200-b436-f1d5bc9e8302,200,1,1,258,Webflow,"Continental Inn, Hotels &amp;amp; Motel, 26985 Highway 1",good,,2026-06-22T13:03:02+00:00
11f9b692-fc75-4bca-915f-a3b0c3b95b16,200,0,1,189,Squarespace,HOTEL PROJECT SONOMA,weak,,2026-06-22T13:03:02+00:00
cde60ac8-caa4-49c8-a69b-1bcff12db40f,200,1,1,1015,WordPress,Tamalpais Cleaning Services &#8211; Marin County #1 Cleaning Company,good,,2026-06-22T13:03:02+00:00
9e577edf-05a1-4996-bc67-aca684b98d13,0,0,0,1059,,,broken,connection failed,2026-06-22T13:03:02+00:00
5e857968-1bc8-4bbd-80a5-aa61efae67a3,200,1,1,580,,Search Results,good,,2026-06-22T13:03:02+00:00
9cda72ff-f765-4b09-aa52-ed30f62fea3e,0,0,0,28,,,broken,connection failed,2026-06-22T13:03:03+00:00
1c59ba6f-ffaa-4059-8ab2-d58f37483e4e,200,1,1,964,Weebly,Home | Tender Tenders,good,,2026-06-22T13:03:03+00:00
83f0f482-f510-4874-b25f-cb8868c66079,0,0,0,15,,,broken,connection failed,2026-06-22T13:03:03+00:00
b4111853-2ac2-430c-b1ad-cf811428e3b7,200,0,1,372,,Mankas,weak,,2026-06-22T13:03:03+00:00
ac656259-ede9-412b-b82a-6fc1dfca2950,200,1,1,1426,,TAPERIA PROFESSIONAL CLEANING SERVICES LLC,good,,2026-06-22T13:03:03+00:00
1eade9fe-714b-419c-bafb-a5206d552c2b,0,0,0,54,,,broken,connection failed,2026-06-22T13:03:03+00:00
b7d677d8-0cab-4ff7-8c4a-8797428adf67,200,1,1,368,,Tomales Hotel | Coastal Sanctuary in West Marin,good,,2026-06-22T13:03:03+00:00
c4092a0e-4c6c-4d20-82e8-c8594f181e26,200,1,1,436,Squarespace,Radiant Way Inc.,good,,2026-06-22T13:03:03+00:00
9e3cf8ea-4fba-45ad-af19-13994b54fbdf,200,1,1,503,,"HVAC Contractor near Novato, CA - raven heating and air",good,,2026-06-22T13:03:03+00:00
0e666d94-b62b-427f-80e2-133579a60f7c,200,1,1,396,Squarespace,"Sonoma County Heating &amp; Air Reliable Furnace, AC &amp; Heat Pump Service You Can Trust",good,,2026-06-22T13:03:03+00:00
cd3a4617-f7e2-48a3-90f8-6b4cc84f7acd,200,1,1,281,Squarespace,Amigos Immigration | Immigration Attorney,good,,2026-06-22T13:03:03+00:00
38312bc7-6ee7-4b5f-a010-0a2c7a6e2c35,200,1,1,174,GoDaddy,EnjoyAvatars.com is for sale | HugeDomains,good,,2026-06-22T13:03:03+00:00
8f7cb0ab-544e-46c5-9aa5-f22f1d2e339d,202,0,0,261,,,weak,,2026-06-22T13:03:03+00:00
747bd585-6598-4d90-9d33-143a3a131ac9,200,1,1,219,GoDaddy,EnjoyAvatars.com is for sale | HugeDomains,good,,2026-06-22T13:03:03+00:00
bb1b7c41-3a79-47f7-a659-b0511b499d93,200,1,1,315,,Home | Everest Restaurant,good,,2026-06-22T13:03:04+00:00
6e220864-8799-4680-a1ef-b57b24cb0961,200,1,1,683,WordPress,Home - Bueno Law,good,,2026-06-22T13:03:04+00:00
55398d0b-73e2-4008-b99b-99874f60e8c3,202,1,0,270,,,weak,,2026-06-22T13:03:04+00:00
e65c7a6c-d178-4434-8481-d3f9348544e2,200,1,1,703,WordPress,Authentic Indian &amp; Goan Home Cooking &#187; Little Goan Cafe,good,,2026-06-22T13:03:04+00:00
5979fb84-aa6f-457b-8d62-4e8ae781f9b4,200,0,0,184,,,weak,,2026-06-22T13:03:04+00:00
9129829d-1106-466e-bdb1-0022d5ba06d4,403,1,1,111,,Just a moment...,broken,,2026-06-22T13:03:04+00:00
b20b46c9-4d3b-44e1-aad3-bf364a50d262,200,1,1,518,Squarespace,The Cottage Inn + Spa,good,,2026-06-22T13:03:04+00:00
75a692ac-75a3-4f33-ae2c-b37dcccf7ce6,200,1,1,1066,,"Best Indian in Sausalito, CA | Taste of the Himalayas | Order Online",good,,2026-06-22T13:03:05+00:00
031d7dda-24da-4926-a7bc-531b9a5852d9,200,1,1,541,WordPress,Gables Inn Sausalito | Located Near San Francisco | Vacation | Spectacular Amenities,good,,2026-06-22T13:03:05+00:00
09abd1e3-9927-4048-b575-d7376bb75024,200,1,1,265,Squarespace,Ann Lowengart Interiors,good,,2026-06-22T13:03:05+00:00
bf287fb8-a08d-4582-8e11-7c52d5c932b5,200,1,1,308,Squarespace,Bancroft+Caballero Design Studio,good,,2026-06-22T13:03:05+00:00
d0931f72-b18f-4d11-b412-53b4da559e51,200,1,1,416,Squarespace,Barbra Bright Design,good,,2026-06-22T13:03:06+00:00
6b06ad36-3e7a-4b94-b2c0-d8bd9d90d3ae,200,1,1,367,Squarespace,Candace Killman Interior Design,good,,2026-06-22T13:03:06+00:00
d3ae63dc-31b5-45ea-874b-b671c265a74c,0,0,0,15075,,,broken,timeout,2026-06-22T13:03:06+00:00
1152f0f9-7d18-42fc-a457-c1ea6b94621f,200,1,1,384,Wix,"Collected Studio | Interior Architecture | 2 Cove Road, Belvedere Tiburon, CA, USA",good,,2026-06-22T13:03:06+00:00
212399ff-c38e-474e-9116-4cde99fabae5,200,0,0,88,,,weak,,2026-06-22T13:03:07+00:00
d542605d-a73a-4e35-a932-0800d648c54a,200,1,1,2302,,"Baywood Guesthouse - Houses for Rent in San Anselmo, California, United States - Airbnb",good,,2026-06-22T13:03:07+00:00
26bc06c0-d910-444d-8107-c82a4c686e8a,0,0,0,451,,,broken,connection failed,2026-06-22T13:03:07+00:00
8b541a75-a0cf-4fc1-9767-b5413d11cd95,200,1,1,1942,Wix,Home | Brad Krefman,good,,2026-06-22T13:03:07+00:00
50552c07-2533-4b7c-856e-d6da693233c2,200,1,1,326,Squarespace,"Interior Designer Sonoma County, CA | Fletcher Rhodes",good,,2026-06-22T13:03:07+00:00
68523dbe-517e-417a-9918-9de3b5a174f6,200,1,1,382,,"Florence Livingston Interiors, San Francisco Interior Design",good,,2026-06-22T13:03:07+00:00
f0b14532-56fb-49a2-88fa-cee7ab3b8c8c,200,1,1,393,Squarespace,"Luxury Interior Design Studio in San Francisco, CA | Heydt Designs",good,,2026-06-22T13:03:07+00:00
ccf90c60-2deb-48de-a7be-3337736bcfbd,200,0,1,168,Squarespace,Jentry McGraw Design Associates - Interior Design,weak,,2026-06-22T13:03:07+00:00
1e85304e-bfc9-41f4-bf88-23cb3318ee26,200,1,1,255,Squarespace,Luxury Bay Area Interior Designer | Julie Rootes Interiors,good,,2026-06-22T13:03:07+00:00
518a0a90-5436-402a-9f2a-6c1c8e97a083,200,1,1,3995,WordPress,Marina Indian Cuisine &#8211; Nepalese &amp; Indian Cuisine,good,,2026-06-22T13:03:07+00:00
407a96e6-35d7-47c6-a7d1-b7939c68b6bf,200,1,1,286,Squarespace,Lauren Nelson,good,,2026-06-22T13:03:07+00:00
80d32687-153d-4984-b278-c4cf9bfa026a,200,1,1,622,Squarespace,IDF Studio — San Francisco Bay Area Residential &amp; Commercial Interior Design Firm,good,,2026-06-22T13:03:07+00:00
7cf58642-8d96-4ebf-836e-88ae5bf57992,200,1,1,258,Squarespace,McCaffrey Design Group | Interior Designer San Francisco,good,,2026-06-22T13:03:08+00:00
67f2c829-ffb2-4a81-836c-a40503c923ff,200,1,1,760,Squarespace,MONKHOUSE STUDIO,good,,2026-06-22T13:03:08+00:00
a8b32f10-7825-431c-8283-45097209876b,200,0,0,229,,,weak,,2026-06-22T13:03:08+00:00
a7a41273-9469-4ef9-b05d-5476ce339fbe,200,1,1,520,Squarespace,McCarthy Design- Residential Design &amp; Drafting - Building Permits,good,,2026-06-22T13:03:08+00:00
71f1c60d-8c9b-43d4-8e76-a25bf872fab8,200,1,1,286,Squarespace,One Design,good,,2026-06-22T13:03:08+00:00
62862553-eb4d-40a1-884b-f4599b9f7463,200,1,1,848,WordPress,Home - Marissa SatomiMarissa Satomi,good,,2026-06-22T13:03:08+00:00
9254d6e5-a22f-4496-9e04-58bb421f79c2,200,0,0,955,,Welcome monicaslittlehouse.com - BlueHost.com,weak,,2026-06-22T13:03:08+00:00
e5e50ba8-742c-4dfa-83f3-9004313c33bd,200,1,1,422,Squarespace,SDL Residential Design [] Architecture &amp; Interior Design [] Remodels &amp; Renovations,good,,2026-06-22T13:03:09+00:00
be73d325-6890-4014-b31e-88032de60048,200,1,1,419,Squarespace,SD,good,,2026-06-22T13:03:09+00:00
a1e3d1f9-bf15-44ec-a6d4-52ac4f30b76e,200,1,1,453,Squarespace,Sidemark Studio | Bay Area Residential Interior Design,good,,2026-06-22T13:03:09+00:00
bfb8f28b-8379-42f4-8bd6-10f7bd3fcf6a,200,1,1,891,Wix,Interior Design | Marin County &amp; San Francisco | Paulina Perrault Interiors,good,,2026-06-22T13:03:09+00:00
2c578fa9-29bc-4b44-ab69-c86286fda12e,200,1,1,288,Squarespace,Studio Collins Weir | Luxury Interior Design | San Francisco Bay Area,good,,2026-06-22T13:03:09+00:00
b820ce2c-a515-4051-82fb-9f8e2178c8a2,200,1,1,333,Squarespace,Studio SQUIRE | Interior Design Marin &amp; San Francisco Bay Area,good,,2026-06-22T13:03:09+00:00
bd6e099b-2d3a-4c55-a42a-2804d3375a35,200,1,1,594,Squarespace,"Spacial Design | Kitchens, Baths &amp; Cabinetry That Work",good,,2026-06-22T13:03:09+00:00
d239d270-2e02-4cfa-ad67-3db8967b09f3,403,1,1,80,,Just a moment...,broken,,2026-06-22T13:03:09+00:00
8416d9f8-2dab-4181-b9e4-067075b0fb34,403,1,1,246,,Just a moment...,broken,,2026-06-22T13:03:09+00:00
35712981-47fc-49d1-8326-777d0570c3e3,403,1,1,339,,Just a moment...,broken,,2026-06-22T13:03:10+00:00
cd1211ea-733e-45f0-ada8-df688876a72b,200,1,1,755,,Finnegans Marin,good,,2026-06-22T13:03:10+00:00
35d578fa-e2a0-4cf7-97f1-00fb42795358,0,0,0,15061,,,broken,connection failed,2026-06-22T13:03:10+00:00
af755803-1504-4475-baa9-85881dd821f7,200,1,0,1197,Joomla,Interior design services in California,weak,,2026-06-22T13:03:10+00:00
81e47d90-89e2-4c99-b9cc-d2b22f9801e2,200,1,1,681,,"Cucina Paradiso, the finest Italian restaurant in Petaluma and Sonoma County",good,,2026-06-22T13:03:10+00:00
cb308fb5-7204-404b-9879-aa65cf9de419,200,1,1,301,Squarespace,West Marin Restaurant - Giaco&#39;s Roadhouse,good,,2026-06-22T13:03:10+00:00
578282c3-2ed8-4fae-9542-8030b693816e,202,0,0,434,,,weak,,2026-06-22T13:03:10+00:00
150c7db5-ae01-46cb-b841-a4ccbcab8de4,200,1,1,205,,Home - L&#x27;Oro di Napoli - Italian Restaurant in CA,good,,2026-06-22T13:03:10+00:00
1ab5d100-41d5-4249-bd50-85fb306fc323,200,1,1,290,,Home - Jacob&#39;s Restaurant,good,,2026-06-22T13:03:10+00:00
4795c29d-2832-4c72-8658-0ccc4d0c2c2a,200,1,1,380,Squarespace,MORELLA | Discover Authentic Flavors Today,good,,2026-06-22T13:03:10+00:00
d4bee216-670d-4afd-ad41-f23d0d34d7fe,200,1,0,434,WordPress,Home - Lo Coco&#039;s Authentic Italian PizzeriaLo Coco&#039;s Authentic Italian Pizzeria &lsaquo; Terra Linda,weak,,2026-06-22T13:03:10+00:00
a0f565b8-bf69-4020-985f-85e8237f9166,200,1,1,808,,Stories from Digital Casino Floors: Tales of Innovation,good,,2026-06-22T13:03:10+00:00
2d88dd61-1dd0-4423-9bf5-8f1332ace3f5,0,0,0,110,,,broken,connection failed,2026-06-22T13:03:10+00:00
f89aaa44-9caa-473d-aa7f-0af08f2656b9,202,1,0,144,,,weak,,2026-06-22T13:03:11+00:00
a55e29a7-5647-4e10-9963-a25ff866a546,200,1,1,464,Wix,Italian | Napizza | San Francisco,good,,2026-06-22T13:03:11+00:00
6196d748-deff-4f65-9764-16e576a15860,403,1,1,117,,Just a moment...,broken,,2026-06-22T13:03:11+00:00
4df96bff-8ca9-40a9-846b-227937696466,0,0,0,10015,,,broken,connection failed,2026-06-22T13:03:11+00:00
574ca965-be07-4189-ac85-0d00460be179,200,1,1,397,Squarespace,Kuro Nami | Experience Sushi Excellence Today,good,,2026-06-22T13:03:11+00:00
1aea7cde-a700-49ee-b54b-1accbcd82697,200,1,1,8729,GoDaddy,"Heating and Air Conditioning Rerpair - Petaluma, California",weak,,2026-06-22T13:03:11+00:00
cdf833e0-e74b-4d92-a72f-a357fa37dc2f,200,1,1,631,WordPress,"Sake 107 | (707) 241-7580 | 107 Petaluma Blvd N in Petaluma, CA",good,,2026-06-22T13:03:11+00:00
95864fe3-bf30-4768-8e35-f0ddfccc9de8,200,0,1,1079,WordPress,Edo Grill &#8211; Japanese and Chinese Cuisine,weak,,2026-06-22T13:03:12+00:00
b30e0a87-ae5c-4533-a7bc-655d788e3e0a,200,1,1,1698,Wix,The Kitchen Table San Rafael | A Place to Gather in Marin County | Country-Style Italian Cuisine,good,,2026-06-22T13:03:12+00:00
03713134-21d5-4e10-9e45-f57dfaf15fd2,0,0,0,4113,,,broken,connection failed,2026-06-22T13:03:12+00:00
dd832a31-9888-4063-b28b-93cf1fb5c50a,200,1,1,1095,Shopify,Amare Wear Jewelry with Intention Personalized Jewelry &ndash; AMARE WEAR,good,,2026-06-22T13:03:12+00:00
e46ee828-669b-4ddf-909d-e5dbf9213e66,0,0,0,15069,,,broken,connection failed,2026-06-22T13:03:12+00:00
64a75096-9f01-4a53-a34d-cc73cb520943,200,1,0,610,,Italia,weak,,2026-06-22T13:03:12+00:00
270170f1-0760-4d1c-ad12-103c937746aa,200,1,1,259,,Pearl Goddess - Pearls,good,,2026-06-22T13:03:12+00:00
35204641-b42e-48da-b35d-bc34727b7fc9,200,1,1,1182,,Home | Amir H. Mozaffarian,good,,2026-06-22T13:03:12+00:00
8068851e-1134-4531-a38a-220265eef2c6,200,1,1,389,Shopify,"Handmade Artisan Jewelry | Lulu Designs Jewelry | Mill Valley, CA",good,,2026-06-22T13:03:13+00:00
913076c6-514b-478a-aa6e-9809fe34de12,404,1,1,550,Shopify,404 Not Found &ndash; Cast Jewelry,broken,,2026-06-22T13:03:13+00:00
4edeb91a-cbc9-4d70-916d-419e8bafbecb,200,1,1,286,Squarespace,MARIN GOLD AND SILVER,good,,2026-06-22T13:03:13+00:00
b5e1b666-d209-4e29-9f30-b9d86b3c5548,200,1,1,2335,WordPress,Vascomill Valley,good,,2026-06-22T13:03:13+00:00
b859f225-d44e-4816-b30c-c2ceeb7c0e8c,200,1,1,642,Shopify,Marin Charm Bar,good,,2026-06-22T13:03:13+00:00
c6edf330-e15e-4688-a667-9afa7d761c7e,200,1,1,1099,WordPress,Kristen “Bucko” Sinn Jewelry - San Francisco &amp; Marin Jewelry Artist - Handmade artisan jewelry by Kristen &quot;Bucko&quot; Sinn - Wear Your Art,good,,2026-06-22T13:03:13+00:00
e3b48dde-3768-455f-be48-d1dee33afa47,200,1,1,524,Wix,"McDonald's Jewelers | jeweler novato | 908 Grant Avenue, Novato, CA, USA",good,,2026-06-22T13:03:13+00:00
bfbb8f6f-21c2-4510-bd8a-b14eac481ec4,200,1,1,422,Shopify,Nisha&#39;s Jewelry,good,,2026-06-22T13:03:13+00:00
325b2436-3bcf-452c-b724-a46b776cf040,200,1,1,537,Weebly,Home | Moonstruck Fine Jewelry,good,,2026-06-22T13:03:13+00:00
7ab3d600-72b1-4804-98a0-0e62508c9ffb,0,0,0,15087,,,broken,connection failed,2026-06-22T13:03:13+00:00
d69a6d17-b14a-4e9b-b032-943575397b81,200,1,1,1059,,"Marin Jewelers Guild : Artisan Jewelry, Handmade Jewelry, Art Jewelry, Gifts, San Rafael, San Francisco",good,,2026-06-22T13:03:14+00:00
a3127428-4ce0-4b1f-b93a-0dea150323ad,0,0,0,44,,,broken,connection failed,2026-06-22T13:03:14+00:00
b6e51a26-4338-4e05-9ba7-0327f50746a4,200,1,1,538,Shopify,Spiral Jewelry &amp; Artisery,good,,2026-06-22T13:03:14+00:00
e233b9b8-28fd-4723-9dd5-f78a0f2fb33b,200,1,1,601,Shopify,"Silverwork Studios:Jewelry workshop, jewelry class, permanent jewelry",good,,2026-06-22T13:03:14+00:00
933ee730-31fa-41c7-bc28-39e14067adfe,200,1,1,652,GoDaddy,"Cash for Gold | Gold Buyer | Gold, Silver, Jewelry and More for the best prices &#8211; Jewelry &amp; Gold Buyers | The Gold Drop | Estate Jewelry Buyer",good,,2026-06-22T13:03:14+00:00
755fb5e9-0782-4600-86ee-c2d4b4466e2f,200,1,1,907,WordPress,"Reflections Fine Jewelry &#8211; Quality, Value, Service",good,,2026-06-22T13:03:14+00:00
20a75c41-721a-43a8-b73d-364b03511773,200,1,1,312,Squarespace,"Landscaping Company in Sonoma, CA | BayTerra Landscapes Inc.",good,,2026-06-22T13:03:14+00:00
71d28de8-4a60-476a-b868-bd5d776fc2af,200,1,1,363,GoDaddy,EconoLock &#8211; Servicing the North Bay for over 30 years.,good,,2026-06-22T13:03:14+00:00
238105c4-8d56-4a94-be00-21d500fab6fd,200,1,1,1077,Shopify,San Francisco Watch &amp; Jewelry | Engagement &amp; Wedding | Custom Design &ndash; Partita,good,,2026-06-22T13:03:14+00:00
3fe37a0b-90d9-42e7-b594-2fb2e8324b4e,200,1,1,390,,"Cervantes Landscape, LLC | Landscaping, Hardscaping &amp; Turf in Sonoma, Serving Sonoma &amp; Marin County, Napa and San Francisco",good,,2026-06-22T13:03:14+00:00
6af72884-b708-46e5-9086-8c0330843123,200,1,1,652,WordPress,"Home - Frank + Grossman Landscape Contractors, Inc.",good,,2026-06-22T13:03:14+00:00
d4a900f7-0599-4305-9e9b-1bb0751e4d6e,409,0,1,65,,DNS resolution error | landcoinc.org | Cloudflare,broken,,2026-06-22T13:03:14+00:00
227b7954-c5a2-4a68-a7b5-659060e938a9,200,1,1,204,Squarespace,LUKS landscape architecture,good,,2026-06-22T13:03:14+00:00
41563f3f-5105-44cf-8900-0f70c44e7e9e,200,1,1,610,GoDaddy,Hardscapes - Commercial and Residential Landscaping and Design,good,,2026-06-22T13:03:15+00:00
3933712b-f8f5-48d9-84f9-27d88db5af14,200,1,1,718,,,good,,2026-06-22T13:03:15+00:00
63aefcfc-8149-4db1-b840-e6611a3cb7aa,202,1,0,363,,,weak,,2026-06-22T13:03:15+00:00
fe8b732e-8b41-41b8-ba18-3a3ab9e9f6c0,200,1,1,374,Squarespace,PDM Landscape,good,,2026-06-22T13:03:15+00:00
0ebbdde7-ccbd-497e-8f85-8bd2b7faa4bc,200,1,1,823,Wix,"JG Becerra Landscape Management &amp; Tree Services Petaluma, CA",good,,2026-06-22T13:03:15+00:00
8d0935ce-c09e-4b77-a2de-a56755b814bf,200,1,1,433,Squarespace,Scott Anderson Landscaping | Transform Your Outdoors Today,good,,2026-06-22T13:03:15+00:00
d48db5a3-dd67-4b13-8794-a68e736765c7,200,1,1,221,WordPress,US Traffic Control West - Wilhelm Traffic Control and Tree Services,good,,2026-06-22T13:03:15+00:00
e8f04f12-efad-4eac-94eb-5c40a9c1db7b,200,1,1,470,Wix,Garden Installation | United States | Victory Gardens Landscaping Inc,good,,2026-06-22T13:03:15+00:00
82e5d34f-180c-46ff-a745-ad727604b59a,200,0,1,215,Squarespace,Marin Electrolysis,weak,,2026-06-22T13:03:15+00:00
59b8a70f-d354-4838-989b-c49a6eac46c3,0,0,0,15089,,,broken,connection failed,2026-06-22T13:03:15+00:00
dd0a5c84-9908-4fbc-8d2d-f9338b6f0ae4,200,1,1,564,Squarespace,CONTACT &mdash; WIHLBORG DESIGN,good,,2026-06-22T13:03:15+00:00
8e2fad8e-8d9e-4cd4-8d88-21eed5cac1fc,0,0,0,114,,,broken,connection failed,2026-06-22T13:03:15+00:00
cae75a9c-7143-4d8c-aa8c-6e2178f0dce0,0,0,0,45,,,broken,connection failed,2026-06-22T13:03:15+00:00
2a40fae1-3e86-4c2d-9266-6e2fbc141cf0,200,0,0,883,WordPress,Sonomarin Landscape,weak,,2026-06-22T13:03:16+00:00
886e0235-3c99-4c4c-9bef-9fce8fe748f6,200,0,0,89,,,weak,,2026-06-22T13:03:16+00:00
e989de7f-31aa-4abe-9ef8-20b1c025f80e,200,1,1,285,Squarespace,Juanita Juanita,good,,2026-06-22T13:03:16+00:00
267a0c56-6042-4b3a-b2b7-19c50e962a71,200,0,1,285,,Contact Us &#8211; Built with SitePad,weak,,2026-06-22T13:03:16+00:00
3826ead1-886d-4691-83fe-9e5291aa72fe,202,1,0,223,,,weak,,2026-06-22T13:03:16+00:00
0a995df9-a662-472b-b4f4-cb5e2414edfa,200,1,1,346,WordPress,"Marin County Personal Injury &amp; Criminal Defense Attorneys | Brownstein Law Group, PC",good,,2026-06-22T13:03:16+00:00
560e2a89-4e16-407d-aa8c-b9bc02324346,200,1,1,1930,GoDaddy,Landscape Architecture Services | Integrated Design Studio,good,,2026-06-22T13:03:16+00:00
bce13bc5-919d-4bf0-980e-ad6f992a7464,200,1,1,263,Squarespace,Etchebehere Law Group,good,,2026-06-22T13:03:16+00:00
499bf5cb-bea4-4fb8-9b64-90186f0e8df7,200,1,1,408,Squarespace,Law Office of Charles J. Leoni,good,,2026-06-22T13:03:16+00:00
9b954d9e-f275-4d67-a08c-eb28c21e5e34,200,1,1,338,WordPress,Marin County Employment And Personal Injury Lawyers | Collier Law Firm,good,,2026-06-22T13:03:16+00:00
07a4d599-6c25-4abc-81f8-c4996d6e5d55,200,1,1,252,WordPress,Oakland Workers&#039; Compensation Attorney | Franco Munoz,good,,2026-06-22T13:03:16+00:00
4dce9ac2-cb29-42a3-bf46-31917b4c6c25,0,0,0,8,,,broken,connection failed,2026-06-22T13:03:16+00:00
3beb182b-3b58-4120-bd19-5b60a3099673,403,1,1,203,,Just a moment...,broken,,2026-06-22T13:03:16+00:00
dcd451f3-4def-46cf-a282-e241527904ce,200,1,1,874,WordPress,Personal Injury Lawyer in San Francisco | Brady Law Group,good,,2026-06-22T13:03:16+00:00
360fcedd-747e-433c-949f-c0f6fc8c5095,200,1,1,202,,Marin County DUI Lawyer | San Rafael Traffic Ticket Defense Attorney | John Stanko,good,,2026-06-22T13:03:17+00:00
1331ceab-0f3c-418b-8875-33420244f90a,200,1,1,608,GoDaddy,"Kakinuki Law Office, PC",good,,2026-06-22T13:03:17+00:00
76f4b1ab-0670-4980-8a93-3e176063286e,200,1,0,383,,Jeff Lerman - YouTube,weak,,2026-06-22T13:03:17+00:00
e0714db3-32fb-471b-8ee6-2bb9be4e9880,200,0,0,242,,Lightfoot Law Firm,weak,,2026-06-22T13:03:17+00:00
db15aa6d-4bc7-4563-9447-a5d01c43f9c7,0,0,0,15107,,,broken,timeout,2026-06-22T13:03:17+00:00
1b567ec3-dfe0-451c-8401-fc93210bccd8,0,0,0,127,,,broken,connection failed,2026-06-22T13:03:17+00:00
92427c51-1d8c-4401-b454-273d3a2f24e8,200,1,1,893,,Benjamin C. Graves - Attorney,good,,2026-06-22T13:03:17+00:00
ffa740eb-ddbd-4b52-8700-77a2eae5399d,200,1,1,5933,,The FABRIC Act - Situs ALEXISTOGEL Platform Slot Bet 200 Perak Dengan Bocoran RTP Slot Tertinggi & Akurat,weak,,2026-06-22T13:03:17+00:00
8cac2f5e-0c80-4bf6-96d1-1faf242289be,200,0,0,599,,Lucas Valley Law - Litigation Services for Corporations and Individuals,weak,,2026-06-22T13:03:18+00:00
d5b2d5be-d53f-4f95-bc76-57504eee9966,200,1,1,390,WordPress,Politicom Law | Empowered Compliance,good,,2026-06-22T13:03:18+00:00
c5ca4bac-d914-4220-8f27-4f2d066de2a4,200,1,1,667,WordPress,New Beginnings &#8211; Law Center,good,,2026-06-22T13:03:18+00:00
b85ecda2-f044-4a40-af39-ba748d3bc361,200,1,1,216,WordPress,"Home - Raff Law, APC",good,,2026-06-22T13:03:18+00:00
c67be92a-63a8-4a05-99ad-d1329dd8938f,404,1,1,699,Squarespace,NORTH BAY LAW GROUP,broken,,2026-06-22T13:03:18+00:00
6e1fffff-ddf2-40f1-8fa8-f28013b6cd98,200,0,0,252,,,weak,,2026-06-22T13:03:18+00:00
12931a3d-fac7-4351-acb3-fdceaf9eabad,200,1,1,2959,Wix,Organic Edible Gardens | Yard To Table | California,good,,2026-06-22T13:03:18+00:00
ba082937-0840-4438-939b-046cf4613fe7,0,0,0,40,,,broken,connection failed,2026-06-22T13:03:18+00:00
6585f31a-3c7a-410e-9694-e356a3cbeb0c,200,1,1,3125,,Garden Cafe,good,,2026-06-22T13:03:18+00:00
dfda2e69-1dac-48a0-b975-c0242d4970a7,200,1,1,625,Wix,Legal Services | Strickland Law Group | Petaluma,good,,2026-06-22T13:03:19+00:00
68062449-338e-4972-b80e-1b1a00ce9b3a,200,1,1,466,Wix,Spread Kitchen | Inspired Lebanese Cooking,good,,2026-06-22T13:03:19+00:00
3357a4e3-3bb6-4b2c-88e0-de038a890c1a,0,0,0,50,,,broken,connection failed,2026-06-22T13:03:19+00:00
1cc42525-54d6-4eb4-a0df-e972fc36e17f,200,1,1,912,WordPress,"Law Offices of Scot Candell | Cannabis, Criminal &amp; Business Law",good,,2026-06-22T13:03:19+00:00
96c41fc9-de15-4029-b0af-59c674890ed9,200,1,1,991,Squarespace,Seren Legal,good,,2026-06-22T13:03:19+00:00
b635bb2d-187e-4cbb-8dbc-b1def9e83a8f,200,1,1,370,Squarespace,Academy of Jeet Kune Do Sciences - Learn Practical Martial Arts for Self-Defense in Petaluma,good,,2026-06-22T13:03:19+00:00
d79e5b81-8db4-4607-9d46-f49b0fb17376,200,1,1,2706,WordPress,Lawyer Website - Astra Sites,good,,2026-06-22T13:03:19+00:00
d6efcc81-7fca-4ac7-a2c5-b3f297976e50,403,0,0,333,,,broken,,2026-06-22T13:03:19+00:00
576478f9-c152-4ebc-89df-e53217364d76,200,1,1,546,Webflow,"Hurricane Athletics and Combat | Martial Arts Gym In San Rafael, CA",good,,2026-06-22T13:03:19+00:00
2875b8a8-3705-4110-b654-1f324cf4605c,200,1,1,498,Wix,Home | Lavin Fitness,good,,2026-06-22T13:03:19+00:00
06b826e2-82a5-4f67-8e52-d1e77fb3c11c,200,1,1,369,Squarespace,Paresh Martial Arts,good,,2026-06-22T13:03:19+00:00
90e8f77d-e508-4e17-8a5c-019f3653cd2d,200,1,1,551,Wix,"San Rafael Martial Arts, your Kung Fu and Tai Chi Specialist!",good,,2026-06-22T13:03:19+00:00
0f0ba57d-fa23-4daa-bbf2-b89969ac0f70,200,1,1,6057,WordPress,home2020 - Valentino Fine Jewelers,weak,,2026-06-22T13:03:19+00:00
cec8f0f4-a3ab-4cb3-bf22-bbdc7798740e,200,1,1,664,,SONOMA VALLEY JIU JITSU | HOME,good,,2026-06-22T13:03:20+00:00
587037f4-33e1-4a0f-910c-33bb5cb36998,200,0,1,142,Squarespace,West America Tae Kwon Do,weak,,2026-06-22T13:03:20+00:00
c192b03c-8631-4a9d-915d-7bb95c926a1e,200,0,1,432,Squarespace,Two Rock Aikido,weak,,2026-06-22T13:03:20+00:00
24672189-9f04-4095-ba1e-0a15c861fe47,200,1,1,587,GoDaddy,Brazilian Jiu Jitsu Academy - Tech Lab Jiu Jitsu,good,,2026-06-22T13:03:20+00:00
fd96cb7e-c690-4467-abd9-a41a62277abe,0,0,0,121,,,broken,connection failed,2026-06-22T13:03:20+00:00
3cf03b93-0057-4f2a-a5c9-3f255a6b0e35,200,1,1,424,GoDaddy,"Latosa Escrima and Jujitsu Martial Arts Training in San Rafael, CA",good,,2026-06-22T13:03:20+00:00
61dc7162-74df-4c66-a3a7-e83458662372,406,1,0,248,,,broken,,2026-06-22T13:03:20+00:00
e36debdf-4ae4-400e-80a6-636bcc9f1666,200,1,1,851,,Home,good,,2026-06-22T13:03:20+00:00
159c4ba8-e59b-4067-9550-8933093dce94,200,1,0,342,,,weak,,2026-06-22T13:03:20+00:00
fb7faab3-9a2f-45fc-8b76-c0fc4f739468,200,1,1,296,Squarespace,San Rafael Massage | Spas &amp; Therapeutic Massage in San Rafael,good,,2026-06-22T13:03:20+00:00
fbaff265-eaf9-437a-af87-f7f5939a45ca,200,1,1,586,GoDaddy,"Heritage Brick Stone - Construction Company - San Anselmo, California",good,,2026-06-22T13:03:20+00:00
66833016-c387-48b8-824c-934996f32759,200,1,1,481,WordPress,Essential Massage Therapy,good,,2026-06-22T13:03:20+00:00
71eefc5d-b4d2-462c-abdb-a17cc50c2fe1,0,0,0,304,,,broken,"ssl: HTTPSConnectionPool(host='www.jlrelaxcenter.com', port=443): Max retries exceeded with url: / (Cause",2026-06-22T13:03:20+00:00
499a8e39-923d-459c-a9e9-6d2dc3a168af,0,0,0,14,,,broken,connection failed,2026-06-22T13:03:20+00:00
8d5b0066-dab2-4636-b212-41d1f24a3fa4,200,1,1,497,,Lux Massage &amp; Spa PMA,good,,2026-06-22T13:03:21+00:00
960f4bd4-b69c-41c5-9bad-235c888f2411,200,1,0,1139,,Al Karaama,weak,,2026-06-22T13:03:21+00:00
6666f9ca-a185-4860-a52c-8b94a671f779,200,1,1,147,WordPress,"Ruben J. Rocha - Marin County, CA, RJR Self-Care , University of Dallas, Diamond Light School of Massage &amp; Healing Arts | about.me",good,,2026-06-22T13:03:21+00:00
8a713f16-7d8f-46be-92b9-b91b00493c99,200,1,1,559,Wix,North Thai Bodywork &amp; Thai Massage | San Rafael,good,,2026-06-22T13:03:21+00:00
64193869-3bbc-4a14-a8e3-0b8d8c334d63,200,1,1,482,Wix,Services | Pure Thai Acupressure,good,,2026-06-22T13:03:21+00:00
3c260628-7f11-402e-ae0b-6754b9473a70,0,0,0,120,,,broken,connection failed,2026-06-22T13:03:21+00:00
92f947bb-4f7e-4290-a21c-c57ffe715e1e,200,1,1,246,,Spa Sonoma,good,,2026-06-22T13:03:21+00:00
00b37eaa-2eee-483c-a4ea-af2cb50e2e7a,200,1,1,4165,WordPress,"O&#039;Brien Law, P.C. | A Customer Service Focused Approach to Litigation",weak,,2026-06-22T13:03:21+00:00
86ef70f3-9d61-400f-bdda-3458f751d45c,200,1,1,2475,Wix,Home | The Martial Arts Academy of Marin,good,,2026-06-22T13:03:22+00:00
9b70da2c-b7c3-4898-be93-fe06e7f8a0fc,0,0,0,63,,,broken,connection failed,2026-06-22T13:03:22+00:00
870807d4-3c7f-4a79-9407-6bd8ff41bd8f,200,1,1,511,Squarespace,Therapeutic Bodywork Center,good,,2026-06-22T13:03:22+00:00
e8433e92-9e20-42f5-8f30-a3ed2c78b32b,200,1,1,1806,Wix,Massage | United States | San Rafael,good,,2026-06-22T13:03:22+00:00
069a66e3-6ec1-4bf1-9b6a-67bd2cdcc7fc,200,1,1,2061,WordPress,Majestic Thai Spa &#8211; Northern California Ultimate Experience,good,,2026-06-22T13:03:22+00:00
12f6d49c-f49f-4819-ba59-dbe77c698b58,404,0,0,187,Squarespace,Squarespace - Domain Not Claimed,broken,,2026-06-22T13:03:22+00:00
fa91c56d-83e6-476e-a722-cc256f401590,200,1,1,884,,Sweet Summer Spa,good,,2026-06-22T13:03:22+00:00
ff4ad301-524c-4ec6-8cc8-8d643aaf20f4,202,1,0,277,,,weak,,2026-06-22T13:03:22+00:00
42d7c605-c34e-449c-8123-70eb57d94da6,200,1,1,252,Squarespace,Daniel Spain Massage + Bodywork,good,,2026-06-22T13:03:23+00:00
c6d9a8a2-8f54-4dbb-a5fc-6079d4361bd7,200,1,1,1751,,Serenity Massage and Well-Being,good,,2026-06-22T13:03:23+00:00
1bd3683f-573d-4e07-826c-5fa1b81a2ac6,0,0,0,119,,,broken,connection failed,2026-06-22T13:03:23+00:00
885a7995-1367-45e6-89d9-a52321323bb8,200,1,1,610,Wix,"Bayside Massage Therapy | Sports Recovery Hub in San Rafael, CA | Deep Tissue, Red Light, Suna &amp; Cryo",good,,2026-06-22T13:03:23+00:00
54c63be9-7a43-4e76-98f0-6821465883f3,404,1,1,516,Wix,,broken,,2026-06-22T13:03:23+00:00
cd1fc59e-2b5b-4739-a367-11a95f25913c,200,1,1,1545,WordPress,Sunset Foot Reflexology,good,,2026-06-22T13:03:23+00:00
9fa929cb-9451-4043-80dc-8e00cbf500a7,200,1,1,3154,WordPress,Home - Healus Center,good,,2026-06-22T13:03:23+00:00
e55c40ad-f2ea-4d9b-994d-bfbf03041edb,0,0,0,7247,,,broken,"ssl: HTTPSConnectionPool(host='www.hvplawoffices.com', port=443): Max retries exceeded with url: / (Cause",2026-06-22T13:03:23+00:00
c5b480ff-80f0-4297-8a83-45e0f1cf6f92,200,1,1,694,,Cutting-edge Muscle Therapy Clinic,good,,2026-06-22T13:03:24+00:00
c1d3a445-70c7-4b9b-8ccb-1d5815210db2,200,1,1,522,Wix,Magical Moments of Massage - Massage therapist in Antioch,good,,2026-06-22T13:03:24+00:00
324455f3-64f2-42c1-b5ae-7a00898c9179,200,1,1,393,Squarespace,"Massage Spa &amp; Therapy Westminster CO | Therapeutic, Hot Stone &amp; Swedish Massage Colorado",good,,2026-06-22T13:03:24+00:00
eae70f57-f165-49e6-8077-b8caad62df87,200,1,1,1244,WordPress,Brian Markovitz CMT &#8211; Human Touch Massage Marin,good,,2026-06-22T13:03:24+00:00
71fbd85d-d2bc-4150-8e5b-5365640ea15b,0,0,0,20,,,broken,connection failed,2026-06-22T13:03:24+00:00
6704d09c-1d6f-470f-a431-cc92c19c7f65,200,1,1,545,,"Mill Valley Massage - Massage Therapist in Mill Valley, CA",good,,2026-06-22T13:03:24+00:00
f07afc84-fff8-4763-9b4a-f9abc5564ba0,200,1,1,216,Squarespace,"Top-Rated Massage Therapy in Marin County | Serene Beings - Swedish, Deep Tissue &amp; Prenatal",good,,2026-06-22T13:03:24+00:00
a3ae5272-c224-4ca6-9627-6ec4e6fa4c34,200,1,1,399,,Massage Therapy | Find Massage Online Booking for Massages Near You - MassageBook,good,,2026-06-22T13:03:24+00:00
b40646a4-bb93-4a50-bcb9-844c6239c0c4,200,0,1,173,Squarespace,Somatic Sexual Repatterning Bodywork,weak,,2026-06-22T13:03:24+00:00
b9ac404f-45ae-48c0-815d-1c9340284ab8,200,1,1,1082,,Mill Valley Massage Therapist | Mill Valley Massage | Marin County Wellness,good,,2026-06-22T13:03:25+00:00
daa3f754-beb8-419e-9249-02b7f22191b0,200,1,1,1827,Wix,"Holistic Health Therapies | Massage &amp; Yoga Therapy | Mill Valley, CA",good,,2026-06-22T13:03:25+00:00
10859e7a-5f1f-494f-94fd-57284a6bba6f,200,1,1,357,Squarespace,Sonoma Therapeutic Massage,good,,2026-06-22T13:03:25+00:00
cdcc44b8-ad48-4521-a1ae-1082a9252e34,200,1,1,3806,WordPress,Renovia Massage Center - Making You Better Through Massage,good,,2026-06-22T13:03:25+00:00
9b44231b-8fe5-4961-8ec6-cde157b51997,404,1,1,199,,Fresha - Instantly book salons and spas nearby,broken,,2026-06-22T13:03:25+00:00
cf89e614-9194-4a50-bd45-5e092878ffa7,200,1,1,524,,Sonoma Deep Tissue Massage,good,,2026-06-22T13:03:25+00:00
ff2dc846-2f64-40a5-b92e-d962e3fd814b,200,1,1,444,Wix,Yoga Therapy | Stress Management Center,good,,2026-06-22T13:03:25+00:00
5b79d5f4-0721-4897-9eb0-077ce2944b71,0,0,0,109,,,broken,connection failed,2026-06-22T13:03:25+00:00
2805916d-39b0-47bf-bf3c-6d0856198828,0,0,0,104,,,broken,connection failed,2026-06-22T13:03:25+00:00
2513d0e6-e63a-4370-b325-3f9061d0b8a9,202,1,0,325,,,weak,,2026-06-22T13:03:25+00:00
3de16e69-4725-46bb-8336-0839a7f260bb,404,0,1,520,WordPress,Page not found &#8211; Sunrise Foot Reflexology,broken,,2026-06-22T13:03:25+00:00
8c62fd76-1583-4603-b777-f8b0824e3b68,200,1,1,255,WordPress,Best Medical Spa in Kentfield CA | Bare Skin Marin,good,,2026-06-22T13:03:25+00:00
cdc91a54-76e6-465e-879a-2a904c85562d,200,1,1,299,,Haus of Marin,good,,2026-06-22T13:03:25+00:00
d12335ba-5273-45c3-a6ac-9f00cc83ef6c,200,1,1,353,WordPress,DermaPure Aesthetics - A Boutique Aesthetic Experience in Marin,good,,2026-06-22T13:03:25+00:00
497f04fa-7e3e-48ce-a7d5-fc6ec1af5941,200,1,1,3010,,GACOR69 : Link Slot Gacor Situs Resmi Hari Ini Slot777 Gampang Maxwin,good,,2026-06-22T13:03:26+00:00
1bd7f752-0b7f-4eca-a5c8-f2f31b268c6c,200,1,1,2577,WordPress,Leo Therapeutics,good,,2026-06-22T13:03:26+00:00
2dae06e5-7925-4076-ad86-bfafa1da4ba8,200,1,1,672,,"Eminent Beauty Medical Aesthetics Spa in Marin County, CA",good,,2026-06-22T13:03:26+00:00
7e757adc-f60b-4199-9f36-e1063fbbc732,200,1,1,432,Shopify,Jeunesse Tiburon,good,,2026-06-22T13:03:26+00:00
508ffc4f-d57d-4009-97b6-6ec086092c9a,200,1,1,372,GoDaddy,Opulence Medical Spa | Beauty Backed by Science,good,,2026-06-22T13:03:26+00:00
7e4c836a-cca4-487c-9eac-33aac8a84255,404,1,1,355,Wix,,broken,,2026-06-22T13:03:26+00:00
6149abd0-57a7-429f-b58a-3e24eb42dc8e,200,0,0,1196,,,weak,,2026-06-22T13:03:26+00:00
bc5a068f-11d4-45f2-807c-9cd9c1157387,200,1,1,239,Squarespace,Sonoma Med Spa by Catalina,good,,2026-06-22T13:03:26+00:00
399392c9-b100-4f2d-87ec-453378fa2240,0,0,0,15342,,,broken,connection failed,2026-06-22T13:03:26+00:00
5a6551a7-a438-4d14-98d1-8aea50d8ee51,200,1,1,430,Squarespace,"Sonoma MD Medical Spa - Sonoma MD Medical Spa | Botox, Fillers &amp; Skin Rejuvenation in Sonoma CA",good,,2026-06-22T13:03:26+00:00
1861395c-735e-4838-a820-05a026ac34d9,200,1,1,297,Squarespace,thriveMD,good,,2026-06-22T13:03:26+00:00
77e13576-7e6f-4d48-b501-94d18a946a23,404,1,0,171,Squarespace,Squarespace - Website Expired,broken,,2026-06-22T13:03:26+00:00
4e82a51a-8c4a-421c-ad40-732f58dd8527,200,1,1,386,Squarespace,Contact Us | Verre Aesthetics,good,,2026-06-22T13:03:26+00:00
5292af9a-03ce-4784-b115-ba677af2c4bd,200,1,1,204,,Levant | Halal Mediterranean Restaurant Petaluma,good,,2026-06-22T13:03:26+00:00
4e106aaa-c1c2-472d-90cf-20f1cead098d,200,1,1,381,Squarespace,B. So Well,good,,2026-06-22T13:03:26+00:00
d3fa7f02-8b77-4fc4-8038-816e19c3766e,200,1,1,370,WordPress,"Fairfix Cafe | Local Flavor in Fairfax California - Breakfast, Lunch and Dinner",good,,2026-06-22T13:03:27+00:00
a0ae5393-a5cf-4dec-80aa-d377a1cbb378,200,1,1,1193,WordPress,"Aesthetic Physicians in Petaluma, CA | Institute for Health Management Aesthetics",good,,2026-06-22T13:03:27+00:00
2dcdfc12-e0e1-445f-a7af-32bb714afc56,200,1,1,431,,Casa Manana Restaurant Near Me - Pickup and Delivery,good,,2026-06-22T13:03:27+00:00
70053475-c463-4ee7-a00e-4534024d1089,404,1,1,420,WordPress,Page Not Found - Chowhound,broken,,2026-06-22T13:03:27+00:00
7589cb9b-36f8-4e15-9061-073d62e3cd9b,200,1,1,343,,Home | La Casa Restaurant,good,,2026-06-22T13:03:27+00:00
7dc5b312-4e86-4d5c-bc76-91b1366c54f9,200,1,1,4084,WordPress,"Joe Linn Massage - Petaluma, CA - Certified Massage Therapist",weak,,2026-06-22T13:03:27+00:00
2c40e988-cc35-4a8c-97ec-8a052bc69cd7,200,1,1,774,,"Dalida | Mediterranean Restaurant in San Francisco, CA",good,,2026-06-22T13:03:27+00:00
5e175797-5530-4a9d-b8b8-6c5c4e474f9e,200,1,1,288,,Websites | | lolas-taqueria,good,,2026-06-22T13:03:27+00:00
0206f6fa-31af-4c93-9f05-22d8e7fe39fe,200,0,0,261,,,weak,,2026-06-22T13:03:27+00:00
fe7c7757-9149-49ac-8443-247cebf6dedb,200,1,1,120,,Mas Masa,good,,2026-06-22T13:03:27+00:00
376dd12b-ae1a-4d19-b106-35defe343123,0,0,0,0,,,broken,InvalidURL: Failed to parse: http://www.​facebook.​com/​TaqueriaLaFiesta,2026-06-22T13:03:27+00:00
3c3d1e70-075f-4a04-a140-ab46f5f7a5c3,200,1,1,221,GoDaddy,Mi Pueblo &#8211; Marin,good,,2026-06-22T13:03:27+00:00
ad0063d1-82de-485f-9735-ebe9d3f1f98e,0,0,0,111,,,broken,connection failed,2026-06-22T13:03:27+00:00
787e9cf3-f410-4c99-8f97-71238a6835d0,403,1,1,215,,Just a moment...,broken,,2026-06-22T13:03:27+00:00
61c82dca-0410-43a2-924d-601807db1828,200,1,1,208,,"Taqueria Los Potrillos — Authentic Mexican Food in Petaluma, CA",good,,2026-06-22T13:03:27+00:00
2a85f432-347f-4abe-8ca0-03903f1d396e,200,1,1,226,WordPress,"Tommy&#039;s Salsa, Novato Mexican Restaurant. Fresh, authentic food",good,,2026-06-22T13:03:27+00:00
f0e38a0a-9a00-4d70-9786-1702791753f0,202,0,0,900,,,weak,,2026-06-22T13:03:27+00:00
bf86c0d2-49c0-4403-9eef-558af66b163b,200,1,1,250,WordPress,"Foodie - Live a Delicious Life: Kitchen Tips, Culinary History, Restaurant Recs",good,,2026-06-22T13:03:27+00:00
e8c70dde-425f-46f9-8166-f06476926ba8,200,0,0,277,,Clear2Close Brokers,weak,,2026-06-22T13:03:27+00:00
fbb1ed25-d77d-409c-9bd1-bb706a13316b,200,1,0,259,,Page Not Found,weak,,2026-06-22T13:03:28+00:00
f20b5701-9f36-4629-9076-cb62ef3f9fb6,200,1,1,242,Wix,Loans by Jill Carrade | CDLP Divorce Mortgage Specialist | Marin &amp; Burlingame,good,,2026-06-22T13:03:28+00:00
be2b2177-62d9-407c-9f13-c4ebe0c3bb2f,200,1,1,780,Wix,"Quiote Mexican Restaurant | visit petaluma | 121 Kentucky St, Petaluma, CA 94952, USA",good,,2026-06-22T13:03:28+00:00
0490bf75-aca6-4e8a-b72b-367b672480b8,200,1,1,3071,WordPress,Allume Med Spa,good,,2026-06-22T13:03:28+00:00
266a7ebf-ee4c-4afc-b30b-edecefb36407,200,1,1,481,,"Larry Martinez, Providing Low Rate No Hassle Mortgages",good,,2026-06-22T13:03:28+00:00
ce1e88d2-0e3a-4a42-a11f-381594521cde,200,1,1,390,WordPress,"Marney Solle - Larkspur, CA Mortgage Loan Officer | CrossCountry Mortgage",good,,2026-06-22T13:03:28+00:00
2c5f49e3-5c79-4413-966c-e6423ddf722e,200,1,1,828,,Mayfair Mortgage Advisors,good,,2026-06-22T13:03:28+00:00
b9636daa-18f2-4231-869e-6f272f41f47d,403,0,1,101,,CNAME Cross-User Banned | Cloudflare,broken,,2026-06-22T13:03:28+00:00
56ee1430-48be-4f48-b3a4-9a80a4978c76,404,0,1,1549,WordPress,Page not found - Las Guitarras de Novato,broken,,2026-06-22T13:03:28+00:00
439a4c4f-be37-4648-a7d9-64f12152593b,200,1,1,574,,Realtor Certification Class - Mary Jo Lafaye,good,,2026-06-22T13:03:28+00:00
2a43fe6e-e722-4b29-a1e1-202b309a9e87,200,1,0,10542,GoDaddy,Home,weak,,2026-06-22T13:03:29+00:00
fd294450-4ae8-4510-9897-43dc752e7b8b,200,0,1,991,WordPress,"Home Loan Lenders — Loankea ᐉ Helping You to Buy, Save and Grow",weak,,2026-06-22T13:03:29+00:00
703b1871-1bcf-45c3-be02-13de485728db,200,1,1,292,Squarespace,ARTxDECO Nail Studio,good,,2026-06-22T13:03:29+00:00
44ee42f5-d67c-4b6b-8ed0-f6c88e34161d,200,1,1,829,,"Todd A. Snyder: Expert Mortgage Solutions | Accomplished, Experienced Real Estate Finance Advisor",good,,2026-06-22T13:03:29+00:00
5e31d87b-a44e-475a-aa45-e8e3eeee2f38,200,1,1,1581,WordPress,"Home Loans in Larkspur, CA Branch #4078 | CrossCountry Mortgage",good,,2026-06-22T13:03:29+00:00
849139ae-60a2-4220-bc1e-18287bda9fe2,0,0,0,111,,,broken,connection failed,2026-06-22T13:03:29+00:00
b4a179d6-c41a-4d8e-8f22-4aa2681e27c6,0,0,0,15,,,broken,connection failed,2026-06-22T13:03:29+00:00
7e06e6ee-77d6-4918-8944-7af17ee89527,0,0,0,7,,,broken,connection failed,2026-06-22T13:03:29+00:00
0de2e728-873a-4bb1-8b65-7d2f3ca23ad8,200,1,1,254,Webflow,Luxury Vacation Home Rentals &amp; Private Villas | BeautifulPlaces,good,,2026-06-22T13:03:29+00:00
fa640892-5138-4f54-bc7e-f5c04cc55c7c,200,1,1,485,WordPress,"Allure Nails &amp; Spa | Nail salon in Petaluma, California &#8211; Best Nail Salon in Petaluma",good,,2026-06-22T13:03:29+00:00
8e696bf3-41a3-491c-95f9-f9b826698d37,200,1,1,966,WordPress,Point Reyes Lodging | Motel Inveness | Point Reyes National Seashore Vacation,good,,2026-06-22T13:03:29+00:00
7ab7a42a-d9e4-481d-8c18-2de3f59e4cb8,200,1,1,1026,,VARRIS Mortgage Solutions: The secret to low mortgage rates in Califoria,good,,2026-06-22T13:03:29+00:00
0b0f3bb2-ca80-49eb-bf43-b2ea43f532b0,403,1,0,275,,,broken,,2026-06-22T13:03:29+00:00
a483c991-8cf3-4222-91a7-ceb5368886fb,200,1,1,151,Webflow,"Holly Nails, Manicurists, Pedicurist, 777 E Blithedale Ave",good,,2026-06-22T13:03:29+00:00
b05686a0-61fc-49c6-b676-41806e0b9cac,200,0,1,307,,Nail salon Mill Valley - Nail salon 94941 - Marin Nail Care,weak,,2026-06-22T13:03:30+00:00
22c8c5fb-19a3-4a58-88c6-6a99e06ddcf9,410,1,1,973,,"Polished Nail Spa, 539 Magnolia Avenue, Larkspur, CA - Groupon",broken,,2026-06-22T13:03:30+00:00
a6395ff6-5962-4b72-85cb-851ec8906f96,200,1,1,597,,Chloe Nails & Spa,good,,2026-06-22T13:03:30+00:00
65930fc4-b20e-4195-8810-fc7ec7537dd0,200,1,1,1575,WordPress,Sequence Mortgage | Personalized Mortgage Solutions,good,,2026-06-22T13:03:30+00:00
3f334f85-5e44-486e-afa1-ba7b46472102,0,0,0,110,,,broken,connection failed,2026-06-22T13:03:30+00:00
3bb30e50-64ab-4434-81f6-e54d7950b30d,0,0,0,45,,,broken,connection failed,2026-06-22T13:03:30+00:00
ecbc350c-5595-438a-85ec-b3bbf418f4f1,200,1,1,1168,,"Amazing Nails, 2052 4th Street, San Rafael, CA - Groupon",good,,2026-06-22T13:03:30+00:00
3aeb6223-929f-4f7d-9a60-bc87ca77164c,0,0,0,40,,,broken,connection failed,2026-06-22T13:03:30+00:00
2ccf6c52-2099-445e-a59d-45038cdc17f1,200,1,1,591,WordPress,Larkspur Salon Spa,good,,2026-06-22T13:03:30+00:00
464415a8-8164-4f94-a3f2-ec37989635c6,200,1,1,286,,"Nails #1 | Nails Services | Nails Enhancements | Waxing services | Sausalito, CA 94965",good,,2026-06-22T13:03:30+00:00
3960e069-284b-49e9-8c7e-1aff8222a642,403,1,1,71,,Just a moment...,broken,,2026-06-22T13:03:30+00:00
6d08c451-c387-4872-a520-6be632406db7,200,1,1,892,,California Board of Barbering and Cosmetology,good,,2026-06-22T13:03:30+00:00
47b2fb5c-bf30-40d1-8dc2-3394029c8bb7,0,0,0,77,,,broken,connection failed,2026-06-22T13:03:30+00:00
54f3ec5e-61a8-4f5a-be33-da7e75719613,200,1,1,846,,California Board of Barbering and Cosmetology,good,,2026-06-22T13:03:30+00:00
eb93428f-c232-4d9e-a463-08c45aa7b5e1,200,0,1,347,,Rainbow Nails Spa,weak,,2026-06-22T13:03:30+00:00
9c37840a-7091-48fb-aa1a-807152131fde,200,1,1,405,Squarespace,"Hair Salon New York | Dé-al Salon | Great Neck, NY",good,,2026-06-22T13:03:30+00:00
ac323eba-e9f9-4700-b347-8662e238131b,200,1,1,5544,WordPress,Organic Massage Therapy in Mill Valley by Dalila Cunha - Waterfall Healing,weak,,2026-06-22T13:03:30+00:00
463d86bd-79ad-49e8-8034-bf01ed433cec,200,0,1,408,WordPress,Clavey Paddlesports | Kayaks | Stand Up Paddleboards | Rafts,weak,,2026-06-22T13:03:30+00:00
82517264-8fbd-4f49-a0d7-9284cd2975d3,0,0,0,42,,,broken,connection failed,2026-06-22T13:03:30+00:00
afad9016-875a-4f49-9be3-a50283fd3a70,200,0,0,4026,,La Hacienda Taqueria,weak,,2026-06-22T13:03:31+00:00
544760f2-9e2e-4587-851e-963a2c8658b2,200,1,1,1046,Shopify,Marlowe | Modern Nail Care &ndash; MARLOWE,good,,2026-06-22T13:03:31+00:00
66ca73bb-9268-40f8-b1a9-bffd497d8226,200,1,1,367,Squarespace,Eyes on Magnolia,good,,2026-06-22T13:03:31+00:00
79a0bfd9-e73b-4e6c-bc87-cab8c981a2cb,404,0,0,658,WordPress,"Dean Ezaki, O.D. &raquo; Page not found",broken,,2026-06-22T13:03:31+00:00
f2591ac8-3dc9-4f41-976b-86c0e2782242,202,0,0,172,,,weak,,2026-06-22T13:03:31+00:00
62073413-4804-4e5a-8149-957552259c7c,200,1,1,1123,,NEO Nails spa | Petaluma [ Book now ],good,,2026-06-22T13:03:31+00:00
39dc88a1-b4ff-41ba-93d0-06371815fe23,200,0,1,169,WordPress,"Bales &amp; King Orthodontics | Invisalign &amp; Braces in Novato &amp; Santa Rosa, CA",weak,,2026-06-22T13:03:31+00:00
6e78aac0-f1dc-4f66-9c2c-993e021de4d1,200,1,1,253,WordPress,"Orthodontist in Sonoma | Laurent Orthodontics | Braces, Invisalign",good,,2026-06-22T13:03:31+00:00
6f469c44-e950-4545-aa9d-0640f2145477,200,1,1,471,Weebly,Home,good,,2026-06-22T13:03:31+00:00
0e75413a-230f-4d2f-b0be-afcfce13c90c,200,1,1,205,Squarespace,parikh orthodontics,good,,2026-06-22T13:03:31+00:00
9b0cb666-8da9-45f8-96f4-38f0d6f3ee8f,200,1,1,380,,Nielsen Orthodontics | Novato Orthodontics | Tiburon Orthodontics | Orthodontist | Invisalign | Braces,good,,2026-06-22T13:03:31+00:00
3f444db8-4c15-4c74-88c3-602f7e728c7c,200,1,1,396,,Nielsen Orthodontics | Novato Orthodontics | Tiburon Orthodontics | Orthodontist | Invisalign | Braces,good,,2026-06-22T13:03:31+00:00
12cca648-43ce-4a7f-a86d-ff3724bf8208,0,0,0,541,,,broken,"ssl: HTTPSConnectionPool(host='www.marinbraces.com', port=443): Max retries exceeded with url: / (Caused ",2026-06-22T13:03:31+00:00
80c0a44b-8bf8-4899-9084-47b6dd44853a,200,1,1,1496,,Shangri-la Nail And Spa,good,,2026-06-22T13:03:31+00:00
7d57c13f-c311-441d-bb40-11dce458efa7,0,0,0,117,,,broken,connection failed,2026-06-22T13:03:31+00:00
0f353d69-ac0b-43dd-8076-cf67d352c2e3,0,0,0,48,,,broken,connection failed,2026-06-22T13:03:31+00:00
1ebf6cea-c642-4ebb-8bad-f1e9dacd33d5,200,1,1,3445,WordPress,Guarantee Mortgage | Home Mortgages and Home Loans,good,,2026-06-22T13:03:31+00:00
b0d7dc00-fe77-4053-9df9-ddc1f5059bb5,200,1,1,1003,,Doctor-Led Optometrist in San Rafael | Lumina Optometry,good,,2026-06-22T13:03:31+00:00
1e186cbd-8982-4471-b09c-d379946c4365,200,1,1,242,WordPress,Orthodontist Novato CA Invisalign Braces | Wilson and Kim Orthodontics,good,,2026-06-22T13:03:31+00:00
d6a2bba7-84e2-4f38-9e30-319e16bdeb82,200,1,0,250,,"Valley Orthodontics, San Rafael, CA (Marin County) - YouTube",weak,,2026-06-22T13:03:31+00:00
ec7dd5d4-0c84-46bb-8d49-b8f9b0dd260a,200,1,1,1666,WordPress,Dedicated Eye Doctors in Petaluma | Bright Eyes Optometry,good,,2026-06-22T13:03:32+00:00
e3ddfec3-3fc1-4c8a-8b49-33978fbfefa5,200,1,1,185,Webflow,Pediatric Dentist in Petaluma | Petaluma Kids Dental Care,good,,2026-06-22T13:03:32+00:00
0e2e91f8-7bdb-49b9-9e02-0e5331c797d6,200,1,1,183,Webflow,"Pediatric Dentist in Novato, CA · Board-Certified | Poppy Kids",good,,2026-06-22T13:03:32+00:00
1dc16038-f3f6-4b77-b841-2f2d8ff79e9b,200,1,1,1700,WordPress,Eye Doctors &amp; Comprehensive Eye Exam | Total Vision Novato,good,,2026-06-22T13:03:32+00:00
9ce18786-c056-44ae-a5e6-3b94f72e86bc,200,1,0,462,,United Striping 101 - Your Custom Striping Contractors for Northern California,weak,,2026-06-22T13:03:32+00:00
1e994c59-1c32-4a95-a6ca-b5580519030f,200,1,1,441,Squarespace,Mt Tam Pediatric Dentistry Corte Madera,good,,2026-06-22T13:03:32+00:00
8dcfc61c-10c8-4da6-ada4-6bf23e3c22aa,400,0,0,170,,400 Bad Request,broken,,2026-06-22T13:03:32+00:00
a30b6135-3d05-4ede-8f9c-0bf18caa2c6b,200,1,1,168,,Online Ordering | Clover,good,,2026-06-22T13:03:32+00:00
6f56e995-7e24-48dc-9f02-8afa795da389,0,0,0,602,,,broken,"ssl: HTTPSConnectionPool(host='www.novatopediatricdentistry.com', port=443): Max retries exceeded with ur",2026-06-22T13:03:32+00:00
753257b0-e86a-435d-b915-bd8b88e59a76,200,1,1,439,Squarespace,Pediatric Dentist in San Francisco | Seedling Kids Dentistry,good,,2026-06-22T13:03:32+00:00
6ffcb51d-94bb-4d1a-a5bd-175dbbd4569a,200,1,1,440,,Sunnyside: A Fun & Caring Pediatric Dentist in Marin County,good,,2026-06-22T13:03:32+00:00
c6531749-b35c-4c03-a00c-6d985f6529b2,200,1,1,397,,Workers&#x27; Compensation Attorney - San Rafael,good,,2026-06-22T13:03:32+00:00
cac9d3e9-4da1-41e7-833a-cbaf027ef762,200,1,1,248,,Levitz Legal Group – Novato Work Comp &amp; Injury Lawyer,good,,2026-06-22T13:03:32+00:00
b79e34d4-cc9e-4384-8a5f-009b25618701,200,1,1,496,WordPress,San Francisco Personal Injury Lawyer - MJQLAW,good,,2026-06-22T13:03:32+00:00
70f2fd38-bbce-4516-a5a8-4b4d7916346c,200,1,1,385,Squarespace,"Martino &amp; Rossi Law Firm, PC",good,,2026-06-22T13:03:32+00:00
133fd481-c05b-4b92-8880-c220e429fa28,200,1,1,287,WordPress,San Francisco Bay Area Personal Injury Attorney - San Francisco Bay Area Personal Injury Lawyer,good,,2026-06-22T13:03:32+00:00
a0b6109d-1a78-40b0-9ede-837cce9e45b1,200,1,1,154,WordPress,Home - The Abel Firm,good,,2026-06-22T13:03:33+00:00
14668d44-1f3e-4cc2-b13a-64c2553ccd8e,404,0,0,100,,Site Not Configured | 404 Not Found,broken,,2026-06-22T13:03:33+00:00
5e054cc4-7bb1-4bdb-9c1a-e8f1aabc3431,200,1,1,250,WordPress,"Thomas F. Keating, Jr. - The Freitas Law Firm",good,,2026-06-22T13:03:33+00:00
d3649c37-ccb1-41fe-b5c0-c0ebbd5022ff,202,0,0,131,,,weak,,2026-06-22T13:03:33+00:00
b2476195-ab6b-48a1-9123-bd3e36ac4436,202,0,0,78,,,weak,,2026-06-22T13:03:33+00:00
0f3813fe-bf24-45f8-8a71-3b52fc6e195f,200,1,1,671,WordPress,"Synergist Law, P.C. | Catastrophic Injury Attorney in San Rafael",good,,2026-06-22T13:03:33+00:00
d77f8a8e-a730-4239-9aad-20c65aedcba7,200,1,1,316,GoDaddy,Catering Services &amp; Curated Culinary Experiences | Allikai Group Sonoma,good,,2026-06-22T13:03:33+00:00
c2c72ac1-5610-4038-b0ae-97e86ecf2b87,200,1,1,192,Squarespace,Park-A-Pup,good,,2026-06-22T13:03:33+00:00
735da109-fe7f-432b-8069-4562cf979bdb,0,0,0,375,,,broken,"ssl: HTTPSConnectionPool(host='www.quinuarestaurant.com', port=443): Max retries exceeded with url: / (Ca",2026-06-22T13:03:33+00:00
b355bd31-bbca-426a-9d55-e16debf58c84,200,1,1,179,Squarespace,Vintage Dog Ranch,good,,2026-06-22T13:03:33+00:00
26f4276e-35f0-4e53-a8d6-48c341d72c85,200,0,1,333,,,weak,,2026-06-22T13:03:33+00:00
f54e3d5d-bda7-473b-8e1e-b9996798b420,200,1,1,2042,Wix,"Home | Gila C. Dorostkar, Pediatric Dentistry",good,,2026-06-22T13:03:33+00:00
78f68b60-f2fd-4878-97b6-3094c70af09c,200,0,1,3060,WordPress,"Optometrist in Larkspur, CA | Larkspur Landing Optometry",weak,,2026-06-22T13:03:33+00:00
89c66469-9b91-4d67-a226-89bdbe198853,200,1,1,2104,Wix,"Home | Gila C. Dorostkar, Pediatric Dentistry",good,,2026-06-22T13:03:33+00:00
72f120f2-f3ca-413e-a4f3-baa25cba50d7,200,1,1,1833,WordPress,"Pediatric Dentist in Sonoma, CA | Sonoma Pediatric Dentistry",good,,2026-06-22T13:03:33+00:00
ba4345b1-abcb-41bd-a19f-5acf13fe99e2,200,1,1,598,WordPress,We Are Dog People | Bay Area Daycare and Boarding | The Tail Haven,good,,2026-06-22T13:03:33+00:00
5e39b2ec-0acb-4427-b202-9adf8dc98fa5,200,0,1,349,,Home - Cove Grooming,weak,,2026-06-22T13:03:33+00:00
5dc16f55-ad53-4626-bf68-6e162219dd31,0,0,0,103,,,broken,connection failed,2026-06-22T13:03:34+00:00
ce926a10-e8ee-4d02-8601-71c11bb9a02f,200,0,0,164,GoDaddy,Home,weak,,2026-06-22T13:03:34+00:00
7bdf662f-e07d-4c85-a602-6d94a5ea98ff,200,1,1,630,GoDaddy,"Drooly Dogue Pet Grooming - Custom Hair Cuts, Pet Groomer, Hair Cuts and De-Shed Baths, Custom Hair Cuts",good,,2026-06-22T13:03:34+00:00
c01b8fac-8a01-4b11-8d28-868e9f2c061d,200,1,1,540,Wix,Fur Cat's Sake Cat Spa &amp; Shop,good,,2026-06-22T13:03:34+00:00
b1fc3633-bc43-4e20-9ba1-380dce9ebb26,404,0,0,397,Squarespace,Squarespace - Website Expired,broken,,2026-06-22T13:03:34+00:00
8d54a0d5-021e-4f27-8659-d24813119e12,200,1,1,459,Squarespace,Dog Trot by Chris,good,,2026-06-22T13:03:34+00:00
9c54b3d8-bcbc-4c80-9c65-72cf92f612e3,404,1,1,440,Wix,,broken,,2026-06-22T13:03:34+00:00
2227dd6e-b71a-423e-a839-8e4ead7dfcee,200,0,0,158,,Hunt &amp; Behrens Home Page,weak,,2026-06-22T13:03:34+00:00
e3f4a41d-a01f-4922-a834-9222bb5af0a1,200,1,1,1938,WordPress,"Rush Injury Law, Marin County, San Rafael, Novato",good,,2026-06-22T13:03:34+00:00
c57a37e0-3185-4a1c-afe1-d85120215cd1,200,0,1,559,,ä¹ç«ä½è²Â·ä¹ç«å®æ¹ç½ç«-ä¹ç«online(ä¸­å½),weak,,2026-06-22T13:03:34+00:00
c25f954c-804e-4954-a031-a235896d3412,200,0,0,196,,Red Hill Pet Center,weak,,2026-06-22T13:03:34+00:00
579f905f-615d-4ad7-9d5c-4d5cebab96c0,200,0,0,332,,Marin Tack 'n' Feed Home,weak,,2026-06-22T13:03:34+00:00
38506c60-e3b5-4743-85ca-fe99b127dac6,200,1,1,365,Squarespace,Woof! Sonoma Dog Boutique,good,,2026-06-22T13:03:34+00:00
a569c14d-0b2a-4d65-acac-d6388a48e2ae,200,1,1,437,Squarespace,Spot Pet Care,good,,2026-06-22T13:03:34+00:00
9aa6ec99-27ba-4fd1-b3fa-b7d9eff66ac8,200,1,1,615,Shopify,Performance Equine Nutrition | Well-Being for Performance Horses,good,,2026-06-22T13:03:35+00:00
2ee91e77-beb3-48b3-904c-391095d30a5b,200,1,1,795,Weebly,Home | SALTY PUP,good,,2026-06-22T13:03:35+00:00
da586be7-1345-4087-a09b-bdcc0e65c73d,200,1,1,3734,WordPress,Home | Petaluma Braces | Petaluma Dentists | Dentists in Petaluma,good,,2026-06-22T13:03:35+00:00
9404b7c3-e21b-4f77-9f9b-2c8ed016559a,200,1,1,472,WordPress,Jet Physio | Sports Rehab in Marin | Surgery Recovery,good,,2026-06-22T13:03:35+00:00
cfc038c9-3087-42c5-80dd-bfbcdbb2d9a2,200,1,1,480,Squarespace,Kathleen McDonough,good,,2026-06-22T13:03:35+00:00
2e1079c9-fb38-4e79-b868-1b4168fcc9b5,200,1,1,3136,WordPress,Home - The Law Offices of Ian Zimmerman,good,,2026-06-22T13:03:35+00:00
b4ff74f9-6765-483b-88f5-e920e8dc08a1,403,0,1,263,,Access Denied,broken,,2026-06-22T13:03:35+00:00
9d838eec-e4ca-4edc-aeed-9498e0143fa4,200,1,1,260,GoDaddy,Ross Valley Physical Therapy,good,,2026-06-22T13:03:35+00:00
7a6b8e4c-2f06-4ae3-bd92-0f115cbbecd1,0,0,0,119,,,broken,connection failed,2026-06-22T13:03:35+00:00
9e9834c0-f922-49ed-882c-c0b19606c64a,200,1,1,333,WordPress,Total Athletic Movement Physical Therapy &#8211; Deeper than the pain to find real solutions,good,,2026-06-22T13:03:35+00:00
f162cda9-e97f-4c6b-bbd1-45b33d404fb9,200,1,1,507,Wix,"Rivertown Physical Therapy | Dr. Justin Weeks, PT, OCS | Petaluma, CA",good,,2026-06-22T13:03:35+00:00
a236e085-64d5-4dac-bce0-eb3a33c179f1,200,1,1,403,GoDaddy,Home - Pilates to Move,good,,2026-06-22T13:03:35+00:00
aeabde02-160e-4a1d-8c9b-daa52e6317bd,200,1,1,1252,,BaseCamp Performance Collective | Bridging Rehab and Perform,good,,2026-06-22T13:03:35+00:00
9cafad74-b532-4c5f-9fbc-187b0da7124d,200,1,1,241,Squarespace,Pilates Sessions and Holistic Nutritional Consultation,good,,2026-06-22T13:03:35+00:00
fa42a604-1119-4019-b8c4-f1b439afa14b,200,1,1,282,GoDaddy,Pilates Workout in Petaluma - Luv Pilates,good,,2026-06-22T13:03:36+00:00
0035b5c7-1688-4c42-baa5-a6af7b0b11b8,200,1,1,769,Wix,"Home | Womensrootwisdom. Holistic Pelvic Physical Therapy. San Anselmo, CA.",good,,2026-06-22T13:03:36+00:00
1451e5fe-b52f-4040-ae1d-15b0b0d79c99,200,1,1,455,Squarespace,Pilates Tiburon Firon Fitness,good,,2026-06-22T13:03:36+00:00
d8c467d6-ff6d-4776-87e5-8f558cada4d9,200,1,1,444,Squarespace,Spiral Studio,good,,2026-06-22T13:03:36+00:00
86c08a3c-0fd6-40cb-90e0-3e19c750c3f6,200,1,1,603,Wix,Powerflow Pilates | Pilates studio in sonoma | California,good,,2026-06-22T13:03:36+00:00
90f677eb-e314-4d45-888b-b2c3d073bdaa,200,1,1,2520,WordPress,HOME - GEORGE,good,,2026-06-22T13:03:36+00:00
1a57db4c-ccf0-4c65-bc7a-49e49965aafa,200,1,1,663,WordPress,stay88 สล็อตเว็บตรง โบนัสจัดเต็ม ฝากถอนออโต้ 24 ชั่วโมง,good,,2026-06-22T13:03:36+00:00
5a452b09-8ce7-4813-b3f8-d909849e1d46,200,1,1,367,Squarespace,The Studio Pilates Marin,good,,2026-06-22T13:03:36+00:00
3aea9a3b-d6fc-4436-9612-2d098faa4e1d,200,1,1,475,Wix,Home | THEFLOWSPACEStudio | Gyrotonic | San Anselmo,good,,2026-06-22T13:03:36+00:00
7e4b506a-a982-46b4-a958-743df1eedd2b,200,1,0,172,WordPress,Home - Lo Coco&#039;s Authentic Italian PizzeriaLo Coco&#039;s Authentic Italian Pizzeria &lsaquo; Terra Linda,weak,,2026-06-22T13:03:36+00:00
91cbf4c8-5c9a-496b-a38c-bb9eb84ee711,200,1,1,239,Squarespace,Hank&#39;s,good,,2026-06-22T13:03:36+00:00
ac5bb3b8-0935-4bc3-a3cf-899e05d14552,200,1,1,265,GoDaddy,"Best Pizza in Marin County | Ghiringhelli's Pizzeria – Fairfax, CA",good,,2026-06-22T13:03:36+00:00
470e7de8-48af-49bd-b1a8-65de3e178ba0,403,1,1,116,,Just a moment...,broken,,2026-06-22T13:03:36+00:00
9a55c05e-2a05-447e-80c9-ab80c17fff4c,200,1,1,537,,JAWA88 # Daftar Situs Apk Slot Online Gacor Live RTP Tertinggi Hari Ini,good,,2026-06-22T13:03:37+00:00
b3f7c80d-dad4-4567-a1e6-8373a4276ffe,0,0,0,9,,,broken,connection failed,2026-06-22T13:03:37+00:00
410b9163-f8cc-43bc-912e-dfb9f6cfb6dd,202,0,0,331,,,weak,,2026-06-22T13:03:37+00:00
9e53dd7a-9cbe-4907-9449-dd405ad0613f,200,1,1,710,Squarespace,"Pilates ProWorks - Marin - Best Reformer Pilates in the Bay. Group classes, 1-on-1 sessions, all on our FitFormer",good,,2026-06-22T13:03:37+00:00
3a87ca73-17f5-4951-8735-b55c403b6e29,200,1,1,383,Squarespace,pizzalina,good,,2026-06-22T13:03:37+00:00
e1988a8b-5a85-465c-908e-8a4098cabe9a,200,1,1,492,Wix,Mulberry Street Pizzeria | Homemade Pizza,good,,2026-06-22T13:03:37+00:00
d951dc47-cd8e-4c9f-b3e6-1cdc7bc9f1c4,200,1,1,417,Wix,"Rocco's Pizza Mill Valley (415)388-4444 Dine in, to-go or delivery",good,,2026-06-22T13:03:37+00:00
82dfd070-6922-4588-abb8-8dde2926ab22,200,1,1,242,Wix,Home | AR Plumbing Inc,good,,2026-06-22T13:03:37+00:00
33cd6bb4-cdd7-4a24-8f81-19b02bb10df4,200,1,1,238,Wix,Alpha Trenchless: Expert Sewer Lateral in Marin &amp; Sonoma Counties,good,,2026-06-22T13:03:37+00:00
a8a1d752-0024-4b90-b9d7-9ddc6d9b5b7f,0,0,0,120,,,broken,connection failed,2026-06-22T13:03:37+00:00
cc155aaf-c066-4426-b4e9-72de57559d77,0,0,0,8,,,broken,connection failed,2026-06-22T13:03:37+00:00
b6f8a87e-6830-4b7c-bc68-5a19b0e5545b,200,1,1,434,GoDaddy,Vinny&#039;s Pizza And Cocktails | Best New York Style Pizza,good,,2026-06-22T13:03:37+00:00
c6959e5e-16a0-466f-8780-997ab9cef7b0,200,1,1,285,,"Plumbing, Plumber Novato, CA | Baswell Plumbing",good,,2026-06-22T13:03:37+00:00
e3aad267-f81f-45e8-94bf-50f1d3e0391f,200,1,1,623,,"777 Plumbing Inc., Vía Casitas, Greenbrae, CA, USA",good,,2026-06-22T13:03:37+00:00
d3016ac8-6237-4953-be5f-19a25974d81f,202,0,0,133,,,weak,,2026-06-22T13:03:37+00:00
3151a376-9b22-461d-b420-a8485d8abedf,200,1,1,505,GoDaddy,"Desired Plumbing, Inc.",good,,2026-06-22T13:03:37+00:00
1d6bf0d4-816b-406b-86b6-4464cb65e0cf,202,1,0,278,,,weak,,2026-06-22T13:03:37+00:00
3f72bac6-603e-4b15-935e-6196add7e6ee,200,1,1,2074,WordPress,Studio C Pilates | Intimate and Elegant Boutique Pilates Studio,good,,2026-06-22T13:03:38+00:00
35fc7b33-41e4-404d-a339-af3a3868c1be,0,0,0,107,,,broken,connection failed,2026-06-22T13:03:38+00:00
dea3def0-4671-4302-9114-3e1d8d515608,200,1,1,598,,San Rafael Pool Service,good,,2026-06-22T13:03:38+00:00
c8b0c4ba-08d5-49f7-8470-bf9c32b31037,404,1,1,276,Wix,,broken,,2026-06-22T13:03:38+00:00
d6938320-6ef9-403e-a3f5-0633ff54346a,200,0,0,166,,"Bright Start Preschool - Daycare Corte Madera, CA - Marin County",weak,,2026-06-22T13:03:38+00:00
32f36fa2-3a57-48bc-ae52-e53b942c4387,200,1,1,451,,"Alpha Kids Academy | San Francisco, Menlo Park, Novato CA | Preschool &amp; Childcare &amp; Infant Care &amp; Child Care Center",good,,2026-06-22T13:03:38+00:00
c73f8c28-4c38-4c4f-b50a-e7e83015ec0a,200,1,1,948,Weebly,Fredy's Pool and Spa Inc. - Pool and Spa Maintenance in Marin County | FREDY'S POOL AND SPA INC,good,,2026-06-22T13:03:38+00:00
ad5dcf69-f672-463b-8d02-c241fa50c536,202,0,0,44,,,weak,,2026-06-22T13:03:38+00:00
f47fe8cc-a80d-4c5f-9c20-7f1f4c16d113,0,0,0,25924,,,broken,timeout,2026-06-22T13:03:38+00:00
c0827084-a4d6-4dea-9c6e-06bdfa9c2b78,200,0,1,126,Squarespace,Gan Preschool,weak,,2026-06-22T13:03:38+00:00
f52da397-a0fb-4277-a535-db5d9cc06c4a,200,1,1,569,WordPress,Bright Skies Montessori,good,,2026-06-22T13:03:38+00:00
6339d353-cfe4-442a-9d60-4c75c485fd34,200,1,1,606,GoDaddy,"Bright Stars Children&#039;s Center &#8211; Caring for Little Starts, Guiding Bright Futures",good,,2026-06-22T13:03:38+00:00
9c8a593e-3ccb-4f76-85bd-e1333a2e64a1,200,1,1,676,Wix,Childcare | Petaluma | Children's Corner Preschool,good,,2026-06-22T13:03:38+00:00
cb7207e6-c9e2-460a-943e-a1eb0a0c2658,403,1,1,362,,Account Suspended,broken,,2026-06-22T13:03:38+00:00
bd18871e-60de-461d-bc9f-5ba325343e5a,200,1,1,70,,ActBlue,good,,2026-06-22T13:03:38+00:00
31cb6da0-5495-4da5-94d0-afe0016aa290,200,1,1,454,Squarespace,Little Shepherd Preschool,good,,2026-06-22T13:03:39+00:00
ca47ad72-5db5-40be-aaf9-5697d34528df,200,1,1,537,WordPress,Home - Learning to Learn,good,,2026-06-22T13:03:39+00:00
fa2754bd-6b19-42ef-8bb4-ecddff894d38,200,1,1,406,Squarespace,Miss Audrey&#39;s Montessori,good,,2026-06-22T13:03:39+00:00
71027aa7-efc7-4c9f-bba5-95d8770e4b00,200,1,1,981,WordPress,Corte Madera Montessori | Marin County | Ages 2 to Kindergarten,good,,2026-06-22T13:03:39+00:00
88f1e684-0f45-4109-baaa-5ac6e6e0da55,200,1,1,226,WordPress,Home Page - Noah&#039;s Ark Preschool,good,,2026-06-22T13:03:39+00:00
5f4c2d94-ec6a-4481-a2a0-5b159f4748d0,200,1,1,297,Wix,Oakview Preschool | San Rafael | Marin Preschool,good,,2026-06-22T13:03:39+00:00
9aae803d-8389-496b-8963-14e7a8518b08,200,1,1,233,,"The Ross Preschool | Play-Based Preschool in Ross, Marin County CA",good,,2026-06-22T13:03:39+00:00
12c2d8e2-bb88-4208-9ec7-44732419012a,200,1,1,345,Wix,"Tender Years Pre-School and Childcare | childcare | 377 Hyacinth Way, San Rafael, CA, USA",good,,2026-06-22T13:03:39+00:00
744463a6-2376-4efb-a0dd-5ece55e733ce,200,0,1,1241,WordPress,å¹¸è¿ã®ä¸å ­å «ææºçé£èè®°å½å®ç½|2026å½©ç¥¨é£å¼èÂ®168å®æ¹æ¥è¯¢|Guidepost Montessori,weak,,2026-06-22T13:03:39+00:00
8eb8ebe7-418e-41dd-b82d-a49ceba21023,200,1,1,311,,ããããã®æ£®ããã¡ããã¦ã§ããµã¤ã,good,,2026-06-22T13:03:39+00:00
bbfdcf12-b26c-40ef-a5f7-3e634a1e9dad,200,1,1,640,,Santa Margarita Children's Center,good,,2026-06-22T13:03:39+00:00
f3b605e9-5059-4eb3-b576-957b033497ed,200,1,1,304,Squarespace,Hidden Splendor Beer,good,,2026-06-22T13:03:39+00:00
c91e255c-183a-42e3-acad-7b1da8587e05,200,1,1,414,GoDaddy,Welcome,good,,2026-06-22T13:03:40+00:00
76be209e-f5fc-48c4-99d4-5be404908810,200,1,1,465,GoDaddy,YOU &amp; ME CHILDREN&#x27;S CENTER,good,,2026-06-22T13:03:40+00:00
c3fca292-9d8c-4699-a6d7-d1606bfa72d4,0,0,0,38,,,broken,connection failed,2026-06-22T13:03:40+00:00
b1eda812-887c-4706-ba11-60f80c715206,403,1,1,130,,Just a moment...,broken,,2026-06-22T13:03:40+00:00
b214b8df-49f1-45df-89c6-335fdce88418,200,1,1,1254,WordPress,Nativity of Christ Greek Orthodox Church,good,,2026-06-22T13:03:40+00:00
56599648-a837-4bdd-b5ce-51b75e9abfe8,200,1,1,382,Squarespace,AARON KOPELMAN,good,,2026-06-22T13:03:40+00:00
dd942f87-ad7b-4afc-afa0-33d368a3b5ae,200,0,1,5419,WordPress,Home,weak,,2026-06-22T13:03:40+00:00
068f176c-9af4-4762-8692-9bff6bcf7643,200,1,0,264,,Live Better Xplore More with Alan Maciel - YouTube,weak,,2026-06-22T13:03:40+00:00
236d4827-5202-4386-9344-7c96ff5e6544,200,1,1,327,,Adrienne Murphy | Corte Madera Real Estate Agent,good,,2026-06-22T13:03:40+00:00
90398508-102e-4b34-8787-6be93f9074e3,200,1,1,221,WordPress,"Alex Yankee, Sonoma valley real estate, Sonoma - Napa Wine Country Real Estate | Sotheby’s International Realty, Inc.",good,,2026-06-22T13:03:40+00:00
331220fc-9e60-423a-9687-f0f4654b69c9,200,1,1,551,,For Sale Domain: hazelcarter.com,good,,2026-06-22T13:03:40+00:00
37ef77e8-74fd-4ccd-a4a7-57b5d6d0b8b3,403,1,1,293,,Just a moment...,broken,,2026-06-22T13:03:40+00:00
e41c94e9-6fd8-4e5e-a389-f44456e9a486,200,1,1,520,,"Real Estate, Homes for Sale & Apartments for Rent | Compass",good,,2026-06-22T13:03:41+00:00
3cafdbf3-64a8-4319-947b-f79ac4bb0bc9,200,1,1,363,,Novato Real Estate Agent â Luxury Homes & Golf Communities,good,,2026-06-22T13:03:41+00:00
1ac00730-ad09-40bb-b7b9-744aa1515b29,404,0,0,348,Squarespace,Squarespace - Domain Not Claimed,broken,,2026-06-22T13:03:41+00:00
2bf8ae76-c68e-4988-9df8-ab3c78515316,200,0,1,146,Squarespace,Home,weak,,2026-06-22T13:03:41+00:00
a19de2d1-5826-4c2b-8a2e-1118b8e26784,403,0,1,257,,Just a moment...,broken,,2026-06-22T13:03:41+00:00
0c693662-739c-4c83-94c8-aeec6a31d8be,200,1,1,995,WordPress,Alex Fernandez,good,,2026-06-22T13:03:41+00:00
94a7aac9-355a-4c99-bc25-769e77005865,200,1,1,699,Squarespace,Andrea Dyer Homes,good,,2026-06-22T13:03:41+00:00
edd07469-6c6a-4bdc-bea4-50477c248af9,403,1,1,158,,CNAME Cross-User Banned | Cloudflare,broken,,2026-06-22T13:03:41+00:00
4f879cc9-96ca-4341-a1a4-0b71f916e285,403,1,1,8068,,Just a moment...,broken,,2026-06-22T13:03:41+00:00
7aa289d7-39db-4411-89a3-ce3497c1faed,200,1,0,115,,Barton,weak,,2026-06-22T13:03:41+00:00
2c6dfd75-48e1-4746-aa1d-5fe9122ea5b4,200,1,1,278,WordPress,"Bel Marin Keys RE | Real Estate in Bel Marin Keys, Novato",good,,2026-06-22T13:03:41+00:00
abad2a2f-56bd-4324-8425-de5f1f9a8210,200,1,1,487,,Barbara Major | Mill Valley Real Estate Agent & Luxury Realtor,good,,2026-06-22T13:03:41+00:00
e745afd7-2724-4d18-9c68-b685916d89de,200,1,1,555,,Aya Schwartz | Marin County Real Estate Agent — Compass,good,,2026-06-22T13:03:41+00:00
ed4594f9-565d-4fa4-b358-adba9c0d4cca,200,1,1,799,,Engel &amp; Völkers | Anthony Balsa,good,,2026-06-22T13:03:41+00:00
7a9d476e-eeb9-4a38-831b-ba3c998c808b,404,1,1,2146,WordPress,Page not found - Local Spicery,broken,,2026-06-22T13:03:42+00:00
ce593beb-55d1-4773-b9f2-8e8836c30d95,200,1,1,619,,Bill Byrd Real Estate Advisor | Mill Valley Real Estate Expert,good,,2026-06-22T13:03:42+00:00
e81e080e-f822-4a24-a0cf-41aa544cb506,503,1,0,226,,,broken,,2026-06-22T13:03:42+00:00
192a60f3-624b-4d2f-81e9-935bba6e997f,200,1,1,426,,"Real Estate Agents, Profiles & Listings - Compass",good,,2026-06-22T13:03:42+00:00
aaa0f697-92bc-45e2-9fde-a6589ea2b8cf,500,0,0,520,,,broken,,2026-06-22T13:03:42+00:00
45796d95-3927-47f6-8a2c-18f2a39e99dd,0,0,0,197,,,broken,connection failed,2026-06-22T13:03:42+00:00
ad8d0926-71b9-4852-a820-f6b4dccf72c0,200,1,1,559,,Marin County Real Estate Agent | Nick Svenson Luxury,good,,2026-06-22T13:03:43+00:00
126bee38-f143-489a-9ab1-93fab7c8d2e5,200,1,1,649,Webflow,Catalyst Housing Group – Home,good,,2026-06-22T13:03:43+00:00
efc2535d-0f56-40d2-8ac1-d1834938ef00,200,1,1,2332,WordPress,Angela Maroevich,good,,2026-06-22T13:03:43+00:00
cf75be76-fd50-4065-8a0a-abdf2e107dbb,200,1,1,8921,GoDaddy,"LOVEMARIN, LLC - Marin County, Photography",weak,,2026-06-22T13:03:43+00:00
dfa63d56-a9c1-4148-bcb3-59e98186956e,200,1,1,4887,Squarespace,Ice Cream &amp; Shoe Preschool,weak,,2026-06-22T13:03:43+00:00
6b65099e-7f17-4840-8e83-bfb987253843,200,1,1,495,,Rebecca Celli - Petaluma,good,,2026-06-22T13:03:43+00:00
2ff8dce9-3e15-422e-a90e-6853ded81324,200,1,1,3707,WordPress,Maguire&#039;s Irish Pub - AdviceTime,good,,2026-06-22T13:03:43+00:00
c888f49c-a104-4840-85d5-ea0b893d9ac2,200,1,1,1530,WordPress,Art of Leisure &#8226; SEASONS OF LIFE IN SONOMA AND NAPA VALLEY,good,,2026-06-22T13:03:43+00:00
a2b61694-3f0d-4585-a08f-a160d1c5747a,403,1,1,466,,Just a moment...,broken,,2026-06-22T13:03:43+00:00
70ad4c34-5dcd-4731-b64b-d96207529673,0,0,0,141,,,broken,connection failed,2026-06-22T13:03:43+00:00
5d3fc15a-3e7f-4756-bbd3-3d00539ea46d,200,1,1,266,Squarespace,TOP MARIN REAL ESTATE ADVISOR CHRIS JURACH,good,,2026-06-22T13:03:43+00:00
5604a2e0-df21-43a7-a9ad-362b187cc78f,200,1,1,503,WordPress,Sonoma Valley Real Estate Agent,good,,2026-06-22T13:03:43+00:00
43cea142-6f7d-4e3e-bc6d-4708604c4806,200,1,1,456,,Christine Benson | Sonoma Valley Real Estate Expert,good,,2026-06-22T13:03:43+00:00
691af466-ab77-4e5b-a15e-8d311be6b2e1,200,1,0,224,,,weak,,2026-06-22T13:03:44+00:00
a7f2002a-c696-4273-8523-11c185bc294c,200,1,1,301,,"Greenbrae Real Estate Office - Greenbrae, CA - Coldwell Banker Realty",good,,2026-06-22T13:03:44+00:00
22663651-1ce1-4a6e-84b3-29bb0faa26ea,0,0,0,112,,,broken,connection failed,2026-06-22T13:03:44+00:00
cb0dbda8-fde2-42ff-aeb5-419d062d4b78,200,1,1,1884,WordPress,Contact Cari Gennarelli - Marin Modern Real Estate,good,,2026-06-22T13:03:44+00:00
4809626f-dcb3-4a6d-a4f3-fe8e53b530d9,200,1,1,268,Squarespace,Cristina di Grazia - West Marin Real Estate,good,,2026-06-22T13:03:44+00:00
134c6213-3b07-4ba7-ae41-f4fe50684453,200,1,1,808,,Chris Glave - San Francisco Bay Area Real Estate | Compass,good,,2026-06-22T13:03:44+00:00
e71f0e75-2c69-4029-924e-d0503d6ab6a2,200,0,1,896,WordPress,Agent Websites - Agent Websites,weak,,2026-06-22T13:03:44+00:00
b73d8934-f8bd-4060-966c-8909cb47a026,200,1,1,290,,Deb Cheda,good,,2026-06-22T13:03:44+00:00
b13c0353-8e25-4c52-87e9-48c393f3c75d,200,1,1,287,,Deborah Cole | Marin County & San Francisco Real Estate Agent,good,,2026-06-22T13:03:44+00:00
f595af1e-df84-4128-9593-44102e4c0705,200,1,1,537,Wix,Courtney Whitaker | Producing Real Estate Results,good,,2026-06-22T13:03:44+00:00
09f5d27c-f7af-4951-bd54-6efdb22084bc,200,1,1,1261,WordPress,Sonoma | Napa Real Estate Properties Charleen Price Wine Country,good,,2026-06-22T13:03:44+00:00
4a832d2b-650a-472f-93a3-50572a54a1bb,200,1,1,503,Wix,Award Winning Agent | Denise Lucchesi Real Estate | Petaluma,good,,2026-06-22T13:03:44+00:00
17accb3d-019f-48ff-b9dc-f74726446dc0,200,1,1,367,,Marin County Real Estate â Luxury Homes by Elizabeth Kilgore,good,,2026-06-22T13:03:44+00:00
595d49c1-e673-4266-bfe8-78ba6b46e722,200,1,1,452,,Marin County Real Estate Agent for Luxury Homes | Emily,good,,2026-06-22T13:03:44+00:00
1a7f67b6-4295-4628-ba74-1ed0027eb668,200,1,1,656,,"Denise Montalvo, Real Estate Agent - Compass",good,,2026-06-22T13:03:45+00:00
af6f8e8a-6ef9-4355-b829-212beb499a0f,200,1,1,571,WordPress,Emma Curry,good,,2026-06-22T13:03:45+00:00
6b717508-c8f9-48c2-b145-4cc1130bc3a8,503,1,0,186,,,broken,,2026-06-22T13:03:45+00:00
4614a919-8d71-4cb7-901b-399283810322,200,1,1,908,,Home | Eileen Joyce | Berkshire Hathaway HomeServices,good,,2026-06-22T13:03:45+00:00
87b3543d-25b0-4325-a06a-6b29b8c8314a,200,1,1,308,,Discover Marin County Real Estate with Eric Schmitt,good,,2026-06-22T13:03:45+00:00
50e3a039-b86f-4d6c-8446-dded2c11a73e,200,1,1,229,,"Top Sonoma, CA Real Estate Agents | Shone Group",good,,2026-06-22T13:03:45+00:00
9c3d2c55-0418-4c6c-94a6-c568e3b78472,200,1,1,1448,WordPress,Curtis &quot;Curt&quot; Thor,good,,2026-06-22T13:03:45+00:00
5fb6f147-84fe-4c24-898d-63f7be39d961,404,1,1,120,,Campsite,broken,,2026-06-22T13:03:45+00:00
dcf1daed-78a1-414d-9d52-e0408df498db,200,1,1,742,,Engel &amp; Völkers Americas: Global Recognition. Local Expertise.,good,,2026-06-22T13:03:45+00:00
d48b0f99-0344-4416-9616-c6bdc4f4632b,0,0,0,37,,,broken,connection failed,2026-06-22T13:03:45+00:00
bb64a7d1-b62c-4a5e-ae94-e32eb5c98601,200,1,1,106,,Hilary Thomas | Petaluma Real Estate Agent,good,,2026-06-22T13:03:45+00:00
0565d3e9-aa9d-4c8b-a7ab-38618c301b65,200,1,1,536,,"George De Salvo, Real Estate Agent - Compass",good,,2026-06-22T13:03:45+00:00
0a05cff2-d6c5-447c-9bae-9f913d9870e6,403,1,1,674,,Just a moment...,broken,,2026-06-22T13:03:45+00:00
a7d81b79-3759-4760-a147-71708ea9c462,202,1,0,458,,,weak,,2026-06-22T13:03:45+00:00
220df9c7-8a48-4ccd-8075-adbb031f67ec,200,1,1,621,,Holly Welch | Premier Greenbrae Real Estate Expert,good,,2026-06-22T13:03:46+00:00
4332b982-b562-420d-a518-e4e512b25352,200,1,1,487,WordPress,John Davis II,good,,2026-06-22T13:03:46+00:00
9853b4fb-38cc-48d4-ae60-e1a79485fce6,200,1,1,961,WordPress,Home - Realtor Marin County Helen Luttemo,good,,2026-06-22T13:03:46+00:00
d35822c5-faa5-4f69-bcbc-f65be9d7c6ea,200,1,1,248,,"Jen Birmingham Real Estate in Petaluma, CA â Discover Luxury Homes",good,,2026-06-22T13:03:46+00:00
a6e70dcf-c0e2-4362-abb2-6ad653c403e7,429,0,1,59,,Just a moment...,broken,,2026-06-22T13:03:46+00:00
93ca4af2-e7b8-41aa-bbea-b8b6960f8870,200,1,1,894,GoDaddy,Jackie Hu Realty,good,,2026-06-22T13:03:46+00:00
9b11de1d-99b1-466e-919a-a959f805d408,200,1,1,249,,Jennifer Dunbar | Tiburon Real Estate Expert,good,,2026-06-22T13:03:47+00:00
f7ecfc86-dcd6-4b19-afff-e4dfe2179046,200,1,1,1209,WordPress,Home - Chris Gow-Panzardi,good,,2026-06-22T13:03:47+00:00
d9b3730f-9f47-4cd2-a376-053791a329fd,200,1,1,2239,WordPress,Emily Kaplan,good,,2026-06-22T13:03:47+00:00
e35bd4cc-7da1-42b9-a938-d0a3ac0e7a9d,0,0,0,10016,,,broken,connection failed,2026-06-22T13:03:47+00:00
8466fb4c-b32e-4df1-99a2-0c6baee0a2e5,200,1,1,648,,RealScout: Make Your Database Your Profit Center,good,,2026-06-22T13:03:47+00:00
ddf1c221-fed5-4a17-bff2-2d2d09b50af0,200,1,1,398,,Joe Hosni | Marin County Real Estate Agent,good,,2026-06-22T13:03:47+00:00
4265b774-7b5a-4492-b4f0-13ed38a2bf3b,200,1,1,435,GoDaddy,Jimmy Wanninger Bay Area Real Estate,good,,2026-06-22T13:03:47+00:00
dff38b1d-f66c-4ed4-b595-e1b073cb956c,200,0,1,667,,Home,weak,,2026-06-22T13:03:47+00:00
29fa1366-8d85-4efb-b6f1-70090f2c3f30,0,0,0,105,,,broken,connection failed,2026-06-22T13:03:47+00:00
453b69fa-4d55-48c8-a747-2fd4166f0785,200,1,1,837,,Home | James Land | Berkshire Hathaway HomeServices,good,,2026-06-22T13:03:47+00:00
593fdbca-02ae-4d70-acd4-bef2550f49ae,200,1,1,399,,Top Mill Valley Real Estate Agent | Karen Fairty,good,,2026-06-22T13:03:47+00:00
bc5a2b96-834f-4eea-9a5a-f87d8f862b30,403,1,1,167,,Just a moment...,broken,,2026-06-22T13:03:48+00:00
bfab7fac-a1d7-41dd-870c-0cfdbd231ce2,200,1,1,602,,ECH Marin | Top Marin Real Estate Agent,good,,2026-06-22T13:03:48+00:00
e974910e-87e9-4a4b-9da6-f327a308331f,200,1,1,1795,WordPress,Jeffrey Miller,good,,2026-06-22T13:03:48+00:00
24a8cbab-4a83-4385-915b-cde93aae72f6,200,1,1,301,,Sonoma Real Estate Agent â Discover Your Dream Home,good,,2026-06-22T13:03:48+00:00
e6f2814b-9d7f-49eb-abba-7515e81fef0c,503,1,0,678,,,broken,,2026-06-22T13:03:48+00:00
eb20bbe7-fd3e-4c5b-a095-28e7adab87d1,200,1,1,283,GoDaddy,Petaluma Real Estate Agent,good,,2026-06-22T13:03:48+00:00
c765a474-0529-4ab2-b8c6-e0663f911dfe,403,1,0,277,,Access Denied,broken,,2026-06-22T13:03:48+00:00
e7f2e282-57f8-434a-a120-d8c3d0411a2f,200,1,1,136,,"Keely + Sylvia - Real Estate Team - Serving Marin and San Francisco, from San Anselmo to Noe Valley",good,,2026-06-22T13:03:48+00:00
a01341d1-686f-4cfe-8777-103e6ef31740,200,1,1,1341,WordPress,John T. Griffin,good,,2026-06-22T13:03:48+00:00
00eaa645-dada-4f45-af92-f90444f09122,200,1,1,313,,Margaret Schrock | Petaluma Real Estate Agent,good,,2026-06-22T13:03:48+00:00
1d48f4d8-cbc6-488c-bb67-3ff319487be0,200,1,1,554,Squarespace,KATRINA KEHL,good,,2026-06-22T13:03:48+00:00
698828fb-2a03-437d-95df-521063d88662,200,1,1,1653,WordPress,Luxe Places | Luxury Properties | Luxury Homes | Mansions For Sale Worldwide - Luxe Places International Realty,good,,2026-06-22T13:03:48+00:00
f911c43c-1081-447c-8645-e7c77c2af456,0,0,0,453,,,broken,"ssl: HTTPSConnectionPool(host='www.krobinsonrealestate.com', port=443): Max retries exceeded with url: / ",2026-06-22T13:03:48+00:00
35fd05bc-d577-44bb-ac92-681c9def52dd,200,1,1,260,,Kent + Sandoval Team | Petaluma Real Estate Agents,good,,2026-06-22T13:03:48+00:00
841f0dbe-db21-4b32-8fa0-d39842f60386,200,1,1,316,Squarespace,"Kimberly Adams, Luxury Real Estate Agent + Advisor",good,,2026-06-22T13:03:48+00:00
ff9d07f4-e165-4667-b16d-cfbbaf7ece93,404,0,0,196,,Not Found,broken,,2026-06-22T13:03:48+00:00
6315af95-7d16-4b3a-b80f-5a08ac750c35,200,1,1,256,Squarespace,Kimberly Kadesh,good,,2026-06-22T13:03:48+00:00
4b657f91-eb00-4bf4-aea1-96fa6f8d4cb1,200,1,1,289,,"Lander Real Estate | Tony Lander - Petaluma, CA",good,,2026-06-22T13:03:49+00:00
481724e1-ce90-42d4-ba03-43233b48de1e,200,1,1,366,,"Lauren Ramsey, Real Estate Agent - Compass",good,,2026-06-22T13:03:49+00:00
28f17bf3-1882-47b9-973b-d3eecd304699,200,1,1,405,WordPress,Leigh Magnani,good,,2026-06-22T13:03:49+00:00
712244b4-94dc-4d5f-bc4b-506faa529c66,200,1,1,1162,,Engel &amp; Völkers | Ken Dara,good,,2026-06-22T13:03:49+00:00
995262ef-7cd2-4232-b13d-8c0c9854127f,0,0,0,15040,,,broken,timeout,2026-06-22T13:03:49+00:00
0aa1393d-f600-4a8d-ac02-b376a1221813,200,1,1,791,,Larry Parks Realty | Petaluma CA,good,,2026-06-22T13:03:49+00:00
63b39b0f-8832-4d8d-8b45-727d76e7123f,200,1,1,462,,Luis Nanez - Petaluma,good,,2026-06-22T13:03:50+00:00
29fb78e2-56ff-440f-a896-eca000d96d32,200,1,1,554,Squarespace,Lucia Annunziata Realtor | Marin Real Estate Agent,good,,2026-06-22T13:03:50+00:00
4d018da9-9fe4-4560-a059-3d92211e988a,200,1,1,272,,Madrone Homes - REAL ESTATE REDESIGNED - Full Service Real Estate Company - Kentfield,good,,2026-06-22T13:03:50+00:00
80f6127a-9dea-4dd7-9fef-d0eb2a6c16c8,200,1,1,325,,Marin Real Estate Luxury Experts | Sarkissian Bullock Team,good,,2026-06-22T13:03:50+00:00
47f7f9c0-912c-46d7-8ffd-59956206d97c,200,1,1,2087,WordPress,Kenneth Praszker,good,,2026-06-22T13:03:50+00:00
531782ad-ca02-436d-8a90-d06000bd6829,200,1,1,198,Squarespace,The Marin Home Team,good,,2026-06-22T13:03:50+00:00
9a756929-f9c6-4fee-86b4-a205d234bb00,200,1,1,1498,WordPress,Linda Kerslake,good,,2026-06-22T13:03:50+00:00
bfa8176f-a44e-4be3-94c6-43165844b2ed,200,1,1,1336,WordPress,Home Page - Lorna Corak,good,,2026-06-22T13:03:50+00:00
5188301c-a3df-4c9a-b245-c268d85bfa5a,404,1,1,371,,"404 Page Not Found | Team O'Brien ,CA Real Estate Team",broken,,2026-06-22T13:03:50+00:00
f3601a92-c3ad-46f2-be41-8d291b0722a8,200,1,1,2127,WordPress,Kim Strub,good,,2026-06-22T13:03:50+00:00
2ba154f1-5be1-48a7-9537-65b3416a9ac2,0,0,0,1841,,,broken,connection failed,2026-06-22T13:03:50+00:00
c36e7d97-03bc-4bdf-b2ad-14d9c16ec8be,403,1,1,170,,Just a moment...,broken,,2026-06-22T13:03:51+00:00
acef6933-f1e8-4dab-aba5-54b5ef1972cb,200,1,1,209,,Linkin.bio,good,,2026-06-22T13:03:51+00:00
dbe84f3e-b364-4f8a-8ef2-61ce1e1192c4,200,1,1,248,,Sonoma Wine Country Luxury Real Estate | Mark Stornetta,good,,2026-06-22T13:03:51+00:00
e933dd7b-d797-41c1-b14c-f74caeae39bf,200,1,1,325,Squarespace,"Marvin Pederson, Attorney",good,,2026-06-22T13:03:51+00:00
36b40667-b7b0-4521-8e13-b229faa2221e,0,0,0,24,,,broken,connection failed,2026-06-22T13:03:51+00:00
3fb71c56-a773-4969-98d2-b55af4f2d8e6,200,1,1,617,,Bay Area Real Estate - Homes for Sale in the Bay Area - BayAreaModern.com,good,,2026-06-22T13:03:51+00:00
08f16b0f-6b8e-4b91-9ddb-4325d28496ca,202,1,0,358,,,weak,,2026-06-22T13:03:51+00:00
67e61cce-d98e-44e5-a724-f64215c9ce2d,0,0,0,104,,,broken,connection failed,2026-06-22T13:03:51+00:00
a6bc732f-5c64-470b-a580-21758cb1bf80,200,1,1,514,WordPress,Sonoma &amp; Napa County Real Estate | Living in Wine Country,good,,2026-06-22T13:03:51+00:00
8a97d934-b58f-4c49-9d79-9e4373e5163c,200,1,1,627,,"Mary Szykowny, Real Estate Agent - Compass",good,,2026-06-22T13:03:51+00:00
72ba7e96-2f7c-4d8f-b5cf-9b3b569f12cb,218,1,0,426,,,weak,,2026-06-22T13:03:51+00:00
551dec9c-474c-43f2-a2d1-7b6653cb6a82,200,1,1,553,Squarespace,Michael Milano | Marin Real Estate Professional &mdash; Own Marin,good,,2026-06-22T13:03:51+00:00
fe855490-ae45-4119-80fc-75baed3f6baf,200,1,1,240,,,good,,2026-06-22T13:03:51+00:00
a4eb0df8-307b-40e7-9b03-553b9606099b,404,1,0,176,,,broken,,2026-06-22T13:03:51+00:00
f5cc900f-eeae-4b42-917a-22fdeda44a5c,200,1,1,358,,Marin County Real Estate Agents | Kemp & Krystow Team,good,,2026-06-22T13:03:52+00:00
12a28c12-d877-4a06-8e22-cc31f3acd0aa,200,1,1,535,,"Nelson + Nelson Team, Real Estate Agents - Compass",good,,2026-06-22T13:03:52+00:00
731c09a1-5b7b-4249-b128-00a4697f9a28,200,1,1,847,WordPress,Home - Eric Gelman,good,,2026-06-22T13:03:52+00:00
a63ec62a-4702-4393-a772-1d74a909a7a0,200,1,1,2392,,,good,,2026-06-22T13:03:52+00:00
5c810fea-de6e-4013-8c07-a2b8d9d07cd0,200,1,1,310,Squarespace,Own Marin | Marin County&#39;s #1 Real Estate Team,good,,2026-06-22T13:03:52+00:00
79a350cc-836c-48a3-b618-1a96c0423766,200,1,1,730,,NMC RealEstate | California Real Estate Team,good,,2026-06-22T13:03:52+00:00
9521be8b-d548-44f4-8114-5c35b3d5a4e8,200,1,1,567,,"Nicole Klionsky, Real Estate Agent - Compass",good,,2026-06-22T13:03:52+00:00
ab0552ca-919b-4848-b27f-08ae873855fa,200,1,1,1180,,å¨å°¼æ¯äººå®ç½ | å¨å°¼æ¯äººApp ä¸è½½ | å¨±ä¹å¹³å°ä¸çäººæ¸¸æ - Venetian App,good,,2026-06-22T13:03:52+00:00
f1670818-b1b1-405a-bc8d-fde185e65a01,404,0,0,235,,,broken,,2026-06-22T13:03:53+00:00
104d59cc-fac8-4284-9950-020378cd6d22,200,1,1,418,,"Real Estate, Homes for Sale & Apartments for Rent | Compass",good,,2026-06-22T13:03:53+00:00
685f0f57-4a82-4bd4-92cc-1ada378154b3,0,0,0,366,,,broken,"ssl: HTTPSConnectionPool(host='realestateinmarin.com', port=443): Max retries exceeded with url: / (Cause",2026-06-22T13:03:53+00:00
17746b4b-eb3b-41f5-a72f-024cfb61b892,200,1,1,517,WordPress,Parrish Properties &#8211; Listings in Sonoma County,good,,2026-06-22T13:03:53+00:00
2d1df4f0-2049-4b9e-a1e9-e5d3de7b010a,0,0,0,116,,,broken,connection failed,2026-06-22T13:03:53+00:00
4c48d170-1d97-41a4-a8cc-ee392bf03db7,200,1,1,758,,Referral Director - Patricia Navone,good,,2026-06-22T13:03:53+00:00
48f54956-67ec-4bf8-9af6-4bc3bf4c954d,0,0,0,104,,,broken,connection failed,2026-06-22T13:03:53+00:00
f10ffe34-8e7c-4bc3-9f89-d229d072727a,200,1,1,976,,Home | Peter Schardt | Berkshire Hathaway HomeServices,good,,2026-06-22T13:03:54+00:00
1bf68630-aa76-4a20-95e4-8dcfed45ee95,200,0,1,922,,"PhoebesProperties.com - by Phoebe Reyes, Realtor with Bay Area Modern",weak,,2026-06-22T13:03:54+00:00
0a41c56c-6203-416c-aba3-defdc4c17f97,200,1,1,654,,"Oakland Ca 94612 Randynichols, ID27319366.HTML Find Realtors, Real Estate Agents &amp; Brokers | REMAX",good,,2026-06-22T13:03:54+00:00
12b57937-d026-4852-8076-3750440a4699,200,1,1,483,WordPress,Real Property Management Bay Area | Bay Area Property Management,good,,2026-06-22T13:03:54+00:00
f10af51a-bb88-4980-8f24-c6042a9c9587,200,1,1,1568,WordPress,JEREMY KING &amp; PEG KING,good,,2026-06-22T13:03:54+00:00
2898f7e5-290b-450c-8b1e-0b96b1e24cc2,503,1,0,447,,,broken,,2026-06-22T13:03:54+00:00
ba42d427-6ca3-44de-9857-edd17e622242,202,0,0,105,,,weak,,2026-06-22T13:03:54+00:00
3dc0ffb9-42ab-4434-a1a6-bb71786b4475,403,1,1,262,,Just a moment...,broken,,2026-06-22T13:03:55+00:00
5e9e37e3-dc74-44f1-8bcf-03c93cc642aa,404,0,1,744,,Site inactive,broken,,2026-06-22T13:03:55+00:00
c9b35091-07f2-4abc-be9d-06d4d7d3fa75,0,0,0,44,,,broken,connection failed,2026-06-22T13:03:55+00:00
ed3bd07f-0274-4ce2-ba62-f8ba7321b41f,429,1,1,361,,Just a moment...,broken,,2026-06-22T13:03:55+00:00
a4ea93e5-a097-46f8-97d2-69b216510cd6,200,1,1,472,,"Rick Avery, Real Estate Agent - Compass",good,,2026-06-22T13:03:55+00:00
754b31f3-6d62-42ae-bab3-b47e6d9772f7,200,1,1,2230,WordPress,"Patti Cohn, Compass Real Estate Broker",good,,2026-06-22T13:03:55+00:00
cf523fa9-a5cb-462e-85cf-5048b933cbe6,200,1,1,153,GoDaddy,Ryan Fay Bay Area Realtor,good,,2026-06-22T13:03:55+00:00
11219f98-15a3-4d3a-8dd4-7b6fb272b013,0,0,0,159,,,broken,connection failed,2026-06-22T13:03:55+00:00
a0f0c6e0-6259-42b6-9c7b-f4d5b77b11d8,0,0,0,8,,,broken,connection failed,2026-06-22T13:03:55+00:00
1d408267-8584-4abe-95ec-52fba2f9794f,429,1,1,272,,Just a moment...,broken,,2026-06-22T13:03:55+00:00
1de4408f-3ece-4314-81bf-b850cdfc9188,200,1,1,495,,"Robert Craig, Real Estate Agent - Compass",good,,2026-06-22T13:03:55+00:00
3fbdcfa6-fe6f-4494-9029-5875ea9777eb,200,1,1,377,,"SamSullivanRealtor.com - Sam Sullivan, Realtor - California Real Estate",good,,2026-06-22T13:03:55+00:00
f2a833c0-b80f-4423-9c3b-f2c8f3ad3945,200,1,1,5087,WordPress,Home - Mark Rushford - Realtor,weak,,2026-06-22T13:03:55+00:00
38641e4f-c05e-478c-888c-62db0f6ab1a3,429,1,1,298,,Just a moment...,broken,,2026-06-22T13:03:56+00:00
a8828452-70c6-4699-8e96-36c0a8cac341,0,0,0,39,,,broken,connection failed,2026-06-22T13:03:56+00:00
c92b5a18-94df-4e59-bd3f-709a14a1a758,202,0,0,188,,,weak,,2026-06-22T13:03:56+00:00
f8f207fe-9693-4cfb-be3f-cb3f1886509c,200,1,1,522,,"Sharon Langord, Real Estate Agent - Compass",good,,2026-06-22T13:03:56+00:00
2d59d57d-8583-46ab-8b64-6fc233ca2776,429,1,1,866,,Just a moment...,broken,,2026-06-22T13:03:56+00:00
42c7afcc-587a-45f7-bc7f-5f95d6ede492,200,1,1,923,,Schneur Scop | Marin County Real Estate,good,,2026-06-22T13:03:56+00:00
590d0dcc-5687-4aaa-b9a6-0a3aeb6ca9fd,429,1,1,187,,Just a moment...,broken,,2026-06-22T13:03:56+00:00
c65cbdd9-b7f0-462e-9022-b2af237eac61,0,0,0,346,,,broken,connection failed,2026-06-22T13:03:56+00:00
b46b4ae0-f1f2-456e-96d7-fd58fe766b37,200,1,1,356,WordPress,Home - Stephen Gordy,good,,2026-06-22T13:03:56+00:00
02aa0d00-2808-4a91-89d7-e7e324c89214,200,1,1,528,,"Real Estate, Homes for Sale & Apartments for Rent | Compass",good,,2026-06-22T13:03:56+00:00
e144207e-2a49-42b6-b033-f16c5ff1bb5b,404,1,1,443,Wix,,broken,,2026-06-22T13:03:57+00:00
fb3e75de-72a2-4c70-8917-7125acc5cd17,429,1,1,201,,Just a moment...,broken,,2026-06-22T13:03:57+00:00
54b4f1a4-8247-40d0-9d91-68ef7b8ad988,200,1,1,1527,WordPress,Shari Wilkins,good,,2026-06-22T13:03:57+00:00
f370b671-2b70-49e4-a532-bddd01fe32de,200,1,1,543,,"Michael Studebaker, Real Estate Agent - Compass",good,,2026-06-22T13:03:57+00:00
dd3572e9-5b0a-43e0-92c7-e2b7c398a328,200,1,1,1322,WordPress,Spiro Marin - Spiro Stratigos,good,,2026-06-22T13:03:57+00:00
fc8e670f-7246-4f64-a42e-663d8621b40d,403,0,1,322,,Just a moment...,broken,,2026-06-22T13:03:57+00:00
b53337e1-509c-441a-b41f-6df51d72ac38,403,1,1,299,,Just a moment...,broken,,2026-06-22T13:03:57+00:00
7e9f4ce4-422b-43e1-aa31-15ea44f4d0fb,429,1,1,116,,Just a moment...,broken,,2026-06-22T13:03:57+00:00
a97167a8-9541-4e7c-91e9-af522dc4163a,0,0,0,15328,,,broken,connection failed,2026-06-22T13:03:57+00:00
b63cba94-d388-40e3-80ca-7f4bb3ae1158,429,1,1,88,,Just a moment...,broken,,2026-06-22T13:03:57+00:00
5df1633c-c7d2-4210-87cb-81de4f3e6e16,200,1,1,508,Squarespace,Tai Carpi | Marin Luxury Property Specialist,good,,2026-06-22T13:03:57+00:00
ff477a0f-9df3-4c5c-9520-d4d7a7951976,200,1,1,335,Wix,"Top Agent | Tara Polley, Sotheby's International Realty | California",good,,2026-06-22T13:03:57+00:00
584216d6-f278-4529-986d-28f495cc97ce,200,1,1,722,,"Susan Van Liere, Realtor® Luxury Property Specialist, Certified EcoBroker | DRE 01323865 - Susan Van Liere",good,,2026-06-22T13:03:57+00:00
332c05f7-a9a4-41ca-ba04-bef474d2012c,202,1,0,301,,,weak,,2026-06-22T13:03:57+00:00
d8756741-380d-4317-b6c3-0d27849d4095,429,1,1,161,,Just a moment...,broken,,2026-06-22T13:03:58+00:00
21c397b5-f509-4fde-9c73-b95bc415d32e,200,1,1,493,,theheinzgroup.com,good,,2026-06-22T13:03:58+00:00
2290bcd1-084e-48e9-9ba7-7fffb4fceb8c,429,1,1,251,,Just a moment...,broken,,2026-06-22T13:03:58+00:00
9dc955b5-5043-4621-909b-da25a01954af,429,1,1,209,,Just a moment...,broken,,2026-06-22T13:03:58+00:00
a0972ec5-08d3-4067-b0d2-b3d867945d4c,200,1,1,2956,WordPress,Stacia Culp,good,,2026-06-22T13:03:59+00:00
8bdcea97-b365-49e6-9d62-1f29f20a1608,200,1,1,1239,,"Caroline Nelson, Real Estate Agent - Compass",good,,2026-06-22T13:03:59+00:00
f41b79dd-f6d1-4d8f-aea3-9285e88db037,200,1,1,432,WordPress,Timothy Rangel: Luxury Real Estate Expert in San Francisco,good,,2026-06-22T13:03:59+00:00
7413fc92-1442-4570-8e1d-a3e756f129e6,429,1,1,135,,Just a moment...,broken,,2026-06-22T13:03:59+00:00
7a538e74-6dcf-44a9-bf1d-8b2d65ae069d,429,1,1,331,,Just a moment...,broken,,2026-06-22T13:03:59+00:00
b4bcb232-a3f4-43fa-9780-66c43bd33150,0,0,0,15187,,,broken,connection failed,2026-06-22T13:03:59+00:00
b6438b83-8705-443b-b159-3a90ebd9791b,200,1,1,1951,WordPress,Tasha Isolani,good,,2026-06-22T13:03:59+00:00
7e72a06a-59b0-420e-a6b6-fcde6a893661,0,0,0,113,,,broken,connection failed,2026-06-22T13:03:59+00:00
9ed28139-af5f-42db-b1ee-e3e186396959,200,1,1,417,,"Tracy Reynes, Real Estate Agent - Compass",good,,2026-06-22T13:03:59+00:00
b8021f33-e332-4251-8fcb-94669371609c,200,1,1,453,,Tracy McLaughlin - Marin's Top Producing Real Estate Agent,good,,2026-06-22T13:03:59+00:00
554f573a-9925-4afe-adf6-deb92e2ffdbd,200,1,1,262,,The Law Offices of Pauline M. Deixler - The Law Offices of Pauline M. Deixler,good,,2026-06-22T13:03:59+00:00
51cb8718-b288-4681-9ef2-49d354d1e73c,202,1,0,313,,,weak,,2026-06-22T13:03:59+00:00
26545333-3d5b-4910-af33-3033101724ba,200,0,0,290,,,weak,,2026-06-22T13:04:00+00:00
fbebfb1d-3abe-4eb5-8276-fd1b800d27ab,200,1,1,355,,Indigo | Californian Restaurant & Cocktail Bar in San Francisco,good,,2026-06-22T13:04:00+00:00
1e0aad66-964d-4b8c-b1de-3248956cec46,200,1,1,2269,,"Dorian Altamirano, Real Estate Agent - Compass",good,,2026-06-22T13:04:00+00:00
c2793939-d79c-4167-86ba-1574487144a3,0,0,0,696,,,broken,connection failed,2026-06-22T13:04:00+00:00
c33a2dfc-30b0-4c89-9976-3ee225d47f3c,200,1,1,192,WordPress,MOZAIK RESTAURANT -,good,,2026-06-22T13:04:00+00:00
51f12050-29e8-49f6-9fc4-a53601f6e4c7,403,1,0,137,,rh.com,broken,,2026-06-22T13:04:00+00:00
8ee3c7f4-d6c7-452d-8788-4e1ce3b505ac,404,1,1,510,Squarespace,HOME &mdash; Lou&#39;s Takeaway,broken,,2026-06-22T13:04:00+00:00
aec024de-6840-4f1a-bc41-58d278d82c11,0,0,0,15149,,,broken,connection failed,2026-06-22T13:04:00+00:00
8f354c22-ea86-4d08-976c-6663dbdf2283,200,1,1,277,Squarespace,The Local,good,,2026-06-22T13:04:00+00:00
b9c84e23-9cb6-4b04-a717-69d2326373e9,0,0,0,11,,,broken,connection failed,2026-06-22T13:04:00+00:00
a0ca94d1-5aa5-4a8d-9af4-730edb69959c,202,1,0,117,,,weak,,2026-06-22T13:04:00+00:00
a01604b3-d758-4df8-9f37-c0a9544f3c96,202,0,0,203,,,weak,,2026-06-22T13:04:00+00:00
8107efe9-8109-4d84-9d70-a9e78afff6a8,200,1,1,421,Wix,Restaurant | The Lodge Fairfax | United States,good,,2026-06-22T13:04:00+00:00
9a903ce4-7e5a-4d22-a514-fd467cba4043,0,0,0,156,,,broken,connection failed,2026-06-22T13:04:00+00:00
560caf31-18ad-4cf7-bbff-76be3c7f022e,200,0,0,195,,Lucas Valley Lodge - Home,weak,,2026-06-22T13:04:00+00:00
082b6ae9-8ed4-46c1-a86c-3c4d2d35e295,200,1,1,282,Squarespace,Boutique Assisted Living &amp; Memory Care in Mill Valley | Marin Terrace,good,,2026-06-22T13:04:01+00:00
9e1b0e5b-8a82-4043-a68d-c44e28814fd6,200,1,1,903,WordPress,"Drake Terrace | Senior Living in San Rafael, CA",good,,2026-06-22T13:04:01+00:00
e6cae903-752b-41f7-8514-50873645ad13,200,1,1,350,,"Senior Living Petaluma, CA | MuirWoods Memory Care",good,,2026-06-22T13:04:01+00:00
0fc7f5dd-d7e8-495e-84bc-d49f4f4c758b,200,1,1,201,WordPress,"Senior Living in Petaluma, California | Springfield Place",good,,2026-06-22T13:04:01+00:00
c4914065-909d-45d8-97ae-e5e6898855d2,200,0,1,1744,,389SPORTS: Best Link Website in Official Trust 389Sport,weak,,2026-06-22T13:04:01+00:00
bbee859b-f7f2-458c-bc25-d8871d5e880e,200,1,1,1811,WordPress,The Bump Bar &#8211; By California Caviar Company,good,,2026-06-22T13:04:01+00:00
2bd5cc75-7650-43dd-bbfc-7d4492c9ed30,200,1,1,384,,MBK Senior Living Locations,good,,2026-06-22T13:04:02+00:00
c5fb7cc8-bcfa-462c-8651-1e962936cf9d,200,1,1,301,,Windsong of Sonoma Senior Living - Memory Care Community,good,,2026-06-22T13:04:02+00:00
fcdcb909-b050-4bd9-8663-77c2e65c31a9,200,1,1,1717,,"Heritage on The Marina | Apartments in San Francisco, CA",good,,2026-06-22T13:04:02+00:00
7440f4c0-c2b2-45ca-b002-717b3dabbfe3,200,1,1,2317,,SABANGBET : Aplikasi Perbaikan IFile Desktop Terlengkap Saat Ini,good,,2026-06-22T13:04:02+00:00
7040cc1e-f369-45b8-8032-08afd20a0b9b,404,1,0,928,,,broken,,2026-06-22T13:04:02+00:00
f8314555-fe36-4f68-ba56-a17ceb26b830,0,0,0,112,,,broken,connection failed,2026-06-22T13:04:02+00:00
2cf53dc4-a546-489c-a050-074c3d6b5f8d,200,0,0,119,,,weak,,2026-06-22T13:04:02+00:00
e1f87ef7-6cde-461f-8718-500cc5785e2b,202,0,0,145,,,weak,,2026-06-22T13:04:02+00:00
c2af1129-84c6-4582-9548-a31f947c2265,200,1,1,467,Wix,Boreal Skin Care | Facial &amp; Waxing Services,good,,2026-06-22T13:04:02+00:00
4a378a65-b54e-418b-b0d6-a702492822d4,200,1,1,256,GoDaddy,DewSkin.com is for sale | HugeDomains,good,,2026-06-22T13:04:02+00:00
459a94ba-63a6-4cb5-9b23-effe723cf9e0,200,1,1,584,Shopify,Agustina Brum &ndash; Agustina Brum Skincare,good,,2026-06-22T13:04:02+00:00
8a54c1b3-75d8-4b2f-956a-4a7aa6ae6bd4,200,1,1,1208,WordPress,"Valley of the Moon Post Acute &#8211; Nursing Home, Physical Therapy, Healthcare &#8211; Sonoma, CA",good,,2026-06-22T13:04:02+00:00
b1b73d3b-d977-43a9-8bbb-9853be420bf6,200,1,1,321,Squarespace,Glow Skin Marin,good,,2026-06-22T13:04:03+00:00
bec4afa4-8edf-479d-baf4-328bde0109f9,200,1,1,438,Wix,Fox Esthetics | Esthetician &amp; Electrolysis | San Rafael,good,,2026-06-22T13:04:03+00:00
b2966028-759b-4801-8ceb-6ed54489cdf6,200,1,1,765,,Thriving As An Introvert: Tanya LaRae Marsh of Holistic Skin Care Therapy On How Introverts Can Thrive &amp; Succeed In A Society That Seems To Favor Extroverts | by Yitzi Weiner | Authority Magazine ,good,,2026-06-22T13:04:03+00:00
b32e9862-ab32-4951-a7c6-3e073c812a5d,456,0,0,419,,,broken,,2026-06-22T13:04:04+00:00
3bcb6933-a932-49c8-b3b1-69c5abd5cdaa,0,0,0,15077,,,broken,connection failed,2026-06-22T13:04:04+00:00
fb985c57-1299-4f8b-a4b2-a94795c68fe8,200,1,0,1302,,"Rosacea Clinic of Marin, complete service and regimens",weak,,2026-06-22T13:04:04+00:00
6acc3e2e-5042-4480-a303-fdfce9beb4e2,200,1,1,1902,,Home - imogenskincare,good,,2026-06-22T13:04:04+00:00
35d41715-7083-4922-8e70-ca360fe1e04d,200,1,1,786,,"Rochell Overn Esthetics | Health &amp; Beauty in Novato, CA",good,,2026-06-22T13:04:04+00:00
c4250e1f-83a4-47fb-9dba-6cc5f314f5f9,200,1,1,664,Weebly,,good,,2026-06-22T13:04:05+00:00
4bc4ce56-3711-42a9-89e6-0f753930987f,200,1,1,361,Squarespace,Skin Lab,good,,2026-06-22T13:04:05+00:00
339743d4-06ef-468f-bc4b-dc974f7c1cb6,200,1,1,444,Wix,Home | Skinergy Skincare | Facial Treatments | Petaluma,good,,2026-06-22T13:04:05+00:00
72d03c96-a0be-4f34-8561-61f7047a15e4,200,1,1,176,,Valentyna Kovalchuk - Facial Aesthetics &amp; Holistic Skincare Studio,good,,2026-06-22T13:04:05+00:00
744ce3bd-c595-4fd5-927f-f2cb3c1eaa94,200,1,1,2258,WordPress,La Jolie Marin &#8211; 5 Star Affordable Skincare Treatment,good,,2026-06-22T13:04:05+00:00
e4bdeb3d-5bc9-4237-b1c0-7bc02427e995,200,1,1,714,Weebly,"The Best Skincare Studio in Petaluma, California | STILL Skincare",good,,2026-06-22T13:04:05+00:00
72030653-82ee-48af-9c0c-dc3759ca7ba2,200,1,1,473,Squarespace,Blendcraft,good,,2026-06-22T13:04:05+00:00
ceba253d-2a0a-409d-9906-e63523a85168,0,0,0,48,,,broken,connection failed,2026-06-22T13:04:05+00:00
40152e40-e510-4289-9b19-c16a61e1b12f,200,1,1,8139,WordPress,The Sherfey Group - Stinson Beach Real Estate,weak,,2026-06-22T13:04:06+00:00
ea65aa42-0a52-4fa8-89a8-afafa6c99a24,200,0,1,353,Weebly,Home,weak,,2026-06-22T13:04:06+00:00
d66a010c-4a23-4f00-b1ee-f9f98ef1d41e,200,1,1,740,,Juice Alley Online Shopping | Juice Alley Ecommerce,good,,2026-06-22T13:04:06+00:00
a24affb8-35a0-4588-ba93-fb24a4aaab31,200,1,1,207,Shopify,Best Day Spa in Sonoma CA | Facials &amp; Massage &ndash; Blush A Day Spa,good,,2026-06-22T13:04:06+00:00
daad451c-0c00-4e7d-a8ba-737ad57adda8,0,0,0,38,,,broken,connection failed,2026-06-22T13:04:06+00:00
3be76955-0ce3-4794-89d7-1a796026188c,200,1,1,1190,Weebly,,good,,2026-06-22T13:04:06+00:00
a92dcdea-0617-414f-89a3-7312a6cdc964,200,1,1,2036,WordPress,skin care san rafael &#8211; skin care,good,,2026-06-22T13:04:06+00:00
6e4f0432-8dd2-497e-9696-9f04e3e674a1,200,1,1,4390,WordPress,"Italian Seafood Restaurant, Sausalito, Marin County, San Francisco Bay Area, Sausalito Seahorse, California",weak,,2026-06-22T13:04:06+00:00
93808725-0398-4064-841d-74b78b05f5a1,200,1,1,333,Squarespace,Calm Spa Sonoma,good,,2026-06-22T13:04:06+00:00
9c7f40f6-92ba-4328-b441-8d88378d30f4,200,1,1,262,Wix,"Marin Glow House | Botox in novato | 920 Sherman Avenue, Novato, CA, USA",good,,2026-06-22T13:04:06+00:00
31c843f8-0722-461e-85b4-81ca1017b3a4,0,0,0,112,,,broken,connection failed,2026-06-22T13:04:06+00:00
823b80dc-12a8-415b-97f3-58bfb89d06ec,0,0,0,15202,,,broken,connection failed,2026-06-22T13:04:06+00:00
9f359c0b-3178-4ab3-a15f-1ae8d83f97bf,202,1,0,1009,,,weak,,2026-06-22T13:04:06+00:00
cdc6b55f-68fb-495b-962b-01f33cd7e557,200,1,1,397,,All Massage Envy Locations | Facials | Massage Therapy,good,,2026-06-22T13:04:06+00:00
c6c9f231-685d-46d7-9ea9-42ff46a51034,0,0,0,4,,,broken,connection failed,2026-06-22T13:04:06+00:00
8985b133-f32f-4133-8740-e64dde35c66b,200,0,0,182,,,weak,,2026-06-22T13:04:07+00:00
8007e30f-c73a-46cc-98c9-0bdd0ca6aaa2,200,1,1,408,GoDaddy,shibuigardens.com,good,,2026-06-22T13:04:07+00:00
ecdfda19-85c0-46f2-a58e-f0833ffa0d4e,200,1,1,617,Wix,Home | Painted Petals Nails &amp; Spa,good,,2026-06-22T13:04:07+00:00
786c683d-a386-4ead-9d54-5e92f92de711,200,1,1,371,Squarespace,"Get Glear Boise, Acne &amp; Anti-Aging",good,,2026-06-22T13:04:07+00:00
d268d5ef-1236-4dc7-be0c-14472b58eda0,200,1,1,461,Wix,Makeup Artist | Holisticbeautyspace | Petaluma,good,,2026-06-22T13:04:07+00:00
edd053cc-aaf9-4437-b66a-78fdac3cc839,200,1,1,458,Wix,"The Ritual Spa and Wellness | spa and wellness | 1207 Bridgeway, Sausalito, CA, USA",good,,2026-06-22T13:04:07+00:00
fb185489-60e1-4d75-a998-1aa60edecd41,404,1,1,1006,Webflow,Page not found | The Bay Club,broken,,2026-06-22T13:04:07+00:00
5b9bad47-d09f-409d-99f0-7ba01ad42697,200,1,1,247,Squarespace,Steiners Tavern,good,,2026-06-22T13:04:07+00:00
ef2c1844-77cf-4ad1-9ed1-b8612e9b0560,200,1,1,520,Wix,Home | North Bay Basketball Academy,good,,2026-06-22T13:04:07+00:00
7c1a6d6b-44a3-4910-8bca-fcee6ea2174c,200,1,1,153,WordPress,Ikoi Sushi Restaurant | Online Order | San Rafael | CA,good,,2026-06-22T13:04:07+00:00
8606f24d-48d0-4934-abf5-e47bc154be08,200,0,1,160,,,weak,,2026-06-22T13:04:07+00:00
e13ae1fa-e7c3-4e23-85f1-bcb943420c7f,200,1,1,225,,"Ace Wasabi | Sushi Restaurant in San Francisco, CA",good,,2026-06-22T13:04:07+00:00
71df1acf-b73c-42e1-a731-e0024e33c8e8,200,0,0,196,,,weak,,2026-06-22T13:04:07+00:00
8eb52190-a7ba-4e80-b8e1-63b687a2ae9d,200,1,0,224,,,weak,,2026-06-22T13:04:08+00:00
4fd377a8-f345-4e36-8f30-e078332332e8,200,1,1,1874,,kaiyun&#x5B98;&#x65B9;&#x7F51;&#x7AD9;&#x7F51;&#x5740;-&#x4E2D;&#x56FD;&#x5B98;&#x65B9;&#x7F51;&#x7AD9;,good,,2026-06-22T13:04:08+00:00
ca052219-35da-40a2-aa9b-c2b39b97de99,403,0,1,243,,Just a moment...,broken,,2026-06-22T13:04:08+00:00
9a158446-e00c-4eb5-b452-9bc5c42c641c,200,1,1,341,Webflow,Masa&#x27;s Sushi | Experience the Art of Sushi,good,,2026-06-22T13:04:08+00:00
4f84e40c-e5ed-4d56-ad15-8c536f3d2568,200,1,1,344,,"Samurai in Mill Valley, CA – Reviews, Hours, and Contact Details",good,,2026-06-22T13:04:08+00:00
6dcd9d1f-1936-48bb-85a5-d74c4df7c9d2,200,1,1,187,Squarespace,Sushiholic Novato,good,,2026-06-22T13:04:08+00:00
a68c8299-e2d3-47d2-a461-04c825ccb15a,200,1,1,347,,Linkin.bio,good,,2026-06-22T13:04:08+00:00
ae6ae673-7838-458b-8dec-fc9f1b94d5a3,200,0,0,422,,,weak,,2026-06-22T13:04:08+00:00
8266a053-abe6-429c-bdc4-a2135b58e68e,200,1,1,370,,Home,good,,2026-06-22T13:04:08+00:00
d4f44fa1-5ac2-4b91-bbc0-2b506bde34c0,200,1,1,470,,My Website,good,,2026-06-22T13:04:08+00:00
ed090abb-7fcf-4f8b-934b-4704e0fe8a7b,200,1,1,644,Shopify,Village Sake - Japanese cuisine,good,,2026-06-22T13:04:08+00:00
ab809fa0-e9f6-4cbb-9061-d2945cd84808,0,0,0,82,,,broken,connection failed,2026-06-22T13:04:08+00:00
a2215f4e-28b1-477a-b18c-b502a68948de,200,1,1,533,Wix,Tasty Tacos and more at Tip Top Taco in Penngrove,good,,2026-06-22T13:04:09+00:00
dfb06769-e52c-4669-ac47-b072b0184180,200,1,1,421,Squarespace,Studio Sun &amp; Beauty,good,,2026-06-22T13:04:09+00:00
467e1234-9de6-4962-9243-74274399452d,200,1,1,534,Wix,Marin County Luxury Spray Tan | Swimwear Boutique | Beach Bungalow 415,good,,2026-06-22T13:04:09+00:00
fd6ddb7e-f305-451f-86f8-37fee96cd8f8,200,1,1,521,Squarespace,lucky bumble,good,,2026-06-22T13:04:09+00:00
d2a25ac6-324b-48c1-86ac-2ae132402e44,200,1,1,261,Shopify,Nomad Body Piercing | Piercing and Jewelry shop,good,,2026-06-22T13:04:09+00:00
5797051d-52a6-4faf-a096-15e0989bc6fe,200,1,0,2726,,,weak,,2026-06-22T13:04:09+00:00
b51b9d28-139e-44e3-8f11-c3c8576565cd,200,1,1,221,,Spider Murphy’s Tattoo – Classic San Rafael Tattoo Studio,good,,2026-06-22T13:04:09+00:00
d60e5bdb-94a3-4d1c-b1e5-33c51b1d7a97,200,1,1,365,Squarespace,Rosa Grande Tattoo,good,,2026-06-22T13:04:09+00:00
eff1882c-d4f0-44c0-b36a-ba080050d11c,200,1,1,414,Squarespace,Petaluma Tattoo,good,,2026-06-22T13:04:09+00:00
ce3faaec-8d85-4c87-a78d-0d719dda93ed,200,1,1,298,,"Arawan Thai Cuisine (In Sausalito, CALIFORNIA) - Takeaway food - Sausalito - Order online",good,,2026-06-22T13:04:09+00:00
3a7450b6-0672-4929-b11f-83dfc7bcd883,403,1,1,189,,Just a moment...,broken,,2026-06-22T13:04:09+00:00
a85631fb-4e1a-4524-8629-a7155e3944ec,403,1,0,256,GoDaddy,Access Denied,broken,,2026-06-22T13:04:09+00:00
c300277c-cde8-41f3-aeb4-67be0c03935e,200,0,1,391,,"Royal Thai Restaurant |610 3rd street, San Rafael, CA 94901",weak,,2026-06-22T13:04:10+00:00
067dca18-0ae0-4fed-aaf6-f59a14762b3e,200,1,1,986,,"Bangkok 9 - Sonoma Marketplace, Sonoma, CA",good,,2026-06-22T13:04:10+00:00
b6969e5a-bc4d-42d3-b5db-eb2cf3309347,200,1,1,1098,WordPress,Marin County Taxi | BestAirport Taxi Services Provider,good,,2026-06-22T13:04:10+00:00
60aff4c8-4d9b-45c1-99a1-9b8c298573b6,200,1,1,8357,GoDaddy,Sonoma Salad Co.,weak,,2026-06-22T13:04:10+00:00
b1f0571e-1e34-4513-9a07-b8a26ce9929d,0,0,0,115,,,broken,connection failed,2026-06-22T13:04:10+00:00
e36468cb-fc8c-4267-a5a8-ddc55f9e19c9,403,1,1,212,,Just a moment...,broken,,2026-06-22T13:04:10+00:00
e878c911-6694-47a2-b516-2e49710aaebc,200,1,1,498,GoDaddy,Authentic Thai Food Catering Services | Tha Siam Thai Bistro,good,,2026-06-22T13:04:10+00:00
9f869c66-b571-47ce-8e3f-c7ad5c3af7c6,200,1,0,663,,San Anselmo CA Tires & Wheels | California Tire and Wheel,weak,,2026-06-22T13:04:11+00:00
8fc53e86-6ff6-4bd5-ae47-bf5795394651,200,1,0,1015,,"H&J Tire | Tire Service | San Rafael, CA",weak,,2026-06-22T13:04:11+00:00
15f0190c-c6ae-4827-906e-8d447e156c64,200,1,0,1024,,"Tim's Treads | Tire Shop & Automotive Center | San Rafael, CA",weak,,2026-06-22T13:04:11+00:00
196451fd-973b-426c-9575-7d59bc529fbf,200,1,1,344,,"Tires, Auto Repair &amp; Expert Vehicle Maintenance | Wheel Works",good,,2026-06-22T13:04:12+00:00
ab02d5b5-327b-42cd-8c08-02a5c222c629,200,1,1,958,,"United Auto Repair &amp; Tires is a Mechanic in Petaluma, CA 94954",good,,2026-06-22T13:04:12+00:00
74bd3787-ce6d-47b0-84c8-0eefd5c9dcf8,0,0,0,30214,,,broken,connection failed,2026-06-22T13:04:12+00:00
be8838f8-17a3-4c63-890c-d1b4045cd19f,200,1,1,197,,Linkin.bio,good,,2026-06-22T13:04:12+00:00
4ce71e8b-406b-499d-8413-d34eaea5cba5,0,0,0,63,,,broken,connection failed,2026-06-22T13:04:12+00:00
523dff83-5adc-432a-9cff-fc5c3c243cfd,200,1,1,773,WordPress,Tarcher - Penguin Books,good,,2026-06-22T13:04:12+00:00
27609f5b-6aaa-4d27-a585-878303f21b8d,200,1,1,153,,Raising Skilled Readers,good,,2026-06-22T13:04:12+00:00
48ae9565-f528-4278-a280-06bda2596974,200,1,1,635,Wix,Tutoring | Petaluma | CJLC Tutoring,good,,2026-06-22T13:04:13+00:00
11684215-d049-45fb-babc-b7be145d734b,200,1,1,377,Wix,Math tutoring in Marin County | Novato | Logika Marin,good,,2026-06-22T13:04:13+00:00
e97c3718-3dbf-4444-b316-a7f8aa645cc0,200,1,1,1195,,High Noon Books,good,,2026-06-22T13:04:13+00:00
4133696a-8c71-47f9-a25e-2f58793ebd6e,200,1,1,495,Weebly,Our goal is to help you be successful and enjoy school - contact us so we can help - Sonomarin Tutoring + Test Prep,good,,2026-06-22T13:04:13+00:00
f0db9bfa-97ad-468f-b6bb-2cd8c78974c2,0,0,0,16106,,,broken,connection failed,2026-06-22T13:04:13+00:00
2abe8de6-2318-48f5-9e15-b1d683cce013,200,1,1,386,Squarespace,TEAM Academics Tutoring,good,,2026-06-22T13:04:13+00:00
cd3902a4-11dd-4225-9103-0d6b0157f8df,404,0,0,85,,404 Not Found,broken,,2026-06-22T13:04:13+00:00
2646d898-c24a-499c-9b52-b8dc1f228d6f,200,1,1,952,Wix,Personalized Tutoring Services for K-12 Students - Spark Whole Student Learning,good,,2026-06-22T13:04:14+00:00
03843b23-54c8-43c2-ba46-a6541d85ea95,200,1,1,433,,"A.E.Z.R. PET HOSPITAL Petaluma, CA - Home",good,,2026-06-22T13:04:14+00:00
294fcd0a-d8c4-419b-93e5-8c5ebb79866b,200,1,1,412,WordPress,"Best Veterinary Dentist In Mill Valley, CA | Aggie Animal Dental Center",good,,2026-06-22T13:04:14+00:00
ce219faa-3a55-467c-be6c-44648b3f0b4c,200,1,1,590,WordPress,Tutors of Marin,good,,2026-06-22T13:04:14+00:00
9622cccc-5d3a-41d1-b848-6eb63b7b0a5c,200,1,1,474,Squarespace,Alta Equine Sports Medicine,good,,2026-06-22T13:04:14+00:00
0c97399f-4325-4d0c-8a5e-63dc874b7b96,200,1,1,8203,GoDaddy,Relax with Professional Massage Services | Kassandra&#x27;s Spa,weak,,2026-06-22T13:04:14+00:00
070618d9-7a72-414b-ba00-21f8161c3232,200,1,1,895,,"Veterinarian in Columbus, NC | Bonnie Brae Veterinary Hospital â Your Trusted Veterinary Clinic for Pet Wellness, Surgery, Emergency Care &amp; More. Book an Appointment Today!",good,,2026-06-22T13:04:14+00:00
81a28c80-a0c1-423f-baf1-dec7722e1dde,200,1,1,257,,East Petaluma Animal Hospital | Best Vet in Petaluma,good,,2026-06-22T13:04:15+00:00
4391d1c7-2c56-411e-b096-2d62307cd63b,200,1,1,583,GoDaddy,Country Care Animal Clinic,good,,2026-06-22T13:04:15+00:00
479d7eab-9e80-4b46-a8db-bba5b6ffea55,0,0,0,15139,,,broken,timeout,2026-06-22T13:04:15+00:00
cadfd6d2-54df-45d3-bd13-23f2f4f515bd,200,0,0,1265,,,weak,,2026-06-22T13:04:15+00:00
281b5bed-f34d-4a09-9ebf-362dd96ddf65,200,1,1,614,,Marin Pet Hospital : Appointment Scheduling,good,,2026-06-22T13:04:15+00:00
ad3a8fab-426f-403f-8b7a-7c52fdd60463,200,1,1,3647,WordPress,New World Library &#8211; Books That Change Lives,good,,2026-06-22T13:04:15+00:00
337a8d22-7ca7-4161-8905-6d0197a6e4d5,200,1,1,522,Wix,Veterinarian | Petaluma Equine | United States,good,,2026-06-22T13:04:15+00:00
463bb953-352b-4349-837d-269011daceaf,200,1,1,268,Squarespace,Puchalski &amp; Associates,good,,2026-06-22T13:04:15+00:00
3008b0a3-5db6-4a9b-8439-e86f7a392d19,200,1,1,782,,Petaluma Veterinary Hospital : Appointment Scheduling,good,,2026-06-22T13:04:16+00:00
7b61f977-8233-44a3-8481-5c000a0b720f,200,1,1,330,,Sonoma Hotels | Stay at Sonoma Valley Inn by Hilton,good,,2026-06-22T13:04:16+00:00
23fd0830-3257-4d95-8ed4-b2d4ee297cec,200,1,1,450,WordPress,A Brighter Future For Pet Healthcare - Vetsource,good,,2026-06-22T13:04:16+00:00
0fef9614-9367-450c-a752-4986585ecd43,200,1,1,327,,Novato Veterinarian for Dogs &amp; Cats | The Country Vet,good,,2026-06-22T13:04:16+00:00
b53e46f4-5317-48f5-bcb3-795a5404530a,202,1,0,201,,,weak,,2026-06-22T13:04:16+00:00
b6372019-5f94-4da4-a915-e25cef8eeaec,200,1,1,161,WordPress,"Whiskers Animal Dentistry &amp; Oral Surgery | Petaluma, CA",good,,2026-06-22T13:04:16+00:00
2425891a-522e-48d9-ba43-e5fc9c140139,200,1,1,467,WordPress,Homepage | WildCare,good,,2026-06-22T13:04:16+00:00
a12c48aa-646a-4916-9545-49341c103569,200,1,1,611,,Washington Square Veterinary Clinic : Appointment Scheduling,good,,2026-06-22T13:04:16+00:00
4ce196d4-c553-461a-9809-141cad3a7fa2,200,1,1,419,Wix,Videography | MavMedia | Video Editing | Salem VA | California USA,good,,2026-06-22T13:04:16+00:00
6eb3f704-fffe-427b-bca9-49622c25e2f4,200,1,1,1781,WordPress,"Veterinarian in Novato, CA | Novato Veterinary Hospital",good,,2026-06-22T13:04:16+00:00
184cf57b-ccfe-439f-b3ee-7c6257ec8edf,200,0,0,63,,Redirecting...,weak,,2026-06-22T13:04:16+00:00
3c1528cb-c5a4-4c78-b2c6-5d785d7acb90,0,0,0,114,,,broken,connection failed,2026-06-22T13:04:16+00:00
5c8ed477-c1c0-4161-b439-4c88b16eb226,200,1,1,156,Squarespace,Wax Brow Bar,good,,2026-06-22T13:04:17+00:00
14e19ac2-e17d-4fa4-bfa9-f2a894707a26,200,1,1,125,WordPress,Quintana Events | TOP Napa Valley &amp; Sonoma Wedding Planner &amp; Events,good,,2026-06-22T13:04:17+00:00
fa033f3b-c67f-4944-aa79-a2cfb295c956,200,1,1,393,,Store,good,,2026-06-22T13:04:17+00:00
0a86d49e-bb11-44f8-a1c4-9608e69257ea,200,1,1,384,WordPress,"Wine Country, Napa &amp; Sonoma Wedding Planners - Blissful Events",good,,2026-06-22T13:04:17+00:00
912fd805-d39e-4980-b615-0d31fae98b2d,200,1,1,328,Squarespace,Amelie Cafe Fairfax,good,,2026-06-22T13:04:17+00:00
ea44ca3b-9e90-401b-ba37-fc30f839035b,200,1,1,439,,Showrunner Events | Sonoma-Napa Wedding and Event Planning,good,,2026-06-22T13:04:17+00:00
70d6de46-2a3a-46ff-a872-4051b4057d86,200,1,1,266,Squarespace,Dos&#39; Bar,good,,2026-06-22T13:04:17+00:00
b40861d0-5e55-45bd-8d47-156519ae58fb,200,1,1,422,Squarespace,Mog Asu Wine Bar | Experience Fine Wine - Book Your Visit,good,,2026-06-22T13:04:17+00:00
c3085242-df2a-4273-a4f6-d67f2e5d38f1,200,1,1,396,Squarespace,Sonoma Wine Shop &amp; La Bodega,good,,2026-06-22T13:04:17+00:00
3e2760b2-e12b-45df-aa2c-2d02a8c8e9d9,200,1,1,910,GoDaddy,Odisea Wine Company | Cochon Wines,good,,2026-06-22T13:04:18+00:00
2de7a0f3-eed0-4e6e-9068-6ad92e92c80b,200,1,1,211,Squarespace,Squalo Vino - Wine Bar &amp; Small Bites,good,,2026-06-22T13:04:18+00:00
506560bc-612c-4a6d-98f7-73a7e76b536e,200,1,1,581,Wix,HOME | SIGH Sonoma.,good,,2026-06-22T13:04:18+00:00
08af0bd9-f053-4bbd-a711-b9caa12bb833,200,1,1,233,Squarespace,Valley Bar + Bottle Shop,good,,2026-06-22T13:04:18+00:00
1c2be9a1-3f4b-47a5-b953-b3631389c221,200,1,1,222,WordPress,Home - B.R. Cohn Winery,good,,2026-06-22T13:04:18+00:00
fdda7900-befd-4a2b-a224-fb7e259e256c,403,1,1,184,,Just a moment...,broken,,2026-06-22T13:04:18+00:00
b77e6b4d-3712-446e-8973-12fdc206a729,200,1,1,314,Weebly,Home | Amand Family Wine,good,,2026-06-22T13:04:18+00:00
9b699f82-a4f5-469a-ae22-793a7b65f2d0,200,1,1,1990,WordPress,"Home - Big Picture, Inc.",good,,2026-06-22T13:04:18+00:00
14b6edf1-a79c-4b77-a36c-46fbe0402da8,200,1,1,137,,Broadway Vineyards | The Essence of Sonoma Style - Distinctive Wines with Casual Elegance,good,,2026-06-22T13:04:18+00:00
8c4cb076-77fc-4fc3-9d34-de2600e9e889,202,0,0,195,,,weak,,2026-06-22T13:04:18+00:00
ec9d59eb-37b3-420f-b9d0-de85cdbba702,200,1,1,293,Squarespace,Bordes Wines,good,,2026-06-22T13:04:18+00:00
421e0f8d-3ba5-4ca0-a41b-87ad39484a9f,403,1,1,55,,Just a moment...,broken,,2026-06-22T13:04:18+00:00
0a0acf2e-827a-4f51-b608-bef96cd6a29b,200,1,1,121,GoDaddy,DenmanRanch.com is for sale | HugeDomains,good,,2026-06-22T13:04:18+00:00
24721e38-9404-4c6c-9d8f-528c010a5960,200,1,1,769,,Bedrock Wine Co.,good,,2026-06-22T13:04:18+00:00
82dc521b-841c-458d-98f9-ed0ad945461b,200,0,0,178,,,weak,,2026-06-22T13:04:18+00:00
8c6e4bd8-93b4-4729-a0b4-cd7003bc2314,200,1,1,75,WordPress,HOME - Gloria Ferrer,good,,2026-06-22T13:04:18+00:00
c3c84427-9440-4739-9f7b-8575ed12423f,200,1,1,553,Shopify,Capo Isetta,good,,2026-06-22T13:04:18+00:00
d1060e24-52cf-4f42-a45d-a6319b23cb53,200,1,1,298,WordPress,Home - Hawkes Wine,good,,2026-06-22T13:04:19+00:00
bbaba4bd-bcb6-4152-9a0a-a53f67f3672c,200,1,1,679,,We Make Your World More Beautiful Through Wine The Future is YEAH!,good,,2026-06-22T13:04:19+00:00
b9764337-86c0-425a-b3c7-c45bb509965c,200,1,1,879,GoDaddy,Carneros Vintners,good,,2026-06-22T13:04:19+00:00
35f2dfcf-ed65-42f5-bc1f-120c4b933e48,200,1,1,4530,WordPress,"Veterinary Dermatology, Surgery &amp; Oncology In The North Bay",weak,,2026-06-22T13:04:19+00:00
7f1c1fd9-e7a4-4da0-8bb4-77148a4afe27,200,1,1,632,Wix,Karah Estate Vineyard | Sonoma County Winery,good,,2026-06-22T13:04:19+00:00
37b1a377-ca8d-4892-99a9-046d59c0b80b,200,1,1,408,,Home | Kivelstadt Cellars,good,,2026-06-22T13:04:19+00:00
129cf4fd-8438-4bac-8ed0-18207ce511d4,200,0,0,179,,,weak,,2026-06-22T13:04:19+00:00
9b5ecffd-14f1-442a-83d2-2679f77c4183,200,1,1,852,,Goat Rock Cider - Organic Apple Cider | Goat Rock Beverages,good,,2026-06-22T13:04:19+00:00
9f3abc99-2ef1-410f-ae05-a8758ddb5703,0,0,0,10013,,,broken,connection failed,2026-06-22T13:04:19+00:00
8ea95e11-733e-444f-936e-ddf53a2a75a0,200,1,1,119,WordPress,Homepage - Obsidian Wine Co.,good,,2026-06-22T13:04:19+00:00
e5699f89-e0d1-4bfd-97b4-caabd2f5f52b,202,0,0,209,,,weak,,2026-06-22T13:04:19+00:00
a8e669ad-f544-4e60-8def-a2145a309452,200,0,0,172,,,weak,,2026-06-22T13:04:19+00:00
f1c5dab8-6ac1-49a4-a951-ca2a1e13e18c,403,1,1,361,,Just a moment...,broken,,2026-06-22T13:04:19+00:00
f15f7e23-2b8a-4ec8-aaff-368b34e1cf2e,200,1,1,128,WordPress,Sangiacomo Family Wines - One of “Sonoma’s 12 wineries to visit right now”,good,,2026-06-22T13:04:20+00:00
2d41faa0-a6b9-4340-bee8-e00fcf56f75d,200,1,1,823,WordPress,La Prenda Wines,good,,2026-06-22T13:04:20+00:00
6a4f0a16-e4c3-4a39-ab1f-193c19f769ef,503,1,0,271,,503 Service Temporarily Unavailable,broken,,2026-06-22T13:04:20+00:00
af7236d1-5022-4b0f-88cf-2a8f0bd07285,0,0,0,108,,,broken,connection failed,2026-06-22T13:04:20+00:00
82a86635-27ba-40f9-b828-919ab26694b9,200,1,1,476,WordPress,Petercellar,good,,2026-06-22T13:04:20+00:00
abe84e84-e187-40fc-a5c4-f77d94d27335,200,1,1,1069,,Laffort 2026 Rendezvous by Lisa Strid | Eventbrite,good,,2026-06-22T13:04:20+00:00
16785652-4ce5-49ed-a21d-83385e0b3c7c,200,1,1,347,Shopify,The.Grenachista Wine Co. &#8226; Grenache Guerrillas,good,,2026-06-22T13:04:20+00:00
a8044ba4-15d8-4b32-992f-3c056bc0e40b,200,1,1,430,,Texture Wines | Homepage,good,,2026-06-22T13:04:20+00:00
cefcd70e-8d8e-4e9e-9d89-f59bb53e8070,200,1,1,479,,Westwood Estate | Napa Valley Biodynamic and Organic Wines,good,,2026-06-22T13:04:20+00:00
55a155b0-5cbf-474a-a9a2-e7b493077359,200,1,1,365,Shopify,Accent&#39;s Novato,good,,2026-06-22T13:04:21+00:00
97f79f07-8659-4cee-9add-e1101a13f891,0,0,0,10,,,broken,connection failed,2026-06-22T13:04:21+00:00
b28ae6ed-6315-4152-ad2f-fbd6addde91e,200,1,1,1560,WordPress,Home - Russe Wines,good,,2026-06-22T13:04:21+00:00
5b4820df-1295-47b9-a419-b58c505f702d,200,0,0,228,,,weak,,2026-06-22T13:04:21+00:00
e9a00d6a-c233-4616-adad-716603b8a6af,200,1,1,849,Shopify,Coteau Pavot,good,,2026-06-22T13:04:21+00:00
1260ada0-30cf-46f1-83bf-c0dc6fe8582e,200,1,1,530,Squarespace,Kismet Clothing Boutique,good,,2026-06-22T13:04:21+00:00
0acced5d-02b2-4f59-aca0-e40f720cbc5b,200,1,1,1796,WordPress,"PARUM LEO WINE &#8211; Small batch wines from Petaluma, CA",good,,2026-06-22T13:04:21+00:00
1494b318-394d-4531-a449-42ef8bd59014,0,0,0,110,,,broken,connection failed,2026-06-22T13:04:21+00:00
be72e891-4be1-4c13-8348-bdb810200413,200,1,1,744,Shopify,Alice Becker Inc.,good,,2026-06-22T13:04:21+00:00
5d2672fd-7114-45de-9448-1e841aa8cf19,200,1,1,338,Wix,Home | Razzle Dazzle Sonoma | Women's Boutique,good,,2026-06-22T13:04:21+00:00
ee58c70f-d6b4-4f04-afa6-f17040ef814a,200,1,1,535,Shopify,Pavilion,good,,2026-06-22T13:04:21+00:00
64bb949e-894c-4197-92a2-973ce7646efb,200,1,1,216,Squarespace,Bodhi Hot Yoga and Fitness | San Rafael,good,,2026-06-22T13:04:21+00:00
b3ed6cf3-5bed-4100-ab0d-12bb15a02734,200,1,1,257,Squarespace,Embrace Yoga - Downtown San Rafael,good,,2026-06-22T13:04:22+00:00
d99fd996-9b92-4b7b-bb33-2f7767c1978d,200,0,0,163,,,weak,,2026-06-22T13:04:22+00:00
b9f3e03d-b8b2-4b01-bbc8-2b31bb919f51,200,1,1,386,Squarespace,CLOUDBREAK YOGA,good,,2026-06-22T13:04:22+00:00
778fe429-69cc-4434-ab30-0ebc3559ee34,200,1,1,1679,WordPress,Visit Us - Three Fat Guys Wine,good,,2026-06-22T13:04:22+00:00
32430b8c-260d-4698-802e-da9f09a038e3,200,1,1,518,Weebly,"STUDIO 333 Boutique + Gallery - Boutique, Events &amp; Coworking Space",good,,2026-06-22T13:04:22+00:00
3c85804e-4533-439c-8557-bec7d94bc691,200,1,1,2015,WordPress,Order Boutique Wines Online | Award Winning Wine,good,,2026-06-22T13:04:22+00:00
826166fe-71e2-4b1a-9135-2c867a7b332a,200,1,1,263,WordPress,Petaluma Outdoor Yoga | Heart and Soul Yoga | Teacher Susan O&#039;Toole,good,,2026-06-22T13:04:22+00:00
50cf4ff3-794e-48ed-9e8f-e343c1f7a1fc,0,0,0,15086,,,broken,connection failed,2026-06-22T13:04:22+00:00
e86866fb-1d21-46b7-9f37-7f9cc9898ea1,200,1,1,408,WordPress,Marin Yoga | Yoga Therapy and Pain Relief,good,,2026-06-22T13:04:22+00:00
7bc73bde-3e34-4770-946f-614cc1b2121e,200,1,1,422,Wix,"MotherLove Yoga | Yoga for Mothers | Petaluma, CA, USA",good,,2026-06-22T13:04:22+00:00
6f3538a8-3fcb-44a4-bdb7-baafab7fcfe5,200,1,1,397,Squarespace,Point Reyes Yoga,good,,2026-06-22T13:04:22+00:00
d16c2882-760d-4fc9-8a5f-e418e3f5cecb,0,0,0,100,,,broken,connection failed,2026-06-22T13:04:22+00:00
b6d59a0f-68b9-46cb-95e9-2c72a1257575,200,1,1,465,Squarespace,NOW POWER YOGA,good,,2026-06-22T13:04:22+00:00
f6bc3777-e7d3-4644-a75f-f3ad4b46e77e,200,1,1,626,GoDaddy,Nourish 108 - Services,good,,2026-06-22T13:04:22+00:00
d51320d7-93b6-4a6b-9afd-575fe623aebf,200,1,1,748,,"Hidden Gems Movement | Pole Fitness &amp; Dance Studio in Petaluma, CA",good,,2026-06-22T13:04:22+00:00
6bf9afff-71ed-410d-8b7c-ead5a727f3e9,200,1,1,424,WordPress,Sonoma Ashram &#8211; Home of Aghor Yoga in the United States,good,,2026-06-22T13:04:22+00:00
48805cbc-1a9d-407b-a779-160fa72ceed3,0,0,0,110,,,broken,connection failed,2026-06-22T13:04:22+00:00
5b4673d8-699d-45e0-9621-560fbbf4990c,200,1,1,354,GoDaddy,The Yoga Post,good,,2026-06-22T13:04:22+00:00
7fdc99c0-22e1-4e15-9e56-4e0c1af3a71f,200,1,1,416,Squarespace,"The Studio Mill Valley | Yoga, Reformer Pilates &amp; Infrared Sauna",good,,2026-06-22T13:04:22+00:00
c3b411a7-81ef-4475-9c82-ea483f0c8bc5,200,1,1,557,Squarespace,Sonoma Yoga,good,,2026-06-22T13:04:23+00:00
9e58594f-8d64-4d19-a4fc-72ae63e6702b,200,1,1,369,WordPress,Carlin &amp; Associates | San Francisco CPA | Certified Public Accountants,good,,2026-06-22T13:04:23+00:00
8ea0b5b0-5b3d-4441-ad01-7323700e0c6b,200,0,1,566,WordPress,A sanctuary for mindful movement. Discover daily yoga practices designed to reduce stress and increase inner peace | Transform your strength and flexibility. Join our vibrant community for high-energy,weak,,2026-06-22T13:04:23+00:00
5a09dc9c-f0e2-42de-a95a-b7d408030eff,200,1,1,473,Squarespace,"Health &amp; Beauty Acupuncture Acupuncture, Chinese Medicine, Cosmetic Facial Rejuvenation",good,,2026-06-22T13:04:23+00:00
52378b83-8432-4de3-b4bb-b5c62a38bffb,0,0,0,47,,,broken,connection failed,2026-06-22T13:04:23+00:00
93f586b2-8ba2-40f1-9b5a-773737e7deb1,200,1,1,612,Wix,Acupuncture and Healing Arts Center | Acute &amp; Chronic Pain,good,,2026-06-22T13:04:23+00:00
56d77b2a-3b52-46f2-821a-6397cffe28d2,200,0,0,513,,Contact Support,weak,,2026-06-22T13:04:23+00:00
82652aaf-6781-4cba-a0b6-fc55f4a5bd64,200,1,1,173,GoDaddy,RoastHaus.com is for sale | HugeDomains,good,,2026-06-22T13:04:23+00:00
822e9004-c10e-42f3-9555-bc0c0c0a8c56,202,0,0,180,,,weak,,2026-06-22T13:04:23+00:00
b5b917eb-a76f-4eff-97c8-127b2443b2a3,0,0,0,47,,,broken,connection failed,2026-06-22T13:04:23+00:00
8472923d-a236-490f-ae64-5eec2f3a3bfe,200,1,1,241,Squarespace,Home Décor &amp; Interior Design Products | Artefact Design &amp; Salvage,good,,2026-06-22T13:04:23+00:00
73f9aec5-0812-488c-898f-9cbc069e7f1a,200,1,0,505,,,weak,,2026-06-22T13:04:23+00:00
99a60a07-84bc-4b57-b04d-02a699f5f138,404,1,1,661,,404,broken,,2026-06-22T13:04:23+00:00
82c68b0d-b090-41b5-bfa0-356bbb3f45e5,0,0,0,115,,,broken,connection failed,2026-06-22T13:04:23+00:00
06130597-5e13-433d-879a-759a4482a58b,0,0,0,104,,,broken,connection failed,2026-06-22T13:04:24+00:00
01f95aaa-f5ed-4f1c-a310-4b404bc08e6c,200,1,1,403,Shopify,Dualtron USA - The Best Electric Scooter,good,,2026-06-22T13:04:24+00:00
d0e06ffa-b93a-46d6-a5ea-8d47e88c8db6,0,0,0,15173,,,broken,connection failed,2026-06-22T13:04:24+00:00
1bae3bf5-f49d-4a84-ae8e-d5814e1c2d6f,0,0,0,0,,,broken,InvalidURL: Failed to parse: http://www.​facebook.​com/#!/pages/​D-K-Auto-Services/​134553983261831,2026-06-22T13:04:24+00:00
81ee2665-06a6-4bd3-8159-a5aaffd5dc96,0,0,0,24,,,broken,connection failed,2026-06-22T13:04:24+00:00
2670f9c0-6b8c-4e64-b48d-491d54316b2f,200,1,1,373,,Sausalito Auto Repair - A & A Automotive,good,,2026-06-22T13:04:24+00:00
1ca9bf9a-d500-45fc-8303-2242fca54b87,200,1,1,330,,Sausalito — Coming Soon,good,,2026-06-22T13:04:24+00:00
20c98945-e0f2-4042-950a-1bb48ec57afd,0,0,0,44,,,broken,connection failed,2026-06-22T13:04:24+00:00
2459f874-e397-462b-84d5-d170a0e42dc6,200,0,0,319,,,weak,,2026-06-22T13:04:24+00:00
77b69ba5-ed1b-4a8d-b4be-1692887deb8e,200,1,1,189,GoDaddy,,good,,2026-06-22T13:04:24+00:00
5a6b67b2-3488-477e-97eb-e04cc838dbf9,200,1,1,731,Squarespace,www.taylor-yang.com,good,,2026-06-22T13:04:24+00:00
fcde7c3e-4b19-499c-82b4-12eefcc9b3cc,0,0,0,264,,,broken,"ssl: HTTPSConnectionPool(host='www.ezgoauto.com', port=443): Max retries exceeded with url: / (Caused by ",2026-06-22T13:04:24+00:00
c28bf583-2b09-4107-8d6e-936559fcdccc,200,1,1,1532,Wix,"Arcadia Farber, L.Ac. | acupuncture | Mill Valley, CA, United States",good,,2026-06-22T13:04:24+00:00
72ebc043-e9bb-4074-b711-2cdc69fab5b1,502,1,1,14892,,millvalleythailand.com | 502: Bad gateway,broken,,2026-06-22T13:04:24+00:00
17bba47d-2eba-4514-834e-7c6b6512b948,200,1,0,459,,"Local Heroes Auto Service | Auto Repair & Tire Shop in Petaluma and Santa Rosa, CA",weak,,2026-06-22T13:04:24+00:00
a8db2280-adfd-48e8-9227-7f1d57f958fb,200,1,1,569,WordPress,"The Racers Group high-performance racing, parts and service in the North Bay &#8211; Shift to a higher standard.",good,,2026-06-22T13:04:24+00:00
999189ae-7c6c-4343-bfcb-501388f86a69,200,1,1,692,Joomla,"Home - Oliver Automotive | Novato, CA",good,,2026-06-22T13:04:25+00:00
cfe80157-29a0-4590-8f78-6bc57188b303,0,0,0,126,,,broken,connection failed,2026-06-22T13:04:25+00:00
eeaf34fd-877c-4631-9dc7-023c64d67e9e,200,1,1,433,,"Vicente’s Auto Repair | Domestic &amp; Japanese Auto Service – San Rafael, Marin County",good,,2026-06-22T13:04:25+00:00
2a0f9f10-f38f-448b-b544-d0e024dfc241,0,0,0,111,,,broken,connection failed,2026-06-22T13:04:25+00:00
07d57187-98b5-475b-964b-2f51280b2692,200,0,1,906,,Marin Vinyl Wraps - Marin County's Premier Vinyl Specialists,weak,,2026-06-22T13:04:25+00:00
5eb14421-e478-4952-8c76-7b8f5b5f2228,0,0,0,104,,,broken,connection failed,2026-06-22T13:04:25+00:00
17348d64-ec49-4b37-9d77-3cd4cc31b51e,403,1,1,196,,Just a moment...,broken,,2026-06-22T13:04:25+00:00
1a340de5-b2a5-4818-9fe9-6daa99467fa5,0,0,0,77,,,broken,connection failed,2026-06-22T13:04:25+00:00
bc31d57b-4a77-402a-a52d-84dfecca2bcd,200,1,0,1100,,VN Auto Repair,weak,,2026-06-22T13:04:25+00:00
7a5d5013-95ab-4545-9d93-4a5374ca5356,0,0,0,15137,,,broken,connection failed,2026-06-22T13:04:25+00:00
ac41d7f7-6ee0-4704-9f7f-fc44a6e68c03,0,0,0,8,,,broken,connection failed,2026-06-22T13:04:25+00:00
26ec2054-b321-42ca-90ab-1935961435b0,200,1,1,249,,AI Medical Record Review + MD Physician Analysis for Attorneys,good,,2026-06-22T13:04:25+00:00
b64da881-4748-4297-bed7-f026568a8968,200,1,1,602,Wix,"Korean Lash Lift + Brow Lamination Specialists. Petaluma, CA | Devereux Beauty",good,,2026-06-22T13:04:25+00:00
33e58153-466a-45e4-8158-be12c07e4820,200,1,1,662,,Aesthetic OOGII: San Francisco&#x27;s Premier Skincare &amp; Beauty Treatments,good,,2026-06-22T13:04:26+00:00
2130917e-94d2-407b-bad3-bfd293588ab9,200,0,0,188,,,weak,,2026-06-22T13:04:26+00:00
80818350-88fd-4fac-929c-d1b582dcd3ae,200,1,1,3701,WordPress,Yoga for Grief Relief &#8211; Finding your new self after loss,good,,2026-06-22T13:04:26+00:00
a47464b9-ab36-41b5-81ac-56f4b8ba9444,202,0,0,145,,,weak,,2026-06-22T13:04:26+00:00
7c4b7799-4021-438e-b166-9acefa822664,200,1,1,2307,WordPress,Certified &amp; OEM-Approved Auto Body Shop- San Rafael CA,good,,2026-06-22T13:04:26+00:00
8fc0652e-94b9-4c0c-b416-6cc197ab5101,200,1,1,741,GoDaddy,"Razor Haircut Specialist, Italian French bob and highlights",good,,2026-06-22T13:04:26+00:00
dd9c2dc0-869e-455b-8aa5-bae3656edd5e,200,1,1,531,Wix,Milváli Salon | Mill Valley &amp; San Francisco,good,,2026-06-22T13:04:26+00:00
765012e2-6d6d-43c1-9413-0ba8396ec345,200,1,1,297,Squarespace,Sonoma Springs Brewing Company,good,,2026-06-22T13:04:26+00:00
a8127cc2-ffea-4211-b80e-440bfdfc2f7a,0,0,0,241,,,broken,connection failed,2026-06-22T13:04:26+00:00
fc332336-1a2e-4111-a605-afa21e9bb55b,200,1,1,111,WordPress,Briarpatch &#8211; A Network of Friends in Business,good,,2026-06-22T13:04:26+00:00
385969bd-e077-4e18-b816-f58fbd270f74,0,0,0,10,,,broken,connection failed,2026-06-22T13:04:26+00:00
bb51704e-190d-40f9-8aed-c762cf94e1dd,200,1,0,4796,,,weak,,2026-06-22T13:04:26+00:00
1af9650e-61ce-4599-a1a8-c8819dc51752,0,0,0,766,,,broken,connection failed,2026-06-22T13:04:27+00:00
b2c52a1f-5270-4f41-9aca-61bf5aebfbf0,0,0,0,1120,,,broken,connection failed,2026-06-22T13:04:27+00:00
dfd1735b-5a8c-43e7-9d3a-ceeba6988b69,200,1,1,482,Squarespace,Lighthouse Restaurants,good,,2026-06-22T13:04:27+00:00
ab6daa0c-332c-403e-84c3-a3500de1b68e,200,1,1,696,Wix,Cafe del Soul,good,,2026-06-22T13:04:27+00:00
65500080-727b-489d-b1f4-16dc9644ae54,200,1,1,121,WordPress,Goodwill San Francisco Bay,good,,2026-06-22T13:04:27+00:00
e6c64653-874a-4ebb-87b9-f6b10bd65473,200,1,1,622,Weebly,Zest Cuisine - HOME,good,,2026-06-22T13:04:27+00:00
5663feb4-24e8-4876-8287-08beb4c12856,200,1,1,2262,WordPress,"Forrest Fire BBQ &#8211; Southern Soul BBQ Catering for fundraisers, corporate events, farmers markets &amp; more",good,,2026-06-22T13:04:27+00:00
823716dc-fdad-4c1e-b158-94525e46b75e,404,1,1,384,Wix,,broken,,2026-06-22T13:04:27+00:00
bc072e73-72c2-4a6a-913e-9e6c34225b7b,200,1,1,734,Shopify,Children&#x27;s Clothing and Newborn Clothing at Janie and Jack,good,,2026-06-22T13:04:27+00:00
0dd01979-ccf0-43fe-895a-b4336df078ee,200,1,1,213,,"San Anselmo-Fairfax News, Breaking News in San Anselmo-Fairfax, CA",good,,2026-06-22T13:04:27+00:00
7eaabe91-ec2e-470f-a0af-48a8fa407894,0,0,0,107,,,broken,connection failed,2026-06-22T13:04:27+00:00
db97021e-197e-447c-a22b-807f3fabfff4,200,1,1,368,GoDaddy,"Cabana Dreams Swim Boutique - Swimwear Resortwear, Retail, Airbrush Spray Tanning, Swimwear Resortwear",good,,2026-06-22T13:04:27+00:00
3b19f8a1-009e-4050-b7b5-0d9c655c3e2c,404,1,1,179,Wix,,broken,,2026-06-22T13:04:27+00:00
0750402a-c167-4a23-8aa9-4f10d9b33181,200,0,0,169,,Holistic Orthodontics | Northern California,weak,,2026-06-22T13:04:27+00:00
5f772a6c-7854-45a0-a950-5407316bb258,200,1,1,323,,Crafting Beautiful Smiles in Sonoma | Sonoma Springs Dental,good,,2026-06-22T13:04:27+00:00
acc33fb6-f5a3-4048-b6b2-5c074339add5,200,0,1,766,Weebly,Daniel Fung Chiropractic and Sports Injury Solutions Call/Text 415-256-8211 - Home,weak,,2026-06-22T13:04:27+00:00
86ea6841-e13f-462e-a4d7-5c0ee9ee09ae,0,0,0,106,,,broken,connection failed,2026-06-22T13:04:28+00:00
08c20ce6-e7fa-4564-9441-cbac8355bd3d,200,1,1,683,Shopify,"époque évolution | essential style, for everything &amp; everywhere",good,,2026-06-22T13:04:28+00:00
e771ebaf-575b-4050-a3de-c50f53eea2c3,200,1,1,2797,,Hair by Hopkins: Online Store,good,,2026-06-22T13:04:28+00:00
2f8f53a1-fe02-4c47-bad3-4bd37aac8e0f,0,0,0,30,,,broken,connection failed,2026-06-22T13:04:28+00:00
07b9a835-c663-4ed3-96f9-0f9965e75e7e,404,0,0,223,,,broken,,2026-06-22T13:04:28+00:00
78c7b188-3506-4a91-b2dd-086848f3a533,200,1,1,261,,"B. HENRY&#x27;S QUALITY ELECTRIC INC. - 852 Surveys, Videos, Articles, &amp; More | Diamond Certified",good,,2026-06-22T13:04:28+00:00
586fad4a-549f-450a-9d5a-284328c49722,202,0,0,347,,,weak,,2026-06-22T13:04:28+00:00
2ada27d5-98d1-4a1e-8ba9-f3f3cef842f7,200,1,1,704,WordPress,"Prosthodontics Greenbrae CA, Prosthodontist",good,,2026-06-22T13:04:28+00:00
a27e0725-83bb-4bb2-811f-0fe0fbca757c,200,1,1,221,Shopify,"Solar, Battery, and EV Installation Marin and Sonoma | Grid Titans",good,,2026-06-22T13:04:28+00:00
090493e6-7fb6-4510-aa9b-a261141a9918,200,0,0,664,GoDaddy,Home,weak,,2026-06-22T13:04:28+00:00
10cd14eb-713e-4dcb-b6c5-27c3a1862780,200,0,0,186,,,weak,,2026-06-22T13:04:28+00:00
ced13f91-392f-4281-9a06-77397f9ea253,200,1,1,800,WordPress,Sir Francis Drake Dental - Sir Francis Drake Dental,good,,2026-06-22T13:04:28+00:00
23e03f52-c74c-4c15-867d-e354d369c841,404,1,0,1079,,Page Not Found,broken,,2026-06-22T13:04:28+00:00
7696e5e4-006e-43ad-8daa-8a0892ce84ce,200,0,0,182,,,weak,,2026-06-22T13:04:28+00:00
0ca673ed-ef24-4a72-87a6-e745d2611570,200,0,1,331,Squarespace,The Design Table,weak,,2026-06-22T13:04:28+00:00
faa347d8-79b1-4ea5-bf2e-3ed11b5c4a78,200,1,1,459,Wix,Riverside Center Sonoma,good,,2026-06-22T13:04:28+00:00
e6d86962-bf59-4cd5-960e-d9ab756f8af2,403,1,0,372,,rh.com,broken,,2026-06-22T13:04:29+00:00
666a7653-0551-48b1-97f5-8d325734b22c,200,1,1,793,Wix,Jason Predock | San Francisco Gaffer | TNGSTN Liteworks,good,,2026-06-22T13:04:29+00:00
b0be4faf-8b8d-44df-bdfe-51a3fe677954,0,0,0,28,,,broken,connection failed,2026-06-22T13:04:29+00:00
12fed8df-06ad-49d8-b1df-f06a438db7d7,200,1,1,2744,WordPress,BARKLEY builders,good,,2026-06-22T13:04:29+00:00
c7d374ab-a090-4859-968c-f6386f403c6b,0,0,0,15269,,,broken,timeout,2026-06-22T13:04:29+00:00
280a0420-cdca-4f98-ab54-80dba01c6cdb,0,0,0,195,,,broken,"ssl: HTTPSConnectionPool(host='www.pelofitness.com', port=443): Max retries exceeded with url: / (Caused ",2026-06-22T13:04:29+00:00
e9e5a55a-8a78-4d08-b7ef-71fcc9681f61,200,0,0,116,,,weak,,2026-06-22T13:04:29+00:00
aa314ac0-2906-41da-9820-7d6ee0d7b4e6,200,1,1,5085,WordPress,Home - Toscalito Tire &amp; Automotive,weak,,2026-06-22T13:04:29+00:00
9ae82e50-1c94-4b5c-ab43-139f902fac1d,404,1,1,310,Wix,,broken,,2026-06-22T13:04:29+00:00
4fd73a13-d07f-4119-af67-0b77d4319fb1,200,1,1,167,Squarespace,Valley Brows | Permanent Cosmetics,good,,2026-06-22T13:04:29+00:00
9eb696cd-6898-4132-a431-ca5d8c0ceab7,200,1,1,846,Webflow,Bay Club Marin,good,,2026-06-22T13:04:29+00:00
6fc390f6-1166-4f85-b1de-2acef478a840,200,1,1,929,,Home | piratescove,good,,2026-06-22T13:04:29+00:00
aa94386d-1c87-426c-beb9-955c396ac350,0,0,0,109,,,broken,connection failed,2026-06-22T13:04:29+00:00
25147462-6ff4-4b3c-a5d1-b3063ede18bb,0,0,0,456,,,broken,"ssl: HTTPSConnectionPool(host='www.inthecave.com', port=443): Max retries exceeded with url: / (Caused by",2026-06-22T13:04:29+00:00
d1d304ff-cd9c-4018-b2cb-9597ac96e2fa,0,0,0,37,,,broken,connection failed,2026-06-22T13:04:29+00:00
cb6f6762-58af-4296-8549-16bc9e7ca960,200,0,0,111,,,weak,,2026-06-22T13:04:30+00:00
abc63832-9580-432e-a6c1-eb8ea63338af,0,0,0,51,,,broken,connection failed,2026-06-22T13:04:30+00:00
71974341-d7a8-4dea-a15d-2fe7b8ddbd10,200,1,1,419,WordPress,Brewer Phillips Hair Design - San Rafael - Marin&#039;s Premiere Salon,good,,2026-06-22T13:04:30+00:00
8b1262ef-f392-4002-ad59-f6ef5ec985de,0,0,0,103,,,broken,connection failed,2026-06-22T13:04:30+00:00
33f827ec-a3a8-4372-9683-702ab6318ec7,200,1,1,1025,,Jake &amp; JT - CST Training | Marin&#39;s Premier Fitness Studio,good,,2026-06-22T13:04:30+00:00
5d83b0f1-ba02-46d6-b043-ed988ab579b2,200,1,1,499,Squarespace,Exhale House Salon | Transform Your Look Today - Book Now,good,,2026-06-22T13:04:30+00:00
2c8dcf85-49a4-4a9c-83af-6c171a47273f,404,0,0,200,Squarespace,Squarespace - Domain Not Claimed,broken,,2026-06-22T13:04:30+00:00
fd7404a3-f26f-4939-8887-ac7e46c58243,200,1,1,287,WordPress,Gables Inn Sausalito | Located Near San Francisco | Vacation | Spectacular Amenities,good,,2026-06-22T13:04:30+00:00
da3094f3-af52-420b-aeec-ecd56037590e,403,1,1,166,,Just a moment...,broken,,2026-06-22T13:04:30+00:00
c72f7519-e2fe-40ce-98c2-ee854e808950,200,1,1,135,,Corte Madera | Hours + Location | Il Fornaio,good,,2026-06-22T13:04:30+00:00
53facabc-aa2b-46e1-801f-1b38a4745311,0,0,0,38,,,broken,connection failed,2026-06-22T13:04:30+00:00
f948c387-22bd-4c08-a736-0e4cfb6ab711,200,1,1,1491,,Personal Fitness Trainer Corte Madera | Fitness Studio in Corte Madera,good,,2026-06-22T13:04:30+00:00
5a1eb692-07ea-41f4-8666-6f1cc130d9cb,0,0,0,47,,,broken,connection failed,2026-06-22T13:04:30+00:00
3ece3116-f302-460c-94b2-4208b3e604dd,200,1,1,389,Squarespace,Pezzolo &amp; Co. | Enhance Your Space Today,good,,2026-06-22T13:04:30+00:00
33421828-208d-46b0-bf99-6b1e67afde4b,200,1,0,545,,PANEN100 - Hidden Oak Inn Penginapan Nyaman Bernuansa Alam untuk Liburan yang Lebih Tenang,weak,,2026-06-22T13:04:30+00:00
e5042661-620d-4b60-908d-c1cdb1548c20,200,1,1,166,,UC Marin Master Gardeners,good,,2026-06-22T13:04:30+00:00
1ea1991d-fc2f-45e0-a484-6d16d9d346e3,200,1,1,308,Shopify,"Best Gifts &amp; Jewelry | Art, Home Decor, Candles | Poet and the Bench",good,,2026-06-22T13:04:30+00:00
33e1d790-a2cb-408f-9df1-cef2d1b06524,200,0,1,215,Squarespace,Roth/LaMotte,weak,,2026-06-22T13:04:30+00:00
32de9176-b00a-48aa-a71c-e4be818cd0de,200,1,1,285,,"Novato Lawn Care | Lawn Care Services | Novato, CA",good,,2026-06-22T13:04:30+00:00
7dba8765-5a80-44d3-abe6-8505be06e71e,200,1,1,533,,Restaurant Booking,good,,2026-06-22T13:04:30+00:00
7ff950c8-ad6f-44e3-b838-be0beb4de840,404,0,0,215,,SITE NOT FOUND,broken,,2026-06-22T13:04:31+00:00
6b40ce5a-2d31-4e81-b812-be7672f42dbb,200,1,1,313,Squarespace,"Alexis Lynch | San Rafael, California | Marin County Conservatorship Attorney",good,,2026-06-22T13:04:31+00:00
bc48763a-21ea-43f4-989f-fa770ea4ead4,200,1,1,780,Wix,Nationwide Representation | SSDI Attorney | SSDI Lawyer | Social Security Disability Attorney Lawyer | Disability Lawyer Near Me | Disability Attorney Near Me | Bay Area | CA Colorado New Mexico,good,,2026-06-22T13:04:31+00:00
6ad09e6d-80e6-43ba-82eb-be76af2cdd09,200,1,1,341,,Body Ecology Massage & Yoga | Sausalito Wellness Center,good,,2026-06-22T13:04:31+00:00
d896c35e-dad0-4fa4-8543-ac12d5c9231f,200,1,1,1107,,Taubman Dias Dominguez LLP,good,,2026-06-22T13:04:32+00:00
9bd86830-fb70-43d1-b923-bf57a8dff298,202,0,0,199,,,weak,,2026-06-22T13:04:32+00:00
d85721de-39af-431d-b0e1-e9f0985d49bc,200,1,1,1225,WordPress,Marin Fencing Academy &#8211; The Modern Art of Fencing,good,,2026-06-22T13:04:32+00:00
2f747e94-5898-446f-b0de-d69a64fb056b,200,1,1,1193,WordPress,North Bay Kenpo - North Bay Kenpo,good,,2026-06-22T13:04:32+00:00
878a107f-3bfb-4a9a-986b-81c15a9134e3,200,1,1,332,Wix,Post-Cosmetic Surgery Care | Neria Beauty Therapy | San Rafael CA,good,,2026-06-22T13:04:32+00:00
a82f5208-60c2-4e07-9ddd-9920691b494f,200,1,1,4027,WordPress,Home - Michael&#039;s Custom Built Upholstery,weak,,2026-06-22T13:04:32+00:00
ba9f9a1d-ebfd-41e6-bd70-d4a08f647cf4,200,1,1,712,Wix,"Tacos Costa Sonoma | Street Tacos | 18627 Sonoma Highway, Sonoma, CA, USA",good,,2026-06-22T13:04:33+00:00
b7259d5b-ba98-483c-bd42-7d02cf64f50d,200,1,1,2767,WordPress,Enter The Pokies Online Casino - Premium Gaming Experience Australia,good,,2026-06-22T13:04:33+00:00
e12a78d4-2d8e-4311-924b-9a6f5a64c503,200,1,1,235,,,good,,2026-06-22T13:04:33+00:00
5833598b-7da8-4d36-8a82-0cbe51b43439,200,1,1,595,WordPress,Residential Bridge Lenders California | Golden Gate Lending Group,good,,2026-06-22T13:04:34+00:00
4415e61e-554d-4796-9d5d-c617ffa80125,200,1,1,2572,Wix,Esalen Massage Marin County | Presence-Based Bodywork | Nora Matten,good,,2026-06-22T13:04:34+00:00
c7d9d5d9-f47d-4078-9a8e-830814c65752,200,1,1,397,,Mason-McDuffie Mortgage Corporation,good,,2026-06-22T13:04:34+00:00
7ad5b98c-e459-473f-a666-b3a15a0b2739,200,1,1,207,Webflow,Luxury Vacation Home Rentals &amp; Private Villas | BeautifulPlaces,good,,2026-06-22T13:04:34+00:00
8536e861-09e1-4bfb-ac6e-8a233c4f8f08,0,0,0,8,,,broken,connection failed,2026-06-22T13:04:34+00:00
0abadae7-b3b1-4724-9194-06c5ff1b8459,200,1,1,2403,WordPress,Grilly&#039;s &#8211; Marin County&#039;s Best Fresh Mexican!,good,,2026-06-22T13:04:35+00:00
cd500c13-61e6-42c8-9aec-5fda75452f32,200,1,1,477,GoDaddy,winstonproperty.com,good,,2026-06-22T13:04:35+00:00
d418eefe-7389-4516-bcc5-592fbec3527e,200,0,0,93,,,weak,,2026-06-22T13:04:35+00:00
93e4e098-1c0d-4339-9520-07aa619312c1,200,1,1,238,Squarespace,Elevate Eye Care Optometry,good,,2026-06-22T13:04:35+00:00
4fc2bb44-8d08-45e9-ae2c-eae86614fc93,200,0,1,10789,WordPress,"S•CAR•GO Racing &#8211; Marin Porsche Service, Performance Tuning, and Race Preparation. We make &#039;em fly.",weak,,2026-06-22T13:04:35+00:00
ee67e4b0-67b2-4f70-abf1-2378df245f89,200,1,1,1824,WordPress,Dominic Pomilia | NMLS #293431 | Petaluma CA Mortgage Lender,good,,2026-06-22T13:04:35+00:00
fb20cd67-2bb4-4683-86d0-762b85f149cf,202,0,0,210,,,weak,,2026-06-22T13:04:35+00:00
c70f28fb-f651-4870-a814-4bf199047280,200,1,1,426,WordPress,Christine Egan | Pediatric Physical Therapy,good,,2026-06-22T13:04:35+00:00
e090f0b0-4c45-4103-8d4b-1cac56a8df92,0,0,0,47,,,broken,connection failed,2026-06-22T13:04:35+00:00
bd8f9f90-a946-47b4-a6cd-2defafecf1fe,200,1,1,395,Squarespace,Sidney Tarlow Yoga,good,,2026-06-22T13:04:35+00:00
80802a1b-6452-4cfc-b475-56fe75c79d2b,0,0,0,112,,,broken,connection failed,2026-06-22T13:04:35+00:00
4c612703-aeb1-468f-9eba-6c67d3664e05,200,1,1,478,Wix,Pilatesfit | Pilates &amp; Strength Training in Petaluma,good,,2026-06-22T13:04:35+00:00
3801b481-fe08-465b-babd-109765d2266e,200,1,1,899,WordPress,"Welcome to Mill Valley Optometry | Mill Valley, CA",good,,2026-06-22T13:04:35+00:00
654f772d-2a52-4ea3-9edd-675eec22cdf5,200,0,0,184,,,weak,,2026-06-22T13:04:36+00:00
54c67a24-f42f-4932-9b62-11cb35b070de,200,1,1,263,,Hedge Realty | The North Bay - Wine Country to the Coast,good,,2026-06-22T13:04:36+00:00
8de42c2b-a764-4257-9854-4e83e6c03573,200,1,1,487,,"Leolo Pizza | Artisan Pizza in Petaluma, CA | Best Pizza in Petaluma",good,,2026-06-22T13:04:36+00:00
09166720-54d4-46ed-951b-17a00709fb41,200,1,1,1032,WordPress,Home | San Anselmo | Mt. Tam Optometric Center,good,,2026-06-22T13:04:36+00:00
79c19fb9-d3e8-40f4-b88c-8b5479b72cd7,200,1,1,345,,Mill Valley Real Estate â Discover Your Dream Home Today,good,,2026-06-22T13:04:36+00:00
844e6760-1446-496a-973e-7e6aefbff52e,200,1,1,389,,"Barbara Brodrick, Real Estate Agent - Compass",good,,2026-06-22T13:04:36+00:00
e5e77da5-bcf9-4b99-bc93-8ce97298b2f1,530,0,1,131,,Origin DNS error | maryloumagana.exprealty.com | Cloudflare,broken,,2026-06-22T13:04:36+00:00
63740777-bb70-4ca3-962e-083c168db1de,200,1,1,335,,Th Smith + Aylwin Team | Top Team Servicing Marin County & Beyond,good,,2026-06-22T13:04:36+00:00
e4bb53fc-434a-4f8b-b966-75ead5380c98,200,1,1,6829,WordPress,"Boca Pizzeria &#8211; An Italian Pizza &amp; Pasta Restaurant in Novato and Corte Madera, CA",weak,,2026-06-22T13:04:37+00:00
3c677996-45b6-42c3-bd95-c649133f41b7,200,1,1,1519,,Property Listing,good,,2026-06-22T13:04:37+00:00
09338097-6060-46de-b60b-8eb831ff8855,0,0,0,108,,,broken,connection failed,2026-06-22T13:04:37+00:00
dbc9a21f-42b0-420e-b853-04492136b2b6,200,1,1,661,,Raquel Newman | Real Estate Agent Serving Northern CA,good,,2026-06-22T13:04:37+00:00
83c40dcd-486a-4029-85f0-6365af9cf61f,200,1,1,1916,WordPress,Azadeh Hunter - Azadeh Hunter,good,,2026-06-22T13:04:37+00:00
9d6fcaf9-7f83-4ebc-899a-9798a8f77e96,0,0,0,433,,,broken,"ssl: HTTPSConnectionPool(host='diringercook.com', port=443): Max retries exceeded with url: / (Caused by ",2026-06-22T13:04:38+00:00
7bcaac48-ac45-4549-9b7b-7fa592072937,200,1,1,434,,"Tyler Stewart | Realtor in Sausalito, Marin County & San Francisco",good,,2026-06-22T13:04:38+00:00
89e239cb-7bf3-4673-ae15-2d5ae3ad2b67,200,1,1,747,,Engel &amp; Völkers | Caroline Peel,good,,2026-06-22T13:04:38+00:00
65fd68a1-eb18-496e-8a0b-e7492982f51c,200,1,1,622,Joomla,"Hotel Brokers, Real Estate Loans &amp; Property Management Consulting",good,,2026-06-22T13:04:38+00:00
578c5b64-a4b3-4fac-a24f-3bb54e705452,403,1,1,169,,Access to this page has been denied,broken,,2026-06-22T13:04:38+00:00
281fe609-c25f-45b5-8618-cadc3a133dd5,200,1,1,361,,Tina Hittenberger | Petaluma Real Estate Team,good,,2026-06-22T13:04:38+00:00
710dd4f0-6c7c-4203-8586-c35ee66a549d,200,1,1,839,WordPress,Home - Karyn Kambur,good,,2026-06-22T13:04:39+00:00
6f6ffdda-20d8-451c-9793-74e1d88f5d92,200,1,1,565,GoDaddy,HOME,good,,2026-06-22T13:04:39+00:00
df78ef22-e1a9-44a4-a933-d220ff56b3c1,0,0,0,10,,,broken,connection failed,2026-06-22T13:04:39+00:00
8d31306a-208a-4d8c-8575-916815c3eda8,200,1,0,301,,,weak,,2026-06-22T13:04:39+00:00
0bcc74f2-9555-4b34-99b1-69880d664a7a,200,1,1,1222,,Real Estate Agent Search - Coldwell Banker,good,,2026-06-22T13:04:39+00:00
f0196847-462a-4acf-97bc-46257f4d1230,0,0,0,39,,,broken,connection failed,2026-06-22T13:04:40+00:00
d90315b2-fc93-4c87-ad12-ecd05c95eadd,200,1,1,886,,Home | Mark Adams | Berkshire Hathaway HomeServices,good,,2026-06-22T13:04:40+00:00
5b977f8a-b55d-4892-9903-5102f65ad0f0,404,0,0,333,,,broken,,2026-06-22T13:04:40+00:00
5d9759c0-53d6-4dc8-bf79-c6ae2043cf7b,200,1,1,368,,Paul OâNeil | SF Bay Area Real Estate Agent,good,,2026-06-22T13:04:40+00:00
1306bc9a-95b5-492b-b99e-7428e71a8362,200,1,1,192,,"Yvette Preute | Petaluma, CA Real Estate Agent",good,,2026-06-22T13:04:40+00:00
4a5cd7f4-649c-42a4-9ee1-b17a49f3c8e7,200,1,1,546,,Tiburon and Belvedere Real Estate Agent | Phillipa Criswell,good,,2026-06-22T13:04:40+00:00
35928da8-d69b-4463-a833-3a6c621e8cf5,200,1,1,4740,WordPress,Bill Johnson Real Estate Group - Marin County Luxury Property Specialist,weak,,2026-06-22T13:04:40+00:00
5ee1806a-9731-4825-a04a-144e2324f0a0,200,1,1,289,,,good,,2026-06-22T13:04:41+00:00
36873cae-528a-4ec7-a81a-2cf1326318d9,200,1,1,1585,WordPress,Melissa Crawford,good,,2026-06-22T13:04:41+00:00
d38ab303-d8bc-40e0-9455-06624f802b89,200,1,1,185,,Marin County Real Estate Agent | Work With Sherry Ramzi,good,,2026-06-22T13:04:41+00:00
e19ca6ba-1ecb-40bd-a463-e9d3706cad15,200,1,1,498,,"Real Estate, Homes For Sale.",good,,2026-06-22T13:04:41+00:00
d6593cd6-531c-4ca5-9176-f0aaa8846cac,218,1,0,244,,,weak,,2026-06-22T13:04:41+00:00
b5c7d129-d8a6-4d9b-b4d2-876d0cc5ddf5,503,1,0,211,,,broken,,2026-06-22T13:04:41+00:00
78a55a78-be90-4ffc-8125-2edde6733806,0,0,0,110,,,broken,connection failed,2026-06-22T13:04:41+00:00
ff93767b-7d6e-499e-97b1-5443303291ad,200,1,1,295,,Top San Francisco & Marin County Real Estate Agents,good,,2026-06-22T13:04:41+00:00
ae8c6d55-8386-4873-8c99-e23e659efc94,200,1,1,1215,WordPress,Robert Ravasio,good,,2026-06-22T13:04:42+00:00
8c2b5c99-e721-432b-b815-d30ad3586cc5,0,0,0,15103,,,broken,connection failed,2026-06-22T13:04:42+00:00
d1b7b744-8a24-4412-89ca-fe893cfb755e,200,1,1,331,,Sharon Monticello | Your Petaluma Real Estate Expert,good,,2026-06-22T13:04:42+00:00
ceb2c7a7-bc02-41fb-989f-3f9d8d17f03b,200,1,1,724,WordPress,Top Marin Real Estate Agent | Trusted #1 Ranked Marin County Realtor,good,,2026-06-22T13:04:42+00:00
f41dce27-6d5e-4232-aed8-4a23f02bf76d,200,1,1,321,Wix,Our Community,good,,2026-06-22T13:04:42+00:00
eedcb45a-87a3-4b1b-a484-d16685530c76,200,1,1,693,,Engel &amp; Völkers | Zachary Cohn,good,,2026-06-22T13:04:42+00:00
c3f7e958-daa6-47f0-9175-1f6b5f431c04,200,1,1,672,,Zamira Solari | Marin County Luxury Real Estate Agent,good,,2026-06-22T13:04:42+00:00
ef860fd2-4fb8-4d68-b181-f36c6558825b,200,1,1,1587,WordPress,SMITH RANCH MARKETING - Luxury Retirement in Marin County,good,,2026-06-22T13:04:42+00:00
a8c953b6-e2f3-4564-8079-6d3f7426eac0,200,1,1,350,Squarespace,galaxy flower lab,good,,2026-06-22T13:04:42+00:00
2ae52dbc-260b-4fa7-bc74-ea2c0359f6a9,200,1,1,304,Shopify,"Pressed Juicery® - Cold-Pressed Juices, Smoothies &amp; Plant-Based Foods",good,,2026-06-22T13:04:43+00:00
ebbd91c1-6f7c-458c-9f9d-01c2b7622bed,202,0,0,225,,,weak,,2026-06-22T13:04:43+00:00
44409a3d-b95b-4792-bb7f-a80aa399a136,200,1,1,1087,WordPress,Home - wmss.org,good,,2026-06-22T13:04:43+00:00
4b34f501-8f41-4622-9379-5ed28a45d6a3,200,1,1,763,GoDaddy,Fuji Sushi,good,,2026-06-22T13:04:43+00:00
d7c32974-5d4c-4d0b-805b-dadc73ae5841,200,1,1,741,,Taste Asia: Food Tours with ShisoRestaurant,good,,2026-06-22T13:04:43+00:00
70ce3ad8-1920-49ad-b591-3399e6bb9e06,0,0,0,8,,,broken,connection failed,2026-06-22T13:04:43+00:00
eac41a6d-a711-4a42-a404-6819204365b3,200,1,0,170,,,weak,,2026-06-22T13:04:44+00:00
81a87f59-b6a2-4b7f-912f-9b9eb294ddc7,200,1,1,1237,,Angela Hinds @ Mood - Petaluma CA | Vagaro,good,,2026-06-22T13:04:44+00:00
4d4089e8-2cd1-403d-9929-c4fcd7774d71,0,0,0,50,,,broken,connection failed,2026-06-22T13:04:44+00:00
6600b968-8d94-4b92-bf48-9df4da593da7,200,1,1,496,,StyleSeat - Online Booking for Hair Stylists & Beauty Professionals,good,,2026-06-22T13:04:44+00:00
2514824c-7f53-4cbe-9778-c2cf69016c2b,0,0,0,112,,,broken,connection failed,2026-06-22T13:04:44+00:00
09e851ac-9011-4a86-be32-58fcc6f0036f,0,0,0,106,,,broken,connection failed,2026-06-22T13:04:44+00:00
8869ed31-2bcf-4973-8ce7-67707b125470,0,0,0,41,,,broken,connection failed,2026-06-22T13:04:44+00:00
97e28f89-ad86-40fc-9d4f-20cb1632d099,0,0,0,111,,,broken,connection failed,2026-06-22T13:04:44+00:00
72e359c8-d083-40ee-b939-a780fa626444,200,1,1,671,Shopify,MAUI WHITENING Official Site: #1 Teeth Whitening Salon in U.S. &ndash; Maui Whitening Headquarters,good,,2026-06-22T13:04:44+00:00
8beca750-5598-4b8c-a986-c814cee43edb,404,0,0,232,,,broken,,2026-06-22T13:04:44+00:00
2feccc43-ac43-48f6-ae5b-36426ade92dd,0,0,0,15074,,,broken,connection failed,2026-06-22T13:04:45+00:00
d774614e-2891-4314-88c4-9586d95faa8d,200,1,1,892,WordPress,,good,,2026-06-22T13:04:45+00:00
aefeb737-974d-47e8-b39a-094f51844f0e,200,1,1,2153,WordPress,Life in Balance &#8211; Fitness and Massage,good,,2026-06-22T13:04:45+00:00
fa2a5e97-32c9-423b-932a-214a27de809f,200,1,1,591,WordPress,Three Sticks - Sonoma’s Best Estate Pinot Noirs and Chardonnays,good,,2026-06-22T13:04:45+00:00
53638de2-4d4b-4d5d-bb27-5f9054b83be0,200,1,1,693,,Home | Thirty-Seven-Wines,good,,2026-06-22T13:04:45+00:00
9ac44828-2ecb-4474-95a7-c8af20ae8e43,0,0,0,122,,,broken,connection failed,2026-06-22T13:04:45+00:00
6858b117-b950-4f4c-b4c3-7292366e6c92,200,1,1,303,GoDaddy,Home - Tyge William Cellars,good,,2026-06-22T13:04:45+00:00
23ec5ff5-304b-43da-8d7e-8ba986e18274,406,1,0,74,,,broken,,2026-06-22T13:04:45+00:00
e5e054ad-c0ea-489f-bcc0-1ad8b41aa7ce,200,1,1,481,,Body Ecology Massage & Yoga | Sausalito Wellness Center,good,,2026-06-22T13:04:45+00:00
8e32698e-dafd-40cd-bb7d-0df615d5f1ad,0,0,0,17024,,,broken,timeout,2026-06-22T13:04:45+00:00
ae1d512c-c6a0-4559-a35d-0952f6c82916,200,0,0,397,Weebly,TURK KAUFFMAN ARCHITECTURE - Turk Kauffman Architecture projects,weak,,2026-06-22T13:04:45+00:00
fcd1bde3-1b10-408c-bce0-c06e2ef14a17,0,0,0,9,,,broken,connection failed,2026-06-22T13:04:45+00:00
e15c609c-c317-4bed-b564-c5ad6108c68c,200,1,1,1054,Webflow,"Home Studio Yoga | Yoga Community in San Anselmo, CA",good,,2026-06-22T13:04:46+00:00
69187cf9-f041-4e5b-95ec-f01fa8618409,403,0,1,149,WordPress,Error: Active domain connection for this domain not found,broken,,2026-06-22T13:04:46+00:00
5cd56238-bb48-4d39-abf0-f70f5051a3d4,0,0,0,46,,,broken,connection failed,2026-06-22T13:04:46+00:00
3b2f8216-dd57-422e-9fdc-f36125e256f8,200,1,1,2375,,R&#x27;Noh Thai — Online Order,good,,2026-06-22T13:04:46+00:00
dc4de931-bde7-4231-9bbe-1eec14ea5eeb,200,1,1,1299,WordPress,Kids Yoga &amp; Mindfulness through Music &amp; Play,good,,2026-06-22T13:04:46+00:00
f2382e43-b790-47e9-b04a-5c5c5cc44796,0,0,0,114,,,broken,connection failed,2026-06-22T13:04:46+00:00
548484ac-066e-4d61-8ce6-0343d489b9bb,200,1,1,685,WordPress,"The Racers Group high-performance racing, parts and service in the North Bay &#8211; Shift to a higher standard.",good,,2026-06-22T13:04:46+00:00
6f14a978-4ee4-4308-9c53-57cb41f20983,403,1,0,261,,tripadvisor.com,broken,,2026-06-22T13:04:46+00:00
227ad372-86f3-473a-9f33-efb1221e35af,200,1,1,1532,WordPress,Frank Giovannoni | CPAs Certified Public Accountants San Francisco CA &#8211; Professional Certified Public Accounting Services,good,,2026-06-22T13:04:46+00:00
f66a7a0d-c941-443f-b0cf-ade4f8ccc2f9,200,1,1,1400,Wix,HOME | jillbentonarchitect,good,,2026-06-22T13:04:46+00:00
54681dd6-6714-4082-8f40-54699ad6e966,200,0,1,115,Squarespace,Ava Lane Hairdressing,weak,,2026-06-22T13:04:46+00:00
68a7bb36-313f-43d4-9a4e-38322a57b465,200,1,1,340,Squarespace,ALCHEMY MARIN,good,,2026-06-22T13:04:46+00:00
e208125b-75d3-4c94-9c49-df10ad756fe3,200,1,1,1233,WordPress,Hamilton&#039;s Automotive,good,,2026-06-22T13:04:47+00:00
da55413b-fb67-46e7-bea1-775450f7acb6,200,1,1,533,Squarespace,"Best Barbershop in Novato | Haircuts, Shaves, and More &mdash; Authentic&#39;s Barber Shop | Petaluma",good,,2026-06-22T13:04:47+00:00
d270ca5b-f1ae-4c9c-aed2-8e701371061f,200,1,1,383,Squarespace,Bloomlove | Discover Natural Wellness Today,good,,2026-06-22T13:04:47+00:00
fecb4024-de61-4af8-86e0-ab30253d756b,200,1,1,292,Squarespace,"Siren Sisters | Order Fresh, Support Local",good,,2026-06-22T13:04:47+00:00
e5099220-108b-4ea3-af0c-6ff31d2a94cf,0,0,0,107,,,broken,connection failed,2026-06-22T13:04:47+00:00
ac5201ed-b555-4979-aa90-7b17c9a14e27,200,1,1,196,Squarespace,Be Well Functional Health &amp; Chiropractic,good,,2026-06-22T13:04:47+00:00
292f46ff-1136-48fa-a75c-d3b2dd021a14,0,0,0,115,,,broken,connection failed,2026-06-22T13:04:47+00:00
35ff29e3-cdb2-42ee-85ed-2ee7c9a31c44,200,0,0,145,,Sports Injury Treatment San Francisco Bay Solution San Rafael CA Sports Injury Medicine Clinic Athletic Injury Rehabilitation,weak,,2026-06-22T13:04:47+00:00
a4b58a30-2073-45db-97db-aba8d36d0af9,200,1,1,325,Squarespace,"Robert Adamich, The Gentle Chiropractor - Adamich Chiropractic",good,,2026-06-22T13:04:47+00:00
5bba87b8-0675-450c-8117-9ff7000ec7f3,200,1,1,368,Squarespace,Non-Disposable Life ™,good,,2026-06-22T13:04:47+00:00
6969fa92-d109-4d13-9d71-eadfe9456cc0,200,1,1,306,Shopify,Made In America Festival Outfits | Warrior Within Designs,good,,2026-06-22T13:04:47+00:00
b828b2db-ed4d-42b9-80af-5bd12f28b5fa,200,1,1,913,Weebly,Home | Anita Sophia Albini,good,,2026-06-22T13:04:47+00:00
d7a9772a-2f9a-4be4-ad59-9d68f55b1988,200,1,1,839,GoDaddy,Porchetta Toscana,good,,2026-06-22T13:04:47+00:00
daefc0c9-db36-41f0-baf8-9a09d610aaf5,0,0,0,15398,,,broken,timeout,2026-06-22T13:04:47+00:00
3da35ab6-676a-4dc5-b157-42de9fa63b9f,200,1,1,176,Webflow,"Landmark Builders, Builder, 42 Digital Dr Ste 11",good,,2026-06-22T13:04:47+00:00
9b83f8a9-08d3-4195-b028-63806ac48a24,200,1,1,539,Shopify,"Philine of San Francisco,Designer vintage inspired coats and suits &ndash; PhilineSF",good,,2026-06-22T13:04:47+00:00
2ce7abe7-c1c1-495b-872b-7bc360a61043,200,0,0,275,,Clearly Organized | Custom Home Closet Builds | Marin | Sonoma | Napa,weak,,2026-06-22T13:04:47+00:00
37c3fccf-4ebb-4b9e-8aa9-13a0ac38aad8,202,1,0,305,,,weak,,2026-06-22T13:04:47+00:00
0e4a1b89-d50d-4681-afb7-3e4bc78117ae,200,1,1,308,Squarespace,GMH Builders - Building for Life,good,,2026-06-22T13:04:48+00:00
22800865-f375-4bfa-a2d6-c012ebd085af,0,0,0,111,,,broken,connection failed,2026-06-22T13:04:48+00:00
82ce5a8f-fbef-4385-ac75-830db5f75b7e,200,0,0,117,,"Marin Custom Home Builder | Nichelini and Sons, Inc. - A Marin County Construction Company",weak,,2026-06-22T13:04:48+00:00
3afdfe22-e2e6-4cd3-90ca-3a7aee9b0418,200,0,1,282,,Account Suspended,weak,,2026-06-22T13:04:48+00:00
b91d22bb-4c27-4180-8a56-2a4df07112fe,200,1,1,415,Squarespace,Farallon Construction,good,,2026-06-22T13:04:48+00:00
e703c874-7363-4940-9ecf-32f75eb9b9bc,200,1,1,1354,WordPress,Eureka!,good,,2026-06-22T13:04:48+00:00
8bb975c3-15b9-46c8-967a-b4a774250d29,200,1,1,168,GoDaddy,Contact &#8211; Siteline Builders,good,,2026-06-22T13:04:48+00:00
90e796e0-000d-450b-8efd-cdf06fe8df9c,200,1,1,159,GoDaddy,Divorce Attorney - Marin Family Lawyers,good,,2026-06-22T13:04:48+00:00
be2c3d52-541c-46bd-a052-b310724c5a99,200,1,1,398,Squarespace,Urban Waterproofing,good,,2026-06-22T13:04:48+00:00
dd2fa566-c07e-4ec2-9855-571288642b76,200,1,1,544,WordPress,Enology V2 - 3 Badge Corporate Site,good,,2026-06-22T13:04:48+00:00
d12376d7-7bcb-4a8e-b7f1-5835274c30c7,200,1,1,570,WordPress,Petaluma‎ Family Law Attorney | Jill White Law and Mediation PC,good,,2026-06-22T13:04:48+00:00
02850e3c-e7b5-4ad2-bdb5-ccc96660aae8,403,1,1,233,,Just a moment...,broken,,2026-06-22T13:04:48+00:00
c8424d25-f9d1-4e88-88b8-c5362870b115,200,1,0,520,,PATRICK CANINE TRAINING AND BOARDING,weak,,2026-06-22T13:04:48+00:00
0f300eb3-adf0-42a2-ac3d-78865865d7a2,200,1,1,756,,"Unique Painting Services | Residential &amp; Commercial Painting – Marin, Sonoma, Napa, Contra Costa",good,,2026-06-22T13:04:48+00:00
3ba552f0-b00a-4b2d-9ec2-5458da432f15,200,1,1,213,Wix,Wine Country Rabbi-Steve Finley Sonoma rabbi Napa rabbi Jewish wedding,good,,2026-06-22T13:04:48+00:00
8961b006-2430-453c-919b-5b18957b9797,200,1,1,1555,Shopify,Troost Coffee by Willem Boot &ndash; TROOST COFFEE,good,,2026-06-22T13:04:48+00:00
2377fadb-5c73-455f-9a6d-7c13a4fcad02,200,0,1,1332,WordPress,"All Truss, Inc.",weak,,2026-06-22T13:04:48+00:00
4e124ff0-0b65-408d-8bde-c5ec061b26a0,200,1,1,245,,Paytronix,good,,2026-06-22T13:04:48+00:00
e5086e31-78ea-4ea6-a934-f79886b2bf33,200,1,1,720,,"Marin Arts &amp; Crafts Show | Art, Craft &amp; Community in Marin",good,,2026-06-22T13:04:49+00:00
873ffd56-4f79-4e1d-8f3f-53f66acd4b51,200,0,0,216,,,weak,,2026-06-22T13:04:49+00:00
64b73fe2-c12d-4851-9326-40566e82f520,200,1,1,310,Squarespace,Resilient Body 2025,good,,2026-06-22T13:04:49+00:00
c5497360-4642-4032-a39c-06e30fa6ce6b,0,0,0,247,,,broken,connection failed,2026-06-22T13:04:49+00:00
d5b5212f-8745-4874-9870-56f8ce9be417,0,0,0,114,,,broken,connection failed,2026-06-22T13:04:49+00:00
1f10e49c-0416-46ae-a585-d537704740c5,200,1,1,557,Squarespace,The Art Bloc Sausalito | Join and Create Today,good,,2026-06-22T13:04:49+00:00
c098a756-90e6-4140-973c-61352b64d175,200,1,1,315,,Ribbon & Twine | Flowers for Weddings-Events-Local Delivery,good,,2026-06-22T13:04:49+00:00
2bd5cefb-b93c-4f28-90f9-794e20bd4375,200,1,1,290,Squarespace,Soft Goods,good,,2026-06-22T13:04:49+00:00
a783f782-d752-44e5-a540-74face9d15c9,404,1,0,229,,Error 404 (Not Found)!!1,broken,,2026-06-22T13:04:49+00:00
894b3e57-b70d-4156-82e9-6124b84c84aa,200,1,1,380,GoDaddy,Order Flowers Online | Local Florist Delivery,good,,2026-06-22T13:04:49+00:00
939a0739-f4af-4172-a428-a8893a64e4f1,0,0,0,115,,,broken,connection failed,2026-06-22T13:04:49+00:00
ca190e96-f0cb-4a42-9e87-f3ac3ceb2cb6,200,1,1,126,GoDaddy,Clear Light Window Washing &#8211; Residential &amp; Commercial Window Washing and MORE!,good,,2026-06-22T13:04:49+00:00
496c2423-2303-4c43-8fed-818c14f1b585,200,1,1,364,Shopify,Super-Nutritious Superfood Products | Navitas Organics,good,,2026-06-22T13:04:49+00:00
a5666f60-45f6-4649-9c4e-029503360ea2,402,1,1,481,Shopify,Store unavailable,broken,,2026-06-22T13:04:49+00:00
d01bb8b0-f014-48a7-a8bd-bf2e69781228,200,1,1,487,Squarespace,Jen Fuller Fitness / Live a Fuller Life | Enhance Your Well-being Today,good,,2026-06-22T13:04:49+00:00
bba6e6ac-1d76-41b8-929e-92356572ed64,0,0,0,7,,,broken,connection failed,2026-06-22T13:04:49+00:00
581df647-b24e-4ea7-9350-4bfdbb475e03,200,1,1,442,Squarespace,Fjord - Feel Something,good,,2026-06-22T13:04:49+00:00
3d334377-cbaa-4420-b5bf-261e08c10194,0,0,0,109,,,broken,connection failed,2026-06-22T13:04:49+00:00
832f59a4-b6d0-42e6-8d84-742d786129a6,200,1,1,578,Wix,"Angela Rose Artistry | Hairstylist | 925 Sherman Avenue, Novato, CA, USA",good,,2026-06-22T13:04:49+00:00
8363b670-8708-40e9-8cf6-69b04c682d37,404,1,1,295,Wix,404 Error: Page Not Found | Wix.com,broken,,2026-06-22T13:04:49+00:00
268897d6-767e-4040-93d0-1c7328fe360b,200,1,1,587,,Marin Green Clean,good,,2026-06-22T13:04:50+00:00
ad68d9a8-2e3a-47d5-85c5-b57e1d43c2c6,200,0,1,1129,Drupal,FuBarbell,weak,,2026-06-22T13:04:50+00:00
9d73c090-83fe-4299-bb9f-535c7a1e2783,200,1,1,470,GoDaddy,Our Services,good,,2026-06-22T13:04:50+00:00
073fef16-935d-4a9e-ace5-5717b902c2fc,200,1,1,442,Squarespace,JBD,good,,2026-06-22T13:04:50+00:00
2949f830-1d82-4ea1-b7ec-4034e2f8756b,200,0,0,260,,Gudrun Langer Goldschmiede - FINE HANDFABRICATED JEWELERY,weak,,2026-06-22T13:04:50+00:00
69203cf3-90d7-4e20-a9ee-5bd6ddc17b5f,200,1,1,209,,IRS & California Tax Lawyer | San Francisco & Irvine Cryptocurrency Attorney | Kugelman Law,good,,2026-06-22T13:04:50+00:00
c54cd482-3bb8-4a50-9717-8fb8bf6e4fa5,200,1,1,280,Shopify,Stella &amp; Dot Jewelry,good,,2026-06-22T13:04:50+00:00
0c904336-f15c-432b-828c-85d59078acec,403,0,1,110,,CNAME Cross-User Banned | Cloudflare,broken,,2026-06-22T13:04:50+00:00
4f84720f-1fe8-40c6-ae89-57173b6c4a1d,200,1,1,912,WordPress,Home - Eikos Kitchen and Bath Design,good,,2026-06-22T13:04:50+00:00
08d8a3e8-c440-40f3-afc8-57e3603f3303,200,1,1,177,,"Law Office | Larkspur, CA | Law Offices Of Matthew Brekhus",good,,2026-06-22T13:04:50+00:00
effa5685-b2c1-46ed-8ab2-066430fdf95d,200,1,1,495,WordPress,Home - FYGN | For Your Gardens' Needs,good,,2026-06-22T13:04:50+00:00
2c98809a-89c6-4e76-8a99-0c67ad257004,200,0,0,895,,Welcome nestdesignco.com - BlueHost.com,weak,,2026-06-22T13:04:50+00:00
4dcf5029-04f1-4b0d-a568-40ae67166616,200,0,0,178,,,weak,,2026-06-22T13:04:50+00:00
74a79811-f2d4-40cb-82b1-cd61d3fce36c,200,1,1,555,Wix,Law Office of Sheri Chlebowski | Family,good,,2026-06-22T13:04:50+00:00
397e47bf-d4ab-4cd6-9f25-38bb996ffd02,200,1,1,1626,,649 Mane Luxe Salon,good,,2026-06-22T13:04:50+00:00
cf7c6ecf-e69d-488c-87e1-5ec45681d243,200,1,1,68,WordPress,"Michael Cadet - Petaluma, CA Mortgage Loan Officer | CrossCountry Mortgage",good,,2026-06-22T13:04:50+00:00
15208808-5bb3-439d-9bf8-21e7e78220cb,200,1,1,1058,,"Interior, Exterior Designer Sausalito, Marin County | Urrutia Design",good,,2026-06-22T13:04:50+00:00
e903f3fe-ca6f-4510-bb6e-9bb1172c3095,200,1,1,147,WordPress,"Deborah Granelli - Petaluma, CA Mortgage Loan Officer | CrossCountry Mortgage",good,,2026-06-22T13:04:51+00:00
1b86cddc-6a78-4f52-9e53-dcbfcbc070c3,200,1,1,534,Wix,"Radiant Massage | Massage Therapy | 130 Greenfield Avenue, San Anselmo, Marin County, CA, United States",good,,2026-06-22T13:04:51+00:00
f9c689a8-0532-459c-baa1-5dad788be9ca,200,1,1,463,,Pacific Bay Lending Inc,good,,2026-06-22T13:04:51+00:00
c4d06f15-6d5a-40c1-8f0c-e93be35b1e45,200,1,1,1033,Wix,Special Education Law Firm Marin San Francisco Bay Area Carolyn Makens,good,,2026-06-22T13:04:51+00:00
9368f408-24aa-446b-9895-8f6f8b6df9cb,200,1,1,945,WordPress,Life in Balance &#8211; Fitness and Massage,good,,2026-06-22T13:04:51+00:00
5bbb0ae1-6a69-4e8f-b85b-99c4ea71bc98,500,1,0,1141,,Database Error,broken,,2026-06-22T13:04:51+00:00
490d8f05-cad4-4075-92ee-51d789d785f7,0,0,0,15031,,,broken,connection failed,2026-06-22T13:04:51+00:00
4a5cffde-7fe4-4ec3-bd41-2c2d116ae09b,200,1,1,333,WordPress,Novato Mortgage Broker | Clear2Close Brokers,good,,2026-06-22T13:04:51+00:00
98d06f67-b677-4002-95bf-ca855d459149,200,1,0,151,,Consumer Access - Browser Warning,weak,,2026-06-22T13:04:51+00:00
c658a760-5bb0-47d9-8f82-5858d2102f2b,200,1,1,263,Squarespace,Ryan Lugbauer,good,,2026-06-22T13:04:51+00:00
a28092e4-0ed0-4022-85bd-dae53a388ed3,200,1,0,229,,Consumer Access - Browser Warning,weak,,2026-06-22T13:04:51+00:00
2a191132-70f8-40f4-bc1a-213bd3565dd3,200,0,0,153,,The Whole Pet,weak,,2026-06-22T13:04:51+00:00
1e83a628-06cd-453c-9136-c4afd1f7cecf,0,0,0,107,,,broken,connection failed,2026-06-22T13:04:51+00:00
a20ae39f-ca40-490c-b74c-ab2ca2c41b6e,200,1,1,59,Squarespace,Pivotal Pelvis — Bio Sites,good,,2026-06-22T13:04:51+00:00
87a0a350-6c2e-4453-a94e-d9e434dfbbd4,0,0,0,15109,,,broken,connection failed,2026-06-22T13:04:51+00:00
80f119fa-cdab-42a2-b6ae-abd8a0bd43d0,0,0,0,108,,,broken,connection failed,2026-06-22T13:04:51+00:00
4e556692-1333-49a4-a52a-23da8dcca4da,200,1,1,146,Webflow,"Pengrove Pub, Cocktail Lounge, 10005 Main",good,,2026-06-22T13:04:52+00:00
aea60111-d0cd-47b0-8046-a4a1c8941ba6,200,1,0,40,WordPress,Broker Blog | A discussion about the real estate business in Wine Country and elsewhere.,weak,,2026-06-22T13:04:52+00:00
75ea19d3-5048-466b-9d68-7b2d81241830,200,1,1,464,Squarespace,Morgan Caplane Equestrian,good,,2026-06-22T13:04:52+00:00
a030079c-acd1-4c41-875f-63aa45b8a3a2,200,0,1,277,,Refresh Your Look at David Ryan Salon in Flower Mound,weak,,2026-06-22T13:04:52+00:00
7d55aea7-26e5-4847-a4c3-c0c4d2323107,200,1,1,360,Wix,Dog Walking | Walk This Way | California,good,,2026-06-22T13:04:52+00:00
d6931590-70c9-42f5-8741-f1e49bcfa35b,200,1,1,1383,WordPress,Christopher Caproni | NMLS #580518 | Petaluma CA Mortgage Lender,good,,2026-06-22T13:04:52+00:00
2a39077e-e99e-4e90-b015-58b1df5cb208,200,0,0,121,,ATTELLREALESTATE.COM,weak,,2026-06-22T13:04:52+00:00
a8acc353-269a-4b24-89d3-2b586da64809,200,1,1,471,Squarespace,The Reform Room,good,,2026-06-22T13:04:52+00:00
b6e80797-8aa8-4aee-aa86-b5d7cef36b0d,200,1,1,476,WordPress,Dowling &amp; Dennis Public Relations,good,,2026-06-22T13:04:52+00:00
860d6b7c-a10e-44bf-acc5-d1b6e26bf63c,200,1,1,248,,Andersen Real Estate | Brad Andersen,good,,2026-06-22T13:04:52+00:00
ee6c57f9-3d0e-4da5-b535-46a8f945fa66,200,1,1,305,,Marin County Realtor | Allison Salzer Luxury Homes,good,,2026-06-22T13:04:52+00:00
e0266cca-7a88-4701-9c1b-893acc701223,200,1,1,1806,Wix,H O M E | Moving Prana,good,,2026-06-22T13:04:52+00:00
8e700575-90c1-45eb-b79d-4d76eac8ffc0,0,0,0,52,,,broken,connection failed,2026-06-22T13:04:52+00:00
7360f318-7677-4b3e-a715-1ae1015fcbc8,202,1,0,516,,,weak,,2026-06-22T13:04:52+00:00
4c999e9e-08db-4972-bf1f-244c5232f335,200,0,1,991,WordPress,Steve Compagno | NMLS #347427 | Petaluma CA Mortgage Lender,weak,,2026-06-22T13:04:52+00:00
45b1ff2e-61aa-4a29-a8d9-1222adb9ee99,200,1,1,383,,"Carol Munson, Real Estate Agent - Compass",good,,2026-06-22T13:04:52+00:00
900d2747-a88e-429d-b4ce-851460816a6b,0,0,0,246,,,broken,"ssl: HTTPSConnectionPool(host='www.agentadams.com', port=443): Max retries exceeded with url: / (Caused b",2026-06-22T13:04:52+00:00
a6eb2964-ef8e-4082-a479-6231b464874b,0,0,0,38,,,broken,connection failed,2026-06-22T13:04:52+00:00
9ba4d0bd-a36b-4f4c-88b7-babd4f5e17b2,200,1,1,418,,Nicole Marzo | Compass Petaluma,good,,2026-06-22T13:04:52+00:00
f767f11d-a576-4068-bca8-c3e74f636c0d,200,1,1,249,,Napa & Sonoma Real Estate | CB Brokers of the Valley,good,,2026-06-22T13:04:52+00:00
14937b89-1899-4034-a747-0b5526d122ae,200,1,1,331,,Christine Christiansen | Marin County Real Estate Agents,good,,2026-06-22T13:04:52+00:00
7467651b-8266-465a-a697-49933f6f58a0,0,0,0,107,,,broken,connection failed,2026-06-22T13:04:53+00:00
2ddb9567-f34c-4bdb-b81d-7e427f796399,0,0,0,16,,,broken,connection failed,2026-06-22T13:04:53+00:00
bd42f296-d2f9-4309-bd0a-1a611b8dbaa6,200,1,1,729,,Cheryl Spence | Marin County Real Estate & Mill Valley Luxury Homes,good,,2026-06-22T13:04:53+00:00
f53ae0d4-cc37-454a-8c35-a0f8e8ddcc15,403,1,0,233,,ERROR: The request could not be satisfied,broken,,2026-06-22T13:04:53+00:00
e84fbba6-7af5-496a-b709-b0707a433b6d,200,0,0,1107,,,weak,,2026-06-22T13:04:53+00:00
9881a5be-35bb-4afb-8c4c-39f3c7cecf1b,404,1,1,711,,404 Page Not Found | Vanguard Properties,broken,,2026-06-22T13:04:53+00:00
da647948-2045-4eb7-9c9e-74bdac57a86b,200,1,1,233,,"Real Estate Agents, Profiles & Listings - Compass",good,,2026-06-22T13:04:53+00:00
791b2e6a-8bef-4c0d-a29e-c6cf5861a4a0,200,1,1,1162,WordPress,Home - Chris Backer,good,,2026-06-22T13:04:53+00:00
e6258b2c-2ec9-4f08-8152-2f0d246e6f28,0,0,0,41,,,broken,connection failed,2026-06-22T13:04:53+00:00
90883bef-d0fb-4c67-b77d-be14d8dc0f34,200,1,1,266,,Glen Barras - San Francisco and Marin County Real Estate,good,,2026-06-22T13:04:53+00:00
7ea22af1-fc99-4f16-b3df-e4269fea578b,0,0,0,597,,,broken,connection failed,2026-06-22T13:04:53+00:00
83eb3dd0-cf06-4163-9658-fe955904d631,200,1,1,321,,Henry Hautau | Novato Real Estate Agent,good,,2026-06-22T13:04:53+00:00
74420099-f302-4d88-96be-531ccbea1295,0,0,0,115,,,broken,connection failed,2026-06-22T13:04:53+00:00
45647878-f897-46ca-a744-71109c0a1413,200,1,1,350,,James A Walsh Real Estate | JamesAwalsh.com,good,,2026-06-22T13:04:54+00:00
e19e511a-6db8-4985-9822-ab17900596d9,200,1,1,1063,WordPress,Home - Douglas Hecker,good,,2026-06-22T13:04:54+00:00
0904bc94-e766-4bcf-bd63-4f063d434ab6,200,1,1,1203,,Mill Valley CA Real Estate & Homes for Sale | Luxe Places International Realty-Mill Valley,good,,2026-06-22T13:04:54+00:00
893f9f06-1369-4aa4-adff-64e319f8ead9,200,1,1,229,,John C. Reid – Best Real Estate Agent in Petaluma / Napa / Sonoma / Santa Rosa / Healdsburg / #1 Luxury Realtor | Tim Allen Properties,good,,2026-06-22T13:04:54+00:00
d0715354-c422-4835-bf81-1427e528754f,0,0,0,7,,,broken,connection failed,2026-06-22T13:04:54+00:00
fb671fb5-2e57-409a-8b1e-245dff3368b6,202,0,0,134,,,weak,,2026-06-22T13:04:54+00:00
600ce707-d4d8-4c41-9594-b1b3a1cb3bfe,200,1,1,526,WordPress,Jim Shroyer,good,,2026-06-22T13:04:54+00:00
00b98a66-60da-4bae-b619-945dc3fe4886,0,0,0,30,,,broken,connection failed,2026-06-22T13:04:54+00:00
c6c60e30-c39f-4638-95bb-1010ad8a8a5a,200,1,1,786,,Home Page,good,,2026-06-22T13:04:54+00:00
25a212f7-6d6a-4b4f-9885-0bade1944e32,403,1,1,71,,Just a moment...,broken,,2026-06-22T13:04:54+00:00
e5ecbe98-e612-42d8-8cf9-51a0c6884acc,200,1,1,287,,Keith R. White | California Real Estate Agent,good,,2026-06-22T13:04:54+00:00
a84297e6-2856-46dc-a49c-3d020b507ac5,200,1,1,1669,,Denise Goertz - Realtor in Marin County,good,,2026-06-22T13:04:54+00:00
34886d32-b379-4c3c-a722-cbf46959eefc,200,1,1,483,,"Katie Wigington, Real Estate Agent - Compass",good,,2026-06-22T13:04:54+00:00
7690a313-7c84-4f33-984a-0439115ea44e,200,0,1,1101,WordPress,Greg Ulin | SFNorth,weak,,2026-06-22T13:04:54+00:00
e5140c52-86ec-411f-92ba-336cd528a8be,0,0,0,117,,,broken,connection failed,2026-06-22T13:04:54+00:00
f9bf748d-c374-4ca0-a1fe-1be4ef95bf59,200,1,1,287,,Laura Lanzone - Homepage - North Point Real Estate,good,,2026-06-22T13:04:54+00:00
fb9bd619-1b0d-43ca-9397-767d0d2c42be,202,1,0,163,,,weak,,2026-06-22T13:04:54+00:00
d48b0261-bccd-486e-8ad5-9654dc141664,200,1,1,484,WordPress,Home - Kristie Martinelli,good,,2026-06-22T13:04:54+00:00
545ac9f6-5a91-44e0-b31e-8ee1b72eaaa0,200,1,1,240,Squarespace,"Lisa Matheson, Realtor®",good,,2026-06-22T13:04:54+00:00
0c945bfc-85cd-4c14-bee1-00f22f071801,200,1,1,508,,Marin County Real Estate Experts | Knight | OâReilly,good,,2026-06-22T13:04:54+00:00
051ecdb1-4c46-48cb-a6ab-286fbb8b1d18,200,1,1,291,,Compass Concierge Services | Compass,good,,2026-06-22T13:04:55+00:00
1c74c379-f6a3-4774-bbab-c3ce54efef51,200,1,1,1064,WordPress,Jola Marra,good,,2026-06-22T13:04:55+00:00
ed14d8c3-01fe-493f-9720-d284f0e725a5,0,0,0,8,,,broken,connection failed,2026-06-22T13:04:55+00:00
7877295b-a4f8-4baf-a4a6-a855e1051dd1,403,1,1,224,,Just a moment...,broken,,2026-06-22T13:04:55+00:00
4495238c-45bf-49d1-9572-6c54b431ac66,200,1,1,507,,Margaret Schrock | Petaluma Real Estate Agent,good,,2026-06-22T13:04:55+00:00
d8df5e53-9e93-42de-96cc-2f07a9dabfee,200,1,1,404,WordPress,"Marin Real Estate Agent &amp; Broker | Behzad Zandinejad, REALTOR",good,,2026-06-22T13:04:55+00:00
3b3e2685-0ecd-40e3-92e0-f179ef64b087,0,0,0,108,,,broken,connection failed,2026-06-22T13:04:55+00:00
dca55f41-31c5-4c36-b228-af5c4bfed499,0,0,0,136,,,broken,connection failed,2026-06-22T13:04:55+00:00
d50d462d-702e-4714-b12a-acf03a3aa469,200,1,1,1072,WordPress,Leigh Glaser Wolfson,good,,2026-06-22T13:04:55+00:00
05e8e190-1222-4286-8540-7d61c25a8096,218,1,0,581,,,weak,,2026-06-22T13:04:55+00:00
47d059db-2adc-4d11-9a9e-da19d96610ac,0,0,0,471,,,broken,"ssl: HTTPSConnectionPool(host='www.reaganmarin.com', port=443): Max retries exceeded with url: / (Caused ",2026-06-22T13:04:55+00:00
5677e4fd-4e29-4fbe-814b-501d72d1a0b2,200,1,1,790,,Engel &amp; Völkers Americas: Global Recognition. Local Expertise.,good,,2026-06-22T13:04:55+00:00
b7967de6-cf3e-4867-86d1-9a6a8c623ac4,0,0,0,108,,,broken,connection failed,2026-06-22T13:04:55+00:00
e2248ee6-e93b-4df1-8ec9-712a64e4def7,200,1,1,191,Squarespace,Nicola Petersen Roualdes Sonoma &amp; Napa Real Estate,good,,2026-06-22T13:04:55+00:00
4f76f6fe-39f5-4550-91e4-f278faa95d1a,200,1,1,1790,WordPress,Karen Karlow,good,,2026-06-22T13:04:55+00:00
004f9ea4-a7d1-452c-af4c-94b4e24ac100,200,1,1,75,Squarespace,Rachael Dressler - Sonoma and Marin County Realtor — Bio Sites,good,,2026-06-22T13:04:55+00:00
968ed8ee-d2ad-428d-9f64-746538f4b0f3,200,0,0,217,,,weak,,2026-06-22T13:04:55+00:00
a3f5d09d-cf69-4f46-bdab-0ecaf15a2198,202,0,0,362,,,weak,,2026-06-22T13:04:55+00:00
13e07a9f-a4a1-4587-9740-2fb9ce07a63b,202,1,0,339,,,weak,,2026-06-22T13:04:56+00:00
e08a7fe8-2b58-4b61-99d7-87bb109bdae1,200,1,1,304,,InTheHomeZone,good,,2026-06-22T13:04:56+00:00
09afe20a-7845-4c42-a08f-b19ea1b05201,200,1,1,863,,Engel &amp; Völkers Americas: Global Recognition. Local Expertise.,good,,2026-06-22T13:04:56+00:00
bd3edd0e-08aa-40dc-8ce3-a392e01ba162,0,0,0,16,,,broken,connection failed,2026-06-22T13:04:56+00:00
ae4c2ffa-0c07-4cad-ba06-5ea4a67619bb,403,1,1,206,,Just a moment...,broken,,2026-06-22T13:04:56+00:00
883a79d0-dbfa-4fe6-a816-bf44096ba90a,0,0,0,524,,,broken,"ssl: HTTPSConnectionPool(host='www.millenniumproperties.net', port=443): Max retries exceeded with url: /",2026-06-22T13:04:56+00:00
a0f3e402-a855-47fe-9c4d-b430903fec79,200,1,1,1402,WordPress,Home - Mary Edwards,good,,2026-06-22T13:04:56+00:00
64a5637a-5e47-48e5-8e1c-bec977868444,200,1,1,706,,"Rachel Percival, Real Estate Agent - Compass",good,,2026-06-22T13:04:56+00:00
9dbec300-0bf7-427a-af07-fadc2c307cb1,429,1,1,209,,Just a moment...,broken,,2026-06-22T13:04:56+00:00
e0207e22-b392-4d2b-afec-ab8de8f7c3ac,200,1,1,188,,Marin County Luxury Real Estate Agent | Ruth Linn,good,,2026-06-22T13:04:56+00:00
9106af99-156f-4c37-87b3-55e8240a58b5,404,1,1,338,,404 Page Not Found | Robin Corey,broken,,2026-06-22T13:04:56+00:00
d7f4069a-9e19-4173-a830-845f9ea72c6c,200,1,1,849,,"Marilyn Coffin, Real Estate Agent - Petaluma, CA - Coldwell Banker Realty",good,,2026-06-22T13:04:56+00:00
e4a8c508-3c82-421f-bd5b-5a23b5451706,202,0,0,116,,,weak,,2026-06-22T13:04:56+00:00
1a46cad3-25ce-4527-96ab-9f96304a2b75,200,0,1,347,WordPress,SFNorth | Marin real estate experts,weak,,2026-06-22T13:04:56+00:00
4397d0e0-ac27-4bc9-b6e7-0aa9aafcc642,429,1,1,204,,Just a moment...,broken,,2026-06-22T13:04:57+00:00
2db6e337-32aa-4fe4-96e7-4b65d573c3de,0,0,0,39,,,broken,connection failed,2026-06-22T13:04:57+00:00
7df21216-de9a-4e64-944e-a64a59abd455,200,1,1,1033,WordPress,Reese Forbes,good,,2026-06-22T13:04:57+00:00
d3fc2859-c7bb-46f7-a589-4694b1fa22ca,429,1,1,58,,Just a moment...,broken,,2026-06-22T13:04:57+00:00
7ae443bf-ea92-456c-bcf9-9f68528305db,200,1,1,336,,Sherri (Lolli) Evenich - Century 21 Epic,good,,2026-06-22T13:04:57+00:00
a15c5847-bcd3-4677-9c96-f3f40a9588c8,200,1,1,487,WordPress,Shannon Cresci Phennicie,good,,2026-06-22T13:04:57+00:00
83d14ac2-1d7c-4e09-8a36-26f843382a66,429,1,1,212,,Just a moment...,broken,,2026-06-22T13:04:57+00:00
fc8f3079-c583-476e-8c2a-932403fcdecb,0,0,0,277,,,broken,"ssl: HTTPSConnectionPool(host='corcorangl.com', port=443): Max retries exceeded with url: /agents/tara-co",2026-06-22T13:04:57+00:00
e2a5b7a8-a31c-4a01-b48d-c88804bb9f3d,200,1,1,420,WordPress,Tania Reinhard,good,,2026-06-22T13:04:57+00:00
97806c2b-83f3-4c03-b639-ad3cf01c8973,200,1,1,355,Squarespace,Marin and Sonoma Real Estate,good,,2026-06-22T13:04:57+00:00
4ef11148-4289-4508-a9ab-216df174faf8,200,1,1,1220,,Sandi Sullivan - Century 21 Epic,good,,2026-06-22T13:04:57+00:00
6f9d3448-af63-48ca-ac78-fe909a413873,200,1,1,421,WordPress,Thorne Home Team - Home,good,,2026-06-22T13:04:58+00:00
58373e8c-466b-4803-a827-c931d02d9ee6,429,1,1,82,,Just a moment...,broken,,2026-06-22T13:04:58+00:00
97264319-5206-4d0d-ba43-735c4b6e9474,200,1,1,868,WordPress,Home - Teri Kainz and The Kainz Team,good,,2026-06-22T13:04:58+00:00
0e93987e-9dde-42a0-923a-b3ad2ffcf7d4,200,0,0,121,,,weak,,2026-06-22T13:04:58+00:00
23fe52a0-ab5f-4328-a0e5-3260035773cc,200,1,1,374,Squarespace,Troy Luchessi,good,,2026-06-22T13:04:58+00:00
4bf22922-0c98-4c29-bf25-d7933058a5b8,0,0,0,15,,,broken,connection failed,2026-06-22T13:04:58+00:00
8a9584a5-8d61-49bd-b5c1-b9a4edebfa4c,200,1,1,1135,WordPress,The Stewart Team,good,,2026-06-22T13:04:58+00:00
76d05f1b-b641-4714-aa4c-85f049b3e8ed,200,1,1,1069,WordPress,Home - Todd Mendoza,good,,2026-06-22T13:04:58+00:00
bde1c6d4-50e6-4a54-961b-5ddb4a6eed50,202,1,0,223,,,weak,,2026-06-22T13:04:58+00:00
bd173606-fc26-4457-bc01-98fba79d73be,200,0,1,281,WordPress,SFNorth | Marin real estate experts,weak,,2026-06-22T13:04:59+00:00
37db3a69-24bf-4c83-b383-85e7a64aabb7,0,0,0,12,,,broken,connection failed,2026-06-22T13:04:59+00:00
ac6a376c-b448-4207-af13-cb0eee6eed36,200,1,1,1023,WordPress,Home &ndash; Ursula Cousin Real Estate,good,,2026-06-22T13:04:59+00:00
257d41df-f95b-4c81-a05c-e5c1de3b3267,200,1,1,1388,WordPress,Toni Shroyer,good,,2026-06-22T13:04:59+00:00
77d8fee7-e1fc-4f32-955b-a4e83b026191,200,1,1,619,,"Yvonne Young, Real Estate Agent - Compass",good,,2026-06-22T13:04:59+00:00
a37e66e7-56ee-4120-9cdc-a7e7becdc15c,200,1,1,317,,"THE OYSTER GIRLS, INC.",good,,2026-06-22T13:04:59+00:00
e872c8e6-e905-4094-aa49-80f0ccf6cd3e,200,1,1,985,WordPress,Home - Timo Rivetti,good,,2026-06-22T13:04:59+00:00
f4fd75b3-8d16-4caf-a115-18717da4ad4c,200,1,1,496,,Audrey Crandell | Makeup for the most special occasion,good,,2026-06-22T13:04:59+00:00
b4c7a2ed-bdaf-43a4-9314-24c62e84dc1f,200,1,1,351,,"Symmetric Energy — Solar, Storage & Microgrids | California",good,,2026-06-22T13:04:59+00:00
685d28e9-1dae-43f1-bc82-1d386d5a2b0f,200,1,1,474,,KATRIN Beauty Studio,good,,2026-06-22T13:04:59+00:00
50a4b43b-89f3-44b7-a9dc-df84b032af6b,200,0,0,170,,,weak,,2026-06-22T13:04:59+00:00
14036103-66ee-47d3-8349-9cfa6ed909c5,200,1,1,707,WordPress,Sunflower Spa &#8211; Massage in San Rafael,good,,2026-06-22T13:05:00+00:00
59efb83b-8bc4-4ac1-b9fe-53a34ae0652a,200,0,1,708,WordPress,Swing-Speed.com - Increase Golf Swing Speed 25 MPH or Your Money Back,weak,,2026-06-22T13:05:00+00:00
2861f6ec-098a-4468-b04b-5280e9b4f0df,404,0,0,572,Squarespace,Squarespace - Domain Not Claimed,broken,,2026-06-22T13:05:00+00:00
59406489-d24b-4276-a128-16e0fa8cd451,200,1,1,1147,WordPress,365 Academy of Baseball &#8211; Expert Coaching for Peak Performance,good,,2026-06-22T13:05:00+00:00
847f34a9-05d7-4f2a-89b4-aa82f950edc4,200,1,1,183,,Ordaz Family Wines,good,,2026-06-22T13:05:00+00:00
4f7483e9-b291-4ad5-b0f2-ba3d2c016e6e,0,0,0,120,,,broken,connection failed,2026-06-22T13:05:00+00:00
8e9bd16d-8ef5-4e3d-8b24-c58a0f4eb590,200,1,1,390,,"Art of Living | Meditation, Breathwork &amp; Wellness Programs",good,,2026-06-22T13:05:01+00:00
621bc209-0645-49bc-9e46-692c0d36b65f,0,0,0,11,,,broken,connection failed,2026-06-22T13:05:01+00:00
82d39ca7-ef50-4ba9-87d4-a97bafe81205,200,1,1,631,,Not available,good,,2026-06-22T13:05:01+00:00
72668603-6514-45c7-9f8a-89dd19b721a9,200,1,1,1111,,"Waxing Moon Studios | Health &amp; Beauty in San Anselmo, CA",good,,2026-06-22T13:05:01+00:00
c980dcce-0487-40f6-9a22-b9493ca6c9f1,200,1,1,321,Squarespace,Bookkeeping Services Bay Area | MH Consulting &amp; Bookkeeping,good,,2026-06-22T13:05:01+00:00
41d769cb-208c-42da-85dd-14f859f25194,200,0,0,299,,,weak,,2026-06-22T13:05:01+00:00
0cbd3257-af0e-4e42-8f76-c3be10437e29,200,1,1,1833,Wix,The Glow Bar | Marin County's Organic Skincare Boutique,good,,2026-06-22T13:05:01+00:00
1026b327-53d3-46f0-b874-1af86e363cfb,0,0,0,106,,,broken,connection failed,2026-06-22T13:05:01+00:00
788937ef-0db5-4f34-bc35-2e948526dded,200,1,1,186,WordPress,"Kayaking Tips, Gear &amp; Destinations | AirKayaks",good,,2026-06-22T13:05:01+00:00
3104bec6-90f8-431c-bbc0-b915a8edb730,0,0,0,38,,,broken,connection failed,2026-06-22T13:05:01+00:00
2a4d14d5-6e37-4808-af81-0f6086499806,202,1,0,383,,,weak,,2026-06-22T13:05:01+00:00
e724cf64-1b0a-4106-a5b8-fc109ed6ec49,200,1,1,1962,WordPress,Two Amigos Wines | Brothers of the Grape,good,,2026-06-22T13:05:02+00:00
bcbfeafe-3e8f-40be-ab4f-62679e7c016e,200,0,1,490,,www.weatherednest.net,weak,,2026-06-22T13:05:02+00:00
9f125e99-3d0e-42a7-afc6-38babfa861ef,200,1,1,568,Wix,California Modern San Rafael | Architectural Design Experts,good,,2026-06-22T13:05:03+00:00
25243012-baed-4529-8d95-aace1707ceb8,200,1,1,672,WordPress,"Welcome To Fine Estate - Fine Estate, Inc. Estate Consignment and Auction House",good,,2026-06-22T13:05:03+00:00
7ba9b946-0018-41af-b04b-1eb07d97f68a,0,0,0,31117,,,broken,connection failed,2026-06-22T13:05:03+00:00
e0759666-9236-4279-ac13-e83b2895552d,0,0,0,8,,,broken,connection failed,2026-06-22T13:05:03+00:00
e1517274-fca1-4584-ab73-2be649c5f950,202,0,0,171,,,weak,,2026-06-22T13:05:03+00:00
a0f0f5b1-6a8b-4b79-9b16-6e404124c5ce,0,0,0,41,,,broken,connection failed,2026-06-22T13:05:03+00:00
20a3c9e1-a1fb-4c6e-b4ed-de9456474ce3,0,0,0,104,,,broken,connection failed,2026-06-22T13:05:03+00:00
c96a8d83-d6aa-4503-b062-b87b21ff631d,200,1,1,338,GoDaddy,SDA,good,,2026-06-22T13:05:03+00:00
a4cc879d-fa7d-4ae4-ae91-760b1067348f,0,0,0,142,,,broken,"ssl: HTTPSConnectionPool(host='www.automarinnovato.com', port=443): Max retries exceeded with url: / (Cau",2026-06-22T13:05:03+00:00
192ddf30-4392-4a4a-ad64-41c465bc384c,200,1,0,297,,Google Search,weak,,2026-06-22T13:05:03+00:00
8b96faab-118e-42c6-a6c7-9aa4e6dbbf67,200,1,1,1775,,RUPIAHSLOT88: Link Slot Resmi Khusus Provider PG Soft dan Pragmatic Play Online,good,,2026-06-22T13:05:03+00:00
a5d4c8d1-1c0d-4406-b102-6586cb95e12c,403,0,0,89,,,broken,,2026-06-22T13:05:03+00:00
ac934c43-c4b0-46a8-91fc-1227a03e68f5,0,0,0,11,,,broken,connection failed,2026-06-22T13:05:03+00:00
21307367-3af9-483e-8150-96942a617d9b,0,0,0,8,,,broken,connection failed,2026-06-22T13:05:03+00:00
50471ba9-ac76-437d-a9c7-3b7dc6fe89cf,200,1,1,461,Wix,New Car Wholesale Auto Broker,good,,2026-06-22T13:05:03+00:00
6564654f-ee47-44c5-ade7-b3ded44238d1,0,0,0,21,,,broken,connection failed,2026-06-22T13:05:03+00:00
5a7c052d-4c6a-47f4-a51f-071c95cf7b49,0,0,0,38,,,broken,connection failed,2026-06-22T13:05:03+00:00
53b7bc44-143d-4a47-a0f1-27c661ab9864,200,0,0,199,,,weak,,2026-06-22T13:05:03+00:00
ff2bf57f-92c4-440c-8398-98f8c16bbbe7,200,1,1,436,GoDaddy,"Expert Alfa Romeo Service, Maintenance &amp; Repair | B. Metras Co.",good,,2026-06-22T13:05:03+00:00
e7781f4d-db4f-4af3-95b1-c05d5e619076,0,0,0,127,,,broken,connection failed,2026-06-22T13:05:04+00:00
9c0b2b22-5b63-4b04-8740-15ed1d56d552,0,0,0,65,,,broken,connection failed,2026-06-22T13:05:04+00:00
c63fc9eb-06c6-4af3-b245-3371bd8c5517,200,1,1,2894,WordPress,Accounting Outsourcing Services | Xact Inc,good,,2026-06-22T13:05:04+00:00
cc0b8aaf-e5e1-4812-bdc2-09cc32171ef3,0,0,0,45,,,broken,connection failed,2026-06-22T13:05:04+00:00
038ada7c-4a8e-4e3e-bbc7-d6e4a417c173,0,0,0,41,,,broken,connection failed,2026-06-22T13:05:04+00:00
4a9cfd2d-9059-4f83-8044-d69cd08c5a1b,200,1,1,301,,"RELIABLE GLASS - 398 Surveys, Videos, Articles, &amp; More | Diamond Certified",good,,2026-06-22T13:05:04+00:00
a7844d8b-fcde-4d0a-b957-e27145dcc15e,0,0,0,38,,,broken,connection failed,2026-06-22T13:05:04+00:00
9e35e753-4b8a-4644-bf77-4ab9f62195a8,200,1,1,244,Squarespace,DELLA FATTORIA | Discover Authentic Baked Goods - Order Today,good,,2026-06-22T13:05:04+00:00
e5346e78-24ed-4fb1-859c-b9b465153e4e,200,1,1,338,WordPress,Steve&#039;s Auto Care Novato &#8211; Marin&#039;s Dealer Alternative for Japanese Vehicles 415-899-1115,good,,2026-06-22T13:05:04+00:00
46e9a07f-7e91-4e67-835d-ad76fae499ad,200,1,1,291,Squarespace,"Upper Crust Bakery, Inc.",good,,2026-06-22T13:05:04+00:00
e471f9ec-4a79-41d1-bd91-ea3bfe779f75,200,0,1,251,Weebly,teeny cake - Home,weak,,2026-06-22T13:05:04+00:00
43f447df-b72f-48fe-827c-d5ca952eb39d,200,1,1,477,,FEERMA - Home page,good,,2026-06-22T13:05:05+00:00
060fcf83-d0f4-482f-ad61-a6113572b110,0,0,0,10008,,,broken,connection failed,2026-06-22T13:05:05+00:00
b1223df7-0a44-4607-a512-7a181b4dab09,200,1,1,1791,WordPress,San Rafael - G&amp;C Auto Body,good,,2026-06-22T13:05:05+00:00
bdebc394-e53e-4e60-b73c-6115fac3eef6,200,1,1,502,,Pagan Construction,good,,2026-06-22T13:05:05+00:00
91113446-c10f-4962-810c-4b1e6b44c45e,0,0,0,15171,,,broken,connection failed,2026-06-22T13:05:05+00:00
4fe38df1-de5a-4a20-a340-852b5f5dd3f2,200,1,1,770,,Mary Kay® | Empowering Women Since 1963,good,,2026-06-22T13:05:06+00:00
0f260886-7bf3-44fb-9489-8cafb0863fa2,200,1,1,417,Squarespace,"LumaPhi Aesthetics &amp; Wellness | Medspa in Petaluma, CA, 94952",good,,2026-06-22T13:05:06+00:00
2161b2cb-7a26-41df-ab7c-b0668b675f23,0,0,0,107,,,broken,connection failed,2026-06-22T13:05:06+00:00
c764ccde-859b-4225-bef9-b9707f9fafbb,200,1,1,2161,Wix,Home Based Permitted French Macaron Bake Shop | Nouvelle Macarons | California,good,,2026-06-22T13:05:06+00:00
35fb6bf9-0b97-4f48-af87-9405ec1a4504,200,1,1,575,Wix,Every Day Magic: Mindfulness Children's Book,good,,2026-06-22T13:05:06+00:00
12a389b7-2631-4653-a9a9-7c9117500f18,200,0,0,284,,,weak,,2026-06-22T13:05:06+00:00
6a49614d-1146-4da9-89df-6f8d72375846,200,1,1,5372,Joomla,Emily Navas Health - Welcome,weak,,2026-06-22T13:05:06+00:00
b2428fe4-3b70-43a8-8f58-230b447442f4,200,1,1,2104,,Evolution Barbershop - Petaluma CA | Vagaro,good,,2026-06-22T13:05:06+00:00
134978e1-4f2e-4241-8f5a-624c0af7dc9d,200,1,1,611,,"ColorUpHairsalon | Hair Salon in Petaluma, CA",good,,2026-06-22T13:05:06+00:00
0e9cd068-a4c1-4dd8-bd63-d882586ce1c6,0,0,0,84,,,broken,connection failed,2026-06-22T13:05:06+00:00
eda1fb25-9628-4019-af4a-20f70abf7195,200,1,1,244,Squarespace,The Cottage Inn + Spa,good,,2026-06-22T13:05:07+00:00
e9cb125a-9234-4cee-92cc-f22e7976061d,200,1,1,947,Shopify,Fresh Organic skincare for the whole family made by a mom in Cali,good,,2026-06-22T13:05:07+00:00
6d18e3ba-34d7-4beb-9d04-75f3eabc208e,200,0,1,1610,,balayage-classes.com&nbsp;-&nbsp;This website is for sale!&nbsp;-&nbsp;balayage classes Resources and Information.,weak,,2026-06-22T13:05:07+00:00
2563f4f0-3d4b-4884-8b1a-286bb6cb838c,200,1,1,295,Shopify,INTERMIX® Designer Clothing,good,,2026-06-22T13:05:07+00:00
4b3523a0-c373-4e1d-b919-4162e36819c2,0,0,0,38,,,broken,connection failed,2026-06-22T13:05:07+00:00
e874f244-315d-4696-89df-c0d267d3eed6,200,1,1,249,Shopify,James Perse Los Angeles,good,,2026-06-22T13:05:07+00:00
21f30240-14a3-4c12-8560-9c17ec3d0a40,403,1,1,36,,Just a moment...,broken,,2026-06-22T13:05:07+00:00
5c8a4f44-8ac9-45e7-8987-23b60eab0da5,200,0,1,141,Squarespace,Debbie Keith Caterer,weak,,2026-06-22T13:05:07+00:00
56a92793-efa0-4acb-a690-a84450a3f3ed,200,1,1,539,Wix,HOME | bella,good,,2026-06-22T13:05:07+00:00
93a8a1ff-0e82-4290-b9c7-754956fc770b,200,1,1,123,,"OZ Catering, San Francisco CA",good,,2026-06-22T13:05:07+00:00
0375c319-2208-479b-800e-d50287254395,403,1,0,477,,403 Forbidden,broken,,2026-06-22T13:05:07+00:00
b9f5101f-4e69-4cff-be7d-e4828449a717,200,1,1,402,Squarespace,Art Play Café | Sip. Play. Stay.,good,,2026-06-22T13:05:07+00:00
e6d6512d-a612-4a01-a55a-3368b1164ac4,200,1,1,248,Weebly,UP IN SMOKE WEST COAST BBQ - Home,good,,2026-06-22T13:05:07+00:00
df9b6461-cdd5-4ab8-967a-abe1b261c718,202,0,0,139,,,weak,,2026-06-22T13:05:07+00:00
035d1283-923f-42df-8beb-68bbfa7bcdee,200,1,1,625,WordPress,mamasroyalcafeoakland.com -,good,,2026-06-22T13:05:07+00:00
65bb4cf6-441c-4241-abe7-54b34a22692d,0,0,0,111,,,broken,connection failed,2026-06-22T13:05:07+00:00
cfbfc0d8-2b89-4a70-ad42-17f2968909d7,200,1,1,685,,"Carpet Cleaning Service in San Rafael, CA | Fresh Home Cleaning Care",good,,2026-06-22T13:05:07+00:00
e7e95e98-0711-451a-9eab-11ed79f5ec59,200,1,1,312,Weebly,Hanson Family Chiropractic Corte Madera CA - Home,good,,2026-06-22T13:05:07+00:00
4005b6fd-5c5f-478b-aa43-12c9f856e659,200,1,1,499,Squarespace,Visconte Catering | Elegant Event Catering &amp; Personal Service,good,,2026-06-22T13:05:08+00:00
672cd569-2590-4907-9c3f-ee1098491af4,200,0,1,303,WordPress,"Home - Marin Janitorial Services, Inc. - (415) 261-1722",weak,,2026-06-22T13:05:08+00:00
17640308-a388-4a1d-8837-4c9b33910ec4,200,1,1,4198,WordPress,Home - Jeff&#039;s Twin Oaks Garage,weak,,2026-06-22T13:05:08+00:00
9c2f0ac8-efe4-46f7-b427-e6b7d337ded3,0,0,0,15854,,,broken,connection failed,2026-06-22T13:05:08+00:00
56c123ff-00e2-444b-86ec-1910862e5368,200,0,0,198,,,weak,,2026-06-22T13:05:08+00:00
f30fd515-0218-4e0b-b29b-5f76aa0a6714,200,1,1,313,GoDaddy,|| YOGASMOGA || WE MAKE THINGS FOR LIFE ||,good,,2026-06-22T13:05:08+00:00
67e2f5a7-823e-4370-add8-571594f732df,200,1,1,262,Shopify,Green Beans Coffee,good,,2026-06-22T13:05:08+00:00
9bb2c332-639a-4b63-9e3e-fa4ae36238b6,200,1,1,302,WordPress,Site is undergoing maintenance,good,,2026-06-22T13:05:08+00:00
edf5503e-ee89-4b33-9cf7-25e6165179db,200,1,1,733,Shopify,Cypress Apparel and Home Goods,good,,2026-06-22T13:05:08+00:00
d1a0e8d7-cd51-485e-9c46-01897d7315c4,200,1,1,883,Weebly,Home | Westco Fiji Care LLC / Boutique,good,,2026-06-22T13:05:08+00:00
6f61a9dc-3448-49cb-90e9-3f8b626f451f,200,1,1,569,Webflow,General Contractor in San Rafael CA | Cestarollo Construction,good,,2026-06-22T13:05:08+00:00
b082db5c-91ec-44bd-81d1-519f5c16d04b,200,1,1,531,Wix,Pristine Builders Group | General Contractor Bay Area,good,,2026-06-22T13:05:08+00:00
10900eef-ba85-48a6-970d-43912e5cf2f1,200,1,1,398,Squarespace,"Acapella Craftsman, Inc.",good,,2026-06-22T13:05:08+00:00
0d03f82b-a83b-4031-b5c6-428095cad7ff,0,0,0,14,,,broken,connection failed,2026-06-22T13:05:08+00:00
75c64942-a383-4599-b46b-e06da977f6eb,200,0,0,111,,Anello Painting and Construction,weak,,2026-06-22T13:05:09+00:00
2116e134-bda6-4770-8467-475d42048880,200,0,0,308,,AQarForYou,weak,,2026-06-22T13:05:09+00:00
54eed9b1-73c8-46f0-b67d-0919bdba3781,200,0,1,579,Joomla,Apollo Stone Imports,weak,,2026-06-22T13:05:09+00:00
76f21081-73fc-41d3-9cff-f21649d7a22b,200,1,1,12948,,"Sandra Ormerod, Sonoma County Real Estate, Sonoma - Napa Wine Country Real Estate | Sotheby&#x27;s International Realty, Inc.",weak,,2026-06-22T13:05:09+00:00
79379d65-f7bb-4409-a7bb-fd5d19b17b14,0,0,0,571,,,broken,TooManyRedirects: Exceeded 30 redirects.,2026-06-22T13:05:09+00:00
4c9bb11b-3340-4255-9377-5d4173a5aa93,0,0,0,109,,,broken,connection failed,2026-06-22T13:05:09+00:00
d97d9cdf-3365-4a6e-89f1-073a46741e90,0,0,0,85,,,broken,connection failed,2026-06-22T13:05:09+00:00
1a961749-f34b-4b18-86be-3968bccb5347,200,0,1,433,GoDaddy,"Concrete Contractor | Driveways, Patios & More | Call (855) 321-3655",weak,,2026-06-22T13:05:09+00:00
79540403-d744-4da8-bed0-394aa7fd6fcb,0,0,0,7,,,broken,connection failed,2026-06-22T13:05:09+00:00
e7496b44-1685-4513-a12e-a46e8e192e08,0,0,0,111,,,broken,connection failed,2026-06-22T13:05:09+00:00
04f24d93-e4ad-412f-a6f6-bc6383ecc379,200,1,1,429,,Bocce Court Design &amp; Installation,good,,2026-06-22T13:05:10+00:00
024e583b-35ce-4cb1-bd6d-dfb24a72099f,200,0,0,152,,,weak,,2026-06-22T13:05:10+00:00
0ba1fe64-08d0-4de1-bf0b-e227c4952a0d,200,1,1,313,Squarespace,Design Build Alliance,good,,2026-06-22T13:05:10+00:00
19057d35-64d9-4367-aad0-b4b2ccfbefa6,200,1,1,2171,WordPress,"Building Envelope Consultants California | Aquatech Consultancy, Inc.",good,,2026-06-22T13:05:10+00:00
b0844150-cddf-4666-bf97-965c650283a4,0,0,0,39,,,broken,connection failed,2026-06-22T13:05:10+00:00
a17a33aa-014e-4e53-854d-28316203af46,200,1,1,384,Wix,Residential Construction Company | Endroa Builders | United States,good,,2026-06-22T13:05:10+00:00
9a0ca381-0132-4935-8b9f-1b40f261711e,202,0,0,171,,,weak,,2026-06-22T13:05:10+00:00
8bfb18c7-3569-4fcc-b337-06d49fc98f63,403,1,1,1869,,Just a moment...,broken,,2026-06-22T13:05:10+00:00
06e42d0c-ce59-4f2c-85b9-c2da02fd9737,200,1,1,2619,WordPress,CS Construction Co - Cs Construction Co,good,,2026-06-22T13:05:10+00:00
c6d65392-f196-4283-9f5a-dd3609f27307,200,1,1,3121,,PLANET77 &#187; Tampilan Cepat yang Nyaman untuk Semua Perangkat,good,,2026-06-22T13:05:10+00:00
0db19ea1-57c8-4673-bc1b-176f4d449510,200,1,1,680,,"Flores Electric Services Inc. | Solar, Panel Upgrades, Wiring &amp; Lighting – Marin, Sonoma, Napa, SF, Contra Costa",good,,2026-06-22T13:05:10+00:00
d2df10af-e2c8-4c07-9124-d8029ab5de8f,200,1,1,267,,"Innova Construction â Building Dreams, One Brick at a Time",good,,2026-06-22T13:05:10+00:00
c2609573-5870-46a9-96d9-adabd866c7bb,200,0,1,221,Squarespace,Kevin Webb Construction,weak,,2026-06-22T13:05:11+00:00
602ec7fd-0cd7-4eff-bb4d-5295b9f8159e,200,1,1,337,WordPress,JH McFarland Concrete &amp; Excavation- Marin Concrete Contractor,good,,2026-06-22T13:05:11+00:00
b7c38c82-e517-4a2f-b503-c14b213977a0,200,1,1,653,,Herb's Pool Service,good,,2026-06-22T13:05:11+00:00
c15ab0d2-d5c5-4532-b8e3-c0838c845a2c,403,1,0,439,,403 Forbidden,broken,,2026-06-22T13:05:11+00:00
46e282de-693c-445d-b0e1-669f0442a226,200,1,1,151,,Commercial Building Maintenance Company | Janitorial Cleaning Service In San Francisco Bay,good,,2026-06-22T13:05:11+00:00
1e8d36e1-e0bf-442e-b100-95b5e7728243,200,1,1,2352,WordPress,Home - Bay to Bay Builders,good,,2026-06-22T13:05:11+00:00
803f4f7c-340b-4a01-a37f-fc7d3e7cf99c,404,1,0,307,Squarespace,Squarespace - Website Expired,broken,,2026-06-22T13:05:11+00:00
e0d09373-4beb-4ff5-a041-704dd6af3399,200,1,1,338,Wix,"M2LDC | California | Kitchens, Bathrooms, and More",good,,2026-06-22T13:05:11+00:00
ff818848-6f6a-4577-86c3-df275bef6aaa,200,1,1,115,,Commercial & Residential Handyman Services | Mr. Handyman,good,,2026-06-22T13:05:11+00:00
8eefbc5e-4557-405a-92d6-117d44d73d19,200,1,1,393,Squarespace,Millennial Development | Build Your Dream Today - Contact Us,good,,2026-06-22T13:05:11+00:00
02dd604b-52c4-4b98-a11a-87b30b730e7a,200,1,1,497,,"Atlanta, GA Dentist",good,,2026-06-22T13:05:11+00:00
f525352c-07e0-4915-9bf9-11794140e439,200,0,0,296,,,weak,,2026-06-22T13:05:11+00:00
4f526a34-84c9-4f32-8d8d-2cd6d2843257,200,0,0,113,,Home,weak,,2026-06-22T13:05:11+00:00
f48811b9-acc7-48b1-b10a-855cf6561627,200,0,0,111,,,weak,,2026-06-22T13:05:11+00:00
1edadd5e-f0db-4bfb-8b52-e5c42e7a4802,0,0,0,107,,,broken,connection failed,2026-06-22T13:05:11+00:00
06298cf6-4b6e-4799-86ce-a67b7166f57a,0,0,0,37,,,broken,connection failed,2026-06-22T13:05:11+00:00
dd77b21d-35a9-40d1-948f-9947700f0f89,0,0,0,54,,,broken,connection failed,2026-06-22T13:05:11+00:00
54968b13-1c46-4214-9f88-656f3e9e2191,0,0,0,108,,,broken,connection failed,2026-06-22T13:05:12+00:00
f1297d50-dbdf-4112-adf7-9c92ad244d85,202,0,0,189,,,weak,,2026-06-22T13:05:12+00:00
b7e484ae-4b0a-4403-81e3-f50f61eac97b,0,0,0,10,,,broken,connection failed,2026-06-22T13:05:12+00:00
d1f527d1-d9a6-4e68-9134-be6aabd91c45,200,1,1,494,Wix,Luxury Custom Home Builder in California | Salt Shed Design Build,good,,2026-06-22T13:05:12+00:00
a9b0dd3f-5436-411b-9bbe-261292f72248,200,1,1,1188,WordPress,Home - Nichols Precision Builders,good,,2026-06-22T13:05:12+00:00
e0b0c8a2-e42e-4991-b98f-04d676cda036,200,1,1,2906,WordPress,Elite Hardwood Flooring | Sausalito CA | Expert Installation &amp; Refinishing,good,,2026-06-22T13:05:13+00:00
4ea677a4-b364-45f4-a721-cbd4976b6cfa,200,0,1,115,Squarespace,Sonoma Tile Works,weak,,2026-06-22T13:05:13+00:00
a83dcbf7-eff3-42c3-961f-81dc414de734,200,1,1,323,WordPress,"Roofing Contractor in Knoxville, TN - Second Generation Roofing",good,,2026-06-22T13:05:13+00:00
6ed15309-1d2a-43e2-a30d-75abead781e4,200,0,1,182,,WEBSITE.WS - Your Internet Address For Life&trade;,weak,,2026-06-22T13:05:13+00:00
eb0cc78f-dc2c-4f15-8dc7-3dfd7be67332,404,0,0,5058,,404 Not Found,broken,,2026-06-22T13:05:13+00:00
fee80104-c465-42cf-acd7-03f3c033740c,200,1,1,177,,Portfolio | Van Acker,good,,2026-06-22T13:05:13+00:00
abd89718-2385-4cf2-b50e-cecd29bf67b9,0,0,0,45127,,,broken,connection failed,2026-06-22T13:05:13+00:00
72a17e1c-8f2c-40ca-a393-d60cb4463d63,200,1,1,880,Wix,HOME | Sandra Bird Designs,good,,2026-06-22T13:05:13+00:00
f85498b5-a4d6-4c77-ab23-80a76d84a9b3,444,0,0,478,,,broken,,2026-06-22T13:05:13+00:00
c7292f6f-0d7c-409c-acd4-85b37a995973,0,0,0,115,,,broken,connection failed,2026-06-22T13:05:13+00:00
765664d9-898f-4269-9442-878e80e1d673,0,0,0,0,,,broken,InvalidURL: Failed to parse: http://www.​yli.​org,2026-06-22T13:05:13+00:00
90facb72-6a6d-402e-b694-d62e4e4d3cf0,200,1,1,404,,"General Contractor near Marin County, Ca - Wells &amp; Company Builders",good,,2026-06-22T13:05:13+00:00
49a7fe2e-0b12-41ff-b665-e4a1190d9026,200,1,1,1751,WordPress,Rosenbach Construction,good,,2026-06-22T13:05:13+00:00
dd649b44-2cbe-4716-b296-beb1d0fd6cb9,200,1,1,370,Squarespace,Foundations | Retaining Walls | ZEN Construction | Marin,good,,2026-06-22T13:05:13+00:00
96b691c0-2758-40af-927d-4a8b2438c034,0,0,0,14,,,broken,connection failed,2026-06-22T13:05:13+00:00
eb0dc579-ce5d-4d14-b2a3-8cbe1b5f1155,200,1,1,409,WordPress,"Dentist in Sonoma, CA | Local Dentist Audrey Kang DDS",good,,2026-06-22T13:05:14+00:00
72110126-b8cf-49a2-bee8-0c6d332e8cce,200,1,1,459,Shopify,Juice Beauty | Juice In. Junk Out.,good,,2026-06-22T13:05:14+00:00
50ff1c34-3e2a-4d58-a954-88c2c3af6088,200,1,1,2636,WordPress,Monahan Pacific,good,,2026-06-22T13:05:14+00:00
0f596147-60f4-48b8-be83-acdcd2effdaf,200,1,1,202,WordPress,"Dentist in Greenbrae, CA | Mark Michna, DDS | Dental Office",good,,2026-06-22T13:05:14+00:00
101cbc18-4925-445f-a41b-e1c323dccf0d,200,1,0,192,,Ken Grady Company - Home,weak,,2026-06-22T13:05:14+00:00
e764ec6c-816e-43f2-9d72-dc9414a3c0b3,0,0,0,784,,,broken,connection failed,2026-06-22T13:05:14+00:00
f79a0936-139b-40fe-9362-cc0f993b78f5,200,1,1,442,WordPress,Home - Richard Electric,good,,2026-06-22T13:05:14+00:00
4eee36e5-1a15-4969-a363-c8a7d7dfda2e,200,1,1,765,,"Welcome | Larkspur, CA | Judy L. Husen, DDS",good,,2026-06-22T13:05:14+00:00
1d036a77-912f-47ff-bfac-0cdb21bc5360,404,1,1,274,Wix,,broken,,2026-06-22T13:05:14+00:00
76c82887-d0d9-4520-8b3b-c0ccf0dea48c,200,1,1,511,GoDaddy,Amyx Video &amp; Editing,good,,2026-06-22T13:05:14+00:00
a08f348e-9a2a-42a7-b01b-152713f26980,200,1,1,289,,"Bay Area Online Auctions, LLC",good,,2026-06-22T13:05:14+00:00
65f51a47-0348-4240-9cc6-03c42525b4b3,200,1,1,76,WordPress,Marinda Freeman,good,,2026-06-22T13:05:14+00:00
cd990a24-9e1a-4c4f-85c1-03c229f3658a,200,1,1,274,,Facilities Rental | Dream.Learn.Achieve,good,,2026-06-22T13:05:14+00:00
883bdc92-cdd9-4429-b380-ec35fe9388f2,200,1,1,253,GoDaddy,Home - Redwood Nights,good,,2026-06-22T13:05:15+00:00
951c4ea6-5785-4062-a414-743bad94cbfb,0,0,0,41,,,broken,connection failed,2026-06-22T13:05:15+00:00
2368b4dc-eecc-45a3-b36c-e01e9f4b8a98,200,1,1,361,WordPress,Redwood Corporate Event Venue | Private Offsite Space Marin,good,,2026-06-22T13:05:15+00:00
de314a98-5c9c-4dd3-ad2c-d2c1167286d3,0,0,0,104,,,broken,connection failed,2026-06-22T13:05:15+00:00
3e571450-b31e-45d3-8597-33066acc2aab,200,1,1,346,Squarespace,THE WATERSHED | Explore Creative Spaces Today,good,,2026-06-22T13:05:15+00:00
e259cc6b-cc8f-4b2a-bf9e-f84fc164c308,200,1,1,1492,WordPress,"Lisa Halliday, DMD &amp; Tom Halliday, DDS | Dentist in Sonoma, CA",good,,2026-06-22T13:05:15+00:00
92d91538-f897-49e2-bcc9-196882c748ec,0,0,0,103,,,broken,connection failed,2026-06-22T13:05:15+00:00
a0aa5f9c-def0-4e8e-b1a0-97ae63a76db4,200,0,0,117,,,weak,,2026-06-22T13:05:15+00:00
0897e023-7151-4d92-a163-b5495929cd7f,200,0,1,233,,"Barry's Professional Carpet Cleaning | Novato, CA",weak,,2026-06-22T13:05:15+00:00
5abf9f00-6c75-4032-8168-7ad5c6150562,0,0,0,133,,,broken,connection failed,2026-06-22T13:05:15+00:00
fc89a314-6249-4c55-aaa0-94a42791f98e,200,0,0,94,,,weak,,2026-06-22T13:05:15+00:00
fda6948f-6c10-48f8-b8bd-105ecea18f75,0,0,0,128,,,broken,connection failed,2026-06-22T13:05:15+00:00
e98b8b9e-9b8a-46e2-9de5-3b5483b6e7a2,200,1,1,57,GoDaddy,Artisan Charcuterie Catering Services,good,,2026-06-22T13:05:15+00:00
34651bca-c764-45f3-b23b-35305b790e05,200,1,1,219,Squarespace,Tesoro Flowers,good,,2026-06-22T13:05:15+00:00
5ab5bcb6-85f8-4fd0-98ff-830188b532ef,0,0,0,37,,,broken,connection failed,2026-06-22T13:05:15+00:00
a24ea1e4-6e61-4352-be3d-844f1df52c34,200,0,0,84,,,weak,,2026-06-22T13:05:15+00:00
8219a1e8-e023-4f66-adfc-e65fcf9c0ba6,200,1,1,265,GoDaddy,Home - Coco’s Love,good,,2026-06-22T13:05:15+00:00
424a88d9-0ae4-4a03-a54e-f2e447742a17,200,1,1,1109,GoDaddy,Dramatic Events Marin,good,,2026-06-22T13:05:15+00:00
c8d8e218-6a26-4f1f-b6b0-2eb5adb16c21,0,0,0,90,,,broken,connection failed,2026-06-22T13:05:15+00:00
45c66aac-ee16-44e2-b025-ad41dc41dd48,403,1,0,82,,West Elm: 403 - Restricted Access,broken,,2026-06-22T13:05:15+00:00
c8f40be6-805b-4577-b582-0bdce01d5b4e,200,1,1,1810,WordPress,"Photo tours - Concierge-level, small group photography travel | A Different Perspective",good,,2026-06-22T13:05:15+00:00
bc77a5ad-2ee1-42a3-acf8-66123bde5576,0,0,0,80,,,broken,connection failed,2026-06-22T13:05:15+00:00
410f0131-627e-4a64-9789-47755866e5f9,403,1,1,104,,Just a moment...,broken,,2026-06-22T13:05:16+00:00
79dde1ea-0bb8-4f4c-8a61-7f8f018fbc50,403,1,1,112,,Just a moment...,broken,,2026-06-22T13:05:16+00:00
c4c40ed8-275b-4ca9-8228-82da91dd86db,200,1,1,515,,"Mario Cruz Painting &amp; Decorating | Interior &amp; Exterior Painting, Drywall &amp; Wallpaper – Marin, Sonoma, Napa, Calaveras, SF &amp; East Bay",good,,2026-06-22T13:05:16+00:00
1afb0cd4-2097-4b88-9ced-3b00c89e1ef6,200,1,1,498,,Home | Tiburon Family Dental,good,,2026-06-22T13:05:16+00:00
a3b16bd1-7955-4194-b80e-ad093059f995,503,0,0,806,,,broken,,2026-06-22T13:05:16+00:00
31fdf49f-f82f-4c69-95de-6666697d2393,200,1,1,299,,NotFound,good,,2026-06-22T13:05:16+00:00
200e70c7-2a4d-43c8-80c5-cdf9733021b1,404,0,0,175,,Trustmark Companies - Forbidden,broken,,2026-06-22T13:05:16+00:00
5021e289-577a-4577-b71b-86f9a157eb7d,200,1,1,354,Squarespace,Fuerza Kickboxing,good,,2026-06-22T13:05:16+00:00
4782bbae-4cb7-4bc8-8eef-6726c01d3b18,0,0,0,111,,,broken,connection failed,2026-06-22T13:05:16+00:00
a712a447-4f56-46ed-9a21-3ef66569a430,0,0,0,39,,,broken,connection failed,2026-06-22T13:05:16+00:00
1db9f798-0bb3-4626-800b-7756abe72b6a,200,1,1,455,GoDaddy,Marin Futsal &#8211; Official Indoor Sport of FIFA &#8211; Unleash Your Game!,good,,2026-06-22T13:05:16+00:00
03cac608-fbf6-451c-9a83-0befa716762c,200,1,1,541,Wix,"Holistic Health Therapies | Massage &amp; Yoga Therapy | Mill Valley, CA",good,,2026-06-22T13:05:17+00:00
16b0ae92-427f-4b5b-837e-7b13aa6ca2f2,202,0,0,172,,,weak,,2026-06-22T13:05:17+00:00
5badabcf-6478-48b3-a4ce-0d9279686395,404,1,1,1078,WordPress,404 - The Dailey Method,broken,,2026-06-22T13:05:17+00:00
c100049e-4461-484c-81e3-e2f52a2cdf13,404,1,1,498,,StyleSeat - Online Booking for Hair Stylists & Beauty Professionals,broken,,2026-06-22T13:05:18+00:00
89a58b5f-a409-4031-b99f-d21dfba90bf1,200,1,1,3989,Squarespace,Bloomingayles Marin,good,,2026-06-22T13:05:19+00:00
b2c7e348-4dec-406a-9ae1-7c848ed65094,200,1,1,1187,Shopify,Clinical Skincare Products | Dermal Essentials Skincare &ndash; dermal essentials,good,,2026-06-22T13:05:19+00:00
5be24dc0-dedd-4dd6-beda-501419927ce2,0,0,0,8,,,broken,connection failed,2026-06-22T13:05:19+00:00
54c20a6a-79ff-4269-9461-9a1619b1adfd,200,1,1,3146,WordPress,"River Town Racers &#8211; A sprint kayak club in Petaluma, CA",good,,2026-06-22T13:05:19+00:00
04eb9204-49f0-4bb0-a49a-b6f12fd3b240,0,0,0,46,,,broken,connection failed,2026-06-22T13:05:19+00:00
37449b10-0ac6-4276-aa38-869a537e1af9,200,1,1,510,,"Electrolysis Bay Area | Health &amp; Beauty in Sausalito, CA",good,,2026-06-22T13:05:19+00:00
690d200a-c7dd-4e07-8338-3c6df5a15dbb,200,1,1,451,Wix,"Home | Drawing Room | Luxury Hair, Makeup + Brows | 129 Miller Ave, Suite 804, Mill Valley, Ca",good,,2026-06-22T13:05:19+00:00
f89ea4a6-4c8d-414c-9747-92071e7d329a,0,0,0,112,,,broken,connection failed,2026-06-22T13:05:19+00:00
aaf15119-a760-4786-bc3c-7d9a0c06c7ce,0,0,0,38,,,broken,connection failed,2026-06-22T13:05:19+00:00
7b9ecd83-67fb-4f81-bb54-691652cbb940,0,0,0,111,,,broken,connection failed,2026-06-22T13:05:19+00:00
e1dc485b-9bf0-45fe-9729-ca2e07c6d8de,423,1,0,270,Shopify,This store is unavailable,broken,,2026-06-22T13:05:19+00:00
69fe491c-6747-4632-9dd1-555afccc30ed,0,0,0,103,,,broken,connection failed,2026-06-22T13:05:20+00:00
b0d5e4fe-e796-45c9-a6f4-e1dd5f179bc9,0,0,0,24,,,broken,connection failed,2026-06-22T13:05:20+00:00
62d24bfd-3fea-4484-83dd-d97bfda11d36,200,1,1,9401,WordPress,"Full-Service Construction Company | San Rafael, CA – O’Neill Construction Inc",weak,,2026-06-22T13:05:21+00:00
d0b9af80-d407-4af5-b63a-7391cfa4db7f,0,0,0,15166,,,broken,connection failed,2026-06-22T13:05:21+00:00
7840365d-e9f7-45e5-9426-d45e159352e1,0,0,0,25356,,,broken,connection failed,2026-06-22T13:05:21+00:00
e8fecf61-fc22-4103-9ce1-b1d3bb549ce8,0,0,0,110,,,broken,connection failed,2026-06-22T13:05:22+00:00
adb4a618-9b0c-484b-8a94-c049a2d06aaa,0,0,0,597,,,broken,connection failed,2026-06-22T13:05:22+00:00
c8aae33b-30f7-4707-b4b0-f64f751ffb1d,0,0,0,41,,,broken,connection failed,2026-06-22T13:05:22+00:00
649842d3-ae8f-44aa-9db3-8bf5c399fd18,0,0,0,2408,,,broken,connection failed,2026-06-22T13:05:22+00:00
5e33153e-ddb4-4012-a0a4-dc25cf4abdde,200,0,1,2638,WordPress,NH2 Salon,weak,,2026-06-22T13:05:22+00:00
f672f202-4ad3-4a33-96c6-1d4e77836c27,200,1,1,501,Wix,"Showroom 383 Hair Salon in Mill Valley, CA",good,,2026-06-22T13:05:22+00:00
5b947c3e-48ff-4e19-8327-9ebdd236a3be,0,0,0,102,,,broken,connection failed,2026-06-22T13:05:22+00:00
277a7340-820d-4f0b-a6fd-dd31c6195d3c,200,1,1,298,,The #1 Source For Domain Names | HugeDomains,good,,2026-06-22T13:05:23+00:00
2138225b-f981-489f-9ad6-9f6fe3488b61,200,1,1,1015,,Sassi — Crème Élixir | Natural Skincare,good,,2026-06-22T13:05:23+00:00
3630206d-2535-4c48-9c74-d6fb3577531b,200,1,1,857,Shopify,Burke&#39;s Naturals,good,,2026-06-22T13:05:23+00:00
03fd12fb-f25f-42f3-989e-bab3a0c14c1c,200,1,1,746,Shopify,"Shop Gluten Free Flours, Super Foods &amp; Spices – Quay Naturals",good,,2026-06-22T13:05:24+00:00
f278b357-0216-4847-8ece-7134eef4005d,0,0,0,10010,,,broken,connection failed,2026-06-22T13:05:24+00:00
195c00be-90fd-441f-be06-2a005410a118,200,1,1,178,WordPress,Grateful Bins,good,,2026-06-22T13:05:24+00:00
8250c276-d3d7-4450-a323-b74528df05be,200,1,1,294,GoDaddy,Good &amp; Clean Inc. &#8211; The Bay Area&#039;s Best Residential and Commercial Cleaning Company,good,,2026-06-22T13:05:24+00:00
bc61e952-3bdf-47a9-a87b-50617607195e,521,0,1,203,,invernessvalleyinn.com | 521: Web server is down,broken,,2026-06-22T13:05:24+00:00
8445b928-0029-4276-92fe-7dfd32dddcd9,200,1,1,4848,WordPress,Home - James Rose Salon,weak,,2026-06-22T13:05:24+00:00
8946f8c3-8b82-49ec-a49a-b7cd7251a806,200,1,0,255,,IIS Windows Server,weak,,2026-06-22T13:05:24+00:00
7d3e1fa6-8e75-432e-8bd0-1619cfe0ede7,200,1,1,729,WordPress,Priscila Sparkle Cleaning,good,,2026-06-22T13:05:24+00:00
98023396-cb75-4785-8af5-ce4070ef6b28,0,0,0,104,,,broken,connection failed,2026-06-22T13:05:25+00:00
b985f495-e308-417f-969d-e45eaad02407,200,0,0,185,,,weak,,2026-06-22T13:05:25+00:00
4c90379f-aaf5-40ca-b88c-1e6eaa411d80,0,0,0,31,,,broken,connection failed,2026-06-22T13:05:25+00:00
770e6fa5-92b9-403f-829e-9124455a43a5,0,0,0,111,,,broken,connection failed,2026-06-22T13:05:25+00:00
fc0f6070-262a-4d9e-b537-cdccc619c51b,0,0,0,38,,,broken,connection failed,2026-06-22T13:05:25+00:00
4250bd54-75d6-4810-ab51-73d278c6e56f,0,0,0,7,,,broken,connection failed,2026-06-22T13:05:25+00:00
6ff92708-2508-4161-8ddd-57cfc9dedd1b,200,1,1,1577,GoDaddy,Nova Cleaning Company - Expert Cleaning Services,good,,2026-06-22T13:05:25+00:00
5f7bf113-ac3f-4980-88d8-0b6fcf13b379,200,0,1,406,Squarespace,Angela Free Design,weak,,2026-06-22T13:05:25+00:00
6eb98c44-92ba-4c8f-b09a-86459139d865,0,0,0,15073,,,broken,connection failed,2026-06-22T13:05:25+00:00
7e683812-e58c-4afa-834c-d24cdbb3731e,200,1,1,184,,Nova Interiors by the Bay | Luxury Interior Design in San Francisco,good,,2026-06-22T13:05:25+00:00
ea586cf9-9b81-4645-8b30-6c280a52d855,200,1,1,444,Squarespace,L+P,good,,2026-06-22T13:05:26+00:00
0b87baf7-e1c4-4f03-bd05-674d7a731d87,200,1,1,413,Squarespace,Together Home Design Studio | Transform Your Space Today,good,,2026-06-22T13:05:26+00:00
439e1b29-8a11-4f3f-ba73-15fd584b2b46,0,0,0,15302,,,broken,timeout,2026-06-22T13:05:26+00:00
7be8dedd-cd08-4f86-9f13-5794cf81e12d,200,1,1,198,GoDaddy,Homepage,good,,2026-06-22T13:05:26+00:00
65ed8c75-a228-4288-865e-2b77daa8b2ec,200,0,0,728,WordPress,ekdesign | San Francisco,weak,,2026-06-22T13:05:26+00:00
5dec238a-80a7-4519-9672-51e637970294,200,1,1,576,Wix,Home | Victoria Roberts Organizing,good,,2026-06-22T13:05:26+00:00
6895cbf5-05ff-48fc-8875-25f666b925b6,200,1,1,531,Webflow,FRATM,good,,2026-06-22T13:05:26+00:00
f68683f5-ae0d-4d82-a84b-804a4e959bfa,403,1,1,119,,Attention Required! | Cloudflare,broken,,2026-06-22T13:05:26+00:00
178fbc6e-9c30-4d3d-b155-ac5e9e352965,0,0,0,105,,,broken,connection failed,2026-06-22T13:05:26+00:00
49623784-212c-498c-81ce-a9e468bac870,200,1,0,325,,Home,weak,,2026-06-22T13:05:27+00:00
099e75a5-4671-4590-983d-6c69063a8079,200,1,1,2511,WordPress,Sonoma County HVAC Professionals | North HVAC Services,good,,2026-06-22T13:05:27+00:00
f3877b34-5eb1-4fdd-932d-e609bb047df7,0,0,0,10014,,,broken,connection failed,2026-06-22T13:05:27+00:00
c0aba1e3-bb20-4452-8774-9340edc8e3f1,200,1,1,464,Shopify,Haute Jewels,good,,2026-06-22T13:05:27+00:00
34d6a16d-0ccf-4dae-bcb9-fd941660a2cc,200,1,1,824,Shopify,Q-Link Products,good,,2026-06-22T13:05:27+00:00
9890492d-bb63-4574-866b-4d210637b0f4,200,1,1,240,WordPress,Bay Area #1 Low Voltage Contractor Installation - Prime Technologies,good,,2026-06-22T13:05:28+00:00
5515695c-8aee-4326-835e-e4f539e2b19e,200,1,1,1789,WordPress,My Blog &#8211; My WordPress Blog,good,,2026-06-22T13:05:28+00:00
43c87de8-f06a-4f73-a5e7-4c3d22e41de9,402,1,1,569,Shopify,Store unavailable,broken,,2026-06-22T13:05:28+00:00
f3bc6deb-c421-4b5d-a9fe-b951945cc214,0,0,0,108,,,broken,connection failed,2026-06-22T13:05:28+00:00
592992a9-9669-4307-8a3a-d2233c124778,200,1,1,420,Squarespace,Your Site Title,good,,2026-06-22T13:05:28+00:00
4fa9602b-b383-4eb1-ba50-fd8ec8f02bd2,200,1,1,345,Squarespace,Dan Fix Landscape Construction | Award-Winning Landscape Construction + Maintenance,good,,2026-06-22T13:05:28+00:00
46bfd297-afb1-474b-b549-e6f09adaf885,200,1,1,830,Shopify,six4CNC | Precision Titanium Belt Buckles &amp; Hinged Men’s Wedding Rings,good,,2026-06-22T13:05:28+00:00
15042db0-5c0f-40f7-8ee0-0d873ecad384,200,1,1,542,,"Flores Tree Service | Tree Removal, Trimming &amp; Stump Grinding – San Rafael, CA",good,,2026-06-22T13:05:28+00:00
197307b5-fb32-49c5-9ff5-c1492e4faa31,200,0,0,270,,Henry Buder's Landscape Restoration- Home Page,weak,,2026-06-22T13:05:28+00:00
8b7deb5e-a3f6-4396-bc31-47224edfce09,0,0,0,14,,,broken,connection failed,2026-06-22T13:05:28+00:00
e295889b-7722-4038-bd31-45b178af0bbb,200,0,1,381,Squarespace,Image West Gardens,weak,,2026-06-22T13:05:28+00:00
33a45648-ee07-47e0-8bb5-bf0e11e8877a,200,1,1,365,Squarespace,Mystical Landscapes &mdash; Contact | Marin Landscape Installer,good,,2026-06-22T13:05:28+00:00
3831c7c8-1cfc-47f9-947e-aa87b2f0d51a,202,0,0,279,,,weak,,2026-06-22T13:05:28+00:00
0bcb39c9-7fe9-4a51-b91c-2fa83931e3c4,200,1,1,308,Wix,West Marin Landscape Nursery,good,,2026-06-22T13:05:29+00:00
9895c2bf-529c-407a-b1df-2e99d8baa7bf,200,1,1,212,GoDaddy,OrtonLaw.com is for sale | HugeDomains,good,,2026-06-22T13:05:29+00:00
ab9f1485-3479-4515-882f-f3a8cd494690,200,0,0,154,,"Petaluma Personal Injury |Elder Abuse | Workers Compensation Lawyer| Charles A. Davis, Attorney at Law",weak,,2026-06-22T13:05:29+00:00
087a1653-e1d2-4529-9c08-bc8def249f0d,200,1,1,193,Squarespace,Old School Martial Arts + Martial Arts Gym + Jiu Jitsu + Muay Thai + Marin County Martial Arts + Boxing + Mma + Kickboxing + Brazilian Jiu Jitsu,good,,2026-06-22T13:05:29+00:00
a7caa356-bfcb-408d-87ce-d89208d2c2fb,0,0,0,45,,,broken,connection failed,2026-06-22T13:05:29+00:00
97335a29-0177-431a-a89b-4242fa5e9e54,202,0,0,106,,,weak,,2026-06-22T13:05:29+00:00
8124bf17-e92d-4f92-abb9-b253451b714a,200,0,1,526,WordPress,Gary R. Lieberman | Full service legal estate planning,weak,,2026-06-22T13:05:29+00:00
64553b73-ae16-4bd3-a27c-d0054444ca98,200,1,1,194,GoDaddy,"Concrete Construction Experts Serving San Rafael, Marin, San Francisco &amp; San Mateo Counties &#045; Maldonado Concrete",good,,2026-06-22T13:05:29+00:00
ba01547d-e920-4a84-abd0-26a9b617c16f,200,1,1,356,,Perez Masonry,good,,2026-06-22T13:05:29+00:00
2d0ed2ec-dd24-4f22-8fe8-87405ed745aa,0,0,0,8,,,broken,connection failed,2026-06-22T13:05:29+00:00
8a52fbd9-be2d-45d6-a208-ded5f5fa13c6,200,1,1,5532,,KnobHill.com is For Sale | BrandBucket,weak,,2026-06-22T13:05:29+00:00
6d6c167e-ab0f-4055-9027-ab01ea0e4af2,200,0,0,345,,Mama Massage,weak,,2026-06-22T13:05:30+00:00
4b9970de-2a50-40a9-9aad-bafaaadaf120,200,1,1,488,Wix,HOME | HealingHandsbyCindyUnited States Novato,good,,2026-06-22T13:05:30+00:00
f3e68054-9456-421a-bc93-eeca7d31b54e,0,0,0,129,,,broken,connection failed,2026-06-22T13:05:30+00:00
78c62ad4-1f6c-4180-9662-63218a0f382a,200,1,1,110,Webflow,"NUE Aesthetics | Wellness &amp; Beauty in Petaluma, CA",good,,2026-06-22T13:05:30+00:00
126aa438-1b94-4d06-8aa7-e5f5e6c7363e,200,1,1,448,Squarespace,"Gigi&#39;s GlowLab, LLC | Medspa in Petaluma, CA, 94954 | Botox",good,,2026-06-22T13:05:30+00:00
517522df-8263-445d-9e43-5d819951dbc2,200,1,1,1706,WordPress,Schafer's ATA Martial Arts | Petaluma Martial Arts Classes,good,,2026-06-22T13:05:30+00:00
75045973-6c47-44b9-a710-2e05c6a88c61,0,0,0,15129,,,broken,connection failed,2026-06-22T13:05:30+00:00
224ec2a4-b261-4da9-b622-739b0d688cb3,200,1,1,309,GoDaddy,PanchoSFairfax.com is for sale | HugeDomains,good,,2026-06-22T13:05:31+00:00
34628b57-e8de-41bf-af8c-8c24e4aeb5b5,0,0,0,10013,,,broken,connection failed,2026-06-22T13:05:31+00:00
b3043710-b116-4d28-a2d1-4b3337ee23dc,200,1,0,489,,Page Not Found,weak,,2026-06-22T13:05:31+00:00
f995ca42-283b-44ee-9571-b0d46c2b51f2,200,1,1,1776,Wix,Elle's Thai Massage: Authentic Thai Massage in Sausalito,good,,2026-06-22T13:05:31+00:00
44621ace-e79a-427a-8b78-cf0655266734,0,0,0,9,,,broken,connection failed,2026-06-22T13:05:31+00:00
de4f875a-da2c-4905-91a1-629aa110573b,200,0,1,167,,VIDEO TEPA MUSICA,weak,,2026-06-22T13:05:31+00:00
4b3f0ffa-d9be-42a5-b6f0-4542aa1ccace,200,0,1,259,,MHM Time Machine: 2012,weak,,2026-06-22T13:05:31+00:00
e65c654d-4af8-45d0-a921-5d7248825201,404,1,1,821,Webflow,Not Found,broken,,2026-06-22T13:05:31+00:00
8df5e0de-44dd-4b14-b97c-559ed933481d,0,0,0,15143,,,broken,connection failed,2026-06-22T13:05:31+00:00
c9d29f31-ede4-4b1d-a8fb-4456149c28b4,503,0,0,858,,,broken,,2026-06-22T13:05:32+00:00
544b25c3-99be-4ea3-9862-cb2a08f36303,200,1,1,815,WordPress,Home - Pest Control by Marin Rat and Rodent,good,,2026-06-22T13:05:32+00:00
5fd4bc88-9045-42b1-93f0-dd8180606add,200,1,1,601,,The Country Inn For Pets,good,,2026-06-22T13:05:32+00:00
ef5012d5-abf1-442d-bda2-fba79ee8c8d7,0,0,0,105,,,broken,connection failed,2026-06-22T13:05:32+00:00
caa5adeb-36fb-4e85-9441-491823239816,200,1,1,783,WordPress,"Dog Daycare and Boarding in Petaluma, CA - Sniff and Wiggles Dog Resort, Sonoma County",good,,2026-06-22T13:05:32+00:00
2d88bc32-d60d-4264-9244-a1dd4dbc853b,0,0,0,41,,,broken,connection failed,2026-06-22T13:05:32+00:00
8d626030-7e47-46cc-92bb-96291d2ea011,200,1,1,1192,WordPress,Inicio - Abogado de lesiones personales en Petaluma,good,,2026-06-22T13:05:32+00:00
980aad60-e273-437d-afda-f4360ca486fc,200,1,1,397,,Zenful Pet Care,good,,2026-06-22T13:05:32+00:00
94016f6b-82d4-4c2b-b974-538f44d9f260,200,0,0,401,,Our Best Friends: Gifts for Pets and Their People,weak,,2026-06-22T13:05:32+00:00
86969aad-0a27-42d9-a228-b0d0bb61ead1,200,1,1,399,WordPress,Home - Three Dog Bakery,good,,2026-06-22T13:05:33+00:00
8cbfc1d5-e4c2-4f2f-91ac-61cd194e0a95,200,1,1,1982,WordPress,Home - Ted Erickson | CA Mortgage Broker | Barrett Financial Group,good,,2026-06-22T13:05:33+00:00
272af681-451a-4ff1-af01-ade13b3bec55,200,1,1,10112,,ROYAL22: Keajaiban Bermain Game Online Mendapatkan Keberuntungan Paling Besar,weak,,2026-06-22T13:05:33+00:00
0d756a07-b6c6-4205-a918-8372c404c35e,200,1,1,789,WordPress,Precious Pets of Marin | Dog Walking - Overnights - Visits,good,,2026-06-22T13:05:33+00:00
496ba354-a9d4-41ea-ae95-affedbc9b76f,200,1,1,466,Squarespace,Michael B. Moore Photography,good,,2026-06-22T13:05:33+00:00
b0161768-32e0-4b2b-84e4-ca7ac1637544,200,1,1,442,GoDaddy,Background - SHEN Therapy,good,,2026-06-22T13:05:33+00:00
b6e30012-b8ab-42f7-9a30-73610a75abac,200,0,1,116,Squarespace,Pizza Antica,weak,,2026-06-22T13:05:33+00:00
cd25abb6-cccb-4985-b2f4-d24cc49954e4,200,1,1,520,WordPress,"Physical Therapy Mill Valley, CA | Marin Peak Physio",good,,2026-06-22T13:05:33+00:00
4757252c-523a-4621-83ab-25aa839bce16,409,0,1,152,,DNS resolution error | www.poolservicemarin.com | Cloudflare,broken,,2026-06-22T13:05:33+00:00
060ad99e-3a58-4e4e-951e-a4378d815c50,0,0,0,7,,,broken,connection failed,2026-06-22T13:05:33+00:00
56459600-e60e-42c6-8d59-a52bc8afe06b,200,1,1,362,,Local Plumbing — Residential &amp; Commercial Plumbers in Marin &amp; Sonoma Counties,good,,2026-06-22T13:05:33+00:00
214aec0b-171e-4397-909a-9ac1cd2f4844,0,0,0,13,,,broken,connection failed,2026-06-22T13:05:33+00:00
1aa4f125-0894-4eb5-b712-2f07c33a3eb8,200,1,1,492,Squarespace,"Pilates ProWorks - Marin - Best Reformer Pilates in the Bay. Group classes, 1-on-1 sessions, all on our FitFormer",good,,2026-06-22T13:05:33+00:00
e9a9be9f-d977-4cd7-aaf1-473cde7d0dbc,200,1,1,434,,"Plumbing Services | Big Island Plumbing | San Rafael, CA",good,,2026-06-22T13:05:33+00:00
73f6bb2f-38f8-42d0-84e0-1002feb466c8,200,0,1,418,GoDaddy,Plumbing Repair Service | Professional & Fast | Call (833) 360-4213,weak,,2026-06-22T13:05:33+00:00
8a78e13d-3926-48e8-a623-6218bd2403d9,200,1,1,432,,"All Seasons Pool Service | Pool Repair | Petaluma, CA",good,,2026-06-22T13:05:33+00:00
6dc5ae5b-5604-420d-82b2-641b0295f5f7,200,1,1,510,GoDaddy,SANDEENPLUMBING.COM,good,,2026-06-22T13:05:33+00:00
088be580-21a4-4d3f-9248-1e9ae7830976,200,1,1,205,,Petaluma Real Estate Agents | SOLD by J + J,good,,2026-06-22T13:05:33+00:00
551ca20b-a082-41ac-8f78-c9e2d7e9cd1f,200,1,1,348,Squarespace,Belvedere Lagoon Property Owners Association,good,,2026-06-22T13:05:33+00:00
d0231a57-ed53-4ade-b670-cf0a8589c6db,0,0,0,51,,,broken,connection failed,2026-06-22T13:05:33+00:00
3b662565-55ac-408d-91ba-a82f46eda776,200,1,1,6396,WordPress,Lucia Antonelli | Contemporary Beaded Jewelry | Bespoke Wearable Art,weak,,2026-06-22T13:05:34+00:00
f74a91db-16a6-426b-bfad-69f25270d6c5,200,1,1,283,WordPress,San Rafael Insurance Attorney | Flood Landslide Damage | Williams &amp; Gumbiner LLP,good,,2026-06-22T13:05:34+00:00
d988ca32-f2e2-4661-83e8-077c09838fbe,0,0,0,82,,,broken,connection failed,2026-06-22T13:05:34+00:00
b0aa57c9-cca9-4dbd-92c8-cd6cbdab17d1,0,0,0,163,,,broken,connection failed,2026-06-22T13:05:34+00:00
08ff96c9-8ed9-4c16-b4ac-05949be221ee,404,0,0,287,,404 Not Found,broken,,2026-06-22T13:05:34+00:00
fd2e9c00-9755-4b34-8450-1fd0c89bf5be,0,0,0,160,,,broken,connection failed,2026-06-22T13:05:34+00:00
bf2c2833-54fc-45a9-b978-f37a3f1b0489,202,0,0,210,,,weak,,2026-06-22T13:05:34+00:00
8f89c64a-5e93-47c0-b000-d3c9b46de005,200,1,1,1322,WordPress,Home - Redeemer Preschool,good,,2026-06-22T13:05:34+00:00
721d7259-9c7c-4125-b202-62d693e91755,200,1,1,323,,"Fabian Kosinski, Real Estate Agent - Compass",good,,2026-06-22T13:05:34+00:00
bd7dc4b5-b645-4081-995c-8526f6a7c7ad,200,1,1,1213,WordPress,"Bill Dardon, REALTOR® &#8211; With over 40 years in the real estate business, experience, service, and integrity is my motto!",good,,2026-06-22T13:05:34+00:00
6052a9e3-680e-47a7-91e1-b0c373f22ff8,200,1,1,1150,WordPress,Home - Bootjack Group,good,,2026-06-22T13:05:34+00:00
0fd53dbf-34a5-4180-a126-c47aa8d04615,200,1,1,872,WordPress,Home - Kristie Martinelli,good,,2026-06-22T13:05:34+00:00
df5ac55e-b5d3-4e4b-95f5-3205ae4a2466,202,1,0,62,,,weak,,2026-06-22T13:05:34+00:00
3d27762a-6c64-4cd9-8076-9ef7cd2b4979,200,1,1,553,,Domain San Francisco Marin Real Estate â Luxury Experts,good,,2026-06-22T13:05:34+00:00
4a9772f8-ce8a-445f-92d1-206a73bdfc2b,200,1,1,1409,,AnuschkaSchneider.com,good,,2026-06-22T13:05:34+00:00
ee60baf1-6230-4a85-b58d-d382b87f10cf,403,0,1,132,,Just a moment...,broken,,2026-06-22T13:05:35+00:00
d38ee3b0-84b8-4e50-a0de-22a9b3c6a42a,403,1,1,159,,Access to this page has been denied,broken,,2026-06-22T13:05:35+00:00
52917ae3-8cf0-4f4e-86df-72a995e42c39,200,1,1,314,,Apartment Complexes | Apartments to Rent in CA | Kadami Enterprises,good,,2026-06-22T13:05:35+00:00
bd37b1c0-1377-4aee-a2fe-c93a6fe49702,200,1,0,523,,Page Not Found,weak,,2026-06-22T13:05:35+00:00
7d396af2-3cb1-41ce-91b2-fd51c66692f7,200,1,1,419,,"Holly Bennett, Real Estate Consultant, Sonoma - Napa Wine Country Real Estate | Sotheby&#x27;s International Realty, Inc.",good,,2026-06-22T13:05:35+00:00
a4bd163a-41a5-4574-98d1-c583799cbb46,202,1,0,55,,,weak,,2026-06-22T13:05:35+00:00
c685eeae-a731-4dad-b0d6-19e86334fe1a,200,1,1,608,,"Jennifer Powers, Sonoma Valley Real Estate | Sonoma, Glen Ellen, Kenwood, Oakmont, Sonoma - Napa Wine Country Real Estate | Sotheby&#x27;s International Realty, Inc.",good,,2026-06-22T13:05:35+00:00
df7c6f2e-6caa-4b6e-aff2-fdec7a6c168e,200,1,1,681,,Mill Valley CA Real Estate & Homes for Sale | Luxe Places International Realty-Mill Valley,good,,2026-06-22T13:05:35+00:00
6fda67d5-cec5-40e8-8033-4f68a5fc5608,200,1,1,450,,"Katie Vormelker, Real Estate Agent - Compass",good,,2026-06-22T13:05:35+00:00
e9ca9f65-a71f-4c30-a397-cbf08fb4d23e,0,0,0,109,,,broken,connection failed,2026-06-22T13:05:35+00:00
99a18f0b-187e-44b2-858a-2cefe9580e43,200,1,1,841,,Homes for Sale in Petaluma and all of Sonoma County,good,,2026-06-22T13:05:35+00:00
fda7a042-d431-442d-a2d7-38de943bc241,200,1,1,566,,Your Source for Bay Area Real Estate,good,,2026-06-22T13:05:35+00:00
bfb01b12-d9a4-46b1-b908-2e92db31386f,200,1,1,701,,Home | Laura O&#39;Malley | Berkshire Hathaway HomeServices,good,,2026-06-22T13:05:35+00:00
65447ba9-c312-40e3-98fd-4c6f70a6a0af,0,0,0,225,,,broken,connection failed,2026-06-22T13:05:36+00:00
c019e27a-b0a9-4bcd-b4d8-7394868ae79d,0,0,0,128,,,broken,connection failed,2026-06-22T13:05:36+00:00
dcc11170-2a32-4af7-be5a-6dadd2780735,200,1,1,644,,Maria DeSalvo Real Estate | Marin County Real Estate Experts,good,,2026-06-22T13:05:36+00:00
830f6647-6a05-4a97-8b03-b5b93434b7f5,200,1,1,775,WordPress,Marin County CA Beautiful Luxury Real Estate Margie Esmerian-Smith,good,,2026-06-22T13:05:36+00:00
0c054ef6-b05c-4e6b-920d-337ca9014530,200,1,1,334,,Moseley & Co. | Tiburon Real Estate Agents,good,,2026-06-22T13:05:36+00:00
3ea108d4-e5ab-4441-9dbc-4eb9df510ddf,200,1,1,682,GoDaddy,Martha O&#x27;Hayer,good,,2026-06-22T13:05:36+00:00
d7dc1d3f-c24e-4fc6-96fd-d3fca727a75f,200,1,1,300,,"Ellen Lesher, Real Estate Agent - Compass",good,,2026-06-22T13:05:36+00:00
528fb131-0f76-423b-bcb7-35dadb2de970,200,1,1,646,,Home | Michele Sine | Berkshire Hathaway HomeServices,good,,2026-06-22T13:05:36+00:00
ed80bede-80b1-4035-94b3-1044700cadda,200,1,1,1309,WordPress,Home - Lori Lafranchi,good,,2026-06-22T13:05:36+00:00
8aad57e6-d328-4239-a2e1-d7877fc1c940,200,1,1,353,,Top California Real Estate Agents | Reserve Properties,good,,2026-06-22T13:05:36+00:00
7a96c758-4ed3-4c01-b8fd-dedcc280b885,404,0,0,173,Squarespace,Squarespace - Domain Not Claimed,broken,,2026-06-22T13:05:36+00:00
7376788f-c3b9-4016-a32b-0d829cf80890,200,1,1,691,,Home | Pat Kelly | Berkshire Hathaway HomeServices,good,,2026-06-22T13:05:37+00:00
ff84c7bc-cce9-4303-8d6b-81ab09111dc6,0,0,0,107,,,broken,connection failed,2026-06-22T13:05:37+00:00
24bbdc34-f181-409a-b385-a89645533a79,404,1,1,135,,Page Not Found,broken,,2026-06-22T13:05:37+00:00
c5e6b5f9-a1b2-4726-ac0d-67314be40536,0,0,0,15131,,,broken,connection failed,2026-06-22T13:05:37+00:00
7993fea6-22d9-4e2b-b8ed-6c70dafc8e69,200,0,0,832,,Patricia Gross - Vision Real Estate (gomarinrealestate.com) : Home,weak,,2026-06-22T13:05:37+00:00
725b2b37-5e5a-4425-8675-d944632a1ecb,200,1,1,340,,"Helaine Forte, Wine Country Real Estate, Sonoma - Napa Wine Country Real Estate | Sotheby&#x27;s International Realty, Inc.",good,,2026-06-22T13:05:37+00:00
353d73f1-b5b1-426a-b790-5cce6e6605ee,200,1,1,326,,Marin County Real Estate Expert? Meet Stacy Lynch,good,,2026-06-22T13:05:37+00:00
3b19441b-c641-4f38-be6e-0129ee08dbf4,200,1,1,444,Squarespace,Sheila&#39;s Homepage,good,,2026-06-22T13:05:37+00:00
73a82e78-c1a5-4808-bf32-05bed8a8b1af,200,1,1,325,,Sonoma Real Estate Agent â Discover Luxury Living,good,,2026-06-22T13:05:37+00:00
d609fa1a-d4a7-4ea7-a509-82ca0e7106a2,200,1,1,422,,"Susan Koide, Real Estate Agent - Compass",good,,2026-06-22T13:05:37+00:00
fcb1e7d6-8061-4f5e-9256-bfd8c7897535,200,1,1,1350,,Engel &amp; Völkers | Peel Team,good,,2026-06-22T13:05:37+00:00
d7c98166-34fe-4d15-96be-273669eeb948,200,1,1,326,WordPress,Premier Homes &amp; Country Estates | Premier Homes &amp; Country Estates,good,,2026-06-22T13:05:37+00:00
69f1cd20-daa5-40b4-a30c-3c165aaef2bd,200,1,1,1373,,Rachel Michael - City Real Estate,good,,2026-06-22T13:05:38+00:00
8a785676-52d0-421b-9ead-23750eb71d0f,200,1,1,1969,WordPress,Home - Misha Villere,good,,2026-06-22T13:05:38+00:00
13f48398-e56d-41aa-859d-bf10330c88f5,202,1,0,120,,,weak,,2026-06-22T13:05:38+00:00
09b31323-a0cf-4747-baf1-19d98e37bdcc,202,0,0,121,,,weak,,2026-06-22T13:05:38+00:00
171d0f20-8cc1-45ab-aad5-2cfb98a2b614,0,0,0,37,,,broken,connection failed,2026-06-22T13:05:38+00:00
8f984a29-409b-41a8-b815-c03b5094bd7f,0,0,0,48,,,broken,connection failed,2026-06-22T13:05:38+00:00
804f8b84-cda0-4e8b-bef2-a925d250625f,403,1,1,152,,Just a moment...,broken,,2026-06-22T13:05:38+00:00
662757ee-6cad-4a50-8e1f-c2e32f637499,200,0,0,165,,,weak,,2026-06-22T13:05:38+00:00
6a6190a6-00b6-46fd-af81-80deeccab238,200,1,1,131,WordPress,"Marco&#039;s Gastronomia &#8211; Genuine Italian sandwiches, salads and appetizers.",good,,2026-06-22T13:05:38+00:00
5d936196-36fb-4dbe-8b12-caca7dce74bd,200,0,1,414,Squarespace,Chef Lisa Ruggieri Hines,weak,,2026-06-22T13:05:38+00:00
6b47e16c-d20a-44a8-b2bc-0af3b17d2668,0,0,0,108,,,broken,connection failed,2026-06-22T13:05:38+00:00
dd64d108-a32d-4de7-82b7-0becacaa614c,200,1,1,384,Squarespace,Farmhouse Sonoma,good,,2026-06-22T13:05:38+00:00
b254c74a-0a43-4eba-b5d6-8ff8fa4a8bf3,200,1,1,262,,"Roofing Services | Petaluma, CA | GTZ Roofing",good,,2026-06-22T13:05:38+00:00
f82a3fbf-3205-403a-9862-46316234426d,0,0,0,50,,,broken,connection failed,2026-06-22T13:05:38+00:00
71a72f4b-bad3-40bf-986a-327c60715bee,200,1,1,363,Squarespace,With Thyme Provisions,good,,2026-06-22T13:05:38+00:00
b813ad58-b69a-4a49-bc1f-de5bee8ab032,200,1,1,1351,WordPress,Home - Steffie Finkelstein,good,,2026-06-22T13:05:38+00:00
eb4d444e-f68c-4921-ace8-a25a40d7709b,200,0,0,137,,,weak,,2026-06-22T13:05:38+00:00
5bb15a5a-be4c-4ebd-8d1d-2502a154d437,202,1,0,143,,,weak,,2026-06-22T13:05:38+00:00
7a48597b-fc47-4129-8bb4-5cf858438283,0,0,0,45,,,broken,connection failed,2026-06-22T13:05:38+00:00
897a0284-edf9-48fb-ade1-9863b1197553,200,1,1,217,Squarespace,The Facial Studio,good,,2026-06-22T13:05:38+00:00
fd48d29d-2094-4f9c-b9da-223b4d887cda,200,1,1,200,Squarespace,Body Sculpt Marin,good,,2026-06-22T13:05:38+00:00
0fc8f0ee-8970-4279-a774-08de20bcaa49,0,0,0,108,,,broken,connection failed,2026-06-22T13:05:38+00:00
c0d076a7-f2ba-414f-bf1d-ff4be2cbc7b1,0,0,0,214,,,broken,connection failed,2026-06-22T13:05:38+00:00
f241ef5e-17e9-454e-a1b3-122a8cfe8147,0,0,0,108,,,broken,connection failed,2026-06-22T13:05:38+00:00
4615a8bf-359f-4960-8c4b-d556145d2e3a,200,1,1,1201,WordPress,Todd &amp; Lisa Sheppard,good,,2026-06-22T13:05:38+00:00
322af9d0-0ab2-4db6-841c-5ce0ab3eef47,404,0,0,236,Squarespace,Squarespace - Website Expired,broken,,2026-06-22T13:05:39+00:00
effe09fd-b536-492d-9a2f-c6282f558aef,200,1,1,527,Wix,Grotto | Bathhouse &amp; Spa In Marin County,good,,2026-06-22T13:05:39+00:00
153ad1fd-5fa8-4836-9a62-0aa26ba4f46b,200,1,1,527,,"Rochell Overn Esthetics | Health &amp; Beauty in Novato, CA",good,,2026-06-22T13:05:39+00:00
62e9f8bb-8455-49e7-9775-e3c652f3fa17,200,0,1,457,WordPress,Smooth Operations,weak,,2026-06-22T13:05:39+00:00
b7f49250-1471-4976-8859-647a3272ef30,200,0,0,180,,Misha&#39;s Spa Vitale ~ Sausalito - Home,weak,,2026-06-22T13:05:39+00:00
8f208868-beab-4094-b48f-648295b76de4,200,1,1,916,,Holistic Skin Specialist San Rafael | Body Celebration,good,,2026-06-22T13:05:39+00:00
6906c2ff-4504-498b-8b23-d8229d3f51fd,200,1,1,1474,Wix,"Solar Roofing Contractor Near Petaluma, Santa Rosa &amp; Sonoma County",good,,2026-06-22T13:05:39+00:00
71295b93-6b26-48ad-be11-23a6e10bebb4,200,1,1,287,Webflow,National Fitness Campaign | Building Healthy Communities Across America,good,,2026-06-22T13:05:39+00:00
ff4186be-c5d5-4714-ab9f-54170aa67e5e,200,1,1,336,Squarespace,Marin GreenPlay Camp | Marin&#39;s Favorite Summer Camp,good,,2026-06-22T13:05:39+00:00
930ae3d9-fd5e-41b0-8a67-2bc50424be1f,0,0,0,107,,,broken,connection failed,2026-06-22T13:05:39+00:00
5863fb6c-af6f-40c6-aec1-9417d97edeef,403,0,0,228,,403 Forbidden,broken,,2026-06-22T13:05:40+00:00
6bdf6be8-5ca8-44c3-b931-16e565ed1124,200,0,0,416,,,weak,,2026-06-22T13:05:40+00:00
6771c533-5deb-40b3-b8ac-0da97b8a488d,0,0,0,107,,,broken,connection failed,2026-06-22T13:05:40+00:00
5ad6434c-ffb3-4fb9-8a05-499c683d4882,200,1,1,1432,,True Method Massage | Sports Recovery in San Rafael,good,,2026-06-22T13:05:40+00:00
e348065e-6c36-42ff-ad14-b40ac1caf51b,0,0,0,201,,,broken,connection failed,2026-06-22T13:05:40+00:00
3e3bcb5a-8402-4beb-a3d7-535d87c386e7,200,1,1,6702,Squarespace,JAM Collective | Outdoor Public Relations and Communications Agency,weak,,2026-06-22T13:05:40+00:00
f7505628-3b72-47c0-b5d8-357b3ea96a74,200,1,1,999,,"Massage Association for Massage &amp; Bodywork Professionals, Students &amp; Educators | ABMP",good,,2026-06-22T13:05:40+00:00
bf958165-fd17-4294-8639-d49cdf39a118,200,1,1,552,GoDaddy,AIM Tires: Sonoma Experts in Racing &amp;amp; Performance Tires,good,,2026-06-22T13:05:40+00:00
807547d2-873e-4c8e-b333-4b8821569a51,200,1,1,943,,BaseCamp Performance Collective | Bridging Rehab and Perform,good,,2026-06-22T13:05:40+00:00
30f98d5f-f3d3-458a-a190-5af6b9664691,200,1,1,236,,East Petaluma Animal Hospital | Best Vet in Petaluma,good,,2026-06-22T13:05:40+00:00
6f8e6c0e-0170-4d62-a0f7-f1af303c9673,200,1,1,244,,Porthos | Buy Wine,good,,2026-06-22T13:05:40+00:00
8793a990-f330-4092-9bf4-660ac44f3396,200,1,1,415,Weebly,Having A Ball! - Dog Walking &amp; Pet Care in Marin,good,,2026-06-22T13:05:40+00:00
a6e158b0-ebbd-44ac-8f91-dcf8413d3f87,200,1,1,1297,,"Bare And Bronzed Studio | Esthetician in Petaluma, CA",good,,2026-06-22T13:05:40+00:00
363fb72b-4446-452e-962b-86699ebd1827,200,0,1,597,,contact,weak,,2026-06-22T13:05:40+00:00
88d94490-0fa1-45dd-90e8-15534f9ad1d0,0,0,0,8,,,broken,connection failed,2026-06-22T13:05:40+00:00
636103ff-1fa7-4700-8ab5-bf9767a7f9db,200,1,1,786,,"Trevor Henley of Henley Photography in Marin &amp; Monterey County specializes in professional portraits, architecture, &amp; non profit fundraising events. Imagination is only the beginning, let Henl",good,,2026-06-22T13:05:40+00:00
a0007007-c70e-490e-8ffc-c98ad015c485,200,1,1,422,Wix,HOME | Gourmet Food,good,,2026-06-22T13:05:40+00:00
33c03ba0-1331-4ce3-9c90-b5d33835ee5f,0,0,0,42,,,broken,connection failed,2026-06-22T13:05:40+00:00
78f34945-9704-4a5a-bc45-fa69fa9fd07d,200,1,1,264,Squarespace,Roche Sonoma Winery,good,,2026-06-22T13:05:41+00:00
9c5f698b-25a4-46ce-b334-6b75a0539f70,500,0,1,340,,Database Error,broken,,2026-06-22T13:05:41+00:00
bd337cd1-7bbe-456f-895d-298d645cef55,404,1,0,244,Squarespace,Squarespace - Website Expired,broken,,2026-06-22T13:05:41+00:00
bf3f325d-8644-4588-91d5-e32cd94d86f7,200,1,1,838,Shopify,The Spanish Table,good,,2026-06-22T13:05:41+00:00
fb5dfd84-5a16-4d04-a5da-dba844029a50,200,1,1,300,Squarespace,ARTEFACTcurator,good,,2026-06-22T13:05:41+00:00
75a5226b-59b6-4b7d-b603-81dac6c2b0c9,202,1,0,237,,,weak,,2026-06-22T13:05:41+00:00
6a07f728-6ea0-4e44-83f9-26d285c4cf98,404,1,1,516,Wix,,broken,,2026-06-22T13:05:41+00:00
aaca5bbc-d1fb-429d-854b-4f106cff657b,200,1,1,495,,"Askim’s Auto Works, Inc. | Independent Subaru Service &amp; Repair – San Rafael, CA",good,,2026-06-22T13:05:41+00:00
db05b651-12b1-46b9-8a1f-074c696d4ce5,200,1,1,540,GoDaddy,White Rose Antiques,good,,2026-06-22T13:05:41+00:00
e63128f6-1385-4a76-a5a8-8112fb419698,200,1,0,347,,CR Automotive,weak,,2026-06-22T13:05:41+00:00
745c8302-c726-4906-8529-aae9d5a6539d,200,0,1,566,,gghd.com for sale | Spaceship.com,weak,,2026-06-22T13:05:42+00:00
c4af46f1-4057-4430-8992-1703469ca9a1,200,1,1,301,,Johnny Franklin's Muffler,good,,2026-06-22T13:05:42+00:00
affb1f51-8749-4e93-a5f9-d2278f525e6f,200,1,1,319,,HAT Racing Enterprises,good,,2026-06-22T13:05:42+00:00
74910081-544e-4aed-b1b7-10cf8b02556b,200,0,0,96,,Redirecting...,weak,,2026-06-22T13:05:42+00:00
e737ed2e-e2e8-43fb-89d8-7b798d0ad5ea,403,0,0,52,,Access Denied,broken,,2026-06-22T13:05:42+00:00
aee2b638-8772-4ac5-8ef4-61cd90ad5928,0,0,0,20,,,broken,connection failed,2026-06-22T13:05:42+00:00
970ec1d3-4cf9-4b9c-9832-b4bab3c429f8,0,0,0,43,,,broken,connection failed,2026-06-22T13:05:42+00:00
02f04858-2a91-4bbf-bf15-2cf696fc12ee,200,0,0,110,,Redirecting...,weak,,2026-06-22T13:05:42+00:00
c4d1085f-4bd1-44eb-b279-b6315b415fce,200,0,0,164,,Strawberry Shoe and Watch Repair - HOME,weak,,2026-06-22T13:05:42+00:00
70b572f4-8682-4a31-afca-c26c6276cf66,403,1,1,165,,Just a moment...,broken,,2026-06-22T13:05:42+00:00
e09597c1-41c1-467a-a3a0-e69e828866a2,404,0,0,264,Squarespace,Squarespace - Domain Not Claimed,broken,,2026-06-22T13:05:42+00:00
6859c1a3-7d2b-4234-aa0d-f49d41e6816d,200,1,1,226,Squarespace,Mario and Johns,good,,2026-06-22T13:05:42+00:00
74b7cdf0-277b-4e4b-9377-d57a9aef0c28,0,0,0,49,,,broken,connection failed,2026-06-22T13:05:42+00:00
5e7c9f16-2be3-4fdf-ba91-440ec2a5b117,200,1,1,299,,Arlecchina - A Boutique in Marin County,good,,2026-06-22T13:05:42+00:00
6fc21608-2752-46b1-923b-b702a53e2740,0,0,0,26,,,broken,connection failed,2026-06-22T13:05:42+00:00
c6c24053-cd52-4139-a987-07c2f15b34ad,202,1,0,362,,,weak,,2026-06-22T13:05:42+00:00
240c4252-1ef7-46e4-a3b2-4989c49c0567,200,1,1,2313,WordPress,Kazi Cellars,good,,2026-06-22T13:05:42+00:00
dd223863-5a0d-4188-9055-9cdecb33bcd0,200,1,1,516,,The Walt Disney Family Museum,good,,2026-06-22T13:05:43+00:00
227eeab3-2731-4236-8445-fae03b2309e4,200,1,1,546,GoDaddy,Buy secretgardenchild.com – Premium Expired .com Domain on GoDaddy | ExpiredDomains.com,good,,2026-06-22T13:05:43+00:00
b7583a5f-a62a-40fd-b883-7915f3a1550d,200,1,1,579,,Hippie Clothing Store | Jayli,good,,2026-06-22T13:05:43+00:00
4d8f8248-fb55-4db8-b84d-dbcf90cd7540,200,1,0,1564,,"H&J Tire | Tire Service | San Rafael, CA",weak,,2026-06-22T13:05:43+00:00
7704c734-7544-4f11-acbf-c85c5d9cb846,200,1,1,358,,,good,,2026-06-22T13:05:43+00:00
aa003d40-c53a-44d1-bf63-343af28baaaa,200,1,1,624,,"Duarte Concrete | Residential &amp; Commercial Concrete Contractor – Sonoma, Marin &amp; Mendocino Counties",good,,2026-06-22T13:05:43+00:00
070b8552-c8e3-42d2-b3f9-7467557f89d2,200,1,1,287,Wix,G Family Construction | Marin Design Build Firm | Family Builders,good,,2026-06-22T13:05:44+00:00
7a8c7566-3f38-4250-b1e9-902de378a013,0,0,0,15100,,,broken,connection failed,2026-06-22T13:05:44+00:00
f4f9ee16-2cc2-4fc9-b2d6-2790a07e3949,0,0,0,37,,,broken,connection failed,2026-06-22T13:05:44+00:00
7f1f5e40-6471-4b8c-8a08-f69ebe088e76,200,1,1,454,,CSLB-Home -CSLB,good,,2026-06-22T13:05:44+00:00
97f0fa55-5489-44d6-9e2d-7d056614adba,200,1,1,307,Squarespace,Suparna Vohra DDS,good,,2026-06-22T13:05:44+00:00
9b8efb1e-649a-44bf-9aa1-016ad3e55294,500,0,0,1297,,500 Internal Server Error,broken,,2026-06-22T13:05:44+00:00
f6bc70bf-3419-442b-bd11-410b186574c7,200,1,1,305,GoDaddy,Goodtime DJ &#8211; Bay Area Goodtime DJs Karaoke &amp; Photo Booths &#8211; SF Bay Areas Best Mobile DJ Company 29 Year in Business,good,,2026-06-22T13:05:44+00:00
8dff4bdd-ebb2-4046-9230-f9b9cc5a6138,200,1,1,1063,WordPress,"My Little Stars Childcare| Licensed Daycare &amp; Preschool in Novato,CA",good,,2026-06-22T13:05:45+00:00
0a7e186a-ea0f-4d86-804c-cb550b05fe1a,200,0,1,2217,Shopify,Perle Sonoma,weak,,2026-06-22T13:05:45+00:00
166aa55e-0c64-42ec-aef6-6d8a82328d37,403,1,1,205,,Just a moment...,broken,,2026-06-22T13:05:45+00:00
9651a28f-4722-4bc4-ac5d-811abe8dd102,200,1,1,927,WordPress,"Dentist in Mill Valley, CA - Strawberry Village Dentist",good,,2026-06-22T13:05:45+00:00
52aa9d7d-6c95-4aba-adce-b86e417f5e27,200,1,1,484,,Welcome to the Sausalito Portuguese Cultural Center,good,,2026-06-22T13:05:45+00:00
7d226002-5719-420d-849d-cfc318abe8f7,0,0,0,106,,,broken,connection failed,2026-06-22T13:05:45+00:00
6bedc0f7-adea-41a8-bf18-c8c8131ea5cc,0,0,0,15211,,,broken,connection failed,2026-06-22T13:05:45+00:00
a179c23c-6dd0-44dc-96fe-0a7f56c0191d,200,0,1,1167,,Finnish American Home Association,weak,,2026-06-22T13:05:45+00:00
7e16cf99-3c61-451e-b424-3db80ccca5e9,200,1,1,642,WordPress,"Clover Sonoma | Quality Dairy Products | Sonoma County, CA",good,,2026-06-22T13:05:46+00:00
fa9bba32-0d97-465a-84fa-23b2a1e31a35,200,1,1,973,,"Send Flowers in Novato, CA",good,,2026-06-22T13:05:46+00:00
f7313323-edbf-4176-8805-c475c6c7ac76,0,0,0,78,,,broken,connection failed,2026-06-22T13:05:46+00:00
fee03cb1-07a6-4740-9576-831561040ac5,200,1,1,890,,UNIKBET: Situs Slot Online Gacor Deposit Dana Resmi Mudah Menang,good,,2026-06-22T13:05:46+00:00
fec85516-f163-4880-b86d-aa51a5e3544b,200,1,1,1592,WordPress,FIORI &#8211; San Francisco + Burlingame,good,,2026-06-22T13:05:46+00:00
5fdc85b7-e39a-4919-bd14-0174105260d0,0,0,0,20895,,,broken,timeout,2026-06-22T13:05:47+00:00
05d1b4d2-f64a-49cc-9f36-0b0b980a6d85,403,1,0,294,,rh.com,broken,,2026-06-22T13:05:47+00:00
cc309be3-cb54-429b-9ef0-7aac32c281df,200,1,1,227,Shopify,Contemporary Outdoor Patio Furniture | Terra Outdoor Living,good,,2026-06-22T13:05:47+00:00
618e00e6-a6d3-4667-82d9-ddf7affbe027,200,1,1,613,WordPress,The Natural Mattress Store – The Natural Mattress Store,good,,2026-06-22T13:05:47+00:00
b517f22b-09d6-4611-afab-203d33cb2091,200,1,1,1306,,Mybeachhousestyle - Your daily inspiration for coastal living and beach house design,good,,2026-06-22T13:05:47+00:00
a92a09e5-6416-4a0f-8326-a7e7f2c4945d,200,1,0,269,Shopify,Home,weak,,2026-06-22T13:05:47+00:00
64ddce6a-5e69-4d06-83ba-4c8bce0d34ff,200,1,1,1297,WordPress,The Floor Store - Flooring &amp; Countertops - San Francisco Bay Area,good,,2026-06-22T13:05:47+00:00
1d0f218a-7a33-423f-88b0-19e17ad498b8,200,1,1,511,,Foam Fabrication Commerce Inc,good,,2026-06-22T13:05:47+00:00
0d1e7a44-0d45-4e8a-985f-718c674efd56,0,0,0,41,,,broken,connection failed,2026-06-22T13:05:47+00:00
b926ec6c-f720-4564-be82-352ace393fae,200,1,1,2120,WordPress,Catering Marin &amp; San Francisco Bay Area | Mangia Nosh Catering Company,good,,2026-06-22T13:05:47+00:00
7318bc21-c457-4e44-baa0-4e9aea598377,200,1,1,534,,Fisherman&#39;s Monterey Wharf | Home,good,,2026-06-22T13:05:48+00:00
241a131c-33a5-40db-9fc0-c5327a44f08a,200,1,1,402,Shopify,Sign of The Bear Kitchenware + Home Essentials for Cooks + Hosts &ndash; Sign of the Bear Kitchenware,good,,2026-06-22T13:05:48+00:00
59ef3311-6220-4f10-a44d-537705e3168a,200,1,1,7835,,"Sonoma Veterinary Clinic - Veterinary care in Sonoma, CA",weak,,2026-06-22T13:05:48+00:00
34a60d26-885c-4aee-a3f3-894ec9708bc5,200,0,1,3709,WordPress,"North Bay Dermatology | Dermatologists in Petaluma, CA",weak,,2026-06-22T13:05:48+00:00
16ff130d-1072-4ffd-8fe4-4b95e76beb7e,200,1,1,365,Wix,Jamey Farley Petaluma Hair Stylist,good,,2026-06-22T13:05:48+00:00
ee6f6fad-7d1a-4396-93b8-b760a05e59be,403,1,0,114,,extendedstayamerica.com,broken,,2026-06-22T13:05:48+00:00
8067bd48-dc66-484a-98d8-92fac31b019a,200,0,1,365,WordPress,Smooth Operations,weak,,2026-06-22T13:05:48+00:00
442417fd-6d98-4548-9cf1-7650f34037fc,0,0,0,109,,,broken,connection failed,2026-06-22T13:05:48+00:00
33011313-7f9b-48ed-aa3d-33f20f003e4c,200,1,1,416,Webflow,Shavery Barbershop,good,,2026-06-22T13:05:48+00:00
2d589ba8-8f3f-4cdb-ac30-a08cce161bd1,200,0,1,296,,Registrant WHOIS contact information verification | Namecheap.com,weak,,2026-06-22T13:05:48+00:00
ae4f1bfc-1573-4aa5-a8c6-04b938ddac30,200,1,1,385,Squarespace,Shelley &amp; Co,good,,2026-06-22T13:05:48+00:00
11c3bb5b-50d3-4c26-8f64-00c110bea531,200,1,1,648,Shopify,Sonoma Superfoods,good,,2026-06-22T13:05:48+00:00
74ebad04-a15d-4def-82e8-2252405da1b7,200,1,1,1184,Wix,Personal Training | Kinetic HPG,good,,2026-06-22T13:05:48+00:00
5785c633-1bdc-45d5-9019-209966de19a7,200,1,1,381,GoDaddy,"Cash for Gold | Gold Buyer | Gold, Silver, Jewelry and More for the best prices &#8211; Jewelry &amp; Gold Buyers | The Gold Drop | Estate Jewelry Buyer",good,,2026-06-22T13:05:48+00:00
b944e77a-af43-4249-a99f-41d24a98e910,200,1,1,273,,LaVier HVAC Repair â AC & Heating Services San Rafael,good,,2026-06-22T13:05:49+00:00
647c3bfe-615e-4c94-80b4-afe32cb8d4ff,0,0,0,81,,,broken,connection failed,2026-06-22T13:05:49+00:00
2436655b-55ce-4bc6-9816-d09ed85b165a,0,0,0,14,,,broken,connection failed,2026-06-22T13:05:49+00:00
ac5b3793-2966-47e1-a1d3-471ad0764b1d,200,1,1,1559,,kaiyun&#x5B98;&#x65B9;&#x7F51;&#x7AD9;&#x7F51;&#x5740;-&#x4E2D;&#x56FD;&#x5B98;&#x65B9;&#x7F51;&#x7AD9;,good,,2026-06-22T13:05:49+00:00
55e60f60-55ec-49b6-bb06-3aa94061d429,200,1,1,230,WordPress,Homepage - Vintage Oaks,good,,2026-06-22T13:05:49+00:00
b8d5772d-69d8-48f7-b8f4-539142a06967,200,1,1,6422,WordPress,Dickinson Garage Door Repair - Dickinson Garage Door Repair,weak,,2026-06-22T13:05:49+00:00
dcfad760-eb2a-4181-b10e-485eecd37b49,200,1,1,342,Squarespace,Bucky Dog,good,,2026-06-22T13:05:49+00:00
8b87f3bc-89a7-4843-b8da-8baf0387ed81,0,0,0,10018,,,broken,connection failed,2026-06-22T13:05:50+00:00
843d4d2a-60a2-455f-a8f8-74d1a397bed6,0,0,0,38,,,broken,connection failed,2026-06-22T13:05:50+00:00
99047896-2a13-47c0-8d96-342d98d8a8d9,403,1,1,907,,Just a moment...,broken,,2026-06-22T13:05:50+00:00
d593c198-611a-4453-a360-382a2a4a4c99,200,1,1,1490,WordPress,Marin County&#039;s Leading Eating Disorder Therapists - Heal Marin,good,,2026-06-22T13:05:50+00:00
ea4d0dbc-d913-4a89-94fe-562994e0c672,200,0,1,117,Squarespace,Gan Preschool,weak,,2026-06-22T13:05:50+00:00
e25f8a35-515f-463e-b64d-7ebc808e35db,200,1,1,2731,WordPress,Home &#8211; Sonoma Gymnastics Academy,good,,2026-06-22T13:05:50+00:00
7bb95170-7978-4342-94d4-b8a842d21464,0,0,0,38,,,broken,connection failed,2026-06-22T13:05:50+00:00
0b07755c-e66a-485e-9a61-774b69c38560,200,1,1,1720,,Law Office of Stephen Healy Reviews,good,,2026-06-22T13:05:50+00:00
7340f153-8a97-49a4-9c5d-ecff856a0807,200,1,1,308,Squarespace,Sausalito Nursery School,good,,2026-06-22T13:05:50+00:00
93b3ea3a-bc7a-4dfb-bc8d-8708971dfc15,0,0,0,7,,,broken,connection failed,2026-06-22T13:05:50+00:00
71dbd927-5c34-4e2d-8b0a-96339690f5ad,200,1,1,185,,"Tyler Stewart | Realtor in Sausalito, Marin County & San Francisco",good,,2026-06-22T13:05:50+00:00
05f10815-9f40-4995-ae27-15e8b66dbe85,202,1,0,113,,,weak,,2026-06-22T13:05:50+00:00
6991ce19-1549-455f-8d9c-b0540908af20,200,1,1,342,Wix,SF Fashion PR | public relations,good,,2026-06-22T13:05:50+00:00
81fbcffc-1a1e-47b9-9e4e-9f0ffbbca6be,200,1,1,127,,Curry Spa Consulting Design Planning Project Management Consultant,good,,2026-06-22T13:05:50+00:00
3e74d297-1caa-42b8-8fce-21f77b7f0fe4,200,1,1,2869,Wix,Shop MoonEssence | Premium Natural Skincare &amp; Artisan Whey Soaps | Eco-Friendly Solutions,good,,2026-06-22T13:05:50+00:00
c7b8f064-ef04-45af-8b00-9c1a9aeba558,200,0,1,260,,mtyfish.com &mdash; Domain welcome page for,weak,,2026-06-22T13:05:50+00:00
93b37551-5148-4958-8ee1-92b195979644,404,0,0,198,,Error 404 (Not Found)!!1,broken,,2026-06-22T13:05:51+00:00
86154d0b-ec0f-4b62-bfc6-f269c00542e2,204,1,0,310,,,weak,,2026-06-22T13:05:51+00:00
5d24b9cc-56f7-49e8-a255-3595ea9a1334,200,1,1,471,Webflow,"Explore Typeform | Create your own surveys, quizzes, forms",good,,2026-06-22T13:05:51+00:00
404854b2-c8da-43b8-908d-e8e16d5e4bc8,200,0,1,113,Squarespace,Innovation Hangar,weak,,2026-06-22T13:05:51+00:00
bb83e3be-e29e-4a2b-9b23-7d943ce076cd,0,0,0,10013,,,broken,connection failed,2026-06-22T13:05:51+00:00
15e70513-db16-4737-9771-d213459b83cf,200,0,1,167,Squarespace,Sams Clinic,weak,,2026-06-22T13:05:51+00:00
874c2265-483e-45fb-942f-2e9cc18b8094,403,1,1,37,,Just a moment...,broken,,2026-06-22T13:05:51+00:00
3a9bca1d-5dae-4d3b-95f7-b6633e400965,200,1,1,1674,WordPress,Home - Sausalito Shampooch - Sausalito Dog Grooming,good,,2026-06-22T13:05:51+00:00
3f44a802-d82c-4c1d-9984-eb8572a66abc,200,0,1,281,,bonneaufuels.com&nbsp;-&nbsp;bonneaufuels Resources and Information.,weak,,2026-06-22T13:05:51+00:00
d8fa51a4-c74e-4911-b75a-7bfc32af707f,200,1,1,336,Squarespace,Petal Town Flowers ~ Wine Country Weddings ~ Sonoma Florist,good,,2026-06-22T13:05:51+00:00
a389cd6c-f2ce-4b4b-8314-e3692de3d70a,200,1,1,259,Shopify,"McEvoy Ranch: Organic Extra Virgin Olive Oil, Wine, Food &amp; Gifts",good,,2026-06-22T13:05:51+00:00
47d276ec-21a6-4b22-a047-c14bc642a366,200,1,0,2838,WordPress,"Landscape Designer| Garden, Sustainable, Permaculture, Sculptural S BIAGGI sculptural landscapes",weak,,2026-06-22T13:05:51+00:00
49e4f83d-df3d-4cda-8d62-f34ecfc82f7c,200,0,0,162,,San Francisco City Auto Glass | (415) 367-4744,weak,,2026-06-22T13:05:51+00:00
f55f470e-fa05-425a-a774-f4c94cc2acf8,200,1,1,320,Squarespace,"Best Yoga Retreats 2025 | Luxury Retreats | USA, Mexico, Greece, Italy, Portugal, Switzerland, Bhutan Wine Country Yoga Retreats",good,,2026-06-22T13:05:51+00:00
29001e4f-684e-4b72-9809-9ca5deabcf4b,200,1,1,817,Wix,The Glow Bar | Marin County's Organic Skincare Boutique,good,,2026-06-22T13:05:51+00:00
bd7afde6-495b-4ed5-8bc4-b4b754ff3c6d,404,1,0,174,,Error 404 (Not Found)!!1,broken,,2026-06-22T13:05:51+00:00
fe9f694e-9cde-47e8-b4f1-1cfe46a93ef8,200,1,1,344,Shopify,Persist: Training Program by Marcus Filly &ndash; Functional Bodybuilding,good,,2026-06-22T13:05:51+00:00
beeb2eee-4f65-41bc-92d3-b0ecf35fa9ab,429,1,1,162,Weebly,Just a moment...,broken,,2026-06-22T13:05:51+00:00
4a3250b3-3b13-42b5-807e-27819b5fa137,200,1,1,15420,,"Paula Parks, Real Estate Representation At Its Finest, Sonoma - Napa Wine Country Real Estate | Sotheby&#x27;s International Realty, Inc.",weak,,2026-06-22T13:05:51+00:00
2c82ab47-1718-4172-8829-163ee55db52c,429,1,1,53,Weebly,Just a moment...,broken,,2026-06-22T13:05:51+00:00
1bf3cf30-006f-4e94-a85f-c220ce1352fc,200,1,1,3181,WordPress,DeLeon Judo Club,good,,2026-06-22T13:05:52+00:00
52f3123a-f8cc-4f52-a90e-b84a82f990bc,200,1,1,448,Wix,West Coast Icons | All Star Cheer &amp; Tumbling | California,good,,2026-06-22T13:05:52+00:00
ec83980e-2efb-405c-b18a-c6217776e857,200,1,1,712,Weebly,Personalized order screen | World Green Acai bowl juice,good,,2026-06-22T13:05:52+00:00
a5c25e6a-0143-459b-8ff8-4f2779916b96,200,0,1,274,,sonoma-autowerks.com&nbsp;-&nbsp;This website is for sale!&nbsp;-&nbsp;sonoma autowerks Resources and Information.,weak,,2026-06-22T13:05:52+00:00
9d8251d4-8d5d-4e94-8501-fd9dd63f5b9d,200,1,1,1902,GoDaddy,AJ &amp; CO,good,,2026-06-22T13:05:52+00:00
de1705bd-3c8e-4f79-b49b-74696d08cdd4,200,1,1,879,WordPress,Knee Pain Relief Novato &amp; Marin County | Marin Joint Health,good,,2026-06-22T13:05:52+00:00
d723a0b7-a2f1-4e29-a4a9-8a99ec1cc695,200,1,1,801,Shopify,Movie Prop Replicas | Paragon FX Group | Buy Movie Prop Replica Online,good,,2026-06-22T13:05:52+00:00
a4ed4b8d-e194-4e83-a396-7199209c2826,200,1,1,232,Squarespace,Dre Mar Visuals,good,,2026-06-22T13:05:52+00:00
01f53006-43d4-420d-85da-fdca7a1e789f,200,1,1,398,Shopify,Good Weather Skin,good,,2026-06-22T13:05:52+00:00
a6eb999a-7758-4898-910d-944689bf261b,200,1,1,668,,Engel &amp; Völkers | Jennifer Ames,good,,2026-06-22T13:05:52+00:00
86db0f0c-6269-4c17-9fde-af57e37cf205,200,1,1,606,Drupal,"Teachers Test Prep | CSET, CPACE, FoRT, FTCE, Praxis, TExES",good,,2026-06-22T13:05:52+00:00
1dcbd788-371c-4079-a43c-32fe3f8af542,200,1,1,357,Shopify,Viva Diva Boutique,good,,2026-06-22T13:05:52+00:00
07d87e6a-3dad-4753-841b-ade06f7be20b,200,1,1,268,Squarespace,Events By Tyler,good,,2026-06-22T13:05:52+00:00
e65798c7-6674-4ca8-836d-110c2f0293df,200,1,1,215,GoDaddy,Mondragon Irrigation Supplies,good,,2026-06-22T13:05:52+00:00
8f10c757-30d9-4248-b7c9-db1b49ae98d7,403,1,0,347,,403 Forbidden,broken,,2026-06-22T13:05:52+00:00
7bc15695-657c-4c06-8664-4ffeb5b6ecbd,200,1,1,267,,Brian Dixon&#x27;s dot.Profile,good,,2026-06-22T13:05:52+00:00
f97626d6-7431-4042-85dc-521847935786,200,1,1,381,,"Miriam Wells, Fine Homes Marin &amp; San Francisco , San Francisco Bay Area Real Estate | Sotheby&#x27;s International Realty, Inc.",good,,2026-06-22T13:05:53+00:00
0ce9071b-4df7-42f7-a21c-783e65729959,200,1,1,293,,VCA Animal Hospitals: World-Class Veterinary Care,good,,2026-06-22T13:05:53+00:00
6c1b2734-2cd4-44a7-8ed2-6208bcb81761,200,1,1,528,Squarespace,SF2BAY,good,,2026-06-22T13:05:53+00:00
b23bac40-4a9f-4bec-9819-2eb6a61ca5e3,200,1,1,542,Wix,Home | Geraldine Surkyn Interior Design,good,,2026-06-22T13:05:53+00:00
410d8216-b6f4-4bb5-aa29-29eefc3b2593,200,1,0,988,,,weak,,2026-06-22T13:05:53+00:00
41c0cbaf-65be-4a88-b701-2f8423978d69,0,0,0,109,,,broken,connection failed,2026-06-22T13:05:53+00:00
cde351b6-e0a6-416d-804d-f3634410952a,200,1,1,845,,SummerHouse,good,,2026-06-22T13:05:53+00:00
f2e4ce0b-24c0-40c6-9451-b695d9607fcc,200,1,1,452,,oh splendid day,good,,2026-06-22T13:05:53+00:00
da074354-87cd-4b62-987a-af5a877bef5b,200,1,0,414,Weebly,,weak,,2026-06-22T13:05:53+00:00
b280bb12-7be6-47ff-9b2e-50eaf22897f0,0,0,0,15,,,broken,connection failed,2026-06-22T13:05:53+00:00
3c140735-e5c9-4e5a-b262-91f5a8ecefa5,404,1,0,232,,404,broken,,2026-06-22T13:05:53+00:00
fd55d2a9-21ad-40d4-89b6-6a304f5a9953,200,1,1,977,WordPress,Home | San Anselmo | Mt. Tam Optometric Center,good,,2026-06-22T13:05:53+00:00
8e015689-a3dd-4c59-8a25-de1201bd94ce,200,1,1,443,WordPress,Home - Phoenix American,good,,2026-06-22T13:05:53+00:00
532eb65b-8986-429f-a5ea-0badf52ef570,403,0,0,179,,403 Forbidden,broken,,2026-06-22T13:05:53+00:00
fb099301-6850-4061-ab04-7b524d56e918,0,0,0,11,,,broken,connection failed,2026-06-22T13:05:53+00:00
d9b0a610-f22a-477a-a78d-ecdab9b88887,200,1,1,475,Squarespace,Jef Szilagyi L.Ac.,good,,2026-06-22T13:05:53+00:00
09130acf-57b3-4d82-86d1-e3cf112bcbd2,200,1,1,213,Webflow,"Find Acupuncture, IV Therapy &amp; Vitamin Shots Near You",good,,2026-06-22T13:05:53+00:00
b0240e66-8da1-4bc1-9a64-0e129eadc622,200,1,1,403,Wix,"Lion's Heart Acupuncture &amp; Wellness, Inc | Experienced Oakland Acupuncture Clinic",good,,2026-06-22T13:05:53+00:00
4265fa46-2dd5-4e82-ab55-5eb9120ccd93,0,0,0,4185,,,broken,connection failed,2026-06-22T13:05:53+00:00
83b06818-7a06-417e-a2d7-be292590dabe,200,1,1,148,Squarespace,Hallie&#39;s Diner,good,,2026-06-22T13:05:54+00:00
abe12185-1733-4836-b387-fcd5352d5f47,200,1,1,320,GoDaddy,Grille101.com is for sale | HugeDomains,good,,2026-06-22T13:05:54+00:00
6ed5af19-e1c2-4998-9820-4b8ccae1e329,200,1,1,368,Webflow,Guesthouse Marin | American Cuisine &amp; Classic Cocktails,good,,2026-06-22T13:05:54+00:00
fc6dcb59-202b-42fb-aea6-58803e357aa5,404,0,0,196,,,broken,,2026-06-22T13:05:54+00:00
d7c2c43b-27a7-4fbd-974c-7ed0d96a56f3,0,0,0,14,,,broken,connection failed,2026-06-22T13:05:54+00:00
bb88b324-e5dc-44c9-aad8-6c142ebd5e95,200,1,1,1219,,Wine Jobs,good,,2026-06-22T13:05:54+00:00
558c8bb9-dc1a-40ac-8c4e-af6668d3dc87,200,1,1,169,Webflow,"Lundy&amp;#39;s Home Cooking, Restaurant, 1143 4th St",good,,2026-06-22T13:05:54+00:00
b0bfa72a-fdda-422f-a976-4239b1bd24ec,0,0,0,18,,,broken,connection failed,2026-06-22T13:05:54+00:00
c7302ca6-9830-4eb5-a901-924045dcf2c7,200,1,1,445,Wix,Reconnect Your Domain | Wix.com,good,,2026-06-22T13:05:54+00:00
a4908bd5-c205-4465-a4e2-7d15abd94a79,200,0,0,165,,,weak,,2026-06-22T13:05:54+00:00
c83e61e7-7909-40f1-96fb-92f9b823cf24,200,1,0,188,,,weak,,2026-06-22T13:05:54+00:00
a42382a3-3491-4099-8c82-abac1d8c4281,200,1,1,2632,,Marin County Real Estate Expert | MeganSellsMarin.com,good,,2026-06-22T13:05:54+00:00
b54bc80f-1a51-46b6-ace0-4f36fa243b2d,200,0,1,1098,WordPress,Marin acupuncturist | Marin acupuncturist and Nutrition,weak,,2026-06-22T13:05:54+00:00
cb55e40a-4813-44a5-a580-df830116d18c,0,0,0,203,,,broken,connection failed,2026-06-22T13:05:54+00:00
73059344-60d8-46d5-b069-d8a9bd7165b6,0,0,0,45,,,broken,connection failed,2026-06-22T13:05:54+00:00
50045a5c-138d-424b-8368-127616491e61,200,1,1,236,Squarespace,burmatown marin county ca,good,,2026-06-22T13:05:54+00:00
3863e9a2-92a0-4f7d-87a0-8e47663b0455,200,0,1,377,,valenteantiquesandrestoration.com&nbsp;-&nbsp;valenteantiquesandrestoration Resources and Information.,weak,,2026-06-22T13:05:54+00:00
577a974c-a9ff-4f80-85fb-b24727cea3ea,200,1,1,2297,Wix,House Cleaning Service Marin County - San Francisco - Sonoma County | Deep Cleaning Zamboni Cleaning Service.,good,,2026-06-22T13:05:54+00:00
283db36d-e391-4cb1-8e2a-ecc71dba99d3,200,1,1,382,Squarespace,bld - inga birkenstock - sr lighting designer,good,,2026-06-22T13:05:54+00:00
73b7ed9b-ea7f-4520-97b4-512ae0ae7105,0,0,0,80,,,broken,connection failed,2026-06-22T13:05:54+00:00
64883e4c-89f4-44a0-8278-5ea518c33a3a,200,1,1,163,,Red Hill Automotive Repair,good,,2026-06-22T13:05:54+00:00
a44fb5ab-dd1a-41ad-8076-b715e77224f6,0,0,0,127,,,broken,connection failed,2026-06-22T13:05:54+00:00
8cb13fd2-b78b-47c6-8605-c80852ab74f1,200,1,1,174,Webflow,"The Auto Center, Auto Maintenance, Repair, 3110 Petaluma Blvd N",good,,2026-06-22T13:05:54+00:00
e30e6dd0-31c4-447b-b3bb-142d30544274,200,0,0,1301,,,weak,,2026-06-22T13:05:55+00:00
d70e9a1a-dc38-46bf-ad5f-70736733e5bd,0,0,0,65,,,broken,connection failed,2026-06-22T13:05:55+00:00
1c6a9d81-73f1-48fd-ba36-ca378be37112,200,1,1,411,Wix,Home | Carroceria Collision,good,,2026-06-22T13:05:55+00:00
79feb86c-b8ac-4fab-b423-98a07fda6445,0,0,0,111,,,broken,connection failed,2026-06-22T13:05:55+00:00
7a1cc8a1-9943-4cd2-a2d2-d2d189fa7d03,0,0,0,89,,,broken,connection failed,2026-06-22T13:05:55+00:00
446e7320-d4cd-4790-947c-d6330d94e4dd,404,1,1,421,Wix,,broken,,2026-06-22T13:05:55+00:00
a971cd1e-d16b-4764-a371-ba99e3d03d05,200,0,0,193,,,weak,,2026-06-22T13:05:55+00:00
8078cb76-f2b0-4c39-b6d6-af44f52e46e5,200,1,1,282,,"New Cars, SUVs, Trucks &amp; Electric Vehicles | Nissan USA",good,,2026-06-22T13:05:55+00:00
60c1b52d-2dfe-43a6-85ac-3f01b216a95b,0,0,0,18,,,broken,connection failed,2026-06-22T13:05:55+00:00
a3b282bc-6a79-4683-88ff-9daea38ff89a,200,0,0,217,,,weak,,2026-06-22T13:05:55+00:00
65fc8cea-045e-4333-aaa2-8b926484f604,200,1,1,954,WordPress,Luxury Custom - Architectural Firm,good,,2026-06-22T13:05:55+00:00
d28aa2b5-474d-41be-8f04-2aff5ddd8937,200,0,0,186,,,weak,,2026-06-22T13:05:55+00:00
409d8ed0-3310-4887-b444-c331bf81b039,200,1,1,1143,Shopify,Chateau Sonoma,good,,2026-06-22T13:05:55+00:00
911d40e3-5a51-4559-aac3-274809d12054,200,1,1,283,,San Rafael Auto Repair - R & I Automotive,good,,2026-06-22T13:05:55+00:00
a7cf5a9a-6347-4fbe-9645-e199027abacc,0,0,0,40,,,broken,connection failed,2026-06-22T13:05:55+00:00
ae932df6-2588-4ccc-ab46-a6f065255307,200,0,1,865,WordPress,JR Auto Body I Auto Repair I Towing I San Rafael,weak,,2026-06-22T13:05:55+00:00
5f81f2e1-fcbd-4e19-b9c6-5f1e696cac1b,200,1,1,163,Webflow,"Alco&amp;#39;s Famous Market Deli &amp;amp; Bakery, Bakery, 341 Enfrente Rd",good,,2026-06-22T13:05:55+00:00
c474542d-cb3c-4a8d-b560-5e5d5e82a358,200,1,1,378,WordPress,76 Gas Stations| Quality Fuel Near You | 76®,good,,2026-06-22T13:05:55+00:00
e547d719-10a5-496c-be11-6d0dcf452698,200,1,1,186,GoDaddy,ChurroStation.com is for sale | HugeDomains,good,,2026-06-22T13:05:55+00:00
9bdc6d5a-47c7-429f-b7d7-a6bd33656403,200,0,0,47,,Redirecting...,weak,,2026-06-22T13:05:55+00:00
efced7ab-49c5-4a05-bef4-f5da8f49111d,200,1,1,191,Webflow,"Alco&amp;#39;s Famous Market Deli &amp;amp; Bakery, Bakery, 341 Enfrente Rd",good,,2026-06-22T13:05:55+00:00
816f2446-5acf-4571-b04b-1a6c73675969,404,0,0,164,,,broken,,2026-06-22T13:05:55+00:00
aad6dc65-077f-4ad4-9c9a-c158f3fc32a8,200,1,1,619,,Windshield Replacement &amp; Auto Glass - Get A Free Quote Now!,good,,2026-06-22T13:05:55+00:00
88036cbf-b478-4358-ac10-6cf944c67657,200,1,1,255,WordPress,Catering Marin &amp; San Francisco Bay Area | Mangia Nosh Catering Company,good,,2026-06-22T13:05:55+00:00
7f3f5dd7-fcbd-429e-a439-e5e820385c3a,200,1,1,222,Squarespace,Route One Bakery &amp; Kitchen,good,,2026-06-22T13:05:55+00:00
50586b5a-89e2-4489-8f87-e0f9a1820f77,404,1,1,326,Squarespace,Le Marais Bakery,broken,,2026-06-22T13:05:55+00:00
00017ee6-6007-458b-99b0-9cfaf19e60cd,200,1,1,360,Squarespace,Le Marais Bakery,good,,2026-06-22T13:05:55+00:00
543f08ad-133c-4cde-a99e-34f63a2a57ec,200,0,0,255,,Google,weak,,2026-06-22T13:05:56+00:00
ec55ba6e-c87d-4c5c-8cb1-4027a9d87fb1,200,1,1,167,Squarespace,stillwater,good,,2026-06-22T13:05:56+00:00
7462ecb1-7ace-4e5d-9ff3-7ccafc81383e,200,1,1,329,,Restaurants &amp; Bars in Sonoma - Fairmont Sonoma Mission Inn &amp; Spa,good,,2026-06-22T13:05:56+00:00
4097d627-f2b5-4edf-8934-cc789c3dc916,200,1,0,935,,"Volvo Cars Marin: New & Used Volvo Dealer In San Rafael, CA",weak,,2026-06-22T13:05:56+00:00
0f3748bc-7d96-488f-9a21-780b6f823384,200,1,1,3165,WordPress,Vintage Wine Shop | Wine Merchants | Star Wine Cellars,good,,2026-06-22T13:05:56+00:00
debe6e20-d2ea-4af5-a709-cff3b294fe14,200,1,1,361,,Country selector,good,,2026-06-22T13:05:56+00:00
79b47ad9-9a41-41a4-bca1-96daea3f83b7,0,0,0,39,,,broken,connection failed,2026-06-22T13:05:56+00:00
1b21e9df-a6cc-4fba-8e2a-c7c0c92e3e49,200,1,1,492,,Demo Slot Mahjong Ways 2 Gampang Maxwin Gacor Hari Ini,good,,2026-06-22T13:05:56+00:00
3bba7950-b4ac-41d5-801a-4b0e85c9cebb,200,1,1,504,,Brown&#39;s Binyerd,good,,2026-06-22T13:05:56+00:00
61120f2c-3383-49ea-b249-3064814df5fb,0,0,0,27,,,broken,connection failed,2026-06-22T13:05:56+00:00
3cb53b68-ae69-48b6-a219-7f5f3c9f9f4a,0,0,0,111,,,broken,connection failed,2026-06-22T13:05:56+00:00
9fc440d0-feee-45f1-a38c-44b63ebae4d6,0,0,0,302,,,broken,connection failed,2026-06-22T13:05:56+00:00
39632059-763f-4f34-afab-09b07d9225c1,200,1,1,284,WordPress,Caledonia Street Barbers - OurSausalito.com,good,,2026-06-22T13:05:56+00:00
17169f38-eeba-42c3-b257-56b88dacac29,404,1,1,148,,Page Not Found,broken,,2026-06-22T13:05:56+00:00
61e16777-706c-4f46-85a2-26a824237a1c,200,1,1,465,WordPress,Visit Petaluma | Official Travel &amp; Tourism Guide,good,,2026-06-22T13:05:56+00:00
9abb29f9-e771-4145-ae03-f8a4478c4cf0,200,0,1,221,GoDaddy,Avalon,weak,,2026-06-22T13:05:56+00:00
be8c0aaf-de07-498b-b908-3c3e0a087c63,0,0,0,104,,,broken,connection failed,2026-06-22T13:05:56+00:00
8156790a-cb9a-4b83-9ea1-ea4ba26f966d,200,0,0,284,,Hair 101,weak,,2026-06-22T13:05:56+00:00
64f161fa-97d8-4776-8172-a566e6d6590e,404,1,1,360,Wix,,broken,,2026-06-22T13:05:56+00:00
8cc5f8e9-f723-4c8b-8477-fd1437ba796f,200,0,1,424,Squarespace,Catherine Peters Salon,weak,,2026-06-22T13:05:56+00:00
355f2a5b-a2a0-4855-a833-126c472442e0,0,0,0,46,,,broken,connection failed,2026-06-22T13:05:56+00:00
9d216111-ab90-4844-ab1a-6c86ce3964cb,404,1,1,296,,Dun &amp; Bradstreet,broken,,2026-06-22T13:05:56+00:00
26902414-3eee-44bb-9fb2-23266ee17089,403,1,0,161,,,broken,,2026-06-22T13:05:56+00:00
e2aad532-1c44-4078-88fe-bdf84b4aeede,0,0,0,8,,,broken,connection failed,2026-06-22T13:05:56+00:00
a1ab4ab2-bd0c-4d0b-b025-6f10fb1502a8,200,1,1,310,,Kyla Lam,good,,2026-06-22T13:05:56+00:00
507e9ec2-2e08-4e9a-bb18-4dc1480e37ed,0,0,0,47,,,broken,connection failed,2026-06-22T13:05:56+00:00
07ae3e82-8589-4b8e-b6f3-e997702b12c7,404,0,0,619,,,broken,,2026-06-22T13:05:56+00:00
b7f4110b-c9d5-43ab-b818-195923ef64e7,200,1,1,139,Webflow,"R Squared Salon, Beauty Salon, 10010 Main St",good,,2026-06-22T13:05:56+00:00
581b028f-29fb-4ca7-8aa7-51fa65a36e34,0,0,0,8,,,broken,connection failed,2026-06-22T13:05:56+00:00
c6081f2c-5080-427b-b8a5-6db835ae053a,200,1,1,159,Webflow,"Sunset Salon, Beauty Salon, 18989 Sonoma Hwy",good,,2026-06-22T13:05:57+00:00
b99cfa6a-0d84-474e-859c-05009692aa0b,202,0,0,145,,,weak,,2026-06-22T13:05:57+00:00
2c311c6f-ede7-40a2-b075-4ef40f8b3de4,200,1,1,309,Squarespace,PISCES Skin &amp; Beauty,good,,2026-06-22T13:05:57+00:00
f5d92b02-13ec-4c6c-959d-3c87f2f36c47,0,0,0,39,,,broken,connection failed,2026-06-22T13:05:57+00:00
7669c7b7-2952-4034-8d6c-ef609e08d96d,200,1,1,351,Squarespace,Shaar Hair Salon,good,,2026-06-22T13:05:57+00:00
a5f2a4d7-faa1-4030-bf35-f3f584ec5d41,200,1,1,445,WordPress,Best Microblading in SF &amp; Petaluma - iBrow Vixen,good,,2026-06-22T13:05:57+00:00
1800052b-b9ea-42b9-90eb-66511c8383d3,200,1,1,1980,WordPress,Bankruptcy Attorney San Rafael | Chapter 7 Bankruptcy Lawyer San Rafael | Chapter 13 Attorney San Rafael | Student Loan Law | Tax Law San Rafael Ca | Eranthe Law,good,,2026-06-22T13:05:57+00:00
11ba85ed-5a98-4114-9c80-acded4d223e7,200,0,0,1124,WordPress,Contact L Paradis Salon — L Paradis Salon,weak,,2026-06-22T13:05:57+00:00
48d01b13-ccb0-4d44-a68f-d69ef5fae938,404,0,0,169,,404 Not Found,broken,,2026-06-22T13:05:57+00:00
840f6c90-169f-44a9-ba14-79220e6fb53d,200,1,1,1731,,Book A Service with Modern Classics Barber Shop - Petaluma CA | Vagaro,good,,2026-06-22T13:05:57+00:00
f87f9e63-3711-4bac-9d96-8d2f59f86829,200,1,1,814,WordPress,The Stinson Beach Redwoods Haus Inn - Best Bed &amp; Breakfast,good,,2026-06-22T13:05:57+00:00
1a772292-acf6-4ee0-8953-7a4f56726f4f,200,1,1,332,WordPress,"Epicenter &#8211; Dana Davidson&#039;s boutique clothing store in Pt. Reyes, California",good,,2026-06-22T13:05:57+00:00
fc3e0987-65aa-456b-8e1b-0351ed326145,200,1,1,373,,"Go! Retail Group | Toys&quot;R&quot;Us, Calendars.com, Disney Store Limited Time &amp; More",good,,2026-06-22T13:05:57+00:00
6fc01f31-fd49-485f-aaa4-6b1edbfdabc7,200,1,1,980,Wix,Home | gueshousebb,good,,2026-06-22T13:05:58+00:00
c8e308d5-b838-4a1c-b792-7bb9cd36b691,0,0,0,103,,,broken,connection failed,2026-06-22T13:05:58+00:00
398defff-fda4-4709-b32e-6793e00b5f71,403,1,0,81,,ERROR: The request could not be satisfied,broken,,2026-06-22T13:05:58+00:00
f9b5c73c-62d9-40a5-9307-38928bc3410c,200,1,1,444,,Bacon - Novato&#x27;s Best Breakfast and Lunch Spot,good,,2026-06-22T13:05:58+00:00
ae19afac-5cfa-4efd-aa02-a08d984c39b8,200,1,1,602,Shopify,"Women’s Dresses, Gowns and Designer Clothing | BCBG &ndash; BCBGMAXAZRIA",good,,2026-06-22T13:05:58+00:00
12331aa1-58a8-43fb-bd6f-d914fd189384,200,1,1,608,,Hot Topic | The Pop-Culture Merch &amp; Clothing Store,good,,2026-06-22T13:05:58+00:00
8badd9e3-d1e0-4e7d-9937-682b442d11c7,200,1,1,991,WordPress,Amour Vert | The Original Sustainable Fashion Brand In USA,good,,2026-06-22T13:05:58+00:00
c18e44cb-556b-42e8-8449-b04dba68fb1b,200,1,1,249,Squarespace,"Adobe Creek Brewing - Craft Beer Brewery and Taproom in Novato and Petaluma, CA",good,,2026-06-22T13:05:58+00:00
a47b4050-33cc-4074-be99-d4d777031488,200,1,1,599,GoDaddy,Sausalito,good,,2026-06-22T13:05:58+00:00
3f793ddc-ce82-49bd-8ced-abdebe9da393,200,0,1,129,Shopify,Bella Snow Soft Ale Great Low Alcohol Beers Brewed to Have a few,weak,,2026-06-22T13:05:58+00:00
584abcff-207c-435f-b27a-5f6cbd13f294,200,1,1,189,Squarespace,"Adobe Creek Brewing - Craft Beer Brewery and Taproom in Novato and Petaluma, CA",good,,2026-06-22T13:05:58+00:00
1c306ce8-84d3-46ef-9d02-d9c8b0c1197c,200,1,1,1671,,"Luxury 1920s Bank Loft • Art Gallery &amp; Music Space - Houses for Rent in Tomales, California, United States - Airbnb",good,,2026-06-22T13:05:58+00:00
1f304c11-34ca-448c-8be8-72633f80bdf0,200,1,1,148,,"San Anselmo-Fairfax News, Breaking News in San Anselmo-Fairfax, CA",good,,2026-06-22T13:05:58+00:00
a9a85f26-247c-4148-a3fb-625ac71178be,404,0,0,166,Squarespace,Squarespace - Domain Not Claimed,broken,,2026-06-22T13:05:58+00:00
7f855e01-0ec8-4978-aaab-db65f1b4e8e3,404,0,0,166,,,broken,,2026-06-22T13:05:58+00:00
564f83c6-2390-44e5-883d-8245d1e945c6,403,1,0,286,,tripadvisor.it,broken,,2026-06-22T13:05:58+00:00
61b9c1b1-c92f-4465-beb3-c37f9b81e9c8,0,0,0,41,,,broken,connection failed,2026-06-22T13:05:58+00:00
50513b01-4b56-441e-b4d2-7d6b45a47dc2,200,1,1,392,Squarespace,Barney&#39;s Gourmet Hamburgers,good,,2026-06-22T13:05:58+00:00
7cd1d639-3633-4f91-8154-8987e2810cee,0,0,0,112,,,broken,connection failed,2026-06-22T13:05:59+00:00
ce1960ba-f180-4a2e-8734-687e2a45996e,0,0,0,130,,,broken,connection failed,2026-06-22T13:05:59+00:00
e008cd37-7315-4923-b1fd-685f1f62e6c6,0,0,0,38,,,broken,connection failed,2026-06-22T13:05:59+00:00
bf47f7ab-9312-435b-aaa3-ac737b51ab76,200,1,1,432,Webflow,New Home,good,,2026-06-22T13:05:59+00:00
25725810-5412-471b-9c2e-30a9207b1559,200,1,1,818,Wix,Pods Brews | Brewery | Taproom | Novato,good,,2026-06-22T13:05:59+00:00
413a1260-373e-4b31-be03-d48b95bc8cb5,200,1,1,640,,Smashburger $4.99 Menu Is Here | Big Flavor. Small Price,good,,2026-06-22T13:05:59+00:00
206327a3-e011-446f-a991-cbfa31012023,200,1,1,811,Wix,Home | Mysite,good,,2026-06-22T13:05:59+00:00
555a008e-f306-423f-8ec3-e51dae2682d5,200,1,1,381,Squarespace,The Plant Cafe Organic,good,,2026-06-22T13:05:59+00:00
2dab5e3f-a824-4fe8-a0e3-79780a9bdc68,404,0,0,271,,SITE NOT FOUND,broken,,2026-06-22T13:05:59+00:00
a00e80ca-98d2-460b-94ea-a431f6c4e9c6,200,1,1,106,,Amy&#039;s Peking Palace,good,,2026-06-22T13:05:59+00:00
3b26b151-f9b6-496a-9409-a16e382c0f05,0,0,0,48,,,broken,connection failed,2026-06-22T13:05:59+00:00
e86344f1-fe65-4c64-a55f-66389bc8be65,404,0,0,99,,Website Unavailable,broken,,2026-06-22T13:05:59+00:00
c3702f7d-dcd6-442b-98c6-b4b0b0ce1010,200,1,1,168,Webflow,"The Canton, Real Estate, 951 LAKEVILLE ST",good,,2026-06-22T13:05:59+00:00
cc6dab4c-50bf-4cfb-96cb-6f4ba1c505c1,0,0,0,50,,,broken,connection failed,2026-06-22T13:05:59+00:00
cb5deda3-7685-4157-a6a6-6a7c6d7ef22e,200,1,1,338,Squarespace,Cornell University Glee Club,good,,2026-06-22T13:05:59+00:00
eeac1670-c15d-4cb7-948d-ef70b6faef8f,0,0,0,50,,,broken,connection failed,2026-06-22T13:05:59+00:00
44addf19-7272-40ec-adb3-03a5601a1977,0,0,0,40,,,broken,connection failed,2026-06-22T13:05:59+00:00
39bd9ba5-36c1-424f-9067-15593646214c,200,1,1,487,WordPress,Hulu Wa Cuisine - Chinese Restaurantï½Online Orderï½San Rafaelï½CA,good,,2026-06-22T13:06:00+00:00
85d90b41-5c78-44fa-a2d6-66be753d35a4,0,0,0,9498,,,broken,"ssl: HTTPSConnectionPool(host='scgeneralconstruction.com', port=443): Max retries exceeded with url: / (C",2026-06-22T13:06:00+00:00
d5b759a1-94e3-4782-a174-71a15865a8ec,404,1,1,938,,Sunrise Senior Living | Page Not Found,broken,,2026-06-22T13:06:00+00:00
7f60c928-4b30-4715-92ea-cf3dd6318126,200,1,0,484,,SonomasRestaurants.com,weak,,2026-06-22T13:06:00+00:00
cdf87efb-ea5b-4c25-999a-00a019e22431,200,1,1,447,Weebly,Chiropractor Petaluma - Osgood Chiropractic 707-775-2501,good,,2026-06-22T13:06:00+00:00
945660b9-6d1e-4db5-a132-3da238f910aa,0,0,0,104,,,broken,connection failed,2026-06-22T13:06:00+00:00
2cec2ae1-bb60-4c21-b6d1-246afdcf5203,0,0,0,47,,,broken,connection failed,2026-06-22T13:06:00+00:00
68b47e3e-b6fa-4197-9fd9-78da0b364116,200,1,1,1120,,Groupon® Official Site - Find Local Deals Near You,good,,2026-06-22T13:06:00+00:00
ca721bcc-df52-46a7-bbdc-38e5456f0178,200,1,1,416,Squarespace,Cavalla Chiropractic,good,,2026-06-22T13:06:00+00:00
21d6c1cf-6ceb-44cd-8dd2-e35eb2ec27ac,200,1,1,348,Squarespace,"Sports Chiropractor &amp; Shockwave Therapy in Mill Valley, Marin County | Mt Tam Sport &amp; Spine",good,,2026-06-22T13:06:01+00:00
867827cb-0d1c-4d60-a798-f0433883e05a,200,1,1,1216,Wix,Home | Martin Borge DC,good,,2026-06-22T13:06:01+00:00
52718fcd-704d-4ba0-b321-3a873ea9e650,200,1,1,583,,"Steve Danaher, NUCCA chiropractor - Home",good,,2026-06-22T13:06:01+00:00
0fd88498-c83c-402e-b751-ae49b78daba9,200,0,0,4702,,Welcome hairsalon.com - BlueHost.com,weak,,2026-06-22T13:06:01+00:00
51486a1b-2c2e-4fbe-8ebc-71911dd5be7b,200,1,1,317,,"Gap Individual style for Women&#x27;s, Men&#x27;s, Baby &amp; Kids&#x27; Clothing",good,,2026-06-22T13:06:01+00:00
99030480-7103-4625-a336-0c7cc70fa045,200,1,1,548,,Access to this page has been denied.,good,,2026-06-22T13:06:01+00:00
61669b57-c2eb-4e90-9b5c-432648849b94,200,1,1,894,Wix,San Rafael Chiropractor,good,,2026-06-22T13:06:01+00:00
00b8b0c8-0516-4c82-becb-c2428c990e25,0,0,0,71,,,broken,connection failed,2026-06-22T13:06:01+00:00
9d8ce625-4c10-4a20-8556-2d73a3d1ebab,200,1,1,2714,WordPress,"Edukasi Hukum, Pengertian &amp; Rekomendasi Situs Judi Online Indonesia Legal Lisensi PAGCOR by LA PANOTIQ - LA PANOTIQ",good,,2026-06-22T13:06:01+00:00
3db6861f-720e-40ed-91ee-c3a32ae099ae,404,1,0,240,,404 - Page not found,broken,,2026-06-22T13:06:01+00:00
1f7ecf59-ad05-4364-8768-c2cd750de457,403,0,1,41,,Just a moment...,broken,,2026-06-22T13:06:01+00:00
92ef73ba-524e-4316-9d3d-8b4e2f7d04e9,403,1,1,334,,Just a moment...,broken,,2026-06-22T13:06:02+00:00
bfe04ebd-4766-423f-bdae-4fd97b20c2ad,403,1,1,249,,Just a moment...,broken,,2026-06-22T13:06:02+00:00
38ce2cf6-d696-4759-a546-55db34d66a6a,0,0,0,111,,,broken,connection failed,2026-06-22T13:06:02+00:00
b479929e-4eaa-4522-99cf-1972a62797c1,200,1,1,756,Shopify,O&#39;Neill - The Original California Surf Brand &ndash; O'Neill,good,,2026-06-22T13:06:02+00:00
eae3622b-1026-4b6e-808f-3eb243a7f0ba,200,1,1,611,Wix,Home | Thread &amp; Soul A Curated Collective,good,,2026-06-22T13:06:02+00:00
096e40e7-22b1-4e4b-80c3-66848526743d,0,0,0,108,,,broken,connection failed,2026-06-22T13:06:02+00:00
36608e31-c546-43a3-8d13-574ebb3e0678,0,0,0,276,,,broken,InvalidURL: No host specified.,2026-06-22T13:06:02+00:00
d6819901-7442-468b-8397-2ab54adc4c2d,200,0,1,906,,,weak,,2026-06-22T13:06:02+00:00
b153a4a0-5552-4062-8cf7-cce801f0cfc6,200,1,1,535,WordPress,Goody Cafe | Fort Mason Center for Arts &amp; Culture,good,,2026-06-22T13:06:03+00:00
88937246-03c5-4f8d-9abd-a7a7142d46bf,0,0,0,10017,,,broken,connection failed,2026-06-22T13:06:03+00:00
a5e83c11-51a9-4c6e-acd8-48e62782b8ae,200,1,1,295,Wix,Home | Mysite,good,,2026-06-22T13:06:03+00:00
4d657d60-cbe6-4e4f-b96d-4af3c39ce2c9,200,1,1,187,,"Coffee Roastery The-sn Anselmo - San Anselmo, CA | Menu &amp; Reviews | Foodeist",good,,2026-06-22T13:06:03+00:00
095737fc-244f-495e-b5f4-3c9c2dc08506,200,1,1,1987,Shopify,Les Lunes – durable women&#39;s fashion with comfort &amp; style,good,,2026-06-22T13:06:03+00:00
98a46c77-3c6d-4a07-ae40-655297ea54a8,200,1,1,1449,GoDaddy,Hai Duong Eden,good,,2026-06-22T13:06:03+00:00
a97e7d5d-356c-4b86-8a78-81f9305241d4,404,1,1,281,Wix,404 Error: Page Not Found,broken,,2026-06-22T13:06:03+00:00
3b840880-ce8d-4b9c-98c5-42741ffd40b1,200,1,1,724,GoDaddy,Mill Valley Coffee Shop,good,,2026-06-22T13:06:03+00:00
b2f62ef1-4019-4b5f-8f4a-2fbbba446cd7,202,0,0,117,,,weak,,2026-06-22T13:06:03+00:00
1a8189bb-6951-4b97-aff0-9e839e3f990e,0,0,0,23,,,broken,connection failed,2026-06-22T13:06:03+00:00
1b892d6e-c681-4253-b3f3-ab0831162212,200,0,1,567,,tullyscoffeeshops.com&nbsp;-&nbsp;tullyscoffeeshops Resources and Information.,weak,,2026-06-22T13:06:03+00:00
255a1e54-fab6-4edd-a507-07e8914a4728,200,1,1,2169,WordPress,The Ranch Water Bar &#8211; Ranch Water,good,,2026-06-22T13:06:04+00:00
838db872-bc1c-4bf3-8ac5-9355366b61c1,200,1,1,1003,,Home - Philz Coffee,good,,2026-06-22T13:06:04+00:00
7d1ef5fb-dfb0-49da-aca8-b32806f70fc1,0,0,0,107,,,broken,connection failed,2026-06-22T13:06:04+00:00
b3c2bd6f-f576-46f8-830b-587ced4950b1,200,1,1,474,Squarespace,Blue Anchor Building Company,good,,2026-06-22T13:06:04+00:00
7e1d70c2-1f1a-4c06-90f8-ac9f327ac3ec,0,0,0,228,,,broken,connection failed,2026-06-22T13:06:04+00:00
810e6585-dd96-4820-be98-14a714656d25,200,1,1,235,Squarespace,Millstreet Builders,good,,2026-06-22T13:06:04+00:00
27b504ae-ec00-4edb-9c56-be6112666418,0,0,0,301,,,broken,"ssl: HTTPSConnectionPool(host='www.simonsaysbuild.net', port=443): Max retries exceeded with url: / (Caus",2026-06-22T13:06:04+00:00
e8ddc46e-f42a-439e-a2e2-cf88dd55c69b,200,1,1,612,Wix,Crane Service | Ad-Lite Crane Service | Northern California,good,,2026-06-22T13:06:04+00:00
1b399e42-1cdf-496b-a05b-7d9a1f49bbee,403,1,0,138,,Access Denied,broken,,2026-06-22T13:06:04+00:00
d81dce9a-1506-49b9-ae70-dfa607162203,409,0,1,154,,DNS resolution error | www.bareescentuals.com | Cloudflare,broken,,2026-06-22T13:06:04+00:00
945c80a5-60ef-4b0b-ba0f-6cd2a871dc9b,200,1,0,653,,Stillwater Construction - Marin General Contractor,weak,,2026-06-22T13:06:04+00:00
f6143ca6-d0eb-4619-86e0-f14fcfb7701f,403,0,1,287,,Just a moment...,broken,,2026-06-22T13:06:04+00:00
c03e5d1b-fd7a-450f-821e-5f6508ca4105,0,0,0,53,,,broken,connection failed,2026-06-22T13:06:04+00:00
3ceba3da-2074-4406-af66-819c15ca6146,200,1,1,744,Shopify,Insight Editions,good,,2026-06-22T13:06:05+00:00
4b1dcbd2-6ef7-471d-8b13-3c81af7e1ba7,404,1,1,3142,,Rulli,broken,,2026-06-22T13:06:05+00:00
1e5ae9bf-2126-4134-88d6-383a75e631f0,200,1,1,554,Wix,Ronelias Daycare,good,,2026-06-22T13:06:05+00:00
40a00cd0-c609-4bd4-8abe-e87582550c56,200,1,1,229,,Linkin.bio,good,,2026-06-22T13:06:05+00:00
ebbc9c72-c974-4723-9e1b-609215d03cba,200,1,1,1869,WordPress,"Golden Gate Builders, Inc. &raquo; Mercury Avenue",good,,2026-06-22T13:06:05+00:00
0f7d7998-b6f8-4ad8-9df0-fe2c8da39035,200,1,1,1590,WordPress,Nestadu: Best ADU Builder &amp; Contractor in California,good,,2026-06-22T13:06:05+00:00
7bdef943-3a93-4aa7-9fbc-8c8543129ac7,200,1,1,787,,Waugh School District,good,,2026-06-22T13:06:05+00:00
6f6f1e2e-b2f1-452c-a71d-79e7ce72bca1,200,1,1,1553,WordPress,WEH General Builders - Home,good,,2026-06-22T13:06:05+00:00
028c9249-f792-486a-9100-c00e9c6bf242,404,0,0,233,,,broken,,2026-06-22T13:06:05+00:00
812876a7-120b-49c5-9d18-bd0f6df9ee1d,200,1,1,525,Squarespace,"Turning Point Spa | French Inspired Day Spa in Mill Valley, Marin CA",good,,2026-06-22T13:06:05+00:00
71a01441-9504-49c4-b9fe-0dc4072446f1,200,1,1,178,Webflow,"Rocky&amp;#39;s Quality Meats, Delicatessen Restaurant, 71 San Pablo Ave",good,,2026-06-22T13:06:06+00:00
93ca58a5-0724-45b9-96ae-2f9c70c51915,200,1,1,438,Squarespace,Belly Delicatessen,good,,2026-06-22T13:06:06+00:00
2fdc2e01-034b-4306-b011-cd71ab9a70c4,200,1,1,239,,Home - Salt-N-Pepper Sandwich &amp; Grill,good,,2026-06-22T13:06:06+00:00
f3897a2f-379f-4d78-9643-cf9369632558,200,1,1,147,Webflow,"Whale of A Deli, Delicatessen Restaurant, 997 Mesa Rd",good,,2026-06-22T13:06:06+00:00
85808535-b988-4ee8-b347-0c4106d13b01,200,1,1,272,,Websites | | urban-fresh-deli2,good,,2026-06-22T13:06:06+00:00
2e7ea13f-4c68-482f-8ff9-d75f657bd693,200,1,1,730,WordPress,Filming in San Rafael - San Rafael,good,,2026-06-22T13:06:06+00:00
3a4902ae-02c6-4ad0-9ca1-6e4f3d16246a,200,1,1,149,Webflow,"Lawson Evans Dds, Dentist, 1805 Novato Blvd Ste 4",good,,2026-06-22T13:06:06+00:00
db9827db-0880-4ed0-9734-2b197806fd47,200,1,1,454,,Dental Board of California,good,,2026-06-22T13:06:06+00:00
547bffca-dd0b-4f79-bfa3-7dfa4e60bb90,0,0,0,52,,,broken,connection failed,2026-06-22T13:06:06+00:00
b64faf99-67c1-4122-9952-1e5b4c037661,200,1,1,294,,Napa Sonoma Oral Surgery &amp; Dental Implants,good,,2026-06-22T13:06:06+00:00
0beda81c-3ea1-4890-bb4a-30b25e329d76,200,1,1,405,,Marin County Dental Society,good,,2026-06-22T13:06:06+00:00
6e924c15-d0dc-46ff-8103-517a68028815,200,1,1,395,GoDaddy,Dentist in Novato California | Modern Dentistry of Novato,good,,2026-06-22T13:06:06+00:00
731af46b-67df-4b97-a8ef-697b162fbf11,200,1,1,896,WordPress,Restaurant review: Moonlight Delicatessen a bright way to start day &#8211; Marin Independent Journal,good,,2026-06-22T13:06:06+00:00
831f7e4b-1078-4bb1-837b-c4ba56f34b06,202,1,0,160,,,weak,,2026-06-22T13:06:06+00:00
53a0ae0e-c440-430b-8793-6b375f5876df,200,1,1,356,,"Novato, CA Dentist | Dentist in Novato, CA | Ignacio, CA Dental Implants | Petaluma, CA Dental Crowns",good,,2026-06-22T13:06:07+00:00
ef2139ec-2002-47f3-8a4d-7deb85dd6192,200,1,1,485,GoDaddy,sansgapsdentalcare.com,good,,2026-06-22T13:06:07+00:00
d9c0f961-b258-4ba7-838d-2ee0e0c44386,200,1,1,315,,"Home - Dermatologist in Sonoma, CA | Sonoma Dermatology",good,,2026-06-22T13:06:07+00:00
81a07e12-7015-498a-9408-e097b3d7e644,200,1,1,887,,"Clark L Fong | San Rafael, CA",good,,2026-06-22T13:06:07+00:00
963f35dc-0765-44bf-ad29-d10731944d7b,200,1,1,8627,,"Best Places to Eat in Sausalito, CA | Ratings, Reviews &amp; Menus",weak,,2026-06-22T13:06:07+00:00
aea0da12-3c95-45db-ae0b-61197cc21730,200,1,1,224,Webflow,"The Canton, Real Estate, 951 LAKEVILLE ST",good,,2026-06-22T13:06:07+00:00
806f233a-a487-42af-bc9c-d9d0e8aceacf,403,1,1,247,,Just a moment...,broken,,2026-06-22T13:06:07+00:00
e440a6b5-2a25-4e6e-bc0e-b7514228ee46,200,1,1,1502,,"Petaluma Dentist: Petaluma Orthodontics, Dentist Petaluma, Dentists, Dental Care Group",good,,2026-06-22T13:06:07+00:00
7217b600-9897-4e4c-8f8d-1a2d613dceea,404,1,0,354,Squarespace,Squarespace - Website Expired,broken,,2026-06-22T13:06:07+00:00
d1ffc1b8-6322-458e-8c5b-4a6ca27f0e09,0,0,0,107,,,broken,connection failed,2026-06-22T13:06:07+00:00
f5756838-62e5-4b4f-9959-4b1de6df4d8e,200,0,0,236,,One World Surf Designs - Juan Rodriguez,weak,,2026-06-22T13:06:08+00:00
ea867d9c-da8e-451a-93a1-2d7acbc6e784,200,1,1,640,GoDaddy,"Dog Trotters with Love / Small &amp; Medium Dogs! Dog Walking Group! All sizes! Licenced Bonded and Insured! Overnight Pet Sitting. Central San Rafael, Terra Linda, Marinwood, Sanselmo. Very loving Do",good,,2026-06-22T13:06:08+00:00
039116e2-705e-437c-9908-3fe643d3d514,404,1,0,810,,,broken,,2026-06-22T13:06:08+00:00
5176a588-8dd8-4a6d-9b0c-40c1506dd14a,200,1,1,1660,WordPress,"Dentist in San Rafael, CA | Suzie Yang DDS",good,,2026-06-22T13:06:08+00:00
7396b1b7-d2ff-4765-8fd3-91ce8bbcf99f,0,0,0,8121,,,broken,TooManyRedirects: Exceeded 30 redirects.,2026-06-22T13:06:08+00:00
04e64df7-d6f3-427f-8bbe-34135ba8f1cb,200,1,1,272,,"Petaluma News, Breaking News in Petaluma, CA",good,,2026-06-22T13:06:08+00:00
369db94b-5070-4384-b8f8-2b2ee84c8a26,404,0,1,551,,404 Not Found,broken,,2026-06-22T13:06:08+00:00
13fb9433-37fb-4702-b8ad-5e9ceb59335e,200,0,1,658,,Contact Verification Suspension Page,weak,,2026-06-22T13:06:08+00:00
32bc718c-c87d-46e5-994f-e3e119c55039,404,1,1,365,Squarespace,"404 &mdash; UCCR United Camps, Conferences, Retreats",broken,,2026-06-22T13:06:09+00:00
565b61d2-1a6d-4143-9f9c-6464b8ccedd3,200,1,1,3868,WordPress,Bianchini&#039;s Salad &amp; Sandwiches &#8211; The Sandwich &amp; Salad Market,good,,2026-06-22T13:06:09+00:00
3cb1d969-c668-44f7-82e6-c8214e937250,200,1,1,1506,WordPress,Nova Albion,good,,2026-06-22T13:06:09+00:00
c9612db6-d6f0-4549-a658-70c78efda74f,200,1,1,2505,WordPress,Home | Bay K9 Dog Training,good,,2026-06-22T13:06:10+00:00
81eaeb6e-5e51-4df0-b9e1-9760907d0b12,200,1,1,299,Squarespace,Trailhead Marin Flex Office Spaces,good,,2026-06-22T13:06:10+00:00
bfd8e8f5-491d-495f-bbea-9e4855c378a5,404,1,1,1803,,Ничего не найдено для San Francisco Tourist Attractions Sightseeing Poi Montgomery Memorial Chapel 735982,broken,,2026-06-22T13:06:10+00:00
02885340-aa33-4077-9b7b-6521821a2c94,200,1,1,135,,"Wendy&#039;s® | Home of Fresh, Never Frozen Beef Since 1969",good,,2026-06-22T13:06:10+00:00
589b3d6b-aee3-47a9-bd1b-84bc5bb8c348,0,0,0,15163,,,broken,connection failed,2026-06-22T13:06:10+00:00
3c0d9e88-9d36-410c-8636-cf373f5ac313,404,0,0,267,,,broken,,2026-06-22T13:06:10+00:00
70eda0ce-eac9-4f64-be97-21e65bff496c,200,0,0,274,,Our Best Friends: Gifts for Pets and Their People,weak,,2026-06-22T13:06:10+00:00
0d43384f-f5ce-4dca-8b60-733de34b2612,0,0,0,143,,,broken,connection failed,2026-06-22T13:06:10+00:00
02b7bcd1-cf1a-490a-afc1-4d2806d42ea6,404,1,1,1797,,Ничего не найдено для San Francisco Practical Information Poi Old St Hilary S Landmark 814794,broken,,2026-06-22T13:06:10+00:00
051dc90f-2f72-4dad-bbee-39d74a7fdf1a,200,1,1,858,,Baja Fresh #,good,,2026-06-22T13:06:10+00:00
78dfdcdd-5aee-49af-9963-bac2575b30f8,200,0,0,154,,,weak,,2026-06-22T13:06:10+00:00
aaf93168-235b-48de-80eb-b589e17421ba,200,1,1,420,WordPress,Home - Dairy Delivery,good,,2026-06-22T13:06:10+00:00
fc1eb4db-aac6-4fe8-ae21-d1185f60828b,200,1,1,3419,WordPress,Puppyluv Academy &#8211; Puppyluv Academy,good,,2026-06-22T13:06:11+00:00
3948c8ca-176b-4b44-8943-526f1650753f,0,0,0,189,,,broken,connection failed,2026-06-22T13:06:11+00:00
53ef0ef1-a72c-4976-b373-adcb072b71dc,200,1,1,607,Shopify,Store Hours &amp; Locations | Park Store &ndash; PARK STORE,good,,2026-06-22T13:06:11+00:00
5cb1206a-acff-4a42-bcb9-62635fb13b10,200,1,1,346,Squarespace,.,good,,2026-06-22T13:06:11+00:00
417fb916-426d-4713-9d8c-26af534ce499,403,0,1,252,,System Error | Kirkland's Home,broken,,2026-06-22T13:06:11+00:00
756e99a7-5585-4a73-93a0-ca94f3b0102b,200,1,1,467,Squarespace,CUSTOM FURNITURE DESIGN | THOMAS FETHERSTON,good,,2026-06-22T13:06:11+00:00
fb7104e9-031c-4204-b15a-100cb0f5a5b9,200,1,1,2155,WordPress,Seven Branches Venue And Inn - Seven Branches Venue And Inn,good,,2026-06-22T13:06:11+00:00
ed330cc3-814d-4c75-8433-492fb8e1246f,429,1,1,208,,Vercel Security Checkpoint,broken,,2026-06-22T13:06:11+00:00
4f3598f8-839a-4d7d-af13-3d45abb505fc,200,1,1,433,Shopify,"Pier 1: Home Decor, Indoor &amp; Patio Furniture",good,,2026-06-22T13:06:11+00:00
6aa742e1-5928-42a1-afab-f6f80f07e40a,500,1,0,712,,,broken,,2026-06-22T13:06:11+00:00
d950711b-5572-4264-916c-1a9d38d0cff6,404,1,1,312,Shopify,404 Not Found &ndash; Tuesday Morning,broken,,2026-06-22T13:06:11+00:00
4cbaa208-1603-4041-aad5-898b6c18710a,200,0,0,174,,,weak,,2026-06-22T13:06:11+00:00
aa7215ca-8f02-4409-9053-2cb52abd70a0,200,1,1,465,WordPress,"(Recommended) One of the best dentists in Mill Valley, CA",good,,2026-06-22T13:06:11+00:00
3d9967ff-86fb-48b1-bce0-fdb407e6c291,200,0,0,72,,,weak,,2026-06-22T13:06:12+00:00
670d4042-8153-4212-8b07-b28e25876ea5,0,0,0,15223,,,broken,connection failed,2026-06-22T13:06:12+00:00
f94b9e2c-e305-4b2e-bda2-09ffa0edf6cb,200,1,1,501,Weebly,Welcome,good,,2026-06-22T13:06:12+00:00
bbb4e4bc-24d6-494d-83b1-3bbe588dfa4c,404,1,1,717,Squarespace,BSF,broken,,2026-06-22T13:06:12+00:00
59f31585-e03e-4835-a5dd-913dd8491f23,200,1,0,200,,,weak,,2026-06-22T13:06:12+00:00
4ffcd5a4-b01b-42e7-a281-c5e902c04cf9,200,1,1,146,Webflow,"The Strike Zone, Softball Batting Range, 1205 Grant Ave",good,,2026-06-22T13:06:12+00:00
9ee0ca47-4ca5-482b-9d29-e6f630349ad4,200,1,1,558,,"Dentist in Sonoma, CA, Cosmetic and Family Dentistry 95476",good,,2026-06-22T13:06:12+00:00
cd0104d2-4a23-4962-b052-5bc9962899d5,0,0,0,184,,,broken,"ssl: HTTPSConnectionPool(host='lunadexelajurestaurant.com', port=443): Max retries exceeded with url: / (",2026-06-22T13:06:12+00:00
b92534ce-5f70-434a-949c-efcc3d2fe256,403,1,1,273,,Just a moment...,broken,,2026-06-22T13:06:12+00:00
3f3cfe83-aa58-4597-9ac2-812a88be6bb9,200,0,1,455,,GBC Fitness,weak,,2026-06-22T13:06:12+00:00
e86c845f-b46a-45b7-9154-0c8a0d6eb80c,200,1,1,1148,,"Novato Dentist | Jennifer I. Dole DDS | Dental Care Novato, CA 94945",good,,2026-06-22T13:06:12+00:00
06274413-6d8e-498d-b663-a84f6a800cab,403,1,0,632,,Access Denied,broken,,2026-06-22T13:06:12+00:00
29ac13eb-76cd-43d9-b786-1cab81453676,200,1,1,314,Squarespace,Soma Aquatics Foundation,good,,2026-06-22T13:06:12+00:00
c52e81e6-5c0e-4f32-bdff-bfc230443019,200,1,1,646,WordPress,Presidio Community YMCA | YMCA of Greater San Francisco,good,,2026-06-22T13:06:12+00:00
eb78be8a-6d62-49cf-9b05-6bb20df1d601,0,0,0,800,,,broken,connection failed,2026-06-22T13:06:12+00:00
2ebf0457-0d2c-46bf-b732-572112cb930f,404,0,0,461,,,broken,,2026-06-22T13:06:13+00:00
99ea6734-0636-437f-912b-e516f8b6b65e,404,1,1,294,,"Shooting.org - Ranges, FFL Dealers, Gun Laws, Reviews, and More",broken,,2026-06-22T13:06:13+00:00
e431d8c1-5cca-47aa-adde-5698d284b157,200,1,1,668,WordPress,Group Fitness Classes &amp; Heart Rate-Based Interval Training,good,,2026-06-22T13:06:13+00:00
9cc238c6-02cc-47d7-a912-33a7d82aabf6,200,1,1,625,,San Rafael Little League > Home,good,,2026-06-22T13:06:13+00:00
a3d99165-606d-4a4a-85bf-3f1a1e39b080,200,1,1,429,Wix,Personal Training And Sports Performance | Train2change Fitness &amp; Performance,good,,2026-06-22T13:06:13+00:00
44cdc1b6-5334-4594-b081-df8ef788d8f2,403,0,0,745,,403 - Forbidden: Access is denied.,broken,,2026-06-22T13:06:13+00:00
e164e2a2-3eb2-45d7-aa59-d049c20ebb7e,200,1,1,499,Wix,"Strictly Fitness | Petaluma, Ca",good,,2026-06-22T13:06:13+00:00
8a04b908-c08e-466a-ac46-c1660c396d82,0,0,0,102,,,broken,connection failed,2026-06-22T13:06:13+00:00
62bb5aab-67a0-4fec-85e6-3fa284c64537,200,1,1,145,,YMCA of the USA - A Leading Nonprofit Organization,good,,2026-06-22T13:06:13+00:00
e675999b-fa1f-4e55-827d-c4b44f9e4300,200,0,0,109,,,weak,,2026-06-22T13:06:13+00:00
55d68652-2fa9-4f46-bff6-b2c5cd032d76,403,1,0,176,,,broken,,2026-06-22T13:06:13+00:00
29bef3eb-db90-4072-865c-0c85a5807225,200,1,1,179,,Diomys Hair Salon,good,,2026-06-22T13:06:13+00:00
07929aab-b354-4606-8415-7ca6fa746b62,404,0,0,246,,,broken,,2026-06-22T13:06:13+00:00
362d41f9-6405-4a9a-80a7-352fa16cbc52,403,1,0,59,,,broken,,2026-06-22T13:06:14+00:00
257569d5-8d59-4b1a-8c56-8da58c973b40,0,0,0,44,,,broken,connection failed,2026-06-22T13:06:14+00:00
10c304e3-fd0e-4fed-ad4e-51ea594fd9b0,200,1,1,370,Squarespace,Elise Armeen Salon,good,,2026-06-22T13:06:14+00:00
f20f8eb6-f067-4322-a040-9c4c846fe2f7,200,1,1,147,Webflow,"Ll Hair Designs, Beauty Salon, 5 Keller St Ste B",good,,2026-06-22T13:06:14+00:00
587902ad-6804-4eb1-b3ba-c0c9c75e903e,404,1,1,771,,404 - Page not found,broken,,2026-06-22T13:06:14+00:00
cd0f9ce2-da24-45b9-8073-3dc1116aeedd,200,0,0,93,,,weak,,2026-06-22T13:06:14+00:00
3810049f-9bb4-467a-9c21-02d5ae074cb0,200,1,1,537,Wix,Home | Hair Vortex,good,,2026-06-22T13:06:14+00:00
7ad7cd5e-53b5-4fca-9a5c-718ea7e9a60d,0,0,0,15284,,,broken,connection failed,2026-06-22T13:06:14+00:00
fdefbc77-9754-45f6-9d13-3642908e1836,0,0,0,15,,,broken,connection failed,2026-06-22T13:06:14+00:00
21217ee9-de6b-4c7d-8845-91b17c500360,200,0,1,409,,"Nazzi Hair Salon Santa Rosa, CA | Hair Growth Treatment Larkspur",weak,,2026-06-22T13:06:14+00:00
2aa0604a-63ed-4842-853d-94f0b71ac5f5,200,1,1,244,WordPress,Park Place Salon,good,,2026-06-22T13:06:14+00:00
638c9b3e-5bd0-490f-b6cc-e9ddb6dc11e7,0,0,0,59,,,broken,connection failed,2026-06-22T13:06:14+00:00
30d926ab-843a-43ea-abb3-cecf511ef566,200,1,1,149,Webflow,"Salon Mirsa, Beauty Salon, 87 Larkspur St",good,,2026-06-22T13:06:14+00:00
48337fa7-4d6e-4917-ade9-5d56d2f8e948,0,0,0,72,,,broken,connection failed,2026-06-22T13:06:14+00:00
abf94be5-6d79-4149-a677-69f7fdab7981,0,0,0,13,,,broken,connection failed,2026-06-22T13:06:14+00:00
4c893064-75bc-400c-b85a-961394fa645e,202,1,0,342,,,weak,,2026-06-22T13:06:15+00:00
ff987f8a-910a-48d8-ac71-0446f1ae36b1,200,1,1,148,,Checking your browser before redirecting.,good,,2026-06-22T13:06:15+00:00
9ba6e2c8-22ed-48d2-8d4a-ec6c1c384325,200,1,1,328,,"Home Page for Keith Obrien Hair Design, Petaluma, CA",good,,2026-06-22T13:06:15+00:00
734e754d-6156-4896-bcd5-ffaa1faf8208,0,0,0,140,,,broken,connection failed,2026-06-22T13:06:15+00:00
b69171e8-2a64-4c5a-8682-e9269c752f8b,200,1,1,755,Wix,Home | Salon Coiffe Maman,good,,2026-06-22T13:06:15+00:00
ed127fa3-4df0-43c6-8ea2-2bdecc15c36c,0,0,0,129,,,broken,connection failed,2026-06-22T13:06:15+00:00
cd6c131c-eed5-4865-8633-8d41f3ee3d37,200,1,0,5061,,Index of /,weak,,2026-06-22T13:06:15+00:00
668f6b53-6b8d-4a5f-87b0-64173a624255,403,1,0,203,,bestwestern.com,broken,,2026-06-22T13:06:15+00:00
36fc4b3c-3f93-41bb-8e8f-0aaeec01be95,200,1,1,316,,Luxury Hotel in Downtown San Diego | InterContinental San Diego,good,,2026-06-22T13:06:15+00:00
42b7fe83-b55f-4743-afb6-5d404c3384f2,200,1,1,1682,Wix,MBS Salon | Luxury Hair Extensions in Mill Valley,good,,2026-06-22T13:06:15+00:00
5f044690-fd86-41df-8c1d-c615d141f35f,0,0,0,116,,,broken,connection failed,2026-06-22T13:06:15+00:00
4c2ceef3-e353-4062-b1c7-90accf5803fd,0,0,0,142,,,broken,connection failed,2026-06-22T13:06:15+00:00
4733775b-2dd1-44a0-b5ad-5ea483050e05,200,1,1,507,Wix,"HOME | Carrie Durham - We Design Interiors I Marin County, California",good,,2026-06-22T13:06:16+00:00
00f4a032-68d4-4479-a126-78afbc040de1,200,1,1,852,,"The Evergreen - Top Hotel in Corte Madera, CA",good,,2026-06-22T13:06:16+00:00
ea51ef95-fe8e-47e6-a22d-5311c9c49608,200,1,0,922,,Ashoka Indian Cuisine | Indian Food Order Online Pleasanton CA,weak,,2026-06-22T13:06:16+00:00
616a9e07-7801-49a6-aa0e-bb39ed3f8e8d,0,0,0,10013,,,broken,connection failed,2026-06-22T13:06:16+00:00
9e95f4bd-5c42-44fd-9c59-634fc5df32c1,409,0,1,132,,DNS resolution error | www.caffegiostrapetaluma.com | Cloudflare,broken,,2026-06-22T13:06:16+00:00
cf3b2feb-320c-43ec-b335-f89fb5c10fb5,404,1,1,442,Wix,,broken,,2026-06-22T13:06:16+00:00
f13db779-61e8-4014-866d-85d9c599042b,200,0,1,1650,WordPress,Let&#039;s Be Frank &#8211; Organic Farm-Raised Dogs,weak,,2026-06-22T13:06:16+00:00
75f71265-17fc-4879-b040-86275f238c10,0,0,0,109,,,broken,connection failed,2026-06-22T13:06:16+00:00
5b5ad9ae-e07b-443c-ae52-b006922e4f92,0,0,0,145,,,broken,connection failed,2026-06-22T13:06:16+00:00
ca3e8321-be5c-44d8-a0e8-7bf98a53eff2,0,0,0,103,,,broken,connection failed,2026-06-22T13:06:16+00:00
92d6beae-8fbe-4f37-b274-87f853ea1d38,200,1,1,1421,WordPress,Professional Business Solutions | Empowering Your Growth,good,,2026-06-22T13:06:17+00:00
0f6ec2d6-2626-43c8-a296-96bb1783a516,200,1,1,233,WordPress,Volpi's | Ristorante &amp; Bar,good,,2026-06-22T13:06:17+00:00
ee25f612-1fbb-4694-8742-3dd86d801b6e,404,1,0,458,,,broken,,2026-06-22T13:06:17+00:00
b21d2dc6-c765-48af-bd3b-01ad22ae421c,200,1,1,647,Wix,3242 Scott Street | Marina Location,good,,2026-06-22T13:06:17+00:00
60aac45e-9028-461b-b574-6832bc22b480,0,0,0,19,,,broken,connection failed,2026-06-22T13:06:17+00:00
16c4941f-4028-4957-b582-ae05540e98dc,0,0,0,116,,,broken,connection failed,2026-06-22T13:06:17+00:00
6e117eb5-e402-4247-9951-a4f4655624bd,200,1,1,396,Wix,Elixir Jewelry | Handmade Jewelry | Modern Amulets | Bespoke Jewelry | Healing Gemstone Jewelry,good,,2026-06-22T13:06:17+00:00
487b242d-18eb-42ba-9933-16d0d8415fa6,402,1,1,558,Shopify,Store unavailable,broken,,2026-06-22T13:06:17+00:00
d203adc3-8353-4ef3-978a-a3eb1d7572e2,0,0,0,110,,,broken,connection failed,2026-06-22T13:06:17+00:00
206487db-73d9-4947-af2d-3e968f69022a,200,1,1,342,,"Metro by T-Mobile®: Prepaid Phone Plans, Devices &amp; More",good,,2026-06-22T13:06:17+00:00
e02c8647-f391-4d21-9795-54567d2747f1,200,1,1,3732,WordPress,"Hair Salon Novato, CA",good,,2026-06-22T13:06:17+00:00
b2729140-1125-4b10-96ce-01db7d4d300f,200,1,1,1774,Wix,"Danmeier Waldorf Architects | Novato, CA | Serving Bay Area HOA's for over 50 years | Architectural Design | Waterproofing &amp; Forensics | SB-326 Balcony Inspections | Project Management",good,,2026-06-22T13:06:18+00:00
d55e8a2a-d026-47e9-8215-79f0c9ee042c,200,1,1,383,,,good,,2026-06-22T13:06:18+00:00
69fbc86f-8b0f-44a6-9c82-d1e4a64f43f1,200,1,1,464,Squarespace,Farnsworth Landscaping,good,,2026-06-22T13:06:18+00:00
7843881c-dbaa-4cec-9652-61047dac086e,200,1,1,210,,United States Park Police (U.S. National Park Service),good,,2026-06-22T13:06:18+00:00
2030583f-1fb6-43d7-88a8-a2294c4a6257,200,1,0,1132,,Key Copy Kiosk | KeyMe,weak,,2026-06-22T13:06:18+00:00
53318143-a9ad-4d37-bbf3-aa3ac069e747,200,0,0,460,,,weak,,2026-06-22T13:06:18+00:00
607a037e-2584-45d6-b13d-d1d8f6cf94a0,0,0,0,85,,,broken,connection failed,2026-06-22T13:06:18+00:00
ed65f2dd-9263-48f9-a3be-67263a0bebdf,200,1,1,560,Squarespace,Bradanini &amp; Associates,good,,2026-06-22T13:06:18+00:00
f41ffcec-6af8-47f4-bc6a-c9c4097ed27f,404,1,1,1421,,Ничего не найдено для San Francisco Museums Galleries Poi Meadowlark Gallery 243996,broken,,2026-06-22T13:06:18+00:00
248862bc-c3c4-4030-a98a-efe5b44a8ed0,0,0,0,114,,,broken,connection failed,2026-06-22T13:06:19+00:00
cf29c066-37ad-4018-84cc-107b82106f51,0,0,0,11,,,broken,connection failed,2026-06-22T13:06:19+00:00
1bf9ba59-4991-4e2e-9a33-2748d9e9dab3,200,1,1,377,Wix,"Valley of the Moon Taekwondo | Taekwondo | Sonoma, CA, USA",good,,2026-06-22T13:06:19+00:00
0b538f5e-3ca8-4411-913d-1239ca39984e,200,1,1,520,Wix,"Sonoma Jiu Jitsu | Inclusive Jiu Jitsu in Sonoma County | 1818 La Plaza Suite 106, Cotati, CA, USA",good,,2026-06-22T13:06:19+00:00
bfe71d21-969e-4496-b6fb-e60234e3cf65,200,0,1,256,,"John Tacchi, CMT",weak,,2026-06-22T13:06:19+00:00
bfe13102-c5f4-44f7-8a9a-85b8b92cde88,200,0,1,1075,WordPress,Conservation times &#8211; Capturing heartbeat of nature,weak,,2026-06-22T13:06:19+00:00
2472e1a1-1122-4883-8031-40db57a95ccf,0,0,0,110,,,broken,connection failed,2026-06-22T13:06:19+00:00
443e858d-c026-4689-b8e2-57edb295a130,200,1,1,547,,Bootstrap Example,good,,2026-06-22T13:06:19+00:00
48a53ea0-ca5c-4ca0-889a-1046a3cc8b3c,410,1,0,274,,,broken,,2026-06-22T13:06:19+00:00
fb44a1bf-7bd7-4a4b-999d-d4259f193a4f,200,0,0,144,,Redirecting...,weak,,2026-06-22T13:06:19+00:00
6fabf3db-902f-475a-9d37-486db5d1c4e9,200,1,1,1089,WordPress,Petaluma Karate Club &#8211; Karate for all ages and skills!,good,,2026-06-22T13:06:19+00:00
aa0e587d-2655-4177-9e5e-1a8c6a137051,0,0,0,7092,,,broken,InvalidURL: No host specified.,2026-06-22T13:06:20+00:00
ac4a9934-3285-4f7c-9232-205a9db74e33,404,1,1,483,Wix,404 Error: Page Not Found,broken,,2026-06-22T13:06:20+00:00
74780cf1-ead3-4f9b-a492-57f328d61c18,200,1,1,432,,"Shop Men's Dress Shoes, Casual Shoes, Sandals &amp; Boots | Florsheim Shoes",good,,2026-06-22T13:06:20+00:00
001bd2f1-11b5-487e-a4bf-d6631320d369,0,0,0,644,,,broken,connection failed,2026-06-22T13:06:20+00:00
b689e386-6985-467b-996a-fd27c99b5e3c,200,1,1,176,,"Couples PaintnSip at Gourmet Taco Shop Tickets, Saturday, February 7 • 5 PM - 8 PM | Eventbrite",good,,2026-06-22T13:06:20+00:00
39716d01-c486-4e16-aca5-2e043c6cec51,403,0,1,97,,Just a moment...,broken,,2026-06-22T13:06:20+00:00
571b50a8-8daa-46fb-a942-1a842b854bb8,200,1,1,522,,Home - El Gallo Taqueria,good,,2026-06-22T13:06:20+00:00
b6f23001-dd67-4012-a06f-30092430b61c,200,1,1,2785,,Boughton Landscaping LLC,good,,2026-06-22T13:06:20+00:00
425664e4-f5c5-4c3c-9556-64432692e3a9,200,1,1,255,,La Salsa Fresh Mexican Grill,good,,2026-06-22T13:06:20+00:00
b88c3170-e257-4262-8a2c-fe023c5f9e9e,200,1,1,470,,Mexican Food Sonoma Best Mexican Restaurant 5th Street Restaurants,good,,2026-06-22T13:06:20+00:00
c228e19d-c111-4930-bb74-09c914868ec7,200,1,1,649,,Websites | | high-tech-burrito-danville2,good,,2026-06-22T13:06:20+00:00
5feba53d-b3e8-4a4c-8c4d-064f7ca70db3,200,1,1,749,,Websites | | high-tech-burrito-danville2,good,,2026-06-22T13:06:20+00:00
6074de3c-f3d6-4d66-bb52-34434305ea0d,200,0,1,1309,WordPress,"Valley Haven Massage &amp; Yoga Center - Lagunitas, CA (415) 250-2002",weak,,2026-06-22T13:06:20+00:00
aa5555c4-e95d-4a40-9c3c-40af3970c55f,0,0,0,112,,,broken,connection failed,2026-06-22T13:06:20+00:00
e90cc476-bdbf-41c3-a941-4d57cf33c0d7,404,0,0,126,,404 Not Found,broken,,2026-06-22T13:06:20+00:00
500e0b8a-276e-44f6-8c07-1497b2f94ad9,0,0,0,157,,,broken,connection failed,2026-06-22T13:06:21+00:00
af8be0f5-1047-4358-a144-fc8d6de49bee,200,1,1,158,Webflow,"Taquiera Bahia, Restaurant, 1013 B St",good,,2026-06-22T13:06:21+00:00
67ad2fed-99e7-4556-a23e-204aeabf29e1,200,1,1,525,,Convento de Sant Rafael - Monasterios,good,,2026-06-22T13:06:21+00:00
082f15ce-5c90-4151-9940-b737d4dc1be6,200,1,1,161,Webflow,"Taqueria MI Familia, Mexican Restaurant, 580 Red Hill Ave",good,,2026-06-22T13:06:21+00:00
5d4b5412-97d0-4c28-bb33-d24e28991313,200,1,1,330,WordPress,Taqueria y Pupuseria El Torogoz,good,,2026-06-22T13:06:21+00:00
7b6df780-7385-46cb-bbe3-cec598ddc624,200,1,1,259,,El Farolito — San Francisco&#39;s Legendary Taqueria,good,,2026-06-22T13:06:21+00:00
e4f1bd0d-1dce-4c03-bf4f-eb98599ec5eb,0,0,0,129,,,broken,"ssl: HTTPSConnectionPool(host='tortillareal.com', port=443): Max retries exceeded with url: / (Caused by ",2026-06-22T13:06:21+00:00
09b6999f-a1c5-47d5-8869-5c7fea3312e5,200,1,1,586,,"Sonora Market &amp; Taqueria - San Rafael, CA | Hours, Reviews, and Ratings | Mexican | NetWaiter",good,,2026-06-22T13:06:21+00:00
9fe20171-7538-49c3-a4c8-6ad667ff9376,200,1,1,260,GoDaddy,AmericanEquityMortgage.com is for sale | HugeDomains,good,,2026-06-22T13:06:21+00:00
c0710106-1b5a-415b-8103-1b0fa2afddff,403,0,0,508,,403 Forbidden,broken,,2026-06-22T13:06:21+00:00
fce3d6ee-1789-464d-8b04-ffa0285ee40e,200,0,0,872,,,weak,,2026-06-22T13:06:21+00:00
1397d565-05ac-4785-b108-ea848bbe34d3,404,0,0,326,,,broken,,2026-06-22T13:06:21+00:00
a6217067-d27a-4b62-89ca-3cf0df888a53,200,1,1,457,,California Board of Barbering and Cosmetology,good,,2026-06-22T13:06:21+00:00
13cdd457-f391-4ef6-8ed4-28648d82a741,200,1,1,381,Squarespace,"Studio 4 Art - Art Classes, Camps, and Creative Studio For Kids in Marin",good,,2026-06-22T13:06:22+00:00
e354fc4d-35ee-41e7-8fce-fdf5531a926a,403,1,0,38,,,broken,,2026-06-22T13:06:22+00:00
e9149a1d-6250-40c9-a418-8bd844f218b8,200,1,1,688,WordPress,Best Hair Salon in Midtown Manhattan | MK Hair Salon for Men &amp; Women,good,,2026-06-22T13:06:22+00:00
7b16b416-36cf-4990-b81e-175e45d6b862,403,1,0,320,,,broken,,2026-06-22T13:06:22+00:00
2c814dd8-0c75-402c-8b69-03d572be62e6,200,1,1,156,Webflow,"Dynasty Nail Care, Manicurists, Pedicurist, 522 Alameda Del Prado",good,,2026-06-22T13:06:22+00:00
ba6c6e7b-4d4b-4707-b16a-ae93c9417f1b,200,0,1,1335,WordPress,MSS Marketing &#8211; Real Relations. Real Results.,weak,,2026-06-22T13:06:22+00:00
dbfd3a2d-ab6d-45b1-abc0-de7a60be230d,403,1,0,56,,,broken,,2026-06-22T13:06:22+00:00
875a945e-684f-4311-8ce1-5ffa8bbad1da,403,1,0,30,,,broken,,2026-06-22T13:06:22+00:00
4adfc8ee-57c2-42e1-81d2-223b63d835cb,0,0,0,927,,,broken,"ssl: HTTPSConnectionPool(host='digitdesign.net', port=443): Max retries exceeded with url: / (Caused by S",2026-06-22T13:06:23+00:00
092f9bf8-722b-4a39-a559-1230130bca93,200,1,1,172,Webflow,"K &amp;amp; K Nails, Manicurists, Pedicurist, 256 Shoreline Hwy",good,,2026-06-22T13:06:23+00:00
766b8f4b-33e0-4f9b-bc47-74152f275e08,200,1,1,3476,WordPress,Mexican Restaurant | Larkspur | BurritoVille Mex Food,good,,2026-06-22T13:06:23+00:00
220659b2-dcfc-4e73-b8dd-2b9d591f6a38,403,1,0,155,,,broken,,2026-06-22T13:06:23+00:00
0683ef12-aa44-4765-afb5-588dafd08bf3,403,1,0,53,,,broken,,2026-06-22T13:06:23+00:00
640d80c7-57ae-4474-b6ad-9eb9a4519f04,404,0,0,291,,,broken,,2026-06-22T13:06:23+00:00
02f580ba-eeaa-44a2-af11-53f2f0a0cea7,0,0,0,15448,,,broken,connection failed,2026-06-22T13:06:23+00:00
9787ca2b-af31-427b-9e0c-4c296d4d2d53,200,1,1,1346,WordPress,"Booking &#8211; Nail Salon 94904 | FINGERS AND TOES | Greenbrae, CA 94904",good,,2026-06-22T13:06:23+00:00
5f680f77-4bbd-41e8-86f9-f3e5fb680c02,204,1,0,243,,,weak,,2026-06-22T13:06:23+00:00
d1b853f7-4e31-4288-adde-4bca6dc3e2f3,0,0,0,186,,,broken,"ssl: HTTPSConnectionPool(host='manipedinailspa.net', port=443): Max retries exceeded with url: / (Caused ",2026-06-22T13:06:23+00:00
6b529ce7-087d-46e9-8262-44ce5df33fc1,0,0,0,55,,,broken,connection failed,2026-06-22T13:06:23+00:00
54baa958-9942-408d-a44c-1b9a95323bcb,200,1,1,127,Webflow,"Sunshine Nail, Manicurists, Pedicurist, 2408 Sir Francis Drake Blvd",good,,2026-06-22T13:06:24+00:00
44c515a9-a078-4b7b-8b6a-f547dd0f0978,200,0,1,318,,Maxwell Nails Salon Sonoma,weak,,2026-06-22T13:06:24+00:00
e69a429b-2625-4224-a57b-437377091fa6,200,1,1,1882,,get the offer,good,,2026-06-22T13:06:24+00:00
87f93eb9-8316-4656-a2c6-6c678b4182e4,0,0,0,113,,,broken,connection failed,2026-06-22T13:06:24+00:00
f4910544-9c0c-451c-b1d3-220b46fc64cb,0,0,0,38,,,broken,connection failed,2026-06-22T13:06:24+00:00
78a6066f-7c23-455c-b41e-f6160f1aee80,200,0,0,110,,NameBright - Domain Expired,weak,,2026-06-22T13:06:24+00:00
6a496109-b419-4bad-b206-abc7ae8f7cd5,200,1,1,629,GoDaddy,Buy sophiesnailspasananselmo.com – Premium Expired .com Domain on GoDaddy | ExpiredDomains.com,good,,2026-06-22T13:06:24+00:00
8aeb8b73-2bef-4c02-9516-2d3dbc1b7ffc,0,0,0,41,,,broken,connection failed,2026-06-22T13:06:24+00:00
7f00a87d-8686-400e-8f76-5819f8766d82,200,0,1,409,,USNailSpa.com for sale | Spaceship.com,weak,,2026-06-22T13:06:24+00:00
62c5bf25-9d5c-4ef2-be02-85f888ff454a,0,0,0,15143,,,broken,connection failed,2026-06-22T13:06:24+00:00
35eacf11-276e-4545-bfd0-517a84df37f9,202,1,0,112,,,weak,,2026-06-22T13:06:24+00:00
09892c80-8a3b-4362-924c-d1b5506cf860,200,1,1,573,,Eye Doctors in Novato | Marin Eye Care Optometry,good,,2026-06-22T13:06:24+00:00
554ceedd-03c7-471d-bc32-96e3fbe7c4bf,200,1,1,681,Squarespace,Schedule Appointment with Virgo Varnished Nails,good,,2026-06-22T13:06:24+00:00
c905644c-810f-4921-8ddc-4af13cdd137c,202,1,0,365,,,weak,,2026-06-22T13:06:24+00:00
0cd2d5d3-ac5f-48b0-a893-06055062cf38,200,0,0,1156,,Home - Motherhood Nails Spa,weak,,2026-06-22T13:06:24+00:00
e9f9b269-62e2-43e2-aa71-6070e65c302c,200,0,0,157,,,weak,,2026-06-22T13:06:24+00:00
7340cc6f-9dae-416e-9eeb-2f9818655140,200,0,0,107,,,weak,,2026-06-22T13:06:24+00:00
70a35925-03c5-478f-8960-8fb5e7b958fb,0,0,0,101,,,broken,connection failed,2026-06-22T13:06:25+00:00
b219abb0-e500-4b59-a2e5-3c4b7776cb24,403,1,1,472,,Just a moment...,broken,,2026-06-22T13:06:25+00:00
46fd2c4d-f7d6-48ba-b1a0-83d9ebc42225,200,1,1,476,,"Petaluma Termite &amp; Pest Control, Exterminators - Terminix",good,,2026-06-22T13:06:25+00:00
899dca63-058a-4365-a026-849cbe528a93,0,0,0,50,,,broken,connection failed,2026-06-22T13:06:25+00:00
951b4910-d7d6-4ef7-a3b9-9a50e9526f0b,200,1,1,323,,Groomingdales,good,,2026-06-22T13:06:25+00:00
d138e8dd-453c-42e8-8772-c96e5b37a69d,200,1,1,452,,"Solano County Homepage | Solano County, California",good,,2026-06-22T13:06:25+00:00
dba612ec-f3dc-4a9b-afb7-4340b9d37f80,403,1,1,256,,Just a moment...,broken,,2026-06-22T13:06:25+00:00
04342f26-d4ed-47d0-ac18-8435cab491dc,403,1,1,217,,Just a moment...,broken,,2026-06-22T13:06:25+00:00
167835f6-65fa-4354-aab1-a064baf612d0,403,1,1,191,,Just a moment...,broken,,2026-06-22T13:06:25+00:00
8dd50c59-65ae-47ab-a684-4a1c46c4326a,200,1,1,4030,WordPress,Reverse Loans | Tam Funding,weak,,2026-06-22T13:06:25+00:00
520534f4-f6b0-4231-b67f-1f3e4d34570b,200,1,1,466,GoDaddy,Therapy Animals | Buddha and Me,good,,2026-06-22T13:06:25+00:00
648f5d30-3607-4012-9e87-0d5efb0d4c6c,202,0,0,171,,,weak,,2026-06-22T13:06:25+00:00
4faaa79c-d7fc-47f0-9400-896190291f75,0,0,0,76,,,broken,connection failed,2026-06-22T13:06:25+00:00
2a348f1f-5edb-4aa5-b4d7-3b7425a1ed77,0,0,0,38,,,broken,connection failed,2026-06-22T13:06:25+00:00
ab0278da-f51e-494e-8298-96cc1d6356da,200,1,1,488,Squarespace,La Coterie Pilates &amp; Fitness in Mill Valley,good,,2026-06-22T13:06:25+00:00
2dec2bbb-d84a-4eec-8075-bac3577392f0,200,1,1,416,,"Big Rock Cafe - SAN RAFAEL, CA 94903 (Menu &amp; Order Online)",good,,2026-06-22T13:06:25+00:00
b19aa2f5-daf2-436a-8827-7fc82ab78d02,200,0,0,116,,,weak,,2026-06-22T13:06:26+00:00
d7a08410-186b-4718-812c-344a0eea45ac,200,1,1,378,Wix,"Stefano's Pizza, Since 1972 because everyone loves pizza!",good,,2026-06-22T13:06:26+00:00
da7e5477-bc47-4f83-9d62-3c57cdc34448,200,1,1,787,Shopify,Premium Raw Pet Food &amp; Trustworthy Treats &ndash; Marin Raw,good,,2026-06-22T13:06:26+00:00
3860af91-b9d1-4b26-89a0-89ad86c345be,200,0,0,207,Weebly,Home,weak,,2026-06-22T13:06:26+00:00
126bb3c5-001a-4a03-880c-0116077b1a35,200,1,1,428,,"Spa Mania | Certified Cal Spa Dealer – Hot Tubs, Spas &amp; Repairs in Marin, Sonoma &amp; North Bay",good,,2026-06-22T13:06:26+00:00
5002d5df-7162-44e3-a0bc-1a9d11126c2b,200,1,1,570,WordPress,il Fuoco &#8211; Wood Fired Pizza,good,,2026-06-22T13:06:26+00:00
7e896829-49a2-4f93-9b91-af2a42501f73,0,0,0,15139,,,broken,connection failed,2026-06-22T13:06:26+00:00
267add82-2c50-439d-9177-74ee136f8b31,200,1,1,275,Squarespace,Little Mountain Preschool,good,,2026-06-22T13:06:26+00:00
e633b975-a3fa-49ce-86ce-14b5a47ca969,200,1,1,1393,Wix,Home Alone Pet Sitting and Dog Walking,good,,2026-06-22T13:06:26+00:00
103b5ca9-a7e9-4a41-81ac-defe3a061c49,0,0,0,37,,,broken,connection failed,2026-06-22T13:06:26+00:00
75d692cc-4089-42e7-a152-569ffd529c3e,200,1,1,10100,GoDaddy,La Gastronomia: Authentic Italian Restaurant in Fairfax,weak,,2026-06-22T13:06:26+00:00
22a177e8-1493-403b-a0a9-43ac28576aa1,200,1,1,352,GoDaddy,Marin Enrichment,good,,2026-06-22T13:06:26+00:00
986e74dd-3c2b-46f6-ad03-bf9a71f3b062,200,1,1,263,GoDaddy,Petaluma Parent Nursery School &#8211; Where Children and Parents Learn and Grow&#8230; Together,good,,2026-06-22T13:06:26+00:00
caf1343c-7a28-494e-8884-2040e01531fa,200,0,0,305,WordPress,,weak,,2026-06-22T13:06:26+00:00
c442895e-5872-479a-8f98-de2a26693bf5,200,1,0,295,,Sunnyside Preschool - Sylvie's Montessori,weak,,2026-06-22T13:06:26+00:00
c6f419f8-4783-4e4a-ae83-34f2a3a02db0,200,1,1,215,WordPress,Top Sports Bars and Pubs in Sonoma County - Sonoma County Tourism,good,,2026-06-22T13:06:27+00:00
1c15a25f-bb7e-4424-9e2c-3e9679cf446e,200,1,1,251,WordPress,HenHouse Brewing Novato - HenHouse Brewing,good,,2026-06-22T13:06:27+00:00
b39c2719-a8fa-40b0-9a26-0f211f0241ec,403,1,0,132,,Access Denied,broken,,2026-06-22T13:06:27+00:00
cc025ac2-1ea5-41af-a86e-c8cb6d7cd76c,200,1,1,137,,Marin Real Estate Luxury Experts | Sarkissian Bullock Team,good,,2026-06-22T13:06:27+00:00
fb3c3eff-c43b-4d84-b9c4-145d018d7dfc,200,1,1,474,WordPress,Visit Petaluma | Official Travel &amp; Tourism Guide,good,,2026-06-22T13:06:27+00:00
5280d887-42a9-4136-a401-269ec92d4a71,200,1,1,1539,Wix,Two Rock Pizza | Petaluma Coast Guard MWR | United States,good,,2026-06-22T13:06:27+00:00
6e8ec6f7-607b-4c4c-b62b-12c49bd95401,404,0,0,255,,404 Page Not Found,broken,,2026-06-22T13:06:27+00:00
7f425db8-c2d3-4105-8de8-3e1d04e437d7,200,1,1,380,,eXp Realty of California Inc. and CA DRE#01878277,good,,2026-06-22T13:06:27+00:00
354c866c-94dd-44e2-bbb8-a59ee99f3b75,404,1,1,379,Wix,,broken,,2026-06-22T13:06:28+00:00
c1e4748c-f1b4-493a-bfcf-bedc4da3486c,500,1,1,1106,WordPress,WordPress &rsaquo; Error,broken,,2026-06-22T13:06:28+00:00
df2b0300-9474-4407-a67b-12dd041f7e39,500,1,1,1591,WordPress,WordPress &rsaquo; Error,broken,,2026-06-22T13:06:28+00:00
55cf4cf7-10ee-495c-806c-3e96087d1d5e,200,1,1,628,,Engel &amp; Völkers | Sonoma County,good,,2026-06-22T13:06:28+00:00
1eb9d393-3f43-4d32-8988-5970b9551735,200,1,1,1440,WordPress,Marin County Apartments for Sale | Investment Property Listings,good,,2026-06-22T13:06:28+00:00
d8e444ae-699e-4c47-8112-3d6a0ccec125,403,0,0,411,,403 - Forbidden: Access is denied.,broken,,2026-06-22T13:06:28+00:00
c35e2123-e85c-4f3b-a092-ed6c8d84d790,200,1,1,1865,WordPress,West Marin Montessori | A Montessori Preschool in West Marin County,good,,2026-06-22T13:06:28+00:00
9711ffd1-eda8-4999-8933-a2f747484305,200,1,1,616,,Engel &amp; Völkers | Marin County,good,,2026-06-22T13:06:28+00:00
cbb659ef-ef23-427d-843e-5d1c08217a94,202,1,0,317,,,weak,,2026-06-22T13:06:28+00:00
2a759915-8db8-4269-a621-4cc7dc362fce,0,0,0,525,,,broken,"ssl: HTTPSConnectionPool(host='www.livesonomamarin.com', port=443): Max retries exceeded with url: / (Cau",2026-06-22T13:06:29+00:00
ca554383-e60d-4e42-bc68-2be0ca4727b5,200,1,1,752,,"Phoebe Brookbank, Real Estate Agent - Compass",good,,2026-06-22T13:06:29+00:00
614dd551-6f17-4b0d-b67c-c64fa3cf6293,200,0,0,494,,Home,weak,,2026-06-22T13:06:29+00:00
2ff5d5de-bce5-49fe-8aeb-c5b05d95bc78,200,1,1,1004,,Home | Berkshire Hathaway HomeServices Drysdale Properties | Berkshire Hathaway HomeServices,good,,2026-06-22T13:06:29+00:00
a262b119-6f4f-40f4-924c-6fc180025be5,200,1,1,115,,24-Hour Diner and Breakfast Restaurant | Denny&#039;s,good,,2026-06-22T13:06:29+00:00
279e153d-edc6-4ab6-9c51-b8a27db57304,200,1,1,275,Wix,"Delicious Dish | Catering | Sonoma, Napa, Greater Bay Area",good,,2026-06-22T13:06:29+00:00
2754c5c9-fb3e-4655-a427-4b49ebcc802c,0,0,0,102,,,broken,connection failed,2026-06-22T13:06:29+00:00
2ec94dc5-4a06-4667-aeb8-e3917f4f35c1,200,1,1,490,,"Golden Gate Bistro Restaurant in Novato, CA - Golden Gate Bistro",good,,2026-06-22T13:06:30+00:00
dda49ef0-52ae-4a97-a558-817f8a82b4c3,200,1,1,556,Shopify,Award-Winning Vegan Butter and Cheese | Miyoko&#39;s Creamery,good,,2026-06-22T13:06:30+00:00
36b01478-e9f6-49af-8602-bdc54e9e2ee4,200,0,1,308,,Welcome to Pearl,weak,,2026-06-22T13:06:30+00:00
182dbaca-7471-415c-a728-76a0ab916654,0,0,0,16164,,,broken,timeout,2026-06-22T13:06:30+00:00
cf79794c-8c81-4f8c-885f-a31e2f1d3b69,200,1,1,271,Wix,"River Front Cafe | Petaluma, CA",good,,2026-06-22T13:06:30+00:00
084f20f0-cf78-4609-9348-3545a5ff02e8,200,1,1,188,,Sonoma Happy Garden - Menu & Location,good,,2026-06-22T13:06:30+00:00
8399ed6a-15f6-4db9-badc-417c9ca8272d,200,1,1,300,Wix,Home | Able,good,,2026-06-22T13:06:30+00:00
ff9e4ab7-9bf1-4372-859f-a5cbecc4d1bb,200,1,1,622,WordPress,Sizzler - The Original Family Steak House,good,,2026-06-22T13:06:31+00:00
8604e847-96cf-418e-9bd2-d68c2192667d,200,1,1,597,Shopify,"Trader Vic’s Hospitality Group | Fusion Flavors, Tropical Vibes, and Mai Tai",good,,2026-06-22T13:06:31+00:00
886ec0ed-83bc-4858-8cb6-147c7382f78c,200,1,0,405,WordPress,"53 Taylor Drive, Fairfax, CA | Mercy Housing",weak,,2026-06-22T13:06:31+00:00
91783c9d-0d17-4aa2-b00c-9ccb4b7c26f0,200,1,1,2652,Wix,Real Estate Agent | Rick van der Wal | Marin County,good,,2026-06-22T13:06:31+00:00
708eb7a2-de44-4e39-b5df-e9b0415de6b0,0,0,0,3216,,,broken,connection failed,2026-06-22T13:06:31+00:00
7f3cbd10-42e7-4dae-ac62-2270e7b57b0b,200,1,1,246,WordPress,Sonoma Senior Living Community in CA | Cogir of Sonoma,good,,2026-06-22T13:06:31+00:00
ea6129fe-55c0-44bd-bd9e-ef26a814a382,200,0,0,245,,,weak,,2026-06-22T13:06:31+00:00
3631eb2b-ea35-4ae9-9620-8713699eacd1,0,0,0,7,,,broken,connection failed,2026-06-22T13:06:31+00:00
e1edbc95-ebd7-47c5-b6cf-bffaf9a178ae,500,1,1,1857,WordPress,WordPress &rsaquo; Galat,broken,,2026-06-22T13:06:31+00:00
fddf4ee5-d4cf-493d-8502-2713c9f89783,200,1,1,551,WordPress,"Premier Senior Care in Sonoma, CA | Cogir of Sonoma Plaza",good,,2026-06-22T13:06:31+00:00
3a41fcbe-5709-4adf-a3e9-c8cddab2128f,200,1,1,287,WordPress,Evergreen Healthcare Group - 24-Hour Compassionate Care,good,,2026-06-22T13:06:31+00:00
b7771e57-2771-496c-ad3c-363ad64e1ae8,200,1,1,625,WordPress,"Senior Living in San Rafael, CA | Cogir of San Rafael",good,,2026-06-22T13:06:31+00:00
8584158a-c9a0-45c7-8c7a-b7d429edcaa6,0,0,0,10013,,,broken,connection failed,2026-06-22T13:06:31+00:00
083e218b-f183-4c19-84dc-9f5284381894,200,1,1,411,WordPress,Ridgeway Post Acute,good,,2026-06-22T13:06:31+00:00
035c5a52-d54c-4194-a280-dfb3dfa9ec70,200,1,1,418,WordPress,"Saint Michael School, Nursery | Pre-K | K-8, North Andover",good,,2026-06-22T13:06:32+00:00
96cb4734-9486-483f-93d6-a7924594030f,200,0,1,162,Squarespace,Blue Barn,weak,,2026-06-22T13:06:32+00:00
fc0fbe36-ca91-47d0-a5a7-f77d0a23030c,200,0,1,374,GoDaddy,Roofing Service | Repair & Installation | Call (888) 602-1585,weak,,2026-06-22T13:06:32+00:00
d918cbaa-2030-45b9-b89a-0a7b6ca32b69,0,0,0,71,,,broken,connection failed,2026-06-22T13:06:32+00:00
1d91101e-0d40-42af-a780-d407750cabd9,200,1,1,83,,Popi’s Oysterette | Coastal Seafood & Raw Bar in San Francisco Marina,good,,2026-06-22T13:06:32+00:00
8c71390c-43c0-4e19-9272-37cd7b4cd44c,200,1,1,435,,"Organic Pupusas, Best Salvadorian Food San Rafael - Pupuseria Blankita",good,,2026-06-22T13:06:32+00:00
ba55bc6e-ff51-4661-b6b0-952e59a7c176,403,1,1,595,,Just a moment...,broken,,2026-06-22T13:06:32+00:00
4adde57f-7ee9-432a-997e-5494e38296c0,0,0,0,11,,,broken,connection failed,2026-06-22T13:06:32+00:00
419a9b08-a0ec-4be9-96aa-f2518f35b47a,200,1,1,62,WordPress,Revitalize Your Skin at Envie Skin and Body in Petaluma,good,,2026-06-22T13:06:32+00:00
c181b418-99ed-4ea1-9882-ea08db136ada,0,0,0,10019,,,broken,connection failed,2026-06-22T13:06:32+00:00
d5576d1a-3e90-4559-9fa7-3507a48a0ee5,202,0,0,88,,,weak,,2026-06-22T13:06:32+00:00
ce3ae999-1c73-4a90-9b01-e5832ced871f,200,1,1,598,WordPress,Restaurants on Pier 39 | San Francisco Favorites | Wipeout Bar &amp; Grill | Best Restaurants on Fisherman’s Wharf &amp; Pier 39 | Casual California-Style Pier 39 San Francisco Food,good,,2026-06-22T13:06:33+00:00
dad6d39f-e6d1-48b2-ae61-15d9b6857680,404,1,0,860,,,broken,,2026-06-22T13:06:33+00:00
f2086827-42d2-422a-b1ec-8fc9ac71097d,200,0,1,404,,"Skin Aesthetics ,Inc",weak,,2026-06-22T13:06:33+00:00
1dece8e8-9363-44b6-89ba-e075284f0081,200,1,1,1587,WordPress,Rotary Valley Senior Village - BRIDGE Housing,good,,2026-06-22T13:06:33+00:00
c1ae48d5-f7f6-48aa-95f1-068de4fce83b,0,0,0,48,,,broken,connection failed,2026-06-22T13:06:33+00:00
61eab8f3-e6f6-4e0a-a296-df4a575b8cfb,200,1,1,1255,Wix,Pupuseria | La Esperanza Pupuseria and Diner | San Rafael,good,,2026-06-22T13:06:33+00:00
822b5c3e-f2a4-4a1e-ae7d-a3a56f60803a,200,1,1,1710,WordPress,Smith Ranch Skilled Nursing &amp; Rehabilitation Center - Generations Healthcare,good,,2026-06-22T13:06:33+00:00
83ebfd00-4661-426f-a77e-0958a89a2368,202,1,0,132,,,weak,,2026-06-22T13:06:33+00:00
f94279a0-ca24-4bef-a9e2-939fb26bbf81,200,1,1,383,Squarespace,EarthSpa,good,,2026-06-22T13:06:33+00:00
40e22f98-03c6-4c59-93b4-cd00415c43b3,404,0,0,271,,,broken,,2026-06-22T13:06:33+00:00
7e0e6559-5da8-4d9f-ac5b-61ac0c6d1b46,0,0,0,105,,,broken,connection failed,2026-06-22T13:06:33+00:00
ad323f6b-0490-4a9f-be75-54b1314015b4,200,1,1,597,Weebly,Home | Juice Girl,good,,2026-06-22T13:06:33+00:00
2ae39365-3c33-4a2a-8a9c-50b17b9a7d24,200,1,1,509,,All Massage Envy Locations | Facials | Massage Therapy,good,,2026-06-22T13:06:33+00:00
3ae6cc3c-95a8-4515-9363-bbaa72d07cb5,0,0,0,104,,,broken,connection failed,2026-06-22T13:06:33+00:00
1e4467cb-1055-4ddb-a7ec-83d0e03732b3,200,1,1,263,,Luxury Hotel in Sonoma - Fairmont Sonoma Mission Inn &amp; Spa,good,,2026-06-22T13:06:33+00:00
ee50beb2-47c2-4eb0-b09a-e0f7e3b0edf1,400,1,1,481,Wix,400 Error: Bad Request,broken,,2026-06-22T13:06:34+00:00
e0a913c2-99bd-4b88-b300-2b97d8a4058d,403,1,1,928,,Just a moment...,broken,,2026-06-22T13:06:34+00:00
28e53580-db3b-4d66-b584-87056ddffb21,200,1,1,160,,Fukusuke Restaurant,good,,2026-06-22T13:06:34+00:00
3fbcd833-96bd-4346-8340-ddd814616c30,200,1,1,382,Squarespace,Big Dog Surf Camp,good,,2026-06-22T13:06:34+00:00
76dc6cb0-7331-44fb-8ab2-c7614057739a,200,1,1,175,GoDaddy,Massake.com is for sale | HugeDomains,good,,2026-06-22T13:06:34+00:00
6142c3d9-47f3-4dfa-95c4-ab3192b48800,0,0,0,137,,,broken,connection failed,2026-06-22T13:06:34+00:00
10772044-bce0-4c55-adc5-78b6bafaff10,200,1,1,1659,Wix,Waxing | Zoe's Skincare | Marin,good,,2026-06-22T13:06:34+00:00
b7ad3735-e278-4278-b664-6866f01a1d2d,200,1,1,440,,Order Authentic Japanese Online | Sakura Sushi - Pickup or Delivery Available,good,,2026-06-22T13:06:34+00:00
7b34f5ef-23c9-4411-ba55-029b40265e65,200,1,1,143,Webflow,"Oscars Tacos, Mexican Restaurant, 40 Lisbon St",good,,2026-06-22T13:06:34+00:00
3478dda6-3826-4e78-94f4-d930cbece6c3,200,1,1,662,,Order Authentic Japanese Online | Oyama Sushi - Pickup Available,good,,2026-06-22T13:06:34+00:00
0ba5cbcb-56e9-40ec-a30f-63f46f934a05,200,0,1,573,,Situs Slot Depo 10K QRIS Link Gacor Minimal Deposit 10 Ribu Gampang Menang,weak,,2026-06-22T13:06:34+00:00
463599b1-8e6c-4c37-b1c3-6bc9dd7272bd,0,0,0,108,,,broken,connection failed,2026-06-22T13:06:34+00:00
e4d8efb6-4b91-4089-8d4c-afe59230d617,200,1,1,595,,"Tenkyu - San Rafael, CA | Hours, Reviews, and Ratings | Japanese Sushi | NetWaiter",good,,2026-06-22T13:06:34+00:00
9f0a883c-82f6-4c82-9640-2d9589debc8c,200,1,1,1553,WordPress,"Transformational, Massage, Mind-body &amp; Trauma Therapies, Trauma, Stress, Pain",good,,2026-06-22T13:06:34+00:00
c0105695-18f3-4e99-998b-e6b401cb91e1,200,1,1,440,Weebly,,good,,2026-06-22T13:06:34+00:00
6494d670-4161-4fa7-b122-a04fe9e26a81,200,1,1,439,Squarespace,Megera De Soleil Airbrush Spray Tanning,good,,2026-06-22T13:06:34+00:00
84f51ab0-3942-482e-8835-1f6eb6200b68,0,0,0,8,,,broken,connection failed,2026-06-22T13:06:34+00:00
4372e240-c282-49ce-84a9-37abe1adfb85,200,1,1,379,WordPress,Tan Bella &#8211; Beautiful Tanning Experience,good,,2026-06-22T13:06:35+00:00
aca450a2-d355-4eb7-9736-3a5eaf8299a7,0,0,0,109,,,broken,connection failed,2026-06-22T13:06:35+00:00
c0476860-0439-47c7-9cbb-dd2e8f0fa0ec,200,1,1,265,,Privacy Policy,good,,2026-06-22T13:06:35+00:00
c7c9406a-206f-4ff2-8aae-20fe1f2fea7a,404,0,1,294,Squarespace,Green Chile Kitchen,broken,,2026-06-22T13:06:35+00:00
dab4ad8b-981e-4b1f-a74d-3426aa823b0b,200,1,1,302,Squarespace,www.the35thai.com,good,,2026-06-22T13:06:35+00:00
7748a414-4bfb-4ecb-afdf-fd5613ea40e9,0,0,0,10014,,,broken,connection failed,2026-06-22T13:06:35+00:00
a72fc91f-bd84-4788-9f95-6f216f7ba852,200,1,1,1367,,Rocket Roll,good,,2026-06-22T13:06:35+00:00
79d6a90b-2e9a-4ca1-b12f-222de47c9c44,200,1,1,355,Shopify,Sweet Bippy Press,good,,2026-06-22T13:06:35+00:00
7ed641b6-9979-45c7-925a-4d98edef57de,200,1,1,561,Wix,LemonGrass Thai | The Best Authentice Thai Eatery in Petaluma,good,,2026-06-22T13:06:35+00:00
e958b05d-7fa4-4da9-9644-e05829b1e8b8,0,0,0,345,,,broken,"ssl: HTTPSConnectionPool(host='seedandsalt.com', port=443): Max retries exceeded with url: / (Caused by S",2026-06-22T13:06:35+00:00
c9daf503-8c35-4b76-835c-85bfc7246570,200,1,1,668,,"Thai Brunch Restaurant in San Rafael, CA | Tutu Lounge",good,,2026-06-22T13:06:35+00:00
69a522ce-52a4-4479-8e44-c6e3ead895aa,200,1,1,436,WordPress,"Persian &amp; Himalayan Cat Rescue &#8211; 925-838-1838 (no texts) or info@persiancats.org &#8211; PO Box 475482, San Francisco, CA 94147",good,,2026-06-22T13:06:35+00:00
d78a4a88-2eb9-45a2-8684-94447ab0b839,200,0,1,1301,,,weak,,2026-06-22T13:06:36+00:00
3a1ad846-9bbe-4ccf-9c17-88e9161017a8,200,1,1,789,Shopify,Top Vegan Restaurant in Los Angeles | Plant-Based LA Brunch,good,,2026-06-22T13:06:36+00:00
565bb490-b263-43dd-8f44-8a6e4570ace8,200,1,1,411,,Pet Emergency &amp; Specialty Center of Marin | 24/7 ER San Rafael,good,,2026-06-22T13:06:36+00:00
b518dee3-1d68-4c1e-94f8-9fb3e3910fa0,404,1,1,764,,404 - Page not found,broken,,2026-06-22T13:06:36+00:00
401795ba-50a9-405a-a8d1-2e6b76cc9c4f,200,1,1,564,,"San Rafael Animal Hospital | Veterinary Care, Boarding &amp; Doggy Daycare – San Rafael, CA",good,,2026-06-22T13:06:36+00:00
4ff97e6e-7909-49ad-93fa-f1a9ee400c92,200,1,1,415,,The Lodge at Sonoma | A Luxury Sonoma Resort &amp; Spa Retreat,good,,2026-06-22T13:06:36+00:00
32ea0138-c02b-4c2e-8c0e-814b375c89c5,200,0,1,1306,WordPress,China Cabin - Belvedere-Tiburon Landmarks Society,weak,,2026-06-22T13:06:36+00:00
2c02ffb9-3b19-4599-8743-878d44901b09,404,1,1,654,,404,broken,,2026-06-22T13:06:36+00:00
3de8674a-214e-4071-84cf-5098c71f9d0d,200,1,0,610,,,weak,,2026-06-22T13:06:36+00:00
3250c072-4a80-4a5b-b1e1-da8bc238485a,0,0,0,66,,,broken,connection failed,2026-06-22T13:06:36+00:00
3c94ca51-fcc9-44b4-93a9-de7fec596b8e,503,1,0,615,,503 Service Temporarily Unavailable,broken,,2026-06-22T13:06:36+00:00
2eb1ac03-2c40-4402-bd9f-88b9c9ddbec0,0,0,0,175,,,broken,"ssl: HTTPSConnectionPool(host='www.strangemagicwine.com', port=443): Max retries exceeded with url: / (Ca",2026-06-22T13:06:36+00:00
16486949-c640-4774-bec4-ae06b114ab94,200,1,1,411,Shopify,Rancho Maria &ndash; RanchoMariaWines,good,,2026-06-22T13:06:36+00:00
20ff4b6e-3d04-4c3d-a59f-b85363a99de3,403,1,0,1824,,403 Forbidden,broken,,2026-06-22T13:06:36+00:00
ab1fd0fa-e0d5-4da0-8c65-52bec1df6aa7,200,1,1,370,Squarespace,Valley Bar + Bottle Shop,good,,2026-06-22T13:06:36+00:00
7a825350-02f5-4e17-aac6-ed0c0fd408ca,202,0,0,279,,,weak,,2026-06-22T13:06:37+00:00
f62d220b-1688-49bc-b661-7ac669370472,202,0,0,260,,,weak,,2026-06-22T13:06:37+00:00
fffac7c1-df4d-4a48-a741-a22d17287f58,200,1,1,272,WordPress,Home &mdash; Bartholomew Park,good,,2026-06-22T13:06:37+00:00
d12e8087-029e-44cf-819b-66aaf9f609c5,200,1,1,174,Squarespace,Quality Wine Growers,good,,2026-06-22T13:06:37+00:00
c7c76d03-a08c-47d6-b28f-0b244f6c3198,200,1,1,339,,Sonoma Valley | Travel resource for Sonoma Valley Wine Country and surrounding areas.,good,,2026-06-22T13:06:37+00:00
a4fe965d-4d86-481d-9d9f-e08c1188bff5,0,0,0,362,,,broken,"ssl: HTTPSConnectionPool(host='haywoodwinery.com', port=443): Max retries exceeded with url: / (Caused by",2026-06-22T13:06:37+00:00
2b551229-1565-4394-ae52-bda123a50d1b,200,1,1,827,,Bedrock Wine Co.,good,,2026-06-22T13:06:37+00:00
1693e6e6-a1aa-417b-9e85-1ac2c3ba5e41,200,1,1,1043,,Bedrock Wine Co.,good,,2026-06-22T13:06:37+00:00
c5c0f7e2-3534-41ff-b766-b5b62b2b0e46,200,1,1,1048,,Welcome - Blue Farm Wines | Made in the vineyard,good,,2026-06-22T13:06:38+00:00
b5baf37a-2bee-40ca-8e2d-81139f0451fd,200,1,1,1115,,Welcome - Bennett Valley Cellars,good,,2026-06-22T13:06:38+00:00
2d434f97-67bf-4d54-82db-20b4b4037e12,200,1,1,2341,WordPress,Holistic Animal Clinic - Acupuncture for Dogs &amp; Cats,good,,2026-06-22T13:06:38+00:00
82c5e371-8e16-4e77-8a3a-9c0b84322704,200,1,1,521,WordPress,Homepage - MacLaren Wines,good,,2026-06-22T13:06:38+00:00
8396290f-1129-463b-9bec-acdf70e320f7,404,0,0,159,,SITE NOT FOUND,broken,,2026-06-22T13:06:38+00:00
1451af4c-6590-4c93-8b78-03ef0fad9285,200,1,1,365,,Moon Hollow,good,,2026-06-22T13:06:38+00:00
70b495dc-ba9d-46d7-a49d-f6f1674f686f,0,0,0,105,,,broken,connection failed,2026-06-22T13:06:38+00:00
1a11217a-d321-424c-8c7a-93f14ebc0e02,200,1,1,137,WordPress,Home - B. Wise Vineyards,good,,2026-06-22T13:06:38+00:00
5a0f9e35-6e7a-4297-a410-61fad5ced350,200,1,1,271,Squarespace,Roche Sonoma Winery,good,,2026-06-22T13:06:38+00:00
844ce874-8a87-43f9-8338-b2cb21a6b5e5,0,0,0,178,,,broken,"ssl: HTTPSConnectionPool(host='gatheredwildeflowers.com', port=443): Max retries exceeded with url: /our-",2026-06-22T13:06:38+00:00
c47bfbe7-089b-47bd-8f2b-e099c5ab5f2a,0,0,0,38,,,broken,connection failed,2026-06-22T13:06:38+00:00
7aff63a5-bdcf-483b-ac7d-cd0aef8f4d06,200,1,1,473,Webflow,Petrali Wines - Petrali Wines | Our Story,good,,2026-06-22T13:06:38+00:00
7c91094d-a25c-4b8b-8b76-ec05f2a398f3,200,1,1,183,Squarespace,Class Schedule &mdash; Love Story Yoga,good,,2026-06-22T13:06:38+00:00
30adc469-3f9e-4c80-abdb-5a60cba1dc50,200,0,1,448,,,weak,,2026-06-22T13:06:38+00:00
7dae59cc-daf1-40bb-a6ed-77ed0694e66b,0,0,0,101,,,broken,connection failed,2026-06-22T13:06:38+00:00
2e98310a-7d25-4f8c-9110-64ee43e48932,404,0,0,165,Squarespace,Squarespace - Domain Not Claimed,broken,,2026-06-22T13:06:38+00:00
f34d469f-0991-4569-a6c7-00d2e64404f7,200,1,1,1232,,Passaggio Wines - Homepage,good,,2026-06-22T13:06:38+00:00
80e5e58b-6e50-4179-8526-27ca38e2e2a8,444,0,0,584,,,broken,,2026-06-22T13:06:38+00:00
e84bc683-a048-41d2-a4be-3960212860d8,200,1,1,605,WordPress,"Marin Integrative Medicine and Medical Acupuncture | Martin L. Rossman, M.D.",good,,2026-06-22T13:06:39+00:00
258bd4cf-fa6c-42d6-98ab-cc4bb1712b31,404,1,0,925,,,broken,,2026-06-22T13:06:39+00:00
04d141ac-0b5a-4510-89e4-9f8e51834dd4,200,1,1,679,,Country selector,good,,2026-06-22T13:06:39+00:00
67244f11-debc-4432-badb-7d757ef0c05e,0,0,0,40,,,broken,connection failed,2026-06-22T13:06:39+00:00
90e5f9d9-de34-42ae-80bd-491ab092ed8d,0,0,0,112,,,broken,connection failed,2026-06-22T13:06:39+00:00
61049413-71ee-4b70-b3bd-bc57258505f2,403,1,1,187,,Just a moment...,broken,,2026-06-22T13:06:39+00:00
0ec49fe6-2682-4912-846a-5bb8937eea42,200,1,1,867,WordPress,PEP Housing &#8211; Building community from the heart,good,,2026-06-22T13:06:39+00:00
fc1397ab-fc4d-4aed-92a8-de7a656d3e70,200,1,1,185,WordPress,Costeaux Petaluma - Costeaux,good,,2026-06-22T13:06:39+00:00
ba9d344e-4029-422f-8957-6a2e7fc5604d,200,1,1,290,WordPress,Champagne Bakery,good,,2026-06-22T13:06:39+00:00
06349360-66f1-413c-b870-b031cb201c2f,200,0,0,110,,NameBright - Coming Soon,weak,,2026-06-22T13:06:40+00:00
1d5a02e6-9b55-44f1-8e09-9029e0f27ed4,0,0,0,15209,,,broken,connection failed,2026-06-22T13:06:40+00:00
efa4978c-f85d-408b-9cda-5faa2b6db00d,200,1,1,808,,"Quality you Can Trust, at a Fair Price | Northgate Automotive",good,,2026-06-22T13:06:40+00:00
31692593-6c22-4d3e-b996-2802f1032ff9,0,0,0,162,,,broken,connection failed,2026-06-22T13:06:40+00:00
e50305d7-05e0-49a7-b84a-97ee8e9dee62,200,1,1,473,Wix,"J.B.Delicious/JMRosenCheesecakes | Desserts | California, USA",good,,2026-06-22T13:06:40+00:00
85c9a363-48cd-4254-8f6f-22024c5ff619,0,0,0,1749,,,broken,connection failed,2026-06-22T13:06:40+00:00
d01cc46e-e6b7-4f91-8823-f19585901b9e,200,0,1,841,,"Nigel's in San Rafael, CA 94901-3922 - BeautySeeker.com",weak,,2026-06-22T13:06:40+00:00
2dab9fea-aca5-49df-a39f-95e0683633d1,200,1,1,645,Wix,Home/San Anselmo/ CA/Revel Hair Atelier/Haircutting/Marin County,good,,2026-06-22T13:06:41+00:00
a760e92a-89c3-4bb9-bb10-aafe92e9de9a,202,0,0,191,,,weak,,2026-06-22T13:06:41+00:00
30628d23-66bb-45d7-a3a4-d94c58363189,404,1,1,906,,Page Not Found,broken,,2026-06-22T13:06:41+00:00
61df370e-9281-4ed1-844d-ba4fb9fcbb55,0,0,0,40,,,broken,connection failed,2026-06-22T13:06:41+00:00
7dd14f57-9ab3-43ed-a93e-d098f63daa4d,403,1,0,230,,tripadvisor.it,broken,,2026-06-22T13:06:41+00:00
34220e35-fdca-4c20-9e5b-6bceaf707ce7,0,0,0,9,,,broken,connection failed,2026-06-22T13:06:41+00:00
605ac62f-c031-4305-8974-73330290a162,200,1,1,1611,,Catrina's Barber Shop - Petaluma CA | Vagaro,good,,2026-06-22T13:06:41+00:00
99a12cca-32f1-4972-a3c5-c5857fe7abc0,200,1,1,420,Squarespace,Lighthouse Restaurants,good,,2026-06-22T13:06:41+00:00
fb9625ac-7c98-4856-a0ae-a990b5f2728f,200,1,1,781,Shopify,Luxury Bra-Sized Swimwear &amp; Ready-to-Wear | Malia Mills &ndash; maliamills.com,good,,2026-06-22T13:06:41+00:00
2d813e24-75da-4eff-ac35-fe644661770a,200,1,1,370,GoDaddy,WoodlandsCafe.com is for sale | HugeDomains,good,,2026-06-22T13:06:42+00:00
cc62a025-2ebe-4bb5-a61b-13190eac7bac,200,1,1,644,WordPress,,good,,2026-06-22T13:06:42+00:00
eae393e0-b2d4-4361-b189-9769bf425d83,200,1,1,439,,"Kids, Toddler &amp; Baby Clothes | Gymboree",good,,2026-06-22T13:06:42+00:00
d3e7798d-eec3-4d8a-bc30-d8df523989fb,200,1,1,188,,OshKosh B&#x27;gosh Children&#x27;s Clothing | Carter&#x27;s,good,,2026-06-22T13:06:42+00:00
7d366f1b-f707-4825-a8bc-d64abdb9a823,200,0,0,117,,,weak,,2026-06-22T13:06:42+00:00
fbd748ed-df2f-4fa5-b571-155559a1bd07,200,1,1,256,Shopify,"Women&#39;s Apparel, Home &amp; Gift",good,,2026-06-22T13:06:42+00:00
18fee361-6e26-442d-a4d3-60e205f2e187,404,1,1,255,,404 Page,broken,,2026-06-22T13:06:42+00:00
9f4c2731-5579-4668-855a-1a1243b90261,200,1,1,232,Squarespace,"Chiropractic, Brainspotting, Transformational Coach, CranioSacral Mind-Body Novato, Marin County, North Bay, California",good,,2026-06-22T13:06:42+00:00
484f4b5a-963e-4ecd-898d-01baa7f9a2d7,200,1,1,2716,WordPress,Contact - Sheer Beauty by Heather,good,,2026-06-22T13:06:43+00:00
a38bdcb4-4d88-4e63-9060-7e07cbf68fcf,202,1,0,301,,,weak,,2026-06-22T13:06:43+00:00
8741357c-235e-41ad-9bb9-307a817ed5c3,404,1,1,5098,WordPress,Page not found | Schug Winery,broken,,2026-06-22T13:06:43+00:00
d819ce8d-e6b4-4315-96ed-d2428ce1fd99,404,1,1,2369,,Vagaro | Page not found,broken,,2026-06-22T13:06:43+00:00
a2119f59-aed4-493b-b593-5e00de513691,200,1,1,279,Shopify,"SONAS - Men&#39;s Jackets, Shirts &amp; Cool-Fitting Jeans &ndash; Sonas Denim",good,,2026-06-22T13:06:43+00:00
bc164b54-2bd8-4565-b523-bfc7d021ea16,403,0,1,28,,Just a moment...,broken,,2026-06-22T13:06:43+00:00
a9c8c9c3-9a59-406b-aa10-d4d1950c223d,404,0,0,111,,Not Found,broken,,2026-06-22T13:06:43+00:00
632cc704-fa80-4064-8a6d-79932319dcf8,403,1,0,277,,urbanoutfitters.com,broken,,2026-06-22T13:06:43+00:00
c096bf79-cf82-4037-9e36-54e8d9756a4d,0,0,0,78,,,broken,connection failed,2026-06-22T13:06:43+00:00
b7a99252-34b0-4d0b-8f70-227a824d9d58,200,0,0,189,,Home Page for EJ-588 Hair Studio,weak,,2026-06-22T13:06:43+00:00
b89d4bfe-741d-40da-889d-53eef3f6bfd8,200,1,1,751,Wix,"Rani Druda, Chiropractor and Network Spinal Analysis",good,,2026-06-22T13:06:43+00:00
52802638-8946-4667-87e9-e8c625f143e8,200,1,1,1090,Wix,"Rani Druda, Chiropractor and Network Spinal Analysis",good,,2026-06-22T13:06:43+00:00
8ec95223-884e-467f-818a-ca75e4a31b85,200,1,1,572,,Sally Beauty,good,,2026-06-22T13:06:44+00:00
650edf6f-3eb2-4e33-8254-f3f9d88f87b3,200,0,1,5446,WordPress,molinarestaurant.com - My WordPress Blog,weak,,2026-06-22T13:06:44+00:00
ce7c28bd-6f5b-4e13-adc1-ef63da7eb8d6,0,0,0,15073,,,broken,connection failed,2026-06-22T13:06:44+00:00
e5aa8841-d5d4-4179-8cdd-c7e2563ea22f,200,1,1,303,Wix,"Dentistry of Fairfax | General dentist in Marin County | 1620 Sir Francis Drake Boulevard, Fairfax, CA, USA",good,,2026-06-22T13:06:44+00:00
bc74d3a1-d9c4-4868-9f0b-7f44a71747db,200,1,1,227,WordPress,"Hello Ortho | Orthodontist in Napa &amp; Petaluma, CA",good,,2026-06-22T13:06:44+00:00
44466e14-42b8-4893-b79f-f88fe933aafb,202,0,0,494,,,weak,,2026-06-22T13:06:44+00:00
186c865a-d913-4f51-b95f-f70cd8562ee7,200,1,1,88,,Home | ParkPlaza,good,,2026-06-22T13:06:44+00:00
b46bd345-fec2-4c51-bd34-2d38613c5925,403,1,1,92,,Just a moment...,broken,,2026-06-22T13:06:44+00:00
2b842c3a-1609-4ff6-9dfb-6539ed60fbd9,200,1,1,417,WordPress,"Orthodontist in Sonoma | Laurent Orthodontics | Braces, Invisalign",good,,2026-06-22T13:06:44+00:00
8fb92820-9310-46c9-85ff-d2ee2a7da860,200,0,0,451,,,weak,,2026-06-22T13:06:44+00:00
4b0ab57e-4d84-4236-af01-29db5af60c85,200,1,1,1124,WordPress,Happy Nails &#8211; Nails and Spa Salons,good,,2026-06-22T13:06:44+00:00
29e72b95-5e41-4ec4-88d9-111e5fbe5507,0,0,0,17291,,,broken,connection failed,2026-06-22T13:06:44+00:00
78d918f0-b5e1-4dd6-8826-e4e44e658eb4,0,0,0,567,,,broken,"ssl: HTTPSConnectionPool(host='www.nicholsorthodontics.com', port=443): Max retries exceeded with url: / ",2026-06-22T13:06:44+00:00
c4949851-7b8a-4d32-975f-81d3b0016be6,403,1,1,238,,Just a moment...,broken,,2026-06-22T13:06:44+00:00
80230275-60da-45b3-b649-e92431faddf9,200,1,1,84,WordPress,Phillips 66® Gas Stations | Quality Fuel Near You | Phillips 66,good,,2026-06-22T13:06:44+00:00
34d6e72c-02db-4e57-8ff4-c6ea02253567,200,1,1,344,Squarespace,Sausalito Dog Park,good,,2026-06-22T13:06:44+00:00
b293f09c-1601-416d-ab0e-48f5480bb0cc,404,0,1,198,,404 Not Found,broken,,2026-06-22T13:06:44+00:00
32aee904-f648-47e8-8ef7-ea25b2be7540,403,1,1,299,,Just a moment...,broken,,2026-06-22T13:06:45+00:00
42422169-dc4d-4e74-aadb-f0eb7d29f2a2,404,1,1,637,,Custom404 • San Anselmo • CivicEngage,broken,,2026-06-22T13:06:45+00:00
f04c479d-2d05-4382-aadf-71127c3c34c4,200,1,1,569,Weebly,"ABC DRIVING SCHOOL - ACB Driving School San Rafael, CA",good,,2026-06-22T13:06:45+00:00
25873dc5-0f9c-4a51-9ec7-0e2dea13230c,200,1,1,465,GoDaddy,Lappert&#039;s Coffee &amp; Ice Cream - Lappert’s Ice Cream Super Premium Ice Cream,good,,2026-06-22T13:06:45+00:00
b63e2136-a9aa-446d-9e5b-a308485b4fe7,200,0,0,106,,,weak,,2026-06-22T13:06:45+00:00
4165c20f-5b27-4a9a-947a-6911ce4bb9d4,200,1,1,450,GoDaddy,Mary Hughes,good,,2026-06-22T13:06:45+00:00
44ca9a5f-8203-4821-8451-5b99170fc679,200,1,1,589,Shopify,"Pier 1: Home Decor, Indoor &amp; Patio Furniture",good,,2026-06-22T13:06:45+00:00
388bbd43-824e-4cb0-b7e8-6f2ae3443054,200,0,1,891,Squarespace,The Chairman,weak,,2026-06-22T13:06:45+00:00
393a0464-8618-4b59-8098-7c1f65d5d987,500,1,1,1297,WordPress,WordPress &rsaquo; Error,broken,,2026-06-22T13:06:46+00:00
4b67a88e-d337-4dea-a018-d796aea421ed,200,1,1,588,Shopify,"EI Home - Gifts, Home Decor and Accessories",good,,2026-06-22T13:06:46+00:00
0c53d31f-f774-4319-b79b-de479198d63b,200,1,1,1355,,"Dr. Forstadt - Dentist in Sonoma, CA",good,,2026-06-22T13:06:46+00:00
2b9cac5c-6017-4003-b912-bec6ccf8ebfb,0,0,0,15076,,,broken,connection failed,2026-06-22T13:06:46+00:00
722ab302-00ba-47cf-b3a1-0eadee686828,200,1,1,1361,,"Welcome | Petaluma, California | Dr. Oscar Ventanilla",good,,2026-06-22T13:06:46+00:00
37783987-aa9a-4eb1-8c54-71e29f5cf19f,0,0,0,102,,,broken,connection failed,2026-06-22T13:06:46+00:00
54ab0049-9679-44d2-ba5c-8602ce641179,200,1,1,439,Wix,"Flyte Racquet Club | marin indoor pickleball, padel, tennis",good,,2026-06-22T13:06:46+00:00
44897c57-1a6f-487a-99af-22f663376327,0,0,0,52,,,broken,connection failed,2026-06-22T13:06:46+00:00
190b9f5f-4aff-4542-98d3-d6d593704fa6,200,1,1,4311,WordPress,huayheng911 ซื้อหวย ออนไลน์ เล่นง่าย พร้อมเข้าแทงหวยได้ทันที,weak,,2026-06-22T13:06:46+00:00
ddd8438a-8bb5-47d5-bb8e-2ddf70cde0bb,200,1,1,3354,WordPress,North Bay Children&#039;s Center: Early Care &amp; Education Since 1988,good,,2026-06-22T13:06:47+00:00
b5510003-349e-47c2-b4db-b600c5e28092,200,1,1,448,,Tiburon Fitness Club,good,,2026-06-22T13:06:47+00:00
a2e7268e-8268-4865-a560-a92d0655e5f5,200,1,1,512,GoDaddy,tamstudios.com,good,,2026-06-22T13:06:47+00:00
cf9c3e45-03d2-4bce-b3ba-26b1a49bdb90,200,1,1,1308,,Personal Fitness Trainer Corte Madera | Fitness Studio in Corte Madera,good,,2026-06-22T13:06:47+00:00
e6f2b3da-f31e-4a2a-aa2b-0a9327dcb04a,200,1,1,407,Wix,"Joe Hamer Salon - Specializing in Haircut, Barber, Style, and Hair Color - 520 Washington Sreet, San Francisco Ca, 94111",good,,2026-06-22T13:06:47+00:00
65318a0f-edaa-4f0b-bb50-9e50b714ad94,200,1,1,130,Webflow,"Bob&amp;#39;s Hair Styling - Nave Annex, Barber, 1553 S Novato Blvd Ste H",good,,2026-06-22T13:06:47+00:00
859aee28-c3e6-47b8-b0f9-f39046d9313e,0,0,0,47,,,broken,connection failed,2026-06-22T13:06:47+00:00
d1f824bd-8f2c-4d82-8a3f-9b469f52e7f0,0,0,0,120,,,broken,connection failed,2026-06-22T13:06:47+00:00
cd208ba2-51e1-45a6-9a8f-5ea41ca7fd22,200,1,1,209,WordPress,Best Hair Salon Dallas TX | Hair Color Experts - Salon D,good,,2026-06-22T13:06:47+00:00
3422ccb4-a525-445d-8439-b9ba0df1af6a,200,1,1,628,Squarespace,Barber Lane,good,,2026-06-22T13:06:47+00:00
d839c852-dc92-4bf0-b121-a95ccdd28edb,200,1,1,141,Webflow,"Marin Town &amp;amp; Country Club, Resorts &amp;amp; Hotel, 60 Pastori Ave",good,,2026-06-22T13:06:47+00:00
8b2d941b-0d6a-4990-9752-7e26b963a28c,403,1,1,307,,Hilton Page Reference Code,broken,,2026-06-22T13:06:47+00:00
a7336403-1f62-45a4-a268-7b54dc6a8bc7,200,1,1,515,Wix,Milváli Salon | Mill Valley &amp; San Francisco,good,,2026-06-22T13:06:47+00:00
6c739df5-04b0-4738-964a-0c68a76c3c0f,200,1,1,205,,Restaurants &amp; Bars in Sonoma - Fairmont Sonoma Mission Inn &amp; Spa,good,,2026-06-22T13:06:47+00:00
16119158-11dc-4bd2-b51e-86e8c2eb01dd,404,1,1,474,WordPress,Page not found - WebSta.ME,broken,,2026-06-22T13:06:47+00:00
8ea6a5ac-873f-4688-ac1f-1cd50725766c,200,0,0,216,,,weak,,2026-06-22T13:06:47+00:00
72f0451b-3268-4681-b215-f21723204e3a,0,0,0,87,,,broken,connection failed,2026-06-22T13:06:47+00:00
82d5780f-982d-4547-9a50-7d19ef1d6eac,404,1,0,515,,,broken,,2026-06-22T13:06:47+00:00
a9a7d37b-82a2-4318-bf64-de44a2b09916,403,0,0,226,,403 Forbidden,broken,,2026-06-22T13:06:47+00:00
8b414913-14f0-4219-8afa-adeba06c3c8e,0,0,0,118,,,broken,connection failed,2026-06-22T13:06:47+00:00
ef26474a-9363-4939-89b6-013c7a1f47da,200,1,1,543,Squarespace,Star Pierce Design,good,,2026-06-22T13:06:47+00:00
61a6ab51-d7b2-4ab5-867e-f8da1fc55721,200,1,1,416,Squarespace,SOL FOOD,good,,2026-06-22T13:06:48+00:00
0ae5a6b1-dd1f-4d3b-b475-c0b9d9d179fd,200,1,1,145,Webflow,"Quezada Market, Grocery Stores, Supermarket, 350 Rowland Blvd",good,,2026-06-22T13:06:48+00:00
7fa81619-bfcf-4fdb-84d0-4141e7ea0064,200,1,1,197,WordPress,Pediatric Dentist Kentfield & Greenbrae CA | Children's Dentist & Orthodontist,good,,2026-06-22T13:06:48+00:00
f0b162e0-20d1-4113-945d-f1cd98afab40,200,1,1,1331,WordPress,Artificial Grass | Better Than Real Artificial Grass,good,,2026-06-22T13:06:48+00:00
6eda04e1-fc42-40da-b198-791591c9d2c0,200,1,1,413,,La Hacienda Taqueria & Brewery San Rafael,good,,2026-06-22T13:06:48+00:00
2a29e486-887b-4fa6-b92b-26a3382490e1,0,0,0,108,,,broken,connection failed,2026-06-22T13:06:48+00:00
9e35fe17-69b8-4147-b436-9024781a72c8,200,1,1,2068,WordPress,Personal Trainer | Ellis Fitness Studio | Downtown Fairfax CA,good,,2026-06-22T13:06:48+00:00
39cf52ef-b4d8-44ad-ada0-fe593fb30e7c,200,1,0,350,,,weak,,2026-06-22T13:06:48+00:00
5c2d9484-567e-4be0-9a6b-ab4c260c1c69,200,0,0,108,,,weak,,2026-06-22T13:06:48+00:00
5570287c-0846-4623-8dc2-c15879d1c9c7,200,1,1,403,WordPress,Fit N Furry Pet Resort - Pet Services in Petaluma CA,good,,2026-06-22T13:06:48+00:00
b7c39abb-cced-4bbd-91f3-c894100b7eb9,200,0,0,221,,,weak,,2026-06-22T13:06:48+00:00
9ca2b750-8831-49a0-a2db-1b8f7aa525aa,0,0,0,153,,,broken,"ssl: HTTPSConnectionPool(host='www.jurgspoerry.evusa.com', port=443): Max retries exceeded with url: / (C",2026-06-22T13:06:48+00:00
7b251352-3064-4095-a5f8-9da46dae936e,200,1,1,304,Squarespace,The Little School,good,,2026-06-22T13:06:48+00:00
66e693e9-897c-4462-b22d-7a83c9491449,0,0,0,104,,,broken,connection failed,2026-06-22T13:06:48+00:00
c92a1c04-e848-4637-8ea3-ce4c2a732e8e,200,1,1,235,,Marin Real Estate Luxury Experts | Sarkissian Bullock Team,good,,2026-06-22T13:06:48+00:00
c68d646e-ffe0-4db4-b8ac-f0fe04f14904,200,1,1,1253,WordPress,Castagnasf - Business Brokers,good,,2026-06-22T13:06:48+00:00
1447b475-1670-4332-86a9-b472e034a3e4,200,0,0,214,,,weak,,2026-06-22T13:06:48+00:00
57397181-c574-463b-8b74-513ad3c2b567,200,1,1,389,Squarespace,The Plant Cafe Organic,good,,2026-06-22T13:06:49+00:00
cbf1d5dd-a139-479d-bf25-65d795f42c38,0,0,0,282,,,broken,"ssl: HTTPSConnectionPool(host='locations.jambajuice.com', port=443): Max retries exceeded with url: /ca/p",2026-06-22T13:06:49+00:00
dcd00a43-6bc5-417d-bfd0-c4adbbe69177,200,1,1,475,,Marin Housing Authority,good,,2026-06-22T13:06:49+00:00
9cc998be-6d86-422e-9be8-ecc6c7cc16b1,200,1,1,957,,"The Grateful Dog is a Dog Daycare in San Francisco, CA",good,,2026-06-22T13:06:49+00:00
e4942249-1d7a-4d52-9a54-9fcd37949122,0,0,0,118,,,broken,connection failed,2026-06-22T13:06:49+00:00
f0e2a8f8-56d9-48fe-a385-7da3ce236dcc,200,1,1,1142,WordPress,Puppyluv Academy &#8211; Puppyluv Academy,good,,2026-06-22T13:06:49+00:00
09ab3546-aa34-4cfb-9d0b-ea310d9445e0,0,0,0,39,,,broken,connection failed,2026-06-22T13:06:49+00:00
8950f7ec-face-41f6-84b9-ddbc7bd5f3d5,200,1,1,441,WordPress,Urban Remedy: Organic Fresh Food Company | Ready-To-Eat Meals,good,,2026-06-22T13:06:49+00:00
6c0ce422-d415-47b2-93a3-bb8297581d83,200,0,0,176,,,weak,,2026-06-22T13:06:49+00:00
1cdea88a-ec88-48d3-9197-a7fbeb09011c,200,1,1,347,,All Massage Envy Locations | Facials | Massage Therapy,good,,2026-06-22T13:06:49+00:00
9c2de531-139b-421d-8671-3c3224fed321,404,0,0,181,,Site is not available,broken,,2026-06-22T13:06:49+00:00
8b8e80a0-4184-4baf-ac13-eb0f2f24898b,200,1,1,408,Squarespace,"Evo Spa The premiere destination for beauty, wellness, and transformation in Mill Valley, California.",good,,2026-06-22T13:06:49+00:00
062bddc3-4b13-4e00-8ddb-3c40dce75fa5,200,0,0,192,,,weak,,2026-06-22T13:06:49+00:00
10a4ddf9-66e2-4c56-a1d7-712cb0f4723c,200,1,1,506,,King88bet : Link Login Alternatif Paling Baru & Bebas Blokir Fresh Banget Versi 2026,good,,2026-06-22T13:06:49+00:00
ec5279a0-3ae6-4587-8f1c-38f34e4aadee,200,1,1,356,Wix,THE BRONZE BRAND I MARIN SPRAY TAN + SKINCARE,good,,2026-06-22T13:06:49+00:00
4fa50b1a-aaaf-4296-9372-355e12860323,0,0,0,10,,,broken,connection failed,2026-06-22T13:06:49+00:00
e3a051f8-5bd6-438f-8eb6-1d509e388028,200,1,1,499,Shopify,Usual Wines - Single Serve Wine you can feel good about,good,,2026-06-22T13:06:49+00:00
337aece8-86e8-4e08-8fde-a238f5f081ca,0,0,0,30,,,broken,connection failed,2026-06-22T13:06:49+00:00
493d1e9c-9b59-4467-8a74-5cfe06128e01,200,1,1,584,,Home page,good,,2026-06-22T13:06:50+00:00
6a128c15-e6f7-4e6e-8eaa-a4daf4bc2db1,403,0,0,84,,etsy.com,broken,,2026-06-22T13:06:50+00:00
404c2763-85f6-4b4f-babe-d7ae0fae343d,200,1,1,928,Wix,"Shingle Springs Veterinary Clinic | emergency vet services | 4211 Sunset Lane, Shingle Springs, CA, USA",good,,2026-06-22T13:06:50+00:00
8d5995f0-3009-4974-86d4-bd9d13466ec2,404,1,0,640,,,broken,,2026-06-22T13:06:50+00:00
2e05a733-e387-4b08-ae0e-6228f856821b,200,1,1,2139,,Rosso Pizzeria & Wine Bar - Gourmet Pizza Perfection,good,,2026-06-22T13:06:50+00:00
56fd3e12-c772-4349-a0e3-f995fed4b443,200,1,0,494,WordPress,Shaw + Shaw LLP,weak,,2026-06-22T13:06:50+00:00
eba86c26-8611-49d3-8165-53c4ab1d0257,200,0,0,110,,,weak,,2026-06-22T13:06:50+00:00
01863f2c-7668-4c60-9e3b-16a43ed4cd4a,429,1,0,345,,,broken,,2026-06-22T13:06:50+00:00
a8119b4e-b7e0-467f-ad24-0a64f5543e78,0,0,0,47,,,broken,connection failed,2026-06-22T13:06:50+00:00
68c614b9-479a-408b-bbbc-eba59eef0f84,200,1,1,460,,"Petaluma News, Breaking News in Petaluma, CA",good,,2026-06-22T13:06:50+00:00
4e485040-39ca-458f-99e3-a361c0a423cf,0,0,0,38,,,broken,connection failed,2026-06-22T13:06:50+00:00
1fa28d2b-bea3-43a4-a84f-551221699738,200,1,1,545,,,good,,2026-06-22T13:06:50+00:00
0bbbe71c-3dd2-425d-ba3b-fa47648133f5,0,0,0,38,,,broken,connection failed,2026-06-22T13:06:50+00:00
b0480893-1a97-4f83-806b-bd87ceab9d74,0,0,0,48,,,broken,connection failed,2026-06-22T13:06:50+00:00
0e259fbf-2446-4701-9977-d5a9f2089185,200,1,1,761,,Concentric | Critical &amp; Forklift Power Solutions,good,,2026-06-22T13:06:51+00:00
58e8501e-00c7-4135-b47e-a80133b3525a,404,0,0,39,,Error 404 (Not Found)!!1,broken,,2026-06-22T13:06:51+00:00
c938b39d-15f7-4164-a2e8-3f19bf5e1d17,0,0,0,113,,,broken,connection failed,2026-06-22T13:06:51+00:00
3a222db9-1a94-4c7e-a0ef-f2247642ce5c,200,1,1,609,GoDaddy,Mack&#x27;s Bar &amp; Grill | Your Neighborhood Bar,good,,2026-06-22T13:06:51+00:00
fcae5174-7729-4084-bc7a-8360e81e9924,200,1,1,964,,Chem-Dry Carpet Cleaning: World&#039;s Leading Carpet Cleaner,good,,2026-06-22T13:06:51+00:00
438940ee-e10f-4d3f-adcd-fabbef4e472e,200,0,0,514,WordPress,"On The Road Again - Johanne et Nico, en road-trip de Paris Ã Sydney sur leur valeureuse Suzuki VanVan 125",weak,,2026-06-22T13:06:51+00:00
bccfe45b-85c8-479f-a0ff-d75b71eb23f2,0,0,0,15152,,,broken,timeout,2026-06-22T13:06:52+00:00
eb4e68ea-7da0-4422-949a-eb291507b8b7,200,1,1,767,Wix,Crane Service | Ad-Lite Crane Service | Northern California,good,,2026-06-22T13:06:52+00:00
bb447777-b6a0-4bb8-826f-3d15ae78a8a4,200,0,0,417,GoDaddy,"Delta Sandblasting Company, inc. - Abrasive Blasting, Coating, Sandblasting",weak,,2026-06-22T13:06:52+00:00
7a2aac94-db4e-4a59-a788-5decd843fbbb,0,0,0,110,,,broken,connection failed,2026-06-22T13:06:52+00:00
5aaee82a-c770-4271-8bf1-f8dc6aa4c3d2,0,0,0,47,,,broken,connection failed,2026-06-22T13:06:52+00:00
fd0ce18b-73e8-4b31-a1d1-59200ab230f9,200,1,1,7305,Shopify,"KUDAPOKER: IDN Poker, Poker Online, IDN Play, Daftar IDN Poker, IDNPLAY",weak,,2026-06-22T13:06:52+00:00
0a7ded46-a965-4a4d-a912-62b3c9482b5e,0,0,0,109,,,broken,connection failed,2026-06-22T13:06:52+00:00
ac957334-6339-47d0-9851-90823d5c13b3,200,1,1,1481,Shopify,Blanc Noir Online Store,good,,2026-06-22T13:06:52+00:00
b531a2ad-8634-40c8-b12a-4ccc2be81a0c,0,0,0,39,,,broken,connection failed,2026-06-22T13:06:52+00:00
1365e55f-7fd6-4ae4-8f26-72a5213fa61d,0,0,0,146,,,broken,connection failed,2026-06-22T13:06:52+00:00
66060f31-69fc-417e-b905-6de78b41f5bf,0,0,0,116,,,broken,connection failed,2026-06-22T13:06:53+00:00
c9d1179d-031c-48e5-9a7d-98897a558147,200,0,0,182,,,weak,,2026-06-22T13:06:53+00:00
e9a52b3e-27f1-4c5b-beb5-f7b6eb2ebf21,200,1,1,160,,Luxury Event Planning &amp; Venue | Bay Area | ERIA Events,good,,2026-06-22T13:06:53+00:00
5c3ed040-bef3-4f6e-a5a1-15c483f1ad30,200,1,1,380,Weebly,Redwood Empire Dental Society - Home,good,,2026-06-22T13:06:53+00:00
c70b86bd-5210-47f0-a8bd-0b564668aae2,0,0,0,129,,,broken,"ssl: HTTPSConnectionPool(host='www.zodiacmart.com', port=443): Max retries exceeded with url: / (Caused b",2026-06-22T13:06:53+00:00
083677ec-a266-4281-8b92-347064903e73,200,0,1,1965,WordPress,Home - CWS Construction,weak,,2026-06-22T13:06:53+00:00
e14e34b4-d1a6-4f7e-b7c3-d277d5e67926,200,0,0,4400,,Grebennikoff Vineyards - Home of the Fire Engine Red,weak,,2026-06-22T13:06:54+00:00
319eb407-92f1-46ab-8e89-b3e026d3e4de,200,1,1,244,Webflow,Curry Up Now | Indian Street Food Restaurant &amp; Catering,good,,2026-06-22T13:06:54+00:00
f5bba0cc-64f7-4fdb-a942-673d4709dccb,0,0,0,15072,,,broken,connection failed,2026-06-22T13:06:54+00:00
25f11ce3-3395-4881-a331-70162fa772e0,200,0,1,242,Squarespace,Sausalito Farms,weak,,2026-06-22T13:06:54+00:00
0f18eff1-25d5-447d-900c-4ca68fa6b82b,0,0,0,105,,,broken,connection failed,2026-06-22T13:06:54+00:00
94ea6956-dfbf-4fe2-bd90-4169644d6174,0,0,0,51,,,broken,connection failed,2026-06-22T13:06:54+00:00
0a6ba3bc-b630-4f47-9c3b-d6acc91cfee8,200,1,1,1305,WordPress,Studio Renegade by Farina &#8211; Portfolio,good,,2026-06-22T13:06:54+00:00
f530852a-b668-4e04-b272-b8f610e3b0a3,200,0,0,187,,Novato Boxing Club,weak,,2026-06-22T13:06:54+00:00
7b5ff3cd-3ceb-47cf-b11a-f90eb78e35a8,0,0,0,51,,,broken,connection failed,2026-06-22T13:06:54+00:00
bbfd013a-d5a3-4861-8d89-3648d3ff0b45,0,0,0,113,,,broken,connection failed,2026-06-22T13:06:54+00:00
3c030fbc-94b0-4178-bee1-270cb4a899dd,200,0,0,183,,Bolinas Artist Cottage by the Sea,weak,,2026-06-22T13:06:54+00:00
2b5f7cd4-ce7a-4c98-9db3-4bf2385d0278,0,0,0,1277,,,broken,connection failed,2026-06-22T13:06:54+00:00
14d635b6-51e4-46fe-9efe-73942124ef79,200,0,1,140,GoDaddy,"Jungle Maiden Jewelry unique organic one of a kind jewelry pieces using fine quality gemstones junglemaidenjewelry.com Sonoma, CA",weak,,2026-06-22T13:06:54+00:00
3f1c1a37-51ea-47bf-a07b-a0a3a8bd6e33,0,0,0,50,,,broken,connection failed,2026-06-22T13:06:54+00:00
967557b5-f1f9-4554-9d73-8b0d179cb658,0,0,0,102,,,broken,connection failed,2026-06-22T13:06:54+00:00
27cec70c-6aa9-48ed-bdef-f0370fc4a849,200,0,1,347,Weebly,"CRITERIUM - Criterium Marketing - Strategy, Branding, Marketing",weak,,2026-06-22T13:06:54+00:00
5891ba32-bf2c-4d61-bcd9-ee2e3f98c146,200,1,1,625,GoDaddy,Electrolysis Hair Removal - jwskin Electrolyisis,good,,2026-06-22T13:06:54+00:00
f999a813-b1c9-4249-9163-23bb787482cd,200,1,1,157,WordPress,Home - Elevate Medical Aesthetics,good,,2026-06-22T13:06:54+00:00
6ac9c4ea-58e5-47ab-8e80-cd242e680834,200,1,1,370,Squarespace,RENEE SHEPPARD,good,,2026-06-22T13:06:54+00:00
bff22f49-5ed5-472f-a085-58e69ad2ff06,0,0,0,104,,,broken,connection failed,2026-06-22T13:06:54+00:00
cdbebc82-06ee-4107-8b14-d0669f6e7c04,0,0,0,42,,,broken,connection failed,2026-06-22T13:06:54+00:00
fd4778d7-ef3c-466d-84e9-d49f390a0850,200,0,0,173,,,weak,,2026-06-22T13:06:55+00:00
e14c4f52-2188-4772-80d7-b82e135f7006,0,0,0,7,,,broken,connection failed,2026-06-22T13:06:55+00:00
a0b3c529-3539-4145-8353-a7663cd2cdb4,200,1,1,243,,Real Estate Services Sonoma County â Find Your Luxury Home,good,,2026-06-22T13:06:55+00:00
958a645f-18e0-4511-89bb-1fcd5d882469,403,0,1,120,,Just a moment...,broken,,2026-06-22T13:06:55+00:00
3b54a370-d0f0-4ca3-8abb-ee75a7858c5c,200,1,1,366,,Marsha Harris - Petaluma,good,,2026-06-22T13:06:55+00:00
d7a819f9-59e0-43cb-a7e6-9f3069e7cb2f,200,1,1,926,Shopify,Peter James Jewelry,good,,2026-06-22T13:06:55+00:00
f00a87d0-0a61-46cf-8319-e2e95873c239,200,0,1,141,Squarespace,Todd Mahoney Real Estate,weak,,2026-06-22T13:06:55+00:00
abf5bd9d-093a-4810-b4fa-4a6b05926060,200,1,1,256,WordPress,Savor the Best of Dining San Francisco Bay Area | Cavallo Point,good,,2026-06-22T13:06:55+00:00
47c8d107-3057-47da-a4bf-efa320363d7b,403,1,1,582,,TURN AROUND!,broken,,2026-06-22T13:06:55+00:00
22a73740-b5a3-4191-bc42-d86a7290892e,200,1,1,329,Wix,Home | Troya Tiburon,good,,2026-06-22T13:06:55+00:00
0fe2de1c-267b-4089-be0b-c61d53557340,200,0,1,252,Squarespace,Lifehouse,weak,,2026-06-22T13:06:55+00:00
95aa017e-4744-468d-b39c-1258f4509dfb,200,1,1,5455,,Division 7 Reps Home Page,weak,,2026-06-22T13:06:55+00:00
8b170205-ffce-4fae-9f22-a27a1c8a8bd6,200,1,1,502,WordPress,EAH Housing | A roof is just the beginning,good,,2026-06-22T13:06:55+00:00
d07a502a-64ed-4587-98d2-fdda2cf29f3e,0,0,0,9,,,broken,connection failed,2026-06-22T13:06:55+00:00
b62ad73f-e1e6-40fa-ab45-a620397ebdad,404,0,0,275,,,broken,,2026-06-22T13:06:56+00:00
c8d92f65-7eaa-492f-8feb-34ab2a8d9359,0,0,0,104,,,broken,connection failed,2026-06-22T13:06:56+00:00
50b70c2f-4c90-4615-990f-ee946f69db27,0,0,0,39,,,broken,connection failed,2026-06-22T13:06:56+00:00
b7785069-3698-4fd0-a5f8-e6ab16931b61,200,0,0,124,,,weak,,2026-06-22T13:06:56+00:00
105e3e40-2be4-4671-b42b-a111f1d59513,0,0,0,110,,,broken,connection failed,2026-06-22T13:06:56+00:00
f5438de0-2beb-40cd-9353-b8419d561ad4,200,0,1,368,GoDaddy,Roofing Service | Repair & Installation | Call (888) 602-1585,weak,,2026-06-22T13:06:56+00:00
daffefb1-99a6-4a4f-adf5-a562e30184e1,200,0,0,3235,,,weak,,2026-06-22T13:06:56+00:00
4d3e1bab-027f-41cb-8720-46ea3cbe331e,404,0,0,189,Squarespace,Squarespace - Website Expired,broken,,2026-06-22T13:06:56+00:00
d2c39b47-c47d-4b26-ae8e-e48c316af8ad,200,1,1,218,WordPress,Home - B. Wise Vineyards,good,,2026-06-22T13:06:56+00:00
0ca427ed-d8f3-49da-94e4-acf2cd698ead,0,0,0,196,,,broken,"ssl: HTTPSConnectionPool(host='www.heavenlycouture.com', port=443): Max retries exceeded with url: / (Cau",2026-06-22T13:06:56+00:00
dd8a0137-1fb4-4b3c-94e6-16d2f3e217da,200,1,1,256,Squarespace,FOTINOS VINEYARD Napa Carneros,good,,2026-06-22T13:06:56+00:00
90b78bac-0167-43e1-a5b1-3b1fa172c3e9,0,0,0,14,,,broken,connection failed,2026-06-22T13:06:56+00:00
dbc7f42e-1038-4480-8b53-33a60f07710b,200,1,1,315,WordPress,Sebastiani Next Episode - Home,good,,2026-06-22T13:06:56+00:00
db1ff651-36d5-4c4c-b13a-40a25bb2eb87,0,0,0,44,,,broken,connection failed,2026-06-22T13:06:56+00:00
a1b83ada-bf3d-45a7-8a43-7bde2c7804c6,200,1,1,703,,Passaggio Wines - Homepage,good,,2026-06-22T13:06:56+00:00
1e357460-fa3e-4d08-afc5-ace69ce95a29,202,1,0,137,,,weak,,2026-06-22T13:06:56+00:00
24ca27dd-dcaa-44e1-890e-910b3d20c3df,200,1,1,279,Squarespace,Metta Yoga Studios,good,,2026-06-22T13:06:56+00:00
c2ba5e21-0fcc-403d-88aa-0b88ae1719dc,0,0,0,62,,,broken,connection failed,2026-06-22T13:06:56+00:00
47b311ec-aa62-4b44-835c-02ddd87d1d0f,200,1,1,1035,,Acne Specialist Petaluma CA | Petaluma Premier Skincare | © 2026 PETALUMA PREMIER SKINCARE LLC,good,,2026-06-22T13:06:56+00:00
41260245-2e76-49e9-b854-f48c24638306,200,1,1,364,Shopify,"Women&#39;s Apparel, Home &amp; Gift",good,,2026-06-22T13:06:56+00:00
d2129166-6ee7-416d-86b6-7ce3992b45b8,500,0,0,205,,500 Server Error,broken,,2026-06-22T13:06:57+00:00
232dcaac-f453-44ee-8153-ed7c38e5a0a6,200,1,1,294,GoDaddy,BooksInBalance.com is for sale | HugeDomains,good,,2026-06-22T13:06:57+00:00
56478ab1-0e2c-4fbc-8f74-7943ad2dde36,0,0,0,39,,,broken,connection failed,2026-06-22T13:06:57+00:00
e57d9128-79b9-4169-8f68-30c99164e3ef,200,1,1,663,Wix,Bookkeeping | Goodyear Financial Inc.,good,,2026-06-22T13:06:57+00:00
5eead217-4ceb-4c59-a9ee-a144fb0a9d2b,200,1,1,858,,Call Now 415-883-3700 - Firm Profile,good,,2026-06-22T13:06:57+00:00
a254b86d-3d46-4751-bb4e-d2ea8ccffb0b,200,1,1,291,,Accounting Controllership - Tax - Call Strategic Tax,good,,2026-06-22T13:06:57+00:00
4433cf17-2db3-41a0-ab1a-1c994d6e8249,200,1,1,899,WordPress,Pisenti &amp; Brinker - Sorren,good,,2026-06-22T13:06:57+00:00
247ea3c2-42e3-4d12-bd1a-35ca0c65ac5a,200,1,1,385,Wix,"Valerie Mendels, L.Ac. | Functional Medicine &amp; Chinese Medicine for Women's Health",good,,2026-06-22T13:06:58+00:00
2012ff0d-bc0a-4ecb-aeba-abb9a618a3fe,0,0,0,45,,,broken,connection failed,2026-06-22T13:06:58+00:00
c54d8cc7-cfc5-4f60-b243-07281439fde0,200,1,1,1275,WordPress,Cascade365,good,,2026-06-22T13:06:58+00:00
10438b87-ed19-44c3-800b-47ffa84fc2a9,200,1,1,395,,Integrative Medicine and Primary Care at Sutter Institute for Health &amp; Healing,good,,2026-06-22T13:06:58+00:00
859c040e-2f10-41eb-960d-65750a62b75d,200,1,1,502,GoDaddy,Buy chalitaacupuncture.com – Premium Expired .com Domain on GoDaddy | ExpiredDomains.com,good,,2026-06-22T13:06:58+00:00
002ee61b-251e-4575-86c8-869f8d53451d,403,0,1,129,,Suspected Phishing | Cloudflare,broken,,2026-06-22T13:06:58+00:00
dfecb25e-9ec6-4e42-ada1-8cf23e6ae9cd,0,0,0,111,,,broken,connection failed,2026-06-22T13:06:58+00:00
bf609230-48dc-4f1f-ad47-a4adfb1470be,200,0,1,296,,petalumaacupuncture.org&nbsp;-&nbsp;petalumaacupuncture Resources and Information.,weak,,2026-06-22T13:06:58+00:00
a322fd12-3e54-42e2-a886-5b2737bad860,200,1,1,3928,WordPress,Belli Law Firm Bicycle Accidents - The Belli Law Firm,good,,2026-06-22T13:06:58+00:00
c602ccd0-15e1-4b15-ada8-86d45b2ffa1b,202,0,0,267,,,weak,,2026-06-22T13:06:58+00:00
e9892aa8-dab8-4e95-afed-d8090eab875e,0,0,0,1952,,,broken,"ssl: HTTPSConnectionPool(host='www.rjrcpa.com', port=443): Max retries exceeded with url: / (Caused by SS",2026-06-22T13:06:59+00:00
b7cfe2ae-f37f-4ac2-8d86-46888749e7ea,404,1,1,505,,404: NotFound,broken,,2026-06-22T13:06:59+00:00
41154b21-aa36-44c6-b9ce-007a096d140d,200,1,1,530,,"Home | Xiao(Rocky)Wang Acupuncture - San Rafael, California",good,,2026-06-22T13:06:59+00:00
d65799df-e814-4caf-9fc0-ab7b1ad83c52,200,1,1,274,,"Home | Xiao(Rocky)Wang Acupuncture - San Rafael, California",good,,2026-06-22T13:06:59+00:00
cbf54f5e-39c5-42b0-bbdc-c8503f7f4a9e,0,0,0,15163,,,broken,timeout,2026-06-22T13:06:59+00:00
72f9e9c6-df92-4308-abb9-599d27550830,200,1,1,304,,Sausalito Air Duct Cleaning Call Us: (415) 360-3222,good,,2026-06-22T13:06:59+00:00
9f6a4d60-0085-4741-b793-140e6f6d398f,200,1,1,353,,Protect Your Investment: The Ultimate Guide To Custom Center Console Boat Covers For Sale,good,,2026-06-22T13:06:59+00:00
1dbe0e04-0ce1-409e-955b-7935e7901f3d,200,1,0,330,,"Barefoot Cafe : Fairfax, CA Breakfast, Lunch, Dinner Daily : Sunday Brunch : Wine Bar, Imported and Local Premium Beers",weak,,2026-06-22T13:06:59+00:00
495f2dc5-1b5e-418b-92c2-77b092e909a8,200,1,1,111,WordPress,Black Bear Diner – Breakfast Served All Day!,good,,2026-06-22T13:07:00+00:00
40cc2124-5caa-4d55-a617-5a097b63f620,0,0,0,66,,,broken,connection failed,2026-06-22T13:07:00+00:00
639313cb-7fab-45c5-82ad-62189446277d,200,0,1,2030,WordPress,Marin acupuncturist | Marin acupuncturist and Nutrition,weak,,2026-06-22T13:07:00+00:00
a1cb6a65-58a8-4539-990d-fd4f6805eccf,0,0,0,142,,,broken,connection failed,2026-06-22T13:07:00+00:00
34058a3c-42d5-4b9f-821c-7be13e2a4be8,0,0,0,4192,,,broken,connection failed,2026-06-22T13:07:00+00:00
6fd78fac-e39f-46a5-815a-e03648db116e,0,0,0,146,,,broken,connection failed,2026-06-22T13:07:00+00:00
17ca4d1d-fac3-4efd-89b5-7b7afce4c03e,404,1,1,1681,,Ничего не найдено для Berkeley Restaurants Poi Kasbah 242066,broken,,2026-06-22T13:07:00+00:00
766a7d89-16a6-4f95-a6aa-0127744873b3,200,1,1,1421,,TRAVIS REMODELING,good,,2026-06-22T13:07:00+00:00
22a851fe-4777-4a6e-b282-358dea6f81df,0,0,0,10015,,,broken,connection failed,2026-06-22T13:07:00+00:00
8a2b4e62-7397-44c8-ac9f-03723e2f29c8,0,0,0,972,,,broken,connection failed,2026-06-22T13:07:00+00:00
faf0f998-b542-480d-8970-29ea857f09f9,0,0,0,107,,,broken,connection failed,2026-06-22T13:07:01+00:00
b0a12716-c24c-4a51-b0de-d779a3174224,0,0,0,38,,,broken,connection failed,2026-06-22T13:07:01+00:00
a1fc326a-4c2a-4225-992d-9abc1feac16d,200,1,1,185,,Dorian,good,,2026-06-22T13:07:01+00:00
b0b910f4-eb56-4f02-bfb7-a183872019c0,200,1,1,2405,WordPress,"Wellspring Acupuncture &amp; Massage | Corte Madera, Marin",good,,2026-06-22T13:07:01+00:00
58c2814e-7c14-4c38-9683-92a1f128b5f1,0,0,0,101,,,broken,connection failed,2026-06-22T13:07:01+00:00
675aea2b-d7ec-41fb-b004-0b261d6000ad,0,0,0,44,,,broken,connection failed,2026-06-22T13:07:01+00:00
5c6a1a7b-a822-404d-856a-e78c28b2996f,200,1,0,238,,,weak,,2026-06-22T13:07:01+00:00
f755e427-4304-4925-b3b8-5bc846340527,200,1,1,504,Wix,HOME | Gourmet Food,good,,2026-06-22T13:07:01+00:00
2a2dcd42-d9b7-401b-b783-9c7b9a778770,200,1,1,3196,WordPress,North Bay Fertility Acupuncture | Fertility Acupuncture in Sonoma and Napa CA,good,,2026-06-22T13:07:01+00:00
fdede169-cc5d-4e4e-842e-36594d57a124,200,1,1,664,Shopify,Belinda Wickwire Jewelry &ndash; Opening Soon,good,,2026-06-22T13:07:01+00:00
a8bcba4f-2484-4abb-b92d-8fa135f33c9f,200,0,1,1819,,389SPORTS: Best Link Website in Official Trust 389Sport,weak,,2026-06-22T13:07:02+00:00
a6c9da51-f5d4-425b-832c-d8274ab7aeba,200,0,0,393,,,weak,,2026-06-22T13:07:02+00:00
edbc9b29-fdc6-45a9-9b9e-8839f2370193,200,1,0,2201,,,weak,,2026-06-22T13:07:02+00:00
d910c6e4-b216-41da-b8b2-e6cefdef9d34,200,1,1,307,Squarespace,High End Residential Architecture | Custom &amp; Luxury Home,good,,2026-06-22T13:07:02+00:00
885fa43b-ee7c-48af-bda4-ba0a66ab9c8a,200,1,1,430,Squarespace,Bay Area Residential Architects | Kirley Architects,good,,2026-06-22T13:07:02+00:00
a55d4966-e320-4a94-a860-187c01698805,200,1,1,349,Wix,HOME | mjhconstructionmgt,good,,2026-06-22T13:07:02+00:00
aab1e5fe-219c-4e59-85a3-e84905e8d7a1,200,1,1,1558,WordPress,Oilcloth Tablecloths Placemats Totes Aprons Bags • Cottage Home Decor,good,,2026-06-22T13:07:02+00:00
cd6f38af-7765-4848-8eba-a4b2aca678ba,200,0,1,179,Squarespace,Michael Heacock Architects,weak,,2026-06-22T13:07:03+00:00
e4dbf1ae-604b-4ae6-9cfa-5c0c3389aa1d,200,1,1,109,,Asian Box,good,,2026-06-22T13:07:03+00:00
da1c7940-ea5f-49a3-a5c5-87f23ce3f55c,200,1,1,295,Wix,Wright Architecture,good,,2026-06-22T13:07:03+00:00
52d40ab2-29b1-42bc-b4d8-640c2ea99523,0,0,0,50,,,broken,connection failed,2026-06-22T13:07:03+00:00
8ecfafe5-ec74-47af-b26f-7a54330b3ab2,200,1,1,484,,"Studio 300A Architecture - Architect, Marin County",good,,2026-06-22T13:07:03+00:00
bf8d69c8-791a-44ee-be26-6399c70030d3,0,0,0,1985,,,broken,connection failed,2026-06-22T13:07:03+00:00
2e21d73f-592a-447c-97da-e58c50efc93e,0,0,0,40,,,broken,connection failed,2026-06-22T13:07:03+00:00
ae912482-d239-45a7-bb3f-7e68e5980030,200,1,1,441,,Order Authentic Chinese Online | China House - Pickup or Delivery Available,good,,2026-06-22T13:07:03+00:00
94914d3e-b20b-4445-89da-98ad1e0cc036,0,0,0,39,,,broken,connection failed,2026-06-22T13:07:03+00:00
2991b4c8-4b80-4dfb-89b2-b2ef1b38d39f,0,0,0,15137,,,broken,timeout,2026-06-22T13:07:03+00:00
48292dfc-fc71-4ffb-afb0-9721987e8901,404,1,0,492,Squarespace,Squarespace - Website Expired,broken,,2026-06-22T13:07:03+00:00
56b6c93e-6b74-4003-9957-50021ba3b66a,0,0,0,38,,,broken,connection failed,2026-06-22T13:07:03+00:00
f9e05888-d50d-46e5-be59-a9b119243d00,0,0,0,52,,,broken,connection failed,2026-06-22T13:07:03+00:00
34114aef-5809-4632-9989-e8816f27d19d,200,1,1,565,,Order Authentic Chinese Online | Emma&#x27;s Restaurant - Pickup or Delivery Available,good,,2026-06-22T13:07:03+00:00
b7b1253f-2716-4023-883e-01e6a378021b,200,1,1,334,,"Collision Repair in San Rafael, CA | SAN RAFAEL | Crash Champions Store",good,,2026-06-22T13:07:04+00:00
9e630b49-9dd7-4d71-a97d-fcaee47aac3f,200,1,1,203,,"Novato, CA | Crash Champions",good,,2026-06-22T13:07:04+00:00
856e4b9a-3a47-411c-8dd4-4fa44902b2c0,404,1,1,471,,"Auto Body &amp; Collision Repair Shops in Sonoma-15418, CA | CARSTAR",broken,,2026-06-22T13:07:04+00:00
61cf00ca-7ed6-48d3-b1ac-eb5f69f2b450,200,1,1,2009,WordPress,Engelhardt Architecture - Architectural design for homes in Marin,good,,2026-06-22T13:07:04+00:00
d868caa3-b434-44fd-a46e-bf8ce94e0f58,200,1,1,2937,,Sentimental Journey Antiques,good,,2026-06-22T13:07:04+00:00
ad66ddb0-a5ef-496a-bce5-a2a24b95ac65,0,0,0,144,,,broken,connection failed,2026-06-22T13:07:04+00:00
e2bcbcbf-1d29-4467-a7bb-84518b95f081,0,0,0,29,,,broken,connection failed,2026-06-22T13:07:04+00:00
fffb6ded-826e-4af8-b435-d4e168b8f2e4,200,1,1,291,,"Auto Collision Repair | D AND K COLLISION REPAIR CENTER, INC. | San Rafael, CA",good,,2026-06-22T13:07:04+00:00
72b98f75-c854-41d6-98f7-59c9373562da,200,1,1,657,WordPress,San Rafael Collision Repair - Chilton Auto Body,good,,2026-06-22T13:07:04+00:00
2e7a416e-f7ef-419d-916f-e4e735a1affd,200,1,1,307,GoDaddy,,good,,2026-06-22T13:07:04+00:00
50393749-407c-4478-8f80-9a6321abf119,403,0,0,206,,403 Forbidden,broken,,2026-06-22T13:07:04+00:00
496ac321-0854-4ae4-a3d7-a1b80c89313c,200,1,1,344,,"Auto Repair Technicians - Novato, CA - Nave Motors Inc.",good,,2026-06-22T13:07:04+00:00
907ab241-e113-4f52-8a45-b8aa42707ca1,200,1,1,1169,,"Teriyaki Madness in Novato 94949 | Teriyaki Bowls, Noodles & More",good,,2026-06-22T13:07:04+00:00
4ba72ae5-3c78-4049-a2a6-3760cd074810,0,0,0,15247,,,broken,connection failed,2026-06-22T13:07:04+00:00
043e71a8-53ca-4223-9fcc-a03860ebc007,0,0,0,153,,,broken,connection failed,2026-06-22T13:07:04+00:00
e5e81550-7199-476b-83da-0d9c077254c7,403,1,1,164,,Just a moment...,broken,,2026-06-22T13:07:04+00:00
8ddb2ef1-791e-467c-a164-84ac629d61b2,403,1,0,500,,ERROR: The request could not be satisfied,broken,,2026-06-22T13:07:04+00:00
a40107bc-1b65-418b-aa41-b5c2c0bc0879,200,1,1,400,Wix,Home | Computerized Car Care,good,,2026-06-22T13:07:04+00:00
71c080a5-91ae-4eb8-aef5-ea3eb4f35b1d,0,0,0,115,,,broken,connection failed,2026-06-22T13:07:04+00:00
74042427-df75-4dca-b52a-b0f2cc05fc10,403,1,1,421,,Dealer Website,broken,,2026-06-22T13:07:04+00:00
84769b41-9848-4902-a279-8d270eadc0c7,0,0,0,58,,,broken,connection failed,2026-06-22T13:07:05+00:00
4c6e794f-b4e1-4ded-b59a-cee8e19649d9,200,1,1,741,Drupal,Auto Maintenance and Repair Services | AAA Official Site,good,,2026-06-22T13:07:05+00:00
eb116009-16ef-4d52-a0c3-6a6ce8698374,200,1,1,795,Drupal,Auto Maintenance and Repair Services | AAA Official Site,good,,2026-06-22T13:07:05+00:00
cf6c0ed2-6969-4677-8e66-4e72f2e82688,200,1,1,787,WordPress,"Auto Repair Shop in Sonoma, CA | Anton&#039;s European Car Service",good,,2026-06-22T13:07:05+00:00
d593f4e3-6caa-4653-a4da-08254779837b,0,0,0,473,,,broken,"ssl: HTTPSConnectionPool(host='www.volvomarin.com', port=443): Max retries exceeded with url: / (Caused b",2026-06-22T13:07:05+00:00
89f6fb4b-8f48-40db-9d2a-68c6e15ec1d9,200,1,1,416,,AAA | American Automobile Association,good,,2026-06-22T13:07:05+00:00
69e6d0d3-4c11-4c3b-ad9c-e1cf45096d93,200,0,0,248,,m o t r o n i x a u t o,weak,,2026-06-22T13:07:05+00:00
f5cd7e24-6ed1-4513-839f-48489c0f9011,0,0,0,78,,,broken,connection failed,2026-06-22T13:07:05+00:00
64456a4e-52ed-47f1-80a3-c1822a173fd4,0,0,0,114,,,broken,connection failed,2026-06-22T13:07:05+00:00
64848650-621b-47df-9687-8175a1be3cfd,200,1,1,508,GoDaddy,brackenautoservice.com,good,,2026-06-22T13:07:05+00:00
2878b0bf-f9d9-42c5-8f98-774abfe070fd,200,1,0,878,,"855-948-2577 | San Francisco Exotic Cars | Luxury Cars for Sale | in the Bay Area, CA",weak,,2026-06-22T13:07:05+00:00
f61b68fc-1308-4dab-a695-57b9532aca9f,200,1,1,645,,Shell Global,good,,2026-06-22T13:07:05+00:00
a9b33f96-d454-4870-a774-714521a9c133,0,0,0,45,,,broken,connection failed,2026-06-22T13:07:05+00:00
1cbc5020-7cd8-4b34-b9f5-3b2958ae2d37,200,1,0,1189,,"Polestar Marin: Polestar Dealer In San Rafael, CA",weak,,2026-06-22T13:07:05+00:00
7066fcc9-7b25-410d-8803-a0fb13210f9c,200,1,1,4465,,"Architectural Designs | Inverness, CA - Alex Riley Associates",weak,,2026-06-22T13:07:05+00:00
1ac1118b-7b62-4f04-a150-584903858cff,200,0,1,888,WordPress,,weak,,2026-06-22T13:07:05+00:00
0adf38cc-87fd-4aa6-b5aa-642fccda2f06,200,1,1,430,GoDaddy,Precision | Body Shop &amp; Detail,good,,2026-06-22T13:07:05+00:00
d2ee2d5f-8e74-494a-b8d7-ef9ffce31762,404,1,0,307,WordPress,,broken,,2026-06-22T13:07:05+00:00
9a3c1df0-9bf8-42c7-9c16-dcb6ed9a5d6f,200,1,1,173,Shopify,Baked Blooms,good,,2026-06-22T13:07:06+00:00
9c588d5d-d4b7-4d14-bcb7-28882e8a2b1a,200,1,1,372,Shopify,Alvarado Street Bakery | Organic Sprouted Grain Breads &amp; Bagels,good,,2026-06-22T13:07:06+00:00
bee05e4c-4bb0-4c96-8e68-36c5ef2d7644,409,0,1,304,,DNS resolution error | www.biscuitsandbuns.com | Cloudflare,broken,,2026-06-22T13:07:06+00:00
d2d1a65b-7e79-4c5f-b86b-5fce146b8054,200,1,1,513,GoDaddy,BRIGHT BEAR BAKERY,good,,2026-06-22T13:07:06+00:00
0f2e325c-8d5f-420b-b562-c4a95814a1e8,200,1,1,477,WordPress,Travel Blog for Art Galleries,good,,2026-06-22T13:07:06+00:00
571780b9-67b3-42d7-b2a8-3b65762d49b0,0,0,0,39,,,broken,connection failed,2026-06-22T13:07:06+00:00
2033df64-ea48-447f-a478-1dcf45d45ad9,200,1,1,915,Shopify,"Organic Seaweed Snacks, USDA, Non-GMO &ndash; gimme Seaweed",good,,2026-06-22T13:07:06+00:00
9a37fac2-e0b6-47d2-bd8f-8369c9168c23,0,0,0,49,,,broken,connection failed,2026-06-22T13:07:06+00:00
00fd69ca-ed6e-4d1b-b6a9-d8d6a80f6a4e,200,1,1,569,Squarespace,Flour Craft Bakery,good,,2026-06-22T13:07:06+00:00
31efe11c-a059-4426-9ac6-8a90e4aa5ce9,404,1,0,1205,,404 Not Found,broken,,2026-06-22T13:07:06+00:00
54c8bc8e-4800-4187-bead-cca1ae676c10,200,1,1,1049,WordPress,Artisan Bakers | Organic Artisan Bakery &amp; Private Label Partner,good,,2026-06-22T13:07:06+00:00
7f26c916-d177-4cee-851a-bbee1a1badcc,0,0,0,13,,,broken,connection failed,2026-06-22T13:07:06+00:00
5580b0d4-fe7b-4f4b-b704-6b5eedceabf7,200,0,0,71,,,weak,,2026-06-22T13:07:06+00:00
66156890-4972-4c0b-b888-fee1115c55de,200,1,1,469,,SusieCakes,good,,2026-06-22T13:07:06+00:00
91148f8d-ed65-4e0e-bdde-9ec4d7893e8a,0,0,0,41,,,broken,connection failed,2026-06-22T13:07:07+00:00
c8a27280-ce0a-4495-99c7-3022bddbddd4,200,1,1,368,Squarespace,Waldscraft Bakery,good,,2026-06-22T13:07:07+00:00
5c4ec61f-4b23-4243-9e5a-76adbf3e451f,403,1,1,152,,Just a moment...,broken,,2026-06-22T13:07:07+00:00
cf7f37a0-ef9c-4406-b0da-96b51717482a,200,1,1,1745,,"Banners &amp; Custom Signs | Seattle, WA | Davis Sign",good,,2026-06-22T13:07:07+00:00
bc5a1bcf-5e31-4c37-8a56-7a47afe5be94,200,1,1,336,GoDaddy,HOME,good,,2026-06-22T13:07:07+00:00
0e591dc5-ef0b-4358-97a5-b49db355cb6b,200,1,1,637,,Tyler Florence - Wolf it Down,good,,2026-06-22T13:07:07+00:00
a9b6f40b-a9e4-4c60-a5af-505744599e95,200,1,1,251,,Farley | San Francisco Bay Area Bistro | Cavallo Point,good,,2026-06-22T13:07:07+00:00
5420fbde-7c50-486a-8e29-c176b37d69bc,403,1,1,467,,Just a moment...,broken,,2026-06-22T13:07:07+00:00
84aace5f-cad2-4792-9a1b-683fc1dbeffb,200,1,1,234,GoDaddy,Frantoio.com is for sale | HugeDomains,good,,2026-06-22T13:07:07+00:00
1ed8c025-ecf8-4b79-8a03-80326ac3f448,200,1,1,243,WordPress,"MacArthur Place Hotel &amp; Spa | Luxury Hotel In Sonoma, CA",good,,2026-06-22T13:07:07+00:00
607e2c90-d9d6-4f7a-b75b-740b47a79d84,0,0,0,141,,,broken,connection failed,2026-06-22T13:07:07+00:00
ca2e2b47-d93b-4eec-acc2-979501f07b8a,200,1,1,406,Squarespace,James Warren Perry,good,,2026-06-22T13:07:07+00:00
e6e11518-949b-44f3-8d4e-556a0ddf0057,200,1,1,1251,WordPress,John and Jills Cheesecakes &#8211; Delicious.,good,,2026-06-22T13:07:07+00:00
639cb9c0-748e-4adb-907c-862e7b20b48d,0,0,0,96,,,broken,"ssl: HTTPSConnectionPool(host='dickeys.com', port=443): Max retries exceeded with url: /locations (Caused",2026-06-22T13:07:07+00:00
8f795509-a118-40a5-95c3-31c83d55485f,0,0,0,39,,,broken,connection failed,2026-06-22T13:07:07+00:00
4d3b90f7-3e30-4ee6-92b6-0ef604a00fe3,200,1,1,1622,WordPress,Traditional Greek Cookies &amp; Pastries For Sale | Glyká Sweets,good,,2026-06-22T13:07:07+00:00
22382771-940d-4c13-93f0-d4111aa5d84c,404,1,0,234,Squarespace,Squarespace - Website Expired,broken,,2026-06-22T13:07:07+00:00
52a3eb30-8050-4150-a656-e3b75e361f84,0,0,0,102,,,broken,connection failed,2026-06-22T13:07:07+00:00
f869bb10-2b2a-4d12-a500-6e97efa97101,200,1,1,422,Squarespace,Roadside BBQ,good,,2026-06-22T13:07:08+00:00
30863ecb-d815-4df4-bbd3-e072dc7385e0,0,0,0,15043,,,broken,timeout,2026-06-22T13:07:08+00:00
ccbe252a-cfc9-4f9b-abe8-40b81bf1ffef,200,0,0,183,,,weak,,2026-06-22T13:07:08+00:00
7aa4e822-f665-488c-adef-fc89209f7872,200,1,1,637,Shopify,"Trader Vic’s Hospitality Group | Fusion Flavors, Tropical Vibes, and Mai Tai",good,,2026-06-22T13:07:08+00:00
17334884-32a7-4cd2-ace5-f9e51ea55c8e,200,1,1,198,,Official Site | Benefit Cosmetics BrowBar | Ulta Petaluma,good,,2026-06-22T13:07:08+00:00
a6bff0cb-c2fa-483e-a891-592c3542f773,200,1,1,221,,Official Site | Benefit Cosmetics BrowBar | Ulta Novato,good,,2026-06-22T13:07:08+00:00
e1b59e9f-601b-4926-85f8-a80ed372888d,200,1,1,267,Squarespace,Location &mdash; PISCES Skin &amp; Beauty,good,,2026-06-22T13:07:08+00:00
4d24d96e-2fda-4fd5-8094-73975243743b,403,1,0,124,,Access Denied,broken,,2026-06-22T13:07:08+00:00
60a7c529-bf08-4619-bfa1-6266973b4f9c,0,0,0,41,,,broken,connection failed,2026-06-22T13:07:08+00:00
e7b0384f-efb0-473a-ba90-334721f16cb5,307,1,1,164,,Access to this page has been denied,good,,2026-06-22T13:07:08+00:00
a4aebdca-543c-42c1-bcf1-d18614b75005,200,1,1,976,,Pusat Main Demo: Situs Slot Demo Gratis Pragmatic Play & PG Soft Mata Uang Rupiah,good,,2026-06-22T13:07:08+00:00
2aa09399-5e68-4037-a6b8-a2e721a4f4cb,0,0,0,65,,,broken,connection failed,2026-06-22T13:07:08+00:00
81685106-1493-4560-afb7-a06002d2518c,0,0,0,17,,,broken,connection failed,2026-06-22T13:07:08+00:00
587156ce-ebeb-47ba-9848-f54de59bc41b,200,1,1,626,,Diego Lopez Construction,good,,2026-06-22T13:07:08+00:00
08ea3a4b-b3ec-4871-9484-c4ba9c148323,200,0,1,383,,backstageglamour.com&nbsp;-&nbsp;backstageglamour Resources and Information.,weak,,2026-06-22T13:07:08+00:00
d0ee95a5-3d2f-4a65-ad66-cea1ba0a1f68,200,1,1,283,Squarespace,Noelle Hernandez Aesthetics,good,,2026-06-22T13:07:08+00:00
04512484-c834-486d-8b91-51ea291e8bb7,200,1,1,308,,Lush Brows | Sausalito [ Book now ],good,,2026-06-22T13:07:08+00:00
a314aa59-7686-4f5b-9f2d-746454fc3689,200,1,1,1906,WordPress,Jim Callahan &#8211; Sculptor,good,,2026-06-22T13:07:08+00:00
750cb031-70c8-4265-8868-77c7895a12be,200,1,1,537,,Integr8 Massage & Wellness - Sherwood Park,good,,2026-06-22T13:07:09+00:00
b389875c-5203-40b5-af7b-c65533db4f18,200,1,1,998,WordPress,Simpson Bathroom Remodeling &#8211; Simpson Custom Design,good,,2026-06-22T13:07:09+00:00
54544a75-aff4-4d22-a422-ebb48871becd,202,0,0,151,,,weak,,2026-06-22T13:07:09+00:00
3dfd42c9-4dc5-48cb-98fa-59d0143f9443,200,1,1,698,Wix,Salon | Luna - Salon And Studio | San Rafael,good,,2026-06-22T13:07:09+00:00
08132e50-0f33-42eb-9319-17c1f3465ca1,200,1,1,600,,"Booksy - hair stylists, barbers, beauticians... book appointments online!",good,,2026-06-22T13:07:09+00:00
659567c4-fab7-4283-bc02-6968d5b7ce3e,200,1,1,775,WordPress,skin care san rafael &#8211; skin care,good,,2026-06-22T13:07:09+00:00
0326c4d5-2204-4c49-a5ae-14c2d47f8292,200,1,1,598,Wix,Home | gueshousebb,good,,2026-06-22T13:07:09+00:00
3e9df174-a429-480e-af0e-8c1e873c2d42,404,1,1,764,,404: This page could not be found.,broken,,2026-06-22T13:07:09+00:00
2bde0d39-d6e7-4277-976f-082ba541a67c,200,1,1,177,,Le Cache - Shop Premium Wine Cabinets and Wine Storage,good,,2026-06-22T13:07:09+00:00
821e76d4-3864-46ae-9a94-5600a74f142f,200,1,1,491,Shopify,Aabalat Fine and Rare Wines,good,,2026-06-22T13:07:10+00:00
3a733a2d-5cdd-4bb1-858e-a7376b1c3b4a,200,1,1,793,,Cloisonné Wines - Homepage,good,,2026-06-22T13:07:10+00:00
f8097c66-00fe-4fa0-9312-94c2e8cd2799,0,0,0,46,,,broken,connection failed,2026-06-22T13:07:10+00:00
d18e2048-4389-463d-ac25-5b314213e0b0,200,1,1,1273,Drupal,San Anselmo Inn | Your California Destination Hotel,good,,2026-06-22T13:07:10+00:00
5896abac-77e0-4d1a-ac4f-bdd5648bd360,200,1,1,1362,Wix,Home | Sandpiper Lodging Stinson Beach,good,,2026-06-22T13:07:10+00:00
edb375b9-fcf0-439c-b048-37664dfce5d8,200,1,1,273,Squarespace,Field Works Petaluma,good,,2026-06-22T13:07:10+00:00
2a9c304c-3c25-4a26-8809-ff1953753f62,0,0,0,842,,,broken,connection failed,2026-06-22T13:07:10+00:00
d44e96e3-51c6-4cb5-8488-c538454c8c0c,200,1,1,439,Shopify,Brandy Melville USA,good,,2026-06-22T13:07:10+00:00
05814fe1-c695-4bfe-aacf-e55288b1aa0b,0,0,0,48,,,broken,connection failed,2026-06-22T13:07:10+00:00
84617493-9e05-4bc3-9ffe-d74e9d2f37ae,200,1,1,341,Shopify,y&i clothing boutique &ndash; y&amp;i clothing boutique,good,,2026-06-22T13:07:11+00:00
2d11c1d9-2638-4e84-b2fd-f39278b30bf6,200,1,1,230,GoDaddy,"Cracked &amp; Battered - Brunch, Fried Chicken &amp; Waffles",good,,2026-06-22T13:07:11+00:00
4dea5796-21ec-4417-9cf2-8860630d05ff,200,0,0,166,,,weak,,2026-06-22T13:07:11+00:00
c675af88-cdc7-4aeb-8f60-1fc4e83e16f5,200,1,1,481,WordPress,Boxing Gym & Personal Training - Marin Boxing - San Rafael,good,,2026-06-22T13:07:11+00:00
3a571307-e147-4757-a275-771fc109b8cb,0,0,0,0,,,broken,InvalidURL: Failed to parse: http://www.​2breakfast.​com,2026-06-22T13:07:11+00:00
7b6e184b-9200-4cb2-a6a1-ef4c342b3b41,200,1,1,3616,WordPress,Find Your Barre Studio | The Bar Method Locations,good,,2026-06-22T13:07:11+00:00
600ee2ef-bc43-4b38-8d12-7049bc47fb6a,200,1,1,541,,Bogie's Cafe,good,,2026-06-22T13:07:11+00:00
cc41dbe3-1b1c-4a72-9614-27bf279d9a80,200,1,1,248,WordPress,Savor the Best of Dining San Francisco Bay Area | Cavallo Point,good,,2026-06-22T13:07:11+00:00
648ee278-726b-4522-8f22-96007a726695,200,0,0,200,,,weak,,2026-06-22T13:07:11+00:00
6f58945c-ed34-4af9-bf0e-cf1705817436,0,0,0,13,,,broken,connection failed,2026-06-22T13:07:11+00:00
052300e4-bb13-4347-8c96-8b79611da628,200,1,1,403,,"Sax&apos;s Joint - Petaluma, CA",good,,2026-06-22T13:07:11+00:00
c3339655-ab53-401e-b8e7-956efb65e95e,200,1,1,366,Squarespace,State Room Brewery,good,,2026-06-22T13:07:11+00:00
7b327ffa-2c41-421f-83e6-db52fb85a220,200,0,1,346,,Account Suspended,weak,,2026-06-22T13:07:11+00:00
a23d685a-a661-4f50-aa9e-f76eecfe19fb,0,0,0,135,,,broken,connection failed,2026-06-22T13:07:12+00:00
8c8f8f4e-da62-481e-b601-ffa2fd30d11d,200,1,1,182,,A&amp;W Restaurants,good,,2026-06-22T13:07:12+00:00
8a1471c0-34ab-4e07-86f1-6adbd04dc684,200,1,1,1017,Shopify,Fort Point Beer Company | Beer from San Francisco,good,,2026-06-22T13:07:12+00:00
fe1ffdbc-8c2f-42e2-83ac-e11ac1d80395,200,1,1,1008,WordPress,Lagunitas Home page,good,,2026-06-22T13:07:12+00:00
c23528b1-8f92-44b5-b0bb-57c5afbd05f5,200,1,1,342,Squarespace,Barney&#39;s Gourmet Hamburgers,good,,2026-06-22T13:07:12+00:00
f66a1e33-2d58-4d1f-90f0-e3d2ad5de942,200,1,1,138,,"Wendy&#039;s® | Home of Fresh, Never Frozen Beef Since 1969",good,,2026-06-22T13:07:12+00:00
21111767-999f-48bc-abbf-f8e8977c6719,200,1,1,292,,Burger Restaurant |The Counter,good,,2026-06-22T13:07:12+00:00
153fad9b-e648-43fb-9bb2-447eeae964ce,200,1,1,649,,Acme Burger | American Restaurant in CA,good,,2026-06-22T13:07:12+00:00
e4ebff84-265b-476c-bad0-a8ac98e4474c,200,1,1,148,,Attorney | San Mateo | James M Draeger,good,,2026-06-22T13:07:12+00:00
190603a5-dec9-4b22-8042-f9ac4a02ae9e,0,0,0,154,,,broken,connection failed,2026-06-22T13:07:12+00:00
10be5d4a-511a-4a3c-ad03-672d8d6cc125,200,1,1,228,,The Law Offices of Pauline M. Deixler - The Law Offices of Pauline M. Deixler,good,,2026-06-22T13:07:12+00:00
50ce9017-953a-4ece-9521-de51a7668bf8,200,1,1,1854,WordPress,Squat &amp; Gobble | San Francisco Happy Hour | Crepes | Kids Eat Free | Outdoor Dining | Squat and Gobble Squat &amp; Gobbleess site,good,,2026-06-22T13:07:13+00:00
e2a353e7-4159-498e-a9d6-bda89726b421,200,1,1,544,,"Legal Services | San Rafael, CA | Law Offices of Richard C. Stromberg",good,,2026-06-22T13:07:13+00:00
b47f2fed-353a-41c0-ab49-7c98e2ec38bd,200,1,1,399,Squarespace,ACRE,good,,2026-06-22T13:07:13+00:00
9477d3a8-db31-4c4e-aca3-e8e647e90ab3,403,1,0,64,,Access Denied,broken,,2026-06-22T13:07:13+00:00
bdff6b67-05fa-4b96-a7a4-45d92cf62621,200,1,1,196,Squarespace,Armida&#39;s Bakery &amp; Cafe,good,,2026-06-22T13:07:13+00:00
f32b3ee5-df75-47c7-bffa-a02399813d0d,0,0,0,681,,,broken,"ssl: HTTPSConnectionPool(host='www.arams.com', port=443): Max retries exceeded with url: / (Caused by SSL",2026-06-22T13:07:13+00:00
add9b143-317a-4460-820b-1a5ca8065871,0,0,0,4720,,,broken,connection failed,2026-06-22T13:07:13+00:00
4b0c1c5b-c7f2-4738-bafe-9f32f62ae8cb,200,1,1,1001,,Angel Island,good,,2026-06-22T13:07:13+00:00
67509864-e347-49d8-b000-fad720d61f82,0,0,0,103,,,broken,connection failed,2026-06-22T13:07:13+00:00
58f446bd-88d7-4387-a847-83f9cc60219d,0,0,0,30,,,broken,connection failed,2026-06-22T13:07:13+00:00
4d1724f6-58ab-40c6-91aa-e56f9a0230ec,200,0,0,186,,,weak,,2026-06-22T13:07:13+00:00
3a19246d-ae84-40b9-94fc-d80fc85cc86a,404,1,0,1593,,,broken,,2026-06-22T13:07:14+00:00
c3b8e34c-68d7-4a1c-b74a-ec6f7af65da5,0,0,0,109,,,broken,connection failed,2026-06-22T13:07:14+00:00
e95e6609-9d50-49ae-abe0-962f8939b8a9,200,1,1,360,GoDaddy,OhanaAcai.com is for sale | HugeDomains,good,,2026-06-22T13:07:14+00:00
c05a7ece-65ac-4bf4-bc59-a078599f8291,200,1,1,418,Squarespace,Rio Rock Açaí Cafe,good,,2026-06-22T13:07:14+00:00
fe58c063-3e37-4a9d-a1be-e3142178b082,200,1,1,415,GoDaddy,Beale Carpet Cleaning,good,,2026-06-22T13:07:14+00:00
78c7c67d-743a-4797-8d76-a02ced4a934d,200,1,1,1457,WordPress,Sonoma Cannabis Tour | Happy Travelers Wine &amp; Weed Tours,good,,2026-06-22T13:07:14+00:00
ccc34f41-5681-4b9a-bfd1-309b6516aa77,200,1,0,991,,Loading...,weak,,2026-06-22T13:07:14+00:00
857c543a-616e-4383-819b-eec5cc354678,200,1,0,282,WordPress,"Gavin&#039;s Carpet Cleaning | Professional carpet, tile and upholstery cleaning service",weak,,2026-06-22T13:07:14+00:00
e45e8210-5a1f-4455-a1dd-38f7e04ac051,200,1,1,440,,Sausalito Carpet Cleaners Call (415) 991-4700,good,,2026-06-22T13:07:15+00:00
af4789b5-1dc9-4d76-9d2e-48b6a17dd5cc,0,0,0,15142,,,broken,connection failed,2026-06-22T13:07:15+00:00
63adc4c7-f724-4133-aaff-0f438a55cd1f,200,1,1,588,,Commercial Cleaning Services | ServiceMaster Clean,good,,2026-06-22T13:07:15+00:00
c4cd54fe-c324-489b-a465-d57005ed9a4e,200,1,1,201,WordPress,"Floortex Design - Interior Design, Custom Cabinetry, Countertops",good,,2026-06-22T13:07:15+00:00
9060353b-28e1-46b9-87ad-0f975de6e617,0,0,0,119,,,broken,connection failed,2026-06-22T13:07:15+00:00
7a3080ec-40dc-4046-a0fb-431ba9d4facb,200,1,1,170,WordPress,Petaluma CA Catering | Box Lunch Delivery | Apple Spice,good,,2026-06-22T13:07:15+00:00
1bde51ec-1dcb-4727-b294-f3279ddb0b0d,202,1,0,308,,,weak,,2026-06-22T13:07:16+00:00
e8f1eb31-fbba-484a-b9bf-2941bcbe4e48,200,1,1,348,Wix,Chef Rozanna Catering | Event Planning | San Francisco,good,,2026-06-22T13:07:16+00:00
98d360ca-127b-4b91-bbaa-10735f5aa86e,200,1,1,1457,WordPress,The Floor Store - Flooring &amp; Countertops - San Francisco Bay Area,good,,2026-06-22T13:07:16+00:00
0e342b82-05cd-4577-8e93-1aa507e193bd,202,1,0,165,,,weak,,2026-06-22T13:07:17+00:00
af99fc29-d470-47e1-9223-555fa6746ce2,0,0,0,117,,,broken,connection failed,2026-06-22T13:07:17+00:00
0d0af334-5d04-4043-90dc-a5621325ddaf,200,1,1,2039,WordPress,Sonoma and Rohnert Park&#039;s Most Trusted Flooring Company | Rugworks,good,,2026-06-22T13:07:17+00:00
933947ef-1119-49ad-8823-38e01b35bf64,200,1,0,984,,"Web Site Design, ColdFusion Application Development, and Web Hosting services by David Levin",weak,,2026-06-22T13:07:17+00:00
4388de0a-3776-483f-aaf8-13034dbd997f,0,0,0,38,,,broken,connection failed,2026-06-22T13:07:17+00:00
9e640e5d-d335-4ab1-ba24-dbd704ea9db6,200,1,1,2706,,"Carpet Cleaning | Fairfax, CA - North Bay Carpet Cleaning",good,,2026-06-22T13:07:17+00:00
4659f7ff-674a-4e44-abb7-1d2e13c5c200,0,0,0,32,,,broken,connection failed,2026-06-22T13:07:17+00:00
b0c79ad0-95be-4ae9-a53d-318081b0bf07,200,1,1,404,Wix,"Paella del Reyes Catering Serving Sonoma, Napa, Marin &amp; The Bay Area",good,,2026-06-22T13:07:17+00:00
3521a04e-2168-43dd-854a-a8f1694251f7,200,1,1,232,,Migliori Casino Non AAMS Affidabili | Casinò Senza AAMS,good,,2026-06-22T13:07:17+00:00
f4ef416f-d9fc-4ec1-82d9-9c806196c57f,200,1,1,342,WordPress,"Tommy&#039;s Salsa, Novato Mexican Restaurant. Fresh, authentic food",good,,2026-06-22T13:07:17+00:00
c47e4efa-ed08-4f30-8f96-887baf56d232,200,1,1,438,,Home | Dave's Hot Chicken,good,,2026-06-22T13:07:18+00:00
b35970d0-f243-4763-8afd-debc11caa981,200,1,1,56,,"Krispy Krunchy Chicken Chevron ExtraMile 94737: chicken, jumbo tenders, wings, and more in Corte Madera, CA",good,,2026-06-22T13:07:18+00:00
94e6ef26-81e7-4a64-857d-4dcf683b7ff3,200,1,1,237,,"Krispy Krunchy Chicken Circle K 2655980: chicken, jumbo tenders, wings, and more in Petaluma, CA",good,,2026-06-22T13:07:18+00:00
79aba850-48c4-4d8d-b3c6-5164ac4b837c,200,1,1,517,,"KFC® at 555 Second Street in San Rafael, CA | KFC®",good,,2026-06-22T13:07:18+00:00
ee3f6b2f-2f9d-42c7-a073-b96e960a5206,200,1,1,199,,"Taco Bell® in San Rafael, CA - 555 Second Street",good,,2026-06-22T13:07:18+00:00
e2e959aa-448e-4558-8e10-0cb9ad0cf9b9,200,1,1,379,Webflow,Starbird Chicken. Positively Delicious Chicken,good,,2026-06-22T13:07:18+00:00
8388294c-99fb-432b-8be9-f8f886e2cf5e,200,1,1,563,,Wingstop,good,,2026-06-22T13:07:18+00:00
3d9f2dd1-8bf4-41d9-a778-2c76070789fc,403,1,1,418,,Just a moment...,broken,,2026-06-22T13:07:18+00:00
d3f7de91-ed85-484b-a58a-b707995c2015,200,1,1,332,,Wingstop,good,,2026-06-22T13:07:18+00:00
3d4b46fa-7e44-4fbf-a595-ec9d3dd0cfeb,200,1,1,382,Wix,HOME | btccc,good,,2026-06-22T13:07:19+00:00
db935378-b63c-4de9-9477-c8705c3a7fb6,200,1,1,687,,Search for child care providers near you | Upwards,good,,2026-06-22T13:07:19+00:00
25cb5d4b-f758-4cf7-8c43-71f64408d8a8,200,1,1,838,Squarespace,Corte Madera Daycare,good,,2026-06-22T13:07:19+00:00
1686541d-cf0b-4399-ab43-c3d0f2b66b69,200,1,1,258,Squarespace,The Little School,good,,2026-06-22T13:07:19+00:00
f22f1e4a-f657-4a5d-b2ea-db26e899f84a,0,0,0,102,,,broken,connection failed,2026-06-22T13:07:19+00:00
20035603-d7b8-42c6-a319-abf181aafbe4,200,1,1,255,WordPress,North Bay Children&#039;s Center: Early Care &amp; Education Since 1988,good,,2026-06-22T13:07:19+00:00
f2ccf1bc-654f-4d76-aaed-6e1634775d84,0,0,0,10013,,,broken,connection failed,2026-06-22T13:07:20+00:00
5939b8a0-d035-4ab6-9779-450e93ef6e11,200,1,1,1018,GoDaddy,"Granny Teresa&#x27;s Nursey School - Nusery School, Daycare, Child Care",good,,2026-06-22T13:07:20+00:00
82233c44-ada5-4e1f-bfc4-c59610a54175,200,1,1,726,,Search for child care providers near you | Upwards,good,,2026-06-22T13:07:20+00:00
46b3029c-a77d-4c66-81dc-0ed5d2654cca,200,1,1,330,,Justice - Walmart.com,good,,2026-06-22T13:07:20+00:00
ff60ba4f-20cc-4da0-b6a6-06679b365f91,403,0,0,61,,Access Denied,broken,,2026-06-22T13:07:20+00:00
fb429cd0-ca0e-400c-a1db-424fb140d5e8,200,1,1,427,Shopify,Store Locator,good,,2026-06-22T13:07:20+00:00
394120de-a9a9-4db7-8696-99a3e61aca47,0,0,0,12,,,broken,connection failed,2026-06-22T13:07:20+00:00
2950c4ca-b25f-4b67-92b7-ac3185dcb011,404,1,0,238,Shopify,This store is unavailable,broken,,2026-06-22T13:07:20+00:00
d39bfa6a-3f79-472d-9d9f-07f497f86a1a,0,0,0,801,,,broken,TooManyRedirects: Exceeded 30 redirects.,2026-06-22T13:07:20+00:00
32bcad2f-e792-44fc-83b7-5a03e942d5eb,403,1,1,219,,Just a moment...,broken,,2026-06-22T13:07:20+00:00
f607f471-3cef-4419-8f80-35ed3da12800,0,0,0,15086,,,broken,connection failed,2026-06-22T13:07:21+00:00
c38b09ac-3a9b-4fa5-9213-c28b4d09ebb5,0,0,0,106,,,broken,connection failed,2026-06-22T13:07:21+00:00
5ef28e04-688a-4b4c-befc-178cc1d26f8c,200,1,1,659,Shopify,Mamahuhu,good,,2026-06-22T13:07:21+00:00
b2454dd4-ac95-48d4-b2d0-ca958fdc43e5,200,1,1,902,,"Best Chinese in San Francisco, CA | Country Sky Chinese San Fran | Order Online",good,,2026-06-22T13:07:21+00:00
57db96dd-30b1-4a0a-91b6-b2168eeba9a3,0,0,0,463,,,broken,connection failed,2026-06-22T13:07:21+00:00
b6232918-427d-442b-a0fb-bed7332c0695,200,1,1,535,,"Home | Petaluma, CA Chiropractor | Heart and Hands Chiropractic",good,,2026-06-22T13:07:21+00:00
97018b4a-70ea-45d7-a5ef-40093cb8330a,200,0,0,263,,"Marina Chiropractic - Dr Kirsti Neely - 2295 Chestnut St #2, San Francisco",weak,,2026-06-22T13:07:21+00:00
627b6e05-cd88-4d26-80b7-6ba80a49ff0c,200,1,1,1201,,ChiroMarin,good,,2026-06-22T13:07:22+00:00
d392d820-7824-4c6b-bb67-842fd8dd40cc,0,0,0,15249,,,broken,connection failed,2026-06-22T13:07:22+00:00
a593e6e3-c681-44f2-a159-4747467de16a,200,1,1,552,Squarespace,Cavalla Chiropractic,good,,2026-06-22T13:07:22+00:00
bb809c78-63c3-41d3-a409-782294ddcb7b,202,1,0,253,,,weak,,2026-06-22T13:07:22+00:00
206490db-5ff4-44fc-b66e-5482faee1baa,200,0,1,258,,Hagel Supply - Professional Cleaning Supplies,weak,,2026-06-22T13:07:22+00:00
b620ee1a-9b5a-44b7-abef-41f169bc6407,0,0,0,39,,,broken,connection failed,2026-06-22T13:07:23+00:00
b3b675ff-cc8d-49a1-bf8d-ff0a79fbccc4,200,0,0,106,,,weak,,2026-06-22T13:07:23+00:00
285ec598-fba7-42bd-8924-c65de31ffcc4,200,1,1,2599,WordPress,8 Daftar Game Slot Gacor Online Terbesar &amp; Terpercaya - jennielow.com,good,,2026-06-22T13:07:23+00:00
e32be7f0-d96a-46ad-94f6-94b414ceea95,404,1,1,436,Wix,,broken,,2026-06-22T13:07:23+00:00
3692feab-e066-4646-a534-1983e46ea1cb,200,1,1,239,Shopify,Buck Mason® Official Site,good,,2026-06-22T13:07:23+00:00
f65fa821-189f-42b4-af5c-d6d679bc26c3,200,1,1,1989,,"Veterinarians in San Rafael, CA | VCA Animal Wellness Center of Marin",good,,2026-06-22T13:07:23+00:00
2ec4e3c3-b4b4-42c8-99f7-b1b44f98a2f5,200,1,1,280,Shopify,"Eddie Bauer: Outdoor Apparel, Outerwear &amp; Gear | Free Shipping $99+",good,,2026-06-22T13:07:23+00:00
6523369f-fd1f-4dc1-a927-171a77f101e8,0,0,0,15074,,,broken,connection failed,2026-06-22T13:07:23+00:00
df8666f3-c00d-4cc6-8a2c-3c40ed4b0bcd,200,1,1,497,Shopify,Carve Designs | Women’s Sustainable Swimsuits and Clothing,good,,2026-06-22T13:07:23+00:00
8c4238b9-15c0-4bc0-9f46-411e3e8f8d86,200,1,1,467,Shopify,Faherty Brand - Official Site,good,,2026-06-22T13:07:23+00:00
7a7ba409-5a66-4732-b8a4-b785ff1880c6,403,1,1,103,,Just a moment...,broken,,2026-06-22T13:07:24+00:00
22e06d73-b87b-42e1-88e7-a630544c1cac,200,1,1,962,Shopify,"United Colors of Benetton: Moda Donna, Uomo e Bambini.",good,,2026-06-22T13:07:24+00:00
191ac189-779c-4f89-adfc-3098eea24039,200,1,1,233,,Knimble,good,,2026-06-22T13:07:24+00:00
36c7c0aa-a58e-4ebc-8b5e-91b101fbc421,200,1,1,219,,"Lands' End: Quality Clothing, Swimwear, Outerwear and Footwear",good,,2026-06-22T13:07:24+00:00
452aa665-6c28-4ee0-82b0-ef8adca20446,0,0,0,10008,,,broken,connection failed,2026-06-22T13:07:24+00:00
6815007d-09e0-47b3-9f12-5b1f13e93ff1,403,0,0,182,,Access Denied,broken,,2026-06-22T13:07:24+00:00
e8c60a6f-2d7d-42fb-8be4-e687bdf81ada,202,0,0,199,,,weak,,2026-06-22T13:07:24+00:00
c40948f0-976b-4a7e-bb13-f9f582fdc7eb,200,1,1,614,,Underwear and lingerie store in CORTE MADERA at 1614 Redwood Hwy | Intimissimi,good,,2026-06-22T13:07:24+00:00
e903ba3f-e1e7-4069-bb5c-d222df13376f,200,1,1,405,WordPress,"LifeSafer Ignition Interlock at Lifesafer Of No. Ca - Novato, Novato, CA 94949",good,,2026-06-22T13:07:24+00:00
5b93f6da-b921-42f5-91ac-9302d9abaad6,0,0,0,322,,,broken,"ssl: HTTPSConnectionPool(host='www.hqireland.com', port=443): Max retries exceeded with url: / (Caused by",2026-06-22T13:07:24+00:00
1f12e42d-e490-48ff-8065-e27fce665920,403,1,0,87,,New Balance Shoes & Apparel | Official New BalanceÂ® Site,broken,,2026-06-22T13:07:24+00:00
bc0599ef-c7b4-4d35-a9bc-8fd752109725,200,1,1,521,WordPress,"WONDER CAR AUTOMOTIVE &#8211; Mill Valley, CA Ignition Interlock Services | Low Cost Interlock",good,,2026-06-22T13:07:25+00:00
399f0488-23cd-4c7f-989c-a4ebce042cfe,200,1,1,226,Shopify,Marine Layer,good,,2026-06-22T13:07:25+00:00
7566e418-9ff0-4987-99a8-fab6a7f81ccd,200,1,1,556,WordPress,"ACCU-LINE BRAKE AND WHEEL &#8211; Petaluma, CA Ignition Interlock Services | Low Cost Interlock",good,,2026-06-22T13:07:25+00:00
7742c498-3553-4534-a49c-af0c39d1079c,0,0,0,132,,,broken,connection failed,2026-06-22T13:07:25+00:00
d511d2f7-d6db-4ba4-8fff-05cb8778b81e,403,1,1,69,,Something went wrong.,broken,,2026-06-22T13:07:25+00:00
929d81e0-33f2-4d33-9678-e262d9fda7b3,0,0,0,102,,,broken,connection failed,2026-06-22T13:07:25+00:00
3254ecdd-f0e0-4dbf-bb9f-cbd8858e78d4,200,1,1,343,Shopify,BOLAGILA : Situs Toto Online dengan Live Result Cepat dan Data Presisi,good,,2026-06-22T13:07:25+00:00
866930c2-72eb-4edb-9c66-4533fed2de54,200,1,1,369,,Vertical Knits,good,,2026-06-22T13:07:25+00:00
4cdb66d6-e7be-4cd0-b35b-59178d73ba66,200,1,1,566,Shopify,Premium Outdoor Shirts &amp; Accessories | Pladra,good,,2026-06-22T13:07:25+00:00
dd0245a8-c177-4d05-8faa-b7abe9965ef6,200,1,1,538,Shopify,"Backpacks, Bags, and Apparel for Anywhere on Your Map &ndash; Topo Designs",good,,2026-06-22T13:07:25+00:00
4cc503bf-b493-4219-a229-9d1d071febe9,404,1,0,187,Shopify,This store is unavailable,broken,,2026-06-22T13:07:25+00:00
88777e4b-7c54-4ce3-8faf-2b0cce4ba910,202,1,0,312,,,weak,,2026-06-22T13:07:25+00:00
97b8d73d-1e8c-472d-b9e9-101608afa648,404,0,0,160,,Not Found,broken,,2026-06-22T13:07:25+00:00
48d07f54-0254-4c98-9f76-9046f621c16c,0,0,0,113,,,broken,connection failed,2026-06-22T13:07:25+00:00
3c7d9718-20bc-45b5-b143-afc2980aec7b,200,1,1,252,GoDaddy,Crown &amp; Crumpet,good,,2026-06-22T13:07:26+00:00
8158f219-284b-4666-b385-53ac8bb2fb48,200,1,1,776,WordPress,"Whiting &amp; Davis Handbags, for Every Special Event",good,,2026-06-22T13:07:26+00:00
3f425778-630d-4962-b3b7-51f1524beb3b,200,1,1,447,Shopify,DAVIDsTEA - Buy Loose Leaf Teas Online,good,,2026-06-22T13:07:26+00:00
b1f37ac1-fed2-43c8-94e2-8f72803a2fc8,200,1,1,153,,Panerabread App | Panera Bread,good,,2026-06-22T13:07:26+00:00
3c365664-c7bc-41e2-b498-c5c6ae5e602d,200,1,1,290,,Home | Panera Bread,good,,2026-06-22T13:07:26+00:00
af6ddf8b-042c-41f6-934c-5b9eacdd16d9,200,1,1,260,Shopify,Peet&#39;s Coffee | The Original Craft Coffee Since 1966,good,,2026-06-22T13:07:26+00:00
90d039bb-51b5-482d-aea4-65358b316638,200,1,1,634,Shopify,LONGWAY,good,,2026-06-22T13:07:26+00:00
06842cd0-7d5e-4459-846f-0bb36bc4b52c,200,1,1,188,Shopify,Peet&#39;s Coffee | The Original Craft Coffee Since 1966,good,,2026-06-22T13:07:26+00:00
d69b2172-c13d-4b14-adae-e66da724a855,200,1,1,176,Shopify,Peet&#39;s Coffee | The Original Craft Coffee Since 1966,good,,2026-06-22T13:07:26+00:00
15dedbf6-498a-44ca-a0ae-3bb0f2607dab,200,1,1,198,Squarespace,PINK OWL COFFEE,good,,2026-06-22T13:07:26+00:00
1f4566a8-276b-482f-9d67-1926471587d0,200,1,1,319,GoDaddy,Perry&#x27;s On the Marina,good,,2026-06-22T13:07:26+00:00
6359ee52-42f2-4d44-b3a6-0e5d173f954a,0,0,0,109,,,broken,connection failed,2026-06-22T13:07:27+00:00
436ed120-2921-4f86-a70c-974e27d4ee21,200,1,1,125,WordPress,"MacArthur Place Hotel &amp; Spa | Luxury Hotel In Sonoma, CA",good,,2026-06-22T13:07:27+00:00
cc8d124e-05a5-403d-8e17-8796f6162ce4,200,1,1,341,Squarespace,Sonoma&#39;s Best,good,,2026-06-22T13:07:27+00:00
8eda8a54-ab6e-496a-8fa6-d86300dec3be,200,1,1,568,Shopify,"2268 Chestnut Street, San Francsico CA &ndash; Réveille Coffee",good,,2026-06-22T13:07:27+00:00
fe96eafc-fcfc-42c4-8067-a01aebc1a7cb,521,0,1,1584,,hildascoffeeshop.com | 521: Web server is down,broken,,2026-06-22T13:07:27+00:00
139b9c02-b179-4c3a-8733-c81396c5b3bb,200,1,1,464,GoDaddy,topsyskitchen.com,good,,2026-06-22T13:07:27+00:00
2c22076f-657d-415a-bf8b-574261e6ac71,200,1,1,442,WordPress,Ghilotti Construction Company,good,,2026-06-22T13:07:27+00:00
cdeea960-9a20-4220-ae51-791e586ef13c,0,0,0,113,,,broken,connection failed,2026-06-22T13:07:27+00:00
f818aeb2-58b7-419f-9d06-bfa11587bede,200,0,0,248,,"All Phase Roofing | Novato, CA 94947",weak,,2026-06-22T13:07:28+00:00
4fd0f8e6-dcf1-4427-b0c3-3102352227b0,200,1,1,463,GoDaddy,Grange Box Hauling,good,,2026-06-22T13:07:28+00:00
517f4745-cbef-4f71-ab64-8c9abad2a06d,200,0,0,104,,,weak,,2026-06-22T13:07:28+00:00
f53f3021-ddf2-45e7-b80f-6c0d72660c0b,0,0,0,15157,,,broken,connection failed,2026-06-22T13:07:28+00:00
aefa4e38-7f80-461d-8461-1e98ef3dd3c3,200,1,1,257,Squarespace,Calder Custom,good,,2026-06-22T13:07:28+00:00
a37a4f76-0aeb-4d29-9018-b824e15266bd,200,0,1,155,,Coming Soon,weak,,2026-06-22T13:07:28+00:00
ccdc7e21-df65-4b07-b078-49f590537825,0,0,0,113,,,broken,connection failed,2026-06-22T13:07:28+00:00
d270359c-4361-4d13-8c9f-f58b1f91aa91,0,0,0,70,,,broken,connection failed,2026-06-22T13:07:28+00:00
6133067b-29cc-41e5-91f8-f6b4a422a55e,0,0,0,108,,,broken,connection failed,2026-06-22T13:07:28+00:00
1cf7aca3-014f-4bea-b599-240d041bab58,200,1,1,257,,CARITOGEL : Situs Agen Toto Togel Online & Slot Gacor Spesial Tahun Baru,good,,2026-06-22T13:07:29+00:00
ba523aac-60fb-4336-a644-dea92ae4de25,200,1,1,1008,WordPress,"Bay Area Window Experts | Glazing, Waterproofing &amp; Restoration",good,,2026-06-22T13:07:29+00:00
124ab280-e218-4a4e-a8f1-2abdfbe825db,200,0,0,457,,John Wall - Travel and Genealogy,weak,,2026-06-22T13:07:29+00:00
ec702ce1-6614-4e31-9cd5-bf6667d297a9,200,1,1,2021,WordPress,퍼마컬처 문화 블로그,good,,2026-06-22T13:07:29+00:00
ed09cdd6-4fbc-46f0-ba35-1fc9c98313df,200,0,1,173,WordPress,"Craftsman Contractors | Marin, San Francisco | McGuire and Sons",weak,,2026-06-22T13:07:29+00:00
ebe44981-d5c7-4b2a-96c8-0c710d81d48f,0,0,0,110,,,broken,connection failed,2026-06-22T13:07:29+00:00
76d85f43-91ff-40d6-bb47-1fbd76076705,0,0,0,15141,,,broken,connection failed,2026-06-22T13:07:29+00:00
10b9afae-5f75-4fd9-90e3-d59553f353e8,0,0,0,16,,,broken,connection failed,2026-06-22T13:07:29+00:00
593516e7-686c-421f-b359-1a5b6cdb4c28,200,1,1,189,Squarespace,Nelson Construction,good,,2026-06-22T13:07:29+00:00
8b9596b5-425e-4544-b3c7-3c1e0a1b98ab,200,0,0,261,,Payesko Construction,weak,,2026-06-22T13:07:29+00:00
650a961e-5411-48a4-b3ba-a7e7a80e3454,200,0,0,366,,,weak,,2026-06-22T13:07:29+00:00
3b8b4ef9-0919-45e1-a3f9-86aa6a8144ad,0,0,0,106,,,broken,connection failed,2026-06-22T13:07:29+00:00
a1c22461-c431-47d1-b075-cd52d3d63ffa,200,1,1,399,GoDaddy,Shapiro Law Firm | Home,good,,2026-06-22T13:07:29+00:00
b1c0972d-1a2b-4cde-88d8-faa2dbc58f11,200,1,1,588,,"San Carlos Concrete, Inc.",good,,2026-06-22T13:07:29+00:00
ebc949d6-6e14-42b6-b61d-76ee4e703fcc,0,0,0,14,,,broken,connection failed,2026-06-22T13:07:29+00:00
e86b559e-2326-47a7-8273-476f6ba2a865,200,1,1,431,Squarespace,TeleTriage Systems | Nurse Developed &amp; Nurse Driven,good,,2026-06-22T13:07:30+00:00
952911c8-2487-4e52-b38d-a124731eab76,200,0,0,831,WordPress,Partners Contracting Inc. | Home,weak,,2026-06-22T13:07:30+00:00
65eb9895-a3d4-4b60-b9ae-4ef31a53af42,200,1,1,352,WordPress,Utzman Consulting &amp; Engineering,good,,2026-06-22T13:07:30+00:00
8410f820-074a-4912-9656-45982ac9ccc2,404,1,0,310,Shopify,,broken,,2026-06-22T13:07:30+00:00
abe727e1-0766-459d-ac7b-9802a78a8639,200,1,1,225,Shopify,EO Products,good,,2026-06-22T13:07:30+00:00
d5240a02-b838-4884-91e1-b50f924e4a80,404,1,1,901,GoDaddy,Domain Not Found,broken,,2026-06-22T13:07:30+00:00
f19543bb-233c-4b0e-b7f9-62b96156a7a3,0,0,0,38,,,broken,connection failed,2026-06-22T13:07:30+00:00
635ddfec-5213-471f-ad4b-fef3cbe7c998,200,1,1,510,GoDaddy,"Ecovibe Wellness - Skincare, Body Therapy",good,,2026-06-22T13:07:30+00:00
3dcc1908-a346-4f9a-a437-553b2c476610,200,1,1,641,WordPress,Home - Wilson James,good,,2026-06-22T13:07:30+00:00
5162664b-ab6c-4049-985f-d8466a0d50d8,0,0,0,39,,,broken,connection failed,2026-06-22T13:07:30+00:00
50af3abb-a1b3-4e98-97ce-359331487fdb,200,1,1,198,,Home,good,,2026-06-22T13:07:30+00:00
79e93826-f7cd-424b-a84c-ddb2e46c5399,0,0,0,108,,,broken,connection failed,2026-06-22T13:07:30+00:00
4b1c788b-a183-4be1-80b4-9e34132e9c4b,200,1,1,574,GoDaddy,Signature Smiles | Aesthetic Restorative Dentistry Services,good,,2026-06-22T13:07:31+00:00
888d67fe-889b-4367-a90c-fa43a3865dfe,200,1,1,375,WordPress,Dentist in Corte Madera | SMA Dental - Marin County,good,,2026-06-22T13:07:31+00:00
8ba3ea7a-6b85-456a-b74d-6ae4b19b5cc7,200,1,1,4004,WordPress,Non Stop Portable Buildings | Old Hickory Buildings,weak,,2026-06-22T13:07:31+00:00
8c9744f1-cfd3-40d3-9a86-6fe44304c178,200,1,1,496,WordPress,"Dentist in Novato, CA | San Marin Dental Care",good,,2026-06-22T13:07:31+00:00
c99164de-6d8c-49cb-a38c-8894c6349810,200,1,1,246,,"Mill Valley Dermatology: Dermatologists: Mill Valley, CA",good,,2026-06-22T13:07:31+00:00
6f7124d1-8aa1-4c13-8524-269a1521a8e0,0,0,0,10030,,,broken,connection failed,2026-06-22T13:07:31+00:00
0f370996-bf14-487a-a0c3-b8a808a8c92c,200,1,1,1822,,Oshadhi Home Page,good,,2026-06-22T13:07:32+00:00
e6d4c9de-4ebc-4231-9f85-29b2feced6c6,200,1,1,335,,"FedEx Ship Center - Petaluma, CA - 2275 S McDowell Blvd Ext 94954",good,,2026-06-22T13:07:32+00:00
268c0e78-9337-44d5-9cf2-b20df509e2d3,200,1,1,1035,WordPress,Cosmetic Surgery Marin County- Plastic Surgeon San Francisco,good,,2026-06-22T13:07:32+00:00
c6ccad17-3b64-4ac7-96ee-d1638732be4a,200,1,1,382,WordPress,OnTrac,good,,2026-06-22T13:07:32+00:00
ed95f9d7-039d-470a-8230-bd2d91447708,0,0,0,99,,,broken,connection failed,2026-06-22T13:07:32+00:00
3ddd79d5-45de-40a2-b9fc-b36aae80f5c3,0,0,0,15093,,,broken,timeout,2026-06-22T13:07:32+00:00
873ca36d-c59a-4816-9ed6-4d5ecc992471,200,1,1,1525,WordPress,Plastic Surgery San Jose | Best Plastic Surgery | Aesthetx,good,,2026-06-22T13:07:32+00:00
de993a38-bad5-4f3a-87da-f5895c950a4d,200,0,0,80,,,weak,,2026-06-22T13:07:32+00:00
473aaa90-7aa4-43c5-9a49-3c9fbf3c04b4,200,1,1,709,,"UPS Locations in PETALUMA, CA",good,,2026-06-22T13:07:33+00:00
71b452ed-84e0-4466-a582-7794571a8311,0,0,0,27,,,broken,connection failed,2026-06-22T13:07:33+00:00
21a305ec-7717-419d-9a64-2e0c080effb8,200,1,1,724,WordPress,Keller Street Cowork &#8211; More than just a place to work.,good,,2026-06-22T13:07:33+00:00
028038c2-739e-4fc5-8401-aebea54da5f0,200,1,1,572,Wix,"Almonte Spa | Massage | Sauna | Hot Tub | Wellness | Mill Valley, CA",good,,2026-06-22T13:07:33+00:00
d0237727-8ee4-45c0-941e-1ff49eba7479,200,1,1,724,Wix,"Almonte Spa | Massage | Sauna | Hot Tub | Wellness | Mill Valley, CA",good,,2026-06-22T13:07:33+00:00
633b9aa7-9cc9-4ac6-bc90-05214ae83d0e,403,0,0,583,,å¯çè¯·æ±æ¦æªéç¥,broken,,2026-06-22T13:07:33+00:00
7cd22653-df21-4deb-8c83-3364718c77b4,200,1,1,326,Wix,Home | Grapevine Skin Care | Waxing &amp; Plasma-Fibroblast in Sonoma,good,,2026-06-22T13:07:33+00:00
fc0e0c78-237e-4b0b-a259-a67d9ff19706,200,1,1,1756,WordPress,Dermatologists in Marin - Southern Marin DermatologySouthern Marin Dermatology,good,,2026-06-22T13:07:33+00:00
ff12868d-0efe-41ad-91cc-b8abf56dc422,200,1,1,650,,Casa Madrona Hotel & Spa | Official Website,good,,2026-06-22T13:07:33+00:00
e384558c-bb1a-45ac-81fa-af2e1ec60b4f,410,1,0,451,,,broken,,2026-06-22T13:07:33+00:00
5fb0ea87-819b-4059-9276-73bd819383a5,200,0,0,181,,"Skincare perfection, anti aging skin care in California",weak,,2026-06-22T13:07:33+00:00
e60eb080-f08f-4162-983e-8c831bb2e71c,200,0,0,187,,Misha&#39;s Spa Vitale ~ Sausalito - Home,weak,,2026-06-22T13:07:33+00:00
eeb86c16-f14d-447c-8289-0fc07d52c5c1,0,0,0,103,,,broken,connection failed,2026-06-22T13:07:34+00:00
1f520974-41fd-4ba1-aa29-72d24b2f32fe,200,1,1,201,,The Spa at The Lodge | The Lodge at Sonoma,good,,2026-06-22T13:07:34+00:00
e8fd98e9-9bf9-4f57-a81c-1450e0ea5839,404,1,0,722,,,broken,,2026-06-22T13:07:34+00:00
288199f8-f79f-42eb-bd35-b7356092d308,200,1,1,188,WordPress,Fuelist Digital – We Help Grow Your Business with SEO &amp; UX,good,,2026-06-22T13:07:34+00:00
76733231-af52-4512-864e-86fd74dd0f71,200,1,1,619,Wix,Massage &amp; Makeup | Facials &amp; Waxing - Soft Shell Day Spa Petaluma,good,,2026-06-22T13:07:34+00:00
cb949e7e-9fea-4768-a443-85c4f4e99061,200,1,1,335,Webflow,You. Day Spa,good,,2026-06-22T13:07:34+00:00
de56032f-1c4b-4d76-b10a-8e70bb2d0798,200,1,1,361,WordPress,"Orthodontist in Petaluma, CA | Kirk Orthodontics",good,,2026-06-22T13:07:34+00:00
b58482f0-4399-4c56-853a-fb09d6ec2664,200,1,1,1407,GoDaddy,Home - marinoptimalhealth,good,,2026-06-22T13:07:34+00:00
6cdf632a-c5fc-4502-88fb-10c19fc2935c,200,1,1,234,WordPress,"Dentist Greenbrae CA, Cosmetic Dentistry",good,,2026-06-22T13:07:34+00:00
ea38286f-0cba-41e1-b2a9-8dddcb1c6e4e,200,1,1,1129,,We design your new website in 7 days. Hand crafted by our in-house designers. Join our community of 1000+ businesses who trust PremPage to get professional online.,good,,2026-06-22T13:07:34+00:00
501616e7-634a-4250-8cd6-5c63586a3148,200,0,0,102,,,weak,,2026-06-22T13:07:35+00:00
c0e154d1-7852-42d4-9eeb-4700d2ad0747,200,1,1,720,WordPress,"Kentfield Dental | Dentist in Kentfield &amp; Marin County, CA",good,,2026-06-22T13:07:35+00:00
a09f5df1-3073-4ebf-a798-b0d06bcaa68d,200,1,1,473,,Dental Board of California,good,,2026-06-22T13:07:35+00:00
688ae741-e0df-4985-a092-0f41a9dcd842,200,1,1,1130,WordPress,"Dentist Petaluma, CA | Park Place Dental",good,,2026-06-22T13:07:36+00:00
06e4dfdf-90f1-4df1-b7ca-817337ad6ab4,200,1,1,1330,WordPress,"Dr. Alex Frade, DDS - Dentist In San Rafael",good,,2026-06-22T13:07:36+00:00
aba90b82-69d0-43a1-8564-0e42c99d8902,200,1,1,355,WordPress,"Dentist in San Rafael, CA 94901 | San Rafael Dentistry | Dental Implants Near Me",good,,2026-06-22T13:07:36+00:00
47ebc3ff-9def-477a-a16b-e20d55275353,200,1,0,308,,"Mill Valley Tam Valley Dentist & Dental Implants - Crossroads Dental Care, Marin County CA 94941",weak,,2026-06-22T13:07:36+00:00
d451a391-5677-40d6-8ad0-4793b1f800b5,0,0,0,35687,,,broken,connection failed,2026-06-22T13:07:36+00:00
80d6d550-7930-45c5-957c-dac925021d4a,200,1,1,313,,"Elaine Lin, MD, FAAD | Dermatologist San Rafael & Novato, CA",good,,2026-06-22T13:07:36+00:00
8c6c3e3c-91ca-4d7f-bf65-e563bff2b611,200,1,1,274,,"Elizabeth Zettersten, MD, FAAD | Dermatologist San Rafael & Novato, CA",good,,2026-06-22T13:07:36+00:00
38ad09a4-02c5-4185-a6c8-f9d33ae9f2dc,200,1,1,2604,WordPress,- Centric Orthodontics,good,,2026-06-22T13:07:36+00:00
e8aaf586-1640-4fae-9e88-13ca5a4669d0,200,1,1,417,,Physician Directory | MarinHealth,good,,2026-06-22T13:07:36+00:00
e3e089a3-9d25-4f27-8b16-bd783ef3cb13,200,1,1,805,WordPress,Dermatologists in Marin - Southern Marin DermatologySouthern Marin Dermatology,good,,2026-06-22T13:07:37+00:00
43cc273d-41ea-4b23-b0ca-4bac35eb4ff4,200,1,1,2716,WordPress,Creekside Dentistry &#8211; Family Dentist In Marin,good,,2026-06-22T13:07:37+00:00
50860f70-a993-489a-ab84-fcdcd4ef29c5,200,1,1,211,,"Matthew Koehler, DO, FAAD, FAOCD | Dermatologist San Rafael & Novato, CA",good,,2026-06-22T13:07:37+00:00
3f7380b0-1787-499e-96f8-ed661d7bf106,200,1,1,270,,Dermatology San Rafael | Marin County Hospital,good,,2026-06-22T13:07:37+00:00
4d9c6294-ef60-473e-9f54-97c3182bb27a,404,1,1,466,,404: NotFound,broken,,2026-06-22T13:07:37+00:00
b1ec284f-3ae9-46af-a6be-97862276ac9a,403,1,0,143,,,broken,,2026-06-22T13:07:37+00:00
3203d462-e0fd-488d-ae26-b2935ec06868,200,1,1,237,,"Ravinder Gogia, MD, FAAD, FACMS | Dermatologist San Rafael & Novato, CA",good,,2026-06-22T13:07:37+00:00
54f83cf6-c0e7-49e8-ab26-87f4da7e50c8,200,1,1,244,,Zand Dermatology | Dermatologists located in Marin County,good,,2026-06-22T13:07:37+00:00
e3a85e93-d643-4c87-9c60-e91090a76a26,200,1,1,252,,Zand Dermatology | Dermatologists located in Marin County,good,,2026-06-22T13:07:37+00:00
37d1e49f-5c8e-4867-bbd0-abd671768ae4,200,1,1,305,,"Renee M. Howard, MD, FAAD | Dermatologist San Rafael & Novato, CA",good,,2026-06-22T13:07:37+00:00
1d7d6ffe-7558-440a-8a31-167fd237a09e,0,0,0,15439,,,broken,connection failed,2026-06-22T13:07:37+00:00
4b8e7116-5d82-425f-8887-8dce94676a6e,200,1,1,273,WordPress,Marin Divorce Attorney | Marin Family Law Attorney | California Divorce,good,,2026-06-22T13:07:37+00:00
b959bde0-a1ad-4723-ba57-f89c0901e4e7,200,1,1,299,,"Family Law | Law Office of William H. Paynter | Sonoma, CA",good,,2026-06-22T13:07:37+00:00
101aa4f3-5d93-45a9-9139-4fc3a8c57934,200,1,1,534,Wix,Central Market Petaluma | Modern American cuisine with a local focus,good,,2026-06-22T13:07:37+00:00
a2933b3c-fa0a-4059-bccb-8fbc8ddcd1d6,503,1,0,585,,Error,broken,,2026-06-22T13:07:37+00:00
06c573ae-20ff-4fe4-971b-83ab6f14b1dd,200,1,1,499,WordPress,"Family Law &amp; Divorce Attorney in Novato, CA | Cordell &amp; Cordell",good,,2026-06-22T13:07:37+00:00
6ad1bbaa-5a81-4c68-8ed6-5c9fb82337e8,0,0,0,15182,,,broken,timeout,2026-06-22T13:07:38+00:00
b66575e7-dc1a-4b76-93e0-504ff1d76bd0,0,0,0,15166,,,broken,connection failed,2026-06-22T13:07:39+00:00
6576f536-8043-4363-9b99-13aa824b15f9,200,1,1,2855,WordPress,Startseite Fashionelles,good,,2026-06-22T13:07:39+00:00
4566af42-e5c7-43f4-9082-653426c8dd87,0,0,0,10015,,,broken,connection failed,2026-06-22T13:07:40+00:00
9469cae5-7d8c-4dc9-a936-98399acf0e2a,0,0,0,10016,,,broken,connection failed,2026-06-22T13:07:40+00:00
2eaf812b-d670-4e72-b96a-68e4ab726faf,0,0,0,15417,,,broken,connection failed,2026-06-22T13:07:49+00:00
