id,http_status,https,mobile,load_ms,builder_live,title,audit_grade,error,checked_at
841d7f57-d671-465f-b8f8-f3b043d3c43e,200,1,1,171,Weebly,Home,good,,2026-06-22T13:07:50+00:00
ba16f8d0-1730-4b0e-a404-3c29969b6cf0,404,1,0,197,,Error 404 (Not Found)!!1,broken,,2026-06-22T13:07:50+00:00
f81d6659-8ab9-4f61-9340-761e0097fcd7,404,1,0,216,,Error 404 (Not Found)!!1,broken,,2026-06-22T13:07:50+00:00
861f231a-a630-42ea-967b-01786668a6e9,200,1,1,238,,Order Brickhouse Coffee eGift Cards,good,,2026-06-22T13:07:50+00:00
c8c95f98-05e7-4e8f-8bfa-481e0e6a2d05,404,1,0,246,,Error 404 (Not Found)!!1,broken,,2026-06-22T13:07:50+00:00
c4b5f1cf-5c46-488b-845f-c177f6c628ef,404,1,0,256,,Error 404 (Not Found)!!1,broken,,2026-06-22T13:07:50+00:00
31e71ba4-131b-41a9-a0ba-fa0eaea6832f,404,1,0,303,,Error 404 (Not Found)!!1,broken,,2026-06-22T13:07:50+00:00
647091f6-421e-40b9-9e0f-c3edb1d60d69,200,1,1,334,Weebly,,good,,2026-06-22T13:07:50+00:00
86cfdc49-a435-4f83-bfc0-9a21b8a35dea,404,1,1,388,,Page Not Found,broken,,2026-06-22T13:07:50+00:00
f5b1510d-ee40-4aa6-940e-58a8bd134c68,404,1,0,247,,Error 404 (Not Found)!!1,broken,,2026-06-22T13:07:50+00:00
2da0b38a-376a-45cb-8a87-c8d030362401,404,1,0,253,,Error 404 (Not Found)!!1,broken,,2026-06-22T13:07:50+00:00
5854ef14-9656-4a15-801d-359326752639,404,1,0,181,,Error 404 (Not Found)!!1,broken,,2026-06-22T13:07:50+00:00
95790ac2-4789-4990-8929-9090c0e63fbc,404,1,0,313,,404 - Page Not Found,broken,,2026-06-22T13:07:50+00:00
95e4d912-da1a-4336-a43a-4c9398d03763,200,1,1,417,Wix,Jennifer Reed Massage,good,,2026-06-22T13:07:50+00:00
1516e5ed-e765-4937-aaa5-d3c0154d07a7,200,1,1,665,Weebly,Home | Delicious Delightful,good,,2026-06-22T13:07:50+00:00
39a025a7-e81d-43b5-a675-01007b6205a7,404,1,0,171,,Error 404 (Not Found)!!1,broken,,2026-06-22T13:07:50+00:00
922f4475-d039-4ae1-8e1f-4088bc33cd48,200,1,1,708,Weebly,,good,,2026-06-22T13:07:50+00:00
bbcaf116-d407-47fd-a943-ac54a8d35fb5,200,1,1,50,Weebly,,good,,2026-06-22T13:07:50+00:00
3aa23622-2c8a-419b-8f0d-6f7cc400d1ea,200,1,0,257,Weebly,Clover Valley Guest Home &nbsp; &nbsp; &nbsp;&nbsp;License # 170107747 - Home,weak,,2026-06-22T13:07:50+00:00
f461747b-ee12-46ab-a2f9-13a73463bdd0,200,1,1,864,,Square Booking Flow,good,,2026-06-22T13:07:50+00:00
55338231-bf4d-4476-a035-4bc92ee6f3dc,404,1,0,176,,Error 404 (Not Found)!!1,broken,,2026-06-22T13:07:50+00:00
fbb59cb1-0b26-4539-bc78-27fbebf82cda,200,1,1,704,Weebly,,good,,2026-06-22T13:07:50+00:00
597de986-7e7b-4610-9451-ee3090ea2f0b,200,1,1,574,Wix,Mobile Notary Public | Loan Document Signing Agent | Northern California,good,,2026-06-22T13:07:50+00:00
8db933b7-26cb-484f-b023-a0f0c0897c48,0,0,0,176,,,broken,"ssl: HTTPSConnectionPool(host='www.yuridiaahumada.wix.com', port=443): Max retries exceeded with url: /re",2026-06-22T13:07:50+00:00
e4429ef1-fbac-486a-a0fa-d72efe21d586,404,1,0,179,,Error 404 (Not Found)!!1,broken,,2026-06-22T13:07:50+00:00
f07b87f8-e022-457c-b89c-98cf1c0bc013,404,1,0,177,,Error 404 (Not Found)!!1,broken,,2026-06-22T13:07:50+00:00
00c67503-7e15-447a-a954-9bf27b29a2fc,200,1,1,774,Shopify,Cali Vibez,good,,2026-06-22T13:07:50+00:00
01cf95b9-2c83-493b-ac00-b28d812ead7e,200,1,1,591,Weebly,,good,,2026-06-22T13:07:50+00:00
1273dab0-e157-4120-87ed-e27c215d145f,429,0,1,17,Weebly,Just a moment...,broken,,2026-06-22T13:07:50+00:00
12915646-6dbc-4a2a-988f-9b75b45a6a73,200,1,1,37,WordPress,Matson Building Materials &#8211; Supporting contractors and our community since 1949,good,,2026-06-22T13:07:50+00:00
822bb431-0545-42c9-8856-3edd4a1df17d,404,1,0,176,,Error 404 (Not Found)!!1,broken,,2026-06-22T13:07:51+00:00
6c0beb27-6f8c-47fe-8007-f478a1354496,200,0,0,162,Weebly,Quality Sport Planes - Home,weak,,2026-06-22T13:07:51+00:00
b18382b3-bcdf-4999-8af2-376891384a2c,404,1,0,173,,404 - Page Not Found,broken,,2026-06-22T13:07:51+00:00
927214e0-8617-4a6e-9f35-cedee1182ee8,404,1,0,182,,Error 404 (Not Found)!!1,broken,,2026-06-22T13:07:51+00:00
38167b13-7bb6-4663-ba72-fd8d9fc5b8d1,200,1,1,211,Wix,Home | Mood Beauty Studio,good,,2026-06-22T13:07:51+00:00
0e94e3dd-daed-4e6c-9aa7-116f7a4a0342,200,1,1,616,Weebly,,good,,2026-06-22T13:07:51+00:00
f162fa21-8057-46e5-aa2a-93267629f003,404,1,0,176,,Error 404 (Not Found)!!1,broken,,2026-06-22T13:07:51+00:00
a6e53326-832e-4a19-848a-bf11943066d4,404,1,0,243,,Error 404 (Not Found)!!1,broken,,2026-06-22T13:07:51+00:00
41ad9dac-ce1a-4dec-b4a0-eddb066732ed,404,1,0,176,,Error 404 (Not Found)!!1,broken,,2026-06-22T13:07:51+00:00
78860169-d1dd-4589-90fb-eb1a1b4dd6ee,404,1,0,248,,Error 404 (Not Found)!!1,broken,,2026-06-22T13:07:51+00:00
582cf32e-e7bd-4c1d-abc0-fc2a87aa5008,200,1,1,1001,Wix,Clear Lake Christian Coop,good,,2026-06-22T13:07:51+00:00
83e03705-3758-45b3-9b97-0596ba7ec54a,200,1,1,571,Weebly,Home,good,,2026-06-22T13:07:51+00:00
a4101bed-e64e-4f4f-81bb-23c42b012b39,200,1,1,501,,"RV Park &amp; Camping Blog, Fort Bragg California. Hike to a beach or the Botanical Gardens.",good,,2026-06-22T13:07:51+00:00
94fd68cf-b712-459f-b643-df2196f04589,200,1,1,899,,Square Booking Flow,good,,2026-06-22T13:07:51+00:00
d1956768-9cb8-4231-945a-8a2b62e6ba72,200,1,1,514,Weebly,,good,,2026-06-22T13:07:51+00:00
3d33a5b5-f95c-4cb4-8c5b-8549053306b9,0,0,0,98,,,broken,"ssl: HTTPSConnectionPool(host='www.mendomae.wixsite.com', port=443): Max retries exceeded with url: /qhht",2026-06-22T13:07:51+00:00
789549d0-2ab6-436c-88d0-95f111344eee,200,1,1,565,Weebly,,good,,2026-06-22T13:07:51+00:00
9470f98c-9582-4678-a77c-da8d136c6251,200,1,1,369,WordPress,"Johnson Club Lambs, CA | Providing quality sheep and show experiences for youth and families.",good,,2026-06-22T13:07:51+00:00
05953e8c-037f-4dee-b167-c5e2127a4f00,200,1,1,85,,California Accounting,good,,2026-06-22T13:07:51+00:00
f58c8036-3636-4c27-8add-5fc90e92401c,200,0,0,98,,,weak,,2026-06-22T13:07:51+00:00
3e69c112-b120-492b-a6cb-6aceae85631e,200,1,1,300,Weebly,Home | Fixin It Up With Sandra,good,,2026-06-22T13:07:51+00:00
ead5fe7c-284c-4287-ad9e-5dfd609e90d1,200,1,0,199,,404 Page Not Found,weak,,2026-06-22T13:07:51+00:00
8bba2e42-2f56-45a8-93a5-1d71b80fb049,200,1,1,163,Webflow,"Country Porch Antiques by Oat Valley Vintage, Antique Store, 13201 S H",good,,2026-06-22T13:07:51+00:00
d8d12cc9-941c-4c21-b90c-13730561abd3,403,1,1,180,,Just a moment...,broken,,2026-06-22T13:07:51+00:00
6e7beaa2-b7f0-4625-8307-72f12b53cc4a,200,1,1,1123,Wix,Home | Dirtyfingers,good,,2026-06-22T13:07:51+00:00
664c97a3-b032-447a-a472-63e02fc6418c,200,1,1,209,,"Auto Body Repair | Lakeport, CA",good,,2026-06-22T13:07:52+00:00
97afbd17-fb2b-4b58-93a2-281ffda15370,404,0,0,164,,SITE NOT FOUND,broken,,2026-06-22T13:07:52+00:00
31232800-3586-40c8-84c8-bb74ab0a47df,200,1,1,702,WordPress,Welcome | Angell &amp; Blumenfeld CPAS P.C.,good,,2026-06-22T13:07:52+00:00
2213881a-cf93-4498-a325-cdd332716276,403,1,1,155,,Just a moment...,broken,,2026-06-22T13:07:52+00:00
5dad56a7-c213-4e77-85c2-aaa8501b0607,200,1,0,675,,- YouTube,weak,,2026-06-22T13:07:52+00:00
e68fa3f9-10b6-415a-b2d5-55d410544011,200,1,1,730,,"Mendocino Hotel & Garden Suites - BEST RATES at our Mendocino, CA Hotel",good,,2026-06-22T13:07:52+00:00
e97a356b-7cbf-494f-8f23-a9e0aec3d682,404,1,1,1355,,404 Not Found,broken,,2026-06-22T13:07:52+00:00
4cd2a25f-c64e-4368-a472-6eaa6fe45997,200,1,1,1180,Wix,Home | J&amp;L haunted house,good,,2026-06-22T13:07:52+00:00
26cd388a-34a8-468e-b6e3-2eb6f34c9399,200,1,1,209,,CDFW - Website Moved,good,,2026-06-22T13:07:52+00:00
ffe6b26e-2800-44fb-93ec-edd0708a7a12,200,0,0,234,,,weak,,2026-06-22T13:07:52+00:00
13774cb8-5944-4a9a-a4c7-7346605e20c7,200,0,1,311,Weebly,Home,weak,,2026-06-22T13:07:52+00:00
8853a58f-a542-4b88-9434-41169480c8a0,200,0,0,169,,,weak,,2026-06-22T13:07:52+00:00
64ece7ef-1f39-4ea5-ab63-da8178c09ca3,200,1,1,931,,FastTrack Casino Banking: Rapid Deposits & Smooth Withdrawals,good,,2026-06-22T13:07:52+00:00
aac93695-22f7-4a94-bdaa-120ae027682c,200,0,0,87,,eric leonardon: sound thinking,weak,,2026-06-22T13:07:52+00:00
d1fa1be7-63d3-4452-9e97-42a8768ede24,200,0,0,141,,,weak,,2026-06-22T13:07:52+00:00
d3c4768d-f229-40c4-bec1-af8d21d57860,200,1,0,977,Weebly,Collaborative Design &amp; Planning - HOME,weak,,2026-06-22T13:07:52+00:00
918c16e7-e2e2-4797-b6eb-576958016df6,0,0,0,41,,,broken,connection failed,2026-06-22T13:07:52+00:00
4f9af0d8-98d4-4fc9-8d24-ea940dba5992,200,1,0,236,,"Auto Repair Shop in Fort Bragg, CA | E & B Auto Repair",weak,,2026-06-22T13:07:52+00:00
c41d1ab1-7247-49e0-9d11-b0cfd50d9510,200,0,1,890,WordPress,Advanced Collision Repair &#8211; Excellence is a Requirement,weak,,2026-06-22T13:07:52+00:00
206a2e14-a9e4-4257-b5aa-c27cba991e98,0,0,0,107,,,broken,connection failed,2026-06-22T13:07:52+00:00
d9033a0f-5f12-438e-afb5-96acf5e4afee,200,1,1,464,Shopify,"Axels Automotive &ndash; Axels Automotive, Inc.",good,,2026-06-22T13:07:52+00:00
2ab39d57-f64b-4b2f-8a34-adab4b881b0d,200,1,1,571,,"Yahoo | Mail, Weather, Search, Politics, News, Finance, Sports &amp; Videos",good,,2026-06-22T13:07:52+00:00
7be955f8-3a91-47b5-a2e0-89818bf35c05,200,1,1,404,,Auto Repair Services in Fort Bragg,good,,2026-06-22T13:07:52+00:00
fda5b6fb-c08a-4b67-ac96-8fd052dec7cb,200,1,0,277,,Lylys Radiators Mufflers and Electric - Home,weak,,2026-06-22T13:07:52+00:00
49774765-2133-4bcb-b2cf-8c6837a633a8,0,0,0,46,,,broken,connection failed,2026-06-22T13:07:52+00:00
12f540e7-f567-4fd5-885a-076f35062a10,403,0,1,123,,Access denied | onwardautorepair.com used Cloudflare to restrict access | onwardautorepair.com | Cloudflare,broken,,2026-06-22T13:07:52+00:00
708af59a-fc77-4a2e-8225-fbb7ec79d9ba,0,0,0,116,,,broken,connection failed,2026-06-22T13:07:53+00:00
b773511e-9931-4c03-bad7-233ba9be9f7c,200,1,1,805,WordPress,Carquest Auto Parts Locations,good,,2026-06-22T13:07:53+00:00
7b43295c-04e4-42d6-aeea-7b91b2ca8375,200,1,1,460,,Lake County Off Road | 4x4 Repair Specialists,good,,2026-06-22T13:07:53+00:00
33fddc56-d083-4c80-b108-bbb11fe24efc,200,1,1,572,,"COVELO CA - 76240 Commercial St, Covelo, CA | NAPA Auto Parts",good,,2026-06-22T13:07:53+00:00
4c8ffb98-2021-4578-b9b5-4e881b3afc74,200,0,1,272,Weebly,Shani's Sweet Creations ~ Artisan Cakes & Desserts - Home,weak,,2026-06-22T13:07:53+00:00
8fc85ed1-75f4-4b36-a808-83e43a6c3ee1,200,1,1,412,Wix,HOME | asweetaffair,good,,2026-06-22T13:07:53+00:00
c44b08f5-9318-4e61-8b98-32d40b2c735b,200,1,1,803,,Legere Automotive &amp; Towing - Lakeport CA | Legere Automotive &amp; Towing,good,,2026-06-22T13:07:53+00:00
ec606f64-e36f-4254-99bf-44a18c70f9ba,403,1,1,221,,Just a moment...,broken,,2026-06-22T13:07:53+00:00
4bdf3f65-8684-49cf-97ca-31a7ca5dc6bd,0,0,0,105,,,broken,connection failed,2026-06-22T13:07:53+00:00
68ccabe6-032d-4320-83ed-85553d724889,200,1,1,144,WordPress,Home - Restaurant Web Experts,good,,2026-06-22T13:07:53+00:00
c5794b98-6e5b-4266-b9ea-52eda5b34cf7,200,1,0,659,,"Auto Repair & Tire Shop in Lakeport, CA | Lakeport Tire and Auto Service",weak,,2026-06-22T13:07:53+00:00
8d8ad84e-380c-43ca-a6d5-965b3156ff2f,200,1,1,1989,WordPress,Order Online - Asian Fusion Sea Valley,good,,2026-06-22T13:07:53+00:00
50e553f4-2d75-4c08-90e9-29d46e056061,200,1,1,309,Squarespace,RAILROAD STATION BAR AND GRILL,good,,2026-06-22T13:07:53+00:00
a247e1f3-4bc9-4f13-9172-003a70d204f5,200,1,1,201,Squarespace,Hamburger Ranch and BBQ | BBQ,good,,2026-06-22T13:07:53+00:00
af204fa1-b17f-496e-8fc4-e5a02aeb1ae5,200,1,1,191,,Lakehouse,good,,2026-06-22T13:07:53+00:00
ee054ca3-0cb6-4995-ab7b-c105ad05a0a0,200,1,1,408,Wix,Sports | Sports Attic 2 | Ukiah,good,,2026-06-22T13:07:53+00:00
8a427f5e-d0e9-49c4-b4c4-fd71157e825f,200,1,1,452,,"Home - The Thirsty Axe: American Restaurant in Ukiah, CA",good,,2026-06-22T13:07:53+00:00
aa591314-cd65-4aed-804c-aad75f811a30,200,1,0,2890,WordPress,Bodega &amp; Yerba Santa Goat Dairy,weak,,2026-06-22T13:07:54+00:00
c4e5c3c0-1a45-4fcb-9b36-c53a72753fdd,200,1,1,106,WordPress,Secure Online Installment Loans | Online Tribal Loans | Uprova,good,,2026-06-22T13:07:54+00:00
e341cbc7-1d48-4052-b282-0e01c82521be,200,1,1,975,Weebly,,good,,2026-06-22T13:07:54+00:00
37d5d7bf-183d-4521-9911-971735a39dbb,0,0,0,44,,,broken,connection failed,2026-06-22T13:07:54+00:00
30248aa5-0666-4a51-9941-cc30344d453e,0,0,0,45,,,broken,connection failed,2026-06-22T13:07:54+00:00
04e23f50-3c95-434c-8ad5-7ecf5e61389b,200,1,1,1611,Wix,Diesel Repair | FTM Diesel &amp; Off Road | United States,good,,2026-06-22T13:07:54+00:00
c7468631-bad9-4ae0-8bb5-a4126a5b36e5,0,0,0,38,,,broken,connection failed,2026-06-22T13:07:54+00:00
99d258f1-056e-44bf-a118-756b51e6df7a,200,1,1,138,Webflow,"Denise&amp;#39;s Family Salon, Beauty Salon, 421 N Franklin St",good,,2026-06-22T13:07:54+00:00
1820867e-8577-41a8-88ba-a7a2b8d0030f,404,1,0,205,,404 Not Found,broken,,2026-06-22T13:07:54+00:00
a78f70a6-dcf5-45ee-b8a2-a8dab3b3f3bc,0,0,0,38,,,broken,connection failed,2026-06-22T13:07:54+00:00
d0b40f14-b003-4e32-9463-c9020cc68425,200,0,0,187,,,weak,,2026-06-22T13:07:54+00:00
fce449ab-01bc-409a-ad2e-4a51dbbb68f0,404,1,1,444,Wix,,broken,,2026-06-22T13:07:54+00:00
3fbceae6-1ea3-42fc-929a-8bf7c61907a3,200,0,0,226,,manestreetsalon.com,weak,,2026-06-22T13:07:54+00:00
5a933942-51b9-4c8e-b7d6-84c98d2f6630,200,0,0,253,,,weak,,2026-06-22T13:07:54+00:00
bb97bf4d-df21-4a69-afbf-4389ff0c58a8,0,0,0,39,,,broken,connection failed,2026-06-22T13:07:54+00:00
7e7bab69-0928-4320-8338-cd25f9e0d81b,200,1,1,280,Squarespace,Wave Salon,good,,2026-06-22T13:07:54+00:00
f66b8d6f-4048-470e-849e-ef9dbf1a6328,200,1,0,886,,,weak,,2026-06-22T13:07:54+00:00
670c485c-4438-4754-b088-45526e780c16,200,1,1,1871,Wix,HOME | Schat's Bakery &amp; Cafe | Ukiah's fresh baked bread for 35 years,good,,2026-06-22T13:07:54+00:00
5428c4d3-7220-4475-8395-9f081a128c93,200,1,1,419,,Fort Bragg California Bed and Breakfast Country Inn Mendocino CA,good,,2026-06-22T13:07:54+00:00
b42b0d12-abb4-4092-bd88-027e33b8773d,200,1,1,1046,,Wavy Body Contouring & Wood Therapyâ¢,good,,2026-06-22T13:07:55+00:00
4b17d570-4e56-4d49-8375-1528008a59bc,0,0,0,121,,,broken,connection failed,2026-06-22T13:07:55+00:00
9fe7514f-5faa-4ee4-a176-1cc4185f9b27,404,1,1,787,,,broken,,2026-06-22T13:07:55+00:00
dce7d65a-2490-40df-b952-23571ee725f3,0,0,0,43,,,broken,connection failed,2026-06-22T13:07:55+00:00
36af6504-8c37-482a-9879-a87ee5a0ce0d,200,1,1,2744,WordPress,Eric's Oil Change & Repairs | Your local go-to for your car.,good,,2026-06-22T13:07:55+00:00
d0b2c73d-905a-4967-98ea-8edb4656b267,200,0,0,113,,,weak,,2026-06-22T13:07:55+00:00
20ee692c-e490-4c62-84fd-4a25c4e2ae97,0,0,0,862,,,broken,connection failed,2026-06-22T13:07:55+00:00
db9cfc6e-0d28-41f4-a372-6c654c1901ad,200,1,1,2663,Wix,Soul Vegan Party || Festival & Jajanan UMKM Vegan Terbesar,good,,2026-06-22T13:07:55+00:00
848e359b-af7c-4a18-a0ce-b8ece3f486e4,200,1,1,1430,,Roots Hair Studio - Ukiah CA | Vagaro,good,,2026-06-22T13:07:55+00:00
1539997f-6f18-43e0-8dbe-be06f34cb463,200,1,1,148,WordPress,LuongSonTV xem bóng đá trực tiếp hôm nay tại LuongSon TV,good,,2026-06-22T13:07:55+00:00
fe890328-323f-4c79-a020-2e77686b7ef4,200,1,1,610,Shopify,Bonita Boutique,good,,2026-06-22T13:07:55+00:00
3a4fce5c-7ab1-46ef-81e8-af8c1dee607e,200,1,1,667,Shopify,Northspur Brewing Co &ndash; Northspur Brewing Co.,good,,2026-06-22T13:07:56+00:00
43268dd8-6bc0-408c-9d45-c7092fcaf2b0,200,1,1,1509,,"Forbestown Inn Sober Living Home | Lake County, CA",good,,2026-06-22T13:07:56+00:00
e46fbb7b-f346-4df2-acd4-7053d8e052bd,200,1,0,2751,,"NOYO RIVER GRILL, 1011 S Main Street, Fort Bragg, CA. 95437, (707) 962-9050 Reservations, Open Fri-Wed 11am - 9pm, Sit Down or To Go",weak,,2026-06-22T13:07:56+00:00
25086f4f-329a-4bd0-bbd6-7d2839a63753,0,0,0,39,,,broken,connection failed,2026-06-22T13:07:56+00:00
ec0bfeb3-61eb-4d7e-8159-daf288d91255,200,1,1,163,Webflow,"The Forks Cafe, Cafe Restaurant, 3166 N State St",good,,2026-06-22T13:07:56+00:00
3ae78467-2143-4063-8e4f-8d26246fcab3,403,1,1,298,,Just a moment...,broken,,2026-06-22T13:07:56+00:00
4a3b8bed-c7e9-4e4d-98d3-dbe3375572f8,200,0,1,2456,,新奥2025新澳门原料网-免费完整资料,weak,,2026-06-22T13:07:56+00:00
933e8476-93d8-4705-b0fe-5f8936eea8f3,200,1,1,252,Squarespace,"Ukiah Flooring Center - Hardwood, Carpet, Vinyl, Laminate Floors",good,,2026-06-22T13:07:56+00:00
df673a1a-1974-4273-8585-f168a4f3daa0,200,1,1,3100,,The Men's Place - Lakeport CA | Vagaro,good,,2026-06-22T13:07:56+00:00
79fb8e8e-6b55-43a7-ab6d-95092b435697,200,1,1,612,,"Flooring Company | Lakeport, CA | Premier Flooring",good,,2026-06-22T13:07:56+00:00
b62df627-e927-4c33-b536-12e95132033d,200,1,1,1743,WordPress,Legendary Beer - Anderson Valley Brewing Company : Anderson Valley Brewing Company,good,,2026-06-22T13:07:57+00:00
08ada69b-db3d-4763-9729-8b93b6fcb0d0,200,1,1,77,,Home | Szechuan Asian Restaurant(47 E Mendocino Ave),good,,2026-06-22T13:07:57+00:00
0aa610d7-7bf1-40a3-850c-8e46a8cdcc2b,200,1,1,139,WordPress,Home - Restaurant Web Experts,good,,2026-06-22T13:07:57+00:00
ca8d23e1-b6cd-4cbf-b668-4351cf3e9b7b,200,1,1,241,,Home | Szechuan Asian Restaurant(47 E Mendocino Ave),good,,2026-06-22T13:07:57+00:00
c47943ed-bc07-4095-affb-97c8298bfef4,200,1,1,367,GoDaddy,Gualala Coast Chiropractic,good,,2026-06-22T13:07:57+00:00
457f556f-0df2-4355-bb05-08d8bc8d43f3,200,1,1,376,WordPress,Chiropractors Sunnyvale CA | Chiropractic | Back Pain | Neck Pain | Headaches | Sciatica,good,,2026-06-22T13:07:57+00:00
66a36087-30b7-4a58-9c55-20a87057fb3c,0,0,0,112,,,broken,connection failed,2026-06-22T13:07:57+00:00
5a34591e-a49b-463e-b7bd-6233aafed509,200,1,1,250,,Chiropractor Fort Bragg CA | Ries Chiropractic &amp; Wellness,good,,2026-06-22T13:07:57+00:00
785b1d41-9b5c-4802-aef9-344433845ff4,200,1,1,1244,Shopify,Buttercups Children&#39;s Boutique,good,,2026-06-22T13:07:58+00:00
63de3546-a7bb-4822-aa84-1ac6ea992b2a,200,1,1,2212,WordPress,#1 CRAFT BEER | WOLF HOUSE BREWING COMPANY | CLOVERDALE CA,good,,2026-06-22T13:07:58+00:00
ccf6c55e-15ee-4848-a36f-759432b75414,200,1,1,2463,Shopify,NEGOBET88 â Platform Situs Terlengkap Dengan RTP Tertinggi,good,,2026-06-22T13:07:58+00:00
26f2ab9c-27be-4fe3-9402-64a86cf6903f,200,1,1,160,Webflow,"If the Shoe Fits, Shoe Store, 337 N Franklin St",good,,2026-06-22T13:07:58+00:00
469ad9ad-3739-43a3-a6f5-878289a710ab,200,1,1,383,Squarespace,Erin Mavis Clothing,good,,2026-06-22T13:07:58+00:00
f21be7b8-4b6e-422e-81a8-fd775a812efe,200,1,1,479,Squarespace,Rise and Be Well,good,,2026-06-22T13:07:58+00:00
329a466a-33f0-43fa-a4f2-156921303599,0,0,0,106,,,broken,connection failed,2026-06-22T13:07:58+00:00
e9c2a536-320b-4911-971c-ba2d85b00ca1,200,1,1,3608,WordPress,Mendocino Bed and Breakfast | Joshua Grindle Inn | Oceanview Lodging,good,,2026-06-22T13:07:58+00:00
2483ce8f-a9ca-4646-860d-a26580733283,502,1,0,122,,502 Bad Gateway,broken,,2026-06-22T13:07:58+00:00
33ab491c-6b9b-47bb-969f-4d2675eee4ba,200,1,1,826,Wix,HOME | EDEN,good,,2026-06-22T13:07:58+00:00
a1560eac-bc3f-4655-991f-29e17d37296a,200,1,1,443,Shopify,Welcome to Monkey Wrench Men &amp; Women&#39;s Wear!,good,,2026-06-22T13:07:58+00:00
723f21c8-d65d-4e4a-948b-08ff89e319f9,0,0,0,122,,,broken,connection failed,2026-06-22T13:07:58+00:00
c7bd10a3-27c6-40c7-a9fb-b91880904f07,200,1,1,421,,"Coffee Bus | Asheville, NC - Double Dâs Coffee &amp; Desserts",good,,2026-06-22T13:07:58+00:00
809af810-a6c9-4ac0-af4a-0b890fe8a580,200,1,1,1926,WordPress,"Chiropractor in Ukiah, CA | James Diaz Chiropractic",good,,2026-06-22T13:07:59+00:00
e9c55f84-4ba7-4c48-b9f7-68c3b0987624,200,1,1,401,Shopify,PLANK Coffee &amp; Roastery &ndash; Plank Coffee,good,,2026-06-22T13:07:59+00:00
a2e8f51d-2949-4d5e-940c-cebf2bba54a8,0,0,0,42,,,broken,connection failed,2026-06-22T13:07:59+00:00
0c8fa174-2bc0-46e8-b75f-182c367ef441,200,1,1,291,GoDaddy,"GAONA CONSTRUCTION INC - General Contractor, Construction Builders, Remodel Service",good,,2026-06-22T13:07:59+00:00
b62d8b54-f0ba-4e83-b3f9-14af72a96b2f,200,1,1,174,WordPress,Philo Saw Works | Fine Building &amp; Renovation in Mendocino County since 1976,good,,2026-06-22T13:07:59+00:00
814d84a3-15ae-429f-95b2-6df5fef4e71a,0,0,0,38,,,broken,connection failed,2026-06-22T13:07:59+00:00
58ef7470-daa0-4ff5-8fec-a7d28bada734,200,1,1,817,Shopify,LittleGreenBeanRoastery,good,,2026-06-22T13:07:59+00:00
10f88dd4-573e-4f84-9dde-4aa175bbf036,200,0,1,731,,A/T Wanzer Grading &amp; Excavating Inc.,weak,,2026-06-22T13:07:59+00:00
fd30c57f-589f-46d7-bb04-e029f06aa857,200,1,1,271,GoDaddy,Residential Construction | Lake County Contractors,good,,2026-06-22T13:07:59+00:00
3bb67091-04c0-45bb-aa9a-c9156592bb6c,0,0,0,107,,,broken,connection failed,2026-06-22T13:07:59+00:00
1e030afa-d589-4af1-83de-c543330ba4e5,200,1,1,2183,Wix,"Camille's Boutique Coming Soon! | Camilles Boutique Ukiah, CA",good,,2026-06-22T13:07:59+00:00
71503b00-3742-4018-abee-b49d59bb2f6c,0,0,0,101,,,broken,connection failed,2026-06-22T13:07:59+00:00
d4b94823-1488-43b9-85ba-95b86b8d33c0,200,1,1,3302,WordPress,Home Page - Pilón Kitchen,good,,2026-06-22T13:08:00+00:00
fdce31a7-a686-40eb-a1d0-cbdcaaa57e45,200,0,0,279,GoDaddy,Home | Underdog Painting,weak,,2026-06-22T13:08:00+00:00
99c9d2e8-4d5b-45aa-b8a9-a388ca49b40d,200,1,0,850,,Scramaglia &amp; Hayes - General Building Contractors - Mendocino Coast,weak,,2026-06-22T13:08:00+00:00
f40a185b-01bf-437a-af5a-3114a95b49c4,0,0,0,103,,,broken,connection failed,2026-06-22T13:08:00+00:00
aaf85280-f58b-4ebe-9a44-b18cd5e45100,0,0,0,461,,,broken,"ssl: HTTPSConnectionPool(host='www.scanloncontracting.com', port=443): Max retries exceeded with url: / (",2026-06-22T13:08:00+00:00
f9c89830-12e4-4168-8c7b-5c106b7fc6ed,0,0,0,96,,,broken,"ssl: HTTPSConnectionPool(host='www.moeseaglesnestdeli.com', port=443): Max retries exceeded with url: / (",2026-06-22T13:08:00+00:00
a958079b-78d1-4dfe-b882-6508650e73db,0,0,0,103,,,broken,connection failed,2026-06-22T13:08:00+00:00
20b9d361-1170-4965-b097-f917f01d4514,0,0,0,897,,,broken,connection failed,2026-06-22T13:08:00+00:00
4f726562-7d47-4611-82b6-3c3e1aa6f533,200,1,1,405,GoDaddy,Caminos Mágicos,good,,2026-06-22T13:08:00+00:00
7ceb67e1-23b7-4bcc-950b-eb4f5a4db26c,404,1,0,393,,,broken,,2026-06-22T13:08:00+00:00
ee0a064f-2e4d-42fd-be7a-28d9149e2971,200,1,1,495,,Laurel Deli & Desserts,good,,2026-06-22T13:08:00+00:00
b0666c59-36cb-4ed8-9bf3-7e016282d4fd,200,1,1,1595,WordPress,Menton Builders,good,,2026-06-22T13:08:00+00:00
6035fcb3-d299-47e6-80b6-6b73139a9097,200,1,1,2092,WordPress,Overflow Coffess &#8211; Lake County Drive-Thru Coffee,good,,2026-06-22T13:08:00+00:00
6461f83c-68c7-4483-851e-b68ac003615c,200,1,1,217,WordPress,"Family & Cosmetic Dentist Santa Rosa, CA | Nicole Le, DDS & John Savko, DDS",good,,2026-06-22T13:08:00+00:00
9d9a5fad-88cf-4681-b5a5-a3870b851dfe,200,1,1,759,GoDaddy,Beautiful Smiles of Ukiah,good,,2026-06-22T13:08:01+00:00
b2c1027a-1cf5-4e41-8dd9-4708f435e539,200,1,1,1018,WordPress,The Bottle Shop &#8211; Offering more than 400 bottles from vineyards and breweries worldwide.,good,,2026-06-22T13:08:01+00:00
9fbeffd2-9f25-42dd-bf0a-c2f6a4f0a5b4,200,1,1,466,Wix,Best Dentist Lakeport Ca | Relaxation Dental Care | United States,good,,2026-06-22T13:08:01+00:00
0b47a71e-fce9-48c1-b557-b66ae66f5875,200,1,1,316,GoDaddy,Lake Dermatology Medical Associates :: Medical and Cosmetic,good,,2026-06-22T13:08:01+00:00
cb5a6c59-476f-4326-b530-fc2b720c126c,0,0,0,38,,,broken,connection failed,2026-06-22T13:08:01+00:00
5351beeb-afc1-4b7e-bae0-b0d094c27118,200,0,0,151,,NameBright - Coming Soon,weak,,2026-06-22T13:08:01+00:00
153ed412-0334-441f-bd3c-b4a6e9a8dd1a,200,1,1,409,,Evening Rose Cafe,good,,2026-06-22T13:08:01+00:00
d733721c-9535-48e2-9462-f48e476a30b0,200,0,0,290,,,weak,,2026-06-22T13:08:01+00:00
032eb8f1-85c0-4e4e-8ba3-9399de72d67d,200,1,1,1073,WordPress,"Fort Bragg Dentists | General &amp; Cosmetic Dentistry Fort Bragg, CA",good,,2026-06-22T13:08:01+00:00
b4166288-2eb1-407a-9fe7-5e41a1267408,0,0,0,76,,,broken,connection failed,2026-06-22T13:08:01+00:00
a8efd31a-c5a8-4643-948d-ce98ba64028a,200,1,1,6555,WordPress,Red Stella &#8211; Dress * Shoe * Gift * Home,weak,,2026-06-22T13:08:01+00:00
5eceae77-92cd-47be-9d98-d0401fb4a5d3,200,1,1,313,Squarespace,Rapscallion Spirits ~ Handcrafted spirits made with nonconformity,good,,2026-06-22T13:08:01+00:00
7e932d0f-34ce-4908-8970-f609af9eb7f1,200,1,1,431,,"HOME - Mendocino Wedding Photographer, Cassandra Young",good,,2026-06-22T13:08:02+00:00
d8ef8650-5ae2-439b-8ce6-6e5af66bf572,200,1,1,677,GoDaddy,"Total Bern Productions - Show Production, Comedy, Dj",good,,2026-06-22T13:08:02+00:00
77f2f251-ccd7-448a-bd14-739c43ec5e42,0,0,0,39,,,broken,connection failed,2026-06-22T13:08:02+00:00
1119447b-c842-4940-b4d4-5f2ae8cfac15,200,1,1,823,,bistro biz Website,good,,2026-06-22T13:08:02+00:00
359b8d17-8413-408d-8f57-62f8b85d1cfb,200,1,1,254,Squarespace,Cloverdale Grange &mdash; Cloverdale Performing Arts Center,good,,2026-06-22T13:08:02+00:00
9f321652-9285-44eb-a1ea-ec88de3a3475,200,0,1,87,Weebly,River's Bend Retreat Center - Home,weak,,2026-06-22T13:08:02+00:00
584637e1-5ae0-4b3e-a82f-00b94f7abc4b,200,1,1,2066,WordPress,Home - Glowing Smiles Dental Hygiene Practice,good,,2026-06-22T13:08:02+00:00
93b2a890-e46a-4de8-bb12-c89909e46c02,200,1,1,850,,Hernandez Electric - Here to Light Up Our Community,good,,2026-06-22T13:08:02+00:00
5b564380-16c8-444f-acee-183305364e3d,429,1,1,306,,Bot or Not?,broken,,2026-06-22T13:08:02+00:00
ba1a688b-54ff-47ec-b878-cd154bfc501a,200,1,1,472,Squarespace,Glynraven Gardens,good,,2026-06-22T13:08:02+00:00
32ab6929-bd90-49f0-a7fc-ecfc398c0294,200,1,1,217,Squarespace,Unique Mendocino Wedding Venues | Spring Ranch Mendocino,good,,2026-06-22T13:08:02+00:00
4c61dd2c-0e19-4b21-84c5-0c32ef634383,200,0,0,169,,,weak,,2026-06-22T13:08:03+00:00
25a1d298-21e1-4360-acc3-238ced46c604,200,1,1,494,Squarespace,Saturday Afternoon Clubhouse,good,,2026-06-22T13:08:03+00:00
cbe22683-0561-400a-a47c-7a253985905b,200,1,1,453,Squarespace,Oceanfront Wedding Venue on the Mendocino Coast | Switzer Farm,good,,2026-06-22T13:08:03+00:00
d36542cb-882b-4dd0-a35b-55623f539f72,200,1,1,2981,WordPress,Ukiah Periodontist &#8211; Gum Doctor Northern California,good,,2026-06-22T13:08:03+00:00
3a2c7581-adc7-4cfa-b62a-10af691cefe0,200,0,0,197,,,weak,,2026-06-22T13:08:03+00:00
1bb7c89a-b0d5-483d-be05-8f8adf6f6b91,0,0,0,102,,,broken,connection failed,2026-06-22T13:08:03+00:00
5c5cba99-f732-4d17-a25d-f34ed3326549,200,1,1,559,Shopify,EARTHS TREASURES,good,,2026-06-22T13:08:03+00:00
d874bf57-9e57-4e26-8a39-76ac079b7c5d,200,1,1,847,Shopify,Carol Halls Kitchen &ndash; Carol Hall&#39;s Kitchen,good,,2026-06-22T13:08:03+00:00
17b9647d-be08-4fc9-8c0e-f48850423512,0,0,0,29,,,broken,connection failed,2026-06-22T13:08:03+00:00
93dd2aef-6726-43b2-a92b-6ab9bed51871,200,1,1,8338,WordPress,"Tall Guy Brewing | If you want the beer, you gotta get it here.",weak,,2026-06-22T13:08:04+00:00
bbb0a496-31ef-475a-a273-a07d7f7400d0,200,1,1,1367,WordPress,Home - Ukiah Valley Conference Center,good,,2026-06-22T13:08:04+00:00
c9d762cd-9cf7-477a-8d53-085e2bcdba91,200,1,1,499,GoDaddy,Buy gualalaflowers.com – Premium Expired .com Domain on GoDaddy | ExpiredDomains.com,good,,2026-06-22T13:08:04+00:00
e82b9610-1145-4cc7-bdf4-3875bb366777,200,1,1,1278,Shopify,Flowers by Jackie Lakeport,good,,2026-06-22T13:08:04+00:00
3a6527cd-3a34-4c75-916b-36b7fb670c96,200,1,1,640,Shopify,George&#39;s Geodes &amp; Gems &ndash; George&#39;s Geodes And Gems,good,,2026-06-22T13:08:04+00:00
561140aa-2171-4013-8e0d-a56522e8abc8,200,1,1,662,Weebly,,good,,2026-06-22T13:08:05+00:00
7114da77-6e07-4864-afe5-69c6bdf9c139,200,1,1,373,,Tangents Mendocino,good,,2026-06-22T13:08:05+00:00
007c8a66-9b9a-4d8c-ac45-89c614c39f25,0,0,0,30,,,broken,connection failed,2026-06-22T13:08:05+00:00
96e08902-eb4d-4c6b-88bb-48e6f2a2826d,200,1,1,9281,GoDaddy,"Loose Caboose Cafe - Delicious Menu in Willits, CA",weak,,2026-06-22T13:08:05+00:00
654c1e12-6623-498f-8aa6-d01d17e0e0bc,200,1,1,2539,WordPress,Astoria Home Decor &amp; Gifts of Mendocino - Astoria Home Decor and Gift Shop in Downtown Mendocino,good,,2026-06-22T13:08:05+00:00
4eca3993-019b-4d3c-985b-b49f024a2b67,404,0,0,909,,404 - Page Not Found,broken,,2026-06-22T13:08:05+00:00
4b1f1b98-6313-4527-b5e9-a4da281d1774,403,1,0,252,,403 Forbidden,broken,,2026-06-22T13:08:05+00:00
75ef7c9a-2cf2-47d0-8cae-6f9e66ee5366,200,1,1,419,Squarespace,Ting Thai Culture- Handmade products from a Thailand,good,,2026-06-22T13:08:05+00:00
3754921f-9ee9-45a6-bbe2-d008438edc6c,0,0,0,7,,,broken,connection failed,2026-06-22T13:08:05+00:00
c5e4ca36-5501-41b8-851a-dfb5181c05b7,0,0,0,111,,,broken,connection failed,2026-06-22T13:08:05+00:00
45fa706e-ca00-4a2c-8b4c-54453790a233,200,1,1,394,,"Lake County, CA | Official Website",good,,2026-06-22T13:08:06+00:00
0bf4888c-f65f-42e8-97ac-bbedc56bf489,200,0,1,165,,Furniture Mart,weak,,2026-06-22T13:08:06+00:00
83befe93-5e74-44c9-b9a4-dc3876e83075,0,0,0,100,,,broken,connection failed,2026-06-22T13:08:06+00:00
bb0be4a3-db96-43e0-8268-1c3c8b00e2f4,200,1,1,434,GoDaddy,Mindful Meals LLC,good,,2026-06-22T13:08:06+00:00
321ab0df-be56-4e81-b73a-9481cccb4368,0,0,0,46,,,broken,connection failed,2026-06-22T13:08:06+00:00
4171f199-01c9-468e-ae39-73b8ccaa6abb,403,1,1,68,,Just a moment...,broken,,2026-06-22T13:08:06+00:00
a29127b1-84b1-421a-ab8c-9be474fdbe81,200,0,0,242,,,weak,,2026-06-22T13:08:06+00:00
a51a0b68-180a-415c-b9f0-4e14b319982a,202,1,0,102,,,weak,,2026-06-22T13:08:06+00:00
59cc3d3e-d4c2-459b-b982-d5f00b9ada77,200,1,1,282,WordPress,"Trusted Dentists in Ukiah, CA | Book Appointment Today",good,,2026-06-22T13:08:06+00:00
2fb9b0b4-e030-46cd-afe5-a4eeb68158e0,200,1,1,538,WordPress,Vainer DDS,good,,2026-06-22T13:08:07+00:00
f787c8d9-9f39-4671-ac8b-de3a5e00293c,403,1,0,55,,etsy.com,broken,,2026-06-22T13:08:07+00:00
4ee5ac53-849a-4b00-99f8-3c2eafdb8e23,200,1,1,985,,"Home - Gaslight Pizza &amp; Grill - Pizza Restaurant in Huntingburg, IN",good,,2026-06-22T13:08:07+00:00
f1a6e9b3-3151-4057-8b3a-5fdfdd99101e,200,1,1,640,Shopify,"Profile · commoncollectibles · Zachary Shabert · Whatnot: Shop, Sell, Connect",good,,2026-06-22T13:08:07+00:00
2c3f1dc5-a154-4939-b0d6-5e56b31d9b81,200,1,1,1635,Wix,Food Bank | Anderson Valley Food Bank | California,good,,2026-06-22T13:08:07+00:00
b79bfd5f-68a1-49fa-8b05-1cde7e219049,200,0,1,143,Weebly,&nbsp;Spiro's Gyros &amp; Deli - Home,weak,,2026-06-22T13:08:07+00:00
7c29dd80-6267-4798-9e4a-4f4f2959c69b,422,1,0,7113,,,broken,,2026-06-22T13:08:07+00:00
291a1da4-431a-4892-ada9-c9812ba7990f,200,1,1,299,,,good,,2026-06-22T13:08:07+00:00
ea4f9a32-f33a-4eea-a3a9-4e0d73d59b41,200,1,1,404,,Choose a Membership - GymMaster Member Portal,good,,2026-06-22T13:08:07+00:00
866d2243-f863-49bc-b124-7337511edf0a,200,1,1,4822,WordPress,Home - Whispertree,weak,,2026-06-22T13:08:07+00:00
df2fad94-3c7d-441f-99ae-f5a555ca3940,200,0,1,6009,,ทางเขา ufabet,weak,,2026-06-22T13:08:07+00:00
6f65c3e5-3bc1-4405-8f39-43a7ae501a13,200,1,1,622,,Choose a Membership - Old Town Iron Kelseyville,good,,2026-06-22T13:08:07+00:00
165c73ef-f565-491a-be49-6aaef34971ea,200,1,1,258,,YMCA of the USA - A Leading Nonprofit Organization,good,,2026-06-22T13:08:07+00:00
46a73d31-6664-4850-8961-ad8802ca1259,200,1,1,394,Wix,Fitness | Ukiah Valley Athletic Club | United States,good,,2026-06-22T13:08:07+00:00
91f44a19-86a9-4e7e-84f9-57073fef17b7,200,1,1,152,Webflow,"Kelly&amp;#39;s Nor Cal Hair Waves, Facial Skin Care, Treatment, 3091 N St",good,,2026-06-22T13:08:07+00:00
4c4808e7-1c73-49c5-bd47-44ab0000a054,0,0,0,27,,,broken,connection failed,2026-06-22T13:08:08+00:00
9d0e6169-5b66-4eab-91f5-ef7bb4ca2148,200,1,1,400,WordPress,Go Local Mendonoma Coast - Supporting Local businesses on the Sonoma Mendocino Coast,good,,2026-06-22T13:08:08+00:00
9bed47ec-e626-403e-9194-f9c9903625d9,200,1,1,4212,,Mendocino Community Network,weak,,2026-06-22T13:08:08+00:00
5d1d68df-92c3-4147-b030-7c85c90f4144,0,0,0,50,,,broken,connection failed,2026-06-22T13:08:08+00:00
dc49bee6-552c-4897-80ba-1d6dbd4188eb,0,0,0,38,,,broken,connection failed,2026-06-22T13:08:08+00:00
a2a24227-3d5c-4681-ab0b-62e4fe652694,200,1,1,375,Squarespace,Locals Salon + Barber Lakeport,good,,2026-06-22T13:08:08+00:00
ca10edc4-98bf-4b03-af6a-7dae639167f2,0,0,0,38,,,broken,connection failed,2026-06-22T13:08:08+00:00
d3d3e735-e123-4a38-b548-a9813d1d16a4,0,0,0,38,,,broken,connection failed,2026-06-22T13:08:08+00:00
d342a4a4-30f6-4b82-bc83-cb679ac0a6e1,200,1,1,145,,Element 7 Connect,good,,2026-06-22T13:08:08+00:00
a0a1bc79-a962-430c-af6c-dd34f67603c0,200,1,1,788,,"Erin Reye Hair | Hair Rituals, Healthy Hair &amp; VIP Updates",good,,2026-06-22T13:08:08+00:00
66b4f6ac-4942-4475-9a77-780c5f6888c4,200,1,1,646,Weebly,Home | Nova boutique salon and spa,good,,2026-06-22T13:08:08+00:00
7f168f3e-c6c5-40ad-a2ab-8606a9aee446,200,1,1,225,Squarespace,Rise and Be Well,good,,2026-06-22T13:08:08+00:00
f037b22b-24bf-4cbe-a3e8-08a47f025d27,200,1,1,1198,,"B Young Wellness | Mobile IV Hydration, GLP-1, HRT &amp; Peptides",good,,2026-06-22T13:08:08+00:00
a0b9c5a6-dc46-4bc4-a325-14e596d101e4,200,1,1,539,Wix,Home | Healthy Haven Wellne,good,,2026-06-22T13:08:09+00:00
32628ea8-b9fc-451a-90aa-6fc5c4a1fa1e,200,1,1,1021,,Numi Hair Studio,good,,2026-06-22T13:08:09+00:00
197efdda-5e20-4c37-8b53-ca6c9fa5cedd,200,1,1,1745,Wix,"The Studio SoBo | Boonville, CA | Yoga Studio",good,,2026-06-22T13:08:09+00:00
d63c5fa9-56b2-4904-9fb6-26ddac27d5cf,200,1,1,475,Squarespace,MENDO MUSCLE,good,,2026-06-22T13:08:09+00:00
b3e22efe-5ec9-48f7-a54b-01bce84af408,403,1,0,82,,bestwestern.com,broken,,2026-06-22T13:08:09+00:00
7e761e7e-b069-4633-a0f8-28555aaafdf6,200,1,1,4527,WordPress,Out of This World Shop &#8211; Serving your science needs since 1988!,weak,,2026-06-22T13:08:09+00:00
7b6f320d-cc5c-4dfb-b647-6758f0397a46,0,0,0,143,,,broken,connection failed,2026-06-22T13:08:09+00:00
54e249a7-88ed-4c7b-974c-0bcf76b40aae,200,1,1,460,,"Taste of Nepal | Best Nepali & Indian Restaurant in Ukiah, CA | Order Online",good,,2026-06-22T13:08:09+00:00
272ea28a-eb55-4607-bbae-bb04dd2a8dce,200,1,1,600,,Americas Best Value Inn,good,,2026-06-22T13:08:09+00:00
b9f60cad-0808-4df5-8faf-dfbf55c5ed1a,200,1,1,455,,"Oceanfront Lodging &amp; Dining | The Hotel Breakers | Gualala, CA",good,,2026-06-22T13:08:09+00:00
71b3c56c-abfa-4a2b-ae89-ac0cfdbacf08,404,1,1,379,,404 - Page Not Found,broken,,2026-06-22T13:08:09+00:00
9e0da789-01dc-49a4-aa4e-1780452d9fef,200,1,1,254,,"Wyndham Hotels &amp; Resorts - Find Hotel Rooms, Rates &amp; Deals",good,,2026-06-22T13:08:09+00:00
c9b4a0ff-f9db-4e9f-8694-005f408571af,200,1,1,254,Squarespace,THATCHER HOTEL,good,,2026-06-22T13:08:09+00:00
049dcc4c-5985-43de-b0d0-46a7c840fbee,200,1,1,467,,"Wyndham Hotels &amp; Resorts - Find Hotel Rooms, Rates &amp; Deals",good,,2026-06-22T13:08:09+00:00
dafe31e2-9ee3-482d-8793-17e6889540f7,200,1,1,854,,"Airbnb: Vacation Rentals, Cabins, Beach Houses, Unique Homes &amp; Experiences",good,,2026-06-22T13:08:09+00:00
650ed0ac-fa59-4d58-96a3-85d9736d0e14,200,1,1,802,,"Top 20 Hotels in Fort Bragg, CA - Jun 2026 Discount Deals",good,,2026-06-22T13:08:09+00:00
8b9efd19-bf0d-44c7-8976-5fa0fb3122a6,200,0,0,202,,,weak,,2026-06-22T13:08:10+00:00
e4575b7c-2dc5-417a-b9e8-03ece32338d8,200,1,1,1681,WordPress,Home - Boont Berry Farm,good,,2026-06-22T13:08:10+00:00
d8f99795-9c9d-4efa-84d0-d8a81f97be0a,0,0,0,15072,,,broken,connection failed,2026-06-22T13:08:10+00:00
8b51147a-77ec-4f2b-8aea-bd5afe3d0d6a,200,1,1,317,,HVAC Services | Northern California | (707) 462-4328,good,,2026-06-22T13:08:10+00:00
bae8307d-fd36-4c78-aeb9-3bda1feb3691,200,1,1,375,,TheHimalayanCafe.com - Restaurant Domains for Sale - Buy Premium Dining &amp; Food Service Domain Names | Domain for Sale. Call 888-694-6735.,good,,2026-06-22T13:08:10+00:00
6f7fda60-35fb-4b73-b60a-fcb7be620982,200,1,1,799,,"The Orchard Hotel | BEST RATES at Our Ukiah, CA Hotel",good,,2026-06-22T13:08:10+00:00
2717971c-0761-4747-a0fc-d2864b0523f7,200,1,1,671,Wix,Yokayo Ranch | Home,good,,2026-06-22T13:08:10+00:00
73b9e29d-3ac6-4483-9c49-cc7423672c01,200,0,0,247,,,weak,,2026-06-22T13:08:10+00:00
aab0613d-6047-4914-980e-3564e8b36af8,0,0,0,119,,,broken,connection failed,2026-06-22T13:08:10+00:00
9f22833b-a4f4-49a6-9708-2a754453cba9,200,1,1,664,,Americas Best Value Inn,good,,2026-06-22T13:08:10+00:00
3b305f60-3fac-4706-a4d7-e3878ab83657,200,1,1,169,Webflow,"Long Valley Garden Club, Plants Trees Flowers, Seed, 375 Harwood Rd",good,,2026-06-22T13:08:10+00:00
e3fe5f3f-e693-4c75-beca-205639522e99,200,1,1,392,Wix,Home | PVCUSD,good,,2026-06-22T13:08:10+00:00
ef2d6d8a-f2e3-4191-8348-ea3a1d30656f,200,1,1,1099,Shopify,Shrine Jewelry | Fine Handmade Jewelry Mendocino,good,,2026-06-22T13:08:11+00:00
a9c77d11-b76c-497b-87b6-8689bf95c518,409,0,1,166,,DNS resolution error | www.kalunasullivanlaw.com | Cloudflare,broken,,2026-06-22T13:08:11+00:00
73fc0fc0-b569-4205-a9de-36864528e8cd,200,1,1,477,Squarespace,Law Office of Grady G. Gauthier,good,,2026-06-22T13:08:11+00:00
375bf9f5-744e-4ce5-a713-9b8700e7b77b,410,1,1,1096,,"Joyeria Angelica, 122 Talmage Road, Ukiah, CA - Groupon",broken,,2026-06-22T13:08:11+00:00
211307aa-edd3-4dfa-85df-c7a219e888c3,200,0,0,368,,CAPOEIRA FDA - Index,weak,,2026-06-22T13:08:11+00:00
be994ca5-6ebf-4596-bec3-35bbd7b56be7,202,0,0,64,,,weak,,2026-06-22T13:08:11+00:00
0609b0d7-3b2c-44dd-b459-3315ea0f9c54,200,1,1,541,WordPress,Petersen Law Offices &#8211; Protect Your Rights,good,,2026-06-22T13:08:11+00:00
4de6ddd9-1034-49f8-9934-99d8040863c9,0,0,0,40,,,broken,connection failed,2026-06-22T13:08:11+00:00
bd3e7dff-9499-42ab-b1a9-82a506c2b9bc,200,1,1,646,,My State Bar Profile :: The State Bar of California,good,,2026-06-22T13:08:12+00:00
d4b20b48-fdcd-419d-a3c0-a1d754dfe662,200,1,1,142,Webflow,"Rouse Masonry, Household Product, 4101 Eastside Calpella Rd",good,,2026-06-22T13:08:12+00:00
38cd8b3c-10bd-4506-a9b2-2e649f553ff1,0,0,0,39,,,broken,connection failed,2026-06-22T13:08:12+00:00
e9741fd7-0647-4036-b090-76f896c93604,200,1,0,272,,,weak,,2026-06-22T13:08:12+00:00
0e8b16b9-2e13-477c-868b-1e7c68c47c8c,200,0,0,182,,,weak,,2026-06-22T13:08:12+00:00
8193f124-d835-472c-9f4b-74c93447d7db,0,0,0,106,,,broken,connection failed,2026-06-22T13:08:12+00:00
2f5a2df5-b5ff-480e-a5b6-e4d925499705,200,1,1,406,,Somatic Healing &amp; Intuitive Coaching&#x2F; Sabrina Marie,good,,2026-06-22T13:08:12+00:00
34b2e8ce-c395-4aa8-80dc-57edfa982958,200,1,1,2697,WordPress,Home -,good,,2026-06-22T13:08:12+00:00
d53c7be6-5be6-43eb-bdbd-a234c8ac1714,0,0,0,5597,,,broken,connection failed,2026-06-22T13:08:12+00:00
e407c587-21a3-42d8-be89-d717b629f11c,200,1,1,3124,WordPress,Find Your Dream Trip -,good,,2026-06-22T13:08:13+00:00
a366873e-3699-4f9b-b7f2-53d1469b8d27,200,1,1,557,,North Coast Massage,good,,2026-06-22T13:08:13+00:00
8b319984-0b9a-4051-8c8d-904a6b0f49bd,200,1,1,3427,,Rubah4d > Situs Bandar Togel Resmi Yang Menyediakan Pasaran Terlengkap Dengan Link Jitu Terbaik Di Indonesia,good,,2026-06-22T13:08:13+00:00
5257839d-2fcf-4a18-aa55-2fa071605c3d,200,0,1,420,,,weak,,2026-06-22T13:08:13+00:00
167720c0-715d-4e44-a7c7-36c09f92a5de,200,1,1,2829,WordPress,Farrington Law | Fight as One,good,,2026-06-22T13:08:13+00:00
abde7819-b6ea-4ae0-baac-54da021c7183,200,1,1,459,Wix,"Medical Aesthetics in Ukiah, CA | Lux Medical Aesthetics | BOTOX®",good,,2026-06-22T13:08:13+00:00
467b761d-6944-4e0f-b9ad-d389a3f8e34d,0,0,0,859,,,broken,"ssl: HTTPSConnectionPool(host='www.rolfmethod.me', port=443): Max retries exceeded with url: / (Caused by",2026-06-22T13:08:13+00:00
236c548a-3aa9-4f73-b47c-ad7f366bbcdd,200,1,1,163,Webflow,"Eddie&amp;#39;s Cocina Authentic Mexican Cuisine, Mexican Restaurant, 109",good,,2026-06-22T13:08:13+00:00
b26fc6b0-54ca-405a-a0e0-29159d859115,409,0,1,254,,DNS resolution error | www.reynoldswren.com | Cloudflare,broken,,2026-06-22T13:08:13+00:00
dab8c11b-3214-44bb-9eb2-037845ea15a5,200,1,1,259,,"Chavez Supermarket | We take pride in offering the highest quality meats, produce, baked goods and Taquerias.",good,,2026-06-22T13:08:13+00:00
7b54459d-6e75-4826-9bb2-f7962a7586e1,200,1,1,1037,Weebly,Appointments | Pacific Bliss Studio,good,,2026-06-22T13:08:13+00:00
811b297c-f798-4072-b0b0-e6029eb0b8aa,200,1,1,1271,WordPress,Home - Bowen Source,good,,2026-06-22T13:08:13+00:00
8c84ff77-8547-4316-a658-0bc7ad6769a6,200,1,1,180,Webflow,"El Taco Loco, Mexican Restaurant, 187 Orchard Plz",good,,2026-06-22T13:08:13+00:00
c2ba2958-c450-446f-9b4d-88134027b6d5,401,1,1,220,Squarespace,Private Site,broken,,2026-06-22T13:08:13+00:00
a44aa721-6090-4e9d-bbef-f9ae84aed362,200,1,1,351,,Page Not Found,good,,2026-06-22T13:08:13+00:00
79782aaf-3447-4b79-87f6-770d4375f4e3,200,0,0,97,,jcjc5500公海贵宾会(中国)会员检测中心-官方网站,weak,,2026-06-22T13:08:14+00:00
5711fbef-771f-4eeb-964c-32a3c9944989,200,1,1,178,Webflow,"Kind Lending, LLC - Home Loans",good,,2026-06-22T13:08:14+00:00
47ecf0dc-1ac9-42d5-850b-0f0b46c10d46,0,0,0,7,,,broken,connection failed,2026-06-22T13:08:14+00:00
4b1dda1d-585b-418a-ae64-fe91839f45d1,403,1,1,100,,Just a moment...,broken,,2026-06-22T13:08:14+00:00
6ad60b8f-ca4a-4679-878a-c32d4ec98937,200,1,1,5154,WordPress,Point Cabrillo Light Station &#8211; A California State Historic Park,weak,,2026-06-22T13:08:14+00:00
4085b1fa-0f2c-4345-bcae-43c7dd5c05b8,200,1,1,389,,Easy and secure online loan application,good,,2026-06-22T13:08:14+00:00
0198df2e-d8b2-4362-b621-c28d3ddad14d,200,1,1,2387,WordPress,Ukiah Shorin Ryu Karate,good,,2026-06-22T13:08:14+00:00
94fe6f0a-33c0-4bc7-b079-54a138a1c76b,200,1,1,314,WordPress,Capeway Tech Support - Capeway Tech Support,good,,2026-06-22T13:08:14+00:00
c82c33c5-e7dc-49a9-a735-a28e251b01e6,202,0,0,126,,,weak,,2026-06-22T13:08:14+00:00
3f9204a5-3a3d-4680-a3cc-e5e839e8f34b,200,0,1,733,,Checking your browser...,weak,,2026-06-22T13:08:14+00:00
3bb8542a-c5ca-4dc8-a181-131fe55b0c9e,200,1,1,900,,Mexican Folkloric Group | Theatrical Abilities Houston,good,,2026-06-22T13:08:14+00:00
62a184aa-6fd4-4380-8090-fa635a01dd8e,200,1,1,411,Webflow,The Weller House,good,,2026-06-22T13:08:14+00:00
515f69e9-b872-4c1a-9ecc-54e60d5da5bc,200,1,1,983,,Mexican Folkloric Group | Theatrical Abilities Houston,good,,2026-06-22T13:08:14+00:00
421619e8-a2ee-454e-aacd-d82f4cd298a8,403,1,0,127,,,broken,,2026-06-22T13:08:14+00:00
bf23faf4-ffd4-460f-8f58-40334c8fb78d,0,0,0,104,,,broken,connection failed,2026-06-22T13:08:14+00:00
1a9810a9-7a24-4fc1-9596-27314535641e,200,1,1,344,,"TJ Nail &amp; Spa II in Ukiah, CA – Reviews, Hours, and Contact Details",good,,2026-06-22T13:08:14+00:00
0db66685-9591-4e5b-af1d-1a8d43842d6a,200,1,1,209,GoDaddy,"Orthodontist in Lake County &amp; Lakeport, CA | Lake Orthodontics",good,,2026-06-22T13:08:15+00:00
6003775c-6b95-4663-8db8-3b304ae986ba,200,1,1,378,Weebly,"LYNETTE KLINE, O.D. - Home",good,,2026-06-22T13:08:15+00:00
572bfcb6-ee21-4343-8c8e-aa82786c4468,200,1,1,519,,"Real Estate Brokerage, Appraisals | Lakeport, CA",good,,2026-06-22T13:08:15+00:00
b4385be0-47e4-48e1-9a2e-4fbf9d96ea65,200,1,1,824,,California Board of Barbering and Cosmetology,good,,2026-06-22T13:08:15+00:00
966b3d54-163d-40e5-bd51-8666e0ee2615,200,1,1,134,GoDaddy,Home - Red Barn Dog Boarding,good,,2026-06-22T13:08:15+00:00
88e2870c-1c77-41a8-ab20-7c65261f2028,200,1,1,338,,"Personal Injury Lawyer Woodland Hills, CA | G. Aldrich Law",good,,2026-06-22T13:08:15+00:00
92b608fb-ad3a-40fa-984c-4e5db8fabce6,200,1,1,701,,"Eye Doctor in Ukiah, CA | Clear View Optometric",good,,2026-06-22T13:08:15+00:00
8fa6a1ca-22f8-4269-9a17-2b84525ef7c3,200,0,1,1194,,The Woodrose,weak,,2026-06-22T13:08:15+00:00
ca10ece2-3894-4ca4-8475-31ded441f975,0,0,0,1997,,,broken,connection failed,2026-06-22T13:08:15+00:00
b4786e97-1d7e-4d31-ae3f-e0299ba3e238,200,1,1,255,WordPress,MUD HAPPENS | Formerly Our Family Drywall &amp; Painting,good,,2026-06-22T13:08:15+00:00
a9647573-7e89-41ad-bdf8-99aea334689f,200,1,1,542,WordPress,Personal Injury Lawyer - Pano Stephens of Krankemann Law Offices,good,,2026-06-22T13:08:15+00:00
491e86aa-2656-4aa9-9cd6-f4b45e7d2732,202,0,0,75,,,weak,,2026-06-22T13:08:15+00:00
ef4f7a6d-6542-4cf9-8bcb-46477cf5c569,200,1,1,1634,WordPress,Seacliff Motel,good,,2026-06-22T13:08:15+00:00
f421c2fb-01d3-4152-9ec7-5a674b246521,200,1,1,459,GoDaddy,"Acqua Standard Poodles - Standard Poodle, Puppies",good,,2026-06-22T13:08:15+00:00
3d3b57bc-a8b5-4628-b795-df48dda37302,200,0,0,191,,,weak,,2026-06-22T13:08:15+00:00
78485575-094e-45e4-9bcc-575968f9c677,200,1,0,559,Weebly,LAKEVIEW STANDARD POODLES - HOME,weak,,2026-06-22T13:08:15+00:00
964b7cf6-9929-4184-a40c-c28d336944a9,404,1,1,497,Wix,,broken,,2026-06-22T13:08:16+00:00
827245ca-d4d0-48d1-816d-69c73e289d44,200,1,1,477,,Doggonit Pet: Your Local Pet Wash and Supply Store | DogGonit Pet,good,,2026-06-22T13:08:16+00:00
9ec71688-ca5c-4b9d-ad9a-a452c2f9192e,200,1,1,596,WordPress,Visit Fort Bragg On The Coast In Mendocino County,good,,2026-06-22T13:08:16+00:00
5ca1a5bc-f6dc-4779-9925-7cf61047ece2,0,0,0,15720,,,broken,connection failed,2026-06-22T13:08:16+00:00
8418e018-22f8-46cb-9108-4242213ad15c,0,0,0,126,,,broken,connection failed,2026-06-22T13:08:16+00:00
e1372e46-0786-4c7e-8cd6-dfb609c6900d,200,1,1,1204,WordPress,Curly Doodle Dog &amp; Sia Meeser Cat Grooming &#8211; Full service grooming in Sonoma County,good,,2026-06-22T13:08:16+00:00
88c90184-f9a3-4ff2-ad82-7c1247964bcc,200,1,1,414,Squarespace,Mendocino Pilates,good,,2026-06-22T13:08:16+00:00
8110626f-fcd5-4f57-a081-692bd7494860,200,1,1,265,,Little Caesars,good,,2026-06-22T13:08:16+00:00
d026fbde-c7b6-4377-bd64-1fd5dce283e3,200,1,1,415,,Express - Men&#39;s &amp; Women&#39;s Clothing,good,,2026-06-22T13:08:16+00:00
c186d7fc-24a2-41a8-b97b-a4d3fdded558,0,0,0,40,,,broken,connection failed,2026-06-22T13:08:16+00:00
8e39a8de-cce6-4889-b4a8-4e2f05204bd8,200,1,1,310,,"Papa Murphy&#39;s Pizza Takeout Restaurant Fort Bragg,CA",good,,2026-06-22T13:08:16+00:00
3d6eab7d-ec1f-4ec4-b279-81490fe02866,0,0,0,40,,,broken,connection failed,2026-06-22T13:08:16+00:00
cbfb7cf0-2c6a-4d7a-af76-8fde66c8084f,200,1,1,419,,"Pizza Etc | Pizza - Redwood Valley, USA",good,,2026-06-22T13:08:17+00:00
645658db-c675-498b-90db-f9956bf72d47,200,1,1,445,Wix,HOME | Slam Dunk Pizza,good,,2026-06-22T13:08:17+00:00
f6892e99-3f90-4d7d-9b7e-3f6f73f304c4,200,1,1,467,Wix,HOME | Slam Dunk Pizza,good,,2026-06-22T13:08:17+00:00
27e80624-1364-42b1-bdc0-64bbe6602718,200,1,1,631,Wix,"Imagination Station | Children's Museum | 600 North 4th Street, Lafayette, IN, USA",good,,2026-06-22T13:08:17+00:00
2e864e3b-ead4-4fad-bf16-f23fb76c5591,200,1,1,306,Wix,"Ukiah Natural Foods Co-op | Organic | 721 S State St, Ukiah, CA 95482, USA",good,,2026-06-22T13:08:17+00:00
b10070f2-284b-4a9f-9505-cf31e48e1913,0,0,0,267,,,broken,"ssl: HTTPSConnectionPool(host='www.myspace.com', port=443): Max retries exceeded with url: /shanachiepub ",2026-06-22T13:08:17+00:00
bd6fba7d-b95d-4072-93c8-9a5a2558b046,404,1,1,379,Wix,,broken,,2026-06-22T13:08:17+00:00
d7123755-0af6-4bbe-b9b4-1e2afb5c98ea,200,1,1,1005,,NIBUNG88 POKER: Download Apk Platfrom IDN Poker Online Stabilitas Server IDN Play,good,,2026-06-22T13:08:18+00:00
43600d29-55ef-4556-93c1-e57ee364fcf0,200,0,1,1528,WordPress,Pinoleville Native American Head Start &amp; Early Head Start &#8211; Educating and providing a strong foundation for the future of our community,weak,,2026-06-22T13:08:18+00:00
69ba5935-60a3-4c97-a138-4952a0eeed1b,200,1,1,302,WordPress,Home - Jendi Coursey Communications,good,,2026-06-22T13:08:18+00:00
7b644515-7e50-410c-a61a-a7728b28609b,200,1,1,479,,Ukiah CA Real Estate & Homes for Sale | REMAX Gold,good,,2026-06-22T13:08:19+00:00
ea0495dd-8308-4a47-93f1-b1330b9eff8b,0,0,0,46,,,broken,connection failed,2026-06-22T13:08:19+00:00
c9e2ca0b-0818-41cb-863e-812a40e7487f,200,0,1,3342,WordPress,Long Valley Feed | Farm &amp; Feed Supplies,weak,,2026-06-22T13:08:19+00:00
826b2d39-f1af-43a8-93a6-94651dbc79f7,403,1,0,181,,ERROR: The request could not be satisfied,broken,,2026-06-22T13:08:19+00:00
34d7a470-0cd9-4ed9-8573-af6fb442c111,0,0,0,39,,,broken,connection failed,2026-06-22T13:08:19+00:00
a1d4f94e-f771-44bd-90d7-fd330a542875,0,0,0,15366,,,broken,connection failed,2026-06-22T13:08:19+00:00
fa53eff5-9241-4555-b885-84eeddd43a80,200,1,1,920,WordPress,Gilmore Ceja Home Group &ndash; Mendocino &amp; Sonoma County Agents,good,,2026-06-22T13:08:19+00:00
d2a67002-4013-4d5c-9e19-67ee556b9acd,200,1,1,4899,,"Lisa Harvey, O.D., FCOVD",weak,,2026-06-22T13:08:19+00:00
a8d87632-3551-467b-928d-9ed8479d502d,200,1,1,4022,WordPress,dogstar grooming - ร้านตัดขนสุนัข บางจาก อาบน้ำตัดขน บางจาก,weak,,2026-06-22T13:08:19+00:00
993fb0fc-ff49-4ee6-ac38-7b6a29e0253b,200,0,0,181,,,weak,,2026-06-22T13:08:19+00:00
e25f1aba-42b7-4a31-82ab-4051f77ec2ce,0,0,0,3967,,,broken,connection failed,2026-06-22T13:08:19+00:00
077573cc-9573-454a-9a8b-389e784ddef9,200,1,1,501,WordPress,Home - Coldwell Banker Mendo Realty,good,,2026-06-22T13:08:19+00:00
4e399326-6cba-4a6d-a54c-95dd66bdb11e,200,1,1,706,,Lakeport CA Real Estate & Homes for Sale | Luxe Places International Realty-Lakeport,good,,2026-06-22T13:08:20+00:00
a56cf225-17c3-41b7-a38f-4401f8f223d1,200,1,1,2143,GoDaddy,thebricktavern.com,good,,2026-06-22T13:08:20+00:00
1f0c9747-b7c7-4379-a56e-8bab611f6d19,200,0,0,548,,,weak,,2026-06-22T13:08:20+00:00
b150a21a-e50b-46e5-b8b5-6e17f015073a,200,1,1,876,,Engel &amp; Völkers - Mendocino Shop,good,,2026-06-22T13:08:20+00:00
832e119a-0a99-4b5f-b946-49beaca8ec90,218,1,0,502,,,weak,,2026-06-22T13:08:20+00:00
d4908e54-b869-43f3-9324-09a84a9db127,200,1,1,5556,WordPress,At Last Farm Dog Day Camp | The best dog day care in Mendocino County.,weak,,2026-06-22T13:08:20+00:00
4c529c45-26d7-420f-a973-598e901f6c81,0,0,0,54,,,broken,connection failed,2026-06-22T13:08:20+00:00
08e46d87-39f4-4f30-85ce-5e9d94354be8,200,1,1,890,WordPress,Iris Angeleri | Lake County Real Estate,good,,2026-06-22T13:08:20+00:00
0f82d0d0-0cf3-4c6d-873d-a3963681ce82,0,0,0,814,,,broken,connection failed,2026-06-22T13:08:20+00:00
25edbcf8-b4fd-49f7-a71a-0e474606d546,200,1,1,707,,Lakeport CA Real Estate & Homes for Sale | Luxe Places International Realty-Lakeport,good,,2026-06-22T13:08:21+00:00
b0e0e89d-0e80-4143-9e1f-2835541d9f3a,202,1,0,697,,,weak,,2026-06-22T13:08:21+00:00
713109c1-d6e3-40e3-8c29-d82999b425ab,404,0,1,687,,Site inactive,broken,,2026-06-22T13:08:21+00:00
e4b03005-94e9-4aba-8b8d-0126ad5cc39a,200,1,1,358,,Lakeport CA Real Estate & Homes for Sale | Luxe Places International Realty-Lakeport,good,,2026-06-22T13:08:21+00:00
aa497951-995d-4d3f-b05d-b13e7245edf8,200,1,1,243,,Northern California Real Estate Agent in Ukiah | Steve Bowne,good,,2026-06-22T13:08:21+00:00
680da18e-05a1-4cec-8d74-d2f864bd92dd,200,1,1,1691,WordPress,Eric Garbocci,good,,2026-06-22T13:08:21+00:00
2d35a94e-7f34-48c4-bb7b-4e5b558cbfa4,200,1,1,640,,Lakeport CA Real Estate & Homes for Sale | Luxe Places International Realty-Lakeport,good,,2026-06-22T13:08:21+00:00
930d582d-111d-4fc9-b6c2-d100eaa12737,403,1,1,410,,Just a moment...,broken,,2026-06-22T13:08:21+00:00
30e3f591-216f-4613-9d94-efe67bfb051d,200,1,1,482,Squarespace,Rock Seas-Welcome,good,,2026-06-22T13:08:21+00:00
399d9c30-a829-426d-8ac7-d79784e75104,200,1,1,506,Squarespace,STOCK FARM,good,,2026-06-22T13:08:21+00:00
126fd238-39d5-4bfa-8a07-ee097089374d,200,1,1,1165,WordPress,Shelly Reed,good,,2026-06-22T13:08:22+00:00
0fac5446-a257-4aa6-9af8-f4c0f3d53b7a,404,0,1,722,,Site inactive,broken,,2026-06-22T13:08:22+00:00
6f4de067-a777-43da-94c6-e39e5e6f9d28,200,1,1,243,,"Home - The Whistle Stop Cafe - Willits, CA Restaurant &amp; Coffee",good,,2026-06-22T13:08:22+00:00
c71920d2-d47e-43a2-813d-d6dfc9770178,200,1,1,578,Squarespace,The Munchery,good,,2026-06-22T13:08:22+00:00
70ef92d8-2024-404d-ba4b-dc4053d6ffd7,200,1,1,392,Squarespace,The Record,good,,2026-06-22T13:08:22+00:00
4e4e7d1a-a65b-44dc-9404-9d4ff2f37014,200,1,1,461,,Oceanfront Dining | The Hotel Breakers | northern CA,good,,2026-06-22T13:08:22+00:00
411856f4-09b1-4b5d-a131-619a2ee75ba6,300,0,0,271,,300 Multiple Choices,weak,,2026-06-22T13:08:22+00:00
8a83f792-a57d-44b2-9b15-d063a06ac135,202,1,0,418,,,weak,,2026-06-22T13:08:22+00:00
ee1fc20b-ea65-40c2-b9bd-d66dcd447625,200,1,1,707,Wix,Senior Living | Brookside Retirement Residence | Ukiah,good,,2026-06-22T13:08:22+00:00
2a499217-2370-4464-a285-1b380acf04ba,200,1,1,291,Wix,Best Roofing Fort Bragg Ca | Best Roofing | Roofing Mendocino | Roofing Willit,good,,2026-06-22T13:08:22+00:00
786545c4-0c14-458d-880a-8c89c5dab8ea,200,0,1,439,GoDaddy,Roofing Service | Repair & Installation | Call (888) 602-1585,weak,,2026-06-22T13:08:23+00:00
1d7acbf4-16d8-4aa0-a120-98d35adbaca2,200,1,1,654,WordPress,Home - Wyndhurst Health &amp; Rehabilitation,good,,2026-06-22T13:08:23+00:00
65ae7759-0b41-4d0d-b0ea-a0ca7019bb5a,200,1,1,140,Webflow,"Caito Fisheries, Seafood Restaurant, 19400 Harbor Ave",good,,2026-06-22T13:08:23+00:00
f24c3950-c95a-44cb-b05d-594de61f33c2,200,1,1,524,Wix,Home | Imrie Roofing | Lakeport CA Roofing Contractor,good,,2026-06-22T13:08:23+00:00
f2be790d-3d11-45ed-87e6-474d666d22b9,200,1,1,383,Wix,"Contact Roberts Roofing Ukiah, CA",good,,2026-06-22T13:08:23+00:00
79325426-7478-42d7-881c-3af3e0e7f5c5,200,1,1,1084,WordPress,Lakeport Post Acute,good,,2026-06-22T13:08:23+00:00
1c1163ce-8ab6-426a-a266-c50cbd59364f,202,0,0,62,,,weak,,2026-06-22T13:08:23+00:00
26048ab6-e1a5-428a-85e6-1621b85448a1,0,0,0,107,,,broken,connection failed,2026-06-22T13:08:23+00:00
a5df4557-b9c1-4adc-b06e-32b7b9fc5c45,403,1,1,101,,Just a moment...,broken,,2026-06-22T13:08:23+00:00
17835f5b-5724-4900-838d-abbff028f5fb,200,1,1,256,Weebly,,good,,2026-06-22T13:08:23+00:00
e7501927-b5a5-4551-8d14-3af8bc0a669b,404,1,1,487,Wix,,broken,,2026-06-22T13:08:23+00:00
17617177-ab1d-401a-a697-0d4698417cc2,200,0,0,175,,,weak,,2026-06-22T13:08:23+00:00
b428ca08-52e1-4f8d-bc96-2ffd4d9392cc,200,1,1,415,WordPress,Welcome - The Wharf Restaurant,good,,2026-06-22T13:08:23+00:00
a95beb64-34d3-402e-95a7-26318a5a81f4,0,0,0,38,,,broken,connection failed,2026-06-22T13:08:23+00:00
222abb69-8f05-4c66-9eb7-9ddd5dadf039,200,1,1,511,Squarespace,Sea Pal Cove – The Mendocino Coast&#39;s Best Fish and Chips,good,,2026-06-22T13:08:23+00:00
be83d5a1-9fa9-44b0-979a-a61f35fcc44b,200,1,1,518,Wix,Home | Fort Bragg Septic,good,,2026-06-22T13:08:23+00:00
b97ec2da-11b7-4612-845f-7538a60ff85b,200,1,1,387,Squarespace,Squarespace Website Design for Female Entrepreneurs,good,,2026-06-22T13:08:24+00:00
de59dc01-d143-4389-a5d5-d15afb150155,200,1,1,588,,"The Prickly Pear Skincare Studio | Health &amp; Beauty in Lakeport, CA",good,,2026-06-22T13:08:24+00:00
2efc4e45-6b78-42da-a7bb-44f5affe63a7,200,1,1,355,Squarespace,Android Adornments,good,,2026-06-22T13:08:24+00:00
9535bbf3-0544-4304-aedf-0fd9ac479237,0,0,0,159,,,broken,"ssl: HTTPSConnectionPool(host='www.goonsink.com', port=443): Max retries exceeded with url: / (Caused by ",2026-06-22T13:08:24+00:00
d63c0703-475b-42b9-bb0e-fa4e6b1f35e5,0,0,0,40,,,broken,connection failed,2026-06-22T13:08:24+00:00
83a2d9d5-daa6-4d5c-b5d0-2368cfb049cf,200,1,1,596,GoDaddy,"Tattoos - Ukiah Tattoo Company - Ukiah, California",good,,2026-06-22T13:08:24+00:00
44a82f8d-9ac3-4051-b941-f1538db90460,200,1,0,663,,,weak,,2026-06-22T13:08:24+00:00
63244458-c380-46f2-a68e-72f78ab9cc61,403,1,1,162,,Just a moment...,broken,,2026-06-22T13:08:25+00:00
040f66d6-93b5-4d83-b5c3-2919b233afe3,521,1,1,133,,pr.business | 521: Web server is down,broken,,2026-06-22T13:08:25+00:00
29fdf7e5-1281-4bf5-a2b3-18ae61b8b207,200,1,1,1176,,Home,good,,2026-06-22T13:08:25+00:00
9489536b-8d40-47e8-bcd0-37dce804071d,0,0,0,49,,,broken,connection failed,2026-06-22T13:08:25+00:00
e3b15a2a-900c-410e-98b9-b5df285fc423,200,1,1,687,Squarespace,Osha Thai BBQ (Copy),good,,2026-06-22T13:08:25+00:00
b1ede7f9-1598-4ea0-8001-44cd6b3a06e9,0,0,0,63,,,broken,connection failed,2026-06-22T13:08:25+00:00
411025cb-423d-482d-88a6-48127c60d394,404,0,0,269,,404 Error - Page Not Found,broken,,2026-06-22T13:08:25+00:00
ad302b4a-e3ad-45d4-9577-2b763f6581d2,200,1,1,243,WordPress,"Veterinarian and Animal Hospital in Ukiah, CA | Mendocino Animal Hospital",good,,2026-06-22T13:08:25+00:00
a168d6d8-1ab7-4932-88a7-658f8b317683,200,0,0,292,,,weak,,2026-06-22T13:08:25+00:00
d089f851-8e34-475d-8c9e-efd4e6048fd1,404,1,1,319,,404: This page could not be found,broken,,2026-06-22T13:08:25+00:00
ec9ca4e2-ad38-4c0a-ac84-2c9e75b57d93,0,0,0,44,,,broken,connection failed,2026-06-22T13:08:25+00:00
820ea4c0-95fd-4ae6-b0e3-936d72c9fb5e,200,1,1,156,Squarespace,Wasson Memorial Veterinary Clinic,good,,2026-06-22T13:08:25+00:00
065ee48a-51a1-4f10-a9b7-ce3f3f52beef,403,1,1,268,,Just a moment...,broken,,2026-06-22T13:08:25+00:00
eb0b1097-a52e-4bc8-aeb9-09f5481d5acb,0,0,0,15086,,,broken,connection failed,2026-06-22T13:08:25+00:00
c14ae1ea-e63d-45a7-9787-aee7a6bef05f,200,1,1,214,,Kyoo,good,,2026-06-22T13:08:25+00:00
3d0b3859-837f-4d03-8010-c936f2cb9253,200,1,1,421,WordPress,Disco Ranch &#8211; Wine Bar &amp; Specialty Market in Boonville CA,good,,2026-06-22T13:08:25+00:00
0fb70b70-e6bb-4828-9a32-e00466fd86bf,403,0,0,474,,,broken,,2026-06-22T13:08:25+00:00
ae21b137-f97e-4816-a0cb-cbceade67d5b,200,1,1,606,Wix,Visit Kelley &amp; Young - Award-Winning Alexander Valley Wines in Sonoma County | Kelley &amp; Young,good,,2026-06-22T13:08:26+00:00
37ec0d98-b430-4a89-b48a-25348b28e241,200,1,1,312,,Home,good,,2026-06-22T13:08:26+00:00
8b7ec44d-63ed-4595-90fe-a60478d72652,200,1,1,714,Squarespace,Shop Alta Orsa Seasonal Wines &mdash; ALTA ORSA WINERY,good,,2026-06-22T13:08:26+00:00
98a856c2-0ff8-40ff-aacd-9f18bfc06703,200,1,1,794,,Alder Springs,good,,2026-06-22T13:08:26+00:00
319197d3-1963-45b9-a872-620bb676d20b,200,1,1,427,GoDaddy,Cesar Toxqui Cellars - Cesar Toxqui Cellars,good,,2026-06-22T13:08:26+00:00
00d8edd4-46d3-40db-8935-49fb9b544831,200,1,1,804,WordPress,Campovida,good,,2026-06-22T13:08:26+00:00
4bd737d8-902f-47da-a073-2d70e66d034f,200,1,1,210,Shopify,"Constellation Brands | Premium Beer, Wine and Spirits &ndash; Constellation Brands Corporate Website",good,,2026-06-22T13:08:26+00:00
1541c397-0986-43b4-853d-a4bf8c5264f0,200,1,1,565,Shopify,Cox Family Vineyards,good,,2026-06-22T13:08:27+00:00
3a93b51d-4789-4eda-b2d1-84eda8345ee4,200,1,1,295,Squarespace,Frey Vineyards,good,,2026-06-22T13:08:27+00:00
888dc717-4111-4e85-bedd-a47b9dd2fdb9,200,1,1,308,Wix,Gowans Heirloom Cider | cider,good,,2026-06-22T13:08:27+00:00
0f88512d-366a-4401-a2a5-feaac38197f2,0,0,0,10014,,,broken,connection failed,2026-06-22T13:08:27+00:00
29fad2b8-7d73-4b8f-8d02-f9b529f1f163,200,1,1,2515,,Bee Hunter / Vino Philo LLC - Shop - Wines,good,,2026-06-22T13:08:28+00:00
8a19f6e7-5927-42da-b625-59d26cfc77fe,200,1,0,504,,Le Vin Wines - Le Vin Winery and Vineyards,weak,,2026-06-22T13:08:28+00:00
ff5490f6-10f9-4ebb-8b57-961180966e17,200,1,1,314,Squarespace,Lichen Estate,good,,2026-06-22T13:08:28+00:00
1c00ae53-043f-476a-a940-055817bbbb0f,200,1,1,392,Shopify,"McFadden Family Vineyard &amp; Farm: Estate-Grown, Family-Owned, Organic",good,,2026-06-22T13:08:29+00:00
4079fa8b-abb7-4db9-82bb-d8a07ef7244a,0,0,0,3349,,,broken,"ssl: HTTPSConnectionPool(host='www.girasolevineyards.com', port=443): Max retries exceeded with url: / (C",2026-06-22T13:08:30+00:00
5987095d-9c5f-4cb6-b72b-6c78126ed6ed,200,1,1,467,Squarespace,Mia Bea Wines,good,,2026-06-22T13:08:30+00:00
343d1f62-d311-4018-8978-9d44fbbee9e4,200,1,1,3985,Webflow,Goldeneye Winery | Pinot Noir | Anderson Valley,good,,2026-06-22T13:08:31+00:00
35d21a72-44fe-410a-8a6e-219c349ee10a,200,1,1,407,Wix,Pacific Star Winey | Welcome,good,,2026-06-22T13:08:31+00:00
e68c0b1b-7c4f-4eca-be8d-fbf8247e4b76,200,1,1,4602,WordPress,Home - Duncan Peak - Organically farmed Vineyards,weak,,2026-06-22T13:08:31+00:00
24c6876d-727c-4f3b-9e08-208b1d581bc7,0,0,0,15222,,,broken,connection failed,2026-06-22T13:08:31+00:00
3fe4f513-5f3c-485e-955b-e4a586137a40,200,0,1,3138,,PANEN88 â¤ Platform Gaming Digital Inovatif dengan Pelayanan Bintang Lima,weak,,2026-06-22T13:08:31+00:00
56dd2583-0bce-4332-80eb-74a041275041,404,0,0,477,Squarespace,Squarespace - Website Expired,broken,,2026-06-22T13:08:31+00:00
a7400358-a90f-414e-943c-d4247e03c2db,200,1,1,439,,Home | Redwood Valley CA | Powicana Farm,good,,2026-06-22T13:08:31+00:00
0e87dfbc-e45a-414d-bb6c-11e64f99c793,200,1,1,4166,WordPress,Jaxon Keys Winery &#8211; Truly Historic. Truly Hopland.,weak,,2026-06-22T13:08:31+00:00
2fb42372-4bd6-4794-914e-ce406a8f49c6,403,1,1,258,,Just a moment...,broken,,2026-06-22T13:08:31+00:00
9b628b2d-1e19-4f81-b631-c8023bb6f7d2,200,0,1,698,WordPress,"Pine Mountain Vineyards &#8211; Late Harvest, High Elevation Wines",weak,,2026-06-22T13:08:31+00:00
9ca8ca56-8878-439e-82a7-1f8a3930ca1b,200,1,1,308,WordPress,Scharffenberger Cellars &#8211; Scharffenberger Cellars,good,,2026-06-22T13:08:31+00:00
cd069041-e221-48f5-bf43-ee046eb17630,0,0,0,102,,,broken,connection failed,2026-06-22T13:08:31+00:00
80d9ade2-e368-4ee5-88da-ac12fb5cb371,200,1,1,320,,Thomas T Thomas Vineyards,good,,2026-06-22T13:08:31+00:00
16dce94a-297c-4d76-8e51-9dd99b312a7a,200,1,1,401,WordPress,"Easy to Love Wines, Rooted in Place | Twomey",good,,2026-06-22T13:08:32+00:00
05362401-6d0f-45ea-81bb-a65e2cd57200,200,1,1,270,Squarespace,Weatherborne Wine Corp.,good,,2026-06-22T13:08:32+00:00
9335178f-093d-48e7-920a-5147bf23ba9c,202,0,0,210,,,weak,,2026-06-22T13:08:32+00:00
b1bb1c16-b9e4-4bbb-a592-c9eb4bed222c,403,1,1,291,,Just a moment...,broken,,2026-06-22T13:08:32+00:00
0463bea2-fc34-4109-81e6-529ab60b8409,200,1,1,179,Webflow,"Redwood Valley Cafe, Restaurant, 9621 N State St Ste F",good,,2026-06-22T13:08:32+00:00
652580c7-476e-41cc-913f-39a60a1541c2,200,1,1,3178,,Home - Meyer Family Cellars,good,,2026-06-22T13:08:32+00:00
86cf6d65-99a3-4d7e-9b3e-1b5e9c83badb,403,0,1,379,,DNS points to prohibited IP | www.stoneandembers.com | Cloudflare,broken,,2026-06-22T13:08:32+00:00
a9307f28-de2b-4b6b-86db-ad7d7c59ebf7,0,0,0,248,,,broken,"ssl: HTTPSConnectionPool(host='www.harecreekauto.com', port=443): Max retries exceeded with url: / (Cause",2026-06-22T13:08:32+00:00
b7e541ce-a0c4-4895-81b9-4bef71863cf7,202,0,0,163,,,weak,,2026-06-22T13:08:32+00:00
2d4f080d-2912-4c2f-89dd-0bc4e779124a,0,0,0,130,,,broken,connection failed,2026-06-22T13:08:32+00:00
144f3f95-6eed-484c-862b-3daf1d7c4de0,200,1,1,476,,"KELSEYVILLE CA - 3576 Big Valley Rd, Kelseyville, CA | NAPA Auto Parts",good,,2026-06-22T13:08:32+00:00
a1879fc2-44c8-4062-bbfd-9e5a156bc591,200,1,1,265,,Online Pokies NZ: Your Complete Beginner's Guide 2026,good,,2026-06-22T13:08:32+00:00
00b9ae0a-d447-4247-b7de-fe841e26728a,200,1,1,303,,Mendocino Luxury Inn &amp; Restaurant MacCallum House,good,,2026-06-22T13:08:32+00:00
849e6138-9a30-432c-9fac-79a7b45f2639,0,0,0,41,,,broken,connection failed,2026-06-22T13:08:32+00:00
194bcf15-57ed-41e3-813e-5c48b91c6bb8,200,1,1,982,Shopify,Moon Lady &amp; Moon Man,good,,2026-06-22T13:08:32+00:00
45297e6e-59a4-48a5-b526-faa7d4116096,200,1,1,187,,Home - Saw Shop Public House,good,,2026-06-22T13:08:33+00:00
40c98475-f19a-4172-8804-1821962f7f54,0,0,0,102,,,broken,connection failed,2026-06-22T13:08:33+00:00
dec4e3af-643b-4d1a-b364-c717eca8711c,200,1,1,357,WordPress,Legendary Beer - Anderson Valley Brewing Company : Anderson Valley Brewing Company,good,,2026-06-22T13:08:33+00:00
d97ee75e-01cf-4429-ba9f-e03772af8e9a,200,1,1,879,,"The Grey Whale Inn | Boutique Stay in Fort Bragg, CA",good,,2026-06-22T13:08:33+00:00
e6551535-2ea1-48bc-8949-7ccd559e26af,200,0,0,96,,,weak,,2026-06-22T13:08:33+00:00
bbe13fd9-110a-4f05-860e-9e9be8f36618,200,0,1,801,,Contact Verification Suspension Page,weak,,2026-06-22T13:08:33+00:00
1b553e7d-f0ac-47f9-9a46-87e905c6fa54,200,1,1,495,GoDaddy,Beautiful Smiles of Ukiah,good,,2026-06-22T13:08:33+00:00
22de94fa-4231-4f8d-9134-30d179d24926,200,0,0,130,,Redirecting...,weak,,2026-06-22T13:08:33+00:00
5ae2e5e6-6367-42b7-9149-38c31be1b27c,200,1,1,453,Squarespace,Green Ranch Furniture,good,,2026-06-22T13:08:33+00:00
0d453095-de53-4627-a1a8-131481a2dc07,0,0,0,109,,,broken,connection failed,2026-06-22T13:08:34+00:00
9050694f-a084-4934-84df-ece832be37dd,200,1,1,779,Shopify,Mendocino Spirits,good,,2026-06-22T13:08:34+00:00
abb8e90e-4ca7-4adc-8268-514f2e1e59a8,200,1,1,1084,WordPress,"Fort Bragg Dentists | General &amp; Cosmetic Dentistry Fort Bragg, CA",good,,2026-06-22T13:08:34+00:00
4fa43dac-fa34-4153-b522-b7b543515090,403,1,0,321,,bestwestern.com,broken,,2026-06-22T13:08:34+00:00
5b584c07-48c3-47e4-9e38-9a84766fb5f0,0,0,0,15160,,,broken,connection failed,2026-06-22T13:08:34+00:00
d836fbd2-857d-4ca4-9c43-bfd351106917,0,0,0,103,,,broken,connection failed,2026-06-22T13:08:34+00:00
8558e1a5-b704-420a-b8ed-396127426fa2,200,0,1,850,,SLOT777 Situs Resmi Slot Online Paling Gacor Provider Slot88 Terbaru Hari Ini,weak,,2026-06-22T13:08:34+00:00
ede6b4b2-f6ea-4723-9160-6ad71c1d0153,200,1,1,276,Squarespace,Blackberry Ranch | Book Your Escape Today,good,,2026-06-22T13:08:34+00:00
c4550e1e-3c69-43a0-88e5-b47cde1ddc60,0,0,0,44,,,broken,connection failed,2026-06-22T13:08:34+00:00
f88f8eab-f32a-4820-932d-70838ebb1227,200,1,1,3553,,BBM88 â½ Agen Mix Parlay Server SBOBET Resmi dengan Pasaran Bola Online Terpercaya,good,,2026-06-22T13:08:35+00:00
4de96967-4a66-435a-be61-ca7335e786a0,200,1,1,1267,Shopify,Salty Beach Boutique,good,,2026-06-22T13:08:35+00:00
eeec30ff-32a2-4ad4-8bb7-833e6381f263,503,0,0,295,,,broken,,2026-06-22T13:08:35+00:00
b739564c-a17b-4977-99dd-360000d657d1,200,1,1,373,Squarespace,SŌBŌ Sake Bar,good,,2026-06-22T13:08:35+00:00
c11d902f-b48f-4372-897a-060dcb390f4d,200,1,1,374,Wix,California Jade Jewelry and Stones,good,,2026-06-22T13:08:35+00:00
8c5aa78b-ed83-4507-a4e9-4bf5527d0f9b,200,1,1,142,,American Massage Therapy Association (AMTA) | The Leading Nonprofit for Massage Therapists,good,,2026-06-22T13:08:35+00:00
d5d41424-3689-4546-9966-b219cdaa86af,200,0,0,1368,,The Wright Look Design - Home Visualizations,weak,,2026-06-22T13:08:35+00:00
4d5deaca-5363-4784-b364-2af7807e857c,200,1,1,396,Squarespace,The Haven,good,,2026-06-22T13:08:35+00:00
f3463127-cb59-48ca-8daa-74681ab97895,200,0,0,176,,The Surf Motel at Gualala is the best value for your travel dollar.,weak,,2026-06-22T13:08:35+00:00
11a817e7-5256-407c-a7ce-878cd3c1929f,202,0,0,229,,,weak,,2026-06-22T13:08:35+00:00
483581c3-aa57-461b-8cfa-4f78b434609d,403,1,1,153,,Just a moment...,broken,,2026-06-22T13:08:35+00:00
52b43001-3116-4ec4-ac27-f2c4b3199bd0,0,0,0,105,,,broken,connection failed,2026-06-22T13:08:35+00:00
699aec96-d45d-4ab7-84f4-a2884159d99f,200,1,1,286,,Welcome to Westport Hotel &amp; Old Abalone Pub,good,,2026-06-22T13:08:36+00:00
3baf47f8-89d0-4d4d-874c-7c8a1428c0be,200,1,1,3574,WordPress,Mendocino Bed and Breakfast | Seagull Inn | Coastal Ocean View Lodging,good,,2026-06-22T13:08:36+00:00
470a81f9-46cf-4f20-9a27-ff21b51d94ed,0,0,0,8,,,broken,connection failed,2026-06-22T13:08:36+00:00
9faab511-1c41-49e4-8149-f5d1fb4957f2,200,1,1,630,WordPress,Personal Injury Lawyer - Pano Stephens of Krankemann Law Offices,good,,2026-06-22T13:08:36+00:00
a3750e94-8fbd-40d6-9ed8-7f7ba5e8528e,200,1,1,387,WordPress,Wine Country Real Estate Network - The company with a purpose,good,,2026-06-22T13:08:36+00:00
b50ec7bf-968c-4b41-ae56-7ac47bc03633,0,0,0,15257,,,broken,connection failed,2026-06-22T13:08:36+00:00
9cb9507b-8224-452e-94ee-d66ca506b358,403,1,1,170,,Just a moment...,broken,,2026-06-22T13:08:36+00:00
c291098a-cb37-4875-b33e-22773bd9d34d,0,0,0,115,,,broken,connection failed,2026-06-22T13:08:36+00:00
3f5e498f-1604-491a-95fb-185741ec79d9,200,1,1,202,GoDaddy,"Welcome to Noble Realty | Located in Upper Lake, California",good,,2026-06-22T13:08:36+00:00
0c9b12fb-611a-4ceb-94aa-f1691d951b61,0,0,0,15284,,,broken,connection failed,2026-06-22T13:08:36+00:00
992d1525-d6a7-4f1a-b354-70001dd15548,200,1,1,1444,WordPress,"Mendocino Ayurveda | Ayurveda, Yoga and Massage in Mendocino",good,,2026-06-22T13:08:36+00:00
3ce44ba7-ab64-4ccf-8bf1-9d4cd9ccfe65,403,1,1,286,,Just a moment...,broken,,2026-06-22T13:08:36+00:00
8e09ab56-2b37-44bb-8d95-ae153632bd05,0,0,0,310,,,broken,connection failed,2026-06-22T13:08:36+00:00
2c1dfc02-1cd4-45bc-81c7-3517e4c3d59e,200,1,1,576,Squarespace,North Country Real Estate,good,,2026-06-22T13:08:37+00:00
e0faa444-45ef-4527-b042-c8f870610551,202,0,0,170,,,weak,,2026-06-22T13:08:37+00:00
2492a301-734e-45d9-8046-82a2aae2a72e,0,0,0,110,,,broken,connection failed,2026-06-22T13:08:37+00:00
4dfefa20-24ba-41ea-9714-9891e1536f40,0,0,0,109,,,broken,connection failed,2026-06-22T13:08:37+00:00
d700ba62-3f1a-488f-a1d0-fa0c5b18bbd6,0,0,0,111,,,broken,connection failed,2026-06-22T13:08:37+00:00
f9418240-5f26-4408-a15e-bd07d78b6a51,200,0,0,109,,,weak,,2026-06-22T13:08:37+00:00
efeeb6a5-b36d-461b-a6e7-ba407375a1e8,200,1,1,483,,LakesideFamilyFun.com - Entertainment Domains for Sale - Buy Premium Media &amp; Events Domain Names | Domain for Sale. Call 888-694-6735.,good,,2026-06-22T13:08:37+00:00
60bc6a28-baf8-4a01-9638-1d0cb2add6f0,200,1,1,715,WordPress,Home - Wild Fish,good,,2026-06-22T13:08:37+00:00
b063e4d8-30e2-48ff-919b-0161ba5fce92,0,0,0,103,,,broken,connection failed,2026-06-22T13:08:37+00:00
21fe8be2-d56b-46f2-991f-2b5ca065bef1,200,1,1,402,,Ashlynn Dudley - Body Piercer - Tango Willits | Popl,good,,2026-06-22T13:08:37+00:00
461acfa4-dfa4-4fa6-ac5f-6637ae08f8ad,200,1,1,523,GoDaddy,"Tattoos - Ukiah Tattoo Company - Ukiah, California",good,,2026-06-22T13:08:37+00:00
0c608a5e-df94-491d-9d23-30def2153ad5,202,0,0,247,,,weak,,2026-06-22T13:08:38+00:00
38441f43-6980-4f21-84ba-f9f49b7b3031,200,1,1,825,,California Board of Barbering and Cosmetology,good,,2026-06-22T13:08:38+00:00
c2b1f0c8-fabe-467f-805d-f089e588c111,200,1,1,118,,E. & J. Gallo announces purchase of historic Sonoma County Winery | Gallo,good,,2026-06-22T13:08:38+00:00
cbac9b82-65de-4765-8eb7-b61a65c7c4bd,200,1,1,416,WordPress,"Natural Wine Tasting | Artevino Winery - Yorkville, CA",good,,2026-06-22T13:08:38+00:00
0a747e6c-49de-4a17-bfb9-40765301c007,200,1,1,2141,WordPress,Luxe Places | Luxury Properties | Luxury Homes | Mansions For Sale Worldwide - Luxe Places International Realty,good,,2026-06-22T13:08:38+00:00
c64b5bae-1c02-45cd-bf2a-8e5ce7d7a6af,200,1,1,334,WordPress,"Natural Wine Tasting | Artevino Winery - Yorkville, CA",good,,2026-06-22T13:08:38+00:00
ee29dd21-76c3-496b-8f08-bb600b26a89f,404,1,1,482,Squarespace,Destination Hopland,broken,,2026-06-22T13:08:38+00:00
cf0d4da2-9220-4cc5-8c5f-638b38cc55ae,202,0,0,241,,,weak,,2026-06-22T13:08:38+00:00
c7c5f720-faa1-4585-8a09-53d1d036621b,0,0,0,33,,,broken,connection failed,2026-06-22T13:08:38+00:00
52a6b8c9-dd28-4070-aa16-2e22dc37714b,200,1,1,240,WordPress,Seawolf: Discover Organic Wines in Mendocino,good,,2026-06-22T13:08:38+00:00
9071c8fb-0d22-4498-8ff7-e8b3d47fedf0,0,0,0,38,,,broken,connection failed,2026-06-22T13:08:38+00:00
1845f02d-ec03-43a3-a07e-180195e36101,200,1,1,1982,WordPress,Sheri Molina,good,,2026-06-22T13:08:38+00:00
e5853249-348f-450b-ac59-15250e37cc49,0,0,0,109,,,broken,connection failed,2026-06-22T13:08:38+00:00
0752a4ac-ad8b-452a-8a77-4978cee9dc20,200,1,1,339,Squarespace,Yorkville | Discover Organic Wines Today,good,,2026-06-22T13:08:38+00:00
2b7c7209-793b-41f5-9a5d-410a4cfb6271,403,1,0,175,,Service unavailable,broken,,2026-06-22T13:08:38+00:00
3c81d393-69ac-4c2d-8c56-7afa78c1d733,0,0,0,15123,,,broken,timeout,2026-06-22T13:08:38+00:00
693a506e-e2db-4668-bf91-24c4958b6ceb,200,1,1,438,Squarespace,Bess Donley L.Ac,good,,2026-06-22T13:08:38+00:00
5a0e8711-4459-4a35-91fd-4062e7c18ecb,200,1,1,387,Squarespace,"Humm Medspa | Med Spa in Willits, CA 95490",good,,2026-06-22T13:08:39+00:00
e4f8cc88-682b-451e-bcc9-1a2bbc6ecddd,200,1,1,346,Wix,Botox | Dani Streb Rn | California,good,,2026-06-22T13:08:39+00:00
f6c00aad-4924-4c7c-9665-94d474aa2d02,200,0,1,357,,51风流-楼凤小姐兼职信息,weak,,2026-06-22T13:08:39+00:00
fe81ce34-32a9-4d12-927d-cf9d3be2cbc2,0,0,0,9,,,broken,connection failed,2026-06-22T13:08:39+00:00
f782f0ad-3913-4481-9c80-6f6802e71c58,200,1,1,382,Wix,Children’s book and clothing| Junior Junior,good,,2026-06-22T13:08:39+00:00
dc0e4bd8-89dd-4832-9eff-32d127abb0a9,0,0,0,20088,,,broken,connection failed,2026-06-22T13:08:39+00:00
102f4bfd-de13-4cca-a61c-aa2cec34a93e,404,0,1,161,Wix,404 Error: Page Not Found | Wix.com,broken,,2026-06-22T13:08:39+00:00
6e34fd76-8f84-427c-ba53-471ee67764eb,0,0,0,38,,,broken,connection failed,2026-06-22T13:08:39+00:00
5bcbf589-d554-4cd2-a43b-871a32993355,403,0,0,26,,etsy.com,broken,,2026-06-22T13:08:39+00:00
d79a3166-5699-481d-b3c2-16d87faaeae4,200,1,1,684,Wix,Home | My Site 1,good,,2026-06-22T13:08:39+00:00
513fa29f-581a-4fc5-a98f-0599d7122ebe,0,0,0,103,,,broken,connection failed,2026-06-22T13:08:39+00:00
ccd71dc3-4c6f-4b1f-a2a0-50ed2577eb1d,200,1,1,707,GoDaddy,Mulka Construction,good,,2026-06-22T13:08:39+00:00
f7402301-9df9-455a-b220-d620019e5e28,404,1,0,244,,Error 404 (Not Found)!!1,broken,,2026-06-22T13:08:39+00:00
8f0df081-90e9-498d-83d2-96b46d161d99,0,0,0,620,,,broken,connection failed,2026-06-22T13:08:39+00:00
a74d0cf0-20ea-44a8-99ea-f5ffe6a374a1,200,1,1,469,Shopify,"Caspar Curiosities - Crystals, Carvings &amp; Metaphysical Tools",good,,2026-06-22T13:08:39+00:00
cbd38352-2481-4ac0-bd5f-b4724ee02de9,200,1,0,832,,Angela Carter Brown Law,weak,,2026-06-22T13:08:39+00:00
301ad55e-4e2e-4cba-b4da-b38256bee730,404,1,1,297,Wix,,broken,,2026-06-22T13:08:40+00:00
f3b31b83-461e-4810-9756-a395cfaf465f,200,1,1,697,Weebly,Home | Sheng's Strawberry Stand,good,,2026-06-22T13:08:40+00:00
771cdb71-d069-4d67-ba1e-118337122094,404,1,0,228,,Error 404 (Not Found)!!1,broken,,2026-06-22T13:08:40+00:00
aab3bbc5-8dbe-4565-857d-73766f2615c1,200,1,1,451,,"Flawless Electrolysis | Health &amp; Beauty in Ukiah, CA",good,,2026-06-22T13:08:40+00:00
96d8686d-c3a2-43b2-8e02-0898e189ac07,200,1,1,336,Squarespace,Law office of Edward Savin | Get Expert Legal Defense Today,good,,2026-06-22T13:08:40+00:00
a82c0758-ce02-4536-8ded-7b58dde6c794,200,1,1,275,Squarespace,Mystic Bodywork,good,,2026-06-22T13:08:40+00:00
a9e9cab0-c29a-4189-98ea-d5b9e4a7ede6,410,1,1,62,WordPress,,broken,,2026-06-22T13:08:40+00:00
296fc82c-f927-4873-ab33-df6553a27bb1,0,0,0,39,,,broken,connection failed,2026-06-22T13:08:40+00:00
1b4c6894-8347-4a4f-bc8a-ec27cdf64d98,200,0,0,175,,,weak,,2026-06-22T13:08:40+00:00
ae3c2c6f-406a-478d-91a1-f65d8ad322a1,404,1,1,396,Webflow,Not Found,broken,,2026-06-22T13:08:40+00:00
faf1b9f6-5ab5-4970-8042-6fb800bc2430,200,1,1,432,Squarespace,Laura Hoover Massage Therapy | Book Your Relaxation Today,good,,2026-06-22T13:08:40+00:00
ca399a70-820d-425f-b32c-4117a462160e,200,1,1,806,,"BDS Interior Design | Napa, Sonoma, Mendocino & Lakeport Interior Design",good,,2026-06-22T13:08:40+00:00
fa096742-3d05-4399-8ed5-a043a7c667f1,0,0,0,106,,,broken,connection failed,2026-06-22T13:08:40+00:00
22ab6fa4-56b3-4edb-bd6d-994c0bf07069,200,1,1,1006,,"Casa Contenta - Meadow home with private hot tub on the golf course | 2 Bed Sea Ranch, CA House | Vacasa",good,,2026-06-22T13:08:40+00:00
fff2325c-2b3f-4088-9549-d2a5f2137a58,409,0,1,194,,DNS resolution error | realtormahoney.com | Cloudflare,broken,,2026-06-22T13:08:40+00:00
8551293f-6357-4d91-8fd9-5856099eafce,403,0,1,58,,Just a moment...,broken,,2026-06-22T13:08:40+00:00
4a0b84f4-67f5-47b1-b5b6-f70d126e765b,0,0,0,350,,,broken,connection failed,2026-06-22T13:08:40+00:00
ce2720c4-13d1-4fc8-84dc-57dfc30a361f,403,1,0,227,,ratemyagent.com,broken,,2026-06-22T13:08:40+00:00
df5de9ff-5cfc-4311-9006-c7f190416784,200,1,1,370,WordPress,Amy Wray,good,,2026-06-22T13:08:40+00:00
031403b2-b234-4414-bd8d-bcfa8155a177,0,0,0,95,,,broken,connection failed,2026-06-22T13:08:40+00:00
4271fba7-28e1-4c26-acf8-edbe9283575f,200,0,1,139,,Under Construction,weak,,2026-06-22T13:08:41+00:00
485cc379-9828-4a37-8abe-617549f573c0,200,1,1,292,,Karena Jolley Real Estate Mendocino | Lake County,good,,2026-06-22T13:08:41+00:00
4f9622da-c136-47cc-9af6-7efcb49c0a7c,200,1,1,301,Squarespace,Rancheria Realty,good,,2026-06-22T13:08:41+00:00
37d833f2-7038-49a6-9029-93f5cf8c7d46,403,1,1,248,,Access to this page has been denied,broken,,2026-06-22T13:08:41+00:00
ba8d97e2-43d5-440e-86f6-f41f2235d0ec,200,1,1,1341,WordPress,Carrie Sullivan,good,,2026-06-22T13:08:41+00:00
d3d823a4-3427-47d3-9d64-79d28127319b,404,1,1,1038,,Site inactive,broken,,2026-06-22T13:08:41+00:00
445b98b7-f541-4580-a7b4-169928ad9315,404,0,0,207,,Site is not available,broken,,2026-06-22T13:08:42+00:00
53482e4f-4e7d-4857-b78c-e11edf3c2ecd,200,1,1,1468,WordPress,Celeste Rodriguez,good,,2026-06-22T13:08:42+00:00
b0f74efe-8c87-4f26-88ce-bf6b602823db,200,1,1,7459,WordPress,Mendocino Jewelry Studio - Designs by Nancy Gardner &amp; Mendocino Artisans,weak,,2026-06-22T13:08:42+00:00
b68760c3-be7c-4ec3-9c55-4fa7efb5a473,403,0,1,84,,Just a moment...,broken,,2026-06-22T13:08:42+00:00
aa396ad9-ad9c-44df-abc3-b466d70d057d,0,0,0,27,,,broken,connection failed,2026-06-22T13:08:42+00:00
c1ffa636-bbce-4bde-9d1a-eb3ea3d0c03c,200,1,1,874,,Ukiah CA Real Estate & Homes for Sale | Luxe Places International Realty-Ukiah,good,,2026-06-22T13:08:42+00:00
0a0fbadc-d06a-495d-94be-e9a2684ba717,404,0,1,687,,Site inactive,broken,,2026-06-22T13:08:42+00:00
4e761e3c-9175-4c58-a60e-112f502c8275,404,0,1,584,,Site inactive,broken,,2026-06-22T13:08:43+00:00
7e51ab55-a3c7-469f-af96-fefa344b189c,200,0,1,564,WordPress,"Lake County, CA Homes for Sale | Lake County CA Real Estate",weak,,2026-06-22T13:08:43+00:00
85214163-3b1b-4f2f-987f-39fb55e8e5a3,200,1,1,739,,Willits CA Real Estate & Homes for Sale | REMAX Gold,good,,2026-06-22T13:08:44+00:00
bd0391bc-d722-4171-93b9-724f382ffdea,200,1,1,1655,WordPress,Luxe Places | Luxury Properties | Luxury Homes | Mansions For Sale Worldwide - Luxe Places International Realty,good,,2026-06-22T13:08:44+00:00
4f036d21-28b6-4db8-804e-2e34f7c67247,200,1,1,243,,Start your NextHome search here,good,,2026-06-22T13:08:44+00:00
1101245c-8360-4d0e-9d37-14b2c40533bf,0,0,0,10014,,,broken,connection failed,2026-06-22T13:08:44+00:00
18d55a51-f740-4175-b6fe-5fdeb655609c,200,1,0,442,,Chubby's Kitchen: A Shared-Use Commercial Kitchen in Fort Bragg,weak,,2026-06-22T13:08:44+00:00
7e667294-1fb9-4bc1-9b6d-63bf53bca066,200,1,1,345,,MIRAMAR MEXICAN GRILL,good,,2026-06-22T13:08:45+00:00
37521d56-8b0b-48d0-8e04-33be3f917181,200,1,1,269,Wix,Botox | Dani Streb Rn | California,good,,2026-06-22T13:08:45+00:00
1d4d621b-0692-461f-9bc2-182f7832f2bf,0,0,0,104,,,broken,connection failed,2026-06-22T13:08:45+00:00
9ffe6faa-0505-4b54-8618-ea34678a6aa6,200,1,1,425,Squarespace,Android Adornments,good,,2026-06-22T13:08:46+00:00
be424a74-bf64-4c64-a64c-499e43c27079,0,0,0,108,,,broken,connection failed,2026-06-22T13:08:46+00:00
bccdf5b5-54c1-4f5f-9413-2b12b02035c1,404,0,1,155,Weebly,404 - Page Not Found,broken,,2026-06-22T13:08:46+00:00
ae1edc4c-44e0-4bc9-88ab-c950fc5ff223,200,1,1,209,GoDaddy,Byrd Vineyard,good,,2026-06-22T13:08:46+00:00
4c0e894f-1196-4884-9e3c-ea0cb29cd935,0,0,0,38,,,broken,connection failed,2026-06-22T13:08:46+00:00
ed9bcd65-e6e6-4574-b66d-b0e3d7a44061,0,0,0,15089,,,broken,connection failed,2026-06-22T13:08:47+00:00
99e92a52-a0c2-4d55-87d3-4774c55d261a,0,0,0,4197,,,broken,connection failed,2026-06-22T13:08:47+00:00
3afec4fa-7250-4a1f-a450-7870167d2fc6,0,0,0,107,,,broken,connection failed,2026-06-22T13:08:47+00:00
69f1fc69-649d-4522-b610-8f3317ffed3b,0,0,0,38,,,broken,connection failed,2026-06-22T13:08:47+00:00
c2e46411-4681-409d-989f-5b9168bea906,403,0,0,541,,,broken,,2026-06-22T13:08:47+00:00
aae1a412-23aa-4496-acf1-adbc0ec02a53,0,0,0,49,,,broken,connection failed,2026-06-22T13:08:47+00:00
f1206c13-81cd-482c-b36a-4115b3479109,0,0,0,10014,,,broken,connection failed,2026-06-22T13:08:47+00:00
8816556c-4104-4ec5-bd6d-5ab965cb4034,200,1,1,432,Squarespace,The Bewildered Pig,good,,2026-06-22T13:08:48+00:00
cf821118-f191-4b88-a619-f1a742cfd0eb,200,1,1,1933,WordPress,Home - Peay Vineyards,good,,2026-06-22T13:08:48+00:00
159d011e-1c7f-46dd-b5c8-f01499de9743,200,1,1,1056,WordPress,Home - Community Foundation of Mendocino County,good,,2026-06-22T13:08:48+00:00
9625f020-c42e-4d8b-a367-80ef1b183460,0,0,0,10020,,,broken,connection failed,2026-06-22T13:08:48+00:00
ed2ef280-d781-4884-8e58-873e02b7113a,200,1,1,731,GoDaddy,Expert Aircraft Mechanics for Reliable Maintenance,good,,2026-06-22T13:08:49+00:00
b1e0c813-cd2a-4748-ac00-2bb43c01bbe3,200,1,1,475,Wix,"Mendo Moto Den | Repair | 280 Franklin Avenue, Willits, CA, USA",good,,2026-06-22T13:08:49+00:00
09f6cb28-5960-4228-b23a-8b8c154af13f,200,1,1,382,Squarespace,Little Valley Cookie Company,good,,2026-06-22T13:08:49+00:00
adf1d1ad-ac8d-4b69-a813-a184c208ef0b,200,1,1,1576,Wix,Home | K Bradley Architect | Architect &amp; Interior Designer,good,,2026-06-22T13:08:49+00:00
d8c56149-8559-4006-bc81-f29df7c251ad,200,1,1,224,Squarespace,"Wednesdays Unplugged &mdash; On The Waterfront Restaurant, Lakeport CA",good,,2026-06-22T13:08:49+00:00
f7706c3a-ff37-498a-8ed2-d06006f7f165,404,1,1,447,Squarespace,Boonville Distillery,broken,,2026-06-22T13:08:49+00:00
80420df8-5d0a-468f-a314-72448bdcf755,200,1,1,5506,WordPress,@yourmendorealty | Clint Hanks,weak,,2026-06-22T13:08:50+00:00
fc044827-46b5-4563-bca4-59ddb4f9a3a6,0,0,0,30,,,broken,connection failed,2026-06-22T13:08:50+00:00
bc15c234-a840-496a-9d85-2a077f286e53,0,0,0,104,,,broken,connection failed,2026-06-22T13:08:50+00:00
4003af35-c434-4f27-a203-f2392f23de87,200,1,1,724,GoDaddy,"Imbue Esthetics by Diana - Esthetician, Lash Extensions",good,,2026-06-22T13:08:50+00:00
18194a02-a7fc-4c97-bcdd-db8bfe9214ec,403,1,1,158,,Just a moment...,broken,,2026-06-22T13:08:50+00:00
9b592a21-06a5-44c7-81e2-0c0913d96633,200,1,1,1853,WordPress,ITE Racing - We Offer a Lifestyle Upgrade,good,,2026-06-22T13:08:50+00:00
17c8f1ba-51e7-481d-bf20-ac726c67eb09,0,0,0,60,,,broken,connection failed,2026-06-22T13:08:50+00:00
1a09dec2-ad3d-45e2-bd80-ebeab79e01b7,0,0,0,15133,,,broken,connection failed,2026-06-22T13:08:50+00:00
0f814be3-2318-4220-96ed-2354c0328397,200,1,1,156,Webflow,"Theron Brown Construction, Engineer &amp;amp; Architect, 151 Morrow St",good,,2026-06-22T13:08:50+00:00
baac9eb5-e158-454d-a96c-1ff56a29995c,200,1,1,189,Squarespace,AJ&#39;s Greenhouses &amp; Steel Buildings | Ukiah CA | Northern California,good,,2026-06-22T13:08:50+00:00
b4d5a031-6080-4baa-8a87-20e1aff3cbca,0,0,0,103,,,broken,connection failed,2026-06-22T13:08:51+00:00
b0a6a64e-95a6-42ba-bf66-4eb4e576a6eb,200,1,1,224,Wix,Home | IrvingsCustomPainting.com,good,,2026-06-22T13:08:51+00:00
7b619769-1cb0-4f1c-8f0d-a8ad1c21a703,0,0,0,110,,,broken,connection failed,2026-06-22T13:08:51+00:00
9b671883-f9d1-4dd9-aa1d-d2ac87a4f350,200,1,1,3544,,Joywin88 â Play in Your Language,good,,2026-06-22T13:08:51+00:00
4d7a8db9-ec88-45d7-a62a-97cd58795626,200,0,0,349,,SaberNet :: Home,weak,,2026-06-22T13:08:51+00:00
d1cf564c-98cc-49a3-9a33-1c7f3757a52c,0,0,0,116,,,broken,connection failed,2026-06-22T13:08:51+00:00
553bc327-8517-4020-909c-b817ae901680,0,0,0,132,,,broken,connection failed,2026-06-22T13:08:51+00:00
fd6d8b96-e0f4-4b43-bbb5-cfeb339e2a82,0,0,0,104,,,broken,connection failed,2026-06-22T13:08:51+00:00
94b1126d-4fcc-466a-8898-9e2033d96973,200,1,1,583,GoDaddy,Effective Non-Slip Tile Treatment,good,,2026-06-22T13:08:51+00:00
f39359d8-2a64-4b66-9578-7777f768a2b1,202,0,0,238,,,weak,,2026-06-22T13:08:51+00:00
9e22ef8d-e2dc-4b86-8d83-963e49a7d195,0,0,0,35,,,broken,connection failed,2026-06-22T13:08:51+00:00
9427b261-e972-456e-9e4b-03c9e3323917,200,1,1,860,,Melbet зеркало рабочее - вход на официальный сайт Мелбет [2024],good,,2026-06-22T13:08:52+00:00
da9c9993-d18c-40de-9dad-9a4a66fc82d8,200,1,1,2512,WordPress,Home - Kelley &amp; Young Wine Garden Inn,good,,2026-06-22T13:08:52+00:00
3927a7d4-0ea6-41e2-9570-e79aac4484c2,0,0,0,26,,,broken,connection failed,2026-06-22T13:08:52+00:00
2b9f3eec-cdc9-4eea-8ed6-a35d001b4776,0,0,0,25,,,broken,connection failed,2026-06-22T13:08:52+00:00
7af85f73-fde9-460e-a52a-1937052865a1,200,0,1,764,,Thompson Construction,weak,,2026-06-22T13:08:52+00:00
9f78924e-a492-4aa2-9d7e-965bbed81371,200,1,1,421,Squarespace,Design Shoji,good,,2026-06-22T13:08:52+00:00
43f6461b-5304-4ba3-86fe-f90f55762566,200,1,1,389,,Crystal Clear,good,,2026-06-22T13:08:52+00:00
a5209ca4-8409-47db-b727-b48594f85ab7,0,0,0,10,,,broken,connection failed,2026-06-22T13:08:52+00:00
949be456-add2-49bf-8bf0-1f61f0835aea,200,1,1,1041,Shopify,KIKOTOTO ↔ Bandar Togel Online 4D & Situs Toto Macau Eksklusif Penyedia Angka Jitu,good,,2026-06-22T13:08:52+00:00
cdf8c887-cdd8-4d8a-a74f-bc4f00e075da,0,0,0,195,,,broken,connection failed,2026-06-22T13:08:53+00:00
ae0c50ca-11ea-4cd2-a02a-c96b6565aa1f,200,1,1,124,,Signing Agent,good,,2026-06-22T13:08:53+00:00
ea5135b2-8a17-4494-ac0b-2d56ed80be7b,200,1,1,1016,,"Peaceful Garden Oasis, Walking Distance to Town - Guest suites for Rent in Mendocino, California, United States - Airbnb",good,,2026-06-22T13:08:53+00:00
c1f16d72-a32a-49f2-8f19-84bfc6a5be70,200,1,1,749,,Home | J. Gorman Fine Jewelry,good,,2026-06-22T13:08:53+00:00
5bb08df0-a71d-4519-8460-ba34c5e5b84b,200,1,1,366,WordPress,Affordable Maine Coon Kittens For Sale: Available Kittens 2024 - Maine Coon Kittens For sale,good,,2026-06-22T13:08:54+00:00
e294af74-03fa-459b-895b-8f1650b96ae2,0,0,0,102,,,broken,connection failed,2026-06-22T13:08:54+00:00
6d6a36cc-1db5-4451-92a5-d20510d9a65c,200,1,1,860,Wix,RB Pest Control | About Us,good,,2026-06-22T13:08:54+00:00
5526aafa-129a-4a65-9cfc-46662b752eb1,200,1,1,1146,WordPress,"Cloverdale Orthodontist | Cloverdale Orthodontics | Cloverdale, CA",good,,2026-06-22T13:08:54+00:00
c6cdb336-d1df-4d04-bc55-55d328761a54,200,1,1,327,,Lakeport Christian Center,good,,2026-06-22T13:08:54+00:00
a7dd7206-7c08-4995-8147-873a6dd23532,0,0,0,39,,,broken,connection failed,2026-06-22T13:08:54+00:00
e40fd493-e718-4914-b160-5efe6adbdf1e,403,1,0,197,,ERROR: The request could not be satisfied,broken,,2026-06-22T13:08:54+00:00
0f373445-a190-4f5c-ab50-6bbfbba75188,500,0,1,2179,WordPress,Homepage – Parallax Fullscreen - Clearlake Vacations,broken,,2026-06-22T13:08:54+00:00
283ff36d-d411-4ef7-a0c5-cba63dd51374,403,1,1,403,,Just a moment...,broken,,2026-06-22T13:08:54+00:00
28ed2a03-04b9-494e-b139-49f808aaa28c,200,1,1,5274,,Bar and Restaurant in Lake County | Tallman Hotel,weak,,2026-06-22T13:08:55+00:00
4a4a5972-084f-4b62-b800-8301a8231ab5,200,1,1,727,,Ukiah CA Real Estate & Homes for Sale | REMAX Gold,good,,2026-06-22T13:08:55+00:00
ac851aa1-05e9-4fb8-b9fd-50a13a9b732d,200,1,1,652,,Ukiah CA Real Estate & Homes for Sale | Luxe Places International Realty-Ukiah,good,,2026-06-22T13:08:55+00:00
accaae99-9d0a-4aaf-ad28-9a8934c74298,403,1,1,181,,Just a moment...,broken,,2026-06-22T13:08:55+00:00
880df1a9-36d0-47ee-bc59-1a8cdd76cba4,200,1,1,441,GoDaddy,Harmony CA - A Project Of Passion And Love,good,,2026-06-22T13:08:56+00:00
c9ea67d0-5c44-466f-a42f-6d1d9af03042,200,1,1,529,GoDaddy,buy and sell in Lake County with Veronica,good,,2026-06-22T13:08:56+00:00
c93c3717-4bbe-4979-9beb-90e38a41ffa5,0,0,0,15130,,,broken,connection failed,2026-06-22T13:08:56+00:00
accd6664-dba1-41ac-afd1-02eae690e0ad,0,0,0,58,,,broken,connection failed,2026-06-22T13:08:56+00:00
701906dc-6d44-44b0-be5b-68884eab0f7f,200,1,1,182,Squarespace,Your Site Title,good,,2026-06-22T13:08:56+00:00
05f3c0ad-4f8b-4653-9493-965ac34871f1,0,0,0,15054,,,broken,connection failed,2026-06-22T13:08:56+00:00
b433bad3-394e-48bc-ab10-16abf2f85ffb,0,0,0,36,,,broken,connection failed,2026-06-22T13:08:56+00:00
bbbb0245-0b38-481f-b4db-071ba9a590a6,200,1,1,391,Squarespace,The Apple Farm,good,,2026-06-22T13:08:56+00:00
6deeed2d-9d9d-4972-b9b9-7fb9bc83dabd,200,1,1,374,WordPress,GOComptche &#8211; Getting Older In Comptche,good,,2026-06-22T13:08:56+00:00
355ab7d4-6914-4893-adea-e41e677914c2,202,0,0,124,,,weak,,2026-06-22T13:08:56+00:00
39507bf6-0700-4ad5-b337-f5e03e65d375,200,1,1,5513,,"Matson General Contracting | Custom Home Builder | Fort Bragg, CA",weak,,2026-06-22T13:08:56+00:00
e9aec10a-35e9-455a-b9ad-2188851d9766,200,0,1,409,,Flockworks,weak,,2026-06-22T13:08:56+00:00
8ca2a8f8-fdb5-4f2a-8dd0-83b50f5ea8fe,200,1,0,274,,"Mendo Bride | Fort Bragg, CA 95437",weak,,2026-06-22T13:08:56+00:00
fd20cfb4-092e-4f93-88fd-96bfeb5739d6,200,1,1,1458,,Fair Oaks CA Real Estate & Homes for Sale | REMAX Gold,good,,2026-06-22T13:08:56+00:00
a6ba83d8-1838-49d6-807d-3dd67d8a4865,200,0,0,408,,,weak,,2026-06-22T13:08:56+00:00
2cf5e143-77c6-4626-baf7-dad64cb15235,200,1,1,2770,Wix,Filippo Viola,good,,2026-06-22T13:08:57+00:00
d27a7f34-b6cc-4aca-a239-4f9d660d6925,200,1,1,289,GoDaddy,Naughty Boy Vineyard &#8211; Mendocino County&#039;s Finest Homegrown,good,,2026-06-22T13:08:57+00:00
0111a832-af4b-4801-864a-d5160f0f56dc,0,0,0,15123,,,broken,connection failed,2026-06-22T13:08:57+00:00
0d26b568-03c3-413e-be37-33781d1f7c43,200,1,1,349,GoDaddy,Naughty Boy Vineyard &#8211; Mendocino County&#039;s Finest Homegrown,good,,2026-06-22T13:08:57+00:00
e8eeb00e-01c1-4853-aa31-c901f0078cdf,200,1,1,1120,,Tattooing At TWiG&#039;s | Ukiah CA,good,,2026-06-22T13:08:57+00:00
f93b7fe8-b4a3-459a-a0e7-ae60ed6e0174,0,0,0,191,,,broken,"ssl: HTTPSConnectionPool(host='wildhurst.com', port=443): Max retries exceeded with url: / (Caused by SSL",2026-06-22T13:08:57+00:00
cbae24ed-c48e-4305-b1fd-7fd88a2cda99,200,1,1,559,Wix,North End | Women's Clothing &amp; Accessories,good,,2026-06-22T13:08:57+00:00
4bf8b396-a37e-4ef0-b2e8-2c41d8405fce,200,1,1,1039,WordPress,"BobDog Wines: We are the Highest Winery in Sonoma County, All Mountain, All Red",good,,2026-06-22T13:08:57+00:00
c3cbed25-51cc-48a5-9c3a-084e6e377afa,200,1,1,550,GoDaddy,"Mendocino Country Store - Gift Shop, Wine Shop",good,,2026-06-22T13:08:58+00:00
e5e1d05d-ef2a-44bb-824f-9ca9979eb301,200,1,1,615,Wix,Home | Mendo Hot Spot,good,,2026-06-22T13:08:58+00:00
e4b1081b-093d-4afb-aede-d3fa6f3ad90c,200,1,1,1476,,The Golden Pig Wine Shop,good,,2026-06-22T13:08:58+00:00
16feb690-45d1-499c-80be-be0f1313c37c,200,0,0,217,,,weak,,2026-06-22T13:08:58+00:00
2d4f8d07-9d2c-456c-82c9-d6d2552b2e89,202,0,0,135,,,weak,,2026-06-22T13:08:58+00:00
7f703438-53d4-45c5-84a3-7dce9d8ac975,0,0,0,107,,,broken,connection failed,2026-06-22T13:08:58+00:00
18a7c30f-c498-4cc4-9282-b70705f44723,0,0,0,122,,,broken,connection failed,2026-06-22T13:08:58+00:00
c2bcfa4c-a25d-40b9-8804-9f5affd6c9d2,200,1,1,1203,WordPress,RIVINO Winery &#8211; A Russian River Family-Owned Boutique Winery,good,,2026-06-22T13:08:58+00:00
7c67e3f3-afd8-4148-9da6-b48949aa33b7,200,0,0,175,,,weak,,2026-06-22T13:08:58+00:00
d851dab7-3474-489d-a860-d258657d1c8a,200,1,0,1228,,Welcome - Toulouse Vineyards,weak,,2026-06-22T13:08:58+00:00
3b4ba4f8-60e9-49d9-9662-dbfe3b6db302,200,0,1,151,Weebly,WELCOME TO MENDOCINO STARZ GYMNASTICS! - Mendocino Starz Gymnastics,weak,,2026-06-22T13:08:58+00:00
043b0fc0-307c-490f-a07b-15e9b8b139cf,0,0,0,37,,,broken,connection failed,2026-06-22T13:08:58+00:00
3b1d0676-b767-40e0-a15f-0e5d1679ae55,200,1,1,441,Wix,Cater | Rosey Cooks Gourmet Catering | Northern California,good,,2026-06-22T13:08:58+00:00
651ce305-b6d5-49b7-8994-28f475e9fbad,429,1,1,403,,Bot or Not?,broken,,2026-06-22T13:08:58+00:00
e171152d-68be-4efe-a683-17ca6a1a49ec,200,1,1,324,,"Cabinet Installs | Chicago, IL | Cabinets Unlimited",good,,2026-06-22T13:08:58+00:00
4c09305d-732c-4afa-80a8-cb59d310c83f,403,1,0,194,,extendedstayamerica.com,broken,,2026-06-22T13:08:58+00:00
41c8a81a-d9a6-42fd-8c73-4ca0cf43aab9,0,0,0,111,,,broken,connection failed,2026-06-22T13:08:58+00:00
e73a3512-89b5-4107-9169-2f89c661edfd,200,1,1,234,,"Travelodge by Wyndham - Hotel Rooms, Discounted Rates, &amp; Deals",good,,2026-06-22T13:08:58+00:00
877bbb58-2fbd-4d06-b93d-70e95099b683,200,1,1,2307,WordPress,Breakfast @ Ravens Restaurant | the Stanford Inn Mendocino Hotel &amp; Resort,good,,2026-06-22T13:08:58+00:00
6407b0cf-97b0-4d94-ba6d-4d1777b6a205,200,1,1,312,,Olea landscaping,good,,2026-06-22T13:08:58+00:00
1298536d-366f-41f6-ad32-f1aeb5f48774,200,1,1,518,Squarespace,SUDZZ Powerwashing &amp; Window Cleaning,good,,2026-06-22T13:08:58+00:00
2ea3a94c-25d8-447d-9bbf-094d0c40c1d3,0,0,0,108,,,broken,connection failed,2026-06-22T13:08:58+00:00
996444e0-509a-4285-90a4-8c1c69a881fc,200,1,1,819,,California Board of Barbering and Cosmetology,good,,2026-06-22T13:08:59+00:00
36cf1f7f-29b3-41cc-9999-fec7e4991129,200,1,1,430,Squarespace,Coro Mendocino,good,,2026-06-22T13:08:59+00:00
2ea608c7-b286-4ccf-b5b2-ff1aae7b5ff3,0,0,0,34,,,broken,connection failed,2026-06-22T13:08:59+00:00
67e79e7f-6980-4bf7-8dd6-e72b723b8d3c,200,1,1,478,Weebly,Redwood Valley Cellars - Redwood Valley Cellars,good,,2026-06-22T13:08:59+00:00
e85760d2-35e5-4780-90fa-ed31af41472e,200,1,1,1123,WordPress,"Veterinarian in Willits, CA | Willits Animal Hospital",good,,2026-06-22T13:08:59+00:00
cffb688c-e6c1-40ae-b48a-b9fb04a12a86,200,1,1,1317,WordPress,Luxe Places | Luxury Properties | Luxury Homes | Mansions For Sale Worldwide - Luxe Places International Realty,good,,2026-06-22T13:08:59+00:00
35c6f4e4-5b1f-442e-ae5a-6720c7325b0e,200,1,1,1153,WordPress,Greenwood Ridge Vineyards &#8211; Fine wines from Philo California,good,,2026-06-22T13:08:59+00:00
db46f81a-ad71-48c0-a771-ab83479c38b1,409,0,1,19,,DNS resolution error | www.joshua-huff.remax.com | Cloudflare,broken,,2026-06-22T13:08:59+00:00
6f48a07d-6961-4307-87bb-9f1e60a10f03,0,0,0,101,,,broken,connection failed,2026-06-22T13:09:00+00:00
aa357922-cfac-4f26-8a20-eafb27397dfe,404,1,0,203,,Error 404 (Not Found)!!1,broken,,2026-06-22T13:09:00+00:00
1ee0ea58-8d32-49a1-91f9-d9066e356463,200,0,0,193,,,weak,,2026-06-22T13:09:00+00:00
5fac898c-269a-4d6a-baa4-e5497141615b,200,1,0,474,Weebly,&nbsp;&nbsp;&nbsp;&nbsp;&nbsp;&nbsp;&nbsp;&nbsp;&nbsp;&nbsp;&nbsp;&nbsp;&nbsp;&nbsp;&nbsp;&nbsp;&nbsp;&nbsp;&nbsp;&nbsp; Psara's&nbsp;&nbsp; Outrageous&nbsp;&nbsp;&nbsp;&nbsp;&nbsp;&nbsp;&nbsp;Playlan,weak,,2026-06-22T13:09:00+00:00
93b5bbc6-dba5-4882-8323-0f14290073e7,200,1,1,568,WordPress,Mobile Veterinary Care Serving Fort Bragg and Surrounding Areas,good,,2026-06-22T13:09:00+00:00
3a576f5e-ee74-463a-96bf-1019ae23cd01,200,1,1,330,GoDaddy,happiness-is.com,good,,2026-06-22T13:09:00+00:00
edb6ed8c-c25e-4a7b-a4ac-ef7d2f4a0ecd,202,0,0,215,,,weak,,2026-06-22T13:09:00+00:00
5a51c8e2-dd41-4df7-a889-877a55bae35b,200,1,1,1461,Wix,"BLUEPRINTS @ Creative Workshop | Ukiah, CA | Blueprinting",good,,2026-06-22T13:09:00+00:00
d21afa1a-605c-4409-9544-88f1d3a446dc,200,1,1,2168,WordPress,Home - Specialty Care &amp; Surgery Center,good,,2026-06-22T13:09:00+00:00
84206479-4506-429b-9f3d-139b50e68f38,200,1,1,205,WordPress,Lakeport Acupuncture | Acupuncture Works!,good,,2026-06-22T13:09:01+00:00
8f159feb-85ff-4edf-98fe-c06da9f7acb7,200,1,1,1643,Wix,Fingerprinting | Ukiah | Creative Workshop,good,,2026-06-22T13:09:01+00:00
d278d0e1-7355-4dc1-a5bc-750a97e05dec,404,0,0,377,,Not Found,broken,,2026-06-22T13:09:01+00:00
269d164b-f6c8-4316-b74a-5353efcc6aba,0,0,0,67,,,broken,connection failed,2026-06-22T13:09:01+00:00
8e409519-dc75-44e7-bcc0-30f740b54363,404,1,0,377,,404 - Page Not Found,broken,,2026-06-22T13:09:01+00:00
67397a31-9dc8-4105-a084-9e68880990d0,200,1,1,1196,Wix,Aussiedoodle Breeder | Redwood Aussiedoodles | United States,good,,2026-06-22T13:09:01+00:00
c7a331b3-4100-4013-b5fe-2c21169c2156,0,0,0,20175,,,broken,connection failed,2026-06-22T13:09:01+00:00
a95c1949-50cb-4b03-b788-350a0cef6a6c,200,1,1,747,Wix,Mendocino Premiere Take Out And Eatery | Gnar Bar | Mendocino,good,,2026-06-22T13:09:01+00:00
d3b02b34-3dc3-49c9-897e-639d8b4658a7,0,0,0,151,,,broken,connection failed,2026-06-22T13:09:02+00:00
426cf566-28ec-4029-957b-2154f7f513b9,200,1,1,576,Shopify,"Detail Plus is a Premier Auto Detailing, Car Wash and Dealer Shop",good,,2026-06-22T13:09:02+00:00
6389312c-585e-450e-9204-a18b0a1d5b70,200,1,1,1691,Wix,"Stowaway Grill | Pizzas in Nice CA | 2685 Lakeshore Boulevard, Upper Lake, CA, USA",good,,2026-06-22T13:09:02+00:00
aefa7f87-4d22-4bc4-b9e0-b01ab63c45f0,0,0,0,105,,,broken,connection failed,2026-06-22T13:09:02+00:00
af380ff6-0861-4edd-a2d3-f683f4a8dae5,0,0,0,104,,,broken,connection failed,2026-06-22T13:09:02+00:00
d13554ef-6566-43bf-bf9d-2556420da234,200,1,1,163,WordPress,"Auto Repair Ukiah, CA | Expert Mechanics | Elite Auto Repair",good,,2026-06-22T13:09:02+00:00
d1b831cd-568e-4c4e-9ca4-506c5c159d87,0,0,0,38,,,broken,connection failed,2026-06-22T13:09:03+00:00
567c737b-4b2f-4e95-bdef-4a3b4a801c33,200,1,1,1955,WordPress,Laurens Good Food | Exploring Destinations Through Flavor and Culture,good,,2026-06-22T13:09:03+00:00
39c11dae-8d65-4465-96c8-8bb195edb739,200,1,1,478,,AAMCO Transmissions &amp; Total Car Care,good,,2026-06-22T13:09:03+00:00
0f579bc5-3cc6-4696-9ae7-737d638b2cda,200,1,1,273,Squarespace,Mt. Konocti Winery,good,,2026-06-22T13:09:03+00:00
d762d11f-b9c7-4bbd-bc65-573bb432740b,0,0,0,42,,,broken,connection failed,2026-06-22T13:09:03+00:00
4b83fc69-8fd2-450e-b57a-af6d387bd3ea,200,0,0,331,,,weak,,2026-06-22T13:09:03+00:00
28fc8894-9d8d-42de-9819-e15a1e16d04a,200,1,1,256,,Diesel Truck Shop in Ukiah| Diesel Mechanics | Samâs Diesel,good,,2026-06-22T13:09:03+00:00
ba107141-9f33-40d0-beb6-080ef765261d,200,1,1,1844,WordPress,"Eagle Tech Collision &amp; Towing &#8211; Collision Repair, Auto Glass, Towing in Cloverdale, CA",good,,2026-06-22T13:09:03+00:00
1f13838e-1dbd-4599-96f1-1ee8725e3f96,200,1,1,150,Webflow,"Transmission Exchange, Transmission, 1665 S Main St",good,,2026-06-22T13:09:03+00:00
7662ade9-9427-4333-8ef5-4e7d49eacc97,200,1,1,2228,,O'Haru,good,,2026-06-22T13:09:03+00:00
55924799-b56d-4135-bc51-bb324ee93e85,200,1,1,1557,WordPress,NorCalLabMech.com,good,,2026-06-22T13:09:04+00:00
d9c522cc-798a-4621-8f20-7d6f78729c93,0,0,0,15048,,,broken,connection failed,2026-06-22T13:09:04+00:00
87039f8c-371f-4e83-abea-b3100ff178f8,200,1,1,356,Webflow,Tintpros,good,,2026-06-22T13:09:04+00:00
93e01ef9-dece-49d3-9f06-248424ab986a,200,1,1,3898,,Mendocino Fine Dining Restaurant | MacCallum House,good,,2026-06-22T13:09:04+00:00
79ba8042-2f8b-4330-b30f-feca874c10a0,200,1,1,1636,Drupal,Royal Automotive | Auto Repair Lee's Summit MO,good,,2026-06-22T13:09:04+00:00
c7bcfca5-755b-4800-abc0-c487792ed7dc,200,1,1,271,,Orderspoon,good,,2026-06-22T13:09:05+00:00
53b78250-243a-4a12-80a2-d74de140ca5e,202,1,0,288,,,weak,,2026-06-22T13:09:05+00:00
c5e4cb20-4986-4bea-ad3f-4fd4c57cf5b0,200,1,1,143,Webflow,"First Street Barber Shop, Barber, 112 E 1st St",good,,2026-06-22T13:09:05+00:00
54c5448b-8467-43f5-8b8a-2bd91b0e15bb,200,1,1,458,WordPress,Home - The Executive Barbershop,good,,2026-06-22T13:09:05+00:00
d0b0a40e-edca-4373-9009-a920a8ab4d57,200,1,1,146,Squarespace,Locals Salon + Barber Lakeport,good,,2026-06-22T13:09:05+00:00
2d49dfd4-4dc7-4503-bc06-5e0111e501a4,200,1,1,20590,WordPress,"Architectural Metal, Inc. - Architectural Metal, Inc.",weak,,2026-06-22T13:09:05+00:00
54cc4f42-0b13-466a-95ff-7a0f4a0da680,404,1,1,175,,Not found,broken,,2026-06-22T13:09:05+00:00
628c0354-9926-4ea3-a019-d4a4a95ee864,200,1,1,150,Webflow,"E&amp;#39;s Nails Salon, Beauty Salon, 1117 S Cloverdale Blvd Ste E",good,,2026-06-22T13:09:05+00:00
ad003fb9-2819-4837-8654-94688f1529c3,0,0,0,104,,,broken,connection failed,2026-06-22T13:09:05+00:00
a8175625-5ddf-4358-b030-ac511430d46e,403,1,0,54,,,broken,,2026-06-22T13:09:05+00:00
fedd1dab-88fd-4738-98ae-48d7428183ad,200,1,1,2324,WordPress,Naka168 หวยออนไลน์ เล่นง่าย จ่ายจริง สมัครง่าย โบนัสคุ้ม ครบจบ,good,,2026-06-22T13:09:06+00:00
210a6af2-fdc5-4b1a-84ce-8cc8c88e7157,200,1,1,596,Weebly,Home | Blondie Salon Suite,good,,2026-06-22T13:09:06+00:00
f9b627bf-57df-4473-a4fb-e37363228df2,0,0,0,38,,,broken,connection failed,2026-06-22T13:09:06+00:00
48d2b160-afc1-47af-b3ed-4e8583a8b770,200,1,1,74,,"Wabash College: Crawfordsville, Indiana",good,,2026-06-22T13:09:06+00:00
c9bf29ee-5ef8-497a-bad2-fda797d41be3,200,1,1,87,,Online Booking,good,,2026-06-22T13:09:06+00:00
1e678b35-b2c9-473b-a868-28931c725ac7,410,1,1,872,,"Bella Vita Salon, 415 Talmage Road, Ukiah, CA - Groupon",broken,,2026-06-22T13:09:06+00:00
55c6b896-02f1-4086-ac9d-a471681c35b3,200,0,1,5191,,nits cafe,weak,,2026-06-22T13:09:06+00:00
694f0750-e498-41d3-bc55-264cf6064b65,200,0,0,126,,,weak,,2026-06-22T13:09:06+00:00
2043ecf5-bf6f-410f-9aa9-ab022b1accd7,0,0,0,44,,,broken,connection failed,2026-06-22T13:09:06+00:00
ccede83f-15dd-4810-87a3-327e6eb6e9c7,200,1,1,189,Webflow,"Shear Strategy, Beauty Salon, 1362 S State St",good,,2026-06-22T13:09:06+00:00
36d4e7f1-889e-4117-89dd-b8d816d9373a,0,0,0,105,,,broken,connection failed,2026-06-22T13:09:06+00:00
915809dc-2d47-422f-9be8-efd06c238f0c,403,1,1,109,,Just a moment...,broken,,2026-06-22T13:09:06+00:00
bcf6f8ec-6f3e-425f-9b9a-f0c13f30048d,200,1,1,147,WordPress,Restaurant Web X - Restaurants Near Me | Menus | Delivery | Bookings &amp; More...,good,,2026-06-22T13:09:06+00:00
9d145374-308b-41ae-a7e2-5c9ed57d2571,200,1,1,1416,,,good,,2026-06-22T13:09:06+00:00
aef92e17-3dcd-4f8a-95ea-fb3891545329,200,1,1,257,WordPress,76 Gas Stations| Quality Fuel Near You | 76®,good,,2026-06-22T13:09:06+00:00
ed66b4c3-6cd2-467d-8dd5-a2aee5137fcb,404,1,0,415,Squarespace,Squarespace - Website Expired,broken,,2026-06-22T13:09:06+00:00
2fd6cd34-b7ed-429a-a95f-14532fcabd18,202,1,0,280,,,weak,,2026-06-22T13:09:06+00:00
fa6fedf6-956b-4592-91d7-993f9c9b883b,0,0,0,45,,,broken,connection failed,2026-06-22T13:09:06+00:00
b7d9c7a4-1b84-4873-8878-f8d3e1692ac6,404,1,1,358,Wix,,broken,,2026-06-22T13:09:07+00:00
911768b1-44a7-4a05-bbdd-a32fd8c68589,200,1,1,830,,California Board of Barbering and Cosmetology,good,,2026-06-22T13:09:07+00:00
40aee595-ba15-4ce0-9db3-7c6ae5a5d596,200,1,1,2072,,D&Gs Barber Shop - Nice CA | Vagaro,good,,2026-06-22T13:09:07+00:00
9617d99c-f1bb-48f0-a234-611bcee22178,200,1,1,223,WordPress,Restaurant Web X - Restaurants Near Me | Menus | Delivery | Bookings &amp; More...,good,,2026-06-22T13:09:07+00:00
3eba68a4-1ea7-4091-a1a1-eaa3f51cd0f8,0,0,0,8,,,broken,connection failed,2026-06-22T13:09:07+00:00
46368722-65b2-4a31-a073-9ff7a4057ea4,403,0,0,72,,pandaexpress.com,broken,,2026-06-22T13:09:07+00:00
45546737-15e3-4c0a-b736-ffbd270d0470,0,0,0,143,,,broken,connection failed,2026-06-22T13:09:07+00:00
448a49c6-944c-425c-9ede-e380626a0c20,200,1,1,135,,Marketplace | businessdirectory.willitsnews.com,good,,2026-06-22T13:09:07+00:00
eb36a8ac-4ea1-4e6d-920d-df8fa160d7e6,200,1,1,145,Webflow,"Jolin Robert C DC, Holistic Practitioner, 916 S Main St",good,,2026-06-22T13:09:07+00:00
d57522ae-b058-4a49-8859-8b5a42e805de,200,0,0,309,,Redirecting...,weak,,2026-06-22T13:09:07+00:00
c6363128-6acb-4bf5-a436-82e43697553a,0,0,0,151,,,broken,connection failed,2026-06-22T13:09:07+00:00
4dd9531f-6404-4ec0-8df8-c3b9f20c0b02,200,1,1,180,WordPress,Restaurant Web X - Restaurants Near Me | Menus | Delivery | Bookings &amp; More...,good,,2026-06-22T13:09:07+00:00
0b358c33-6fad-45ab-a7e8-8c649367a22f,200,1,1,187,WordPress,Restaurant Web X - Restaurants Near Me | Menus | Delivery | Bookings &amp; More...,good,,2026-06-22T13:09:07+00:00
7c8d787d-cb80-4fb1-b353-041853b79912,404,1,1,361,Wix,,broken,,2026-06-22T13:09:07+00:00
27c22fe8-92bf-4d85-98e8-6b6e143d2ac0,200,1,0,517,,"Kings Valley Family Chiropractic Chiropractor in Cloverdale, CA",weak,,2026-06-22T13:09:07+00:00
fb4fd2ee-3927-4819-955e-f8fb7fd4cc8b,200,1,1,1747,,Henny's Beauty Salon - Lakeport CA | Vagaro,good,,2026-06-22T13:09:07+00:00
9cc9a35c-1d30-488c-93e0-84232cd19c88,200,1,1,151,Webflow,"Studebakers Coffeehouse &amp;amp; Delicatessen, Coffee, Espresso, 3990 Mai",good,,2026-06-22T13:09:07+00:00
676d6823-a6d4-4dcf-bcf1-ca2815d56556,200,1,1,327,,"Howling Dog Cafe in Lakeport, CA – Reviews, Hours, and Contact Details",good,,2026-06-22T13:09:07+00:00
7fe7290e-9eed-4f49-8e21-e564b463348b,0,0,0,111,,,broken,connection failed,2026-06-22T13:09:07+00:00
f5d2e1e0-45b7-4503-9d01-b06cf1cd9d51,200,1,1,8469,,Placewares - The Place Where There Is a There There,weak,,2026-06-22T13:09:07+00:00
774411b7-c81d-4f9d-a231-fca7423d604e,0,0,0,37,,,broken,connection failed,2026-06-22T13:09:07+00:00
baaaa549-1d87-4cdc-9c96-5e046d2c8b09,200,1,1,449,Wix,Home | JitterBeanCoffeeCo.,good,,2026-06-22T13:09:07+00:00
4ad19dfe-2b45-4e2b-8a9c-5ade0255a608,200,1,1,338,,Granite Construction,good,,2026-06-22T13:09:08+00:00
cb575c4a-40de-4cd6-bb85-3d87d1c14f7d,200,1,1,173,WordPress,"Byte Federal - Bitcoin ATMs, Crypto Wallet &amp; POS Systems",good,,2026-06-22T13:09:08+00:00
34b285fe-9cd3-4119-80bd-309fbc7ff1d2,200,1,1,623,Wix,"The Shop - Coffee, Tea, Etc",good,,2026-06-22T13:09:08+00:00
dc3c4d8e-9177-4d80-b9d2-d42442ecee9c,0,0,0,105,,,broken,connection failed,2026-06-22T13:09:08+00:00
33d49ca6-1755-4015-80ab-5572708b1d12,200,1,1,395,,"Home | NCO Inc., 2026",good,,2026-06-22T13:09:08+00:00
d49a0172-ed02-434d-b8d5-ab4dfbfc394a,200,1,1,477,,CSLB-Home -CSLB,good,,2026-06-22T13:09:08+00:00
7c43d4f7-4bf7-435f-9927-1fff824fe95a,200,1,1,457,,CSLB-Home -CSLB,good,,2026-06-22T13:09:08+00:00
8ddf6df0-deeb-4bcd-ad00-52ce248acaa6,200,1,1,143,Webflow,"Huffman Lannette R Dds, Dentist, 1878 N High St",good,,2026-06-22T13:09:08+00:00
69afc2da-9a99-4723-a47e-5eef7b7dfd9e,0,0,0,45,,,broken,connection failed,2026-06-22T13:09:08+00:00
bfbdcb83-d6ab-4b40-941e-ce3e01468d55,200,1,1,526,Weebly,,good,,2026-06-22T13:09:08+00:00
ab3939b3-e989-4b76-bd1a-860f741b98da,200,1,1,435,,Dental Board of California,good,,2026-06-22T13:09:08+00:00
7428792e-5df3-4b63-9e3d-80db1071b55d,200,1,1,143,Webflow,"Harold&amp;#39;s Dante Hotel, Hotels &amp;amp; Motel, 133 Railroad Ave",good,,2026-06-22T13:09:08+00:00
b60397b3-31c7-4a55-96db-3d8d3fef8cfd,200,1,1,339,WordPress,Experience Premium Craft Spirits at Schnaubelt Distillery,good,,2026-06-22T13:09:08+00:00
4dbeac9d-2196-4d88-acb4-d3d495a12626,202,1,0,271,,,weak,,2026-06-22T13:09:09+00:00
e917eeec-6e0d-456a-9610-17b46cefd75c,0,0,0,38,,,broken,connection failed,2026-06-22T13:09:09+00:00
2c140c76-f315-40b3-8296-c5c98c3f8e02,200,1,1,798,Wix,Best Dentist Lakeport Ca | Relaxation Dental Care | United States,good,,2026-06-22T13:09:09+00:00
f71c85ac-1d0c-43ad-a1b7-a45cc6d885e3,200,1,1,141,,Jack in the Box,good,,2026-06-22T13:09:09+00:00
204c1f5d-bef8-4b77-95ed-2aa888d973e8,200,1,1,145,,Jack in the Box,good,,2026-06-22T13:09:09+00:00
d4333584-ed64-4f1f-9619-06fd96da4393,0,0,0,38,,,broken,connection failed,2026-06-22T13:09:09+00:00
44f19fcb-f3ec-4f98-a8a9-ebb91369699b,200,1,1,1753,WordPress,Contact | Bridges Construction,good,,2026-06-22T13:09:09+00:00
edf356ef-c5f2-483a-80ba-a82e644cd4a5,0,0,0,42,,,broken,connection failed,2026-06-22T13:09:09+00:00
49cb6308-deb2-4160-8a9a-4551d4de7b93,403,1,0,782,,Access Denied,broken,,2026-06-22T13:09:09+00:00
9ec7a119-338d-417b-8aab-68000f1e210b,200,1,1,258,WordPress,Women&#039;s Health &amp; Fitness Clubs | Curves,good,,2026-06-22T13:09:09+00:00
c6bfc524-dff0-4625-803e-52b50bf62b06,200,1,1,225,WordPress,Women&#039;s Health &amp; Fitness Clubs | Curves,good,,2026-06-22T13:09:09+00:00
a6020c49-76e8-4f04-b028-151e86a363e2,0,0,0,62,,,broken,connection failed,2026-06-22T13:09:09+00:00
ad4fec6e-1be3-4236-a32e-60a6a3f0dd38,0,0,0,15068,,,broken,connection failed,2026-06-22T13:09:09+00:00
6bcfdefb-d739-4e5c-a57f-ad2b800a7767,0,0,0,111,,,broken,connection failed,2026-06-22T13:09:09+00:00
a470a0bc-50dd-4497-bbcf-76dc8c4fc61b,0,0,0,110,,,broken,connection failed,2026-06-22T13:09:09+00:00
4b081eee-b6d4-4da3-8085-afe4cc17ae68,200,0,1,215,,"Fresh Produce &amp; Health Foods | Nature's Food Center | Lakeport, CA",weak,,2026-06-22T13:09:09+00:00
ee8e6d3b-37c2-44ee-9ee4-1ea866aaa295,200,1,1,457,,Fast &amp; Easy 48,good,,2026-06-22T13:09:10+00:00
dee7cbde-6cb4-48b7-94e3-dc0dce579a89,0,0,0,246,,,broken,connection failed,2026-06-22T13:09:10+00:00
16d2c792-2caa-4a61-b8b1-975296bb6f90,200,1,1,144,Webflow,"Crest Motel &amp;amp; Trailer Park, Operators of Residential Mobile Home S",good,,2026-06-22T13:09:10+00:00
dfc871a2-760c-4b35-896a-1770e5c4d15a,200,1,1,473,WordPress,"Vineyard Valley Inn &#8211; Located in the heart of Sonoma Wine Country, The Vineyard Valley Inn, is located off HWY 101 near Several wineries and vineyards, and the Citrus Fairgrounds.",good,,2026-06-22T13:09:10+00:00
5b6c9a4e-10dd-4203-a660-e3bc919cc326,200,1,1,1264,,Hair Harmony Studio - Sparks NV | Vagaro,good,,2026-06-22T13:09:10+00:00
e6f21539-08d9-40dd-b101-bdedbee2eec4,404,1,1,258,Wix,,broken,,2026-06-22T13:09:11+00:00
7bc589cc-7421-4c41-8e2d-aefe02e2fb74,200,1,1,461,GoDaddy,"Lost Coast Vista Inn - Hotel, Pet Friendly, Motels",good,,2026-06-22T13:09:11+00:00
8bb786e8-6ea2-4c8b-bf9a-5be8a4568259,404,0,1,1677,WordPress,Page Not Found - Iron Tribe Fitness,broken,,2026-06-22T13:09:11+00:00
ef83cf29-497a-40ca-9d47-ff16f5ee6661,0,0,0,42,,,broken,connection failed,2026-06-22T13:09:11+00:00
5a4dcaf5-40c6-480c-8b2f-78a6a30a273b,0,0,0,46,,,broken,connection failed,2026-06-22T13:09:11+00:00
51dd51a3-f630-4c62-9a7f-562a6d20dfcf,200,1,1,476,,Pacific Internet,good,,2026-06-22T13:09:11+00:00
9f717d43-c1c3-46d5-9629-b10834621ec0,200,1,1,1758,,Home - The Inn at Buckhorn Cove - Mendocino County,good,,2026-06-22T13:09:12+00:00
893be532-2f52-4327-9824-cc650da5bfa7,200,1,1,396,GoDaddy,"Mindful Massage - Ukiah, California - Mykayla Quintana",good,,2026-06-22T13:09:12+00:00
c92e24e2-28d5-4029-9600-d9718375fe5c,200,0,1,1128,WordPress,Scott Allen&#039;s Personal Site,weak,,2026-06-22T13:09:12+00:00
3d424ebc-1bc2-42cf-93f0-26802020ffc2,0,0,0,160,,,broken,connection failed,2026-06-22T13:09:12+00:00
a98202b9-dc84-485e-abb3-3f07f8a8d301,202,1,0,329,,,weak,,2026-06-22T13:09:12+00:00
e0ddddc1-5eb7-4a3a-ae68-97b93f64e040,200,1,1,8710,,"Togel Dana: Daftar Togel Via Dana, Togel Deposit Via Dana 10rb Tanpa Potongan",weak,,2026-06-22T13:09:12+00:00
71e486b4-4402-4202-8fd7-11caf29b9f3b,200,0,0,169,,,weak,,2026-06-22T13:09:12+00:00
f6d48585-cab5-4c7a-90d2-9bb88836717a,200,1,1,313,,"Hector&#x27;s Snow Cone Stop in Ukiah, CA – Reviews, Hours, and Contact Details",good,,2026-06-22T13:09:12+00:00
370f88f0-c96e-4096-9539-394bde077f9e,0,0,0,26,,,broken,connection failed,2026-06-22T13:09:12+00:00
05cb6160-c932-43d4-8658-b8110bb036a7,200,1,1,583,,"Shop Men's Dress Shoes, Casual Shoes, Sandals &amp; Boots | Florsheim Shoes",good,,2026-06-22T13:09:13+00:00
b0a515fb-3b2c-4b93-9ded-fa62e12d4f73,200,1,1,1050,,Integrated Massage Therapy,good,,2026-06-22T13:09:13+00:00
c9ca6cd9-e93e-42f7-81a8-cb0cd51fa123,0,0,0,15170,,,broken,connection failed,2026-06-22T13:09:13+00:00
4efe52b8-01ab-4311-bdcd-82fd69fa6a76,0,0,0,68,,,broken,connection failed,2026-06-22T13:09:13+00:00
b33c71d1-e8a1-40ce-857c-d0ac3d4d375c,200,0,1,4489,WordPress,Home - Sprague Photo Stock,weak,,2026-06-22T13:09:13+00:00
dd65c5c3-fde7-4253-8383-f2c45a80daf6,200,0,1,348,,Taqueria Del Sol,weak,,2026-06-22T13:09:13+00:00
37d492cc-0544-41c9-934d-aa3f65133ebd,0,0,0,48,,,broken,connection failed,2026-06-22T13:09:13+00:00
ded87b89-2dc2-460d-86f8-61365530ad42,200,1,1,156,Webflow,"Express Inn, Hotels &amp;amp; Motel, 44761 Highway 101",good,,2026-06-22T13:09:13+00:00
131a8ff8-c77d-4de4-b3d4-99be97e9774c,403,1,1,484,,Just a moment...,broken,,2026-06-22T13:09:13+00:00
b1ddbb73-54ff-4a57-82d5-e771f13cf50b,200,1,1,131,Webflow,"First Nails, Manicurists, Pedicurist, 536 E Perkins St",good,,2026-06-22T13:09:13+00:00
6e7e873e-84a4-498a-ab69-b178c978b284,200,1,1,624,,"*** EDGEWOOD MOTEL, WILLITS ***",good,,2026-06-22T13:09:13+00:00
322a856e-b17b-4768-8441-c6e5a5de6aa6,410,1,1,908,,"Lalo&#x27;s Mexican Food, 1200 North State Street, Ukiah, CA - Groupon",broken,,2026-06-22T13:09:13+00:00
a37bb310-1924-4335-97aa-fb866ae933f0,200,1,1,498,,"1st Nails Spa 2 S Main St, Willits, CA 95490 - superpages.com",good,,2026-06-22T13:09:14+00:00
899c779d-a341-4f4a-9876-774e9cd01984,200,1,1,365,WordPress,California State Board of Optometry,good,,2026-06-22T13:09:14+00:00
a441da1d-a0c6-4083-b76a-3d15749b4606,0,0,0,104,,,broken,connection failed,2026-06-22T13:09:14+00:00
38f07f5f-bbd7-49d9-b40e-e1a6d288f616,200,1,1,807,Weebly,"J. Kyle Smith, OD - Home Dr. Kyle Smith OD",good,,2026-06-22T13:09:14+00:00
72e53332-9350-4a51-8b38-fb96c63f63fb,200,1,1,788,,Home | Corbett Orthodontics | Ukiah California,good,,2026-06-22T13:09:14+00:00
3d8ab452-727c-47f9-a63d-57e763a2a543,0,0,0,120,,,broken,connection failed,2026-06-22T13:09:14+00:00
9a6347a5-76cb-4cde-94d7-d8b0073538c3,200,1,1,709,Squarespace,THE PILATES NOOK,good,,2026-06-22T13:09:15+00:00
0eff45aa-6c31-499c-a965-b565a09234bc,200,1,1,1806,,"Chiropractors in Santa Rosa, CA | Wellness Chiropractic",good,,2026-06-22T13:09:15+00:00
e7021b27-af75-4f9f-a8b8-70a447a94c27,200,1,1,497,,Order Online For Best Pizza Near You l Papa Murphy&#x27;s Take &#x27;N&#x27; Bake Pizza,good,,2026-06-22T13:09:15+00:00
c7eb7d44-44dd-4c99-8b34-208e8642948c,200,1,1,263,Wix,THE BRICKERY | Café Beaujolais,good,,2026-06-22T13:09:15+00:00
5681e2e6-df5a-4f3f-835c-597b976e26b6,200,1,1,458,,"Treasure Cove Pizza - View Menu &amp; Order Online - 90 E Hwy 20, Upper Lake, CA 95485 - Slice",good,,2026-06-22T13:09:16+00:00
34527e34-85ee-406a-b804-ceb1c1c786f4,0,0,0,106,,,broken,connection failed,2026-06-22T13:09:16+00:00
bc166c0d-da01-4cc0-92f8-19bf1e1248a8,200,1,1,1808,WordPress,Pogo&#039;s Pizza - 2 Kelseyville locations!,good,,2026-06-22T13:09:17+00:00
3bc5737d-fe5e-493d-89ca-2d93a46b41a3,200,1,1,925,Shopify,Creative Memories,good,,2026-06-22T13:09:17+00:00
9950e8d3-1b0e-4f0b-bfb3-5f9dd984f467,530,0,1,145,,Origin DNS error | www.restaurants.fortbragg.ypeek.com | Cloudflare,broken,,2026-06-22T13:09:17+00:00
0e28a48a-82b4-4f1e-b124-1e5582abacae,200,1,1,111,,24-Hour Diner and Breakfast Restaurant | Denny&#039;s,good,,2026-06-22T13:09:17+00:00
a1d663ae-e80a-44e9-9aa8-741c70e0b941,200,1,1,3508,WordPress,Home - Restoration Bodycare - Novato and Hopland CA,good,,2026-06-22T13:09:17+00:00
b7d26fac-8ed4-41b4-b30a-d676482e2aee,200,1,1,825,,Ukiah CA Real Estate & Homes for Sale | Luxe Places International Realty-Ukiah,good,,2026-06-22T13:09:17+00:00
12240f96-bffa-4e43-9221-896f7dcacacb,200,1,1,349,Squarespace,Pier Place - oceanfront restaurant &amp; event venue,good,,2026-06-22T13:09:18+00:00
2edd56b9-bf4e-465d-a9de-abcfc76a1969,200,1,1,412,Webflow,"The best of Californian produce, meats, and seafood. Featuring a fusion of spices, flavors, and techniques from Chef Silver - Mayan Fusion Restaurant",good,,2026-06-22T13:09:18+00:00
47fafa9d-aaa7-48ce-be00-77990d3a6599,200,1,1,180,,Online Ordering by Genius,good,,2026-06-22T13:09:18+00:00
0b875445-848c-45c3-920d-28c7b7cafe84,0,0,0,120,,,broken,connection failed,2026-06-22T13:09:18+00:00
a38d11b5-bd06-436b-a197-8138dab700fd,200,1,1,260,Squarespace,Wickson Restaurant,good,,2026-06-22T13:09:18+00:00
ae6af97c-aaee-4408-8db2-be9fb62eba27,0,0,0,15131,,,broken,connection failed,2026-06-22T13:09:18+00:00
d8a0d188-ab34-452b-8d15-1241956bee2b,404,1,1,221,Wix,,broken,,2026-06-22T13:09:19+00:00
3dfc6109-7e9c-421d-860a-87e9e927bad4,404,0,1,303,,Page Not Found,broken,,2026-06-22T13:09:19+00:00
f48c0177-41c3-4332-9014-cd2ac0b54656,200,1,1,1986,WordPress,Mar-Val Food Stores | The Official Site of Mar-Val Food Stores,good,,2026-06-22T13:09:19+00:00
f7e3f3a0-3b6b-4bc9-ad04-3d04a75d812d,0,0,0,41,,,broken,connection failed,2026-06-22T13:09:19+00:00
074e7418-1912-4bcb-a6c6-ece71f9124ae,404,1,1,211,Wix,,broken,,2026-06-22T13:09:19+00:00
69119584-679f-41f1-8332-a77f52ae9c5c,404,0,1,341,,,broken,,2026-06-22T13:09:19+00:00
2f5a11ea-fc4f-4e73-897d-d9c021b93127,200,1,1,267,WordPress,,good,,2026-06-22T13:09:20+00:00
3b779af2-f3b8-40d8-aa74-9319e8e3d56b,200,1,1,1491,,Vine Ridge | Timber Ridge Care,good,,2026-06-22T13:09:20+00:00
d4909786-9717-471e-8b64-eb55c4dee78d,200,1,1,1640,WordPress,Home - Rocky Point Care Center,good,,2026-06-22T13:09:20+00:00
8128214e-e119-4416-9eeb-049b3f7936bc,200,1,1,146,Webflow,"Antonio&amp;#39;s Tacos, Restaurant, 38820 S Highway 1",good,,2026-06-22T13:09:20+00:00
ed9ae53e-05a7-4b2c-8f4c-7f8a436f0715,0,0,0,37,,,broken,connection failed,2026-06-22T13:09:20+00:00
cf7605a8-beec-4a31-baf3-5bd75e4b5161,200,1,1,118,,Hidden Jewel Piercing,good,,2026-06-22T13:09:20+00:00
f8df6440-2399-4798-b390-492b77b7dec2,200,1,1,139,Webflow,"Taqueria Jalos, Mexican Restaurant, 1130 S State St",good,,2026-06-22T13:09:20+00:00
3aa895a9-73cc-46b6-87ff-f5fdcf4026c1,200,1,1,235,,Home - Thai Spice,good,,2026-06-22T13:09:20+00:00
87b9875f-f6bb-45c6-bac7-d61562aaa5a0,200,1,1,184,Webflow,"Norcal Tire &amp;amp; Automotive Service, Auto Maintenance, Repair, 3201 n",good,,2026-06-22T13:09:20+00:00
5842dff1-cdfe-4371-bd2d-c03e59629892,200,1,1,1244,,Inkedin Tools Demo,good,,2026-06-22T13:09:21+00:00
7e67ed51-076e-46fd-83c5-1044e0e6fae8,0,0,0,43,,,broken,connection failed,2026-06-22T13:09:21+00:00
0185c618-231e-4cf0-a032-f20254ab2213,0,0,0,7,,,broken,connection failed,2026-06-22T13:09:21+00:00
0011532c-3af2-438b-9d9e-8d82e79cbbc5,404,0,1,1832,WordPress,Page not found &#8211; OCO TIME &amp; IT&#039;S TIME,broken,,2026-06-22T13:09:21+00:00
fb2b91d1-1c5d-4da2-ac02-d4bda26823cb,200,1,1,1898,WordPress,Cowlick&#039;s Ice Cream,good,,2026-06-22T13:09:21+00:00
78864b15-8b1c-486b-b042-d1bc12ca6ac9,200,1,1,570,WordPress,Fetzer - Your Go-To For Good Wines,good,,2026-06-22T13:09:22+00:00
e66749bf-416e-42c1-83a7-61af2b7f33fc,0,0,0,15123,,,broken,connection failed,2026-06-22T13:09:22+00:00
652c7949-4b5e-4912-9ea5-4d8f323ab8f5,0,0,0,15097,,,broken,connection failed,2026-06-22T13:09:23+00:00
5e495d58-6d24-48de-9f57-04543f48b8f3,0,0,0,16363,,,broken,connection failed,2026-06-22T13:09:23+00:00
3be10987-eb40-4495-ab18-3cf67d35604b,200,1,1,406,,Precision-Made Wines,good,,2026-06-22T13:09:23+00:00
292f3f91-a8eb-4b31-acd5-d65566050282,200,1,1,532,Shopify,Klarus Flashlight Illuminating Events: Klarus Flashlight Steals the Spotlight,good,,2026-06-22T13:09:24+00:00
8a4fcef6-c488-4aa0-b8d2-49ae05ebdbfc,0,0,0,48,,,broken,connection failed,2026-06-22T13:09:24+00:00
2dfb9a66-8e1a-4422-8975-fccbf286d2e7,200,1,1,2623,WordPress,Anderson Valley Tasting Room - Long Meadow Ranch,good,,2026-06-22T13:09:24+00:00
8972d077-963c-4777-a489-2a74678083e1,200,1,1,135,WordPress,"Lake County, CA • Clearly Different!",good,,2026-06-22T13:09:24+00:00
95db8749-c906-4047-bdaa-c943be733d97,0,0,0,15175,,,broken,connection failed,2026-06-22T13:09:24+00:00
5b3e36ec-160b-40e4-9ba8-4b6d2a96c086,200,1,1,2938,,Robledo Family Winery - Homepage,good,,2026-06-22T13:09:25+00:00
2bc89727-ed5a-4cab-888d-3b11f9580537,0,0,0,112,,,broken,connection failed,2026-06-22T13:09:25+00:00
ac6cf0d6-4a02-495f-b743-29b6df9124b7,200,1,1,521,,"Lakeport CA Tires & Auto Repair Shop | Carlton Cooper Tires, Inc.",good,,2026-06-22T13:09:25+00:00
382f4ebb-33f7-4c12-87c5-bf3732b2f3f3,403,1,1,1069,,Attention Required! | Cloudflare,broken,,2026-06-22T13:09:25+00:00
f9692e42-a821-4220-b7d6-7b8e3577c8a7,404,1,0,556,,,broken,,2026-06-22T13:09:25+00:00
947ac3e3-ed10-4023-bbd0-9ce9900fb78d,404,1,1,276,Wix,,broken,,2026-06-22T13:09:25+00:00
594c7470-8937-47e7-bbfa-567eba1c059b,200,1,1,793,,Home,good,,2026-06-22T13:09:25+00:00
3396626c-2d27-4062-9aec-a1f22eee1cda,0,0,0,729,,,broken,connection failed,2026-06-22T13:09:25+00:00
60163250-08b6-4532-8ead-5c1bdfe5f71a,200,1,1,442,,"Esthetics by Eden | Health &amp; Beauty in Willits, CA",good,,2026-06-22T13:09:26+00:00
3c53dadd-cdab-4b05-8b72-05be676d1284,200,1,0,295,,,weak,,2026-06-22T13:09:26+00:00
0b43f89a-1a8e-430f-9d0e-a058a9a3903a,0,0,0,15126,,,broken,connection failed,2026-06-22T13:09:26+00:00
019b3bb4-b009-4825-9e44-bc9f7672948b,404,1,1,151,Wix,,broken,,2026-06-22T13:09:26+00:00
a1e8675c-8212-4e67-8603-30fbd3cfa835,0,0,0,97,,,broken,connection failed,2026-06-22T13:09:26+00:00
74f980a9-c385-462b-961d-357f2707bca5,200,1,1,610,GoDaddy,Buy liveoakgrillsl.com – Premium Expired .com Domain on GoDaddy | ExpiredDomains.com,good,,2026-06-22T13:09:26+00:00
f9754bb3-ac87-4695-a97d-7d7ddca435c7,200,0,0,202,,"Surprise Valley Ranch, Inc.",weak,,2026-06-22T13:09:26+00:00
8f68b89e-6f2a-4a6a-84fd-aee65f46a903,200,1,1,557,Shopify,Barge North,good,,2026-06-22T13:09:26+00:00
433d41fa-3581-490a-a951-4e637c9d50d7,200,1,1,158,Webflow,"Huffman Lannette R Dds, Dentist, 1878 N High St",good,,2026-06-22T13:09:26+00:00
19b3f0ca-58a0-4703-b92c-fd5d8e6257e6,0,0,0,102,,,broken,connection failed,2026-06-22T13:09:26+00:00
4ab1abf9-81d6-4299-8a84-04be6b146bcc,403,1,1,478,,Just a moment...,broken,,2026-06-22T13:09:27+00:00
29519a4c-1040-43cc-bd7c-a963508b67cb,200,1,1,1670,,Burt Styles: Online Store,good,,2026-06-22T13:09:27+00:00
301fa94f-4c78-4f88-b9fe-d36818b0cd77,200,1,1,531,WordPress,Sun Dental,good,,2026-06-22T13:09:27+00:00
9b449dfc-33f9-42d4-88a1-e20e2d57f4a4,404,1,1,504,,Page not found,broken,,2026-06-22T13:09:27+00:00
aa4142da-8a5b-4cb9-a317-92ac7646c80d,404,1,1,537,Squarespace,Mendocino Area Narcotics Anonymous,broken,,2026-06-22T13:09:27+00:00
cae2dc1d-4176-4f1f-9661-4091ff9bc948,403,1,0,576,,Access Denied,broken,,2026-06-22T13:09:27+00:00
106c4ddf-27dd-4541-bc40-21ebd1e69de7,0,0,0,15225,,,broken,connection failed,2026-06-22T13:09:27+00:00
8c1b08c2-1929-4a3a-9310-5beb65c8597f,200,1,1,129,Webflow,"Crest Motel &amp;amp; Trailer Park, Operators of Residential Mobile Home S",good,,2026-06-22T13:09:27+00:00
0a073c9b-1879-4018-9508-c7bc7174f86b,404,1,0,516,,,broken,,2026-06-22T13:09:27+00:00
6d905fc6-3abb-42d1-8cf4-eb81788dda5f,200,1,0,310,Weebly,"Long Valley Dance - Long Valley Dance, Laytonville, CA",weak,,2026-06-22T13:09:27+00:00
f52aa07f-07e0-4f93-8ed1-1eeb24ce2191,200,1,1,2090,,Inn at Schoolhouse Creek: Mendocino Coast Hotel in Little River CA,good,,2026-06-22T13:09:28+00:00
6046097e-2e42-4025-aaa9-7fd1430c7ddd,200,1,1,672,,Local Beer Distributors | Anheuser-Busch Wholesaler,good,,2026-06-22T13:09:28+00:00
ec789e2d-cf2c-4010-a68a-dde1bb83f85a,0,0,0,52,,,broken,connection failed,2026-06-22T13:09:28+00:00
a1f05153-6bab-4116-b94c-f6a3e2742d7a,200,0,1,85,,"Ramen Cubed â Ukiah, CA",weak,,2026-06-22T13:09:28+00:00
797ba91e-5d50-4eba-b671-213145fa8f4f,0,0,0,37,,,broken,connection failed,2026-06-22T13:09:28+00:00
854635f6-720e-4f45-9fa3-b295f65449c3,200,1,1,429,GoDaddy,rockypointvista.com,good,,2026-06-22T13:09:28+00:00
2fa227d0-ebec-4883-8f76-709ae01c5e70,200,1,1,4619,WordPress,William Gordon Winery Wine Club,weak,,2026-06-22T13:09:28+00:00
41aadd9f-c54a-4639-990d-74e14bdc2717,200,1,1,413,,Mendocino Luxury Inn &amp; Restaurant MacCallum House,good,,2026-06-22T13:09:28+00:00
5f5104ac-560b-4dfb-a3ba-9414a5ac0a8d,200,0,0,198,,Valley Veterinary Clinic welcomes you and your pet!,weak,,2026-06-22T13:09:28+00:00
983652a7-ab87-4718-935b-6389f077e64b,0,0,0,15164,,,broken,connection failed,2026-06-22T13:09:28+00:00
71620c76-3e00-40ae-9aa2-ac177468f01f,200,1,1,781,,"Chiropractors in Santa Rosa, CA | Wellness Chiropractic",good,,2026-06-22T13:09:28+00:00
90fa40e1-396e-48ba-bddf-eb0bc379077c,0,0,0,40,,,broken,connection failed,2026-06-22T13:09:28+00:00
67cf6fe3-4c21-4a17-9fb4-d1a146d0904c,200,1,1,713,,Adventist Health,good,,2026-06-22T13:09:28+00:00
703639d8-cbf0-4100-b47c-7c5ce04a91b7,200,1,1,1343,,"La Puerta del Mar - Houses for Rent in Albion, California, United States - Airbnb",good,,2026-06-22T13:09:29+00:00
3334688f-5d22-4bc6-a3ba-19c591186d98,200,0,1,321,Squarespace,Tian Yuen Restaurant,weak,,2026-06-22T13:09:29+00:00
e8ea0369-a94b-43af-9848-acd0951c3dc4,0,0,0,111,,,broken,connection failed,2026-06-22T13:09:29+00:00
319d3321-6c70-47b7-b4c9-5f972e414e59,200,1,1,1196,,"Fort Bragg, CA Vacation Rentals, Cabins, Cottages | Vacasa",good,,2026-06-22T13:09:29+00:00
4110cb04-1875-4771-9b29-6c112ed9344a,200,1,1,432,Squarespace,Finnella Cellars,good,,2026-06-22T13:09:29+00:00
ba51a74a-95f0-472f-b8de-14ab489f52a2,200,1,1,385,WordPress,Home - Nelson Hill Winery,good,,2026-06-22T13:09:29+00:00
64caa71c-d209-4b17-ada9-fee5b16665a8,200,1,1,301,Squarespace,Topel Winery,good,,2026-06-22T13:09:29+00:00
66de378d-d343-4375-a8a7-571a1293177b,200,1,1,517,Squarespace,Graziano Family of Wines,good,,2026-06-22T13:09:29+00:00
54f72e93-2b4b-4ae5-9442-48e22918dfe6,200,1,1,150,Webflow,"76, Gas Station, 1579 S Main St",good,,2026-06-22T13:09:29+00:00
b23190d7-a752-4126-8ed5-3993b73a7ab5,404,0,1,1014,WordPress,Page not found &#8211; Sky Pine Vineyards,broken,,2026-06-22T13:09:30+00:00
5ac00cda-3c6a-4dc1-aeb5-2990bf7fbc02,200,1,1,479,,"Blonded By Tae | Health &amp; Beauty in Lakeport, CA",good,,2026-06-22T13:09:30+00:00
8b442c0e-dd40-431b-bf19-e9738be3bfda,200,1,1,714,,StyleSeat - Online Booking for Hair Stylists & Beauty Professionals,good,,2026-06-22T13:09:30+00:00
030aecd1-3739-4bdb-9ff5-6983f0fc563c,404,1,1,601,,StyleSeat - Online Booking for Hair Stylists & Beauty Professionals,broken,,2026-06-22T13:09:30+00:00
4de6b463-5760-4774-a2e8-7fcf06fc2229,200,1,1,2233,,"Keluaran HK Lotto: Togel Hongkong Pools, Data HK, Pengeluaran HK Hari Ini",good,,2026-06-22T13:09:30+00:00
81d8ee32-3fc0-4ddb-aebf-e57ce9a89aa3,0,0,0,70,,,broken,connection failed,2026-06-22T13:09:30+00:00
8a2df297-0571-40d5-9841-2539f6a07edb,0,0,0,216,,,broken,connection failed,2026-06-22T13:09:31+00:00
245bf39a-d5b2-4554-8c30-7d9faa981007,200,1,1,552,Shopify,Bear Republic Brewing Co. &ndash; Bear Republic Brewing Company,good,,2026-06-22T13:09:31+00:00
860cc09b-502f-422c-81a8-626fedace989,0,0,0,16231,,,broken,timeout,2026-06-22T13:09:31+00:00
a5010966-2931-49fb-b1e8-05329a6b2758,200,1,1,1322,,Services,good,,2026-06-22T13:09:31+00:00
e0f8d315-0c82-4bf1-8e21-eadf78008119,200,1,1,395,,"Fort Bragg, CA Vacation Rentals, Cabins, Cottages | Vacasa",good,,2026-06-22T13:09:31+00:00
cc870a67-a672-44fa-822d-1d2854d58141,404,1,1,2285,WordPress,Page not found | Lakeport Main Street Association,broken,,2026-06-22T13:09:31+00:00
63d50313-867f-435a-849c-30d6fca3698a,200,1,1,136,Webflow,"Dirty Dog Day Care, Pet Sitting, 884 S State St",good,,2026-06-22T13:09:31+00:00
7a3aab7c-38b0-4532-86f8-1bfe8253de56,0,0,0,124,,,broken,connection failed,2026-06-22T13:09:31+00:00
4db8fce8-f1a0-4df3-9ed9-fa045bb61613,200,1,1,798,,Homepage Mendocino Coast Recreation and Park District,good,,2026-06-22T13:09:31+00:00
5faeb411-9cb6-4c92-b713-c593577e8cd6,0,0,0,112,,,broken,connection failed,2026-06-22T13:09:31+00:00
0d8545db-bd2f-4226-8747-f8585c26ea0c,0,0,0,104,,,broken,connection failed,2026-06-22T13:09:31+00:00
9edb0ef6-e8fa-43c9-a403-44a9d6acd3c6,0,0,0,111,,,broken,connection failed,2026-06-22T13:09:32+00:00
75abbd97-57b8-4b0a-976e-0f0e1dae87b6,0,0,0,167,,,broken,connection failed,2026-06-22T13:09:32+00:00
45638869-4de2-433c-b7ae-4d80176a316c,200,0,0,293,,,weak,,2026-06-22T13:09:32+00:00
865a9f90-e539-44b9-8ef2-11711f260cf1,0,0,0,37,,,broken,connection failed,2026-06-22T13:09:32+00:00
44b5eb3c-a9ce-4398-b0c2-9ddb2eeac64b,0,0,0,109,,,broken,connection failed,2026-06-22T13:09:32+00:00
8a23c11b-d84c-4210-8c5a-5a54ad8101f1,0,0,0,112,,,broken,connection failed,2026-06-22T13:09:32+00:00
dafef69b-f6a7-407c-8af1-183aff0cf07d,0,0,0,4200,,,broken,connection failed,2026-06-22T13:09:32+00:00
19230595-e53e-4404-a8ff-f4fb5b7351d1,0,0,0,105,,,broken,connection failed,2026-06-22T13:09:32+00:00
bb0a5a5a-14cc-4d8f-beb3-d84f245daa4e,0,0,0,47,,,broken,connection failed,2026-06-22T13:09:32+00:00
80f1c1d6-326e-472b-bd16-180927202886,200,1,1,348,,Painting Redwood Valley CA,good,,2026-06-22T13:09:32+00:00
9803b8f3-9223-48a1-833f-41df2602de4f,200,1,1,353,Wix,Restaurant | RED'S @ the Skyroom | United States,good,,2026-06-22T13:09:32+00:00
c3756a47-e1e4-4ab0-be2d-d22ed36d0808,0,0,0,8,,,broken,connection failed,2026-06-22T13:09:32+00:00
5ee78966-a07d-4485-8765-ff540b0c07c9,200,1,1,511,,Animal Adoption | Mendocino Coast Humane Society | CA,good,,2026-06-22T13:09:32+00:00
2da49524-cad6-4b38-8263-bff66123e636,0,0,0,18,,,broken,connection failed,2026-06-22T13:09:32+00:00
971c913c-bfd3-45c1-b1c7-d193938247e7,200,1,1,469,,Home,good,,2026-06-22T13:09:32+00:00
fe9a9c1a-65fe-4707-a4d9-c214047e2052,403,0,0,83,,403 Forbidden,broken,,2026-06-22T13:09:32+00:00
9405fba1-6c26-4105-accb-bc4802205c0e,200,1,1,417,Wix,Home | Verdier architects,good,,2026-06-22T13:09:32+00:00
4b89e95e-77bb-461b-8335-7192863c3835,403,0,0,88,,403 Forbidden,broken,,2026-06-22T13:09:32+00:00
e39e32d5-3b10-422a-8135-8046e78ebb34,0,0,0,112,,,broken,connection failed,2026-06-22T13:09:33+00:00
2112335b-9693-481c-89af-563c589de8e0,200,1,1,437,,NorthWest DPF - Home,good,,2026-06-22T13:09:33+00:00
7bf15fe8-f058-4d4f-a26a-6d7f0bd92f57,200,1,0,615,,"Ken Fowler Subaru | Local Subaru Dealership in Ukiah, CA",weak,,2026-06-22T13:09:33+00:00
16430066-61df-433f-b5ff-eac5bbd7d4d0,0,0,0,39,,,broken,connection failed,2026-06-22T13:09:33+00:00
7681d9a4-2c19-4ffd-83f0-2e786d9e7d2d,200,1,1,265,,"Honda Dealer in Ukiah, CA | New &amp; Used Cars | Thurston Honda",good,,2026-06-22T13:09:33+00:00
0837cf97-1e96-43cb-a64b-cf2838199798,0,0,0,112,,,broken,connection failed,2026-06-22T13:09:33+00:00
dc1e68e8-4b78-4027-adcb-54e6ce740f8b,0,0,0,158,,,broken,connection failed,2026-06-22T13:09:33+00:00
28846e3a-ce17-458e-9e41-fa20493a8ca7,202,1,0,155,,,weak,,2026-06-22T13:09:33+00:00
cb11f90f-6855-48ae-8789-5b054bd69bea,200,1,1,1711,Wix,"Mendocino Coast Botanical Gardens | Fort Bragg, California",good,,2026-06-22T13:09:33+00:00
c1be9b13-0f59-4cd2-b094-c5494d487f81,202,1,0,241,,,weak,,2026-06-22T13:09:34+00:00
efb3572a-c836-4bd5-9c34-f35ff1aaf913,0,0,0,44,,,broken,connection failed,2026-06-22T13:09:34+00:00
f31a0a2c-45d4-4ccf-93db-f6d15419405c,200,1,1,293,WordPress,"Rumbie | Hair, Skincare &amp; Beauty Tips for Every Style",good,,2026-06-22T13:09:34+00:00
b5ae1051-de6c-423f-a6e2-1e34e86e6c8b,200,1,1,342,Squarespace,Wonder bread-Home,good,,2026-06-22T13:09:34+00:00
b464dc69-3530-4cd8-aa7c-4d1663103d29,0,0,0,60,,,broken,connection failed,2026-06-22T13:09:34+00:00
c11b460a-aa10-428f-a18b-9b484c87ed11,0,0,0,98,,,broken,connection failed,2026-06-22T13:09:34+00:00
a9d9e1d1-0e06-480f-9963-dff36940db5e,200,1,1,2726,WordPress,ROBINSON CREEK - Castle Rock Developments,good,,2026-06-22T13:09:34+00:00
5156893d-38ab-49ad-928b-1da666027f1e,200,1,1,101,,Haircuts &amp; Hair Salons Near You | Fantastic Sams,good,,2026-06-22T13:09:34+00:00
f6745c05-4945-4c62-8d6d-4f891352b5e4,200,1,1,2901,WordPress,Fuel Your Automotive Enthusiasm with Coral Mustang,good,,2026-06-22T13:09:34+00:00
2356801e-8441-410e-832a-860c4521da91,200,1,1,429,,Beauty Supply Store at 534 East Perkins Street | Sally Beauty,good,,2026-06-22T13:09:34+00:00
65cb09c7-fb3b-4cf1-a863-69e122e2ac65,0,0,0,15,,,broken,connection failed,2026-06-22T13:09:34+00:00
2d25e94e-aa48-4acb-b0db-1445ba8ef5bc,200,1,1,536,,Salon Equipment and Beauty Supply in Ukiah | CosmoProf,good,,2026-06-22T13:09:34+00:00
e58168f0-520e-4039-a4cf-5d0079c78d5e,200,1,1,526,,Salon Equipment and Beauty Supply in Ukiah | CosmoProf,good,,2026-06-22T13:09:34+00:00
a30b733f-170c-407b-be10-91b08d772959,200,0,1,137,,Hone Alone | Get More Use Out of Your Razor Blade Cartridges,weak,,2026-06-22T13:09:34+00:00
9ef3f857-7395-4c58-9468-f4e95070d47e,200,1,1,410,Squarespace,Coming Soon,good,,2026-06-22T13:09:35+00:00
d34b73ed-e532-40e7-9f34-b8a4ff681051,200,1,1,408,Squarespace,The Skintessa | Quantum Beauty™ &mdash; Natural Alternative to Botox,good,,2026-06-22T13:09:35+00:00
40614731-78f2-48c3-b2d0-29bc85ec56f0,0,0,0,260,,,broken,connection failed,2026-06-22T13:09:35+00:00
0c87f096-077b-42e4-850b-2d20efb48843,200,1,1,1159,,Anthony Aguilar | Kelseyville [ Book now ],good,,2026-06-22T13:09:35+00:00
8c2bb8ad-1e45-4b26-ba15-38afb001bbaa,200,1,1,667,,Agate Cove Inn™ A Mendocino Boutique Hotel with Oceanviews,good,,2026-06-22T13:09:35+00:00
e562d295-90c0-4946-aa28-748c74ebb92f,403,1,1,183,,Attention Required! | Cloudflare,broken,,2026-06-22T13:09:35+00:00
f961ac3b-7d13-46ae-a26c-b1c0468cee28,200,1,1,191,Squarespace,"Lodging in Philo &amp; Anderson Valley, CA | Indian Creek Inn",good,,2026-06-22T13:09:35+00:00
9baa5eb2-741d-4bb3-8aa0-f81eeb31a474,0,0,0,15046,,,broken,timeout,2026-06-22T13:09:35+00:00
e64cc528-bbb4-4fc4-ba15-c22052715102,200,1,0,3002,,"Fowler GMC | Local GMC Dealership in Ukiah, CA | Auto Sales",weak,,2026-06-22T13:09:35+00:00
174b8078-6c3c-4332-b087-1a148359eec2,200,0,0,148,,Lakeport English Inn | Lake County's Premiere B &amp; B Hotel,weak,,2026-06-22T13:09:35+00:00
6389e687-d251-48fb-84ab-679ac88ba640,200,1,1,761,WordPress,Mendocino Inn :: Lush Gardens &amp; Cozy Rooms,good,,2026-06-22T13:09:35+00:00
494ffa0d-3b64-4ecc-bd41-06149872fc50,0,0,0,38,,,broken,connection failed,2026-06-22T13:09:35+00:00
860e4edd-b224-4ca4-80ca-7e6ba98f3a2b,200,1,1,417,WordPress,Hummingbird Haven of Mendocino - Perfect Place to Relax,good,,2026-06-22T13:09:36+00:00
b6984618-4453-4599-befc-30ad44a9af3c,200,1,0,632,,Essay Writing Lessons At Fensalden High School,weak,,2026-06-22T13:09:36+00:00
9e0954f9-7127-446c-b6c3-9d2604e8e1bf,200,1,1,142,WordPress,Noyo Harbor Inn - Noyo Harbor Inn,good,,2026-06-22T13:09:36+00:00
7e6c14fd-8353-449d-89df-e38b13a39556,0,0,0,8,,,broken,connection failed,2026-06-22T13:09:36+00:00
a12b93e3-0849-406a-a367-6f559828bd3c,0,0,0,38,,,broken,connection failed,2026-06-22T13:09:36+00:00
4fb91424-c813-4bc8-9b26-cbfe6a2b27b2,200,1,1,476,,Mendocino Luxury Inn &amp; Restaurant MacCallum House,good,,2026-06-22T13:09:36+00:00
2c441303-da48-4099-8058-2cea8a59930a,200,1,1,482,Webflow,The Weller House,good,,2026-06-22T13:09:36+00:00
faaef78e-074a-4d47-96d7-983d81647dcc,200,1,1,358,GoDaddy,"Loose Caboose Cafe - Delicious Menu in Willits, CA",good,,2026-06-22T13:09:36+00:00
7bd2e7f0-5b08-4409-86aa-022a26ed7206,0,0,0,108,,,broken,connection failed,2026-06-22T13:09:36+00:00
983cbfd0-908c-4cc7-9788-5b2c5e2b9b12,200,1,1,661,Shopify,Bear Republic Brewing Co. &ndash; Bear Republic Brewing Company,good,,2026-06-22T13:09:36+00:00
bdcfc2e6-e570-4074-8918-8017801a82c0,0,0,0,15172,,,broken,connection failed,2026-06-22T13:09:36+00:00
20833f44-c801-4551-95dd-834a8eb0fcb9,202,0,0,295,,,weak,,2026-06-22T13:09:36+00:00
0529623b-c2f7-44ce-a752-ec8f7efcd2a2,202,1,0,363,,,weak,,2026-06-22T13:09:36+00:00
61080138-9399-49d7-856c-6b4e5dd97ac3,200,1,1,895,Weebly,,good,,2026-06-22T13:09:36+00:00
d6712014-377b-4781-ada2-ed365089f43f,200,1,1,238,WordPress,Krispy Krunchy Chicken | Fresh Fried Chicken Near You,good,,2026-06-22T13:09:37+00:00
32ca6719-e24a-44f5-b2c8-11ccd7e7e193,200,1,1,248,WordPress,Krispy Krunchy Chicken | Fresh Fried Chicken Near You,good,,2026-06-22T13:09:37+00:00
f6ab11b0-bdb1-4ff3-8189-550d8ddc3cff,0,0,0,12,,,broken,connection failed,2026-06-22T13:09:37+00:00
de088d1e-0aeb-4794-9353-fd8156d1ecdb,0,0,0,19,,,broken,connection failed,2026-06-22T13:09:37+00:00
30569616-4da5-4190-b260-a16f0c649c92,200,1,0,493,,Two Hearts Four Hands - A Guide for Cooking Together by Sulin Bell,weak,,2026-06-22T13:09:37+00:00
e0e6a123-8ef1-4c38-ae26-aa6313031d64,0,0,0,15140,,,broken,connection failed,2026-06-22T13:09:37+00:00
9cad763a-a815-423b-8770-d6c9b1c027e9,200,1,1,121,WordPress,"Chiropractor in Ukiah, CA | James Diaz Chiropractic",good,,2026-06-22T13:09:37+00:00
d533141d-f16e-4409-8aab-5a4aa9d5ea41,404,0,0,142,,,broken,,2026-06-22T13:09:37+00:00
e231771d-b62f-48f6-957c-61f0de1ed878,0,0,0,40,,,broken,connection failed,2026-06-22T13:09:37+00:00
a4fc00b2-a3d5-4d99-9981-a16b7a03119c,0,0,0,39,,,broken,connection failed,2026-06-22T13:09:37+00:00
3d232178-301b-4ef1-aeb0-cbb847ef4cab,200,1,1,1444,,"Handcrafted Leather Goods, Denim, and Accessories | Throckmorton Jones",good,,2026-06-22T13:09:37+00:00
f234f6ab-f0be-450a-aaeb-0fb7558b33fc,403,0,1,55,,Just a moment...,broken,,2026-06-22T13:09:37+00:00
231ab1ce-cfce-45a8-bd5a-f762652d2808,200,0,0,231,,Gene Wixson Enterprises,weak,,2026-06-22T13:09:37+00:00
f0fb2a5e-27e4-4f9f-98ef-85baf7f4aae5,200,1,0,479,,"Chinese carry out, Best Chinese food, Tyson�s Vienna Va | China Express | Chinese cuisine, egg roll, Chinese Cafe, Szechuan dishes, Human cuisine, Carry Out, Pick-up, Catering Service, cuisine Szechua",weak,,2026-06-22T13:09:37+00:00
ed04468a-966c-466c-b712-3d1b32d01c50,0,0,0,54,,,broken,connection failed,2026-06-22T13:09:37+00:00
58053459-0717-4e1a-99f4-9f71a367af4f,0,0,0,150,,,broken,connection failed,2026-06-22T13:09:37+00:00
ef523183-1a31-42ee-9f61-5184bc0dbc2e,200,1,1,8979,,Result HK: Live Draw HK | Hongkong Pools | Live HK Hari Ini,weak,,2026-06-22T13:09:37+00:00
8ead4c96-6268-4a19-a923-9e3b9e2ef70d,200,1,1,468,WordPress,Ghilotti Construction Company,good,,2026-06-22T13:09:37+00:00
f5a6ccfd-3a61-437a-93d3-1ca54413b1a7,200,1,1,622,Shopify,Ted Baker London | Designer Clothing &amp; Accessories,good,,2026-06-22T13:09:37+00:00
0ff0240d-422a-4598-9d3c-892259ed9402,0,0,0,111,,,broken,connection failed,2026-06-22T13:09:37+00:00
3b8db023-1071-45dd-a526-9cb43adc7bd5,0,0,0,40,,,broken,connection failed,2026-06-22T13:09:37+00:00
7cd49535-a053-4bfe-9ed2-81e891fa6322,200,0,0,203,,"Matson Construction Inc. - Commercial, Residential, and Industrial Builders, Fort Bragg, Mendocino County, CA",weak,,2026-06-22T13:09:37+00:00
cc66b4ff-72ee-4f74-a33e-8ebc6efdba44,200,1,1,454,,CSLB-Home -CSLB,good,,2026-06-22T13:09:38+00:00
2c875696-1619-46d5-a86e-4c3fb00da82e,202,0,0,137,,,weak,,2026-06-22T13:09:38+00:00
011f4d48-9c0b-4be1-9b05-1674a1669fbb,200,0,0,280,,,weak,,2026-06-22T13:09:38+00:00
549bd41f-1d8c-4167-96b7-a260c5987397,200,1,1,256,,Sally Beauty,good,,2026-06-22T13:09:38+00:00
89984cb2-b898-4d1e-b32a-2598cd702df0,200,1,1,491,,CSLB-Home -CSLB,good,,2026-06-22T13:09:38+00:00
06268613-d7bd-4c33-bdde-655504cba09f,200,1,1,426,,"FedEx Ship Center - Ukiah, CA - 1329 S State St 95482",good,,2026-06-22T13:09:38+00:00
f56473e6-e0fd-48a3-91e4-41c0284dd53a,200,1,1,380,WordPress,Premier Skincare & Wellness Spa | Dew Diligence Skincare & Aesthetics,good,,2026-06-22T13:09:38+00:00
97716beb-2a56-4698-bc17-1a6ea43b2d33,200,1,1,593,,UPS Locations in California,good,,2026-06-22T13:09:38+00:00
3b93308f-d2e2-4f16-a4eb-0503290373c2,200,1,1,512,Squarespace,The Heritage House Resort &amp; Spa,good,,2026-06-22T13:09:38+00:00
4f5614d7-7ee3-4000-8b9f-65f78fdc003f,200,1,1,307,Squarespace,Consolidated Tribal Health Project,good,,2026-06-22T13:09:38+00:00
fdfb1262-3269-4d57-9a9f-8ef5c282b951,200,1,1,180,WordPress,"Family & Cosmetic Dentist Santa Rosa, CA | Nicole Le, DDS & John Savko, DDS",good,,2026-06-22T13:09:38+00:00
6a8a4e29-b750-4597-b638-3d91374951af,202,0,0,93,,,weak,,2026-06-22T13:09:38+00:00
be8effda-a5ae-47d8-8cf1-fdf0af4e1e2f,200,1,1,1571,WordPress,Consolidated Treatment System|,good,,2026-06-22T13:09:39+00:00
fb837f6c-8f5d-44b5-94a3-b8b4ffc290e7,0,0,0,7,,,broken,connection failed,2026-06-22T13:09:39+00:00
a400ea75-355f-4c5d-bd71-16245ae08431,200,1,1,1039,WordPress,Little Lake Health Center - MCHC Health Centers,good,,2026-06-22T13:09:39+00:00
6b74083f-aed6-4b45-ae32-e00d240ccc4a,200,1,1,1162,WordPress,Dentist in Illinois &amp; NW Indiana | Family Dental Care,good,,2026-06-22T13:09:39+00:00
8cfd958f-0ea2-4135-8fe3-8c1c45ad48cf,200,1,1,1718,WordPress,Home - Mendo Smiles,good,,2026-06-22T13:09:40+00:00
47e52b76-5eb3-458d-bd4a-6c53c15b7c79,403,1,1,3993,,Just a moment...,broken,,2026-06-22T13:09:40+00:00
a4f1d63d-3a32-4900-a7b2-5a1d6c277d20,200,1,1,852,WordPress,Emerald Law Group | California Cannabis Law Firm,good,,2026-06-22T13:09:40+00:00
f1ba80d5-f263-411e-8f22-a8d2a8360325,403,1,0,191,,pandaexpress.com,broken,,2026-06-22T13:09:40+00:00
4337ab50-3102-40d6-9432-7d19136e0054,200,0,1,2566,WordPress,"CASA of Mendocino County - We train and support court appointed volunteers to be voices for abused, neglected, or delinquent children in the court system.",weak,,2026-06-22T13:09:40+00:00
eb09a7fa-202c-409d-bf3f-62bbe2c8385d,0,0,0,120,,,broken,connection failed,2026-06-22T13:09:40+00:00
c5123ac6-a92c-4b8d-948e-8269b9035984,200,1,1,788,WordPress,Mendocino Estate Planning Lawyers | California | DeCarli Law,good,,2026-06-22T13:09:40+00:00
0174a2e9-724d-43e2-a344-480a6348e166,200,1,0,426,Weebly,Gina's Floral Enchantment - Home,weak,,2026-06-22T13:09:41+00:00
b5bb8cff-aeb2-4515-9679-d969fe4d12eb,200,0,1,2170,WordPress,Ukiah Forest Club |,weak,,2026-06-22T13:09:41+00:00
7c106f82-8f44-4131-9831-2cd4e3b08cd9,200,1,1,410,,Mendocino Community Network,good,,2026-06-22T13:09:41+00:00
6d8e53a9-cf26-4b32-b1f5-da7ba26cb9aa,200,1,1,559,WordPress,Welcome to Quiznos - Toasted Sandwiches &amp; More,good,,2026-06-22T13:09:41+00:00
a48dcd46-5df6-44e1-b0f0-62ae18c00a25,0,0,0,113,,,broken,connection failed,2026-06-22T13:09:41+00:00
f738038f-f140-44e1-b23c-17723d3ad2c9,0,0,0,26,,,broken,connection failed,2026-06-22T13:09:41+00:00
4cefd635-ec6a-442c-84f6-292d82a30a85,404,1,1,253,,Page Not Found | Rent-A-Center Locations,broken,,2026-06-22T13:09:41+00:00
f82ddc74-15d2-4c2c-b861-5493bafe6a8e,200,1,0,315,,,weak,,2026-06-22T13:09:41+00:00
618c0e84-45a9-4917-8f5b-47d8182f62e9,200,1,1,572,Shopify,Thanksgiving Coffee | Artisan Coffee Roaster for Over 50 Years &ndash; Thanksgiving Coffee Company,good,,2026-06-22T13:09:41+00:00
ceca1991-6ac8-4451-8aac-39cb520113e6,429,0,1,64,,Just a moment...,broken,,2026-06-22T13:09:41+00:00
1109b830-db5b-45a6-b0da-2351467ef423,200,1,1,684,WordPress,Rack &amp; Riddle Custom Wine Services — Home,good,,2026-06-22T13:09:41+00:00
59e2517a-deaa-4fd1-a1d8-07d8bc01cad7,200,0,0,73,,,weak,,2026-06-22T13:09:41+00:00
d1bd0b27-40ac-43bc-8c8d-796a8fd203f2,0,0,0,45,,,broken,connection failed,2026-06-22T13:09:41+00:00
5b30c65c-6730-4938-aaf0-1d977e2c26dd,0,0,0,53,,,broken,connection failed,2026-06-22T13:09:41+00:00
e0043b03-0707-4506-9c67-b4181d02e35d,200,1,1,1234,,,good,,2026-06-22T13:09:41+00:00
65838f60-b7fc-450b-bd2f-96b4311ce4dd,0,0,0,38,,,broken,connection failed,2026-06-22T13:09:42+00:00
0b4181ca-33c1-45b8-b0ed-281370c04606,200,1,1,311,WordPress,Women&#039;s Health &amp; Fitness Clubs | Curves,good,,2026-06-22T13:09:42+00:00
32a7de19-c618-4d43-a3d4-85ed26520e6d,0,0,0,109,,,broken,connection failed,2026-06-22T13:09:42+00:00
5389d8b1-6cf7-43a0-8df9-c364c5fa9c6d,0,0,0,110,,,broken,connection failed,2026-06-22T13:09:42+00:00
9432cc64-e76f-465f-a08a-bf3ee848600c,200,1,1,1076,,Illuminated - Server29,good,,2026-06-22T13:09:42+00:00
891da156-1823-4db9-adf0-1c050a2c9b9a,200,1,1,236,WordPress,Home | The Lodge at Blue Lakes,good,,2026-06-22T13:09:42+00:00
78e0ff50-fda0-4506-963a-08b61e04929c,200,1,1,149,,"Baymont by Wyndham Fort Bragg | Fort Bragg, CA Hotels",good,,2026-06-22T13:09:42+00:00
34794b2c-76e2-4e26-aa9f-9c7247b42644,200,1,1,1275,Shopify,Herb Wise Botanicals,good,,2026-06-22T13:09:42+00:00
b92e0add-2e7b-4e6f-8b4f-114e5c9358ef,0,0,0,90,,,broken,connection failed,2026-06-22T13:09:42+00:00
9766ae63-0412-4fb2-b8d9-e2392c6a358a,200,1,1,979,,"Hair By Loretta Jean | Health &amp; Beauty in Ukiah, CA",good,,2026-06-22T13:09:43+00:00
9dc01cca-6003-4a96-821f-da8f0b9661e8,404,1,1,968,,Page not found | Merry Maids,broken,,2026-06-22T13:09:43+00:00
59fba868-e69b-43a0-a36d-912a6076236e,200,1,1,336,GoDaddy,"Vacation Home Rentals in Mendocino, CA | Jades Tower",good,,2026-06-22T13:09:43+00:00
69341690-2d76-4d20-9fd5-0efef4f522cf,200,0,1,197,Squarespace,The Albion Schoolhouse,weak,,2026-06-22T13:09:43+00:00
f2f3ae2a-09fb-4e10-97f2-3a44ad424793,200,1,1,426,,Search Results,good,,2026-06-22T13:09:43+00:00
baeda549-6eae-4492-aa45-5a3e12da5db9,200,1,1,259,,Search Results,good,,2026-06-22T13:09:43+00:00
9cc4f336-1078-478e-a6fa-b13e48f28a79,523,0,1,3241,,beingwater.com | 523: Origin is unreachable,broken,,2026-06-22T13:09:43+00:00
2bf409ac-a1cc-4fb6-959f-010399fafea0,200,0,0,268,,Tree House Vacation Rental,weak,,2026-06-22T13:09:43+00:00
0a6898b5-945d-45e2-9510-1e577c1bcac7,202,1,0,90,,,weak,,2026-06-22T13:09:43+00:00
f6bb39a1-c9f8-45be-a118-356ca6266036,200,1,1,233,GoDaddy,Home - K&amp;G Immigration Law,good,,2026-06-22T13:09:43+00:00
a7a1561f-0e0c-4787-b164-b5cd41c85cdf,200,1,1,534,,404 Page Not Found - Airbnb,good,,2026-06-22T13:09:43+00:00
ef67087a-263d-4fb7-bc8a-9ec175cf1c75,200,1,1,460,,HVAC Contractor in Santa Rosa | Indoor Climate Control,good,,2026-06-22T13:09:43+00:00
6694288b-cc81-47d8-b9d1-ada2b0e44c1d,200,0,1,506,WordPress,Running Springs HVAC | Contractor License #706322,weak,,2026-06-22T13:09:44+00:00
a766b1a2-f47e-4c96-8396-22ee8bc6c1b5,200,1,1,1097,WordPress,Home - Surf Motel &amp; Gardens,good,,2026-06-22T13:09:44+00:00
bb5717b3-36e2-4ae0-b3d1-080bb84a548b,0,0,0,316,,,broken,connection failed,2026-06-22T13:09:44+00:00
8b08f134-0937-4d8a-9147-0beac28e02d0,200,1,1,624,WordPress,Home -,good,,2026-06-22T13:09:44+00:00
afdd4779-1afe-4c2f-9304-e51fc65d9475,0,0,0,15227,,,broken,timeout,2026-06-22T13:09:44+00:00
8931e999-2fab-4839-9584-32170b7066c7,200,1,1,95,,Key Copy & Locksmith Services | Minute Key,good,,2026-06-22T13:09:44+00:00
0adb30a0-af2c-4d73-94ba-07bc98d09ead,200,1,1,31,,Key Copy & Locksmith Services | Minute Key,good,,2026-06-22T13:09:44+00:00
026f0245-88d1-4188-a1fd-5e54a739ba7a,200,1,1,697,Weebly,Fritz & Mischell’s Jewelry Store | My Site,good,,2026-06-22T13:09:44+00:00
5263b673-d6fc-482c-98e0-f24ba4aa5c12,200,1,1,197,,Key Copy and Locksmith Services Ukiah CA | 1255 Airport Park Blvd. | Minute Key,good,,2026-06-22T13:09:44+00:00
64e4449a-13ab-4b99-9c19-2a943737f6cd,200,1,1,2770,,Cleaning Lakeport | Property Maintenance,good,,2026-06-22T13:09:44+00:00
136a3267-c28a-438c-98bd-66938b4d2063,200,0,1,219,WordPress,Scott Allen&#039;s Personal Site,weak,,2026-06-22T13:09:44+00:00
6e9d24c4-baa5-4e5e-970f-f5760221cd26,200,1,0,710,,"24/7 Locksmith Services in Ukiah, CA | Key Me",weak,,2026-06-22T13:09:44+00:00
c5cb9bf0-f8af-4a53-ac70-674d4b3c7e39,200,0,0,112,,Daniels Construction - Home,weak,,2026-06-22T13:09:45+00:00
050f925d-af07-4bbe-bb80-37e1ea346a69,200,1,1,273,,Home,good,,2026-06-22T13:09:45+00:00
b698ea0d-abb7-4c80-85a0-f652ae7e0e09,0,0,0,104,,,broken,connection failed,2026-06-22T13:09:45+00:00
e1c64264-9e79-4617-9882-9b63665f0735,200,1,1,530,,Book a massage with Massage by the Sea - RoseByrd Studio | Fort Bragg CA 95437,good,,2026-06-22T13:09:45+00:00
e9306bcb-31cd-4ae3-b9fa-b9fa9f37a5db,0,0,0,23,,,broken,connection failed,2026-06-22T13:09:45+00:00
e06a907d-1d70-49fe-a91f-62143bd1811e,200,1,0,631,,"Beyond The Bone Bodywork - Paula Ondov, Certified Massage Therapist",weak,,2026-06-22T13:09:45+00:00
b7dce877-7d13-4bb5-b0b4-69c20cff1ec1,200,1,1,378,Squarespace,"Hot Yoga, Pilates and Sculpt | Ritual Yoga &amp; Wellness",good,,2026-06-22T13:09:45+00:00
1d19833d-dbfc-4998-95a3-4c0d269ae715,0,0,0,15505,,,broken,connection failed,2026-06-22T13:09:45+00:00
4055fa20-b859-4af0-965c-c6a08c06e0b0,200,1,0,679,,,weak,,2026-06-22T13:09:45+00:00
f6463e72-2b91-4f92-a201-268e2953dc57,200,1,1,1879,WordPress,Michael Barron-Wike Architect AIA | Architectural Services,good,,2026-06-22T13:09:45+00:00
c6f39b32-92ec-4546-9139-aec2481cdbdc,200,1,1,182,WordPress,Premier Skincare & Wellness Spa | Dew Diligence Skincare & Aesthetics,good,,2026-06-22T13:09:45+00:00
9b16d8d9-e1eb-4c5a-b2a1-d907d0037e0f,0,0,0,39,,,broken,connection failed,2026-06-22T13:09:45+00:00
dd23ac57-902e-4f35-9977-f2bba2e7bed3,0,0,0,185,,,broken,connection failed,2026-06-22T13:09:45+00:00
9d557b29-e9cd-4fe2-bb23-0bf76c0f9abb,0,0,0,112,,,broken,connection failed,2026-06-22T13:09:45+00:00
44bbbfcf-bd50-49ad-91be-98bd06c0c45e,200,1,1,439,,La Playa Fort Bragg Ca,good,,2026-06-22T13:09:46+00:00
6e8184e0-28c0-43cb-a68e-84637439a494,200,1,1,549,Wix,Fiesta Mexicana Restaurants | Home,good,,2026-06-22T13:09:46+00:00
d302fafa-89c6-490d-9ad4-3639fb496c29,200,1,1,385,,Holiday Inn® by IHG Official Site | Book Reservations Direct,good,,2026-06-22T13:09:46+00:00
0f5c833a-b3b7-4ecb-8ebb-7d319b1db70f,404,1,0,751,,,broken,,2026-06-22T13:09:46+00:00
fad915a7-cf1d-44c6-97ba-2c9d8f563b34,0,0,0,102,,,broken,connection failed,2026-06-22T13:09:46+00:00
d844a9fc-082c-4a97-9650-d2c4ebba7456,200,1,1,204,GoDaddy,drjoevargas.com,good,,2026-06-22T13:09:46+00:00
1918bdf6-3dd8-4285-958f-d4b77a9210df,200,1,1,774,WordPress,American AgCredit | Your Future Grows Here,good,,2026-06-22T13:09:46+00:00
eb66b72d-3d6e-4e20-8ccc-c2fb10465f3a,200,1,1,370,,"Eye Doctor in Ukiah, CA | Clear View Optometric",good,,2026-06-22T13:09:46+00:00
53c12c7a-0930-4fef-b0bf-777269f8ae4e,200,1,1,260,WordPress,Best Orthodontist in Ukiah CA | Wow Smiles,good,,2026-06-22T13:09:46+00:00
f5a9bd66-97ee-468b-a46f-ef9964520fde,403,1,1,417,,Just a moment...,broken,,2026-06-22T13:09:46+00:00
0b2ebd97-4022-4b15-bdf9-b3fd7305e77d,200,1,1,291,,"Personal Injury Lawyer Woodland Hills, CA | G. Aldrich Law",good,,2026-06-22T13:09:47+00:00
96475cd5-0924-4720-acd7-07fa24737319,200,1,1,296,,"Ukiah Attorney | James & McMullen, LLP | (707) 468-9271",good,,2026-06-22T13:09:47+00:00
a17babb1-6a4f-4226-bee7-08a8f25ad9d7,200,1,1,260,,Termite Control on the Mendocino Coast | Mendo Lake Termite Control,good,,2026-06-22T13:09:47+00:00
40030aa8-d62f-4ea0-b14b-213785cb0560,403,1,1,185,,Just a moment...,broken,,2026-06-22T13:09:47+00:00
9d92364e-62fe-4f49-8cb4-6d7bd81bffa2,200,1,1,1081,,"Lori Schafer, OD - Ukiah, CA - Optometry",good,,2026-06-22T13:09:47+00:00
211bbd7c-ffff-4476-8ac2-d45f50668f68,0,0,0,37,,,broken,connection failed,2026-06-22T13:09:47+00:00
ff137b01-407a-4225-950a-dfa5df2232e0,200,1,1,970,,Wells Dental Quality Equipment for Dental Laboratories,good,,2026-06-22T13:09:47+00:00
f35a6474-1531-4be5-a6d5-4d548d9c4a67,200,1,1,306,,"PetVet at Tractor Supply Company | Ukiah, CA",good,,2026-06-22T13:09:47+00:00
d2d57688-0730-40ae-b272-b96fe918c007,404,1,1,133,,lasicilianawillits.com,broken,,2026-06-22T13:09:47+00:00
7b3d754f-f6b2-4f6c-abc5-06d9640c9e6d,200,1,1,342,,Home - KELSEYVILLE PIZZA,good,,2026-06-22T13:09:47+00:00
0d5b67f6-1555-4e63-b5c9-76174ed3c7cb,200,1,1,656,,Adventist Health Adventist Health Ukiah Valley - Physical Therapy - 271 Observatory Avenue,good,,2026-06-22T13:09:48+00:00
fd6db94d-f776-48d2-8262-b92247e2dd23,200,1,1,495,,"Papa Murphy&#39;s Pizza Takeout Restaurant Willits,CA",good,,2026-06-22T13:09:48+00:00
228c57d8-ed02-41fd-8215-25f932855915,200,1,1,110,WordPress,Terra Farm Kitchen | Mendocino Coast Pizza Restaurants,good,,2026-06-22T13:09:48+00:00
f43e5480-f117-4b4b-966a-4dd740f43f90,200,1,1,597,,"Papa Murphy&#39;s Pizza Takeout Restaurant Ukiah,CA",good,,2026-06-22T13:09:48+00:00
3f249bba-40c5-4d05-8261-5ec2b1d83fba,200,1,1,201,Squarespace,"Cramer Enterprises-Pump and Machinery Contractor serving Lake, Mendocino and Napa Counties",good,,2026-06-22T13:09:48+00:00
77c722d1-0081-4e2b-b248-ac3b8d651e57,404,1,1,1243,WordPress,Page not found - Mary&#039;s Pizza Shack,broken,,2026-06-22T13:09:48+00:00
dea16e6d-fa6b-43fb-a3c9-27f6a91ec300,200,1,1,239,,"Plumber in Ukiah, CA - 24/7 Plumbing Services | Roto-Rooter",good,,2026-06-22T13:09:49+00:00
237d1a1a-9831-42b9-a2a0-4277108a80a7,200,1,1,171,,"Septic Tank | Ukiah, CA | Silva Septic Inc.",good,,2026-06-22T13:09:49+00:00
4562cf65-09e1-4c57-9e44-9b0a72fea009,200,1,1,141,WordPress,Home - Superior Pump &amp; Drilling,good,,2026-06-22T13:09:49+00:00
91c207d4-e09e-493e-be02-a246355f5a1e,0,0,0,39,,,broken,connection failed,2026-06-22T13:09:49+00:00
49bbe61a-0908-4059-b7ce-325e3cc81e95,200,1,1,1167,WordPress,"Benjamin Franklin Plumbing | Plumber Lakeport, Ukiah, Clearlake, Willits &amp; Middletown CA",good,,2026-06-22T13:09:49+00:00
e65ba725-386e-4cfc-85ef-f2b7b871d510,200,1,1,1014,,"Plumber in Kelseyville, CA - 24/7 Plumbing Services | Roto-Rooter",good,,2026-06-22T13:09:50+00:00
d27fac3c-5803-45d1-a290-e2fbfb7889e4,200,1,1,556,,Sarita&#39;s Childcare,good,,2026-06-22T13:09:50+00:00
c5a6828f-ab55-4677-9476-fd95890ddee0,200,1,1,453,Squarespace,Mendocino County Farmers Market Association,good,,2026-06-22T13:09:50+00:00
3619a0b1-0cb8-4534-89e4-8207b537775c,200,1,1,11040,GoDaddy,Lewis Electric,weak,,2026-06-22T13:09:50+00:00
0bbcea96-0557-4b6f-a212-8275a4420019,0,0,0,15388,,,broken,connection failed,2026-06-22T13:09:50+00:00
461fe4f6-9980-4127-9475-e1f97e414db0,0,0,0,104,,,broken,connection failed,2026-06-22T13:09:50+00:00
8950eba8-7b54-4b40-a2a8-bd4b2d2a8d45,403,1,0,261,,ERROR: The request could not be satisfied,broken,,2026-06-22T13:09:50+00:00
2f63ac7b-ee74-4675-b35d-b55d000df0ab,0,0,0,114,,,broken,connection failed,2026-06-22T13:09:50+00:00
8dad83bb-b9e9-43a8-b9e2-c60c8cb464f2,200,0,0,156,,,weak,,2026-06-22T13:09:50+00:00
c81b31cf-e99c-4aa0-95d0-b0554c396a5e,200,1,1,826,GoDaddy,Juliet Taylor Homes,good,,2026-06-22T13:09:50+00:00
6f58f53c-e4d0-430b-9c9b-075210a66700,0,0,0,220,,,broken,"ssl: HTTPSConnectionPool(host='lorrie4realestate.net', port=443): Max retries exceeded with url: / (Cause",2026-06-22T13:09:51+00:00
c7de66b2-cf3e-4710-ac70-ff24091e10cb,200,1,1,491,GoDaddy,Homes for Sale - Jennperez,good,,2026-06-22T13:09:51+00:00
2384f9c9-190f-4b26-a587-e08dcae2e0db,200,1,1,931,,"Real Estate, Homes for Sale, Home Values, Agents and Advice | REMAX",good,,2026-06-22T13:09:51+00:00
aac065e6-bcfa-40c2-aabc-9826534b02ac,200,1,1,1203,Wix,Home | DST 1031 Connect,good,,2026-06-22T13:09:51+00:00
a8d38f45-a6ef-4f83-ba37-de1457667bdd,202,0,0,316,,,weak,,2026-06-22T13:09:51+00:00
a3506db4-aeaa-4f4d-a30f-e1780540823e,0,0,0,102,,,broken,connection failed,2026-06-22T13:09:51+00:00
3ef2c6b9-a2e6-464a-8d11-6f9c8024de98,200,1,1,202,WordPress,Fort Bragg Real Estate | Stephanie Berry,good,,2026-06-22T13:09:51+00:00
7cce8fa7-5d31-485b-9c9f-d79697f1baf1,200,1,1,6917,WordPress,"Commercial Property Maintenance | Sonoma County, CA",weak,,2026-06-22T13:09:51+00:00
92a855d0-475f-496c-9d5e-e91ca79e2ccc,0,0,0,15028,,,broken,timeout,2026-06-22T13:09:51+00:00
7d9f8b5c-01b8-4543-bdd9-0e3435870942,0,0,0,23,,,broken,connection failed,2026-06-22T13:09:51+00:00
51672f48-112f-44ea-9b13-0227c2615b29,0,0,0,15024,,,broken,timeout,2026-06-22T13:09:51+00:00
084e4d57-a193-4285-9dab-e712a9f9dc55,200,1,1,285,,"NutriBiotic | Shop High-Quality Vegan Protein, Supplements & Body Care",good,,2026-06-22T13:09:51+00:00
45633320-f74a-47d4-b7d2-d545ef7bd975,200,1,1,474,,"Jensen's Restaurant in Ukiah, CA 95482 - 707-462...",good,,2026-06-22T13:09:52+00:00
f5ca1719-f798-480c-b985-5e06e5131e39,200,1,1,359,WordPress,"Med Spa in Santa Rosa and Marin, CA | Morpheus",good,,2026-06-22T13:09:52+00:00
4f67917c-22a6-415f-ab0c-738ed686aa6a,200,1,1,676,,Inn at Schoolhouse Creek: Mendocino Coast Hotel in Little River CA,good,,2026-06-22T13:09:52+00:00
bce533f5-670f-47b0-ab07-c9f8e97969f4,202,1,0,366,,,weak,,2026-06-22T13:09:52+00:00
f87bc67d-38e4-4807-98bb-a0fba4b5facf,200,1,1,553,Squarespace,Zack&#39;s Catering,good,,2026-06-22T13:09:52+00:00
2f9f3e33-113b-45d9-8fcc-e49693fa2f95,200,1,1,1450,WordPress,Mayra A Benitez Jaimes,good,,2026-06-22T13:09:52+00:00
8ef9f62b-9628-448a-9271-56f71cfecf6a,403,1,1,187,,Just a moment...,broken,,2026-06-22T13:09:52+00:00
31ba3ca5-33e0-4469-a50c-4c25b0970019,200,0,0,281,,The Restaurant Fort Bragg California | Home,weak,,2026-06-22T13:09:52+00:00
7e900618-72f9-4cd4-a9fe-23076606f6a0,200,1,1,565,WordPress,Metal Roofing in Northern California - Metal Roof Company,good,,2026-06-22T13:09:52+00:00
3cf5236d-22c9-4302-bef3-e7f504d2db44,404,1,1,242,,Jack in the Box,broken,,2026-06-22T13:09:52+00:00
735c0939-bcaa-4dbd-80bd-63854c7c0a32,200,1,1,215,GoDaddy,Your Liberty Tax Office Has Changed,good,,2026-06-22T13:09:52+00:00
d1fd5565-ca47-4a12-ab78-6c0d80241b4a,200,1,1,140,,"Lakeport CA Tires & Auto Repair Shop | Carlton Cooper Tires, Inc.",good,,2026-06-22T13:09:53+00:00
783c6e02-ce3f-405b-985e-58f0b136e269,202,0,0,135,,,weak,,2026-06-22T13:09:53+00:00
2ba8f018-e49c-43aa-9a18-543fbe2c17c0,200,1,1,666,,Lazy Days,good,,2026-06-22T13:09:53+00:00
6a4335c8-b065-4740-8478-acf54a4c190b,200,1,1,571,,"Fort Bragg, CA Vacation Rentals, Cabins, Cottages | Vacasa",good,,2026-06-22T13:09:53+00:00
824dd894-e1d8-4778-92d4-7194b5efc88c,200,1,1,144,,Boutique Hotel in Fort Bragg | Holiday Inn Express Fort Bragg,good,,2026-06-22T13:09:53+00:00
0a91e4a0-8725-429b-833a-cf0c4a18d5be,200,1,1,138,,Boutique Hotel in Fort Bragg | Holiday Inn Express Fort Bragg,good,,2026-06-22T13:09:53+00:00
5abd0048-6f43-4372-805a-7dc8c3f6bb12,200,1,1,8502,GoDaddy,"Mindful Massage - Ukiah, California - Mykayla Quintana",weak,,2026-06-22T13:09:54+00:00
36e9f19f-1007-4bdc-82d8-9e7593256fe3,202,1,0,266,,,weak,,2026-06-22T13:09:54+00:00
04a01a35-cad0-402c-be2a-c56ddea29a97,200,1,1,1610,WordPress,OCO TIME &amp; IT&#039;S TIME &#8211; It&#039;s Time for Oco Time. Eat a piece for peace.,good,,2026-06-22T13:09:54+00:00
c7d16c38-a302-438b-99a3-8611279a5989,200,1,1,1339,WordPress,"Vacation Rentals in Fort Bragg &amp; Mendocino, CA | Pacific Blue",good,,2026-06-22T13:09:54+00:00
6975230b-cc8f-40f6-beb1-de0925d5031a,200,1,1,379,GoDaddy,Shambhala Ranch – Venue for Retreats &amp; Vacation Rentals,good,,2026-06-22T13:09:54+00:00
fdac174b-b05f-40f5-bcb2-1e765161f5a6,200,1,1,250,Squarespace,The Land - Retreat Center California,good,,2026-06-22T13:09:54+00:00
7573f76e-b341-418c-b130-8bab83fe6c3c,0,0,0,75,,,broken,connection failed,2026-06-22T13:09:54+00:00
3d8048a9-feb2-483c-802d-a14afd15cfa1,200,1,1,201,GoDaddy,McFaddenStudios.com is for sale | HugeDomains,good,,2026-06-22T13:09:54+00:00
04c7bb3d-94b6-4d84-a20d-7616135afb34,200,1,1,8382,GoDaddy,"Julia Richardson, Broker Associate Gold Associates",weak,,2026-06-22T13:09:54+00:00
ccd2744b-d3fb-4c66-8213-0b26ea1246bb,0,0,0,101,,,broken,"ssl: HTTPSConnectionPool(host='www.wattlecreek.com', port=443): Max retries exceeded with url: / (Caused ",2026-06-22T13:09:54+00:00
0c93ec23-f701-4438-a184-024dc5252ce5,200,1,1,3430,WordPress,Mendocino Realtor - Buy a Home or Sell your Home with Scott Roat,good,,2026-06-22T13:09:54+00:00
c8b70047-1bea-41f7-b870-e02a2dc94dfa,200,1,1,202,GoDaddy,Cesar Toxqui Cellars - Cesar Toxqui Cellars,good,,2026-06-22T13:09:54+00:00
bb0ed5aa-f7e5-4e8c-9979-8707d4960622,202,1,0,411,,,weak,,2026-06-22T13:09:54+00:00
8a0cc2fa-f919-4f03-8f05-f82a622f6e6e,200,1,1,1173,WordPress,Sonoma Coast Villa • Premium Boutique Hotel,good,,2026-06-22T13:09:55+00:00
29b0e207-176c-4dc4-9ce8-2f58f404ef2a,200,1,1,466,Squarespace,Frey Vineyards,good,,2026-06-22T13:09:55+00:00
42785700-333d-4019-a934-78dc54d9dca2,200,1,1,236,Squarespace,Graziano Family of Wines,good,,2026-06-22T13:09:55+00:00
ae57ce4e-400f-4d09-bcc7-f0aa32a826ed,200,0,1,1181,,,weak,,2026-06-22T13:09:55+00:00
2c2b482f-10c7-41e1-b9f5-2e72e5b74f8b,0,0,0,104,,,broken,connection failed,2026-06-22T13:09:55+00:00
284cfd31-97e6-4840-ac39-a7c36cf25c06,200,1,1,1206,WordPress,Home - BinkWines,good,,2026-06-22T13:09:55+00:00
201ab697-b3b8-4ca8-8ce6-21ab9e5460b9,200,1,1,264,GoDaddy,Mendocino Wine Company,good,,2026-06-22T13:09:55+00:00
7e4f01b9-476c-4b9b-853c-03940003f113,0,0,0,7,,,broken,connection failed,2026-06-22T13:09:55+00:00
419d7adb-ad74-4118-af7a-956da9ca952e,403,1,1,138,,Just a moment...,broken,,2026-06-22T13:09:55+00:00
2c09dbd3-51d8-4fdd-ac61-65dfe5c3a890,200,1,1,394,Squarespace,The Bewildered Pig,good,,2026-06-22T13:09:56+00:00
cf9c2727-4cf3-4562-b13f-a0f0d879f1a5,200,1,1,584,,"Taste of Nepal | Best Nepali & Indian Restaurant in Ukiah, CA | Order Online",good,,2026-06-22T13:09:56+00:00
28b6cca1-8898-431f-b64c-1b192ba31e87,200,1,1,323,,"Auto Body &amp; Collision Repair Shop | CARSTAR Kreations Auto Body - Willits, Willits, CA",good,,2026-06-22T13:09:56+00:00
f6d1a410-6f29-4da3-955e-f1025b5b7622,200,1,1,2871,WordPress,Lake County Arts Council - Providing a professional venue for the creative arts and community events.,good,,2026-06-22T13:09:56+00:00
ec8a93c6-8993-4fac-9cc6-d1217e0014a2,200,1,1,277,,Auto Body &amp; Collision Repair Shops in CA | CARSTAR,good,,2026-06-22T13:09:56+00:00
30f7c35e-a582-40e1-b6ff-6b79f7ea48fc,200,1,1,391,,Auto Body &amp; Collision Repair Shops in CA | CARSTAR,good,,2026-06-22T13:09:56+00:00
cc8ca33d-d3cb-4e00-89ee-43e2c3006856,0,0,0,110,,,broken,connection failed,2026-06-22T13:09:56+00:00
8f1f9414-d613-46b1-9df9-8bc941243bdf,202,1,0,222,,,weak,,2026-06-22T13:09:57+00:00
365f7fa5-8ddf-4611-b373-f4c256e46652,200,1,1,424,,Laytonville Auto Parts - Auto Value | Laytonville,good,,2026-06-22T13:09:57+00:00
22fe790e-42e7-4691-992c-36c04b1e0038,0,0,0,107,,,broken,connection failed,2026-06-22T13:09:57+00:00
c1c8d6b2-5850-44e4-a992-bd335f5b8d67,200,1,1,269,Wix,THE BRICKERY | Café Beaujolais,good,,2026-06-22T13:09:57+00:00
2467f177-fc60-4f8c-acc1-c3484ada4b00,200,1,1,151,Webflow,"The Chief&amp;#39;s Smokehouse, Restaurant, 44400 Highway 101",good,,2026-06-22T13:09:57+00:00
b84717df-7605-4318-b465-1a6b4c391378,200,1,0,1050,,"Mazda Dealership in Ukiah, CA | Ken Fowler Mazda",weak,,2026-06-22T13:09:57+00:00
c9f1126d-096e-4637-8b48-9a93affc6094,404,1,0,2064,,,broken,,2026-06-22T13:09:57+00:00
a5fdc007-f473-4231-8856-1f3027cb7a69,200,1,1,176,WordPress,Home - zenmassageca.com,good,,2026-06-22T13:09:57+00:00
9e2fbb2d-2d84-478f-98c4-098c725d55b4,200,1,1,192,WordPress,SCP Mendocino Inn and Farm | Mendocino Hotel,good,,2026-06-22T13:09:58+00:00
18e2c98a-2a71-476f-b5af-d8753f92a5c5,200,1,1,5836,WordPress,Best Roofing Company in Mendocino County | Dunlap Roofing,weak,,2026-06-22T13:09:58+00:00
c0d0d845-db8e-48b5-9154-2d7c898a162d,200,1,1,451,WordPress,Mendocino Inn :: Lush Gardens &amp; Cozy Rooms,good,,2026-06-22T13:09:58+00:00
9fb7b2f8-11b3-49bf-a1e3-3409b835af6e,202,1,0,384,,,weak,,2026-06-22T13:09:58+00:00
c29b9b46-e1ac-4663-bfcf-4d512413510f,0,0,0,39,,,broken,connection failed,2026-06-22T13:09:58+00:00
e7620c40-1527-4fe9-ac66-62a107005561,200,1,1,3288,WordPress,Lula Cellars - Pinot Noir from the Anderson Valley,good,,2026-06-22T13:09:58+00:00
f97c7420-1673-4678-ae82-ee1e5fc96e3e,200,1,1,438,,California | Locations | Denny&#x27;s,good,,2026-06-22T13:09:58+00:00
97a4be50-da8c-4e5f-a7a4-2df86cf13b16,0,0,0,118,,,broken,connection failed,2026-06-22T13:09:58+00:00
9541ba1a-23a9-4ca6-a692-12b494bbb379,403,1,1,265,,Just a moment...,broken,,2026-06-22T13:09:58+00:00
5b28e430-bb5d-49a0-aa8b-75fa38b41e60,200,1,0,481,,"Carpet &amp; Flooring Store in Ukiah, CA | Carpet One Floor &amp; Home Ukiah",weak,,2026-06-22T13:09:58+00:00
f752094c-1f0c-4fd6-8fff-0ade25a84720,200,1,1,304,Wix,House of Venus | Shop,good,,2026-06-22T13:09:59+00:00
6a2b257a-8e7b-4030-bcc1-04ab093d3541,0,0,0,15124,,,broken,connection failed,2026-06-22T13:09:59+00:00
3c747ab5-92c5-4274-bac4-9dd933ba433e,200,1,1,482,Squarespace,Little Wild Things,good,,2026-06-22T13:09:59+00:00
5d84be4f-9d8d-4127-bc59-787d934a5f8f,0,0,0,30,,,broken,connection failed,2026-06-22T13:09:59+00:00
689c15d9-dda2-4aee-a778-04a9e16f1b8d,404,1,1,436,Squarespace,THATCHER HOTEL,broken,,2026-06-22T13:09:59+00:00
454f53c9-7b0c-4c1f-9495-b767262c38ae,200,1,1,268,,Ecology Action: Home,good,,2026-06-22T13:09:59+00:00
5ef4bb7f-f005-4084-b072-9ea593e19af1,200,1,1,500,Weebly,,good,,2026-06-22T13:09:59+00:00
2a83bba5-a7d5-4601-b400-9dc0f04400dd,200,1,1,344,Wix,Go Sun Dental Lakeport | GO Sun Dental | United States,good,,2026-06-22T13:09:59+00:00
d3f9cb7f-a2ff-4228-9d43-e44f37aab096,200,1,1,322,,UPS Locations in California,good,,2026-06-22T13:09:59+00:00
6178e419-f56f-465b-bdb8-59fa8f50c0a1,200,1,1,348,,UPS Authorized Shipping Provider in MATSON BUILDING MATERIALS at 22601 N HIGHWAY 1,good,,2026-06-22T13:09:59+00:00
537c42ff-163f-4282-a180-a825ae1a7071,200,1,0,2528,,,weak,,2026-06-22T13:09:59+00:00
bb3f5596-1a68-48df-b7f2-7ee2f2bb79c8,200,1,1,1935,,Home - The Inn at Buckhorn Cove - Mendocino County,good,,2026-06-22T13:10:00+00:00
12d6a115-0506-4071-a825-ecbdf186e8a5,200,1,1,189,WordPress,Corner Bit Excavation | Northern California | 707-354-0120,good,,2026-06-22T13:10:00+00:00
bb75adef-7561-4c93-9b5b-bfd188083f36,200,1,1,432,,"Dr. Steven Boettger, DDS - 10 Reviews - Ukiah, CA | Healthgrades",good,,2026-06-22T13:10:00+00:00
8e206701-b38b-43f1-a1bf-263223fe55ae,200,1,1,377,Wix,Home | Mehls Electric Inc,good,,2026-06-22T13:10:00+00:00
1fca7cda-16a1-472a-99cb-64918bb99b77,200,1,1,253,,"Flooring Company | Lakeport, CA | Premier Flooring",good,,2026-06-22T13:10:00+00:00
76f0c166-66e8-4b1b-baf5-9c83b04647f9,200,1,1,293,,Ordering,good,,2026-06-22T13:10:00+00:00
a5fe2260-ef87-43f5-aa4d-c0870e6d8bc1,200,1,1,332,,Alder Springs,good,,2026-06-22T13:10:00+00:00
a73fe1a2-8798-41f1-82f2-eb5cfc246474,0,0,0,47,,,broken,connection failed,2026-06-22T13:10:00+00:00
e25628dd-fe6f-4432-a74d-aa5e76648d69,200,1,1,439,Squarespace,Artists&#39; Collective in Elk,good,,2026-06-22T13:10:00+00:00
4bec84fb-d80a-4d51-a9b1-1029798d4102,200,1,1,195,WordPress,North Coast Brewing Company - Independent Since 1988,good,,2026-06-22T13:10:00+00:00
42164c2a-e6fd-4d57-89c1-208fb419040b,200,1,1,313,WordPress,Home - Gourmet Jams and Jellies in Mendocino California,good,,2026-06-22T13:10:00+00:00
8d229f53-3311-47b1-936b-36358417f46c,0,0,0,107,,,broken,connection failed,2026-06-22T13:10:00+00:00
4bf46683-2e49-48ff-b161-637056533063,200,1,1,226,,Healthy Habits®,good,,2026-06-22T13:10:00+00:00
23f9245d-2f18-4822-946b-3c545021653e,200,0,0,244,,,weak,,2026-06-22T13:10:01+00:00
dccb66d4-c8e7-4f61-82af-a8b8238ac900,404,1,1,1511,GoDaddy,Page not found - Mendocino Massage,broken,,2026-06-22T13:10:01+00:00
026f8afe-d121-441a-a9bf-085000d4d646,200,1,1,548,,404 Page Not Found - Airbnb,good,,2026-06-22T13:10:01+00:00
ead994e8-54f6-4a7c-98a7-8ae22da53dd9,200,1,1,380,Squarespace,Unique Mendocino Wedding Venues | Spring Ranch Mendocino,good,,2026-06-22T13:10:01+00:00
798e9bac-9a06-429e-93df-7b318140b1ed,200,1,1,1127,,"Mendocino Hotel & Garden Suites - BEST RATES at our Mendocino, CA Hotel",good,,2026-06-22T13:10:01+00:00
f2ddb309-8203-46fb-94ac-d147dd2ad239,200,1,1,624,,Anderson Valley Inn: Wine Country Lodging in Philo California,good,,2026-06-22T13:10:01+00:00
d6bb140e-7afb-4083-a753-deb1064a5cb3,403,1,1,141,,Access denied | a1alarmandlock.com used Cloudflare to restrict access | a1alarmandlock.com | Cloudflare,broken,,2026-06-22T13:10:01+00:00
f5477225-5ea7-4275-b0a8-ecf4ecd82fe6,200,1,1,244,,"Super 8 by Wyndham Fort Bragg | Fort Bragg, CA Hotels",good,,2026-06-22T13:10:01+00:00
149b332c-392e-4316-a47a-c589b9262eb1,200,1,1,206,,Key Copy and Locksmith Services Ukiah CA | 350 N Orchard Ave | Minute Key,good,,2026-06-22T13:10:01+00:00
4cc9cf79-9544-456a-b391-4945148ec1d5,200,0,1,197,,,weak,,2026-06-22T13:10:01+00:00
80e542d5-4eed-485f-8110-681b49e8ea5f,0,0,0,10009,,,broken,connection failed,2026-06-22T13:10:01+00:00
fb09e4cd-8cac-4a79-8fcb-8f9549de23e6,200,1,1,442,,Wyndham Hotels - Discover &amp; Book Worldwide,good,,2026-06-22T13:10:01+00:00
5a87bb90-0d70-4bc8-9a10-79ed55b35d83,200,1,1,4288,WordPress,"Home - BLOOM - Be. Heal.Grow - Spa in Mendocino, CA",weak,,2026-06-22T13:10:01+00:00
509ce145-12fd-4032-8a8b-199136975352,0,0,0,102,,,broken,connection failed,2026-06-22T13:10:01+00:00
f6c3ab4c-7201-4a63-b238-2e71ac0afa4c,200,1,0,497,,"Beyond The Bone Bodywork - Paula Ondov, Certified Massage Therapist",weak,,2026-06-22T13:10:02+00:00
5946ea64-14de-4ea2-8b53-08bd8896c6ae,200,1,1,159,GoDaddy,"Julia Richardson, Broker Associate Gold Associates",good,,2026-06-22T13:10:02+00:00
1232816c-f355-4ec0-afc8-0751cbee4d71,200,0,1,224,Squarespace,Magruder Ranch,weak,,2026-06-22T13:10:02+00:00
d4b360a8-ba7a-415c-9865-45ec9c4d0a33,200,1,1,1163,,"Upper Lake Inn and Suites - Top Ranked Hotel in Upper Lake, CA",good,,2026-06-22T13:10:02+00:00
3723203f-b5dc-413d-bad6-2d43db16782c,403,1,1,144,,Just a moment...,broken,,2026-06-22T13:10:02+00:00
582636ca-7a1a-4a6d-985a-d1483a0ca0ae,0,0,0,15081,,,broken,connection failed,2026-06-22T13:10:02+00:00
963e590f-d0a4-451c-9e97-40ae352c7fa7,200,1,1,229,WordPress,AAA Organized Plumbing | Plumber in Ukiah &amp; Northern California,good,,2026-06-22T13:10:02+00:00
ed4664ac-985d-40e0-877e-ea8b179ef2c0,200,1,1,1136,,Home | piratescove,good,,2026-06-22T13:10:02+00:00
90b62efe-9ccf-4aad-b761-4930952a05a2,200,1,1,901,,Akin’s Aussies &amp; Wild Rose Ranch,good,,2026-06-22T13:10:02+00:00
93c9b91b-c75e-44e0-a616-c62f8e1c8fe5,200,1,1,252,,"Plumber in Kelseyville, CA - 24/7 Plumbing Services | Roto-Rooter",good,,2026-06-22T13:10:03+00:00
44db848c-6641-4a47-86e1-d63e3452817d,200,1,1,141,,"Plumber in Ukiah, CA - 24/7 Plumbing Services | Roto-Rooter",good,,2026-06-22T13:10:03+00:00
69470290-2725-4010-ac59-b8ead228c7fa,200,1,1,637,,Adventist Health Ukiah Valley,good,,2026-06-22T13:10:03+00:00
da01d2a3-c75f-4dcf-8997-35c9d4afc7d7,200,1,1,116,,"Roto-Rooter® | Plumbing, Drains &amp; Water Cleanup",good,,2026-06-22T13:10:03+00:00
ac818052-6b25-43f0-b894-fcc52b238d42,404,1,1,731,WordPress,Page not found | Good Neighbor Pharmacy,broken,,2026-06-22T13:10:03+00:00
25b49b4e-43e0-4649-8313-928a79dc73bb,200,0,1,1383,Squarespace,LIVE DRAW HK LOTTO | DATA KELUARAN HK LOTTO | PENGELUARAN HONGKONG,weak,,2026-06-22T13:10:03+00:00
ac5221f3-d976-452e-af69-b39b750a5563,0,0,0,103,,,broken,connection failed,2026-06-22T13:10:03+00:00
aa075766-4ecc-4dde-bdb2-66a18a846a6d,200,1,1,109,GoDaddy,"Welcome to Noble Realty | Located in Upper Lake, California",good,,2026-06-22T13:10:03+00:00
61fabcfa-3a51-400e-98d1-6c82e8c57910,403,0,1,214,,Just a moment...,broken,,2026-06-22T13:10:03+00:00
cbd8686b-a96e-4c33-ab68-7fe3eb5ea224,200,1,1,181,WordPress,Mendocino Realtor - Buy a Home or Sell your Home with Scott Roat,good,,2026-06-22T13:10:03+00:00
ee424a9f-96fa-4523-842e-46756d8dc5e5,200,1,1,366,WordPress,Visit Fort Bragg On The Coast In Mendocino County,good,,2026-06-22T13:10:03+00:00
2d6de87a-8e5d-4f1c-b937-cc2ca304f221,202,1,0,168,,,weak,,2026-06-22T13:10:03+00:00
bd475ee9-a8a0-4548-8707-624c73896b40,202,1,0,255,,,weak,,2026-06-22T13:10:03+00:00
76fc006d-7e9e-4957-b977-7a61cd7437a4,202,1,0,227,,,weak,,2026-06-22T13:10:03+00:00
62a08da3-3efa-4dd3-a44c-6122bbeed4d3,403,1,1,118,,Just a moment...,broken,,2026-06-22T13:10:03+00:00
5ac63de7-b1ad-4261-87b2-071db4c2f78e,200,1,1,188,Webflow,"Chad&amp;#39;s Fish and Chips, Seafood Restaurant, 1661 S Main St",good,,2026-06-22T13:10:03+00:00
c3250e43-f77b-4f56-9cea-98578bf70966,0,0,0,103,,,broken,connection failed,2026-06-22T13:10:03+00:00
7fa1f2d2-37d4-441d-87a7-731ee36dbd95,0,0,0,113,,,broken,connection failed,2026-06-22T13:10:03+00:00
2998a7fe-c3c8-4c43-ac3a-970cd1b102f7,0,0,0,67,,,broken,connection failed,2026-06-22T13:10:03+00:00
ac468297-cf2f-4376-b06c-20bb4712b043,200,1,1,56,,"Lakeport CA Tires & Auto Repair Shop | Carlton Cooper Tires, Inc.",good,,2026-06-22T13:10:03+00:00
db3753bf-6955-431e-bcd0-d3f8cf870204,200,1,1,118,,"Lakeport CA Tires & Auto Repair Shop | Carlton Cooper Tires, Inc.",good,,2026-06-22T13:10:03+00:00
6c3d4b4c-f717-411a-8e7e-b3a6af58b6ec,200,0,0,205,,"CBS Tax Service | UKIAH, CA 95482",weak,,2026-06-22T13:10:03+00:00
56634da9-b955-4440-a228-cba1f8fbd75d,202,0,0,185,,,weak,,2026-06-22T13:10:04+00:00
98ebee3f-9a4d-4ca0-a8b1-f66e7926c084,0,0,0,101,,,broken,connection failed,2026-06-22T13:10:04+00:00
3e130e24-cc00-4d4d-af76-15c743161bd9,0,0,0,10014,,,broken,connection failed,2026-06-22T13:10:04+00:00
9631bb34-9607-4838-86d9-5dba1ae1b119,200,1,1,680,,Find Tire Stores Near You | Nearby Tire Shop - Les Schwab,good,,2026-06-22T13:10:04+00:00
9fb004b5-ce18-4116-878f-70bb5c5cd8ba,200,1,1,518,WordPress,Breakfast @ Ravens Restaurant | the Stanford Inn Mendocino Hotel &amp; Resort,good,,2026-06-22T13:10:04+00:00
d3b0ef74-d80e-4d96-a96b-f66a248cc011,200,1,1,247,Squarespace,Community Center of Mendocino,good,,2026-06-22T13:10:04+00:00
a86ca0c6-b8ee-4f40-ba38-ea961e4725c2,200,1,0,1725,,多宝·duobao官方网站-登录入口,weak,,2026-06-22T13:10:04+00:00
4676731e-da46-4e1d-9fdd-0af92fab09a2,200,1,1,939,,"Mendocino Vacation Rentals, House Rentals, Cabin Rentals | Vacasa",good,,2026-06-22T13:10:04+00:00
195c4b68-fa27-4f8f-a745-3804b87ec1fe,200,1,1,3173,WordPress,"Cassie Troup, Branch Manager, NMLS ID #1224522",good,,2026-06-22T13:10:05+00:00
c1435906-3fac-4980-9887-6204d8bed6ed,200,1,1,467,Wix,"Ukiah Large Animal Veterinarian | Dr. Rich Brazil, DVM",good,,2026-06-22T13:10:05+00:00
f7014b3f-8fc8-4ccf-b81e-2f1090e3be6f,200,0,0,435,,Redirecting...,weak,,2026-06-22T13:10:05+00:00
6153c757-b6f5-430b-b115-f9e5e4bcc120,0,0,0,520,,,broken,"ssl: HTTPSConnectionPool(host='twiningpastures.com', port=443): Max retries exceeded with url: / (Caused ",2026-06-22T13:10:05+00:00
084e963f-958c-4059-8622-fe846db2ce78,404,1,1,2221,WordPress,Page not found &#8211; DFF/Monolith,broken,,2026-06-22T13:10:05+00:00
23857937-3d72-4469-bc3e-62509637adec,200,1,1,2251,WordPress,Mar-Val Food Stores | The Official Site of Mar-Val Food Stores,good,,2026-06-22T13:10:05+00:00
cd9fb47a-a4cc-47f8-99b7-4ad9617aa7f8,404,0,0,207,,,broken,,2026-06-22T13:10:05+00:00
f21a1848-2700-412c-b01b-428f9b6bb887,200,1,1,1055,GoDaddy,Shambhala Ranch – Venue for Retreats &amp; Vacation Rentals,good,,2026-06-22T13:10:05+00:00
9cb6af3e-6850-4819-aa0b-58482e39ce0e,200,1,1,216,Squarespace,Frey Vineyards,good,,2026-06-22T13:10:05+00:00
80b21239-0789-4a8c-aafb-5263791822d5,0,0,0,42,,,broken,connection failed,2026-06-22T13:10:05+00:00
15d02a5f-9723-41ee-91c9-5cda239e7d87,429,0,1,247,,Just a moment...,broken,,2026-06-22T13:10:05+00:00
cb736bc4-7f12-4725-8280-2b31dc72e6d4,200,1,1,654,WordPress,"Natural Wine Tasting | Artevino Winery - Yorkville, CA",good,,2026-06-22T13:10:05+00:00
302ba4c0-c974-4b1b-b7ed-13f8d78ba9ac,200,1,1,88,,Online Booking,good,,2026-06-22T13:10:05+00:00
1b6f6fe3-859d-4fbb-a48b-1be6b0d2ce67,200,1,1,635,,Drew,good,,2026-06-22T13:10:06+00:00
443cf634-6a76-4958-8575-ca0626ab088d,404,0,1,334,WordPress,Flywheel - Unknown Domain,broken,,2026-06-22T13:10:06+00:00
e3d5d899-c922-4b08-994b-e7afd29f96fc,200,1,1,549,,"Elizabeth Sparkling Services LLC — Lake County, CA",good,,2026-06-22T13:10:06+00:00
82f1b164-82a1-426a-8b5d-06374559dd3b,200,1,1,840,WordPress,McNab Ridge Winery &#8211; Mendocino County Wines,good,,2026-06-22T13:10:06+00:00
5ad89cd5-df2e-4a31-af86-509cc169c3b4,200,1,1,176,WordPress,LuongSonTV xem bóng đá trực tiếp hôm nay tại LuongSon TV,good,,2026-06-22T13:10:06+00:00
55466d0d-84f4-4576-907a-0e9fcfdcb52a,200,0,0,124,,,weak,,2026-06-22T13:10:06+00:00
806b6ddc-799e-40c3-a4e2-bcb7f444592c,200,0,0,166,,Paramount Sign Contractors,weak,,2026-06-22T13:10:06+00:00
c8172f43-f213-4891-bdd4-f8284466ccc9,200,1,1,380,Squarespace,Flourish &amp; Flow Mendo,good,,2026-06-22T13:10:06+00:00
0a6a914a-8534-453a-bf85-a73829ba219b,200,1,1,313,GoDaddy,"Cannabis Remediation, Pasteurization &amp; Decontamination - CanRemediate",good,,2026-06-22T13:10:07+00:00
d1eae2d6-98ab-4a17-b9ff-33ec566baee9,200,1,1,650,,PayPal.Me,good,,2026-06-22T13:10:07+00:00
452084d7-44a4-42e7-861f-6f6ee29cc031,200,1,1,1742,WordPress,Coffee Connection &#8211; Texas City,good,,2026-06-22T13:10:07+00:00
147fb4a1-7727-4542-9840-a86aa3e61f7c,200,1,1,686,,Lake County Baseball Club > Home,good,,2026-06-22T13:10:07+00:00
6e05bee7-4602-4097-9d08-cef34f7831a7,200,1,1,3121,WordPress,Mobile Veterinary Care Serving Fort Bragg and Surrounding Areas,good,,2026-06-22T13:10:07+00:00
74f1c980-6bbe-4f39-b927-49f73169b752,200,1,1,3531,WordPress,HOME - Chacewater Winery &amp; Olive Mill,good,,2026-06-22T13:10:08+00:00
e48cfe04-d04e-4562-92ef-251a3933283d,200,1,1,960,,"Shop Cameras, Lenses &amp; Photography Gear Online | Henry&#x27;s - Canada&#x27;s Camera Store | Henry&#x27;s",good,,2026-06-22T13:10:09+00:00
dc89a563-092a-4735-84ea-8e2ccdf5a79b,0,0,0,15235,,,broken,connection failed,2026-06-22T13:10:10+00:00
2d420d07-51b0-4f15-97bb-0de1afc031d3,200,0,0,120,,Custom Motorcycles in the San Francisco Bay Area,weak,,2026-06-22T13:10:10+00:00
2517519d-193b-4012-8159-7b49b2594f98,200,1,1,503,,"Appliance Repair | Willits, CA | 707-459-5223",good,,2026-06-22T13:10:10+00:00
8b1659cb-ae48-4c19-8540-861ad458a8d7,0,0,0,51,,,broken,connection failed,2026-06-22T13:10:10+00:00
0cc80546-0886-422a-973e-434dc9fc7471,200,1,1,2503,Wix,Home | Landrace Farm,good,,2026-06-22T13:10:10+00:00
c721419d-dd4b-4ffc-a46a-b9e871b81a2e,200,1,1,3240,WordPress,Jack and Noel&#039;s &#8211; Holiday Garden,good,,2026-06-22T13:10:10+00:00
a2bbb1ab-5cdc-458b-a62e-2a5b42077c89,200,1,1,275,,Coast Highway Art Collective,good,,2026-06-22T13:10:11+00:00
2fecee81-4eee-4d18-801d-88a812027b56,0,0,0,101,,,broken,connection failed,2026-06-22T13:10:11+00:00
deff0944-b1b9-43bf-952e-3331c222a43a,200,1,1,691,Weebly,Artists' Co-op of Mendocino,good,,2026-06-22T13:10:11+00:00
d4ba84d7-d7ac-4229-a344-9fde2ae6ee88,200,1,1,853,Weebly,Artists' Co-op of Mendocino,good,,2026-06-22T13:10:11+00:00
800f2e70-20e0-4f9d-8657-e632f0b452ab,200,1,1,259,Squarespace,MEDIUM Art Center,good,,2026-06-22T13:10:11+00:00
138f7990-3279-44b9-b921-3bfda953af5d,200,1,1,1150,Wix,Home | WHAT A GOOD IDEA Brent Klopfer,good,,2026-06-22T13:10:11+00:00
138ea32e-1e30-477d-99d1-32d8c1022723,0,0,0,116,,,broken,connection failed,2026-06-22T13:10:11+00:00
cbb2e72a-560e-4c80-ad3e-44f02828aaf3,200,1,1,717,GoDaddy,"Home - Lansing Street Gallery - Art Gallery Mendocino, CA",good,,2026-06-22T13:10:11+00:00
e61cfb24-a402-413c-9d81-0a7c7b436de1,200,1,1,724,Shopify,MCPGG &ndash; MCPGG-Mendocino Coast Photographers Gallery,good,,2026-06-22T13:10:12+00:00
64a0d7f5-e673-4ad7-b8e5-01cb69a7bb81,200,1,1,492,,Home,good,,2026-06-22T13:10:12+00:00
8806bd86-ad0c-4a5d-b3dd-0f8ee0c8f258,200,1,1,5126,WordPress,Donate &#8211; Coast Life Support District,weak,,2026-06-22T13:10:12+00:00
e4ed7b56-2b19-44af-96f3-4447dec69194,200,1,1,982,Shopify,Prentice Gallery Fine Art Custom Picture Framing Main Street Mendocino,good,,2026-06-22T13:10:12+00:00
0190f20f-6a79-4f4b-881f-aec02b284ba0,200,1,0,581,,,weak,,2026-06-22T13:10:12+00:00
7267cbba-34ef-4c87-824e-3b4b3aae2092,200,1,1,521,,Home | Country Quilts and Crafts,good,,2026-06-22T13:10:12+00:00
eba715c7-7314-4366-bc5d-6d2183413280,200,1,1,342,Squarespace,ALEXIS MOYER | Explore Unique Art &amp; Pottery – Shop Now,good,,2026-06-22T13:10:12+00:00
172193df-9c6b-4cc1-a3e5-183a2cd4c4dd,200,1,1,363,GoDaddy,Buy spunkyskunkfortbragg.com – Premium Expired .com Domain on GoDaddy | ExpiredDomains.com,good,,2026-06-22T13:10:12+00:00
a0d23482-3aed-4855-bdbe-fc72a1484adc,200,1,1,192,GoDaddy,Auto Glass Ortiz,good,,2026-06-22T13:10:12+00:00
694d0bfb-f2c9-4526-a3c7-11b12043d3f8,0,0,0,116,,,broken,connection failed,2026-06-22T13:10:12+00:00
c5b7995d-ed85-454c-a363-c76c96ad3572,0,0,0,324,,,broken,connection failed,2026-06-22T13:10:13+00:00
882969c7-bce9-4543-9d14-d04568260a6a,202,0,0,237,,,weak,,2026-06-22T13:10:13+00:00
addc47d6-c043-41ef-9432-e7b97156a0cd,200,0,1,560,Squarespace,Boonville Bike Works,weak,,2026-06-22T13:10:13+00:00
2960cb16-1e1b-4d49-a15c-80b14e510e21,200,1,1,418,WordPress,"Disney's Boat Rentals | Clear Lake Boat Rental in Lakeport, CA",good,,2026-06-22T13:10:13+00:00
bf711f5f-50e7-4a1a-9ec3-93e83a6b029c,200,1,1,299,Webflow,"Wedding &amp;amp; Bridal in Ukiah, CA - Mendocino County - Hubbiz Jun 2026",good,,2026-06-22T13:10:13+00:00
3c4d2dfb-841e-4ed8-9322-b4a27428d5fd,200,1,1,947,Shopify,"Astrology, Tarot, Dreamwork - Kama Loka",good,,2026-06-22T13:10:14+00:00
185d5279-429f-496a-8aab-3889fea1b42b,0,0,0,15026,,,broken,timeout,2026-06-22T13:10:14+00:00
cf3cbc08-bdda-4570-9b58-b8eb1a26616d,0,0,0,41,,,broken,connection failed,2026-06-22T13:10:14+00:00
0c86e25d-dbf0-41a4-8114-1a4c2a52912c,200,0,1,1633,WordPress,Noyo Harbor Tours &#8211; NOYOHARBORTOURS.COM,weak,,2026-06-22T13:10:14+00:00
51727db8-331b-4584-8463-5f906cf88bcc,200,1,1,2180,WordPress,Malley&#039;s Rallys,good,,2026-06-22T13:10:14+00:00
6d7e11cb-6bfa-42cf-85cc-517b0df29064,200,1,1,240,,"Fencing | Olenik Fence Company | Willits, California",good,,2026-06-22T13:10:14+00:00
170245e6-c2f6-4320-b765-598bffb36a69,0,0,0,25123,,,broken,connection failed,2026-06-22T13:10:15+00:00
7019ff02-1b2f-4cd3-a707-53590f6d8a57,200,1,1,828,WordPress,"Daniel Steel and Machine, Inc. | Steel Fabrication and Bridge Building",good,,2026-06-22T13:10:15+00:00
8801930c-39da-4eae-b8b5-a9284c3ee561,200,0,1,387,,John's Meat Market - Voted NJ's best butcher,weak,,2026-06-22T13:10:15+00:00
7e1fb439-867a-4647-9f8e-9efc3fd21839,200,0,1,556,,,weak,,2026-06-22T13:10:15+00:00
418c63b2-f871-4be2-ac19-257367ed1fc3,200,1,1,518,,Donate,good,,2026-06-22T13:10:16+00:00
59fa1abd-20f2-4878-9db6-d89585610a1c,200,1,1,1131,GoDaddy,Buy creeksidecabinsandrvresort.com – Premium Expired .com Domain on GoDaddy | ExpiredDomains.com,good,,2026-06-22T13:10:16+00:00
15089793-8c33-437a-80c1-be74b3621266,200,1,0,308,WordPress,clinicananda clinic bliss | Bringing the Ease back into Life,weak,,2026-06-22T13:10:16+00:00
d26fdf20-407f-4c8e-be5c-853ea1b81623,200,1,1,1453,,Mendocino National Forest | Recreation | Forest Service,good,,2026-06-22T13:10:16+00:00
c3afb730-c847-4b7b-bbaa-b58b3f0e41c1,200,1,1,543,GoDaddy,"Heritage Mendocino - Dispensary - Ukiah, California",good,,2026-06-22T13:10:16+00:00
e7945d87-1044-4c6c-a8dd-1d407fd576bc,0,0,0,15172,,,broken,connection failed,2026-06-22T13:10:16+00:00
a2067391-6a07-47fb-8b46-356d390a0d6e,200,1,1,242,Squarespace,Local Roots Mendo,good,,2026-06-22T13:10:17+00:00
47425554-b1dc-42fd-983e-5e7b07754dfa,403,1,1,254,,Just a moment...,broken,,2026-06-22T13:10:17+00:00
b9590f1f-a3d4-4df8-b358-4854a766bbcb,200,1,1,361,GoDaddy,Redbud Apothecary: Your Go-To Cannabis Retail Shop,good,,2026-06-22T13:10:17+00:00
8241e6de-4810-4500-a7c0-de227f1a4db4,200,1,1,2708,WordPress,Blog - Mendocino Train Tony - ข่าวและข้อมูลรถไฟ,good,,2026-06-22T13:10:17+00:00
bb30c0ac-7e80-46f0-8641-99acbf9a8fc3,200,1,0,144,,,weak,,2026-06-22T13:10:17+00:00
16b735b0-c636-4e04-b3e5-7ac4d7d26169,200,1,1,3734,WordPress,Home - KOZT The Coast FM,good,,2026-06-22T13:10:17+00:00
182f261e-0c71-4545-89f2-eed1682cde83,0,0,0,128,,,broken,connection failed,2026-06-22T13:10:17+00:00
6286c4d7-3aaf-4ff7-93ca-ffab2a897720,200,1,1,223,,Reedy The Car Guy At Thurston Auto Plaza,good,,2026-06-22T13:10:17+00:00
a4ed9a55-e466-413f-bd21-99e60e20c5f7,403,1,1,271,,Just a moment...,broken,,2026-06-22T13:10:17+00:00
13abd1e5-27e3-42ee-8c74-16f9d2f14e3b,200,1,1,745,,Revolution Emporium - Revolution Emporium,good,,2026-06-22T13:10:17+00:00
d0e9ecd0-d9cb-412e-84f2-cc3334d10e23,0,0,0,39,,,broken,connection failed,2026-06-22T13:10:17+00:00
4ec065ab-dc34-452e-9cef-3ad870c48fe5,404,1,1,402,,Page Not Found,broken,,2026-06-22T13:10:18+00:00
61693842-54dc-4346-869f-bc326028be04,404,1,1,654,,Page Not Found,broken,,2026-06-22T13:10:18+00:00
18863c82-6845-4540-ae29-4e36138dee88,200,1,1,443,Webflow,"Pulse Custom Audio, Auto Radios, Stereo, 1240 N Main St Ste 3a",good,,2026-06-22T13:10:18+00:00
99e6a197-b031-4785-9fe3-aacbea971ba1,200,1,0,149,,,weak,,2026-06-22T13:10:18+00:00
91856251-450f-40d7-830c-b4262d15ca44,200,1,1,601,,Shopmonkey,good,,2026-06-22T13:10:18+00:00
5f2ae974-5021-4a06-8b27-969350ae81d2,200,1,1,388,,Precision Window Tint + Vinyl - Get in Contact,good,,2026-06-22T13:10:18+00:00
180f4d0c-f6ae-4a43-abfd-cedc2adb07ae,202,0,0,197,,,weak,,2026-06-22T13:10:18+00:00
c2864192-a9f2-489e-b38b-88bc51c08487,200,1,1,159,,,good,,2026-06-22T13:10:18+00:00
969a8937-427d-4c2e-88cd-cadf852e0ee7,200,1,1,213,Squarespace,Community Center of Mendocino,good,,2026-06-22T13:10:18+00:00
f3c843c0-9dcd-4ee8-8e41-4449ab80236d,200,1,1,11171,WordPress,Ross Ranch Horseback Riding | Mendocino Coast Horseback Beach Rides,weak,,2026-06-22T13:10:19+00:00
eb25aef9-f837-4306-9bc3-c89ed1ec92b6,200,1,1,464,,Mendocino Center for Circus Arts (CircusMecca) | Mendocino CA,good,,2026-06-22T13:10:19+00:00
07a511e9-7731-4335-a7c6-bd6c7a72a779,200,1,1,12523,GoDaddy,new.amendedsoils.com,weak,,2026-06-22T13:10:19+00:00
73fb2ea6-5c9b-4f88-90ef-bf844431c94b,200,0,0,197,,Welcome to Caspar Cottage,weak,,2026-06-22T13:10:19+00:00
ce95a6a6-70ae-4158-8e07-993821a1b15d,200,1,0,535,,Clever Cat Computer,weak,,2026-06-22T13:10:19+00:00
e691e2ff-36a5-4a84-8f29-2be0b5282955,200,1,1,1456,WordPress,"Record-bee.com covers local news in Lake County, California. Keep up with all business, local sports, outdoors, local columnists and more.",good,,2026-06-22T13:10:19+00:00
dcc5c4d2-400f-49ad-824e-ae001e7bfa2e,200,1,1,1308,,YAKIN777 Akses Link Situs Slot777 Naskah Edisi,good,,2026-06-22T13:10:19+00:00
77729808-8041-49bb-87f3-5183342ee520,200,1,1,617,,"Hotels in Cloverdale CA | Super 8 Wine Country Sonoma | Cloverdale, California Hotel",good,,2026-06-22T13:10:19+00:00
d1cd301b-ebd8-4437-aabe-da7619e2b44f,200,1,0,871,,Redwood Valley Grange,weak,,2026-06-22T13:10:19+00:00
84ba89d3-5add-4013-824e-2d46a67776dc,0,0,0,115,,,broken,connection failed,2026-06-22T13:10:19+00:00
2ed4c6ad-86a2-4494-82f0-94ff1c8947c8,200,1,1,384,,Home | Mendo Bungalow,good,,2026-06-22T13:10:19+00:00
4a77a9e3-1a40-48e6-8ff3-cb85e884f863,404,1,1,384,Wix,,broken,,2026-06-22T13:10:20+00:00
79c7aa4f-753e-4029-849d-e372a2706572,200,1,1,540,WordPress,Fire &amp; Water Damage Restoration Company in California | West Coast Fire &amp; Water,good,,2026-06-22T13:10:20+00:00
2e4250f9-fd38-4455-888b-4f7b1d9dfc11,200,1,1,1202,WordPress,Mar Vista &#8211; Farm and Cottages,good,,2026-06-22T13:10:20+00:00
5a0bdbbf-1b11-40d0-84da-78ff008278de,0,0,0,106,,,broken,connection failed,2026-06-22T13:10:20+00:00
ba741831-5639-4b12-bce5-7ffef8f50aca,0,0,0,15172,,,broken,connection failed,2026-06-22T13:10:20+00:00
e0107fd4-23e0-4f87-a20b-463ae6c08936,200,1,1,385,,Ballroom Blitz - Sequence Dancing,good,,2026-06-22T13:10:21+00:00
76edff2e-2ba5-487e-acf0-2ab08dc87971,0,0,0,114,,,broken,connection failed,2026-06-22T13:10:21+00:00
c98b3f48-3eb2-4d80-ab1d-4b951246aabd,202,0,0,171,,,weak,,2026-06-22T13:10:21+00:00
3750ac24-1f29-4a39-aeb4-b88b973b09ed,200,1,0,1483,,"Mendocino Village Cottages, ocean views, mendocino, lodging",weak,,2026-06-22T13:10:21+00:00
5ddb305f-95b6-4452-8af8-c5948713101d,200,1,1,1633,Squarespace,LIVE DRAW SDY POOLS = LIVE SDY PRIZE ~ LIVE DRAW SIDNEY LOTTO ~ RESULT SDY HARI INI,good,,2026-06-22T13:10:21+00:00
e74e1c08-534d-4df2-ace4-79195d6122c5,200,1,1,620,GoDaddy,"Happy Registrations LLC - Registration, Insurance, Car Insurance",good,,2026-06-22T13:10:21+00:00
f81bc9ab-18ed-48da-a49a-2d071d22ba4f,200,1,1,260,Squarespace,Drop In Donut,good,,2026-06-22T13:10:21+00:00
105929ac-5560-457a-aa20-dfceee5cfb0c,200,1,1,334,,Castle Mini Donuts Near Me - Pickup and Delivery,good,,2026-06-22T13:10:21+00:00
51ab7201-3a03-4091-9843-45ccf21f9e5e,200,0,0,183,,,weak,,2026-06-22T13:10:21+00:00
1aab7604-2b31-46b1-8b0b-6b4ea8b09fef,200,1,1,133,Webflow,"Sunny&amp;#39;s Donuts, Donut, 1260 S State St",good,,2026-06-22T13:10:21+00:00
2d007856-01d3-4c6b-86cc-78511b8396fd,200,1,1,141,Webflow,"Susie Q&amp;#39;s Donuts, Susie Q&amp;#39;S Donut, 414 S Main St",good,,2026-06-22T13:10:21+00:00
39ce3af7-3641-46be-a679-1acdc5aefc3d,405,0,1,311,,Human Verification,broken,,2026-06-22T13:10:21+00:00
7b771165-4f4f-478f-a9b2-bebba9e6685b,200,1,1,358,,Ukiah Unified School District,good,,2026-06-22T13:10:21+00:00
31639cff-b36f-4911-8c3a-98e4e5606842,200,1,1,327,Squarespace,Noyo Center for Marine Science,good,,2026-06-22T13:10:21+00:00
e072627d-3273-478e-ad54-2617e2481208,200,1,1,440,,Castlemoyle Books-Your Local Books and Media Store,good,,2026-06-22T13:10:21+00:00
195a7f96-f537-4976-9be7-486bae669295,200,1,1,255,,Hopland Research and Extension Center,good,,2026-06-22T13:10:22+00:00
40a76e65-40b9-4f9b-9bf8-d237bef464fa,200,0,0,261,GoDaddy,Home,weak,,2026-06-22T13:10:22+00:00
177a23e6-e7a7-4de3-b40d-e36b21d235b5,200,1,1,233,,PEEC,good,,2026-06-22T13:10:22+00:00
3d879682-c60d-4216-8c95-a8bb85ca1f79,200,1,1,2466,,Home,good,,2026-06-22T13:10:22+00:00
b4288a1a-92c4-48fc-a27d-e325af6b94ec,402,1,1,307,Shopify,Store unavailable,broken,,2026-06-22T13:10:22+00:00
454b1ddf-0641-434f-b5be-6070ed603b96,200,1,1,2713,WordPress,"Home | Tile and countertops | Santa Rosa Tile Supply, Inc.",good,,2026-06-22T13:10:22+00:00
938fc358-4171-401c-a9e4-75dd3b856520,200,1,1,286,,"Eyewear | Ukiah, CA | Ukiah Optical",good,,2026-06-22T13:10:22+00:00
20766519-e4a5-492b-bbca-d90e63e802b4,200,1,1,529,Wix,"Home | STRC | Willits, CA",good,,2026-06-22T13:10:22+00:00
02cd1f0f-eaa1-4975-a83a-bd89d180dbfc,200,0,0,275,,This site is under development,weak,,2026-06-22T13:10:22+00:00
57313ab3-4b46-4df4-be0b-94b326df3703,200,1,1,762,GoDaddy,"Healing Hearts Ranch, LLC - Home",good,,2026-06-22T13:10:22+00:00
e0788f71-9d14-4171-aac1-b50457a6d0fe,200,1,1,968,Wix,HOME | Dragon off Grid,good,,2026-06-22T13:10:22+00:00
688ccddd-060f-4aaa-8a9f-4a45d709bb90,200,1,1,674,,"Home | The Loft | Gualala, California",good,,2026-06-22T13:10:23+00:00
1da07a27-90f9-4bc6-b5ba-4dce27edd413,200,1,1,391,Shopify,EarthSpoke Farms,good,,2026-06-22T13:10:23+00:00
60ca6ea2-0219-4709-98b0-80cdccf6a8c5,200,1,1,487,Squarespace,Crazy Quilt Farms,good,,2026-06-22T13:10:23+00:00
3c777871-77ab-445a-a918-03af7f235948,200,1,1,619,Shopify,Boonville Barn Collective - CA Grown chiles,good,,2026-06-22T13:10:23+00:00
063ce22e-1b44-4df3-9531-e41784c2ccc0,403,0,1,134,,Access denied | gracesoaktree.com used Cloudflare to restrict access | gracesoaktree.com | Cloudflare,broken,,2026-06-22T13:10:23+00:00
7eca1f23-25d4-47b0-aacc-a14fcb62add4,200,1,1,494,Squarespace,Emandal ArtStays,good,,2026-06-22T13:10:23+00:00
198ceb34-f72c-4b23-a7a1-1b73d209733a,0,0,0,39,,,broken,connection failed,2026-06-22T13:10:23+00:00
c0575208-4560-40a5-9f53-c5dfdec84a9a,200,1,1,116,Webflow,"R Horse Ranch, Other Equine, 31101 Sherwood Rd",good,,2026-06-22T13:10:23+00:00
9024f019-b252-440d-8095-505cffd6cee5,200,1,1,396,Squarespace,Langdon Day Farms,good,,2026-06-22T13:10:23+00:00
694814c9-825f-4fee-bfe4-911cfd210bf9,200,0,1,300,Squarespace,Nye Ranch,weak,,2026-06-22T13:10:23+00:00
ec9f1a8f-9d2f-4c88-a20e-a058571b33e8,0,0,0,12,,,broken,connection failed,2026-06-22T13:10:23+00:00
9bfe2426-ad72-4078-9c2f-637d605d4f2d,200,1,1,337,WordPress,McGee Home Garden &#8211; Home Gardening + Cooking on the Mendocino Coast,good,,2026-06-22T13:10:23+00:00
1e690d9b-40ba-4e54-b31a-4a58f554b234,200,1,1,7199,WordPress,"High Tides Cannabis Dispensary, Gualala, CA",weak,,2026-06-22T13:10:23+00:00
67ee13e9-299a-4fbb-9fca-5e0a0479a3c0,200,1,0,589,,Welcome to LR Farm,weak,,2026-06-22T13:10:23+00:00
01d96184-802a-40b8-a23c-5e0f3b89ee79,200,1,1,426,Wix,Home | Fortunate Farm,good,,2026-06-22T13:10:24+00:00
7f47f4d8-d1bc-4a5e-941f-cff7c3c2bbe8,429,1,0,135,,,broken,,2026-06-22T13:10:24+00:00
696692b2-217d-477a-8130-686fd045560a,0,0,0,19144,,,broken,timeout,2026-06-22T13:10:24+00:00
e335c1f0-fbec-4c18-a8bc-442c9eeda88b,403,1,1,57,,Just a moment...,broken,,2026-06-22T13:10:24+00:00
e33b690b-4dd8-4daa-8180-bb76816362bd,404,1,1,1661,,Ничего не найдено для Boonville Entertainment Venues Poi Mendocino County Fairgrounds 408506,broken,,2026-06-22T13:10:24+00:00
0c36ec70-0ea0-44b3-a9b9-f1f94374d809,200,1,1,460,Squarespace,Mendocino Fiduciary,good,,2026-06-22T13:10:24+00:00
812be73b-0f76-444a-9062-c9a5cdb9692c,200,1,1,599,,Homepage Fort Bragg Fire Department,good,,2026-06-22T13:10:24+00:00
b3c2b5fe-caae-4f69-91d7-e680c7ab23f6,404,1,1,1453,WordPress,Page not found &#8211; Seabiscuit Heritage Foundation,broken,,2026-06-22T13:10:24+00:00
e84b3437-f37b-475c-b014-12712c158fd3,200,1,1,1339,,McAllister Financial Group,good,,2026-06-22T13:10:25+00:00
2946d1c9-4987-4167-98eb-ae3fa34a97db,403,0,1,4104,,403 Forbidden,broken,,2026-06-22T13:10:25+00:00
e0638584-44ad-4820-9974-1ade5da67420,200,1,1,8110,WordPress,"Home - Sol de Mendocino - Dispensary in Mendocino, CA",weak,,2026-06-22T13:10:25+00:00
51320497-e16c-411d-9c92-96851c03bed2,200,1,1,1391,,"Dolph D Green, Financial Advisor | Edward Jones",good,,2026-06-22T13:10:25+00:00
c5f14e0f-6639-4d89-b50b-b930cf04b20c,0,0,0,132,,,broken,connection failed,2026-06-22T13:10:25+00:00
5afd9623-441b-431b-ba48-23ca722b4e1c,403,0,0,155,,Access Denied,broken,,2026-06-22T13:10:25+00:00
9a510546-533f-48c0-bea3-439001695ac2,200,1,1,417,,Homepage Redwood Valley-Calpella Fire District,good,,2026-06-22T13:10:25+00:00
c3169502-a1c0-40e0-8ee2-b154107bf8d8,200,1,1,1649,,"Casey M Field, Financial Advisor | Edward Jones",good,,2026-06-22T13:10:25+00:00
4ae308a3-d1aa-482a-a4d0-160fb1d43bac,200,1,1,748,GoDaddy,Kelseyville Fire Protection District,good,,2026-06-22T13:10:25+00:00
de01251c-f4bd-4634-a3ed-feb4ac0bfce7,200,1,1,1156,,Redwood Investments,good,,2026-06-22T13:10:25+00:00
3fb80059-36af-4ae7-904c-ec9ebb846403,0,0,0,148,,,broken,connection failed,2026-06-22T13:10:25+00:00
62039d47-b1d4-4527-99b9-96c059140f25,200,1,1,336,GoDaddy,"Home - Bray Trucking, Inc.",good,,2026-06-22T13:10:25+00:00
c05656ce-2af7-42e1-9b58-000546e01dee,200,1,1,767,,Homepage Redwood Coast FPD,good,,2026-06-22T13:10:25+00:00
f7f0bf63-52d1-4b87-8311-e8bf1754194c,200,0,0,186,,,weak,,2026-06-22T13:10:25+00:00
e61d910b-f2fc-4be6-b4e4-7f396782458f,200,1,1,632,,Homepage Albion Little River Fire Protection District,good,,2026-06-22T13:10:25+00:00
f421b2f5-7679-43ee-a731-fd16148e76e0,200,1,1,475,WordPress,"Combustion, Energy, Environmental and Safety Solutions - NAO Inc.",good,,2026-06-22T13:10:25+00:00
96da578c-58a4-4c0b-88a5-00a899f0430f,404,1,1,548,Wix,,broken,,2026-06-22T13:10:25+00:00
570fe459-ecbb-4acc-a2ec-438dfafff4e0,200,1,1,645,Wix,"Glowing Embers Hearth n Home LLC | fireplace stove wood gas pellet Ukiah flue pipe | 2005 N State St suite k, Ukiah, CA, USA",good,,2026-06-22T13:10:25+00:00
b88c1e52-8923-4214-a6fe-6cb47262ba51,200,1,1,551,,Home | Chapel of the Lakes Mortuary and Chapel of the Lakes Crematory,good,,2026-06-22T13:10:26+00:00
35726d52-a4be-485d-9881-852dc6fc8606,200,1,1,2472,WordPress,instagram,good,,2026-06-22T13:10:26+00:00
45098044-b210-4bee-9014-8c3a17481445,200,1,1,378,,Quik Stop,good,,2026-06-22T13:10:26+00:00
ab370890-27b7-46a5-a205-3c8cfc82a793,200,1,1,449,GoDaddy,Big Valley Market and Fuel &#8211; Best gas prices in the area!,good,,2026-06-22T13:10:26+00:00
d22f5544-34da-4f1d-9e03-126941344160,200,1,1,492,,Rinehart Oil Homepage - Rinehart Oil,good,,2026-06-22T13:10:26+00:00
dc5adad5-dd31-42b3-97e4-8856e71329ec,200,1,1,148,Webflow,"Albion Grocery, Grocery Stores, Supermarket, 3380 Albion Ridge Rd",good,,2026-06-22T13:10:26+00:00
2ccf4fc5-021d-403e-8075-2607e24cd430,200,1,1,381,Wix,"Brooktrails Township | Brooktrails, CA",good,,2026-06-22T13:10:26+00:00
342ba9b4-1b3c-4517-9101-5a2a6cfb7d44,200,1,1,709,,"Texaco: Station Finder, Cards, Fuels &amp; More | Texaco (US)",good,,2026-06-22T13:10:26+00:00
6d1d7c8b-d2cc-44fe-9837-1809b95fc609,200,1,1,331,,Archive Your family History,good,,2026-06-22T13:10:26+00:00
66a47337-acfc-468b-802f-8d770b8d2053,200,1,1,530,Shopify,TsunamiLukasGlass,good,,2026-06-22T13:10:26+00:00
d0215b2b-809a-4ed0-b32d-d0013c503698,0,0,0,11,,,broken,connection failed,2026-06-22T13:10:26+00:00
9021e714-b920-4dce-9b70-d091f4f8f682,200,1,1,216,GoDaddy,AnchorBayStore.com is for sale | HugeDomains,good,,2026-06-22T13:10:26+00:00
81a752a2-6ed0-4049-94b7-9916f42a0e13,200,0,1,145,Squarespace,Dahlia &amp; Sage,weak,,2026-06-22T13:10:26+00:00
8be697f2-527d-4212-886c-3bcfacd10683,0,0,0,319,,,broken,connection failed,2026-06-22T13:10:26+00:00
86960f14-02bc-44c4-8f3c-4095f7428a98,200,1,1,287,GoDaddy,Buy newbandc.com – Premium Expired .com Domain on GoDaddy | ExpiredDomains.com,good,,2026-06-22T13:10:26+00:00
1ab900b5-9a0e-4efc-94b3-af69acea41c3,200,1,1,1800,,Homepage Little Lake Fire District,good,,2026-06-22T13:10:26+00:00
099a521d-9dd7-4b11-a1c7-b95e2bd26795,404,1,1,503,Squarespace,Mendocino County Farmers Market Association,broken,,2026-06-22T13:10:26+00:00
b2d168ac-5c65-4937-ac39-f028d445e88e,0,0,0,26,,,broken,connection failed,2026-06-22T13:10:26+00:00
a793ee5e-dbfc-4541-927c-efbccecd5c0a,200,1,1,322,Wix,Gun Store &amp; FFL Dealer in Ukiah CA | Chadwick Armory,good,,2026-06-22T13:10:26+00:00
e9f07af6-5047-46b5-a218-91b45abf5b46,200,1,1,230,,M&amp;M Feed &amp; Supply,good,,2026-06-22T13:10:27+00:00
cf828286-132b-49cf-9034-724b8e6c59cf,0,0,0,106,,,broken,connection failed,2026-06-22T13:10:27+00:00
a81ddc32-140f-4550-93b8-c22400bfbc58,0,0,0,105,,,broken,connection failed,2026-06-22T13:10:27+00:00
5cfae189-3482-49a0-909d-64c7e742e683,409,0,1,169,,DNS resolution error | www.blaqkdoor.com | Cloudflare,broken,,2026-06-22T13:10:27+00:00
e9419926-6721-459b-8e32-5867e5417574,0,0,0,15423,,,broken,connection failed,2026-06-22T13:10:27+00:00
9b0b4928-21e9-43db-b201-88a92713fa5e,200,1,1,681,,Gas Station Near Me | Chevron With Techron (US),good,,2026-06-22T13:10:27+00:00
0756b29b-0d46-42ca-b217-59cf8f92b063,200,1,1,378,,Facilities • Historic Courthouse Museum,good,,2026-06-22T13:10:27+00:00
bf78255a-5bda-472f-8abc-c9f2856bb01d,200,0,0,273,,Fort Bragg Glass & Mirror,weak,,2026-06-22T13:10:27+00:00
9a4484f6-987a-4c26-949f-477e6cd07a24,200,1,1,1237,,Rays Food Place,good,,2026-06-22T13:10:27+00:00
52ff2ac0-2ee5-4cea-bbed-b9775e649c2b,200,1,1,523,Shopify,Den Modern,good,,2026-06-22T13:10:27+00:00
6777dd35-c298-4c1a-bb0d-8704a3227baa,200,1,1,1299,,Groupon® Official Site - Find Local Deals Near You,good,,2026-06-22T13:10:27+00:00
bf8d78c9-78dc-4193-b661-3738403f4c8b,200,1,1,180,Squarespace,My Chic Farmhouse: Home Decor and Accessories,good,,2026-06-22T13:10:27+00:00
3e6d57b2-b396-4099-9800-1fc18b0b6e3c,0,0,0,10,,,broken,connection failed,2026-06-22T13:10:27+00:00
bc57ffd6-b9a6-4d97-895b-e9dff77b6c98,200,1,1,621,Shopify,Interior,good,,2026-06-22T13:10:27+00:00
8c5c2fae-102b-4cb0-b7bb-77d8467ac890,202,1,0,241,,,weak,,2026-06-22T13:10:28+00:00
568db0a2-b9d7-45fe-8d90-77388b8dfaca,200,1,1,433,WordPress,Home - Generations Early Childhood Education Center,good,,2026-06-22T13:10:28+00:00
598cad1e-e237-44d2-8b4f-a25bda132128,200,1,1,853,,Matson Mercantile,good,,2026-06-22T13:10:28+00:00
7c80ab23-3890-489f-9726-6edef5e158b5,200,1,1,514,GoDaddy,"Gas Measuring Equipment in Ukiah, CA | Liqua-Tech",good,,2026-06-22T13:10:28+00:00
28f5ef19-03c7-4069-9897-92419703e112,200,1,1,383,Squarespace,Sirius Mobile Solutions &mdash; Macintosh® and iOS support,good,,2026-06-22T13:10:28+00:00
8c8463ed-8122-49aa-a4e1-4be50aaca1e8,200,1,1,210,,"Insurance Company | Willits, CA | Cantua Insurance",good,,2026-06-22T13:10:28+00:00
14d16f31-21aa-4780-bad1-e5c32410cd00,200,0,0,372,,This site is currently under construction,weak,,2026-06-22T13:10:28+00:00
e1d4277e-4f6f-4d78-99d9-7adea596a371,0,0,0,118,,,broken,connection failed,2026-06-22T13:10:28+00:00
2dc578f3-4b46-44bf-96d2-74fa934b3c13,0,0,0,49,,,broken,connection failed,2026-06-22T13:10:28+00:00
528826f1-111d-4f48-8720-92b8dfaacb18,200,1,1,935,Wix,Wine Country Compressors | Air Compressors Sales,good,,2026-06-22T13:10:28+00:00
d6ae2955-7e46-4dde-afc0-734919640ebb,200,1,1,489,,Insurance Agent Carol Millsap in Fort Bragg CA â State FarmÂ®,good,,2026-06-22T13:10:29+00:00
a4ac7c11-85e4-4ef8-b357-94ea093d1f85,200,1,1,267,Squarespace,JSP Insurance Brokerage,good,,2026-06-22T13:10:29+00:00
344168a7-210a-47a1-97eb-53613fdbdf01,200,1,1,412,,"State Farm Serving California, Oregon, Nevada &amp; Arizona!",good,,2026-06-22T13:10:29+00:00
90299d03-94ec-44fd-a4fd-5f9cb0b142f7,200,1,1,219,,"John Lattimore - State Farm Insurance Agent in Ukiah, CA",good,,2026-06-22T13:10:29+00:00
ffb9ce70-87f4-45a2-ac83-59f4250e9a0b,200,0,0,195,Wix,UKIAH AUTO INSURANCE,weak,,2026-06-22T13:10:29+00:00
c69ae680-44c4-412c-923a-b8dbbee7d6d8,200,1,1,2289,Wix,Home | Antioch Ranch,good,,2026-06-22T13:10:29+00:00
8a7d95ef-3edc-4a81-8dff-1fb86f6a8166,200,1,1,623,,Insurance Agent Jay Epstein in Ukiah CA â State FarmÂ®,good,,2026-06-22T13:10:29+00:00
b228f732-8fc7-441a-be08-f2dbe8c8bf9d,0,0,0,152,,,broken,connection failed,2026-06-22T13:10:29+00:00
a8e6172b-b255-447b-9205-6588b17a5e52,200,1,1,3597,WordPress,Good Morning Graphics,good,,2026-06-22T13:10:29+00:00
1dbbadbe-cc83-44f3-9b50-5144a0eceb98,200,1,1,240,Webflow,Voted #1 ISP of Lake &amp; Mendocino County in 2024 | Ukiah Wireless by Wi-Fiber,good,,2026-06-22T13:10:29+00:00
76ad30ef-4491-479f-b85c-6070a8ca48dc,200,1,1,468,,Mendocino Community Network,good,,2026-06-22T13:10:29+00:00
aff71512-f649-4cc3-91bb-0e16cadf6909,404,1,1,664,WordPress,Page not found - The Woodlands Financial Group,broken,,2026-06-22T13:10:29+00:00
fe1bddfd-7b77-4971-a79b-fcff8fedddd2,0,0,0,15116,,,broken,connection failed,2026-06-22T13:10:29+00:00
b0d289e6-fe13-4095-a9aa-20aee6850067,0,0,0,157,,,broken,"ssl: HTTPSConnectionPool(host='www.smartech707.com', port=443): Max retries exceeded with url: / (Caused ",2026-06-22T13:10:29+00:00
241435bf-1320-4455-8041-cda0af8a01c4,200,1,0,215,,,weak,,2026-06-22T13:10:29+00:00
bd91eb24-0a03-4d84-8539-073babcff624,200,0,1,206,Squarespace,Law Office of Elina N. Agnoli,weak,,2026-06-22T13:10:30+00:00
197ac17e-d027-4048-b32c-122e50767e33,200,1,1,446,Webflow,Mendo TechNet,good,,2026-06-22T13:10:30+00:00
0a9c4da7-8854-4116-a837-085057637d11,200,1,1,199,WordPress,"Carol Goldberg Life Coach | A Path To Well-Being | Ukiah, No. CA",good,,2026-06-22T13:10:30+00:00
82ab4b92-f23b-4fb0-8bfb-1b5f56a877dd,200,1,1,523,GoDaddy,Byrd &amp; Associates,good,,2026-06-22T13:10:30+00:00
a23b7bd8-b656-4b42-9976-8432dfe0c995,200,0,1,784,WordPress,tgifrepairs.com &#8211; Thank Goodness It&#039;s Fixed!,weak,,2026-06-22T13:10:30+00:00
04469f4c-4680-4517-99aa-da726b8aac19,200,1,1,578,Squarespace,Mendocino Law,good,,2026-06-22T13:10:30+00:00
bbf4ac5b-238f-456f-85f2-ca2d0c954566,200,1,1,1536,WordPress,Further Reach - Fast Reliable Rock-Solid Internet,good,,2026-06-22T13:10:30+00:00
10a13111-8580-43a3-97de-31bfe940a6a2,200,1,1,1022,Wix,"Sonoma County, CA | Veterans United Hauling and Junk Removal LLC",good,,2026-06-22T13:10:30+00:00
43576480-601b-46a5-adfa-4c6cd2340c51,0,0,0,605,,,broken,"ssl: HTTPSConnectionPool(host='www.jenniferwilliamswindowcoverings.com', port=443): Max retries exceeded ",2026-06-22T13:10:31+00:00
677eb1f2-869e-427b-9aac-d7e6e12a1a4e,200,1,1,804,WordPress,"Kitty Norris | Personal Coach | Energy Medicine | Shamanic Practitioners, Willits CA |",good,,2026-06-22T13:10:31+00:00
98e8bdf3-f31f-4669-afda-5e4328fee751,200,1,1,297,Drupal,Jacobszoon Forestry,good,,2026-06-22T13:10:31+00:00
7788fc2e-ee8b-41fa-924e-c5835a3fc619,200,1,1,541,,Soul Whispering Ranch | 灵吟山庄,good,,2026-06-22T13:10:31+00:00
a9dd5220-3351-4992-ac26-ccfa020f95c4,200,0,0,258,,Fort Bragg Firewood,weak,,2026-06-22T13:10:31+00:00
dd82f8a6-238f-4f5d-80f1-5b5a20a94291,200,1,1,496,GoDaddy,Andrel,good,,2026-06-22T13:10:31+00:00
07b3ad8a-bd95-4580-9fc9-2af5dff947eb,200,1,1,1081,,Contact | Pacini Wines,good,,2026-06-22T13:10:31+00:00
e8ff717b-bf19-43e9-83fd-3a0c122645cd,200,0,0,90,,Redirecting...,weak,,2026-06-22T13:10:31+00:00
64db81e5-55ac-4b4f-9c2f-6bd4aabbd07d,0,0,0,105,,,broken,connection failed,2026-06-22T13:10:31+00:00
2e989599-41b2-4a5f-b116-071ac4bbda97,200,1,1,378,,"Permanent Makeup Clinic | Collagen Induction Therapy | Ukiah, CA | Aesthetics by Ashley",good,,2026-06-22T13:10:32+00:00
b46c89e0-f98b-4e68-a78f-38fa99e83296,0,0,0,5040,,,broken,connection failed,2026-06-22T13:10:32+00:00
f0d2061d-0e45-4e2b-8e28-ec88195ea698,200,1,1,619,Wix,"Birth Services- Willits, Ukiah, Mendocino County- Golden State Midwifery",good,,2026-06-22T13:10:32+00:00
c7a6c158-e1a4-40cc-80b3-a7ce59bb42af,200,0,1,219,WordPress,Mattress By Appointment Willits &#8211; Buy at Your Convenience,weak,,2026-06-22T13:10:32+00:00
4ca48821-6e34-4e85-9604-beb5b1303018,200,1,1,1988,WordPress,Home - Redwoods in The Meadow Farm,good,,2026-06-22T13:10:32+00:00
28ef742f-0aca-4cb2-a9f8-30dff0ade539,200,1,1,640,,Home,good,,2026-06-22T13:10:32+00:00
48965d34-08d4-4495-9202-ee67b5a8cf15,200,1,1,433,WordPress,Anderson Valley Health Center | Anderson Valley Health Center,good,,2026-06-22T13:10:32+00:00
73f28f56-596e-4918-9d1d-9206f3ce8251,200,1,1,605,,Adventist Health,good,,2026-06-22T13:10:33+00:00
43459d06-65b3-437c-83f0-5f1f67eb3e4c,200,1,1,556,,Top 10 Nhà Cái Uy Tín Nhất Việt Nam - 100% Hợp Pháp,good,,2026-06-22T13:10:33+00:00
d1a4a508-b65e-4091-a254-a437da3e2355,200,1,1,1976,Wix,Harbour Quality Redw Willits | Sustainable Redwood Products,good,,2026-06-22T13:10:33+00:00
3d8477db-164c-427b-b28a-54aa0c8c6394,200,1,1,679,Squarespace,Consolidated Tribal Health Project,good,,2026-06-22T13:10:33+00:00
7f5c5039-ee04-49f6-82a2-057db59c5981,200,1,0,677,,"Mendocino Safety ~ Health and Safety Training, Cpr, Mendocino, CA",weak,,2026-06-22T13:10:33+00:00
ecf56994-6134-4b62-84f2-5b037b0400c9,200,1,1,239,Shopify,A 50 Year Legacy Reborn &ndash; Proto Pipe,good,,2026-06-22T13:10:33+00:00
71aa1af9-1b94-4535-8027-61c295f3e854,200,1,1,448,Squarespace,Contact &mdash; LNS Welding &amp; Fabrication,good,,2026-06-22T13:10:33+00:00
3278cedc-4b5c-4d2d-b52e-76d865b37dd1,409,0,1,132,,DNS resolution error | pomolita.uusd.edlioschool.com | Cloudflare,broken,,2026-06-22T13:10:33+00:00
36e4d307-e4b7-4e1f-873d-dca06ba56420,0,0,0,68,,,broken,"ssl: HTTPSConnectionPool(host='cloverdale-ca.schoolloop.com', port=443): Max retries exceeded with url: /",2026-06-22T13:10:33+00:00
1ffc1e57-0370-4fa6-a41c-c57ba311e154,0,0,0,171,,,broken,"ssl: HTTPSConnectionPool(host='www.tupminigolf.com', port=443): Max retries exceeded with url: / (Caused ",2026-06-22T13:10:34+00:00
1e64cd13-bce0-429b-a310-b4a33a62188d,200,1,1,2569,WordPress,"Covelo Machine and Tool Trade &#8211; Polyurethane foam mix head repair &amp; rebuild. mixing heads, new mixheads, used mixing heads, high quality machined parts, CNC Machining. Mixing Head Service. M",good,,2026-06-22T13:10:34+00:00
7b433aa5-0a9e-4f59-9eb4-2bc833e12b4b,200,1,1,887,Shopify,Artisan made / Unique Designs / Craftsmanship &ndash; poonkinneyforge,good,,2026-06-22T13:10:34+00:00
bd97d3c9-4ed5-40dd-8380-0ba280e8ae7c,200,1,1,8545,WordPress,Pete &amp; Sons&#039; Glass Shop: Window Supplier &amp; Glass Repair,weak,,2026-06-22T13:10:34+00:00
d4b76d06-1d10-41ad-be8b-03cc2f58eb8a,200,1,1,542,Joomla,Storz Management Co. Mobile home and RV Communities,good,,2026-06-22T13:10:34+00:00
67f96432-6a33-4254-9d43-05074c3cb387,200,1,1,1016,Wix,CLEARLAKE | Lakeportlagoonshomes,good,,2026-06-22T13:10:35+00:00
e41efc20-5e70-406d-8c24-1801ae388164,200,1,1,983,Webflow,"Ukiah Country Manor - Ukiah, CA | WGP Property Management | Manufactured Home Communities &amp; RV Parks",good,,2026-06-22T13:10:35+00:00
53a1e15b-8104-4dcd-abb0-5a858f15ed8d,200,1,1,503,,"Wagon Wheel Mobile Home Park Mobile Home Park in Willits, CA | MHVillage",good,,2026-06-22T13:10:35+00:00
76b17981-a7bc-45ab-b503-1e0e8066b371,200,1,1,2438,WordPress,The Divine Mother Center - Divine Feminine - Ancient Palm Leaf Knowledge - Holy Womb Chakra - Meditation - Ceremony,good,,2026-06-22T13:10:35+00:00
4ae4d567-4ec2-42e3-b935-88353da58ee8,200,1,1,243,Webflow,"Brown&amp;#39;s John Performance Cycle, Motorcycle, 101 Kunzler Ranch Rd S",good,,2026-06-22T13:10:35+00:00
c73a8c17-a769-4b30-9c85-99c5a206a21d,200,1,1,653,Shopify,The Hog Pen,good,,2026-06-22T13:10:35+00:00
fdf91290-d8c2-41ac-b50f-e22c64d00544,200,1,1,2138,Webflow,Home - Fort Bragg Unified,good,,2026-06-22T13:10:35+00:00
23a2c4d3-4dba-4897-9889-9864b14a1fa8,0,0,0,102,,,broken,connection failed,2026-06-22T13:10:35+00:00
87bc4be1-2426-4679-b82c-42b25b6bd317,200,1,1,2049,Webflow,Communities - WGP Property Management,good,,2026-06-22T13:10:35+00:00
85d11d13-7654-428c-8b2e-9a946aef8091,200,1,0,611,,Willits Community Television - YouTube,weak,,2026-06-22T13:10:35+00:00
65239e39-1446-4555-b4f4-6c64cd5f83f9,202,0,0,147,,,weak,,2026-06-22T13:10:35+00:00
8cd0e575-5d78-4e38-851e-a6ffe00cd3ee,200,1,1,597,Wix,Mendocino County History - Historical Society of Mendocino County,good,,2026-06-22T13:10:36+00:00
c595f3c1-1dbc-49d5-8738-0d2320c2ee65,200,1,1,304,Weebly,UKIAH SYMPHONY ORCHESTRA - HOME,good,,2026-06-22T13:10:36+00:00
75bec4eb-1ccc-4f8d-9b7f-401b941bd955,200,1,1,472,Wix,Local Live Music | Epperson Music | Mendocino,good,,2026-06-22T13:10:36+00:00
3cc53c26-ff9f-460c-b478-6be764565342,0,0,0,113,,,broken,connection failed,2026-06-22T13:10:36+00:00
571bd3ea-6077-4fb0-af92-b1ec581b7a2c,200,1,1,665,WordPress,"Lark Camp &#8211; Traditional music, song, and dance from all over the world.",good,,2026-06-22T13:10:36+00:00
39f8a162-c11d-4022-abaf-6d3558d57ed2,0,0,0,24,,,broken,connection failed,2026-06-22T13:10:36+00:00
84c8debc-9a62-4ee0-b99d-57e2cfa7190e,200,0,0,470,,Micheletti Guitars - hand-made signature acoustic guitars and custom stringed instruments.,weak,,2026-06-22T13:10:36+00:00
201cb082-c2a5-4c08-9990-b567865f6cb7,0,0,0,37,,,broken,connection failed,2026-06-22T13:10:36+00:00
d918dad5-e0ee-4755-a59b-ca7b9adedcf7,200,1,0,500,,BioField - Morphogenic Field Technique | BioField Testing Home,weak,,2026-06-22T13:10:36+00:00
72cc45ab-d0b1-4885-9f67-d51cc11d0c09,0,0,0,116,,,broken,connection failed,2026-06-22T13:10:36+00:00
994cba71-8ad6-4034-9d6b-193c176fa455,200,1,1,481,Squarespace,Sai Shakti Healing with Gayatri Devi,good,,2026-06-22T13:10:37+00:00
04d7d828-a025-44e9-b6dd-001e71485058,200,1,1,560,,"Functional Nutritionist Mendocino CA | Gut, Hormones &amp; Chronic Illness | Radiant Reality - Radiant Reality | Nutrition. Healing Arts. Inspired Living.",good,,2026-06-22T13:10:37+00:00
529a1cd1-79df-4e17-8f08-fe52973b2122,200,1,1,591,Shopify,Acupuncture Clinic in Willits &ndash; Shen Den Wellness,good,,2026-06-22T13:10:37+00:00
b8223c27-a14a-41c0-8c9d-4d69fad8497b,200,1,1,257,Squarespace,The Bohemian Chemist,good,,2026-06-22T13:10:37+00:00
fdcf5000-a310-4c31-8c67-0d0e287499ee,200,1,1,2923,WordPress,"Valley Oaks MHP | Mobile Home Park in Willits, CA",good,,2026-06-22T13:10:37+00:00
583829d1-dc90-4c28-9ebb-e3334c17319a,200,1,1,566,WordPress,Spirit House Healing,good,,2026-06-22T13:10:37+00:00
624d56c8-615f-4bd3-acd7-f257bb3a669d,200,1,1,322,WordPress,Three Springs Institute,good,,2026-06-22T13:10:37+00:00
4f65d61b-9ec2-4c73-ae57-eee9f4414f67,200,1,1,1906,Joomla,HOME,good,,2026-06-22T13:10:37+00:00
3aa8eb7f-00cc-4201-9f7a-dc0360a9dcc3,200,1,1,271,WordPress,DenBeste Soil,good,,2026-06-22T13:10:37+00:00
61aa00b3-1d81-479a-83f2-d9cf8a1c0156,200,1,1,426,Squarespace,Shelly Garrison C.C.H. Homeopathy,good,,2026-06-22T13:10:37+00:00
baf85d5e-a7c4-414a-95fc-5be59b74a5d4,200,1,1,396,Squarespace,AJ&#39;s Greenhouses &amp; Steel Buildings | Ukiah CA | Northern California,good,,2026-06-22T13:10:37+00:00
2d76c117-d953-4416-8303-2c13301d7f3c,404,1,0,257,Squarespace,Squarespace - Website Expired,broken,,2026-06-22T13:10:37+00:00
fbbb2354-c7db-4e61-ba96-0393a3925912,200,1,1,819,WordPress,Home - Whole Body Wellness,good,,2026-06-22T13:10:38+00:00
f94b3358-fb44-451c-bd17-3354186587a9,200,0,1,2490,Squarespace,Outsider Art,weak,,2026-06-22T13:10:38+00:00
c31944e2-0a7d-4ba3-ab33-151d270873c4,0,0,0,25,,,broken,connection failed,2026-06-22T13:10:38+00:00
c2c61755-1979-4951-b103-dc02007be6c6,200,1,1,319,,Welcome to the store,good,,2026-06-22T13:10:38+00:00
c1474006-a845-4f3b-8b3c-e5cb49a91eda,200,1,1,508,Shopify,Buy Japanese Maple Trees Online | Mendocino Maples Nursery,good,,2026-06-22T13:10:38+00:00
f8e694bd-5e9d-4627-82f4-48fb89ccce2d,200,0,0,397,,Whispering Winds Nursery,weak,,2026-06-22T13:10:38+00:00
fefd4b55-73ee-4b91-8754-bb1419cd1b1c,200,1,1,163,Squarespace,Dr. Scott Gherini,good,,2026-06-22T13:10:38+00:00
9fc6ebfe-9358-4c0d-9565-72388dd897f5,200,1,1,322,GoDaddy,Freaky Fast Oil Change,good,,2026-06-22T13:10:38+00:00
0bbd2a31-03a3-483e-9b84-c271dc9cb5b7,200,1,1,346,Squarespace,Terra Sávia Winery,good,,2026-06-22T13:10:38+00:00
0994fbd3-4177-42d6-9b06-663771923b32,0,0,0,103,,,broken,connection failed,2026-06-22T13:10:38+00:00
b4b21b1f-cfd3-4d05-8bf3-155916e1e857,200,1,1,275,Squarespace,Mendo Paintball,good,,2026-06-22T13:10:38+00:00
f5f1ec86-de48-4d8f-824b-54a193236359,0,0,0,46,,,broken,connection failed,2026-06-22T13:10:38+00:00
9513a17d-f71a-4535-b691-59de57dc1a3d,200,1,1,485,,"Cloverdale Saw &amp; Mower Center | Equipment Sales, Service &amp; Parts – Cloverdale, CA",good,,2026-06-22T13:10:38+00:00
d2eae9bf-2bd2-4f5f-ab15-202c54c8debe,0,0,0,162,,,broken,connection failed,2026-06-22T13:10:38+00:00
389bceb1-c96e-4d7d-8199-3f1769ffd915,200,1,1,273,Squarespace,"MendoLEAP | Learn, Explore, Adapt, Play in Ukiah, CA",good,,2026-06-22T13:10:38+00:00
5a32322c-3c54-41a3-9058-860514f8c29a,200,1,1,471,Weebly,Party Rentals | The Party Pros (707) 234-7363,good,,2026-06-22T13:10:38+00:00
f3c1e827-89b3-4c13-b54a-f9ca23915fc1,404,1,0,426,Squarespace,Squarespace - Website Expired,broken,,2026-06-22T13:10:38+00:00
8fcda0c5-e4ea-426b-9243-5d795bb87669,404,1,1,308,Wix,,broken,,2026-06-22T13:10:39+00:00
5e8d451d-8d12-4fdb-a395-daf77f36aeef,200,1,1,960,,FB - The Outdoor Store,good,,2026-06-22T13:10:39+00:00
72b00553-9810-4b36-9a2c-b7665765aabc,0,0,0,148,,,broken,connection failed,2026-06-22T13:10:39+00:00
b6703884-7fdf-472e-88f5-031319fe35bb,0,0,0,118,,,broken,connection failed,2026-06-22T13:10:39+00:00
52ae949b-67ac-4ed7-8a6c-17e107d64357,200,1,1,439,Squarespace,Coming Soon,good,,2026-06-22T13:10:39+00:00
3e232186-c9b7-431a-be90-a059dece76b6,0,0,0,110,,,broken,connection failed,2026-06-22T13:10:39+00:00
7ec22df8-b314-4faf-b8d5-ebca2274b04d,200,1,1,841,,"Print Your Mitts - Ukiah, CA 2026",good,,2026-06-22T13:10:39+00:00
6f4256b9-c2ac-44b2-9201-9c8f8bf03f7d,200,1,1,985,,Make Shirts Now,good,,2026-06-22T13:10:39+00:00
67b80828-a8b7-4faa-b56d-22b245d07218,200,1,1,172,GoDaddy,Yvette Wendt Photography - Yvette Wendt Photography,good,,2026-06-22T13:10:39+00:00
7f3ba416-095c-4a91-99b1-fb8c7b4c83d0,200,1,1,328,,Stefani Re Photography,good,,2026-06-22T13:10:39+00:00
f12a38d5-92a4-4afb-92c6-ac6e85a09ac1,0,0,0,146,,,broken,connection failed,2026-06-22T13:10:39+00:00
840afbcc-6998-4226-90cb-883e2efeeecd,0,0,0,10019,,,broken,connection failed,2026-06-22T13:10:39+00:00
d6cef1d3-a7e2-402a-ac3c-ddbdba071832,200,1,1,848,WordPress,Community-Based Palliative Care,good,,2026-06-22T13:10:39+00:00
64152272-bfa1-4022-8fdc-cc418d1c645a,0,0,0,2643,,,broken,connection failed,2026-06-22T13:10:40+00:00
a891c5a6-9a74-48db-996b-0ddbf3f1401f,200,0,1,314,,"North Lake Realty & Property Management, LLC",weak,,2026-06-22T13:10:40+00:00
3b1bd709-d8b2-4820-b847-ac91c54fa4f5,200,1,1,716,WordPress,Fort Bragg Property Management - Home,good,,2026-06-22T13:10:40+00:00
36a04618-74e2-4c20-9e3a-7ef295d7fc26,200,0,1,814,,wb万搏体育·(中国)平台官方网站,weak,,2026-06-22T13:10:40+00:00
9d1d7862-3035-4471-9258-c93aab2c2177,503,0,0,704,,,broken,,2026-06-22T13:10:40+00:00
b5b7b596-98f3-41fa-b577-79561df14f09,0,0,0,170,,,broken,connection failed,2026-06-22T13:10:40+00:00
3ee9f4db-9ec0-4a6e-baea-25693096a11b,200,1,1,365,GoDaddy,Paul Vartabedian DDS,good,,2026-06-22T13:10:40+00:00
bbbc161e-3329-4129-8405-e32370baa8bd,200,1,1,565,,USA BMX: The Sanctioning Body of BMX,good,,2026-06-22T13:10:40+00:00
0af3db60-9615-4893-ad74-4c8050ce0668,0,0,0,203,,,broken,connection failed,2026-06-22T13:10:41+00:00
9665568e-4a9e-47ef-8b41-47c334bc7604,200,1,1,1084,,Home,good,,2026-06-22T13:10:41+00:00
4ff2986e-b51e-4250-9c2d-73ca3885bdf1,200,0,1,177,,KGUA Mendonoma Public Media,weak,,2026-06-22T13:10:41+00:00
f18b3c36-b946-4fcd-bf1c-659cff54bb10,200,1,1,749,,The Tide - KTDE 105 fm,good,,2026-06-22T13:10:41+00:00
288c2436-a329-49f3-a966-b825aa7fd311,0,0,0,105,,,broken,connection failed,2026-06-22T13:10:41+00:00
d389cbcc-ca9a-40ac-a442-5d9df6b36de1,0,0,0,15053,,,broken,connection failed,2026-06-22T13:10:41+00:00
11e3aa37-c05f-45df-ad28-90fffbd03709,200,1,1,254,GoDaddy,Find Your Dream Property for Sale,good,,2026-06-22T13:10:41+00:00
03d77ac7-68ed-4e39-b1d8-2ae1b30a5297,200,0,1,1982,WordPress,"Veikko Properties, Inc. &#8211; Real estate and construction services in Ukiah California and Mendocino County",weak,,2026-06-22T13:10:42+00:00
0f187dae-cac2-4eba-b41c-d1afbc1cdc66,200,1,1,771,,Best Realty - Mendocino County,good,,2026-06-22T13:10:42+00:00
0d29f209-e2f5-464b-9ba8-1fdeb224769e,403,1,1,392,,Just a moment...,broken,,2026-06-22T13:10:42+00:00
1d814491-02e1-4c09-a5e9-0547daf77505,200,0,1,1846,WordPress,KLLG Thanks Our Listeners and Supporters! | KLLG~97.9,weak,,2026-06-22T13:10:42+00:00
f79e4057-d2fd-4bf5-9fbe-bf53d175b44d,403,1,1,637,,Just a moment...,broken,,2026-06-22T13:10:43+00:00
f95de9ac-922b-496a-9bf7-8c7d058335de,0,0,0,15137,,,broken,connection failed,2026-06-22T13:10:43+00:00
73e71103-cb8e-4b0f-9714-7f9b1f8028b1,200,1,1,331,Squarespace,Corey&#39;s RV Repair,good,,2026-06-22T13:10:43+00:00
7bc50b24-3af1-4fea-93ed-1709e0fcccd4,403,0,0,348,,Access Denied,broken,,2026-06-22T13:10:43+00:00
fcb43643-ce50-4276-a4ef-d04b3dda91e7,200,1,1,5004,,Color Mill Printing,weak,,2026-06-22T13:10:43+00:00
5c592d20-d745-452b-8c21-32b3ce20becd,200,1,1,408,,"Discover Top Commercial Zero Turn, Walk Behind &amp; Stand-On Mowers | Exmark",good,,2026-06-22T13:10:43+00:00
55788e41-4b02-4797-a6a6-83e9ab854e5e,200,1,1,178,GoDaddy,Home - UCC Equipment Rental,good,,2026-06-22T13:10:43+00:00
ae30a5c8-cd82-42fb-bad0-81c5ff0e764c,200,1,1,3934,WordPress,Selzer Realty Property Management,good,,2026-06-22T13:10:43+00:00
b85f89f4-1260-4c88-b1d4-40c685d62cb4,202,0,0,243,,,weak,,2026-06-22T13:10:44+00:00
58851855-4570-4254-89dc-a6a2787de00b,0,0,0,145,,,broken,connection failed,2026-06-22T13:10:44+00:00
58f2b3d1-c693-4cd7-b888-a199ad88ae2f,200,1,1,409,Shopify,"Custom Stickers, Packaging, Labels, Signs &amp; More &ndash; Sticker Farmer",good,,2026-06-22T13:10:44+00:00
f64182fb-024f-4226-8ad9-70245c0210aa,200,1,1,551,Squarespace,Blue Lakes RV &amp; Tiny Home Village,good,,2026-06-22T13:10:44+00:00
fce6c5be-a068-4c4b-9293-30b7405147ef,200,1,1,305,,"Mendocino Redwoods RV Resort | Willits, CA",good,,2026-06-22T13:10:44+00:00
f74827d5-6f7e-49af-958f-f2a0e6531120,200,1,0,569,,,weak,,2026-06-22T13:10:44+00:00
4ed779f3-507c-404d-99ff-990929bef7ad,200,1,1,1504,WordPress,"Home - Lakeport Camper in Lakeport, California",good,,2026-06-22T13:10:44+00:00
fd5193c9-ffa6-4b77-bd02-60a14d97c772,200,1,1,165,Webflow,"Sandpiper RV Park, RV Park, 2630 Lakeshore Blvd",good,,2026-06-22T13:10:44+00:00
d71b23cb-343e-4622-bdfe-c9bcb44aec21,200,0,0,274,,,weak,,2026-06-22T13:10:44+00:00
126cab33-b40a-4fab-a33b-eada974d7ee3,0,0,0,24,,,broken,connection failed,2026-06-22T13:10:45+00:00
d23a3f3b-e456-45a8-b3c0-5db792bbcfb7,200,1,1,418,,Client Challenge,good,,2026-06-22T13:10:45+00:00
ee7b6c6f-dc04-4084-9453-c09d8dcdffde,200,1,1,1349,WordPress,"Harbor RV Park - Fort Bragg, California | Relaxation, plain and simple.",good,,2026-06-22T13:10:45+00:00
d3140735-1f8e-42e3-be87-e41c74a4263d,200,0,0,325,,DH Designs screen printing vinyl graphics and more,weak,,2026-06-22T13:10:45+00:00
f6d85481-bb66-4dbf-9ca0-b2af1f71d641,200,1,1,3669,,FNT | Sonoma Valley - Home,good,,2026-06-22T13:10:45+00:00
459685ce-b82e-4267-9867-63495160951e,200,1,1,289,Squarespace,Disney’s Screen Printing Lakeport - Custom Printed Apparel,good,,2026-06-22T13:10:45+00:00
1b300680-8925-4ee8-abfe-15d4510eb0a7,0,0,0,15056,,,broken,connection failed,2026-06-22T13:10:45+00:00
e944fe1d-fbe0-4230-8bb5-7eb3ee318d8c,404,1,1,365,Wix,,broken,,2026-06-22T13:10:46+00:00
8f0d4576-67b3-454e-9203-9c0b504bd6e4,200,1,1,1213,,Home,good,,2026-06-22T13:10:46+00:00
d2366d67-5187-45f9-a190-5ba68f9ca2fd,0,0,0,227,,,broken,"ssl: HTTPSConnectionPool(host='www.lakeport-ca.findstoragefast.com', port=443): Max retries exceeded with",2026-06-22T13:10:46+00:00
6ff57db3-6042-4f0b-952b-df331cc60588,200,1,1,330,Squarespace,Hill Road Self-Storage,good,,2026-06-22T13:10:46+00:00
cd42ec95-c5e2-4c59-8b4c-73c7a9fd519e,200,0,0,67,,Redirecting...,weak,,2026-06-22T13:10:46+00:00
e2be07bd-ee18-43de-b595-08b938014411,200,1,1,217,,Senior Care Services | senior center,good,,2026-06-22T13:10:46+00:00
34040ea4-445d-4655-ae5f-8ba35bd6546b,200,1,1,952,,"Self Storage Units &amp; Boat/Vehicle Parking in Lakeport, CA | Hwy 29 Mini Storage",good,,2026-06-22T13:10:46+00:00
f8bb435d-15d8-4637-871b-13bc8bb2ab82,200,1,1,430,Wix,HOME | SuitesOnMain K'ville,good,,2026-06-22T13:10:46+00:00
60b9a413-40ca-46fc-88fd-6388989c2438,200,1,1,1455,Wix,HOME | STARKEY CUSTOM,good,,2026-06-22T13:10:47+00:00
6b9dc025-c8a3-442f-be7d-a8a39b417db1,200,0,0,81,,,weak,,2026-06-22T13:10:47+00:00
3be5404b-d7e5-4ea5-bb28-12bbc0068fb1,200,1,1,364,Weebly,Ukiah Rifle and Pistol Club - Home,good,,2026-06-22T13:10:47+00:00
b9a1e7d4-93a1-44bc-9f55-7d58c7cd8ca0,200,1,1,1446,Wix,11th street mini storage Lakeport,good,,2026-06-22T13:10:47+00:00
fadb2a1c-0fd0-47ce-9b83-83161cb7094f,200,1,1,760,Squarespace,Cloverdale Quilting,good,,2026-06-22T13:10:47+00:00
343340d3-21be-4c31-8cbd-b3ff677a235e,200,1,1,2561,WordPress,"Ukiah MH & RV Park | RV & Mobile Home Park in Ukiah, CA",good,,2026-06-22T13:10:47+00:00
0535bf0b-fcb5-442c-a5b0-585ee994300a,200,1,0,422,,,weak,,2026-06-22T13:10:47+00:00
51843ba2-d4cd-4a87-9fd7-86f84ed696cc,200,1,1,560,GoDaddy,"Railroad Signal Contractor | Summit Signal, Inc",good,,2026-06-22T13:10:47+00:00
79b0880d-9681-4fc6-90a0-022611c22611,200,1,1,525,Webflow,Braggadoon Signs and Graphics,good,,2026-06-22T13:10:47+00:00
a1e6ccb6-d835-48cd-b632-b54e8787d595,200,1,1,1337,Shopify,"Village Sock Shop in Mendocino, California",good,,2026-06-22T13:10:48+00:00
533d86d1-df1f-40f5-b022-957865411aaa,200,0,0,247,,UTAH SKATING ACADEMY,weak,,2026-06-22T13:10:48+00:00
e3ece8d3-1910-4993-a5d6-4bdde6c4c556,200,1,1,1800,Wix,"The Koastal Kitchen Shop | kitchen supplies | 39132 Ocean Drive, Gualala, CA, USA",good,,2026-06-22T13:10:49+00:00
3999bd3b-85ac-4f10-9325-85c49e75a091,200,1,1,4989,WordPress,Point Cabrillo Light Station &#8211; A California State Historic Park,weak,,2026-06-22T13:10:52+00:00
28582134-44b4-4fb4-8667-dd888def976a,200,1,1,26929,WordPress,Cynthia Myers Glass | etched and sand-carved art glass,weak,,2026-06-22T13:10:52+00:00
d95e04ba-f52a-4d73-97df-226f45a776ca,200,1,1,201,,Lodge #2704 Welcome,good,,2026-06-22T13:10:53+00:00
9c274b34-2750-425b-a271-df1258765eeb,200,1,1,538,WordPress,,good,,2026-06-22T13:10:53+00:00
6e19044f-fe49-4168-8656-bf8e7e36b433,200,1,1,595,,Grandfather Tree - Grandfather Tree Gifts and More,good,,2026-06-22T13:10:53+00:00
49a0dd1d-27e9-4432-b80c-20e9a3ee036a,200,1,1,285,Shopify,California Balsamic,good,,2026-06-22T13:10:53+00:00
62f21291-7e9b-4c46-a01c-bf3c87823ea4,200,1,1,675,,5G影视 - 极速光影新纪元 | 5G秒开免费影院,good,,2026-06-22T13:10:54+00:00
a4650cdc-33b3-4963-8363-3cc2c3083f01,200,1,1,1327,,Texas Eclipse &amp; 2024 Teaching Tour Kick Off!,good,,2026-06-22T13:10:55+00:00
7a9b49f9-d468-45d6-b7a6-09f6279db72e,200,0,1,401,,,weak,,2026-06-22T13:10:55+00:00
9dd91c56-4fde-4966-9ea3-7c80ceb259b1,410,1,1,431,,Error - Chamber of Commerce - The Most Trusted Online Business Community,broken,,2026-06-22T13:10:55+00:00
c0dde7ec-97b5-4a33-9da2-5b908930d5f4,0,0,0,50,,,broken,connection failed,2026-06-22T13:10:55+00:00
7fc765ef-d722-4527-8f7d-56a30baedbaf,0,0,0,15279,,,broken,connection failed,2026-06-22T13:10:57+00:00
5c62f21c-6ea7-4806-92b2-9782626b46ac,0,0,0,15253,,,broken,connection failed,2026-06-22T13:10:57+00:00
f8b20f98-0f3f-4f2e-9990-7a43c523cc9b,200,1,1,3089,WordPress,School of Adaptive Agriculture &#8211; Providing the skills and knowledge to support the food and farming culture of tomorrow.,good,,2026-06-22T13:10:57+00:00
563e8032-cab8-4ebc-b05d-7746563cbad0,200,1,0,610,,"The Broiler Steak House | BroilerSteaks.com - Ukiah and Redwood Valley's Original, Family-Run Steak House",weak,,2026-06-22T13:10:58+00:00
a32b43d4-d2a7-4f2c-a7d1-6d8ebe5e49bf,200,1,1,125,WordPress,Gentle Hands Moving &#8211; Furniture Mover,good,,2026-06-22T13:10:58+00:00
7606b4df-bff9-4945-b0fa-8ef0b04bbacc,200,1,1,1422,WordPress,Alder Moving Services,good,,2026-06-22T13:10:58+00:00
a84a1693-5f66-4a40-8cb9-8b5fcf2c7fbe,200,1,1,785,,Storage Facility in Kelseyville CA | Kelseyville Main Street Storage,good,,2026-06-22T13:10:58+00:00
60355a4a-2c1b-4d73-9c0d-ac599277dd6e,0,0,0,116,,,broken,connection failed,2026-06-22T13:10:59+00:00
12d377cc-549f-4860-8ed9-b721a946d3bf,200,1,1,243,,IGA | Local = Fresh,good,,2026-06-22T13:10:59+00:00
a30cbd54-b240-4149-892f-8ccfe35bbf64,403,1,0,197,,Service unavailable,broken,,2026-06-22T13:10:59+00:00
f1190cd6-0326-454e-97e6-0fd756292ca8,0,0,0,111,,,broken,connection failed,2026-06-22T13:10:59+00:00
a00416fa-e152-454a-8110-317767b32e91,200,1,1,786,,"Self Storage Units in Lakeport, CA | Lakeport Storage",good,,2026-06-22T13:10:59+00:00
a1cd03ee-9d91-41d8-9c6e-626971c780fb,0,0,0,20197,,,broken,connection failed,2026-06-22T13:10:59+00:00
f692c138-99c3-4cd6-9eb1-68ec8c696975,200,1,1,299,Squarespace,Gloriana Musical Theatre,good,,2026-06-22T13:10:59+00:00
7f259a67-9ef6-4e01-91dc-26ed3766493e,200,1,1,360,Wix,Performing Arts | Ukiah Players Theatre | Ukiah,good,,2026-06-22T13:11:00+00:00
2b7da6f6-e4d4-4bd0-be28-b9c92c70173a,200,1,1,11169,WordPress,Norcal Skydiving | Tandem Skydiving in Sonoma County,weak,,2026-06-22T13:11:00+00:00
0e7ce3d8-574f-4ddf-8471-b4cdcced14a5,200,1,1,732,,Your Online Store | AT&amp;T Wireless,good,,2026-06-22T13:11:00+00:00
4d3c1637-6dfa-44f9-a8f0-c87292689139,200,1,1,428,,"St. John's Church, Lakeport - Lakeport, California",good,,2026-06-22T13:11:00+00:00
3d3b71dd-dbc9-4c2c-ab66-b8c468034bac,0,0,0,55,,,broken,connection failed,2026-06-22T13:11:00+00:00
990f285f-04bd-4c49-8177-c1a28428bccc,200,1,1,305,,Ukiah Estate Thrift Shop Ukiah | Unique Finds &amp; Local Deals,good,,2026-06-22T13:11:00+00:00
b685c7ed-892b-4d3c-9b82-83f3c2ed128a,200,1,0,689,,hospicethrift23 on eBay,weak,,2026-06-22T13:11:00+00:00
14a9f402-fa72-4af2-ba11-64a91ddd1b57,0,0,0,151,,,broken,connection failed,2026-06-22T13:11:00+00:00
9df75618-210c-4879-9315-6a45d9398438,200,1,1,264,WordPress,Brown Bear Car Wash,good,,2026-06-22T13:11:00+00:00
f3a378eb-b47f-4abe-b623-0e60df82e219,200,1,1,694,,Symphony of the Redwoods,good,,2026-06-22T13:11:01+00:00
2c908b7f-ba04-4870-92d6-ac06a7f1a631,0,0,0,132,,,broken,connection failed,2026-06-22T13:11:01+00:00
140fe072-ea14-4396-82e8-827a831f6809,200,1,1,508,,悠久影院 · 竹简光阴 | 卷轴片库 墨韵流芳|人人电影,good,,2026-06-22T13:11:01+00:00
8c829eba-e2cb-43c9-ae7d-43c097df842f,200,1,1,634,,"Cloverdale, CA - Official Website | Official Website",good,,2026-06-22T13:11:01+00:00
a42f5e40-d26c-46a8-81bc-6f786f0a0f12,200,1,1,173,WordPress,Cruises and Land &#8211; Let me help you see the world!,good,,2026-06-22T13:11:01+00:00
68d914a3-3d66-4fd1-96a2-b73559d99daa,200,1,1,607,GoDaddy,Buy spunkyskunkfortbragg.com – Premium Expired .com Domain on GoDaddy | ExpiredDomains.com,good,,2026-06-22T13:11:01+00:00
2159b533-3efe-4a68-8c3b-bd12c9b46958,200,1,1,776,WordPress,Visit Ukiah - Just Be U,good,,2026-06-22T13:11:01+00:00
569d2e52-df9e-4010-ad13-cc53c480eba2,200,1,1,471,,"Home | Jeremiah K Murphy, CPA Inc",good,,2026-06-22T13:11:02+00:00
3be197a4-8919-4fb3-93b8-e9af4a1deba0,200,1,1,232,WordPress,Welcome | Tomkins Tax Consultants,good,,2026-06-22T13:11:02+00:00
e27b89e9-20ca-407a-a585-855c56e85c79,200,1,1,1048,,Baroza Transport LLC - Site Under Maintenance,good,,2026-06-22T13:11:02+00:00
2e061b26-2693-4f4b-b97c-17138961a050,403,1,1,60,,Error Page | eBay,broken,,2026-06-22T13:11:02+00:00
ae0f5301-0b41-49c3-9ac7-0426d61d71df,200,0,1,855,,Penny&#39;s Personalized Awards &amp; Gifts,weak,,2026-06-22T13:11:02+00:00
2bab2da6-0f97-44cf-9450-7d04e4b37854,0,0,0,20250,,,broken,connection failed,2026-06-22T13:11:02+00:00
f51bc751-f2c6-4f6b-bb25-16f2cd802342,200,1,1,305,,Used Cars Kelseyville CA | Used Cars &amp; Trucks CA | Lady Luck Garage,good,,2026-06-22T13:11:02+00:00
f0276ca4-a910-4c39-9f56-bb6e768a89e7,403,1,1,404,,Just a moment...,broken,,2026-06-22T13:11:02+00:00
fd438e79-ec79-4a5f-8101-2d8f2dea2228,0,0,0,15180,,,broken,connection failed,2026-06-22T13:11:02+00:00
22f97c92-2936-40cb-af7c-f5db6bf05183,200,1,1,221,,"Restaurant supplies |Ukiah, CA | Ukiah Paper Supply, Inc.",good,,2026-06-22T13:11:02+00:00
a0370f15-066f-4794-99d4-5c1a513e2b4c,0,0,0,38,,,broken,connection failed,2026-06-22T13:11:02+00:00
5b8fa4bd-84ae-473d-b1fe-d47c96263632,0,0,0,15061,,,broken,connection failed,2026-06-22T13:11:02+00:00
758064fc-9c35-4bf2-93de-c71a33988b51,200,1,1,476,GoDaddy,"Willow County Water District - Water, District",good,,2026-06-22T13:11:02+00:00
b77ae0df-b24a-4e30-b665-3bfffbe60753,403,0,1,55,,Just a moment...,broken,,2026-06-22T13:11:02+00:00
8bab9223-d777-422f-97a8-7163051d2ddc,0,0,0,15065,,,broken,connection failed,2026-06-22T13:11:02+00:00
7d5b2291-06e1-49af-a286-2db0723466b2,200,1,1,281,Squarespace,Creative Arts Ukiah | Unleash Creativity - Book Your Experience,good,,2026-06-22T13:11:02+00:00
a91a705a-6937-4705-8a5c-81f7ff33f384,200,1,1,104,WordPress,Corner Bit Excavation | Northern California | 707-354-0120,good,,2026-06-22T13:11:03+00:00
507f28d3-2cf4-4712-bf18-953ba9c19823,0,0,0,425,,,broken,"ssl: HTTPSConnectionPool(host='www.myspace.com', port=443): Max retries exceeded with url: /rackemup707 (",2026-06-22T13:11:03+00:00
ed0189ee-0463-47ae-a406-4f3d5f9c2242,404,1,0,259,,Hipcamp | listing not found,broken,,2026-06-22T13:11:03+00:00
3b774af8-f927-4547-bfe2-fbe75b2b2cfd,200,1,1,161,,California Camping Locations | KOA Campgrounds,good,,2026-06-22T13:11:03+00:00
ca5b5e24-f0c0-46cd-bfca-8bcbfc599306,200,1,1,925,,Request Information | Marines,good,,2026-06-22T13:11:03+00:00
97c18654-1bb6-46d7-a1ad-033f65da4aaf,0,0,0,15112,,,broken,connection failed,2026-06-22T13:11:03+00:00
12c8475b-db1a-4df9-b2c2-5a38bd6080dd,200,1,1,684,,404 Page Not Found - Airbnb,good,,2026-06-22T13:11:03+00:00
7e4a3ff5-098f-43d9-8d00-aa3ccb13fb79,200,1,1,1338,WordPress,North Gualala Water Company website,good,,2026-06-22T13:11:03+00:00
6fb3ca5e-cf4c-4df3-b5eb-3a714539628b,200,1,1,290,Squarespace,Mendocino Magic | Discover &amp; Book Your Adventure,good,,2026-06-22T13:11:03+00:00
3c661f95-e99d-46f0-b207-1ab385859975,200,1,1,1038,,"Konocti Bicycles | Lakeport, CA",good,,2026-06-22T13:11:03+00:00
f59dba33-d6a0-4cab-bf0d-28ed071bd187,200,1,1,1876,Shopify,Salvarae Ultimate CBD Healing Salve,good,,2026-06-22T13:11:04+00:00
fe5028a4-b3ea-46be-bd9a-911352087bb6,200,1,1,232,,California Camping Locations | KOA Campgrounds,good,,2026-06-22T13:11:04+00:00
ff0bbb52-4027-41af-8e84-de11508072b9,200,1,1,436,Squarespace,Westport RV Park,good,,2026-06-22T13:11:04+00:00
21ed8963-5560-4c38-a7d2-071c6d251a16,200,1,1,546,Squarespace,"Mendocino Glamping &amp; Campground | Tents, Outdoor Showers",good,,2026-06-22T13:11:04+00:00
b319aceb-69a2-4cd3-ad40-1642fb280e1a,0,0,0,46,,,broken,connection failed,2026-06-22T13:11:04+00:00
4c540f7e-3a1d-4be9-95a5-d20e055fb0a0,200,1,1,567,Wix,Home | RedwoodAdventureCamp,good,,2026-06-22T13:11:04+00:00
79cde7da-865e-4d20-8dcb-83e65d750a09,0,0,0,112,,,broken,connection failed,2026-06-22T13:11:04+00:00
6b82c4b0-c0d0-439f-b5af-4e000ca06447,200,1,1,300,Squarespace,Classic Car Wash,good,,2026-06-22T13:11:04+00:00
dea78bff-4add-4d18-b6e0-922c2f15ce32,0,0,0,124,,,broken,connection failed,2026-06-22T13:11:04+00:00
89f8d492-528b-418d-9c10-084b31dc0ee5,200,1,1,213,Squarespace,Mendocino County Farmers Market Association,good,,2026-06-22T13:11:04+00:00
d8c83266-b660-4734-86dd-ca4a8a917c48,0,0,0,464,,,broken,"ssl: HTTPSConnectionPool(host='stillaguamish.asd.wednet.edu', port=443): Max retries exceeded with url: /",2026-06-22T13:11:04+00:00
312e097b-a8a6-413c-9664-e4efcc0f65d1,200,0,1,300,Squarespace,"OZ Farm | Sustainable, Eco-Friendly, Organic Wedding Venue on the Mendocino Coast amongst the Redwoods in Northern California",weak,,2026-06-22T13:11:04+00:00
4879f89e-32c3-48bb-822e-ae19a6368494,200,1,1,231,WordPress,Home - Strategic Financial Alliance,good,,2026-06-22T13:11:04+00:00
032ce3f8-152b-49e9-a77b-74d9e0d410af,200,1,1,585,Weebly,Hopland Heirloom farm farmstand | Hopland Heirloom Farm,good,,2026-06-22T13:11:04+00:00
a8b23542-3a36-4651-9dfc-fcbfbb8bc3e3,0,0,0,113,,,broken,connection failed,2026-06-22T13:11:04+00:00
4b7075d1-2a32-4046-97b0-ac6fe920041e,200,1,1,2341,WordPress,California Estate Planning | Law Office of Dennis Fordham,good,,2026-06-22T13:11:04+00:00
864b0566-4404-49a1-b804-60a8fcab9b89,200,0,1,261,Weebly,Home,weak,,2026-06-22T13:11:04+00:00
89990b32-dfa8-46a9-ac1b-cc3ca13fea15,0,0,0,15,,,broken,connection failed,2026-06-22T13:11:04+00:00
4780514e-830d-465f-96c4-29a1e3d38bd2,200,0,0,132,,,weak,,2026-06-22T13:11:05+00:00
b8d23c58-82d2-444f-864b-4a0e894d51b3,200,1,1,686,Webflow,Westport Volunteer Fire Department | Emergency Services,good,,2026-06-22T13:11:05+00:00
d72dbb71-f337-467b-ba02-cba9c75c59f6,200,1,1,330,Squarespace,NORVELL&#39;S,good,,2026-06-22T13:11:05+00:00
35e3b0ea-d979-4133-b935-3217ed451f06,200,1,1,839,,Comptchefire - All About Everything,good,,2026-06-22T13:11:05+00:00
923cae6a-016b-412b-8fe0-cb6eb3cdb906,404,0,0,261,,404 Not Found,broken,,2026-06-22T13:11:05+00:00
d088468e-e28c-448c-bb86-53b12c5f63fc,200,1,1,544,WordPress,"Kelley House Museum Mendocino | History, Research, Events, &amp; Tours",good,,2026-06-22T13:11:05+00:00
0c27de16-474c-4fcc-8145-01a328fd9ce8,0,0,0,209,,,broken,connection failed,2026-06-22T13:11:05+00:00
8fbd6d07-d3a3-447a-8577-2d866c900230,429,1,1,508,,Bot or Not?,broken,,2026-06-22T13:11:05+00:00
662da5ee-7174-42d4-aa73-4e0d13d6691d,200,1,1,478,GoDaddy,Caddell &amp; Williams &#8211; a catalog of spirits distilled using craft methods,good,,2026-06-22T13:11:06+00:00
7204529e-0391-45d7-be4e-b8df141f2482,200,1,1,686,,"Sean Leland - State Farm Insurance Agent in Fort Bragg, CA",good,,2026-06-22T13:11:06+00:00
047035cc-aaf7-4599-87a3-9b2c01bcdc90,200,1,1,2138,,"Personal Loans in Suisun City, CA 94585 | Payday Loans and Title Loans | Advance America",good,,2026-06-22T13:11:06+00:00
23140159-ed33-4e50-ad09-cd0849b31ed3,200,0,0,262,,"Rainbow Lodge, Lakeport, California",weak,,2026-06-22T13:11:06+00:00
4b64790f-cab6-4917-a38d-a2d3dc9b3178,200,1,1,1882,Wix,Guns &amp; Ammo | Mendo Munitions | 904 N State Street - UKIAH,good,,2026-06-22T13:11:06+00:00
3ce57a6c-33b2-4a84-82d8-7da29d5448e6,200,1,1,438,WordPress,DaVita Kidney Care,good,,2026-06-22T13:11:06+00:00
b7dbd95b-ef30-4bb8-8f5b-453fa2d84805,200,1,1,689,Wix,Home | FlyingHammer,good,,2026-06-22T13:11:07+00:00
173484cb-b32c-4e45-8310-22afba353444,200,1,1,1061,WordPress,"Mendocino Community Health Clinic, MCHC Health Center",good,,2026-06-22T13:11:07+00:00
8d7b9db7-f2da-4a34-91c0-a5a7a9214f4b,0,0,0,129,,,broken,connection failed,2026-06-22T13:11:07+00:00
1e6b0500-c168-4c15-8a85-9682d571c2fb,429,1,1,406,,Vercel Security Checkpoint,broken,,2026-06-22T13:11:07+00:00
8a78df1f-b07f-4a6b-aad1-d6ba1dfbeacc,0,0,0,24,,,broken,connection failed,2026-06-22T13:11:07+00:00
504c4155-8bca-4d2d-b0dd-3a2af540f462,200,1,1,547,Weebly,"Holistic Bodywork &amp; Intuitive Guidance | Fort Bragg, CA",good,,2026-06-22T13:11:08+00:00
9c4af0f2-51ff-4fb8-b593-dc31ed11fddd,200,1,0,672,,"Custom Coatings of Ukiah, The powder coating and sandblasting specialists, when quality and performance matter most come to custom coatings of ukiah, sand, sanblasting in ukiah, powder, coating, powde",weak,,2026-06-22T13:11:08+00:00
a6415d0b-3536-4ed3-b4ea-057d75d2f568,200,1,1,2108,,Slot Demo Gratis: Akun Demo Slot Gacor Pragmatic Play Demo Terlengkap,good,,2026-06-22T13:11:08+00:00
10a1156f-7e20-42c0-80e7-414985d67cca,200,1,1,4851,WordPress,SunHawk Farms | Eco Resort Northern California | Hopland Lodging,weak,,2026-06-22T13:11:08+00:00
3f78beea-a07a-4399-8104-abe0df661b73,200,1,1,397,WordPress,Home Page - The SkunkFM,good,,2026-06-22T13:11:09+00:00
0cc7f1ff-e5fc-47df-af80-76d0b4458a8c,200,1,1,281,WordPress,Home | The Lodge at Blue Lakes,good,,2026-06-22T13:11:09+00:00
664e72f2-294c-439b-aa84-6cfc5f3c7767,200,0,0,148,,,weak,,2026-06-22T13:11:09+00:00
f96a7dfb-946b-4b3d-951b-3bf9d047898a,200,1,0,596,,"Northern California Retreat Center, Conference Center for yoga or spiritual retreats, corporate conferences or weddings",weak,,2026-06-22T13:11:09+00:00
d29e062b-51e1-4c24-bb01-e43382aa5c40,403,0,1,240,,Just a moment...,broken,,2026-06-22T13:11:09+00:00
60e7f94b-f7c1-4432-935b-fc8b6598202a,200,0,0,1202,WordPress,"North Coast Fire, CPR, &amp; EMS Training",weak,,2026-06-22T13:11:10+00:00
129c5deb-6f79-4956-9027-449fc9552fc2,200,1,1,177,Webflow,"If the Shoe Fits, Shoe Store, 337 N Franklin St",good,,2026-06-22T13:11:10+00:00
5f2b1353-e6ec-4b76-b829-b9495b0fadc6,0,0,0,15082,,,broken,connection failed,2026-06-22T13:11:11+00:00
bfae3388-9407-470b-a58a-f507a78b4c52,200,1,1,1153,Shopify,"Village Cobblery | Shoe Repair &amp; Artisan Pantry, Gualala CA &ndash; The Village Cobblery &amp; Provisions",good,,2026-06-22T13:11:11+00:00
c77d4ce2-1f19-4d06-bb27-d13249ffa0bf,0,0,0,15018,,,broken,connection failed,2026-06-22T13:11:12+00:00
18cdf40a-c8ec-4fc8-afc6-5f28f9de5292,200,1,1,2061,WordPress,Front Page - DYF,good,,2026-06-22T13:11:13+00:00
19869d5b-5857-4464-9cfa-d74fd3f88585,200,1,1,2501,WordPress,KRGC |,good,,2026-06-22T13:11:13+00:00
0c0a4c8a-9a8b-4745-89de-b7a5da76d423,200,1,1,249,,Mendocino Coast Gem and Mineral Society,good,,2026-06-22T13:11:13+00:00
ad6f1a71-4109-4c92-a4f9-eb95eaf953a9,0,0,0,32,,,broken,connection failed,2026-06-22T13:11:13+00:00
93148435-bcb9-46de-953b-563bee7e5032,200,1,1,301,Wix,HOME | AV Skate Park,good,,2026-06-22T13:11:13+00:00
72e98276-0a95-48af-bae4-2d0d4456f33f,200,1,1,446,,"Music Together Sea Stars - Sing, Dance &amp; Play!",good,,2026-06-22T13:11:13+00:00
16c1310e-5dab-463c-972a-f8fa48361f66,200,1,1,7640,,Welcome to Northern Aggregates - Northern Aggregates,weak,,2026-06-22T13:11:14+00:00
e98fb284-265a-4d0d-b9fe-563536748e98,200,0,1,2688,WordPress,"CASA of Mendocino County - We train and support court appointed volunteers to be voices for abused, neglected, or delinquent children in the court system.",weak,,2026-06-22T13:11:14+00:00
24a11996-3c4c-4290-ba73-8a8b59f07cbf,200,1,1,1284,,Westport-Union Landing State Beach,good,,2026-06-22T13:11:16+00:00
532e195a-607d-4ca7-bcab-72c66cca0fed,403,1,1,130,,Just a moment...,broken,,2026-06-22T13:11:16+00:00
875634ff-753f-419c-8495-d0df1d5682a9,0,0,0,304,,,broken,connection failed,2026-06-22T13:11:16+00:00
177b6a35-24e9-49dc-90c5-3fdec5c3f493,200,0,0,154,,,weak,,2026-06-22T13:11:16+00:00
d306cc28-7ca5-4fbf-a800-c57e04b34b53,200,1,1,8271,WordPress,Coastal Mendocino Association of REALTORS® &#8211; The Voice for Real Estate on the Mendocino Coast,weak,,2026-06-22T13:11:17+00:00
ac09c178-49ef-4de5-aa50-9f11b7dcdddb,0,0,0,76,,,broken,connection failed,2026-06-22T13:11:17+00:00
ced4e658-59a8-4c98-ab8e-882c5ae76b5e,200,1,1,1548,WordPress,The Sea Sanctuary &#8211; Oceanfront Vacation Home,good,,2026-06-22T13:11:18+00:00
f9072331-d75a-47a5-8cfc-612b0ffad7b1,200,0,0,177,,Redirecting...,weak,,2026-06-22T13:11:18+00:00
d1341432-532b-429a-9960-fa8599a22853,0,0,0,15173,,,broken,connection failed,2026-06-22T13:11:18+00:00
f59881d5-5540-4c9c-9d84-40d13fcf074f,0,0,0,37,,,broken,connection failed,2026-06-22T13:11:18+00:00
50e89d77-6851-4f65-a0c4-2d6aba519077,0,0,0,15017,,,broken,connection failed,2026-06-22T13:11:18+00:00
1f217328-62a2-4f0b-a608-98c2f87221fb,200,0,0,296,,Beauty Salon Equipment and Spa Equipment,weak,,2026-06-22T13:11:18+00:00
f0305f5c-a00f-49e9-9990-acfb35254501,200,1,1,551,WordPress,Mendocino Forest Products,good,,2026-06-22T13:11:19+00:00
98ecf21a-a0e9-4a26-a9c4-6a0a3836bffc,200,1,1,1226,WordPress,Home - Big John Manufacturing,good,,2026-06-22T13:11:19+00:00
0614cbbc-493f-4bc6-8bf2-efaf49973123,202,0,0,159,,,weak,,2026-06-22T13:11:19+00:00
acc36858-6805-4daf-89fd-c7fcb97bbd8b,0,0,0,15176,,,broken,connection failed,2026-06-22T13:11:19+00:00
a7c2389c-1386-4cca-9ead-c690b926927c,0,0,0,39,,,broken,connection failed,2026-06-22T13:11:20+00:00
79229bfa-42ff-4f4e-a02f-a3af3b774b26,200,1,1,502,Shopify,Dog Accessories | Designer Fashion for Dogs | Waggy Pups,good,,2026-06-22T13:11:20+00:00
0ed11658-7d99-4636-a8d1-d9b749a74ea1,200,1,1,416,WordPress,Rescue Solutions,good,,2026-06-22T13:11:20+00:00
b7993e7d-0a21-4411-bbce-e04acc90e8a8,403,1,0,137,,etsy.com,broken,,2026-06-22T13:11:20+00:00
a1283600-0bfa-4bb8-8542-19794a0bfc10,200,1,1,2313,Wix,SHOP - Submitted | Cyan Art Studio,good,,2026-06-22T13:11:21+00:00
89468945-a5d4-4467-ac8b-dbd1678e0593,200,1,1,517,Shopify,North Bay Marine Electronics,good,,2026-06-22T13:11:21+00:00
80c7bdc1-e532-41e6-a587-5395760b97ba,0,0,0,110,,,broken,connection failed,2026-06-22T13:11:21+00:00
4e74883d-450e-4d9d-a72e-857f83dab40e,200,1,1,201,GoDaddy,Home - Mendo Cabins,good,,2026-06-22T13:11:21+00:00
2f154ed9-c1e4-4a97-b03a-6d14c2559836,200,1,1,408,Webflow,Radiomazz - kwwf RadioMazz,good,,2026-06-22T13:11:21+00:00
451bafed-8430-47d2-b569-eeadf84be7af,200,1,1,218,Squarespace,Living Light,good,,2026-06-22T13:11:21+00:00
cc920d9c-1051-4da5-baf1-60871e3a27d8,200,1,1,3181,WordPress,Home - Images By Mathew,good,,2026-06-22T13:11:22+00:00
f33e9d28-aca1-4c36-a212-8e04b8835844,200,1,1,246,,"Cloud9 Smoke Shop | Ukiah, CA",good,,2026-06-22T13:11:22+00:00
6295dbfd-d509-4705-95c0-2d47f858c4a1,200,1,1,398,Weebly,NEA BIG READ IN LAKE COUNTY - Home,good,,2026-06-22T13:11:22+00:00
194b13dc-e2fe-4e74-a0ec-2fa150911b83,0,0,0,17217,,,broken,connection failed,2026-06-22T13:11:23+00:00
7770f339-016c-45e5-9097-5d785c126155,200,1,1,377,Wix,Dow &amp; Associates | Transportation Planning Consultants,good,,2026-06-22T13:11:23+00:00
3640e300-0e65-4792-aa17-3f6fae4afd93,0,0,0,15309,,,broken,timeout,2026-06-22T13:11:23+00:00
6086c910-2661-4174-9602-0e44f3058538,200,1,1,458,,Home | Darn Cute Quilts and Fabrics,good,,2026-06-22T13:11:23+00:00
cd7ebd61-9a01-4764-a5d0-0d22624a8b06,200,1,1,750,GoDaddy,Residential Drafting Services | Morgan Cad and Design,good,,2026-06-22T13:11:23+00:00
f9d67f5e-8245-456f-b524-b3529e105d8a,0,0,0,37,,,broken,connection failed,2026-06-22T13:11:23+00:00
c90e2114-10d9-4f74-9c5b-0833f513157c,409,0,1,164,,DNS resolution error | chaosantanafarm.com | Cloudflare,broken,,2026-06-22T13:11:23+00:00
e22991ed-0699-4b56-8c3f-f4dda2911a9c,200,1,1,456,Squarespace,Mia Bea Wines,good,,2026-06-22T13:11:23+00:00
a6c20afa-59a3-4636-b7c2-6cefcb159129,403,1,0,88,,etsy.com,broken,,2026-06-22T13:11:24+00:00
d5e5bb1c-d0da-4de5-8169-4055747cc374,0,0,0,416,,,broken,"ssl: HTTPSConnectionPool(host='twiningpastures.com', port=443): Max retries exceeded with url: / (Caused ",2026-06-22T13:11:24+00:00
f1daed7e-bc88-486f-be64-29f815ba0237,0,0,0,40,,,broken,connection failed,2026-06-22T13:11:24+00:00
f5a7aaf4-f913-4f54-a8e4-8a4c1125c24b,200,1,1,4207,,Mendocino Community Network,weak,,2026-06-22T13:11:24+00:00
e6827a41-49c6-41de-bc58-13493251c22c,200,1,1,3027,WordPress,Claudia Wenning &#8211; Claudia Wenning &#8211; Quantum Level Health,good,,2026-06-22T13:11:24+00:00
d7d2a88b-120c-4723-a132-7d0232c32f64,200,1,1,362,,hauntedlakecounty.com,good,,2026-06-22T13:11:24+00:00
15161437-5fb7-41be-8ec7-d13969b8010a,0,0,0,111,,,broken,connection failed,2026-06-22T13:11:25+00:00
e81c6d1e-5585-4900-a370-7405ed94b33f,0,0,0,39,,,broken,connection failed,2026-06-22T13:11:25+00:00
51de1029-bff0-42e7-ba5d-55f4c2e4fc5c,402,1,0,637,,Lodgify Errors Module,broken,,2026-06-22T13:11:25+00:00
12a19d9a-923b-44ce-aea3-fea5a220c532,200,1,1,1764,Wix,Home | Killian Honey,good,,2026-06-22T13:11:25+00:00
a920b21a-28be-44e0-bcbc-02faa3953bf1,200,1,1,760,,Winery Management Software | VinNOW â Streamline Your Tasting Room,good,,2026-06-22T13:11:25+00:00
ba73ff05-2dfb-4dba-ba7b-fe31c4c71138,200,1,1,406,,"Two-Way Radio Systems | Windsor, CA | 707-246-4794",good,,2026-06-22T13:11:26+00:00
6f0bb04e-2a39-45ba-b65b-6208529e1669,200,0,0,701,,Directnic Expired Domain,weak,,2026-06-22T13:11:26+00:00
9a6e62b3-2422-499a-b2ff-6685774bb9c8,0,0,0,14,,,broken,connection failed,2026-06-22T13:11:26+00:00
241058a7-82a5-40a8-a454-111f012e1252,0,0,0,15016,,,broken,connection failed,2026-06-22T13:11:26+00:00
cc03e944-c7b4-44a5-9c90-c993cd3c4730,0,0,0,107,,,broken,connection failed,2026-06-22T13:11:26+00:00
b411c59b-e0f6-4864-ad40-eab740295f42,202,0,0,330,,,weak,,2026-06-22T13:11:26+00:00
165c2f80-cd6f-43cf-8ea8-887b05ccde8e,200,1,1,262,WordPress,Spirit Wisdom &#8211; Healing begins the moment we return to the wisdom of the soul.,good,,2026-06-22T13:11:26+00:00
b7c8d0bd-7f11-47c9-b544-323b7a4f9825,404,1,0,302,Squarespace,Squarespace - Website Expired,broken,,2026-06-22T13:11:26+00:00
8556ad39-f73c-4436-b394-2e20f0d92e44,200,1,1,541,GoDaddy,Garden Rebels Wholesale,good,,2026-06-22T13:11:26+00:00
8de04329-e60e-4621-b818-b11b4eefe659,202,0,0,188,,,weak,,2026-06-22T13:11:26+00:00
53fd2a22-ce8b-4b8e-8956-ba8b69739182,200,1,1,441,Squarespace,Menu | Experience Life&#39;s Miracles,good,,2026-06-22T13:11:26+00:00
a1a7662d-e5b0-4c25-9fcc-354fc7e644cb,0,0,0,104,,,broken,connection failed,2026-06-22T13:11:26+00:00
e0f03db7-3b91-42e6-a49c-1bcd66fd9a92,403,1,0,81,,etsy.com,broken,,2026-06-22T13:11:26+00:00
5e133ed3-dfd0-4c15-adbd-a447cd593b69,200,0,1,508,,Rechat agent website 2 dark,weak,,2026-06-22T13:11:27+00:00
5042f776-07aa-48bc-9238-5c9349a5be44,200,1,0,509,,Ruzicka Associates,weak,,2026-06-22T13:11:27+00:00
e5d794d7-b871-4b7b-8221-b1f199e8ce9e,0,0,0,46,,,broken,connection failed,2026-06-22T13:11:27+00:00
1cc445e3-4a7d-4ac0-bafa-2cc448598f9f,200,1,1,1343,WordPress,Friends of Taylor Observatory &#8211; Window to the Universe,good,,2026-06-22T13:11:27+00:00
10acb331-4b6c-445e-8fca-d1fe990547cf,200,0,1,284,Squarespace,"OZ Farm | Sustainable, Eco-Friendly, Organic Wedding Venue on the Mendocino Coast amongst the Redwoods in Northern California",weak,,2026-06-22T13:11:27+00:00
dcbfe656-3d56-4e4c-bd7f-e1b3dd077896,0,0,0,112,,,broken,connection failed,2026-06-22T13:11:27+00:00
5755df18-0e9d-4136-a3c7-0243405ecd96,404,1,0,201,,Not Found,broken,,2026-06-22T13:11:27+00:00
f67e75e3-a72f-4ab8-99e8-fb1188cccccd,200,1,1,862,,"Embodiment By Mel | Health &amp; Beauty in Willits, CA",good,,2026-06-22T13:11:27+00:00
e7d9fcf3-b654-4272-b633-bec81c74cc8a,200,0,0,353,Weebly,Blank Title - Home,weak,,2026-06-22T13:11:28+00:00
2404c2e7-4657-4ff0-a6d6-8b6ee44e7ffa,200,1,1,477,WordPress,"Local Food Marketplace - Software for Farms, Food Hubs, and CSAs",good,,2026-06-22T13:11:28+00:00
1ac7b459-8231-4b8f-a2ed-35d9528dcb0c,200,1,1,258,GoDaddy,www.artscenestudio.com - Home,good,,2026-06-22T13:11:28+00:00
b223654d-23be-41b7-b219-652a9f40a1bc,200,1,1,4066,WordPress,Ukiah Golf Course | Ukiah Golf | Ukiah Golf Courses,weak,,2026-06-22T13:11:28+00:00
21b24b84-8435-4c5e-a96b-4c5d094115c0,200,1,1,376,,Henderson Studios,good,,2026-06-22T13:11:28+00:00
769a58e0-3f9d-463f-af30-c434af4ea266,200,1,1,634,GoDaddy,Campos Casuals,good,,2026-06-22T13:11:28+00:00
603846c6-b3a6-47a1-9477-0285f96a7265,0,0,0,15033,,,broken,connection failed,2026-06-22T13:11:28+00:00
f9dcd246-e26e-4bab-ae49-64af71ee41f6,0,0,0,15017,,,broken,connection failed,2026-06-22T13:11:28+00:00
7c8d33e3-137f-4dd6-8fa1-8aba0f2f8e02,200,1,1,706,Wix,"Golden Cup Homestead | retreat center | Mendocino County, CA, United States",good,,2026-06-22T13:11:28+00:00
169136b0-caf4-458b-a4a6-342590dff48d,200,1,1,325,Shopify,The Soil King &ndash; The Soil King,good,,2026-06-22T13:11:29+00:00
2bfab623-49df-453e-94a6-7b84411d59e7,200,1,1,465,Squarespace,Taste of Redwood Valley,good,,2026-06-22T13:11:29+00:00
884abe26-a1d9-4d99-aa89-08b33e4fa8eb,200,1,1,313,Squarespace,Sunset beach house,good,,2026-06-22T13:11:29+00:00
c5e9a0b3-53b4-468f-b05b-bd316350efed,200,1,1,755,GoDaddy,Buy newbandc.com – Premium Expired .com Domain on GoDaddy | ExpiredDomains.com,good,,2026-06-22T13:11:29+00:00
bb53a38a-676a-408e-8eae-200d17beda5c,0,0,0,15019,,,broken,connection failed,2026-06-22T13:11:29+00:00
31e5a047-a33b-4d6c-b71b-1f0d748f27c3,0,0,0,12,,,broken,connection failed,2026-06-22T13:11:29+00:00
bc9fe3b6-9ca7-4970-ad39-11911b2d34f4,0,0,0,216,,,broken,connection failed,2026-06-22T13:11:29+00:00
59d79995-ed7f-4521-b797-f3050a33bf90,200,1,1,516,Wix,Home | www.bluepelicanart.com,good,,2026-06-22T13:11:29+00:00
58c17011-0357-4632-9b93-6ad65b55873c,0,0,0,132,,,broken,connection failed,2026-06-22T13:11:29+00:00
d9f76933-6e4b-41ba-b677-e8be10b98e24,200,0,1,580,,"PACIFIC AIRTAXI - Private Flights for Business, Family, Personal air travel",weak,,2026-06-22T13:11:29+00:00
87d08169-f1c3-41b0-ab91-e4b67436be29,403,0,1,135,,Just a moment...,broken,,2026-06-22T13:11:29+00:00
1f93c494-3cd1-4e1b-804a-f4bacf21b4e4,403,1,1,172,,Just a moment...,broken,,2026-06-22T13:11:29+00:00
2f089a9e-3bfc-4c95-82a8-9c2493450a6c,0,0,0,296,,,broken,connection failed,2026-06-22T13:11:29+00:00
67709883-6d53-428a-8c3c-0cdec91e06ca,0,0,0,147,,,broken,connection failed,2026-06-22T13:11:30+00:00
934e492e-1d17-4970-9a9e-7d5f52c2d87a,200,1,1,943,,"Home | Sew 'n Sew | Fort Bragg, CA",good,,2026-06-22T13:11:30+00:00
2f183ced-3147-415f-ad55-659fced4cf3c,404,1,0,231,,404 Not Found,broken,,2026-06-22T13:11:30+00:00
bf0debfd-d445-4f21-8d59-d7758f59e631,0,0,0,129,,,broken,connection failed,2026-06-22T13:11:30+00:00
16ab46e5-37d3-46a0-9d13-efa6f474362c,0,0,0,37,,,broken,connection failed,2026-06-22T13:11:30+00:00
9180b997-95ef-4c19-92ef-b88185e583a5,0,0,0,16,,,broken,connection failed,2026-06-22T13:11:30+00:00
5d9f1049-98dc-40a3-82f8-fb53a854c724,202,1,0,1991,,,weak,,2026-06-22T13:11:30+00:00
e0947418-5fd6-4e06-b560-94c6a45892e2,200,1,1,149,WordPress,"Best Online Marketing, SEO, Websites | Mendo Digital",good,,2026-06-22T13:11:30+00:00
c4fd6b3c-12d7-4471-aab1-364bf4fcbc39,0,0,0,162,,,broken,connection failed,2026-06-22T13:11:30+00:00
34c38614-d8a9-447a-8981-7561f94c36c0,200,0,0,940,,Redirecting...,weak,,2026-06-22T13:11:30+00:00
a702fa05-fd9c-41aa-8fc2-899b423b488d,0,0,0,157,,,broken,connection failed,2026-06-22T13:11:30+00:00
ca6c0073-c423-4b84-87a3-048eddfac8af,200,1,1,397,Wix,Hartstone Bible Camp | Northern California Christian Campground,good,,2026-06-22T13:11:30+00:00
b3ff786d-da11-4c53-a3ba-6a62a430e64b,0,0,0,115,,,broken,connection failed,2026-06-22T13:11:30+00:00
b797d809-f187-4a6e-a929-cce288737912,200,1,1,1616,WordPress,Home ~ seavalleycafe.com,good,,2026-06-22T13:11:31+00:00
341275df-8252-4940-9718-629870c1cffb,200,1,1,1887,WordPress,Family Tree Service - Professional Tree Care | Willits CA,good,,2026-06-22T13:11:31+00:00
c637c557-e0a8-400e-b8fb-b732842a954f,0,0,0,15081,,,broken,connection failed,2026-06-22T13:11:32+00:00
97674959-7e08-403a-808b-c95e9a497d11,200,1,1,785,WordPress,"Record-bee.com covers local news in Lake County, California. Keep up with all business, local sports, outdoors, local columnists and more.",good,,2026-06-22T13:11:32+00:00
f76a3f55-a7b2-4334-b35e-c03c8f64a4f4,200,1,1,1554,WordPress,Home - Robinson Rancheria Resort &amp; Casino,good,,2026-06-22T13:11:32+00:00
f4b6f485-e755-45da-b080-86dfad84f83b,0,0,0,107,,,broken,connection failed,2026-06-22T13:11:32+00:00
6dfdad4d-8544-417d-a016-8aa1f097179a,200,1,1,1963,WordPress,Holistic Healing | Cannabis Dispensary in Mendocino County,good,,2026-06-22T13:11:32+00:00
253e47cd-b895-431f-ad94-8be5369054b9,200,1,1,204,,Be All You Can Be | U.S. Army,good,,2026-06-22T13:11:32+00:00
279890a4-cc33-4801-afc6-03e60e72a5c1,200,1,1,625,WordPress,Retech,good,,2026-06-22T13:11:32+00:00
dffe0cec-b59d-4481-8831-614d5e9fa9eb,200,1,0,272,Squarespace,Willits Charter School,weak,,2026-06-22T13:11:32+00:00
74850b05-c4f2-4a3b-a0d3-3533573742c8,0,0,0,109,,,broken,connection failed,2026-06-22T13:11:32+00:00
75024c75-e5df-4874-acd6-718fa36b1a79,404,0,1,250,,404 - Page Not Found,broken,,2026-06-22T13:11:32+00:00
e28ee90a-a7f5-4b45-8748-afb1dc38a96c,200,1,1,2412,Wix,"Loving's Fireplace Services | Fireplace | 9479 Main St, Upper Lake, CA 95485, USA",good,,2026-06-22T13:11:33+00:00
b70920ae-ba59-4e12-8252-35a27575955b,200,1,1,1045,WordPress,"Mendocino Community Health Clinic, MCHC Health Center",good,,2026-06-22T13:11:33+00:00
fb45f32f-6fc3-4bfe-98e0-dc7f4985f5b2,200,1,1,819,WordPress,"Wynn Coastal Planning &#8211; Land Use Consultants in Fort Bragg, CA",good,,2026-06-22T13:11:33+00:00
0f5c41b5-1e8c-41ba-b7a6-f178842eb9c2,404,0,0,404,,SITE NOT FOUND,broken,,2026-06-22T13:11:33+00:00
22c220f8-510f-44b4-afc1-1fdefb53ef1e,200,0,1,290,,Petit Teton Farm,weak,,2026-06-22T13:11:33+00:00
b43b0f3f-0603-427c-b6c6-4b646e2fffcd,200,0,0,166,,,weak,,2026-06-22T13:11:33+00:00
086b9112-c810-4fc2-b09d-072259cf9590,200,1,1,539,Wix,Gun Store &amp; FFL Dealer in Ukiah CA | Chadwick Armory,good,,2026-06-22T13:11:34+00:00
70ec82e3-cc52-4973-ae01-cd9a60185a17,200,1,1,862,,&#20037;&#20037;&#20037;&#20037;&#20037;&#20037;&#20037;&#19968;&#27425;-&#20037;&#20037;&#22269;&#20135;&#27431;&#32654;&#26085;&#38889;&#39640;&#28165;&#19987;&#21306;-&#39321;&#34121;&#35270;&#3905,good,,2026-06-22T13:11:34+00:00
cfe09a37-4b45-4cac-879e-efd91953893e,200,1,1,391,,Inspector Toolbelt Widget Preview,good,,2026-06-22T13:11:34+00:00
c036abc4-5bec-4140-80de-af4c1348c6a7,200,1,1,1939,WordPress,Home - Northern Mendocino Ecosystem Recovery Alliance,good,,2026-06-22T13:11:34+00:00
90e7b12a-7601-4e56-afb4-a1e038bf7185,200,1,1,389,GoDaddy,MB Boarding and Rehabilitation,good,,2026-06-22T13:11:34+00:00
0aa66a5d-da3f-4d5c-a16e-f53befbc752f,200,1,1,1429,,"4 Oceanfront Cottages | EV | HotTub | PetFriendly - Houses for Rent in Mendocino County, California, United States - Airbnb",good,,2026-06-22T13:11:34+00:00
ecc31729-3a7c-4e87-894f-b87f4db52a3a,200,1,1,288,GoDaddy,"Life Insurance and Medicare Supplement, Ukiah, CA",good,,2026-06-22T13:11:35+00:00
92c7ff40-35ff-4268-bd52-8bbc699697aa,200,1,1,463,Wix,Wine Country Compressors | Air Compressors Sales,good,,2026-06-22T13:11:35+00:00
219b1459-08b3-48df-aff0-50d7a7bb014b,0,0,0,224,,,broken,connection failed,2026-06-22T13:11:35+00:00
47859883-f94c-44d9-8d73-2b41a4871151,0,0,0,55,,,broken,connection failed,2026-06-22T13:11:35+00:00
8289a69c-9119-4a14-bf07-71ceaa4163e8,200,1,1,3556,WordPress,Home - Synergy Family Services,good,,2026-06-22T13:11:35+00:00
280e0922-0855-4870-8700-c18d08a8fd6f,0,0,0,254,,,broken,connection failed,2026-06-22T13:11:35+00:00
ffcc2076-cf7c-4834-8dce-fe54c5cf686c,0,0,0,119,,,broken,connection failed,2026-06-22T13:11:35+00:00
66e4ce38-02a1-4c8f-ae76-575e1c7b99f3,0,0,0,110,,,broken,connection failed,2026-06-22T13:11:35+00:00
4d1c5bfe-033b-4e9c-ba69-c7ee35761ccf,0,0,0,64,,,broken,connection failed,2026-06-22T13:11:35+00:00
4891453b-9920-4222-ae92-fb1da3ce1940,0,0,0,107,,,broken,connection failed,2026-06-22T13:11:36+00:00
4268f975-bcc2-46ea-a92f-4a6617dfcffb,0,0,0,15174,,,broken,connection failed,2026-06-22T13:11:36+00:00
a44fef12-58e6-4ac5-a0fd-e4444ffdb4d9,200,1,1,1295,Wix,"Maureen Mulheren for Second District Supervisor of Mendocino County | The Mo You Know | Mendocino County, CA, USA",good,,2026-06-22T13:11:36+00:00
c8dbde92-d66f-45ea-82f7-c58a402761d4,200,1,0,606,,Banana Belt Properties,weak,,2026-06-22T13:11:36+00:00
d6a3e28c-3e43-495e-a8d0-ef1d1d4af51e,200,1,1,259,,,good,,2026-06-22T13:11:36+00:00
ff10fd72-6b00-42f3-961a-ddfbb0d22ce1,200,1,1,367,,Healdsburg Real Estate Agent | Kevin McDonald Wine Country,good,,2026-06-22T13:11:36+00:00
ab91dab9-36d0-43b8-acff-1c7028dec620,200,1,1,514,,Lake County Association of Realtors,good,,2026-06-22T13:11:37+00:00
1f0e6f7e-d702-437f-b7c6-2a2c5bc50cf5,200,0,1,80,,Portable bathroom rentals in Mendocino |&nbsp; Contact,weak,,2026-06-22T13:11:37+00:00
c2fdcdae-9188-4f64-88b3-7d70124da778,200,1,1,459,,Contact information,good,,2026-06-22T13:11:37+00:00
bf81d7cc-78b5-42cd-abff-c29847ca346d,403,1,1,385,,Just a moment...,broken,,2026-06-22T13:11:37+00:00
f8bfbca9-bd6a-4bd3-acf0-0b8a69e4b323,0,0,0,116,,,broken,connection failed,2026-06-22T13:11:37+00:00
22b1b68a-dfbf-42a9-be21-5a001011c0e8,403,1,0,301,,403 Forbidden,broken,,2026-06-22T13:11:37+00:00
74ec8aba-24fc-43a2-9c53-145a2380f0ce,0,0,0,47,,,broken,connection failed,2026-06-22T13:11:37+00:00
eeb1faf8-483d-44ba-8d0c-62feddc72460,200,1,1,7247,,HVAC Technician Lakeport | HVAC Installaions,weak,,2026-06-22T13:11:38+00:00
feabf46f-2dd2-41ce-acfe-e6c818d85e53,200,1,1,268,GoDaddy,North Coast Tsunami Cheerleading Team - Join Us!,good,,2026-06-22T13:11:38+00:00
9c7b8ebb-cc85-4d98-abff-63de0d8b5e4e,200,1,1,375,,Dewi4d: Bandar Togel Online | Login Dewi4d | Link Alternatif Dewi4d,good,,2026-06-22T13:11:38+00:00
1403907a-4214-40cf-bb5c-d651706b87da,200,1,1,548,,Home,good,,2026-06-22T13:11:38+00:00
b760819a-950f-4152-93fc-456b5436e963,202,0,0,327,,,weak,,2026-06-22T13:11:38+00:00
7410efff-be53-4bad-baec-13e8000a2c8d,200,1,1,1575,WordPress,Harmony Healing House | Inspiring Healing at all 4 Levels Using the 5 Keys to Wellness,good,,2026-06-22T13:11:38+00:00
c8e69d8e-5e52-4ec9-a342-dd1a75465176,202,1,0,436,,,weak,,2026-06-22T13:11:38+00:00
111260e8-247b-4302-8a90-9b5fa4414890,0,0,0,15069,,,broken,timeout,2026-06-22T13:11:39+00:00
910f38e7-c777-480c-8776-6bca24dadf52,200,1,1,500,WordPress,Home - Milo Foundation,good,,2026-06-22T13:11:39+00:00
fb7fcbd7-97cf-45cb-8e86-83f21e8503f5,403,1,0,589,,Access Denied,broken,,2026-06-22T13:11:39+00:00
43ba50c1-08ac-4cf3-bb93-7281b87bdb87,200,1,1,543,Squarespace,NOMA,good,,2026-06-22T13:11:39+00:00
a4bc02fd-3a68-4abb-a5e7-f4b2b7477c37,200,1,1,797,,RAJAGACOR 🎰 Platform Game Online Pragmatic Play Gratis Scatter Hitam,good,,2026-06-22T13:11:40+00:00
525465b8-046d-4479-8477-b48f32520aef,200,1,1,212,,Home Page | Four-Eyed Frog Books,good,,2026-06-22T13:11:40+00:00
ca238c7b-9d9c-4e87-8cd6-6ee399d6d3ee,200,1,1,686,,The Book Juggler,good,,2026-06-22T13:11:40+00:00
a1473d3c-7531-4969-b98f-70f24e6583b2,200,1,1,891,WordPress,Redwood Valley Gravel Products,good,,2026-06-22T13:11:41+00:00
65573bb3-a90d-4ee9-b426-6e09fb1ad4c4,200,1,1,201,,"Camping, Campgrounds &amp; Campsites | Camping Reservations | KOA",good,,2026-06-22T13:11:41+00:00
83305b8e-8137-4a41-baee-38d828c63cae,0,0,0,15023,,,broken,connection failed,2026-06-22T13:11:41+00:00
90338c47-4242-4bb5-995e-d3a8aaf61882,200,1,1,1252,WordPress,"J Bar S Ranch | Best Local Bison/Buffalo Steaks &amp; Burgers | Ukiah, CA",good,,2026-06-22T13:11:41+00:00
270c2eb3-ea3d-4a50-a02b-1d4c02a7d8e6,429,0,1,74,,Just a moment...,broken,,2026-06-22T13:11:41+00:00
9946f2e1-2ede-445c-ae28-5cf90c19c811,200,1,1,3634,WordPress,Jeff Kram ~ The Hardest Working Man in Real Estate,good,,2026-06-22T13:11:42+00:00
1ec954ed-546e-41b7-969f-1a079d8eb0ba,200,1,1,5444,WordPress,Willits Senior Center &#8211; Serving Our Senior Community Since 1974,weak,,2026-06-22T13:11:42+00:00
253b0b56-032e-4b10-9051-acfb18f24fdc,0,0,0,15018,,,broken,connection failed,2026-06-22T13:11:43+00:00
69bfbb2c-1f36-485c-8b11-8e33ac63143b,200,1,1,1086,Wix,Home | Redwood Empire Fair,good,,2026-06-22T13:11:43+00:00
09a25f8d-2ad6-4f75-96ce-3c36366b74b1,200,1,1,2182,,Mendocino National Forest | Recreation | Forest Service,good,,2026-06-22T13:11:43+00:00
dffca370-af34-440d-971f-566f8e040d83,200,1,1,203,,Valero | Advancing the Future of Energy,good,,2026-06-22T13:11:44+00:00
35b77d55-434b-4af3-81a9-8f35354197da,200,1,1,515,Wix,Home | PVCUSD,good,,2026-06-22T13:11:44+00:00
0c60670f-425f-4849-8075-99ee02778556,200,1,1,275,Shopify,Father's Day Sale — 15% Off Natural Supplements | RNC Store,good,,2026-06-22T13:11:44+00:00
f5e8fed3-3e7b-45d9-b371-a08b4e496648,200,0,0,196,,,weak,,2026-06-22T13:11:44+00:00
93b3b132-e6a5-4646-9557-b965bcf7595f,0,0,0,10019,,,broken,connection failed,2026-06-22T13:11:44+00:00
b9e8c6b1-2928-43e3-962a-d6934bd1d9b0,0,0,0,82,,,broken,connection failed,2026-06-22T13:11:44+00:00
0334bc48-1337-442e-b349-8422371cb93f,200,1,1,340,WordPress,Mendocino Forest Products,good,,2026-06-22T13:11:44+00:00
526b2bdb-527e-44d3-b80e-1d138dc1a8e2,200,1,1,178,GoDaddy,Custom Automated Gates - Mendocino Metals Inc.,good,,2026-06-22T13:11:44+00:00
9ed8476e-056e-4af5-9a6f-6ead1ea793e0,200,1,1,527,,Allied Information Networks,good,,2026-06-22T13:11:44+00:00
2e95af22-2998-41ab-80c4-170affb8870b,404,1,1,1209,WordPress,Page not found &#8211; Seabiscuit Heritage Foundation,broken,,2026-06-22T13:11:44+00:00
d97e6ab5-e639-4f95-812d-9460973e22eb,200,0,0,259,,"""Welcome to Gualala, CA""",weak,,2026-06-22T13:11:45+00:00
475b39b8-fa16-438b-80d0-ebb4d5ea3550,200,0,0,193,Weebly,Blank Title - Home,weak,,2026-06-22T13:11:45+00:00
2e3138ef-b5eb-4c59-bad1-bdf62529fd0d,0,0,0,106,,,broken,connection failed,2026-06-22T13:11:45+00:00
7801f933-329f-42ce-b82a-6409aae2963d,200,1,1,539,Wix,"Kelseyville, California – Wine Tasting, Dining, Shopping &amp; Outdoor Adventures",good,,2026-06-22T13:11:45+00:00
8c84a8c4-a2ec-4600-be9f-a0b4c3119084,200,1,1,461,GoDaddy,McAtee&#x27;s Marine,good,,2026-06-22T13:11:45+00:00
d7083ab6-9aee-4c85-96ee-7bcddd984831,200,1,1,1030,,Home | Superior Moving and Storage,good,,2026-06-22T13:11:45+00:00
bbd26a98-225b-48f4-8129-e689d1eb493b,200,1,1,619,,"Andrew Jones, Real Estate Agent - Compass",good,,2026-06-22T13:11:45+00:00
871bda40-c9c3-4e3b-a060-6a820533290c,0,0,0,118,,,broken,connection failed,2026-06-22T13:11:45+00:00
7eb09f32-a942-4a82-a726-707f1dda305a,200,1,1,485,,GlenMark Storage,good,,2026-06-22T13:11:45+00:00
c07668a2-d812-4af5-a09e-4ac30695b250,200,1,1,515,Wix,HOME | Law Artistry,good,,2026-06-22T13:11:46+00:00
b3e7aeff-97d9-4d1a-8249-2667c44fafae,200,1,1,402,GoDaddy,Fort Bragg Cannabis Dispensary with a Huge Selection and Low Prices,good,,2026-06-22T13:11:46+00:00
0b868d22-e876-403a-be28-696cd0af862b,200,1,1,762,Webflow,"All-In-One Salon, Spa &amp; Medspa Software | GlossGenius",good,,2026-06-22T13:11:46+00:00
1643495a-8f5d-406a-ad98-b4409ee6faa3,200,1,1,201,Shopify,Sell Your Cell Phone &amp; Tablets for Cash Today &ndash; ecoATM,good,,2026-06-22T13:11:46+00:00
28e305ed-ea1c-4ca4-9322-da2897366670,200,1,1,203,Shopify,Sell Your Cell Phone &amp; Tablets for Cash Today &ndash; ecoATM,good,,2026-06-22T13:11:46+00:00
e3fbc8b7-c716-46f3-ae26-a687b392ac1e,200,1,1,286,Weebly,"EVERGREEN UMC - FORT BRAGG, CA - Welcome to Evergreen",good,,2026-06-22T13:11:46+00:00
eae34919-9d28-40e0-a521-e88d08be3a03,200,1,1,736,Shopify,Mendocino Tree House | An Experience That Stays With You | mendocinotreehouse,good,,2026-06-22T13:11:47+00:00
574851bd-d523-4c36-af63-7b600923e4bd,200,1,0,394,,Lark Traditional Arts (Lark Camp) - YouTube,weak,,2026-06-22T13:11:47+00:00
f102df92-3dbc-4d06-88f4-23331ee26336,200,1,1,1562,,WhiteOak Farms,good,,2026-06-22T13:11:48+00:00
edf87d71-b14b-407c-a9b7-0057875da148,0,0,0,15567,,,broken,connection failed,2026-06-22T13:11:48+00:00
a6ec0884-bb90-4b5f-aa44-d3dc063f8d68,200,1,1,309,GoDaddy,My WordPress Site,good,,2026-06-22T13:11:48+00:00
f65a5e44-76f8-456f-8b9e-f00bc7ba74f5,200,1,1,1695,WordPress,DSR Security,good,,2026-06-22T13:11:48+00:00
2db69d92-cd3e-4e28-9d08-410e623e40c7,200,1,1,323,,"Home | Mendocino County, CA | Marvin’s Garden Tree Services",good,,2026-06-22T13:11:48+00:00
f5d63255-1340-4f2b-8dc8-b38ff7077bd0,200,1,1,6379,GoDaddy,Kelseyville Fire Protection District,weak,,2026-06-22T13:11:48+00:00
5882c644-a01e-4e17-a7d9-e535bb84e24f,200,1,1,1216,WordPress,Seabiscuit Heritage Foundation &#8211; The Home of Seabiscuit,good,,2026-06-22T13:11:49+00:00
a48b7d6b-24d5-49a4-9210-9806b0f855ee,0,0,0,71,,,broken,connection failed,2026-06-22T13:11:49+00:00
49b94ab2-7f0f-4bc2-a24e-d66efc068e15,403,1,0,830,,Access Denied,broken,,2026-06-22T13:11:49+00:00
9c746777-ee22-4eea-8854-da7244524c9c,0,0,0,125,,,broken,connection failed,2026-06-22T13:11:49+00:00
de48614e-7bf3-49d3-ab34-719b31a5f979,0,0,0,32,,,broken,connection failed,2026-06-22T13:11:49+00:00
c4b5b2ef-e002-462c-82cb-cf700278d1cc,0,0,0,15122,,,broken,connection failed,2026-06-22T13:11:49+00:00
d00cb52e-aa9c-42c4-affa-1a76a272e35b,200,1,1,914,,"Mendocino Hotel & Garden Suites - BEST RATES at our Mendocino, CA Hotel",good,,2026-06-22T13:11:49+00:00
b2515c1c-4f8c-4079-89e3-c080b304b4d0,200,1,1,174,WordPress,Visit Mendocino County - Visit Mendocino County,good,,2026-06-22T13:11:50+00:00
64615e17-4457-4a0d-a4da-ede8a7c937d9,200,1,1,4848,WordPress,Point Cabrillo Light Station &#8211; A California State Historic Park,weak,,2026-06-22T13:11:50+00:00
4320354c-dfa5-490f-bb8e-4779b2226bac,202,0,0,261,,,weak,,2026-06-22T13:11:50+00:00
42ed00a6-b6ed-4317-8941-9dcd2facb199,200,1,1,1937,WordPress,Home - Leslie's Accessible Walks,good,,2026-06-22T13:11:50+00:00
17b9e714-0943-4c3a-adb6-890d31cf4770,200,1,1,130,,Social Links | Golden State Web Consulting | Local Business Digital Marketing Experts 707-391-3312,good,,2026-06-22T13:11:50+00:00
9dc8e0d6-6e83-47ff-8756-e7e7f7acffbd,200,1,1,522,,"White’s Painting & Renovations | Ukiah, CA | Free Estimates",good,,2026-06-22T13:11:50+00:00
42944f7c-fc13-4e73-a236-1613ef311260,200,1,1,933,Wix,HOME | WT,good,,2026-06-22T13:11:50+00:00
4b897aea-08b9-4c5d-8bba-a4a7316d3307,0,0,0,108,,,broken,connection failed,2026-06-22T13:11:50+00:00
446b09b8-a140-428b-94b4-5137bd9a366f,200,1,1,532,Wix,Nor-Cal Properties &amp; Investments - Sell My House Fast - We Buy Houses FAST!,good,,2026-06-22T13:11:50+00:00
7c981015-440c-4028-979c-cd4b39cf9058,200,0,1,320,Squarespace,Anderson Valley Community Services District,weak,,2026-06-22T13:11:51+00:00
0465f9fe-fac2-4d6b-8de3-689078276ccc,0,0,0,15403,,,broken,connection failed,2026-06-22T13:11:51+00:00
3885d532-99c0-4496-bd2c-b72f4f8187f7,200,1,0,454,,AirNav: 1Q5 - Gravelly Valley Airport,weak,,2026-06-22T13:11:51+00:00
9ff6e731-59cf-437c-8422-ee2e5e84556b,200,1,0,348,,,weak,,2026-06-22T13:11:51+00:00
c9de8765-8621-4c90-990a-68f90abd17ca,200,1,1,741,,IONTOGEL - Situs Alternatif Bandar Togel Online Resmi 2026 Paling Terpercaya,good,,2026-06-22T13:11:51+00:00
41e72f23-8eda-4b00-b046-4bbfcb40110e,200,1,1,1946,WordPress,Solar Living Institute &#8902; Professional Solar Training Since 1998,good,,2026-06-22T13:11:51+00:00
898a3d75-eee2-46c5-af35-9195224ae298,200,1,1,1353,Wix,"Literacy Coalition of Lake County, CA",good,,2026-06-22T13:11:51+00:00
22561923-a828-47ab-98ef-f446bad8fcae,200,1,0,500,,,weak,,2026-06-22T13:11:51+00:00
d97a4af1-ed0b-4ed1-a021-a4f1246f4bd2,0,0,0,154,,,broken,connection failed,2026-06-22T13:11:51+00:00
73f6be32-739c-466f-925b-3fd06b92e332,200,1,1,188,WordPress,Legendary Beer - Anderson Valley Brewing Company : Anderson Valley Brewing Company,good,,2026-06-22T13:11:51+00:00
40a3e590-5b3f-403e-930b-cb52743706c7,0,0,0,65,,,broken,connection failed,2026-06-22T13:11:52+00:00
8178793e-50b2-46b7-b23e-4ef77cd2bf83,200,1,1,685,WordPress,Zacha&#039;s Bay Window Gallery,good,,2026-06-22T13:11:52+00:00
03e67a52-e32d-4628-9d85-94fb7ee42f70,200,1,1,10092,WordPress,La Vida Charter School,weak,,2026-06-22T13:11:52+00:00
694de2eb-2aca-4908-90a7-e10b0fe4381d,200,1,1,645,Wix,"Don's Kustoms | Custom Hot Rods &amp; Painting | 31052 Sherwood Road Fort Bragg, CA 95437",good,,2026-06-22T13:11:52+00:00
18832036-34f3-4ffe-92be-e943cd0371ca,200,1,1,610,,NAPA Auto Parts - Buy Car &amp; Truck Parts Online | Auto Supply Stores Near Me,good,,2026-06-22T13:11:52+00:00
791ae09f-5a6c-437e-8db0-904bd1d91278,200,1,1,166,WordPress,"Best Online Marketing, SEO, Websites | Mendo Digital",good,,2026-06-22T13:11:52+00:00
b98c0fd6-17b5-46c8-9385-3669ec6d46c5,200,1,1,326,Wix,"Mendocino Coast Botanical Gardens | Fort Bragg, California",good,,2026-06-22T13:11:52+00:00
dc60197d-d381-4b36-bfa2-30dd209b1edb,200,1,1,4604,WordPress,Dolphin Isle Marina and RV Park,weak,,2026-06-22T13:11:52+00:00
6ca0ef94-da27-4410-bdd4-7dac59db5bd9,0,0,0,39,,,broken,connection failed,2026-06-22T13:11:52+00:00
458eb4d7-313e-486d-9360-266dddfeada6,200,0,0,192,,,weak,,2026-06-22T13:11:52+00:00
77f30380-9151-492f-a77f-5ba0b346a861,200,1,1,293,,Van Zandt&#39;s Redwood View Resort,good,,2026-06-22T13:11:52+00:00
881531db-84c0-4599-b28e-c1dd853b72d5,404,1,0,296,,IIS 10.0 Detailed Error - 404.0 - Not Found,broken,,2026-06-22T13:11:52+00:00
be389710-76e2-4ece-9f06-86362061d965,0,0,0,109,,,broken,connection failed,2026-06-22T13:11:52+00:00
d5662444-7a3a-4ce4-9eb3-4a75c3c668f3,200,1,1,531,GoDaddy,North Bay Petroleum / Redwood Coast Fuels : RelaDyne,good,,2026-06-22T13:11:52+00:00
75082b5b-cb40-495d-80bd-e39de382c8c9,200,1,1,800,GoDaddy,coastebikeco.com,good,,2026-06-22T13:11:52+00:00
948ecf2f-0485-4642-a897-9b3b5ae59931,406,0,0,115,,406 Not Acceptable,broken,,2026-06-22T13:11:52+00:00
cc7709f3-ef2e-4103-970e-66c40ded8fbd,0,0,0,52,,,broken,connection failed,2026-06-22T13:11:52+00:00
3e352e53-af6c-47d4-852d-38fc011b6769,0,0,0,102,,,broken,connection failed,2026-06-22T13:11:52+00:00
f5d25a6d-23a0-4d70-a39a-316b28b6c04a,200,1,1,111,,"Your Convenience Store for Food, Drinks, &amp; Fuel | 7-Eleven",good,,2026-06-22T13:11:52+00:00
dd0d4607-15ff-4231-9afe-cbe032e9e69f,0,0,0,116,,,broken,connection failed,2026-06-22T13:11:52+00:00
9db7f2c3-4d11-4782-bbda-d3230f397386,0,0,0,155,,,broken,connection failed,2026-06-22T13:11:52+00:00
91bb832b-7293-4333-8bf1-3ee6e14c796a,404,1,1,534,,Page Not Found,broken,,2026-06-22T13:11:52+00:00
4a05be24-d890-4f97-bc3a-1ebe0e4305af,200,1,1,579,GoDaddy,Home - Red Door Remedies,good,,2026-06-22T13:11:52+00:00
8ecdc554-8547-4aeb-8509-984461795eb1,202,0,0,85,,,weak,,2026-06-22T13:11:52+00:00
3e8570a1-a9f9-4757-af2a-12ee2707f3ca,403,1,1,284,,Just a moment...,broken,,2026-06-22T13:11:53+00:00
c8dad83f-8de4-4aee-a7f1-cc523118f9ae,200,1,0,222,WordPress,,weak,,2026-06-22T13:11:53+00:00
b6168b2e-91aa-4bf7-9c0a-5b3a94993f56,200,1,1,185,Drupal,Low Gap Park | Professional Disc Golf Association,good,,2026-06-22T13:11:53+00:00
2785837c-8267-4947-b96f-500b80e6af16,200,1,1,493,Squarespace,MCYP,good,,2026-06-22T13:11:53+00:00
12af4f65-fa13-4625-a426-b9deef5abede,404,1,1,440,Wix,,broken,,2026-06-22T13:11:53+00:00
ee7001af-5f92-4642-ae5c-2ee643e6a678,404,1,1,547,WordPress,Page not found | DMV.com,broken,,2026-06-22T13:11:53+00:00
d27d6dc4-ac14-4108-a70c-d417bb1d3e26,0,0,0,360,,,broken,connection failed,2026-06-22T13:11:53+00:00
de8d2568-6791-4946-99f7-ddb279e6bb6e,200,1,1,1185,WordPress,"Home - City of Ukiah, CA",good,,2026-06-22T13:11:53+00:00
76959dd2-aa7e-4262-a867-3dafa310e94b,200,1,1,331,,,good,,2026-06-22T13:11:54+00:00
48dedb8d-3cc8-4ce2-8759-046bcd1797c7,200,1,1,689,,Adventist Health,good,,2026-06-22T13:11:54+00:00
1df40fbf-4a1a-4f03-954c-5295164e7c01,200,0,1,1027,,,weak,,2026-06-22T13:11:54+00:00
9a1292cc-6c7c-4083-8c0b-cbc7bce4a2eb,200,1,1,1032,,St. Joseph Heritage Medical Group | Providence,good,,2026-06-22T13:11:54+00:00
6767a17e-87c3-4d3b-9169-28b8470f439a,404,1,0,2432,,,broken,,2026-06-22T13:11:54+00:00
c0ec3ff6-708e-494b-a6fd-aa77eb70d5fa,404,1,1,733,,Adventist Health,broken,,2026-06-22T13:11:54+00:00
7a3f0143-4f67-4fe0-9e5a-4cbf8383f65f,200,1,1,387,WordPress,Endodontist Santa Rosa CA | Endodontics,good,,2026-06-22T13:11:54+00:00
c03a31d0-1e6d-42b1-84a9-b6e73a73f9c9,200,1,1,318,GoDaddy,"Pope Engineering - Civil Engineering, Land Surveying",good,,2026-06-22T13:11:54+00:00
b8b4986d-e51d-4a42-a814-b398f817f762,0,0,0,152,,,broken,connection failed,2026-06-22T13:11:54+00:00
32a0c617-949f-4a7b-88d6-951e2ea2302f,200,1,1,467,,Client Challenge,good,,2026-06-22T13:11:54+00:00
fe2ec26e-b79c-4fc3-b5ea-6a6917d657d4,200,1,1,499,,"Sutter Lakeside Emergency Department | Emergency Room in Lakeport, CA | Sutter Health",good,,2026-06-22T13:11:54+00:00
8e859abe-8d95-4ba1-b6a9-1fcab753af09,0,0,0,75,,,broken,connection failed,2026-06-22T13:11:54+00:00
b5edd695-3a35-4615-aded-7493657ae665,0,0,0,115,,,broken,connection failed,2026-06-22T13:11:54+00:00
e4984fa6-545c-4f71-aeef-25fd1fceb8ef,200,1,1,1492,WordPress,Home - Specialty Care &amp; Surgery Center,good,,2026-06-22T13:11:54+00:00
c1781f30-bd13-4279-aa0a-cc6300d89957,403,0,0,55,,Access Denied,broken,,2026-06-22T13:11:54+00:00
b4be83ea-db2d-40d7-811a-034fbb01974c,0,0,0,35,,,broken,connection failed,2026-06-22T13:11:54+00:00
6e9ca2ed-a315-410c-a05f-8bffbd4a0f0c,409,0,1,263,,DNS resolution error | www.loverslanefarm.com | Cloudflare,broken,,2026-06-22T13:11:54+00:00
d0c51d81-8ae5-4d7b-9766-654cd796ca76,200,1,1,432,Squarespace,"Independent Eyewear + Boutique Style in Cloverdale, California",good,,2026-06-22T13:11:54+00:00
a25b0fe7-c1b6-45a1-957d-5f55a08c9d19,0,0,0,102,,,broken,connection failed,2026-06-22T13:11:54+00:00
35721c38-7e47-4b60-bba5-9694afd3eee5,403,0,0,70,,Access Denied,broken,,2026-06-22T13:11:54+00:00
fe14bc81-b3cf-448c-85f6-8ecb77e15375,200,1,1,496,GoDaddy,"Optical Glasses in Ukiah, CA | Mendocino Optical Co Inc.",good,,2026-06-22T13:11:55+00:00
dd88bb8f-9e14-4fd3-bedc-18bb2aa31ac3,404,0,1,254,,Page Not Found,broken,,2026-06-22T13:11:55+00:00
5d60db9a-431b-41b7-bfd4-b9bd17a0b9a9,200,1,1,168,Webflow,"Big Valley Grange 680, Foundation Association, 1510 Big Valley Rd",good,,2026-06-22T13:11:55+00:00
bc33dd17-6eff-4e2e-912c-c20915795c45,200,1,1,100,,"Your Convenience Store for Food, Drinks, &amp; Fuel | 7-Eleven",good,,2026-06-22T13:11:55+00:00
9396ddb4-8ab6-4ca5-8af1-d69f77330c9f,200,1,1,367,Weebly,Contact Us - Hartley Cemetery,good,,2026-06-22T13:11:55+00:00
58c233ed-3b6a-4b05-b1e6-de6bc248c58c,404,1,1,540,,Download Files &ndash; Department of Consumer Affairs (DCA),broken,,2026-06-22T13:11:55+00:00
49723c94-5d12-4f1f-842d-77e38d8c07f3,200,1,1,111,,Browns Home | Cleveland Browns - clevelandbrowns.com,good,,2026-06-22T13:11:55+00:00
c7fe8fc9-eb32-40cb-984e-22b895d7c965,200,1,1,533,WordPress,76 Gas Stations| Quality Fuel Near You | 76®,good,,2026-06-22T13:11:55+00:00
e1d5b2a8-95ca-4b97-8832-0fad3b8252c9,200,1,1,457,WordPress,76 Gas Stations| Quality Fuel Near You | 76®,good,,2026-06-22T13:11:55+00:00
9bd2d42f-4f44-49dd-9f5b-afca81879e5f,200,1,1,834,,ShopCity.com - Make a Big Impact In Your Community,good,,2026-06-22T13:11:55+00:00
64fb2635-4cb2-4db1-a65a-891a484f9033,200,1,1,410,,ARCO Southwest | Quality TOP TIER™ Gas For Less,good,,2026-06-22T13:11:55+00:00
f4c348b0-0119-46c8-b6b5-d2449076fd29,200,1,1,323,,Home Page | Gulf Oil,good,,2026-06-22T13:11:55+00:00
c207b634-e72a-4c6f-9e97-148441506df5,200,1,1,239,,"AI Data, Cybersecurity &amp; Platform Modernization | Quest Software",good,,2026-06-22T13:11:56+00:00
4c62ef37-b614-46cf-9b8f-10b4e5d9c1b3,200,1,1,475,,Find a Chase ATM or branch near you | Chase Bank,good,,2026-06-22T13:11:56+00:00
4b7f738c-d1b4-4a62-a8d6-e782e2a1647b,200,1,1,564,WordPress,76 Gas Stations| Quality Fuel Near You | 76®,good,,2026-06-22T13:11:56+00:00
ee064171-48c3-4a4a-b180-22f91ef225ed,200,1,1,146,Webflow,"Woody&amp;#39;s Gas Station &amp;amp; Minimart, Convenience Store, Null Hwy 20",good,,2026-06-22T13:11:56+00:00
86bbd04e-874e-42bc-abb2-5e165e6202d0,200,1,1,695,WordPress,Home &#187; H&amp;S Energy Group,good,,2026-06-22T13:11:56+00:00
c2e1d88b-63e1-4707-a713-09cbab689c24,200,0,0,198,,Welcome to Zoletas Beautiful Glass,weak,,2026-06-22T13:11:56+00:00
64f0075d-ccc5-4c89-9a35-475ae7bb99c5,200,1,1,143,Webflow,"Foster&amp;#39;s Ranch Market, Grocery Stores, Supermarket, 44980 Highway",good,,2026-06-22T13:11:56+00:00
a19f1213-68e9-4b8c-8fd8-8c94cb3c6cae,200,1,1,1825,,"Joshua J Richardson, Financial Advisor | Edward Jones",good,,2026-06-22T13:11:56+00:00
9a4291db-1f32-4ff6-b392-e787c4edc7f7,0,0,0,261,,,broken,connection failed,2026-06-22T13:11:56+00:00
49318eea-fc5f-4fc8-99a9-37f98adfdec4,403,1,1,255,,Attention Required! | Cloudflare,broken,,2026-06-22T13:11:56+00:00
8ae2cb22-7d96-4d61-8b5b-8639a16e66f4,200,1,1,371,,NICE Market Cap Analysis | YCharts,good,,2026-06-22T13:11:56+00:00
b7974a03-0b06-4d5f-82ee-94a2959a18e6,200,1,1,1082,WordPress,R Pomo Pumps - Robinson Rancheria Resort &amp; Casino,good,,2026-06-22T13:11:56+00:00
d9ab1375-b7e5-4aed-8593-1d979e38c4cc,202,0,0,271,,,weak,,2026-06-22T13:11:56+00:00
ce0f521f-cf87-482e-bf43-70fcd667a06b,200,1,1,877,,Best Gas Prices &amp; Local Gas Stations in California,good,,2026-06-22T13:11:57+00:00
f0fd82e7-526c-4a3f-ab10-054c3cbb0952,200,1,1,471,,Contact form | FedEx | TNT United States,good,,2026-06-22T13:11:57+00:00
1dbbbddf-2470-46b7-ae82-e688be59bba5,0,0,0,112,,,broken,connection failed,2026-06-22T13:11:57+00:00
7cad5824-5e5a-47bd-9c17-f86fd67b6522,200,1,1,482,,Find Your Neighborhood Ace Store | Hardware Store Near Me - Ace Hardware,good,,2026-06-22T13:11:57+00:00
abc231ee-d2b3-4eea-a608-4dd8547a30d3,200,1,1,2789,,Dancing TreePeople Farm,good,,2026-06-22T13:11:57+00:00
5c1720a4-7a9d-498b-9ccd-a45e0227215d,200,1,1,18282,WordPress,Cynthia Myers Glass | etched and sand-carved art glass,weak,,2026-06-22T13:11:57+00:00
93490b36-972c-459e-b78e-e47c4f51c970,0,0,0,171,,,broken,connection failed,2026-06-22T13:11:57+00:00
0e0b8105-810e-424c-833c-defaa38aa1bd,200,1,1,652,,Adventist Health,good,,2026-06-22T13:11:57+00:00
947f14f4-134a-4868-9697-0b3508e01016,0,0,0,145,,,broken,connection failed,2026-06-22T13:11:57+00:00
c6845803-6fc9-47c1-98d9-b7789e4f1223,200,1,0,1289,,,weak,,2026-06-22T13:11:57+00:00
0903b91b-716a-48fe-a14d-a8af0ab053c4,0,0,0,102,,,broken,connection failed,2026-06-22T13:11:57+00:00
1ed3c4fe-b60f-4063-be50-568ccda59d07,404,0,0,843,,404 Not Found,broken,,2026-06-22T13:11:57+00:00
e0dcf932-d8fa-47de-adad-34f85c81bcd0,429,1,1,350,,Bot or Not?,broken,,2026-06-22T13:11:57+00:00
15896ca1-5b6f-4f9e-aab3-e3ce9491a998,200,1,1,1011,,Ace Hardware | The Helpful Place - Ace Hardware,good,,2026-06-22T13:11:57+00:00
1d43f188-a2aa-4c9c-b6e7-6be59c104642,429,1,1,690,,Bot or Not?,broken,,2026-06-22T13:11:58+00:00
350ef4d7-6c48-423a-9168-a85598d4e3ed,200,1,1,998,,"Oceanfront Haven - Hot Tub &amp; Private Beach Access | 5 Bed Fort Bragg, CA House | Vacasa",good,,2026-06-22T13:11:58+00:00
50d006e7-503f-454f-97f1-247aff1bb246,404,1,1,524,,Adventist Health,broken,,2026-06-22T13:11:58+00:00
61cc8201-cd5e-483e-af03-8e9ffa6bcf94,500,0,1,585,WordPress,WordPress &rsaquo; Error,broken,,2026-06-22T13:11:58+00:00
f0439c64-15e2-44c1-84b0-4d1f1e271d50,200,1,1,688,,Health insurance plans | Blue Shield of California,good,,2026-06-22T13:11:58+00:00
0c8376f4-03b9-47f4-89a3-88855c1a0788,404,1,1,451,,Adventist Health,broken,,2026-06-22T13:11:58+00:00
c5161471-e698-4c85-b6b4-850e37ba7706,200,1,1,1241,,"Behold the Ocean: Spacious Home with Epic Views - Houses for Rent in Mendocino, California, United States - Airbnb",good,,2026-06-22T13:11:58+00:00
839b5a51-4e6e-4a36-9e40-92d3cc9c9080,200,1,0,909,,"AgingCare: Find In-Home Care, Assisted Living and Caregiver Support",weak,,2026-06-22T13:11:58+00:00
6315edb5-e8ed-40ac-a20a-2255c5ce77cd,200,1,1,241,Squarespace,The Village Liquor Store | Park Royal West Vancouver,good,,2026-06-22T13:11:58+00:00
6027537c-be32-4ffe-b39b-cb40a748bb0e,200,1,1,195,GoDaddy,MerryMeadowsFarm.com is for sale | HugeDomains,good,,2026-06-22T13:11:58+00:00
c7b54858-fe65-4035-8122-109e2df5cdca,0,0,0,36,,,broken,connection failed,2026-06-22T13:11:58+00:00
4aa30fcb-704b-425c-a725-44fd27ae23ac,200,0,0,241,,FINLEY'S MOUNTAIN RANCH,weak,,2026-06-22T13:11:58+00:00
421b291e-7ec4-4976-b199-9f7750e5f4eb,200,1,1,385,Squarespace,Bloom Waterbirth &amp; Wellness Center,good,,2026-06-22T13:11:59+00:00
43efce36-57be-48fe-b591-185730ee5c2e,200,1,1,923,Drupal,"Buy Redwood | Redwood, Naturally Elegant",good,,2026-06-22T13:11:59+00:00
6b9ad5fd-5ade-40d8-9e03-5d50f50c0b41,403,0,1,1638,,403 Forbidden,broken,,2026-06-22T13:11:59+00:00
84c5e77e-21d4-487c-96da-838a6cd08d60,200,1,1,251,Squarespace,Medical Grade Heat Shrink - Cobalt Polymers,good,,2026-06-22T13:11:59+00:00
a451cba5-984b-45fa-9b8d-500b1f1996c8,403,1,1,165,,Just a moment...,broken,,2026-06-22T13:11:59+00:00
1ada62fa-9a17-4218-b91a-72131af1ba85,200,1,1,973,WordPress,"Mendocino Community Health Clinic, MCHC Health Center",good,,2026-06-22T13:11:59+00:00
c16b4089-5758-4d9d-9086-87bea4aaff95,200,1,1,411,,"Mobile Home Park in Cloverdale, CA: Briarwood Mobile Home Park",good,,2026-06-22T13:12:00+00:00
37609707-dc31-4eca-8559-12946d152c71,200,1,1,73,,Manor Oaks Mobile Estates #20,good,,2026-06-22T13:12:00+00:00
fb999dbd-1ef0-4f16-b662-045095137379,200,0,1,1775,WordPress,MCHC Health Centers Locations In Mendocino County,weak,,2026-06-22T13:12:00+00:00
f11ec853-c5ef-48d8-8e7f-d58899d22b5d,200,0,1,1829,WordPress,MCHC Health Centers Locations In Mendocino County,weak,,2026-06-22T13:12:00+00:00
016de8ef-250f-4680-ba30-fdd8edc2a3ef,200,1,1,1218,WordPress,"Mendocino Community Health Clinic, MCHC Health Center",good,,2026-06-22T13:12:00+00:00
54c4dba0-1ad7-4558-841d-10dea4d5b65c,200,1,1,220,Wix,Sterling Shore Estates | The Caritas Corporation | California,good,,2026-06-22T13:12:00+00:00
868bc3c9-fd37-4c10-9bd4-76dbe123b6de,0,0,0,163,,,broken,connection failed,2026-06-22T13:12:00+00:00
c9c7f49b-27be-468c-8c45-e22339bef9f3,0,0,0,211,,,broken,connection failed,2026-06-22T13:12:00+00:00
2a70524d-375d-43c3-9197-21874c2991ea,200,1,1,509,,"Sunset View Estates Mobile Home Park in Ukiah, CA | MHVillage",good,,2026-06-22T13:12:01+00:00
03445fea-c13f-42ca-919c-8e7b3be79017,200,0,0,281,,hoboguitarsukiah.com - Home,weak,,2026-06-22T13:12:01+00:00
bb2b6801-3811-4c7c-9db6-61ab58a361b7,200,1,1,11798,,"Ukiah, CA Accounting Firm | Home Page | Obenyah LLP",weak,,2026-06-22T13:12:01+00:00
b5c5860e-1912-4ece-8b13-a0f722497060,200,1,1,789,,"Meadows - mobile home park in Redwood Valley, CA 50965",good,,2026-06-22T13:12:01+00:00
6bcf19bc-081b-41bb-a4eb-8c577a909d20,200,0,1,104,Webflow,"Denbeste Landscape Supplies, Landscape Material, 4200 N State St",weak,,2026-06-22T13:12:01+00:00
9802d70e-f198-4e6d-a8d4-4efebd7fcfd6,200,0,1,217,Squarespace,Flourish Medicine,weak,,2026-06-22T13:12:01+00:00
ebb1daca-c52b-4758-abf6-2a0c3ca22620,0,0,0,129,,,broken,connection failed,2026-06-22T13:12:01+00:00
8ac723ea-0971-4945-bd4a-83f02174c9af,200,1,1,688,WordPress,Home - Angelo Coast Range Reserve,good,,2026-06-22T13:12:01+00:00
28a8542e-9875-44cd-a038-5d56743481f2,200,1,1,315,Squarespace,Crepas Café,good,,2026-06-22T13:12:01+00:00
cf551beb-b75d-467b-9b73-cd92f93f4749,200,1,1,412,,"Chamber of Commerce Membership | Atchison Area Chamber of Commerce | Atchison, KS",good,,2026-06-22T13:12:01+00:00
37e866cd-2ed4-4951-959f-6b1dc07c4e4b,403,1,1,73,,Just a moment...,broken,,2026-06-22T13:12:01+00:00
5066a7d1-4a52-4cf8-bfa4-b133aba6b947,404,1,1,1848,Webflow,404 - Page Not Found - Upper Lake Unified School District,broken,,2026-06-22T13:12:01+00:00
8bb84ffa-b45e-4488-824a-8bf7dfbdaf7f,200,1,1,168,,"Walgreens: Pharmacy, Health &amp; Wellness, Photo &amp; More for You",good,,2026-06-22T13:12:01+00:00
553fbd2c-240d-4b42-8e51-98fbb15bb265,404,1,1,504,,Adventist Health,broken,,2026-06-22T13:12:01+00:00
3a6b6bbc-fc3a-4e45-999b-9a0ebfc93419,0,0,0,106,,,broken,connection failed,2026-06-22T13:12:01+00:00
f1e35490-90a1-4988-92eb-5a5419a3c946,200,1,1,378,,Robot or human?,good,,2026-06-22T13:12:02+00:00
629e2283-32ab-49a3-a354-01961008447a,404,0,0,258,,404 Error - Page Not Found,broken,,2026-06-22T13:12:02+00:00
324fc44c-7d6e-4b5c-96ad-ec0790382943,200,1,1,193,GoDaddy,MorenoCompany.com is for sale | HugeDomains,good,,2026-06-22T13:12:02+00:00
3923a71f-ea82-4204-9f8c-e727ea7a4950,200,0,0,126,,,weak,,2026-06-22T13:12:02+00:00
535e3be8-0179-40e2-b54b-f13f4defdb5a,200,1,1,413,WordPress,"Pregnancy Center in Ukiah, CA - Mendo Lake Women&#039;s Clinic",good,,2026-06-22T13:12:02+00:00
56095872-14b7-4323-bec4-24725526bb1b,200,0,1,320,,Under Construction,weak,,2026-06-22T13:12:02+00:00
219bd363-db7c-4247-bc66-becb7128c054,429,1,1,302,,Vercel Security Checkpoint,broken,,2026-06-22T13:12:02+00:00
7cf8fc21-4c1f-4d17-a17a-7568a1b636fa,200,1,1,706,,Fidelity National Financial - Home,good,,2026-06-22T13:12:02+00:00
be134935-e466-4fe9-b447-b22f256dbf05,202,0,0,194,,,weak,,2026-06-22T13:12:02+00:00
5aa30a73-1503-4be6-a452-91aa6aa9ef38,200,1,0,456,,MJ's PLACE,weak,,2026-06-22T13:12:03+00:00
0b73fe39-a985-4fbf-ba6c-53100744491f,200,1,1,1350,,Redirecting...,good,,2026-06-22T13:12:03+00:00
3601dedd-d0d0-4fc0-b05b-a93bc122aa89,200,0,0,661,,"Pi Ranch Health Habits, Pi Ranch, Piranch, Pi Ranch.com",weak,,2026-06-22T13:12:03+00:00
cfb682db-8f07-4a94-aa38-c67a91058d4e,200,1,1,11696,GoDaddy,Fort Bragg Cannabis Dispensary with a Huge Selection and Low Prices,weak,,2026-06-22T13:12:04+00:00
8e5b87c4-fb9c-421c-8ebe-81cc51d28702,200,1,1,2614,,Home - Lake County Office Of Education,good,,2026-06-22T13:12:04+00:00
b2a6b308-7868-4cf8-a172-1d3b03f7c150,403,1,1,192,,Just a moment...,broken,,2026-06-22T13:12:05+00:00
f5ec592d-c072-4bb4-8f07-f946a0eafca2,0,0,0,30195,,,broken,connection failed,2026-06-22T13:12:12+00:00
c0997ace-0450-4705-bf62-916b11e546e9,0,0,0,15186,,,broken,connection failed,2026-06-22T13:12:13+00:00
28a6ac52-1b37-4f80-8c2f-aef76bcb4e6a,0,0,0,15167,,,broken,connection failed,2026-06-22T13:12:13+00:00
ea02a50c-e576-4658-ba9a-5d52013134d7,200,1,1,127,Webflow,Home - Fort Bragg Unified,good,,2026-06-22T13:12:13+00:00
ba3b2d8e-cdef-47ce-a857-9e25134243c2,200,1,1,149,Webflow,"Purity Supermarket, Grocery Stores, Supermarket, 242 N Franklin St",good,,2026-06-22T13:12:13+00:00
273eaee6-46b3-45e2-9aa1-f441dccca7b8,0,0,0,81,,,broken,connection failed,2026-06-22T13:12:13+00:00
c71c1ad8-4b67-4464-b6f9-271078e36dd5,200,1,1,409,WordPress,Sentry Foods,good,,2026-06-22T13:12:14+00:00
a91738c4-d3be-4847-a298-c0008951d8e8,0,0,0,104,,,broken,connection failed,2026-06-22T13:12:14+00:00
4b74fc5a-7281-4042-92d9-7d767bc26fe6,200,1,1,224,GoDaddy,Thrift Elephant,good,,2026-06-22T13:12:14+00:00
9e3beae8-61fc-449c-9057-97b0394c838a,200,1,1,485,GoDaddy,A new much less corrupt form of democracy,good,,2026-06-22T13:12:14+00:00
a6525b57-e3d1-4050-a705-56c2415b7a26,0,0,0,85,,,broken,"ssl: HTTPSConnectionPool(host='www.sparkcali.com', port=443): Max retries exceeded with url: / (Caused by",2026-06-22T13:12:14+00:00
8e692f42-66c4-47d1-8356-774fcb1b8f05,200,0,0,1176,,,weak,,2026-06-22T13:12:15+00:00
50d868a9-35a1-4dcc-8601-f1a99d8b8acb,0,0,0,10,,,broken,connection failed,2026-06-22T13:12:15+00:00
907628aa-86d4-4d77-be2b-711787f3331d,0,0,0,38,,,broken,connection failed,2026-06-22T13:12:15+00:00
7fd8a02b-da55-4b3a-9094-53600e05ca09,0,0,0,104,,,broken,connection failed,2026-06-22T13:12:15+00:00
8f4a964c-c0de-4646-a35a-5ad168a8d407,0,0,0,113,,,broken,connection failed,2026-06-22T13:12:15+00:00
c15a96ef-529b-4cdf-bfe8-020ec6ca6044,0,0,0,1122,,,broken,connection failed,2026-06-22T13:12:16+00:00
3688f29a-4c03-4842-8766-e1e35ef930bf,0,0,0,15130,,,broken,connection failed,2026-06-22T13:12:17+00:00
c2285bbf-24a2-43c8-9389-deee19f717a7,0,0,0,15174,,,broken,connection failed,2026-06-22T13:12:17+00:00
693b7f05-26fb-412c-b53d-109026c7ab32,200,1,1,500,GoDaddy,Buy emeraldcitywillits.com – Premium Expired .com Domain on GoDaddy | ExpiredDomains.com,good,,2026-06-22T13:12:17+00:00
fc20df46-3fde-4a3a-9c93-6d1d471e7f42,200,0,0,280,,HomeUnderhill's Western Craft,weak,,2026-06-22T13:12:18+00:00
a91eb4c0-c10c-4fa1-ba86-ca862f4eaf57,200,1,1,194,Webflow,Community First Credit Union | The New Local,good,,2026-06-22T13:12:18+00:00
9a84a42a-8808-4278-9fbe-2e0b9ca79f68,200,1,1,489,,"AbeBooks | Shop for Books, Art &amp; Collectibles",good,,2026-06-22T13:12:18+00:00
d5e79f37-14f8-441b-b3fb-4d2743251319,0,0,0,15074,,,broken,connection failed,2026-06-22T13:12:18+00:00
1e39f684-f2f1-4505-8b29-a0c21729d330,0,0,0,15018,,,broken,connection failed,2026-06-22T13:12:18+00:00
4521af1d-7b2c-4247-b5dc-49649e9cb7ce,200,0,0,111,,Redirecting...,weak,,2026-06-22T13:12:18+00:00
d39e34ea-c4dc-4180-965e-b56df7a7f407,0,0,0,140,,,broken,connection failed,2026-06-22T13:12:19+00:00
07251f53-e0e9-4063-9a9c-717ecaedfaeb,0,0,0,15078,,,broken,connection failed,2026-06-22T13:12:19+00:00
c11c771c-b40e-49bf-b330-6f1f4d3efc9b,200,1,1,363,Squarespace,The Village Liquor Store | Park Royal West Vancouver,good,,2026-06-22T13:12:19+00:00
1ef3f373-1026-40fb-aa9e-7dc04141c738,200,1,1,653,Wix,"Mendo Krunch | Freeze dried candy | 24151 Shady Ln, Covelo, CA, USA",good,,2026-06-22T13:12:19+00:00
56504118-dcdd-4111-9d21-ec45ec5eede5,0,0,0,77,,,broken,connection failed,2026-06-22T13:12:19+00:00
b6d331b0-4003-4b99-83c5-ac6d7d6fb1ef,200,1,1,655,,"Fort Bragg, CA Vacation Rentals, Cabins, Cottages | Vacasa",good,,2026-06-22T13:12:19+00:00
ea1038a5-291f-4075-b214-7db0f08eccaf,200,1,1,614,Squarespace,Ukiah Custom Cabinets Incorporated,good,,2026-06-22T13:12:20+00:00
d38aff4a-a760-44fb-8ce2-961c24b67d5d,200,1,0,558,,Loading...,weak,,2026-06-22T13:12:20+00:00
07745fbc-89bd-406a-b0f3-767ae3a6eb19,200,1,0,312,,Loading...,weak,,2026-06-22T13:12:20+00:00
ed82bfcc-647e-4c33-8ed7-5ec310021284,0,0,0,15122,,,broken,connection failed,2026-06-22T13:12:20+00:00
4eca9238-53e1-4d44-881c-ffb1a1c9d1b3,200,1,0,366,,Loading...,weak,,2026-06-22T13:12:20+00:00
dd2dfdb5-7a76-4797-b42f-d4ec62f1afaf,200,1,0,372,,"Lake Mendocino Podiatry - Matthew McQuaid, DPM - Foot Doctor Lakeport, CA 95453 and Ukiah, CA 95482",weak,,2026-06-22T13:12:20+00:00
d5b64f91-f31e-412f-ab8f-6602a388a141,200,1,0,539,,"Lake Mendocino Podiatry - Matthew McQuaid, DPM - Foot Doctor Lakeport, CA 95453 and Ukiah, CA 95482",weak,,2026-06-22T13:12:20+00:00
ba52db84-07b2-4889-a708-6c560d70efb2,200,0,1,308,,,weak,,2026-06-22T13:12:20+00:00
1f29a6a3-c0ec-4864-bc3c-74cb29116ecb,404,1,1,527,Squarespace,Mendocino County Farmers Market Association,broken,,2026-06-22T13:12:21+00:00
679b4a39-a38a-4995-a929-01a2e39d5dab,200,1,1,156,WordPress,76 Gas Stations| Quality Fuel Near You | 76®,good,,2026-06-22T13:12:21+00:00
8fe96f6d-2663-478a-83bc-ebada242947a,200,1,1,189,GoDaddy,Big Valley Market and Fuel &#8211; Best gas prices in the area!,good,,2026-06-22T13:12:21+00:00
49b4934b-69d0-4bb4-b963-489272dd569a,200,1,1,30,WordPress,76 Gas Stations| Quality Fuel Near You | 76®,good,,2026-06-22T13:12:21+00:00
5289be28-d448-4099-bda4-aae81c54f0e6,200,1,1,926,,Calfire Spareline Ltd,good,,2026-06-22T13:12:21+00:00
91675af0-99ed-4f87-8af0-fb8c51885daa,200,0,1,1594,,,weak,,2026-06-22T13:12:21+00:00
c51e7bb8-6323-4c06-a3dc-47d3c9d50ac9,200,1,1,510,,Quality fuel and motor oil solutions | Exxon and Mobil,good,,2026-06-22T13:12:22+00:00
8008cd13-b206-493f-83a3-266773232e8d,200,1,1,205,Wix,HOME | Towerenergy,good,,2026-06-22T13:12:22+00:00
c42e72b1-ba3a-4608-a114-f5418d8669f1,200,1,1,538,WordPress,76 Gas Stations| Quality Fuel Near You | 76®,good,,2026-06-22T13:12:22+00:00
bc2a7358-53e4-4ad5-b996-e1d9d406c554,200,1,1,251,,Valero | Advancing the Future of Energy,good,,2026-06-22T13:12:22+00:00
2168f5f1-1192-4dee-82b9-6c1140b55dd3,0,0,0,63,,,broken,connection failed,2026-06-22T13:12:22+00:00
ed2e22a1-83c8-42a9-8efe-74ee263b58f2,403,1,1,238,,Just a moment...,broken,,2026-06-22T13:12:22+00:00
3d6a07e1-ad45-498d-b6c7-03cec46be9ec,0,0,0,142,,,broken,connection failed,2026-06-22T13:12:22+00:00
7bdcb3da-3474-4ee3-a76d-cc1c325935f6,200,1,0,523,,Willits Kids Club,weak,,2026-06-22T13:12:22+00:00
f7d27ea1-d5d6-432f-9d83-0495a81ff537,0,0,0,164,,,broken,connection failed,2026-06-22T13:12:23+00:00
94ad022e-835f-4771-b6d4-6d20c151de46,200,1,1,1251,,"Village True Value Hardware - Hardware store in Albion, California",good,,2026-06-22T13:12:23+00:00
eacae318-5e71-4a90-96d4-532296c276ac,200,0,1,1129,,,weak,,2026-06-22T13:12:23+00:00
45e78097-ee83-4de2-b876-81257f25d6c5,200,1,1,620,,T-Mobile® Official Site | Best 5G Network &amp; Unlimited Data Plans,good,,2026-06-22T13:12:24+00:00
e5135624-5144-4fce-b2b6-dd839b719892,200,1,1,1580,,"UScellular &amp; T-Mobile Authorized Retailer The Boatyard Shopping Center | Fort Bragg, CA",good,,2026-06-22T13:12:25+00:00
98f0cb9d-a240-47d6-b81e-c120606eec45,200,1,1,5549,,Slot Demo Gratis: Akun Demo Slot Gacor Pragmatic Play Demo Terlengkap,weak,,2026-06-22T13:12:25+00:00
10ea8dee-d1b6-49b3-ae9e-57aedaa1e91b,0,0,0,92,,,broken,connection failed,2026-06-22T13:12:26+00:00
32aba9c3-2e8b-43df-b3c9-30b69dce73e1,0,0,0,111,,,broken,connection failed,2026-06-22T13:12:26+00:00
abb6c880-3b29-4607-8746-e38d2a445f1d,404,1,1,574,Squarespace,MendoParks,broken,,2026-06-22T13:12:26+00:00
f7cba54c-3f66-4c8a-8e38-2e44cf266324,404,1,1,543,,Adventist Health,broken,,2026-06-22T13:12:26+00:00
32890938-15ae-4d89-917b-b66804ebffa0,0,0,0,103,,,broken,connection failed,2026-06-22T13:12:26+00:00
074b7f2f-0964-4e67-a4b9-6496f1833463,0,0,0,108,,,broken,connection failed,2026-06-22T13:12:27+00:00
38996fcd-40d3-460d-8ee7-07091473ffc3,200,1,1,1099,WordPress,Home - Specialty Care &amp; Surgery Center,good,,2026-06-22T13:12:27+00:00
c0cb25dc-16d3-48ba-ae53-8e97b1384e4a,0,0,0,15400,,,broken,connection failed,2026-06-22T13:12:27+00:00
7005aa21-5ef2-476e-b532-b0795d2c6582,200,1,1,11097,,Official Online Store,weak,,2026-06-22T13:12:27+00:00
bd94f5a7-db03-4ac9-abdb-671ac5965dc9,0,0,0,30099,,,broken,connection failed,2026-06-22T13:12:28+00:00
665e235c-3f58-40b9-b5c5-c9b326498840,0,0,0,47,,,broken,connection failed,2026-06-22T13:12:28+00:00
e0eb2ff4-9c2e-4b2b-887c-6783216eb8a9,0,0,0,110,,,broken,connection failed,2026-06-22T13:12:28+00:00
39da5586-13c1-4792-b546-d5af7bb7b3b6,0,0,0,15230,,,broken,timeout,2026-06-22T13:12:30+00:00
1b057793-a094-43d8-897c-b7047ae02bd6,200,1,1,298,,"Chavez Supermarket | We take pride in offering the highest quality meats, produce, baked goods and Taquerias.",good,,2026-06-22T13:12:30+00:00
6e00d80a-2bc3-466b-b1c4-e539870aac9c,200,1,1,1766,WordPress,,good,,2026-06-22T13:12:30+00:00
bdb00f89-e0ac-4c3a-afec-74c47c34019c,200,1,1,620,,Homepage Mendocino Coast Recreation and Park District,good,,2026-06-22T13:12:30+00:00
fdd5c322-3af9-4802-8dc6-ee76436d4665,200,1,1,485,,Zean Moore Profile,good,,2026-06-22T13:12:31+00:00
ab85c38a-ab49-4e54-8c17-a868db4e7c83,0,0,0,30037,,,broken,connection failed,2026-06-22T13:12:31+00:00
71b948c4-9c57-42d5-9e3d-3d8f1bad5d37,200,1,1,527,,WarnerBros.com | Best in Show | Movies,good,,2026-06-22T13:12:31+00:00
3b8b1929-53b1-4cb2-951e-3f88d9235dd9,200,1,1,347,Squarespace,Hungry for Adventure,good,,2026-06-22T13:12:31+00:00
783bfa2d-ef2e-4373-87fb-d88dfbfd9d6f,200,1,1,441,,U.S. Marine Corps,good,,2026-06-22T13:12:31+00:00
9e3f480e-da03-4eed-a3da-9ddf1a9a83a6,200,1,1,422,Wix,Contact | Mariposa Institute,good,,2026-06-22T13:12:31+00:00
106c33d8-7e74-401c-beb7-34e6d4e8063f,404,1,0,530,Squarespace,Squarespace - Website Expired,broken,,2026-06-22T13:12:32+00:00
70fdfcfc-a7b3-4f27-a73c-2798dbcbb3cf,200,1,0,373,WordPress,,weak,,2026-06-22T13:12:32+00:00
47255387-9961-4488-a299-bf22ded72362,0,0,0,149,,,broken,connection failed,2026-06-22T13:12:32+00:00
682b45a1-30bc-49d4-bc4e-b6c0b179b815,0,0,0,359,,,broken,"ssl: HTTPSConnectionPool(host='housemouse.com', port=443): Max retries exceeded with url: / (Caused by SS",2026-06-22T13:12:32+00:00
9ed8950e-d255-4575-8228-187e1b8d35b3,0,0,0,15166,,,broken,connection failed,2026-06-22T13:12:32+00:00
554a3603-a434-450b-8f71-a956792e006f,0,0,0,53,,,broken,connection failed,2026-06-22T13:12:32+00:00
58b1082e-42bf-421a-889d-e85b8eb03453,403,0,1,70,,Just a moment...,broken,,2026-06-22T13:12:32+00:00
d835288d-1456-4818-832d-a869457d843c,200,0,0,525,,,weak,,2026-06-22T13:12:32+00:00
fe9396cf-85db-4f1a-88de-204a9d96af60,200,1,1,415,GoDaddy,"Vichy Springs Resort | historic inn | day spa | Ukiah, CA",good,,2026-06-22T13:12:33+00:00
1ce56104-5ffa-41e6-9987-c26803d67fb9,0,0,0,27,,,broken,connection failed,2026-06-22T13:12:33+00:00
155be1ad-d888-4978-939b-b1d92899459f,200,1,0,1248,WordPress,Mavericks caps,weak,,2026-06-22T13:12:33+00:00
ddde108c-d6c7-46ed-8764-f23c343d20e7,200,1,1,549,,Adventist Health,good,,2026-06-22T13:12:33+00:00
950137c9-b16e-41a2-8782-53f0b75c64bf,200,1,1,676,,Adventist Health,good,,2026-06-22T13:12:33+00:00
c5b7aec9-b0ec-436e-af2d-cbc73ba6404c,0,0,0,102,,,broken,connection failed,2026-06-22T13:12:33+00:00
fb534482-abda-4c57-b412-89b0f3fa1cab,403,0,0,57,,Access Denied,broken,,2026-06-22T13:12:33+00:00
00cd7f61-0bb1-4125-a657-0beb20615861,403,0,0,18,,Access Denied,broken,,2026-06-22T13:12:33+00:00
59c6a3d6-b308-48d8-8123-0bd37c61f205,0,0,0,15069,,,broken,connection failed,2026-06-22T13:12:33+00:00
f21a0b5b-2f2b-4722-aa8d-4c6935c116c9,200,1,1,639,,Fort Bragg Fishing Charters,good,,2026-06-22T13:12:34+00:00
58e975a8-8fe0-437e-a17b-e3910d6b152c,200,1,1,458,,WM | Waste Management &amp; Recycling Services,good,,2026-06-22T13:12:34+00:00
9526ff2d-e032-4193-bf3e-54e8a7d3af0a,200,1,1,728,,WM | Waste Management &amp; Recycling Services,good,,2026-06-22T13:12:34+00:00
2f90af25-dcb0-4bd8-b00b-b6bfba0cf827,200,0,0,109,,,weak,,2026-06-22T13:12:34+00:00
da01e6c2-b1de-4b32-adb7-0ecad4601f54,200,1,1,3096,WordPress,"Dentist in Ukiah, CA | Park Falls Dental | Family Dentist",good,,2026-06-22T13:12:35+00:00
be870e9c-f470-48b7-a347-4fcd3fe71c67,200,1,1,631,,Adventist Health,good,,2026-06-22T13:12:35+00:00
719248d5-268f-47fa-b707-1f83a6310aad,200,1,1,767,Wix,Eternal Medical Resources &amp; Homecare Solutions | Home Health Care,good,,2026-06-22T13:12:35+00:00
2eec9186-6143-4028-b2d3-04ad6a011a15,404,1,0,898,,404 Not Found,broken,,2026-06-22T13:12:35+00:00
49be501f-1d68-4cf0-b591-cd04a11eba6e,429,1,1,321,,Bot or Not?,broken,,2026-06-22T13:12:35+00:00
731555f9-bbb7-4b74-b5e0-76b6351139e2,200,1,1,541,,Adventist Health,good,,2026-06-22T13:12:35+00:00
3d1ad57b-9b5e-4537-9819-3625b7a8d06a,0,0,0,104,,,broken,connection failed,2026-06-22T13:12:35+00:00
a268fb42-48f8-415b-9656-bd0e054edfc3,0,0,0,48,,,broken,connection failed,2026-06-22T13:12:35+00:00
d64bac03-135d-450b-902c-0e420e518198,0,0,0,41,,,broken,connection failed,2026-06-22T13:12:35+00:00
e1630afd-ee6e-41b4-bfdf-19c5f8133e0e,0,0,0,24,,,broken,connection failed,2026-06-22T13:12:35+00:00
309c77ea-469d-4f33-a53a-b5fd32770368,429,1,1,448,,Bot or Not?,broken,,2026-06-22T13:12:35+00:00
9e72f3e9-d787-4b1d-ad38-db7c4abd5e4e,200,1,1,807,,"Fort Bragg, CA Vacation Rentals, Cabins, Cottages | Vacasa",good,,2026-06-22T13:12:35+00:00
9cf064e6-c184-4ec8-b243-8d497e554267,403,0,1,44,,Just a moment...,broken,,2026-06-22T13:12:35+00:00
ef48f2c6-1f70-4e41-83e5-7dbad3da8c6e,404,1,1,361,,404: NotFound,broken,,2026-06-22T13:12:36+00:00
8473e572-c57f-42bb-bfc9-1d3ed91abd2d,200,1,1,733,Squarespace,North Coast Resource Management,good,,2026-06-22T13:12:36+00:00
d5276672-9d12-4687-bfe6-95341ac30f16,0,0,0,39,,,broken,connection failed,2026-06-22T13:12:36+00:00
a68e4d92-583b-4b9e-98ac-7e4eeed450a3,200,1,1,647,,Cloverdale Unified School District,good,,2026-06-22T13:12:36+00:00
23fd8437-04d9-42b0-bf85-bb1a98324600,404,1,1,433,Wix,,broken,,2026-06-22T13:12:37+00:00
3faeb789-1c44-4eb0-ba6d-6fd28dcf9843,200,1,1,806,,Ukiah Unified School District,good,,2026-06-22T13:12:37+00:00
1852f56f-cf1d-4bf6-a779-401e060cdc29,200,1,1,346,,"Van Damme State Park, a California State Park located near Fort Bragg",good,,2026-06-22T13:12:37+00:00
e59dd595-327f-4d42-abf8-bb85b22f9cbc,503,0,1,14980,,,broken,,2026-06-22T13:12:38+00:00
5fd943cc-ad24-4f60-b9fa-9b295121e788,404,1,1,355,Wix,,broken,,2026-06-22T13:12:38+00:00
662448a1-a6a1-4f4c-a896-46d0a6800c7b,200,0,1,916,,Keigwins@theTrack,weak,,2026-06-22T13:12:38+00:00
5fd6026c-d75b-44b4-ae6b-ca0a49156b08,0,0,0,109,,,broken,connection failed,2026-06-22T13:12:38+00:00
12cee401-2033-4c02-9f97-81ae6d6abee2,503,0,1,15001,,,broken,,2026-06-22T13:12:38+00:00
8424d283-219e-4762-af62-63fb3a9fcb3b,404,1,1,1340,WordPress,"Page not found - City of Ukiah, CA",broken,,2026-06-22T13:12:38+00:00
44645694-6bd0-4141-af0e-22199b1f7b2c,200,1,1,356,,"Apartments in Ukiah, CA | Alderwood",good,,2026-06-22T13:12:38+00:00
1401c94b-a44e-4e09-8eb7-3932d3c38316,200,1,1,745,,"Champions at Jefferson Elementary School in Cloverdale, CA | Before and After School Programs",good,,2026-06-22T13:12:39+00:00
d4e956fb-9138-473d-93e8-7c1a089a1053,0,0,0,46,,,broken,connection failed,2026-06-22T13:12:39+00:00
408f937d-b9b7-4094-b656-006a57f29adc,200,1,1,330,,"Ukiah, CA Apartments in Mendocino County | Sierra Sunset Apartments",good,,2026-06-22T13:12:39+00:00
48165516-a179-4252-a230-de56aba12ffe,403,1,1,387,,Just a moment...,broken,,2026-06-22T13:12:39+00:00
c43e6aeb-3a37-43d9-9606-cced14cdedf9,404,1,0,337,,404 - Page not found,broken,,2026-06-22T13:12:39+00:00
a58361c5-4174-4f34-a609-f97e89133db8,200,1,1,3959,WordPress,Sweetwater Vacation Home Rentals | Mendocino Vacation Homes,good,,2026-06-22T13:12:39+00:00
44d45ea3-6bc6-464f-9f77-7b0ca836fe2f,200,1,1,162,Squarespace,Kelseyville Appliance,good,,2026-06-22T13:12:39+00:00
6ac0847b-b657-495b-86a6-aaaa9a3c8543,0,0,0,150,,,broken,connection failed,2026-06-22T13:12:39+00:00
5991abd5-b606-448c-a445-24ddd0872b55,200,1,1,258,,,good,,2026-06-22T13:12:39+00:00
642e4fa3-5212-4186-993a-f6c5ae21e7e4,200,1,1,1256,,"Dr. Michael T Young, DO - Ukiah, CA - Pain Medicine",good,,2026-06-22T13:12:39+00:00
25e80601-8f7a-4b84-bff5-4600f4a64090,200,1,1,600,,"Appliances, Electronics and Mattresses | Canclini Appliance | Fort Bragg, CA",good,,2026-06-22T13:12:39+00:00
c6a7a55d-9080-4591-9006-4b28707fae20,200,0,0,477,,"Iconofile: Icons, Icon Paintings and Sacred Art",weak,,2026-06-22T13:12:39+00:00
ced614dd-1944-4c78-8b91-de815fb4045c,200,1,1,378,WordPress,"Ukiah Post Acute &#8211; Nursing Home, Physical Therapy, Healthcare &#8211; Ukiah, CA",good,,2026-06-22T13:12:40+00:00
e53fa7f3-b754-4312-9483-2e7e9d32ab07,0,0,0,111,,,broken,connection failed,2026-06-22T13:12:40+00:00
aae4b9ff-9dbc-435b-858c-d06323af973d,200,1,1,521,Joomla,Ace Auto Body of Boston Ma,good,,2026-06-22T13:12:40+00:00
7829aef7-8d59-4e46-8510-87d88cb00b9a,200,1,1,873,WordPress,"Home - City of Ukiah, CA",good,,2026-06-22T13:12:40+00:00
fdbd7f25-460b-44c5-8bd2-3c52aedbcffb,202,1,0,560,,,weak,,2026-06-22T13:12:40+00:00
32c32613-e024-4cf2-8e5b-143c5f705b5b,200,1,1,930,,Lakeport Apartments | Bella Vista Apartments | Affordable Housing in California,good,,2026-06-22T13:12:40+00:00
4e51f154-8dc6-4297-8365-acbe5188b929,0,0,0,157,,,broken,connection failed,2026-06-22T13:12:40+00:00
a7f32bc4-5b9d-4d6c-8845-268d1c11c743,200,1,1,166,,"Alexa Tannous - Farmers Insurance Agent in Cloverdale, CA",good,,2026-06-22T13:12:40+00:00
736112d4-284d-4804-9fd6-fc9d3f0b13ae,403,0,1,5083,,403 Forbidden,broken,,2026-06-22T13:12:40+00:00
01a8a171-b73e-4ec2-aa94-32c798708e64,200,1,1,506,,"State Farm Serving California, Oregon, Nevada &amp; Arizona!",good,,2026-06-22T13:12:40+00:00
37558f23-f49e-4443-a9f6-ed6918b2f3f2,200,1,1,620,Drupal,"AAA Lakeport Branch | Insurance, Home Security, DMV Services &amp; More",good,,2026-06-22T13:12:40+00:00
6d48468f-762a-4f8b-82b5-71c8bc777e76,200,1,1,182,,"Sapphire Dooley - Farmers Insurance Agent in Fort Bragg, CA",good,,2026-06-22T13:12:41+00:00
a485f9a1-eb0a-4274-9d0c-cd0c968fd9f2,403,1,1,280,,Just a moment...,broken,,2026-06-22T13:12:41+00:00
38193b2c-f02c-4ffc-ae60-0b6124610215,200,1,1,468,,Find a Farmers Insurance® Agent in California | Farmers Insurance®,good,,2026-06-22T13:12:41+00:00
a1c3bc31-0b9c-4b71-a407-5730ecb07f8c,0,0,0,16,,,broken,connection failed,2026-06-22T13:12:41+00:00
db2c56ea-27f2-4ba9-865d-1227da091f05,200,1,1,536,,"Maria Messimer - Farmers Insurance Agent in Kelseyville, CA",good,,2026-06-22T13:12:41+00:00
00f24928-361e-400f-9d56-0377fad732d8,0,0,0,38,,,broken,connection failed,2026-06-22T13:12:41+00:00
3a9c6d5b-4a27-4fdd-b04e-d293395dc26c,200,1,1,194,,"Essential Fleet Services | Maintenance &amp; Repair | Willits, CA",good,,2026-06-22T13:12:41+00:00
3f6593c2-b488-41eb-8d06-a9012ef302b1,200,1,1,758,,"Jesse Conger - Farmers Insurance Agent in Lakeport, CA",good,,2026-06-22T13:12:41+00:00
6e19a490-3672-4789-813b-c97f4efbabe3,404,1,0,532,,404 - Page not found,broken,,2026-06-22T13:12:41+00:00
a78bfa7c-877d-41fa-8db8-8342a9ee45ce,0,0,0,110,,,broken,connection failed,2026-06-22T13:12:41+00:00
b28b60dd-d5e1-48ab-8faf-613ecd8eaa38,200,0,1,192,,Yokayobowlingcenter,weak,,2026-06-22T13:12:41+00:00
4778f53a-bf97-4e0e-b8ec-5bcdb91e3515,200,1,1,599,Wix,HOME | Chase 'em Back Tools,good,,2026-06-22T13:12:41+00:00
e14e0938-2a54-464b-afc7-22cfdc761517,200,1,1,128,,LAKEPORT Chevrolet Dealer in Lakeport CA | Clearlake Ukiah Healdsburg Chevrolet Dealership California,good,,2026-06-22T13:12:41+00:00
20e6c189-f1d7-42f7-9ab1-9304faf41aa3,200,1,1,451,,"Secure Self Storage &amp; Outdoor RV, Boat &amp; Vehicle Parking in Cloverdale, CA | Payless Storage",good,,2026-06-22T13:12:41+00:00
265ff61f-7ce8-4231-b367-0011992e1ee2,200,1,1,739,,NAPA Auto Parts - Buy Car &amp; Truck Parts Online | Auto Supply Stores Near Me,good,,2026-06-22T13:12:41+00:00
7d82aab8-acb8-4285-bf3a-defe98d358a3,200,1,1,491,WordPress,Auto Repair in Ukiah CA | Alliance Auto Service,good,,2026-06-22T13:12:41+00:00
eb245207-03e5-4cc5-bfe9-4d5fa18b4164,0,0,0,15016,,,broken,connection failed,2026-06-22T13:12:42+00:00
58ffbc14-c610-4761-a846-339825eab6e2,200,1,1,76,GoDaddy,UndercoverRoofing.com is for sale | HugeDomains,good,,2026-06-22T13:12:42+00:00
e0e2d90b-f238-4000-b2b3-db6ef2e5c7a2,200,1,1,196,,"Glass Shop | Gualala, CA | (707) 884-9453",good,,2026-06-22T13:12:42+00:00
1916a870-1544-4ade-9d76-971a88e380a8,200,1,1,195,,"Caterpillar Equipment Dealer | New, Used, Rental | Peterson Cat",good,,2026-06-22T13:12:42+00:00
8c4b9b9e-8d96-4448-924c-4bf309a88343,0,0,0,15014,,,broken,connection failed,2026-06-22T13:12:42+00:00
58e153d8-ac31-4538-b06d-fd73215a54ba,200,1,1,580,,,good,,2026-06-22T13:12:42+00:00
868b703f-89e8-49e6-94af-e1701f351a66,200,1,0,665,,Loading...,weak,,2026-06-22T13:12:42+00:00
1ef0d8dd-1c53-4a00-a296-11ee74469923,202,0,0,236,,,weak,,2026-06-22T13:12:42+00:00
05279baa-08a8-42a6-bac9-c73a753b515e,0,0,0,15017,,,broken,connection failed,2026-06-22T13:12:42+00:00
8d19215e-d1fc-484f-b3d4-e8875f96fd45,200,1,1,251,,"Apartments for Rent in Cloverdale, CA | Vineyard Manor - Home",good,,2026-06-22T13:12:42+00:00
1501ef74-3c4d-47b1-922f-721d45d82e24,200,1,1,929,WordPress,Kelseyville Lumber – Lake County's Building Material &amp; Home Improvement Superstore,good,,2026-06-22T13:12:42+00:00
62174f06-1da2-473f-9169-9c2491e01b7d,0,0,0,15017,,,broken,connection failed,2026-06-22T13:12:42+00:00
c93ecb5f-94ef-444f-a16b-0c50537eedbf,200,1,1,636,WordPress,Lakeport Paper Shredding Near Me | 371 Lakeport Blvd,good,,2026-06-22T13:12:42+00:00
f56fe9ad-affc-4e7f-9ee1-7c9c8ba26a4e,200,1,1,553,WordPress,Cloverdale Paper Shredding Near Me | 1123 S Cloverdale Blvd Ste E,good,,2026-06-22T13:12:42+00:00
0966585e-689c-4c48-bfbd-99651dfe0fa5,200,1,1,235,Squarespace,"Spirit Camp Retreat Center &amp; Event Venue in the Redwoods | Mendocino, California",good,,2026-06-22T13:12:42+00:00
e06a7b22-abb2-4b51-b7ca-fab316ab559b,200,1,1,546,Wix,New World | Manufacturing Flexible PVC,good,,2026-06-22T13:12:43+00:00
7b1ee944-2d21-43d3-a046-ffb80d3abb63,200,1,1,538,,NC Financial Group,good,,2026-06-22T13:12:43+00:00
01616517-208f-49e9-bb0f-9fcb58a9d5e2,200,1,1,1552,WordPress,Ukiah - G&amp;C Auto Body,good,,2026-06-22T13:12:43+00:00
551bef12-050e-42be-9da8-cfa0d9e21197,200,1,1,537,,"Manchester, California Campground | Manchester Beach / Mendocino Coast KOA Journey",good,,2026-06-22T13:12:43+00:00
6dd1da90-6a57-4b05-845c-91ceb1a3c73d,200,1,1,1240,Wix,Westport Heat Transfer Engineering | heat exchangers,good,,2026-06-22T13:12:43+00:00
ba789345-cd7d-456b-8e11-a92cf5b6f1d7,404,1,1,205,,Find a Physician or Provider | Adventist Health,broken,,2026-06-22T13:12:43+00:00
a1d157f7-b516-4161-b203-fc5a18e1ce11,200,1,1,285,GoDaddy,sovereign707.com is for sale | HugeDomains,good,,2026-06-22T13:12:43+00:00
18a94e74-2ded-4965-ae70-4a0aa9719cf1,200,1,1,396,WordPress,"Cannavine Dispensary | Santa Rosa, Ukiah, San Francisco &amp; Belmont Cannabis Pick-up &amp; Delivery",good,,2026-06-22T13:12:43+00:00
f7544446-e530-4455-a9a3-20332499350e,200,1,1,316,GoDaddy,KingOfCrown.com is for sale | HugeDomains,good,,2026-06-22T13:12:43+00:00
22f7ad69-301b-4c93-8cc6-7b57e580ae16,403,1,1,716,,Just a moment...,broken,,2026-06-22T13:12:43+00:00
71e78c18-1d31-4ba9-a9fa-1a59e78d942b,0,0,0,212,,,broken,connection failed,2026-06-22T13:12:43+00:00
3f0190be-2cc2-4501-b4cd-7b9e362e4c0d,200,1,1,708,,Visit a local Health Mart Pharmacy near you | Health Mart,good,,2026-06-22T13:12:44+00:00
fb0af115-fea9-40f1-b9b1-065ef57cfccb,403,1,0,215,,403 Forbidden,broken,,2026-06-22T13:12:44+00:00
6b33ff09-0227-490e-b2a1-9170d357ff74,503,0,0,10696,,503 Service Unavailable,broken,,2026-06-22T13:12:44+00:00
fdf1dc66-c996-4f7d-a3ab-488e0a4e42ea,200,1,1,820,,"Personal Loans in Suisun City, CA 94585 | Payday Loans and Title Loans | Advance America",good,,2026-06-22T13:12:44+00:00
221a2f22-2d7c-4e13-9098-b3a8ab76d199,200,1,1,873,WordPress,Running Creek Casino - Running Creek Casino,good,,2026-06-22T13:12:44+00:00
03cbfb02-52f9-485f-8d19-81056bdab024,200,1,1,2153,,"Apartments for Rent in Cloverdale, CA | Cloverdale Garden - 8416 - Home",good,,2026-06-22T13:12:44+00:00
ff578588-e64a-421e-ab27-1e86c3388335,200,1,1,489,Shopify,ameriDroid.com: US-Based Distributor of SBCs and Home Automation,good,,2026-06-22T13:12:44+00:00
c4b82f8a-e8c7-4c1d-90c0-47d1b2b3de1a,403,1,0,188,,403 Forbidden,broken,,2026-06-22T13:12:44+00:00
f07839d7-d79f-4e77-8675-1fee0336cddb,200,1,1,225,,Find a Chase ATM or branch near you | Chase Bank,good,,2026-06-22T13:12:44+00:00
b51c88f8-0357-4980-9290-48fd72ed2a03,200,1,1,1560,WordPress,StarChild Chocolate,good,,2026-06-22T13:12:44+00:00
c0edc0ed-cedd-489d-ad36-1279ae0f4679,200,1,1,351,,https://www.circlek.com/ | Circle K,good,,2026-06-22T13:12:44+00:00
7a359744-6e76-4e55-a8b9-b8123be5373c,200,1,1,395,,https://www.circlek.com/ | Circle K,good,,2026-06-22T13:12:44+00:00
8ed00609-7bd4-4cdc-80bf-ac9ab2758863,200,1,1,222,,,good,,2026-06-22T13:12:44+00:00
44692aa6-602a-4048-b136-2aa28b7271c1,0,0,0,217,,,broken,connection failed,2026-06-22T13:12:44+00:00
180f4a6a-1e06-4eef-bee5-f680cdfb00e8,404,1,0,298,,404 Not Found,broken,,2026-06-22T13:12:44+00:00
879e6787-995e-4d90-a189-d16f844770d5,200,1,1,1948,Joomla,Thousand Trails Russian River | RV Resorts in California,good,,2026-06-22T13:12:44+00:00
7177d670-45b1-477d-8cb8-65dc52fd33b3,200,1,1,86,,,good,,2026-06-22T13:12:44+00:00
053fe491-849a-4047-82f3-a36fc0761494,0,0,0,211,,,broken,connection failed,2026-06-22T13:12:44+00:00
8546f352-87b5-44ad-8157-3fc76112781c,200,1,1,191,WordPress,"Water Treatment Supplier | Jim's Pumps | Upper Lake, CA",good,,2026-06-22T13:12:44+00:00
e9dd6a4b-7c16-41f6-9212-607689575076,200,1,1,324,GoDaddy,Lake Dermatology Medical Associates :: Medical and Cosmetic,good,,2026-06-22T13:12:45+00:00
325bca48-4978-47cc-ae77-9de888fcad15,200,1,1,1191,,"Cloverdale, California Insurance Agents",good,,2026-06-22T13:12:45+00:00
23a0d6d3-1f39-4740-84f3-19239a71e1c0,200,1,1,1043,WordPress,DaVita,good,,2026-06-22T13:12:45+00:00
8368d5c6-c593-49ea-b834-2cc4884a9922,200,1,1,1772,WordPress,,good,,2026-06-22T13:12:45+00:00
83c9af02-6633-417d-a680-1e96786c15cc,404,1,1,241,,Find a Physician or Provider | Adventist Health,broken,,2026-06-22T13:12:45+00:00
aee16365-8b96-4c8d-828a-a405a6d5037d,200,1,1,1129,,"Dr. Amber Heckart Gilmore, MD - Ukiah, CA - Family Medicine",good,,2026-06-22T13:12:45+00:00
c9132ca9-7d3e-4337-b5da-42541135e10a,200,1,1,1061,,"Anna Marie Antonowich, NP - Ukiah, CA - Hematology Oncology",good,,2026-06-22T13:12:45+00:00
e7a14d26-ecc1-44dc-81b0-7e5cbfdb6851,200,1,1,822,,"Dr. Eric J Bauer, MD - Ukiah, CA - Family Medicine",good,,2026-06-22T13:12:46+00:00
c0a20ddd-93da-463d-827c-fb30c3d791a2,0,0,0,92,,,broken,connection failed,2026-06-22T13:12:46+00:00
9b8c2955-1954-48b1-9090-c960470498eb,200,1,1,606,,Adventist Health Ukiah Valley Primary Care: Adventist Health - 260 Hospital Drive - Suite 204,good,,2026-06-22T13:12:46+00:00
22c70f45-31bd-4bc3-b30b-535491b43337,200,1,1,1129,,"Dr. Eric Kim, MD - Kelseyville, CA - Internal Medicine - Book Appointment",good,,2026-06-22T13:12:46+00:00
0f761085-a210-4825-b8ff-0e439a4eb7f2,200,1,1,479,,Adventist Health,good,,2026-06-22T13:12:47+00:00
fda16200-a2e4-42f5-99ab-cc5f199c0228,200,1,1,1388,,Adventist Health Ukiah Valley Primary Care: Adventist Health Ukiah Valley - 1050 North State Street,good,,2026-06-22T13:12:47+00:00
b464f669-042b-4da0-8976-dc2ec272828b,200,1,1,364,Squarespace,Traditional Healing Arts,good,,2026-06-22T13:12:47+00:00
d5fff4f2-d8b1-46e6-bbd8-1b905f3b8bba,200,1,1,826,WordPress,"Mendocino Community Health Clinic, MCHC Health Center",good,,2026-06-22T13:12:47+00:00
e04b2239-0088-4e3d-a829-e24b3deb75cb,200,1,1,362,,Cloverdale Unified School District,good,,2026-06-22T13:12:48+00:00
e0877c57-97b8-4730-9cb3-c304e6424df8,200,1,1,2018,WordPress,"Bay Area Foot Care - Ukiah, CA",good,,2026-06-22T13:12:48+00:00
d553c4d5-1531-4f63-91ac-b09eb232ed48,404,1,1,593,,Page Not Found — Rite Aid,broken,,2026-06-22T13:12:48+00:00
60829f9f-544f-466b-ba26-43e9135f81ea,200,1,1,242,WordPress,George Petersen Insurance Agency | Commercial Insurance For Business,good,,2026-06-22T13:12:48+00:00
77b7511e-e676-4bcf-97ea-a9b4c928634b,200,1,1,264,WordPress,George Petersen Insurance Agency | Commercial Insurance For Business,good,,2026-06-22T13:12:48+00:00
1fb2cec7-40dc-4a7c-8bf1-14784a2fdb61,0,0,0,24,,,broken,connection failed,2026-06-22T13:12:48+00:00
ab860aa4-9dd2-4673-ad29-d8ab91ab23f9,200,0,0,242,,Hopland Band of Pomo Indians,weak,,2026-06-22T13:12:48+00:00
af1cfa9f-a5cb-434a-bec7-862992c1b36c,404,1,1,236,,Find a Physician or Provider | Adventist Health,broken,,2026-06-22T13:12:48+00:00
f8316aff-62c3-4b8c-b03e-6861f4a16c6b,200,1,1,4532,WordPress,The Peghouse &#8211; Burgers Recipes,weak,,2026-06-22T13:12:48+00:00
4bda8010-d292-413c-b43b-8f7b3edfb804,200,1,1,3057,,"Birth Control, STD Testing &amp; Abortion - Ukiah, CA",good,,2026-06-22T13:12:49+00:00
fae75950-1750-4ea0-a895-7ededf74cf5a,0,0,0,25,,,broken,connection failed,2026-06-22T13:12:49+00:00
03612adb-a29d-4a3e-8588-6ff998ac11a2,200,1,1,538,WordPress,MCI Transformer Corporation | Custom Transformers Manufacturer,good,,2026-06-22T13:12:49+00:00
e9979702-00cb-4c0e-ba9c-0d3a00576e27,200,1,1,333,,Electric Vehicle Charging Stations: Rivian Network Map,good,,2026-06-22T13:12:49+00:00
6dcc8488-3d1e-4b6f-987d-b90a2ce80df4,200,1,1,672,WordPress,"Surveyors, Engineers, Planners &amp; Grant Writers - LACO Associates",good,,2026-06-22T13:12:49+00:00
e1b546ce-237a-4e07-afa4-c8f6da004c36,0,0,0,79,,,broken,connection failed,2026-06-22T13:12:49+00:00
ec7bc0ed-365c-4e57-82ab-2809405062df,404,0,0,227,,Site Not Configured | 404 Not Found,broken,,2026-06-22T13:12:49+00:00
6010c823-a601-4904-bfef-da5f46485f58,200,1,1,1119,,Cagnea — AI Medical Scribe,good,,2026-06-22T13:12:49+00:00
04537469-b286-41c3-b63e-a087c0fc8899,200,0,0,398,,Website Disabled,weak,,2026-06-22T13:12:49+00:00
898dfb14-6e0e-41cc-bd46-3c7fe07cb44a,0,0,0,15,,,broken,connection failed,2026-06-22T13:12:49+00:00
922d65cf-14d2-48ce-b5dc-15f0d76e2715,200,1,1,1089,WordPress,Solar Living Institute &#8902; Professional Solar Training Since 1998,good,,2026-06-22T13:12:49+00:00
884e6adb-8df3-4675-9547-861e26becd90,202,1,0,274,,,weak,,2026-06-22T13:12:49+00:00
ebfb85e7-e2ef-4c60-b636-1f7f9c18207f,200,0,1,310,,Arrow Fencing,weak,,2026-06-22T13:12:50+00:00
be9e9ab7-720a-4a94-b406-7dbc1ecc7ad0,0,0,0,67,,,broken,connection failed,2026-06-22T13:12:50+00:00
d6c6aac5-de30-4428-bb2c-cfa286da09f0,200,1,1,162,Drupal,City of Grass Valley,good,,2026-06-22T13:12:50+00:00
03d18f4f-17ef-40cd-bc18-28f6e68038fc,200,1,1,1557,,66150 DRIVE THRU TREE RD - Shell,good,,2026-06-22T13:12:50+00:00
a6682476-df1d-4077-b404-13e821dbcfc4,404,1,1,522,Wix,,broken,,2026-06-22T13:12:50+00:00
84680b79-9209-47bf-86d9-a9ab90203d8b,202,1,0,325,,,weak,,2026-06-22T13:12:50+00:00
4f3be875-3ce7-4d68-834d-570535c0f52b,0,0,0,14,,,broken,connection failed,2026-06-22T13:12:50+00:00
c8c71a0c-62f4-455b-91f2-6f944ea860c9,200,1,0,1027,,MAXSEA - Soluble Seaweed Plant Foods - A Botanica Brand Product by John Dimmick,weak,,2026-06-22T13:12:51+00:00
d41777d5-e589-4f3f-8c05-d205f71ac536,202,0,0,174,,,weak,,2026-06-22T13:12:51+00:00
e4ed17ec-ddde-4d13-9672-9fa4722e81a8,202,1,0,259,,,weak,,2026-06-22T13:12:51+00:00
0158d2ae-317f-476a-84a6-8d5bb853b62d,403,1,1,53,,Just a moment...,broken,,2026-06-22T13:12:51+00:00
d00723ac-cf22-41d8-b62f-806a8b673964,200,1,1,252,WordPress,"Solid Waste Disposal - City of Ukiah, CA",good,,2026-06-22T13:12:51+00:00
ac53fef9-65c9-4c88-b48f-42e0235b37b2,200,1,1,1342,WordPress,Garage Door The Home Service,good,,2026-06-22T13:12:51+00:00
cdba5699-ecc0-4d01-b41d-2e3cb39d3a0a,200,1,1,324,,ARCO Northwest | Quality TOP TIER&trade; Gas,good,,2026-06-22T13:12:52+00:00
336f5ca2-1297-406a-a9af-8e755b8256f6,202,0,0,313,,,weak,,2026-06-22T13:12:52+00:00
19df8b05-411d-4412-a9c1-105cd40ba8d0,200,1,1,632,,bp.com Homepage,good,,2026-06-22T13:12:52+00:00
3f56e8cc-941b-46cf-894a-104d208944b8,200,1,1,2700,WordPress,Fire &amp; Water Damage Restoration Company in California | West Coast Fire &amp; Water,good,,2026-06-22T13:12:52+00:00
296c1c1c-aebc-4395-aa5c-d22d49ce337a,200,1,1,132,WordPress,76 Gas Stations| Quality Fuel Near You | 76®,good,,2026-06-22T13:12:52+00:00
b6af4f46-5caf-44cd-b198-3248dfb756c9,404,1,0,342,,,broken,,2026-06-22T13:12:52+00:00
43df18f3-b684-4cc9-b895-195c88acc525,0,0,0,109,,,broken,connection failed,2026-06-22T13:12:53+00:00
aab04f3a-6198-4926-9264-b345ebe13fb9,403,1,1,69,,Access denied | thecoinshopca.com used Cloudflare to restrict access | thecoinshopca.com | Cloudflare,broken,,2026-06-22T13:12:53+00:00
3286a891-171c-4e68-9d51-e04ca449f2d6,200,1,1,730,WordPress,We Fuel California - Valley Pacific,good,,2026-06-22T13:12:53+00:00
2e0cfb60-a547-4187-be5c-536173aa481e,200,1,1,222,Shopify,"Website Design Company Mendocino, CA | Ricciardi Designs",good,,2026-06-22T13:12:53+00:00
c50a89a1-b290-46a7-b233-d98f86c16785,200,1,1,2637,WordPress,Junk Removal Services - Mendo Junk Removal,good,,2026-06-22T13:12:53+00:00
65f54406-c51f-4792-9ef9-5681003037b4,200,1,1,896,,"Dr. Razi M Arifuddin, MD - Ukiah, CA - Gastroenterology",good,,2026-06-22T13:12:53+00:00
3b3c2edd-14eb-4c75-900f-b9e9ed382164,200,1,1,226,WordPress,Goodall Guitars &#8211; Acoustic Excellence,good,,2026-06-22T13:12:53+00:00
6fb6baee-13a9-4f1e-aa9c-75abca980832,200,1,1,4010,WordPress,Home - Redwood Restoration,weak,,2026-06-22T13:12:53+00:00
710e3fb8-c9eb-4a9a-bd06-ef83819692a9,200,0,1,762,WordPress,Home - Sioux City JATC,weak,,2026-06-22T13:12:53+00:00
7ea2b1d1-8e58-4b2d-85c9-336fee7a5041,200,0,0,282,,Home | Bonnie Belt,weak,,2026-06-22T13:12:53+00:00
d1b94fb7-0912-4a77-91bd-f949430b158c,0,0,0,31,,,broken,connection failed,2026-06-22T13:12:53+00:00
71ef8b84-60ad-433e-8ae3-e09903449147,200,1,1,920,,Kelseyville Food Center,good,,2026-06-22T13:12:54+00:00
6926eafc-d40d-48b5-86a9-fcd00b8440c1,200,1,1,656,,"Sutter Lakeside Hospital | Hospital in Lakeport, CA | Sutter Health",good,,2026-06-22T13:12:54+00:00
b266c6b1-8ffb-4f65-a876-bdac22aad21d,0,0,0,39,,,broken,connection failed,2026-06-22T13:12:54+00:00
080bc0c1-1350-467d-b008-f6bcad3ea091,404,1,1,782,WordPress,Page not found - Bluesprig Autism,broken,,2026-06-22T13:12:54+00:00
34271b8d-ff35-4e37-a046-c6b5db1d6ccf,0,0,0,10019,,,broken,connection failed,2026-06-22T13:12:54+00:00
ff6611f2-13fa-46eb-af9a-1385b5d37a35,404,1,0,274,,,broken,,2026-06-22T13:12:54+00:00
b2982467-3b4f-4d67-b21e-f4d72809a347,404,1,1,512,,Adventist Health,broken,,2026-06-22T13:12:54+00:00
bb349f52-cb4f-45c7-8911-41f7e0818ba5,200,1,1,261,Wix,Mendocino County History - Historical Society of Mendocino County,good,,2026-06-22T13:12:55+00:00
10960ed0-baaa-44f5-a871-d3582c5d2204,200,1,1,253,,"RPP Hobby | Shop a massive selection of R/C Cars, Trucks, Rock Crawlers & Accessories",good,,2026-06-22T13:12:55+00:00
50d06791-f493-45fd-81a9-f1874a194f59,200,1,1,431,WordPress,Smart Home Integrations &amp; Technology Solutions | LinkUs,good,,2026-06-22T13:12:55+00:00
29eb941d-bde7-4059-a1f3-b6ffdad6dfdc,200,1,1,744,Weebly,,good,,2026-06-22T13:12:55+00:00
316857e6-d3e8-4f6b-8747-6c9b683bd77f,200,1,1,744,,205 N. Orchard Ave. - Ukiah - California - Store Finder | Hobby Lobby,good,,2026-06-22T13:12:55+00:00
7d22490f-c800-42e4-ab48-e27b88f09f69,200,1,1,144,,"Apria Home Medical Equipment and Support For Sleep Apnea, COPD, &amp; More",good,,2026-06-22T13:12:55+00:00
34c3d367-e3e0-46d0-91f4-a9ed4edcde75,200,1,1,111,,"Apria Home Medical Equipment and Support For Sleep Apnea, COPD, &amp; More",good,,2026-06-22T13:12:56+00:00
ef63d135-6978-461e-a0a3-24d9e50df5a1,200,1,1,159,,"Apria Home Medical Equipment and Support For Sleep Apnea, COPD, &amp; More",good,,2026-06-22T13:12:56+00:00
6d52c36f-1c7c-45a5-958c-49c1a46b00ec,200,1,1,934,,Home Care - Adventist Health - Adventist Health,good,,2026-06-22T13:12:56+00:00
97ff9a9f-e1f5-4ece-b3f6-c760ba6309a4,200,1,1,227,Wix,HOME WITH US LLC | home care,good,,2026-06-22T13:12:56+00:00
50832098-6c43-4529-9c9c-7dddf359072d,404,1,1,296,,404: NotFound,broken,,2026-06-22T13:12:56+00:00
7f73a0f5-1829-489d-b145-b9088ab24265,200,1,1,554,Wix,HOME WITH US LLC | home care,good,,2026-06-22T13:12:56+00:00
5e65dc91-8d4f-4fa6-bcab-c7b23e6eda7f,403,0,1,71,,Error Page,broken,,2026-06-22T13:12:56+00:00
61b36da3-3f91-48eb-bc69-ff097eea3b03,0,0,0,103,,,broken,connection failed,2026-06-22T13:12:56+00:00
ecca9169-1bf0-4d06-9308-34b352a57a84,200,1,1,293,,"Plumber in Kelseyville, CA - 24/7 Plumbing Services | Roto-Rooter",good,,2026-06-22T13:12:57+00:00
5dd2227a-06ee-4747-8a1f-7d97e0501698,0,0,0,15073,,,broken,timeout,2026-06-22T13:12:57+00:00
298ae797-bcad-4fa6-a73a-2f6c1dc0f1c3,200,1,1,455,Squarespace,Daniel Olexa,good,,2026-06-22T13:12:57+00:00
8ab0e04a-73db-44c7-af68-95e7ebfe79a8,0,0,0,15169,,,broken,connection failed,2026-06-22T13:12:58+00:00
2ea043ea-4292-4603-830a-b63fc2ba2de5,200,0,0,1495,,Dynaking Company Limited,weak,,2026-06-22T13:12:58+00:00
ccd5fa5f-9d0c-4a8e-9699-d181972687fc,200,1,1,604,,All-Coast Forest Products,good,,2026-06-22T13:12:58+00:00
3223d6f7-05bb-4a22-8b00-e779b68387e3,403,1,1,64,,Just a moment...,broken,,2026-06-22T13:12:58+00:00
bdcb95d6-234e-4449-8ce5-83b36232ce8f,200,1,1,133,GoDaddy,STD Testing Near You | Priority STD Testing,good,,2026-06-22T13:12:58+00:00
02b315d5-b9dd-4164-8829-296e5ca729b3,200,1,1,274,,Aflac | #1 Supplemental Insurance Company - Get a Quote,good,,2026-06-22T13:12:58+00:00
d69024c1-60fe-4df6-89fb-1684fa75ccb0,200,1,1,423,,"Martin Electric Motor Sales & Service | Carson City, MI | Generac Power Systems",good,,2026-06-22T13:12:58+00:00
40464dea-4fd5-40d0-bb74-cbb824af51b2,200,1,1,452,,CA Department of Insurance,good,,2026-06-22T13:12:58+00:00
38a45846-20e3-4c74-982e-6f426ad46d15,404,1,1,275,,Find a Physician or Provider | Adventist Health,broken,,2026-06-22T13:12:58+00:00
e9369c99-709d-4b2a-9cd0-698512a44fe4,404,1,1,390,,Adventist Health,broken,,2026-06-22T13:12:59+00:00
d1d68f29-14f5-4455-a015-58489ed29057,200,1,1,855,,"Dr. Claudia M Petruncio, DO - Willits, CA - Internal Medicine - Book Appointment",good,,2026-06-22T13:12:59+00:00
5f2e876f-a574-4c58-904a-8eb88760a735,200,1,1,1870,Joomla,"Enhanced Oil Recovery Institute (EORI) is located in Casper, Wyoming",good,,2026-06-22T13:12:59+00:00
28eb0a78-ac62-4765-916d-68f70c63dedb,200,0,0,236,,B &amp; B Industrial Hardware and Metals | Home,weak,,2026-06-22T13:12:59+00:00
ba2f56e3-66c3-4133-928d-b320504f60be,0,0,0,222,,,broken,connection failed,2026-06-22T13:12:59+00:00
359e74be-fb66-43c8-83ef-a6b487a16822,200,1,1,938,,Information for Store 73,good,,2026-06-22T13:12:59+00:00
811fc934-8d73-4232-9d0f-49863264ca7f,200,1,1,463,,Adventist Health Howard Memorial,good,,2026-06-22T13:12:59+00:00
36eeec29-7f15-4a28-94a6-cfef79f4058d,0,0,0,40,,,broken,connection failed,2026-06-22T13:13:00+00:00
1b73d048-d2e7-4e77-bc2b-4f8fdf14d0ea,200,1,0,898,Drupal,"Get Connected | Wyatt Irrigation Supply, Inc.",weak,,2026-06-22T13:13:00+00:00
56b24982-d116-4cac-bbcf-1c9239559c87,200,1,0,499,,No Drugs Incorporated - Our newest location Tracy California is now open!&nbsp;Our Martinez California site has been renovated and is now open!,weak,,2026-06-22T13:13:00+00:00
a6db4345-9057-4ac5-9444-b8a82a1745af,0,0,0,226,,,broken,"ssl: HTTPSConnectionPool(host='www.aramarkuniform.com', port=443): Max retries exceeded with url: /campai",2026-06-22T13:13:00+00:00
a5cc59e8-fb3d-4932-82d5-1be4660fb2ce,200,1,1,978,,Classic Mill &amp; Cabinet,good,,2026-06-22T13:13:00+00:00
38bbedc5-dd22-4f41-8c96-9ee852e39c37,200,1,1,175,GoDaddy,Home - K&amp;G Immigration Law,good,,2026-06-22T13:13:00+00:00
50af3a8e-e8a4-497d-a727-58ab4003f343,0,0,0,164,,,broken,connection failed,2026-06-22T13:13:00+00:00
16911918-ad8e-4bd2-bb02-24438109abea,200,1,1,628,WordPress,Ukiah Workers' Compensation Attorney | Injured On The Job,good,,2026-06-22T13:13:00+00:00
5cf8797e-5e69-4dbe-92b8-4d498d4bb7c6,200,1,1,687,GoDaddy,gentlestar.com,good,,2026-06-22T13:13:00+00:00
0c040433-bcde-42d6-968f-41f005ef0f73,200,1,1,587,Wix,Home | Kwik Stop,good,,2026-06-22T13:13:00+00:00
6fc7ea75-730f-4252-bff0-ce9f03225376,200,1,1,503,WordPress,"Barnes Lumber Co. - Lumberyard | Cloverdale, CA : (707) 894-2989",good,,2026-06-22T13:13:01+00:00
b5222320-6efa-41a5-89c2-6ec6a473e73b,200,1,1,603,,"Tool &amp; Equipment Rentals in Ukiah, CA | Herc Rentals",good,,2026-06-22T13:13:01+00:00
5e76953f-03a0-4406-9358-e9d76babbf7e,200,1,1,687,,,good,,2026-06-22T13:13:01+00:00
49591fb9-18a4-42e9-b60d-b06c334831b8,200,1,1,561,WordPress,Talalay Latex Mattress | Personalized each side | Adjustable | FloBeds,good,,2026-06-22T13:13:02+00:00
f3c8f167-134e-4a4f-b791-58adbe2e8709,200,1,1,581,,"Page 0 - Top Home Care Jobs in Willits, CA",good,,2026-06-22T13:13:02+00:00
4a2bc02d-e6bd-486b-bb9d-ddda6d789a2e,200,1,1,1979,WordPress,"Barnes Lumber Co. - Lumberyard | Cloverdale, CA : (707) 894-2989",good,,2026-06-22T13:13:02+00:00
42ad4fb6-6de6-4a63-aec3-14ae68b7729a,0,0,0,39,,,broken,connection failed,2026-06-22T13:13:02+00:00
2af42101-e53a-466b-97e4-22b087d00a37,202,1,0,377,,,weak,,2026-06-22T13:13:02+00:00
23f11e1b-602f-4a51-a4ff-dc4fb7003eb2,200,1,1,375,,"Sutter Lakeside Medical Practice | Care Center in Lakeport, CA | Sutter Health",good,,2026-06-22T13:13:02+00:00
ec192604-1c64-408a-826a-ea75575273f7,0,0,0,117,,,broken,connection failed,2026-06-22T13:13:02+00:00
c06b584f-7c15-4a15-9719-7a67fd5c18b0,200,1,1,297,WordPress,"Willits MHP | Mobile Home Park in Willits, CA",good,,2026-06-22T13:13:02+00:00
b418ff2d-f5e7-4b91-8a11-b1cdf4a8de89,200,1,1,1802,WordPress,3-Axis Machining - 4-Axis Machining – 5-Axis Machining – 6-Axis Machining – 9-Axis Machining - CA,good,,2026-06-22T13:13:03+00:00
b1a6922c-d30c-4486-af87-bb1c36d6ba06,200,1,1,945,,"Home Respiratory Care, Respiratory Supplies &amp; Equipment | Lincare",good,,2026-06-22T13:13:03+00:00
a32063c3-5a90-4278-be33-86b720930e15,200,1,1,396,,"Cell Phone Store in Lakeport | iPhones, Samsung Phones, Prepaid Phones | AT&T Store Lakeport 95453",good,,2026-06-22T13:13:03+00:00
6919976f-cbb9-4f2c-aeb2-b69957f07fcd,200,1,1,1061,,T-Mobile® Official Site | Best 5G Network &amp; Unlimited Data Plans,good,,2026-06-22T13:13:03+00:00
9a53cc95-efee-4120-80c6-8db327643b92,200,1,1,511,,Find a Store: Metro by T-Mobile store,good,,2026-06-22T13:13:03+00:00
b8ad360a-863e-4eb8-adda-676e84afa81a,200,1,1,529,,Find a Store: Metro by T-Mobile store,good,,2026-06-22T13:13:04+00:00
cab62957-9c5a-404d-8908-87681dcd97ac,200,1,1,535,,"Total Wireless Store | 1206 S Main St in Lakeport, CA",good,,2026-06-22T13:13:04+00:00
77175bde-fbd8-4aa0-bbbc-dd6c96b4f10e,200,1,1,1507,,T-Mobile® Official Site | Best 5G Network &amp; Unlimited Data Plans,good,,2026-06-22T13:13:04+00:00
23dfda7b-2183-45c7-9215-9e9d72649cda,200,1,1,326,,Generators & Off-Road Vehicles for Sale | Motosports of Ukiah CA,good,,2026-06-22T13:13:04+00:00
a4e8b013-f102-4036-8882-c99ed19a796f,200,1,1,274,Squarespace,Lake County Historical Society | Discover History Today,good,,2026-06-22T13:13:04+00:00
c9856c85-eb36-4566-91d6-c7108ac40363,200,1,1,705,,"Gunnink's Harley-Davidson® | H-D Motorcycle Dealer, Ukiah CA",good,,2026-06-22T13:13:04+00:00
35500425-4218-4927-94f0-e99686f804fc,200,1,1,8397,WordPress,Home | Tamarack Solar Products | Mounts for Solar Panels,weak,,2026-06-22T13:13:04+00:00
c3b8b4a2-aa84-4bf4-8138-3db81a3fa1dc,200,1,1,199,Wix,"Scratchboard Art | Alex Murray Fine Art | Ukiah, CA",good,,2026-06-22T13:13:04+00:00
f9f1472a-4f69-442c-a27d-010a06db9439,200,1,1,69,WordPress,Ukiah School of Music &#8211; info@ukiahschoolofmusic.com,good,,2026-06-22T13:13:04+00:00
3696fd58-a301-4aff-b7eb-9ae8cffdbd3c,0,0,0,10019,,,broken,connection failed,2026-06-22T13:13:04+00:00
72eb6d74-c847-4609-b835-f3b3ca208dc0,200,1,1,1003,,"Home - Mendocino Coast Chamber of Commerce, CA",good,,2026-06-22T13:13:05+00:00
6394adb6-c9fc-4ee2-a97f-6fe1449819f6,200,0,1,836,WordPress,Guitars of Gregory Byers &#8211; A Luthier&#039;s Art,weak,,2026-06-22T13:13:05+00:00
d35a443d-45c8-4041-a2d1-4b11b78dedf1,200,1,1,754,,"April Wu, NP - Ukiah, CA - Hematology Oncology",good,,2026-06-22T13:13:05+00:00
8d7e01fd-cafb-44d2-9984-2caf2a929177,200,1,1,1009,WordPress,Fort Bragg-Mendocino Coast Calendar of Events &#8211; The Mendocino Beacon,good,,2026-06-22T13:13:05+00:00
e716e206-3d6c-47e5-a669-3ad58d0aa012,200,1,1,801,,"James K Greenlee, NP - Kelseyville, CA - Family Medicine - Book Appointment",good,,2026-06-22T13:13:06+00:00
45db88ae-e02b-4f4d-8c91-4dab4c6acadf,404,1,1,185,,Find a Physician or Provider | Adventist Health,broken,,2026-06-22T13:13:06+00:00
56992033-cfae-4767-a511-6c17e890563d,200,1,1,833,,"Julie Ann Miner, FNP - Ukiah, CA - Cardiology",good,,2026-06-22T13:13:06+00:00
b6dc520f-4c6f-4ba7-b947-5a727854abba,200,1,1,960,,"Lindsay M Helvey, NP - Ukiah, CA",good,,2026-06-22T13:13:06+00:00
521cd812-1ed1-454c-b26c-ff0894957303,200,1,1,216,,Weight-Loss Program: Lose Weight. Gain Health | WeightWatchers,good,,2026-06-22T13:13:06+00:00
f6fdcc07-6a29-43d1-828d-dcb77d0c5982,404,1,1,267,,Find a Physician or Provider | Adventist Health,broken,,2026-06-22T13:13:06+00:00
4b986458-d8e9-4925-8a3e-ef12f970526d,200,1,1,383,,"Staples® Ukiah, CA, 95482 | Store Details",good,,2026-06-22T13:13:07+00:00
3a3bd4cf-ec92-45cb-8cf2-af7677ca07f2,200,1,1,2339,,"Carla J Stange, NP - Fort Bragg, CA - Midwifery - Book Appointment",good,,2026-06-22T13:13:07+00:00
564113cb-ce35-4ebf-9a63-e8f47ef7d9bb,200,1,1,2167,,"Erica L D&#x27;Anis, PNP - Willits, CA - Pediatrics",good,,2026-06-22T13:13:07+00:00
d282bd03-4400-48dc-a71e-34954927d237,200,1,1,1351,,"Dr. Hengbing Wang, MD - Ukiah, CA - Hematology Oncology",good,,2026-06-22T13:13:08+00:00
88301185-4a56-4f9b-9aa9-8cdd28998a25,200,1,1,1278,,Providence Medical Group Lakeport - Medical Oncology | Providence,good,,2026-06-22T13:13:08+00:00
68472f1c-b568-433f-8f1c-f56989688ece,200,1,1,991,,"Dr. Jeffery Adkins, MD - Ukiah, CA - Comprehensive Ophthalmology",good,,2026-06-22T13:13:08+00:00
72aed280-b701-4502-91c6-ee4085458027,0,0,0,27,,,broken,connection failed,2026-06-22T13:13:08+00:00
2edee7d8-8b56-466f-af3b-1bc2b0f1bb84,200,1,1,1281,,Providence Medical Group Ukiah - Radiation Oncology | Providence,good,,2026-06-22T13:13:08+00:00
d89bc742-3d0a-43aa-9114-036ab4a1ec75,200,1,1,172,,"The American Legion | Serving Veterans, Families, &amp; Communities Nationwide",good,,2026-06-22T13:13:08+00:00
18d77c22-8676-4311-a510-52fbde625364,0,0,0,15197,,,broken,connection failed,2026-06-22T13:13:09+00:00
ce677b16-ef0a-4f35-b4e4-a5993cb813dd,200,1,1,163,Squarespace,Dr. Scott Gherini,good,,2026-06-22T13:13:09+00:00
f0d56b2a-f738-4931-a199-27038e6b7501,200,1,1,882,WordPress,"Business Networking in Lakeport, CA | Lakeport Main Street Association",good,,2026-06-22T13:13:09+00:00
eba4f0dd-dcfd-4c51-a153-1be3beef92a3,404,1,1,201,,Find a Physician or Provider | Adventist Health,broken,,2026-06-22T13:13:09+00:00
efd93bba-6ae1-4bd6-973a-f74aa891124e,200,1,1,885,,"Home - Mendocino Coast Chamber of Commerce, CA",good,,2026-06-22T13:13:09+00:00
624abb05-0d3b-4cf2-b699-4197ebcb5496,200,1,1,1043,,"Dr. Paul M Charpentier, MD - Willits, CA - Orthopedic Surgery",good,,2026-06-22T13:13:09+00:00
b05734d8-8a55-4906-8194-0ae32e258279,200,1,1,338,WordPress,"Disney's Boat Rentals | Clear Lake Boat Rental in Lakeport, CA",good,,2026-06-22T13:13:09+00:00
015f1bf3-ad94-4f80-9897-a751e61e0b8a,404,1,0,314,,Webshop closed,broken,,2026-06-22T13:13:09+00:00
fc94c149-1995-48e3-8b33-c1a26a692f59,200,1,1,207,GoDaddy,"Jason Pope, MD - Evolve Restorative Center",good,,2026-06-22T13:13:09+00:00
61582b47-217e-4f5f-93bc-8476098f4c4c,200,1,1,1923,,"Dr. Kevin Burke Miller, MD - Fort Bragg, CA - Comprehensive Ophthalmology",good,,2026-06-22T13:13:10+00:00
762d1c2c-7b8f-4d94-ade5-4b1409c576a1,200,1,1,229,,"Sherwin-Williams Paint Store - Ukiah, CA #721059",good,,2026-06-22T13:13:10+00:00
7956b96e-b269-43de-89b0-ad706882b760,200,1,1,458,Squarespace,Contact &mdash; NORVELL&#39;S,good,,2026-06-22T13:13:10+00:00
8c80f4b3-9503-4ee8-b534-d9968d240821,404,1,0,185,,Error 404 (Not Found)!!1,broken,,2026-06-22T13:13:10+00:00
48608086-b8ab-4e5e-87a7-f87b985de284,403,1,1,244,,Just a moment...,broken,,2026-06-22T13:13:10+00:00
2c457961-b4ce-4462-b513-77980300bc75,200,1,1,1213,Wix,Coast Pack &amp; Ship | Packing and Shipping,good,,2026-06-22T13:13:10+00:00
47e64c3f-a19d-47ee-b07c-f76bc29d999f,200,1,1,627,WordPress,Less Stress Legal Document Preparation Services,good,,2026-06-22T13:13:10+00:00
39ee9a55-24ef-4c44-9ead-fb8f530d96a8,200,1,1,585,,Pediatric Cardiology Clinic | UCSF Benioff Children&#39;s Hospitals,good,,2026-06-22T13:13:10+00:00
c7fada28-2525-4e35-9d11-12101ba08082,200,0,0,200,,,weak,,2026-06-22T13:13:10+00:00
b820a866-28f1-4661-aa1d-aacbc711cce4,200,1,1,539,,"Dr. Kirsten Quitno Juliet, MD - Ukiah, CA - Pediatrics",good,,2026-06-22T13:13:11+00:00
28c601f9-292e-4906-a0d6-1d2aa542d358,200,1,1,679,,Pediatrics - Clear Lake - Adventist Health,good,,2026-06-22T13:13:11+00:00
980ca2b8-f224-4bed-8e1e-ca92c99e5f63,404,1,1,690,WordPress,Page not found | Good Neighbor Pharmacy,broken,,2026-06-22T13:13:11+00:00
eaaeff15-4c6d-4205-9813-2cfa36044e6f,200,1,1,1681,,"Dr. Brynn R Stirling, MD - Ukiah, CA - Pediatrics",good,,2026-06-22T13:13:11+00:00
85093721-746a-47d5-9094-8ecf4ef5219d,200,1,1,629,,,good,,2026-06-22T13:13:12+00:00
de0ac5c1-a894-4721-9eee-7ce54d02e357,404,1,1,453,,Page Not Found — Rite Aid,broken,,2026-06-22T13:13:12+00:00
07a5aaee-84bb-4f10-9158-472f261eb2a5,404,0,0,5559,,404 Not Found,broken,,2026-06-22T13:13:12+00:00
249aa40c-bcd5-408f-8cc8-cd21eaa4dc01,200,1,1,245,WordPress,"Jonathan Kreger, DPM | Bay Area Foot Care",good,,2026-06-22T13:13:12+00:00
d97e2d24-5626-4d7b-8740-1318d9676090,200,1,1,232,,"Powder Coating Services | Ukiah, CA | 707-462-0217",good,,2026-06-22T13:13:12+00:00
fd8d74d5-d46a-44ad-8503-d45f58d9041b,200,1,1,1237,WordPress,Store Locator | Good Neighbor Pharmacy,good,,2026-06-22T13:13:12+00:00
fe347803-2a79-4acd-8c47-3d3c78ca76df,200,1,1,373,Squarespace,Mendocino Fiduciary,good,,2026-06-22T13:13:12+00:00
5a80a406-f280-4611-a11e-78714410a38b,200,1,0,650,,Deem Entertainment Production Services,weak,,2026-06-22T13:13:12+00:00
14de394f-90c2-4c53-a9b4-15c918a10a55,200,1,1,247,WordPress,"Homepage &#8226; The Mendocino Voice | Mendocino County, CA",good,,2026-06-22T13:13:13+00:00
87a898e2-9543-43cf-83f5-f4cff3ce31c7,200,1,1,1289,,"Emily Anne Hauser, PA - Willits, CA - Family Medicine - Book Appointment",good,,2026-06-22T13:13:13+00:00
5a47acf5-480c-47aa-b9e7-072ab1714105,0,0,0,1004,,,broken,"ssl: HTTPSConnectionPool(host='www.dishnetwork.com', port=443): Max retries exceeded with url: / (Caused ",2026-06-22T13:13:13+00:00
69c043db-289c-4d9a-84ec-c0e583dcd487,200,1,1,657,,"Local AmeriGas Propane Office in Lakeport, California",good,,2026-06-22T13:13:13+00:00
1789bb78-844c-4f42-9a49-c8c24ea547f3,200,1,1,503,,"Local AmeriGas Propane Office in Lakeport, California",good,,2026-06-22T13:13:13+00:00
0c62e567-a3bc-467e-8cdd-863cdba48681,200,1,1,1094,WordPress,"Residential Construction Contractor Sea Ranch | Construction Contractor Sea Ranch | Shawn P. Bettega Construction, Inc.",good,,2026-06-22T13:13:13+00:00
1f9a41f7-a1f2-43f5-b5be-43b865d90e17,200,1,1,491,,"Local AmeriGas Propane Office in Fort Bragg, California",good,,2026-06-22T13:13:13+00:00
fcfd3f87-31d6-41da-94c1-2a7350a05b29,200,1,1,285,WordPress,Simple and satisfying rental experiences for all - PURE Property Management of California,good,,2026-06-22T13:13:13+00:00
893feb23-65aa-47e4-977e-59b92a69f701,200,1,1,534,,"Propane in Fort Bragg, CA on N Main St | Refill &amp; Delivery",good,,2026-06-22T13:13:13+00:00
1607fcbb-b654-4d66-b244-2ad639ddd0d8,200,1,1,615,Wix,Car Stereo Installation | Audio Motorsports | Carson,good,,2026-06-22T13:13:14+00:00
ccaa77c9-b9ed-4734-9402-a6fbc4adcc79,200,1,1,442,WordPress,Psychotherapist in Mendocino CA | Fort Bragg Therapist,good,,2026-06-22T13:13:14+00:00
738b6a42-5762-4604-ba7a-6641c67e73f2,200,1,1,359,Squarespace,Kayak Mendocino | Kayak nature tours on the Mendocino Coast,good,,2026-06-22T13:13:14+00:00
6885a3d7-fda5-4e7c-b7a8-cfff8a55e34e,200,1,1,298,,California State Portal | CA.gov,good,,2026-06-22T13:13:14+00:00
b62f6d92-8458-4344-bb4f-290fd105dc03,200,1,1,410,,"The Carriage House - Vacation Rental in Lakeport, CA",good,,2026-06-22T13:13:14+00:00
23554a32-dedb-4552-9784-48a328737fad,403,1,0,208,,extendedstayamerica.com,broken,,2026-06-22T13:13:14+00:00
2022e110-87b3-47ca-aaca-06179e10f3fa,0,0,0,30033,,,broken,connection failed,2026-06-22T13:13:14+00:00
63ee59ba-765b-4fd5-8043-19f127e8ae94,200,1,1,167,,"Cottage-Style Inn | Inn At Baechtel Creek | Willits, CA",good,,2026-06-22T13:13:14+00:00
49b58e7f-db4b-4f4d-81dc-701dc38db8c6,200,1,1,767,WordPress,"Ebb Tide Lodge | BEST RATES at our Fort Bragg, CA Hotel &#8211; Ebb Tide Lodge is located in Fort Bragg, CA. The hotel is surrounded by an array of restaurants, shopping spots, and is nearby popular a",good,,2026-06-22T13:13:15+00:00
97fe691b-20fe-4dcf-a6b3-9dc5ec6281e9,200,1,1,477,,The Inn At Newport Ranch | Official Website,good,,2026-06-22T13:13:15+00:00
b7581be4-a0c1-44c5-810f-ab31d2069e3f,0,0,0,108,,,broken,connection failed,2026-06-22T13:13:15+00:00
cc029795-1adc-4aad-89d2-b96c9906e68c,200,1,1,573,,Search Results,good,,2026-06-22T13:13:15+00:00
cffcf51f-b15f-4be1-915b-bedc20799ad4,200,1,1,436,,Search Results,good,,2026-06-22T13:13:15+00:00
2d91e62b-bb9c-4abc-9c2b-20070073f9e8,200,1,1,1863,WordPress,"Propane Delivery &amp; Services in Lakeport, CA | Suburban Propane",good,,2026-06-22T13:13:15+00:00
aba06556-7134-4c96-8b08-b17b7f92f2e2,200,1,1,649,,"Cloverdale Ace Hardware in Cloverdale | Hardware Store in Cloverdale, CA 95425",good,,2026-06-22T13:13:15+00:00
942b127f-93cf-40d1-adc1-bf56baf0b393,0,0,0,30066,,,broken,connection failed,2026-06-22T13:13:15+00:00
32353092-de04-4648-9d4e-c853f683eada,200,1,1,742,,,good,,2026-06-22T13:13:16+00:00
b7b36516-2232-4976-8970-ae03bbec5996,200,0,0,398,,"wood carving, hand carved furniture, hand carved patio and garden furniture, woodcarving, handcarved, mendocino, charles sayers",weak,,2026-06-22T13:13:16+00:00
30c95a77-b8b6-4fb9-b611-d732a616fdf7,200,1,1,1008,,Coast True Value Stores | Shop Hardware & Home Improvement,good,,2026-06-22T13:13:16+00:00
baf2465f-3afc-46ca-9226-dbcd708492a0,200,1,1,1172,,Coast True Value Stores | Shop Hardware & Home Improvement,good,,2026-06-22T13:13:16+00:00
b59f4dbb-71af-4e63-80f5-0b7bf11b7f1a,200,1,1,524,,"Home Decor | Lakeport, CA | Lakeport Furniture",good,,2026-06-22T13:13:16+00:00
8096ec4e-a66a-4f36-bc02-93387ac2842c,200,0,1,311,,thistleboutique.com&nbsp;-&nbsp;thistleboutique Resources and Information.,weak,,2026-06-22T13:13:16+00:00
14768440-1f6e-4596-bdda-947a9f1df261,0,0,0,30022,,,broken,connection failed,2026-06-22T13:13:16+00:00
623324f5-3622-4620-b58e-b1becaa71a14,404,1,1,690,,Page Not Found | True Value Hardware,broken,,2026-06-22T13:13:16+00:00
a87926b3-80b9-4458-8e78-656eb0ce6524,429,0,1,100,,Just a moment...,broken,,2026-06-22T13:13:16+00:00
04c344ab-a308-48cf-9685-3e788b654dad,200,1,1,517,,"Village True Value Hardware - Hardware store in Albion, California",good,,2026-06-22T13:13:17+00:00
4c9c4031-f4ea-4881-95c4-69dd2b24ebd7,200,1,1,976,,"Mendo Mill &amp; Lbr Co in Willits | Hardware Store in Willits, CA 95490",good,,2026-06-22T13:13:17+00:00
4c3d20d3-bde5-45f4-98cb-d2b02cf8de85,200,1,1,635,Shopify,"#1 Men&#39;s, Women&#39;s, Boy&#39;s &amp; Girl&#39;s Wakeboard Store, Accessories &amp; Gear &ndash; Wakeupsports.com",good,,2026-06-22T13:13:17+00:00
3b27f681-d023-45a1-9d43-e578b0aef45d,200,1,1,1223,,"Lindberg True Value Lumber &amp; Hardware - Lumber and Hardware store in Calpella, California",good,,2026-06-22T13:13:17+00:00
3418a5c9-5130-4c3e-9072-adb5d5424108,200,1,1,502,,"Intoxalock Ignition Interlock at DFM Car Stereo Inc, Ukiah, CA 95482",good,,2026-06-22T13:13:17+00:00
02ce7a0a-325d-48af-957f-5598909b008b,200,1,1,340,,"Intoxalock Ignition Interlock at Mackey Tire Centers dba Davis Tire and Auto Repair, Lakeport, CA 95453",good,,2026-06-22T13:13:17+00:00
d5d5667c-1e9b-4e54-9482-92665e28ec7f,200,1,1,448,,"Intoxalock Ignition Interlock at Pulse Custom Audio and Auto, Fort Bragg, CA 95437",good,,2026-06-22T13:13:17+00:00
a5892431-8635-4c59-bba1-3f8f12f80e62,200,1,1,259,WordPress,"Storage Units at 2301 S State St, Ukiah, CA | CubeSmart",good,,2026-06-22T13:13:17+00:00
4abe643c-4544-45f7-87a4-4264a00d0486,202,0,0,128,,,weak,,2026-06-22T13:13:17+00:00
cdaea9e9-472a-41f1-bc89-abb82ee37900,200,1,1,464,,Home,good,,2026-06-22T13:13:17+00:00
128dfca5-7285-454a-9d03-9e87a246468f,403,1,1,85,,Just a moment...,broken,,2026-06-22T13:13:17+00:00
6e9bf5be-9c42-4c72-98a3-0f02231db66c,200,0,1,261,,Coming Soon,weak,,2026-06-22T13:13:17+00:00
e4b326b7-c5b0-44d9-a881-14dd44180148,200,1,1,192,WordPress,Shop the Best Comfort Shoes and Work Boots | Beck&#039;s Shoes,good,,2026-06-22T13:13:18+00:00
7e0b1625-fcae-4859-bac4-104910aa9af2,200,1,1,298,WordPress,Randy Lemmon - Garden Guy for Houston &amp; the Gulf Coast,good,,2026-06-22T13:13:18+00:00
d3d999d1-0893-44ef-b7ce-47ec8abccfeb,200,1,1,306,WordPress,Home | Mendo Insider Tours,good,,2026-06-22T13:13:18+00:00
617604e3-ae44-4488-bb1f-705ce4db820e,200,1,1,358,,CDFW - Website Moved,good,,2026-06-22T13:13:18+00:00
f1fb33b9-3127-4899-84b3-951eb6bedffb,200,1,1,1633,WordPress,Ignition Interlock at 1080 N STATE ST Suite A in Ukiah | Smart Start,good,,2026-06-22T13:13:18+00:00
f06c34f5-5110-4e3a-b926-544bfcd37225,200,1,1,766,,"Minerva Stirling, LCSW - Ukiah, CA - Mental Health Counseling",good,,2026-06-22T13:13:19+00:00
5d210567-4cda-464d-a96f-c3ce43ec65d5,0,0,0,111,,,broken,connection failed,2026-06-22T13:13:19+00:00
71c4d3a2-2c1f-4f83-8781-41bf66dc9b55,200,1,1,392,Wix,HOME | Mysite,good,,2026-06-22T13:13:19+00:00
d7078293-5c6e-40ae-8c3b-f5a9f4ef3fc2,202,0,0,67,,,weak,,2026-06-22T13:13:19+00:00
a68bec03-85ec-4fb2-9b30-409bcfa715a9,200,1,1,3326,,"Mendo Mill &amp; Lbr Co in Willits | Hardware Store in Willits, CA 95490",good,,2026-06-22T13:13:19+00:00
b779ab9e-10bb-4f8d-b989-d4a463ac00dc,0,0,0,15171,,,broken,connection failed,2026-06-22T13:13:19+00:00
22fabe76-cc9b-4d20-a971-7e5d349b5296,200,1,1,1227,,"Socorro Rocha Padilla, LCSW - Lakeport, CA - Social Work",good,,2026-06-22T13:13:19+00:00
c25023d3-3831-4305-a766-253802205c44,200,1,1,436,WordPress,Lucky | Lower Prices on Thousands of Items,good,,2026-06-22T13:13:20+00:00
13d4bf54-38a3-418b-ab75-b06148c6d5e9,200,1,1,970,,"Dr. Brian S Gould, DO - Ukiah, CA - Sports Medicine",good,,2026-06-22T13:13:20+00:00
f2f49594-7623-4383-ad3e-473f08749c9b,404,1,1,257,,Find a Physician or Provider | Adventist Health,broken,,2026-06-22T13:13:20+00:00
06d63a9f-1d32-4c15-99b2-18e1ced38667,0,0,0,111,,,broken,connection failed,2026-06-22T13:13:20+00:00
347e4465-4ad0-4cb0-ba9e-e0dc185d1bfe,404,1,1,385,,Find a Physician or Provider | Adventist Health,broken,,2026-06-22T13:13:20+00:00
ca7ebb02-93b4-4121-8100-615d31f7b98c,200,0,0,632,Joomla,"TeleCom Services Co. Ukiah, CA Business Phone Systems Data Network Solutions",weak,,2026-06-22T13:13:21+00:00
af1ef2dd-986a-4c78-a82c-ee64b4047738,200,1,1,917,,"Dr. Randal Edward Schafer, MD - Ukiah, CA - General Surgery",good,,2026-06-22T13:13:21+00:00
26e38595-5fa2-415a-a5aa-00f210fb16d4,200,1,1,285,,"Comcast Service Center 1060 N State Street Ukiah, CA",good,,2026-06-22T13:13:21+00:00
a3cb972f-9598-4caa-b8b4-13f6e821a380,200,1,1,1342,WordPress,Home Page - Goodwill Redwood Empire,good,,2026-06-22T13:13:22+00:00
e5d7fa20-8c67-46de-bd35-4ba5d2ec5f4f,200,1,1,664,,Staff Directory • Services &amp; Facilities,good,,2026-06-22T13:13:23+00:00
b1cac323-213a-4c0e-8e01-13fc63590f17,200,1,1,168,WordPress,Home - World-Famous Skunk Train,good,,2026-06-22T13:13:23+00:00
a506cd1b-d197-4152-9bf2-e969b330f9da,0,0,0,30045,,,broken,connection failed,2026-06-22T13:13:23+00:00
21c06988-6f7a-4894-8999-96da20cca567,0,0,0,17,,,broken,connection failed,2026-06-22T13:13:23+00:00
daf36e93-6302-40d6-8ac4-9bc9931ae431,403,1,1,337,,Access denied | onwardautorepair.com used Cloudflare to restrict access | onwardautorepair.com | Cloudflare,broken,,2026-06-22T13:13:24+00:00
c9be1178-23fd-40f2-bfaa-984bbf6abf19,404,1,1,238,,Page Not Found,broken,,2026-06-22T13:13:24+00:00
1106f0d5-280f-4354-aeee-26b083f3905b,403,1,1,487,,,broken,,2026-06-22T13:13:24+00:00
ebf57c38-2906-434e-be27-a1b772ee6101,0,0,0,15165,,,broken,connection failed,2026-06-22T13:13:24+00:00
7b9fd961-1d0f-4284-b8e4-5d5b43112f5a,200,1,1,667,,Ukiah Budget Truck Rental 112 Ford Street,good,,2026-06-22T13:13:25+00:00
fc7f1c33-f781-448e-ab06-3106b220efd4,200,1,1,380,,"Penske Truck Rental in Ulkiah, CA at Home Depot #8408",good,,2026-06-22T13:13:25+00:00
14d1a383-afb3-4139-861c-1ef70f876152,200,1,1,1480,,Home | Johnson's Quality Tree,good,,2026-06-22T13:13:26+00:00
2e31e0f1-a96e-4df1-9eb0-84714b922dbd,200,1,1,2155,WordPress,Home - Great Tree Tenders,good,,2026-06-22T13:13:26+00:00
a8f2be7e-5006-4e03-9fb1-fd267aec8f58,200,1,1,171,,"Vestis Uniforms and Workplace Supplies in Ukiah, CA - Vestis",good,,2026-06-22T13:13:26+00:00
60b5f746-6a2a-46b9-a169-3acba296049d,200,1,1,675,,"U-Haul: Moving Truck Rental in Ukiah, CA at U-Haul Moving &amp; Storage of Ukiah",good,,2026-06-22T13:13:26+00:00
043a4863-d141-4fd6-a797-f5369253671c,404,1,1,280,,Find a Physician or Provider | Adventist Health,broken,,2026-06-22T13:13:26+00:00
f1ea62d7-b91b-451f-9cac-80f0de7045b9,404,1,1,512,,Adventist Health,broken,,2026-06-22T13:13:27+00:00
3fa764b4-8381-4af4-8624-efe56bb99db6,202,1,0,571,,,weak,,2026-06-22T13:13:27+00:00
af893f6a-6843-4903-a999-b3d4a4019fbe,200,1,1,829,,"Dr. Naum Spiegel, MD - Ukiah, CA - Urology",good,,2026-06-22T13:13:27+00:00
efb562e2-d8e1-49d3-b474-3225baa93f0f,200,1,1,1643,,About GCR Commercial Tires &amp; Service | Bridgestone Commercial Tires,good,,2026-06-22T13:13:27+00:00
301a7167-1673-4494-991a-3bb847581056,403,1,1,68,,Attention Required! | Cloudflare,broken,,2026-06-22T13:13:27+00:00
287f55f3-7c30-4eae-998f-8f2f7f855ddd,0,0,0,10017,,,broken,connection failed,2026-06-22T13:13:27+00:00
373a47ea-b0ad-440c-9115-abf12b3412f3,307,1,1,123,,Access to this page has been denied,good,,2026-06-22T13:13:28+00:00
53e27765-343d-4ae5-b4d0-a92f126a64e7,200,1,1,569,,"UPS Alliance Shipping Partner in Staples at 1225 AIRPORT PARK BLVD, UKIAH, CA",good,,2026-06-22T13:13:28+00:00
cd31ae3c-d837-45a4-a449-2c26f066ab5f,200,1,1,607,,"UPS Alliance Shipping Partner in Staples at 1225 AIRPORT PARK BLVD, UKIAH, CA",good,,2026-06-22T13:13:28+00:00
61cb1fce-4773-47ac-bdd5-5238cb56dbd3,200,1,1,700,Shopify,Gateway Games,good,,2026-06-22T13:13:28+00:00
d4c507aa-e0f2-41f8-b253-291bab3b136e,0,0,0,11366,,,broken,connection failed,2026-06-22T13:13:28+00:00
d9b068ee-bac4-4362-ab55-daff3ff2f274,200,1,1,613,,Workshop Location | WW,good,,2026-06-22T13:13:28+00:00
d8ee47c4-3378-4028-9d84-754807e1212f,200,1,1,716,WordPress,"Bulk and Cylinder Gas Solutions, Gas Plants and Services - Nippon Sanso Matheson",good,,2026-06-22T13:13:28+00:00
6f7007be-90ce-47ba-ab5c-eacec264bbcb,0,0,0,109,,,broken,connection failed,2026-06-22T13:13:28+00:00
492008a0-f1f7-4214-a9b8-5cdd96a44db8,200,1,1,403,GoDaddy,Home - Eureka Oxygen Company - Serving Northern California,good,,2026-06-22T13:13:28+00:00
5aa17604-8252-4407-8b73-3822a58b1a1d,0,0,0,50,,,broken,connection failed,2026-06-22T13:13:28+00:00
109f635c-8637-4f4a-8806-c9887396889e,403,1,1,1002,,403 - Forbidden,broken,,2026-06-22T13:13:29+00:00
9120422b-78bc-4d65-a4ed-1435fd724ca1,200,1,1,289,Squarespace,Cooper Henderson Insurance Agent Ukiah CA,good,,2026-06-22T13:13:29+00:00
6b0d5dcd-21d6-49a2-87e3-65f7a8aa4681,200,1,1,590,,Find a Financial Advisor | Edward Jones,good,,2026-06-22T13:13:29+00:00
9271d512-edbd-4f98-bdf4-c1263dd76ac6,0,0,0,250,,,broken,connection failed,2026-06-22T13:13:29+00:00
01f6cb18-7a5d-4d38-b44c-2a8f36fa75cc,0,0,0,44,,,broken,connection failed,2026-06-22T13:13:29+00:00
247a7218-e092-4814-aff6-88270ea89ca9,200,1,1,257,Squarespace,Farmhouse Mercantile,good,,2026-06-22T13:13:30+00:00
a142b2cb-4502-4d46-a92b-13a2d33cd85d,200,1,1,1255,,"Brent R Clausen, Financial Advisor | Edward Jones",good,,2026-06-22T13:13:30+00:00
d49f20d8-1fa4-4361-b4bf-a964d51ab768,409,0,1,52,,DNS resolution error | locations.greyhound.com | Cloudflare,broken,,2026-06-22T13:13:30+00:00
df368562-918b-40e7-b293-68b31c1b2f2f,200,1,1,1321,,"Bruce M Fournier, Financial Advisor | Edward Jones",good,,2026-06-22T13:13:30+00:00
fee5d0f0-5664-4625-9ea9-24542e91b220,200,1,1,211,Wix,Mendocino County Wine | JEP Wines | United States,good,,2026-06-22T13:13:30+00:00
b1806b88-f28d-4bc0-a488-23c7dd366daf,200,1,1,1193,,"Paul A Sweigart, Financial Advisor | Edward Jones",good,,2026-06-22T13:13:30+00:00
6ed11866-2647-4e92-86b9-445869ccba44,0,0,0,112,,,broken,connection failed,2026-06-22T13:13:30+00:00
eab039c1-d55f-4004-8cb6-a091434d81f2,0,0,0,15371,,,broken,connection failed,2026-06-22T13:13:30+00:00
e05f0a8f-02fd-4f31-8001-87bde5f2c987,202,1,0,351,,,weak,,2026-06-22T13:13:30+00:00
74e58bae-9713-4f6d-b8fa-bd6a54c116d4,200,1,1,351,,"DUI Defense | Ukiah, CA | Mark L Ranft Attorney At Law",good,,2026-06-22T13:13:30+00:00
770fbbdf-9189-4ee7-8802-af08e57354a3,200,1,1,559,,LakesideFamilyFun.com - Entertainment Domains for Sale - Buy Premium Media &amp; Events Domain Names | Domain for Sale. Call 888-694-6735.,good,,2026-06-22T13:13:30+00:00
e13f30f1-9b28-43b5-bfba-3c24358e1335,200,1,1,371,GoDaddy,"Life Insurance and Medicare Supplement, Ukiah, CA",good,,2026-06-22T13:13:31+00:00
c0cb7124-3abc-4611-9c79-31f13a4b8566,0,0,0,280,,,broken,connection failed,2026-06-22T13:13:31+00:00
80461f92-e329-44b5-baca-ac60b0645c3d,200,1,1,720,,èå·ä¼å¹³è®¾è®¡é¡¾é®æéå ¬å¸,good,,2026-06-22T13:13:31+00:00
1367d219-af57-41bb-b9aa-c2a8e1f419d5,0,0,0,215,,,broken,connection failed,2026-06-22T13:13:31+00:00
c4e2fd4c-7a72-43bc-bfcd-f55326a22761,200,0,1,183,,"Ramen Cubed â Ukiah, CA",weak,,2026-06-22T13:13:31+00:00
577ae54a-e1db-4eaf-8b93-e616641d8c5e,200,1,1,737,,Nurse of Yoga Wellness Center Mendocino California,good,,2026-06-22T13:13:31+00:00
b9324edb-1d6c-4b1f-bf2c-01cc7368d4c9,200,1,1,840,,NC Financial Group,good,,2026-06-22T13:13:31+00:00
b594536b-5119-43a1-a71a-b62adb58bcf8,200,1,1,431,Webflow,Redwood Forest Foundation | Home Page,good,,2026-06-22T13:13:31+00:00
07cfaf47-0a6f-4569-bb03-a8f45e9261cd,200,1,1,274,Weebly,"CANTUA INSURANCE SERVICES - Auto | Home | Life | Business - Willits, CA | Mendocino",good,,2026-06-22T13:13:32+00:00
27ddce4b-323d-4783-a804-eac2127bd77b,200,1,1,577,,"Custom Home Builder &amp; Remodeling Services near Point Arena, CA - Riboli &amp; Son’s General Contractor",good,,2026-06-22T13:13:32+00:00
db0fe7ee-6e8b-45fc-a6ae-2390b93558a5,200,1,1,225,WordPress,Terra Mar Kitchen | Restaurants Mendocino CA,good,,2026-06-22T13:13:32+00:00
702f4f52-4db1-4e95-b21f-b845d3e93f30,200,1,1,490,,"Roto-Rooter® | Plumbing, Drains &amp; Water Cleanup",good,,2026-06-22T13:13:32+00:00
737336f5-3ff6-4c15-b343-4fbef8bf9883,200,1,1,249,,Homepage | The Burger Den,good,,2026-06-22T13:13:32+00:00
74a2ec35-d8e3-407e-98f8-a4390b4a2f90,200,1,1,2190,WordPress,Kelsey Creek Storage - Kelsey Creek Storage,good,,2026-06-22T13:13:32+00:00
4bea524c-0992-4e3b-8264-9ee14cebff97,200,1,1,303,,,good,,2026-06-22T13:13:32+00:00
a61bc3a0-8395-445e-a7b3-1ce042205537,200,1,1,405,,Little River Airport - Wikipedia,good,,2026-06-22T13:13:32+00:00
5aeee1c5-9b48-4107-be8c-dc273fc0e541,200,1,1,397,Squarespace,The Studio Mendocino,good,,2026-06-22T13:13:32+00:00
037cde9c-4b3f-45ed-ae6c-2bb75dc145d5,200,1,1,153,GoDaddy,Auto Glass Ortiz,good,,2026-06-22T13:13:32+00:00
b8470062-ffba-4dd1-8ae7-632263519b11,200,1,1,634,,Adventist Health,good,,2026-06-22T13:13:32+00:00
c2228665-a8fb-416b-9510-bbfd9503b087,200,1,1,448,Squarespace,Casari Ranch,good,,2026-06-22T13:13:32+00:00
eef9388a-2f72-4c71-a5e5-15c4abd2bb74,200,1,1,345,,"Auto Shop Services | Redwood Tree | 859 N State St. Ukiah, CA",good,,2026-06-22T13:13:33+00:00
22c19459-2728-4e8c-9b0e-0597d0862829,200,1,1,492,,"Home | The Loft | Gualala, California",good,,2026-06-22T13:13:33+00:00
6f959eb9-f171-493e-b1e7-53ed48d29113,200,1,1,146,,"Patrick Lambert - Farmers Insurance Agent in Lakeport, CA",good,,2026-06-22T13:13:33+00:00
f047f441-79c2-425a-9b4c-47f1a36125e3,0,0,0,101,,,broken,connection failed,2026-06-22T13:13:33+00:00
3328d9f2-fb8b-426a-9148-75112509412e,200,1,1,442,,"Jared Hull - Farmers Insurance Agent in Ukiah, CA",good,,2026-06-22T13:13:33+00:00
b2e0469f-6e0a-465f-8e9e-f53b0eda3eb6,200,1,1,414,,"Home & Auto Insurance Agents in Fort Bragg, CA | Farmers®",good,,2026-06-22T13:13:33+00:00
47147ac8-f561-4f2d-a383-9e183fe027bc,200,1,1,713,,Independent Insurance Agency Near You | Lincoln-Leavitt Insurance,good,,2026-06-22T13:13:33+00:00
f1229391-98cc-49f6-b4cc-b028db5f8671,200,1,1,524,,Independent Insurance Agency Near You | Lincoln-Leavitt Insurance,good,,2026-06-22T13:13:33+00:00
b5d32b55-9b5c-4bf5-a58a-c626787c2db5,200,1,1,614,,Health insurance plans | Blue Shield of California,good,,2026-06-22T13:13:33+00:00
a94bba20-b848-43f2-8f93-c061e6047422,200,1,1,33,Webflow,Mexican Food - Restaurant &amp; Catering - Chipotle Mexican Grill,good,,2026-06-22T13:13:33+00:00
3b9afbb3-7ae1-4bc0-acdb-fa4bfe974790,200,1,1,326,GoDaddy,shop-wine.com,good,,2026-06-22T13:13:33+00:00
6f0273af-fe15-4f27-bd68-1579d19237fc,403,1,0,357,,Forbidden,broken,,2026-06-22T13:13:33+00:00
90351870-de26-4e6f-97be-202f148f4036,200,1,1,654,,Independent Insurance Agency Near You | Lincoln-Leavitt Insurance,good,,2026-06-22T13:13:33+00:00
7dc7a7a4-256a-45c5-81d8-ddb45dee488f,200,1,1,270,,"Secure Self Storage &amp; Outdoor RV, Boat &amp; Vehicle Parking in Cloverdale, CA | Payless Storage",good,,2026-06-22T13:13:33+00:00
0fa0b4c2-1068-44a0-9e4c-38fb55b4b2b4,200,1,1,404,,LAKEPORT Chevrolet Dealer in Lakeport CA | Clearlake Ukiah Healdsburg Chevrolet Dealership California,good,,2026-06-22T13:13:34+00:00
53e39d6f-9fcd-477c-9ddb-cbdd9decc432,200,1,1,406,GoDaddy,DenBeste Material Supply -,good,,2026-06-22T13:13:34+00:00
f3997dd0-e65c-46da-9794-a7bff14e447f,200,1,0,327,,Willits Pump Service,weak,,2026-06-22T13:13:34+00:00
94842707-f06f-4fb0-a13e-21c34d2bbca7,403,1,1,453,,Dealer Website,broken,,2026-06-22T13:13:34+00:00
b448bf0d-d377-4e70-aeba-a7e851127580,200,1,1,282,,"Mendocino Redwoods RV Resort | Willits, CA",good,,2026-06-22T13:13:34+00:00
1b5260d3-04af-4dbb-a7dd-53191e70e739,0,0,0,15002,,,broken,connection failed,2026-06-22T13:13:34+00:00
71fbdf94-9b42-40e7-9783-8e268b309f18,200,1,1,220,,"Mendocino Redwoods RV Resort | Willits, CA",good,,2026-06-22T13:13:34+00:00
78984cf9-eb2d-4416-ae95-6d3ca1ce8a2c,403,1,0,69,,Access Denied,broken,,2026-06-22T13:13:34+00:00
32064e1f-d37b-443a-b5b1-ca29cea65de5,200,1,1,522,Shopify,Aurora RV Park Resort Upper Lake California Clear Lake CA,good,,2026-06-22T13:13:34+00:00
837371d4-0d73-40f0-841a-2b6d397c9fcc,200,1,1,302,,Home | Cloverdale Wellness - A Medical &amp; Adult-Use Dispensary,good,,2026-06-22T13:13:34+00:00
0ea03fed-e6af-441f-93ec-e31c9e142fa7,0,0,0,15008,,,broken,connection failed,2026-06-22T13:13:34+00:00
b7f5619c-3f0f-4017-8109-164052aeea62,0,0,0,15021,,,broken,connection failed,2026-06-22T13:13:34+00:00
7d505c0f-d58a-4b5d-ba17-e383871a2a17,200,1,1,540,Webflow,Award-Winning Cannabis Weed Dispensaries in California | Perfect Union,good,,2026-06-22T13:13:34+00:00
d37f01ce-6c17-4df1-96c4-04229c5d36aa,200,1,1,255,Weebly,Sherwood Valley Band of Pomo Indians - Sherwood Valley Band of Pomo,good,,2026-06-22T13:13:34+00:00
80d521da-28ad-4766-946c-90d0e343442f,404,1,1,453,,Adventist Health,broken,,2026-06-22T13:13:34+00:00
4c10eaaf-42f0-4ad0-aabf-de41a65b0a34,404,1,1,421,,Adventist Health,broken,,2026-06-22T13:13:34+00:00
03ef7522-4093-4dbd-bcdd-1adfc3519386,404,1,1,463,,Adventist Health,broken,,2026-06-22T13:13:34+00:00
bae7170d-defb-4f0b-a6cb-7f8e03052851,200,1,1,255,,Cumberland Home,good,,2026-06-22T13:13:35+00:00
3450d52e-9e95-4801-83f1-0e38d1e43fd5,200,1,1,164,WordPress,DaVita,good,,2026-06-22T13:13:35+00:00
c105a4cb-4090-41b5-875f-3cfa2763b99b,200,1,1,841,,"Dr. David R Ploss, MD - Ukiah, CA - Cardiology",good,,2026-06-22T13:13:35+00:00
11cd69cb-c08e-4df5-b5fc-955cc7d65b16,404,1,1,546,,404: NotFound,broken,,2026-06-22T13:13:35+00:00
df8134d7-7b5e-4202-8228-de54e147f23d,200,1,1,499,,Baskin-Robbins,good,,2026-06-22T13:13:35+00:00
577acae7-8d4d-4870-809e-7fc97554dc3f,404,1,1,304,,Find a Physician or Provider | Adventist Health,broken,,2026-06-22T13:13:35+00:00
a79dbd5b-7b40-449c-b823-450a0179d25a,200,1,1,1135,,"Dr. Jon Stephen Portnoff, MD - Ukiah, CA - Cardiology",good,,2026-06-22T13:13:35+00:00
55187749-34cc-459c-a3f8-daecc7dba1f1,200,1,1,804,,Pediatric Echocardiography Imaging Program | UCSF Benioff Children&#39;s Hospitals,good,,2026-06-22T13:13:35+00:00
60223021-7d22-44c0-978a-7bbbc06bb000,200,1,1,656,,"Dr. Jennifer Lyn Stewart, MD - Fort Bragg, CA - Family Medicine - Book Appointment",good,,2026-06-22T13:13:36+00:00
5e0fd382-3063-4954-8447-9afd535add2a,200,1,1,470,,"Shayaan Sajid, PA-C - Lakeport, CA - Family Medicine - Book Appointment",good,,2026-06-22T13:13:36+00:00
155253a9-b39f-4294-b645-c7bc480ec0e6,200,1,1,612,,Adventist Health,good,,2026-06-22T13:13:36+00:00
6078dcd8-4f80-4029-be00-3a0385571a90,200,1,1,755,,Primary Care - Mendocino Coast - Adventist Health,good,,2026-06-22T13:13:36+00:00
de0f29da-86bd-41d9-a07d-a102f090acbc,200,1,1,644,,"Dr. Zoe Duff Berna, MD - Fort Bragg, CA - Family Medicine - Book Appointment",good,,2026-06-22T13:13:36+00:00
d3077e86-e22e-498c-afe0-9036102c2040,404,0,0,144,,,broken,,2026-06-22T13:13:36+00:00
2bd9eade-2c58-4918-a8de-318c00a71be3,503,0,1,14991,,,broken,,2026-06-22T13:13:36+00:00
73671169-1e17-494c-803e-f81b7abf45db,200,0,1,1971,WordPress,"Veikko Properties, Inc. &#8211; Real estate and construction services in Ukiah California and Mendocino County",weak,,2026-06-22T13:13:36+00:00
d123eac2-f3ce-4d22-8410-2e94c1f75bee,200,1,0,686,GoDaddy,"Poso Brothers Painting in Lakeport, Ca",weak,,2026-06-22T13:13:36+00:00
e438a24c-1d49-4d1e-89a0-d96447d741ec,200,1,1,178,GoDaddy,Custom Automated Gates - Mendocino Metals Inc.,good,,2026-06-22T13:13:36+00:00
1c8af91f-5d0e-4730-9839-c8c6c6c6f612,200,1,1,763,WordPress,Camp Winnarainbow,good,,2026-06-22T13:13:36+00:00
a1dac575-82ac-4aca-a43e-ebb7639568ad,403,1,1,198,,Just a moment...,broken,,2026-06-22T13:13:36+00:00
6fcfc0a2-c7fe-407e-bd75-927eefbb2cdf,200,1,1,798,,RadioShack,good,,2026-06-22T13:13:36+00:00
9df1c638-9f6e-4b1b-920a-479fc61b3527,200,1,1,400,,Hopland Research and Extension Center,good,,2026-06-22T13:13:37+00:00
bc58e07b-4c3c-46d4-8a46-3ac2aa65d454,200,1,1,501,,Wheel of Wonders Slot by GG Gaming | Read Review,good,,2026-06-22T13:13:37+00:00
683adc57-116b-4d2a-9410-a78ba1da9070,200,1,1,450,WordPress,Home - Angelo Coast Range Reserve,good,,2026-06-22T13:13:37+00:00
010e9a34-4d73-4acf-94e8-cdd61806e918,405,1,1,880,,Human Verification,broken,,2026-06-22T13:13:37+00:00
7ef18dfa-3d75-45aa-9a0c-c1c8d1980027,202,1,0,236,,,weak,,2026-06-22T13:13:37+00:00
d5618416-b9a9-46c1-bd83-bb6514179dfb,200,1,1,161,,"Bitcoin ATM in Fort Bragg, CA at Norcal Gasoline | Byte Federal",good,,2026-06-22T13:13:37+00:00
d3cefaad-3bf7-4ada-a172-2aef215a4ca3,200,1,1,246,,bp.com Homepage,good,,2026-06-22T13:13:37+00:00
0b38ac0f-4171-43fa-97cb-90e9eff667f7,200,0,0,35,,Redirecting...,weak,,2026-06-22T13:13:37+00:00
28a38987-2f0c-46f4-a377-b28643758981,200,1,1,1394,,871 S MAIN ST - Shell,good,,2026-06-22T13:13:37+00:00
4f3fb871-22ab-4ea8-a244-017378c088e7,200,1,1,32,WordPress,76 Gas Stations| Quality Fuel Near You | 76®,good,,2026-06-22T13:13:37+00:00
6f8535de-6501-417d-af88-f7486d5b2e0b,200,1,1,281,,Turkey Hill Convenience Stores,good,,2026-06-22T13:13:37+00:00
a38966e4-e124-4f94-852f-ca30742e8138,202,1,0,680,,,weak,,2026-06-22T13:13:37+00:00
0e11b4f0-a27a-4076-9b84-96424e797be4,200,1,1,431,WordPress,Renner Cardlock - Valley Pacific,good,,2026-06-22T13:13:38+00:00
2874f347-d153-4a17-ac76-bfc00624418c,202,0,0,146,,,weak,,2026-06-22T13:13:38+00:00
d149cdb6-9cac-4681-9a78-4a23a22dfcc8,200,1,1,1850,Wix,"Bolt Fabric + Home | Fabric Store | 219 N Cloverdale Blvd, Cloverdale, California 95425",good,,2026-06-22T13:13:38+00:00
75a5c709-09c5-4758-a3d2-773a668e6936,200,1,1,413,GoDaddy,Buy newbandc.com – Premium Expired .com Domain on GoDaddy | ExpiredDomains.com,good,,2026-06-22T13:13:38+00:00
40c3ee2e-a45e-483c-a248-2f510bc1e51d,200,1,1,1650,Wix,Contact | Piercy Fire,good,,2026-06-22T13:13:38+00:00
a8942dc4-aae0-41c2-97f2-621949f6aaa4,404,1,1,526,,Adventist Health,broken,,2026-06-22T13:13:38+00:00
c48981bc-5a94-49e6-af5e-f942baa01385,200,1,1,223,WordPress,Anderson Valley Vacation Rentals | Ravenridge Cottages,good,,2026-06-22T13:13:38+00:00
bd53be31-a93a-4eec-aa45-bb3915ec9d71,404,1,1,392,,Adventist Health,broken,,2026-06-22T13:13:38+00:00
bd6931eb-9599-4559-9daf-fae34200b94d,0,0,0,115,,,broken,connection failed,2026-06-22T13:13:38+00:00
91d3145c-597a-46ed-af11-b3b6b0984ff4,404,1,1,474,,Adventist Health,broken,,2026-06-22T13:13:38+00:00
5ea3fc56-5d43-480a-9f43-9b40dbab51f6,200,1,1,800,Wix,"Ukiah Natural Foods Co-op | Organic | 721 S State St, Ukiah, CA 95482, USA",good,,2026-06-22T13:13:39+00:00
8c09f68b-c381-4975-8fe1-321bd7044f2a,403,1,1,190,,Error Page,broken,,2026-06-22T13:13:39+00:00
ed014f21-1d68-4abe-a2a9-1a2107981ef0,403,1,1,151,,Error Page,broken,,2026-06-22T13:13:39+00:00
b74efe8e-be84-4d06-9891-92931a838809,200,1,0,404,,Willits Pump Service,weak,,2026-06-22T13:13:39+00:00
95b55699-1407-4501-a385-bfb1dfc0aef4,200,1,1,67,GoDaddy,STD Testing Near You | Priority STD Testing,good,,2026-06-22T13:13:39+00:00
3aa1ec33-69c7-4a88-a63d-3a27a396d9c3,200,1,1,1360,,Find a Hearing Aid Center Near Me | Beltone,good,,2026-06-22T13:13:39+00:00
975936c6-50a8-42da-8db3-f3024d4a96ac,404,1,1,488,,Adventist Health,broken,,2026-06-22T13:13:40+00:00
b249a240-0aba-4295-81c7-11516e5f2be2,404,1,1,416,,Adventist Health,broken,,2026-06-22T13:13:40+00:00
36a13746-8fc1-42b9-8f76-4b1de1024af3,200,0,0,256,,B &amp; B Industrial Hardware and Metals | Home,weak,,2026-06-22T13:13:40+00:00
5ed0e2e6-d0cd-4e9d-818d-f46f4a1f5d7f,200,0,0,257,,,weak,,2026-06-22T13:13:40+00:00
e1c6d385-62af-44f1-85b1-904c1e4511a5,200,1,1,663,,"Dr. John Ernest Cottle, Jr., DO - Fort Bragg, CA",good,,2026-06-22T13:13:40+00:00
5d714ec6-bbdc-4d45-a281-05d52c434c84,200,1,1,1839,WordPress,Hospice Services of Lake County | Experts in end-of-life care,good,,2026-06-22T13:13:41+00:00
f6358268-c156-4c14-b797-8ee559b9d443,200,1,0,593,,Clever Cat Computer,weak,,2026-06-22T13:13:41+00:00
1423c03a-adf9-4660-8148-ed68f4c87df2,200,1,1,467,,Adventist Health Howard Memorial,good,,2026-06-22T13:13:41+00:00
8867a07e-1211-4d57-a423-559e27a6469d,200,1,1,1095,WordPress,North Coast Brewing Company - Independent Since 1988,good,,2026-06-22T13:13:41+00:00
c6e3ad41-e723-4f8e-9150-fa9f67bd7a55,404,1,1,510,,404: NotFound,broken,,2026-06-22T13:13:41+00:00
8b466a10-e0ef-4e64-a3a4-e6ecb99935e2,200,1,0,660,,Equipment Rentals Ukiah CA | Tool Rental Mendocino County,weak,,2026-06-22T13:13:42+00:00
8998eef2-9f49-4540-a609-92006c306f43,404,1,1,508,,Adventist Health,broken,,2026-06-22T13:13:42+00:00
c211696a-bfb6-4ce5-a17d-607cff1447f0,200,1,1,388,,Round Valley Indian Health Center,good,,2026-06-22T13:13:42+00:00
067108f3-8314-46ef-9a39-f43071fc6013,200,1,1,568,,Adventist Health,good,,2026-06-22T13:13:43+00:00
7c269716-830e-4e68-a1a8-4bfbbc745ecb,0,0,0,15063,,,broken,timeout,2026-06-22T13:13:43+00:00
36c376d8-df38-4b66-9747-d13291b21bca,0,0,0,30083,,,broken,connection failed,2026-06-22T13:13:43+00:00
b25b9c75-754b-4c27-bb0e-bb0012217d05,200,1,1,690,,Adventist Health,good,,2026-06-22T13:13:44+00:00
575312c8-388a-418e-8ab8-3fdd416f29c4,0,0,0,481,,,broken,connection failed,2026-06-22T13:13:44+00:00
907e9457-f16d-4aa9-b539-4097bc57de90,200,1,1,845,,Wound Care - Ukiah Valley - Adventist Health,good,,2026-06-22T13:13:44+00:00
bcc8e699-1ae1-4976-a300-ea93474105bf,404,1,1,463,Webflow,404 - Page Not Found - Upper Lake Unified School District,broken,,2026-06-22T13:13:44+00:00
21201690-1ed7-4eb6-869f-e6c407122bdb,200,1,1,489,,"Wagon Wheel Mobile Home Park Mobile Home Park in Willits, CA | MHVillage",good,,2026-06-22T13:13:44+00:00
90859efd-70df-4d47-9789-bb18a79a328f,0,0,0,124,,,broken,connection failed,2026-06-22T13:13:44+00:00
a90d0518-b950-472b-b9ea-6c4026265344,200,1,1,436,,"Cell Phone Store in Ukiah | iPhones, Samsung Phones, Prepaid Phones | AT&T Store Ukiah 95482",good,,2026-06-22T13:13:45+00:00
bb0f6315-424b-4e90-9260-bbc68c1696f0,404,1,1,371,,Page Not Found,broken,,2026-06-22T13:13:45+00:00
fb24c18d-d45a-463e-ad8c-62fa9320e444,200,1,1,229,Squarespace,Mendocino Woodlands Camp Association,good,,2026-06-22T13:13:45+00:00
652d7da3-eb53-4a35-aff0-2ae5efd11a5b,200,1,1,342,,"Verizon: Wireless, Internet, TV and Phone Services | Official Site",good,,2026-06-22T13:13:45+00:00
c16aa2d7-cdc4-4c65-9a44-f4da6ab28389,200,1,1,261,WordPress,Ukiah School of Music &#8211; info@ukiahschoolofmusic.com,good,,2026-06-22T13:13:45+00:00
00322bbc-cc2f-498d-ac83-5fa6762d8066,200,1,1,420,Squarespace,MendoParks,good,,2026-06-22T13:13:45+00:00
d7486d1e-985b-4a56-903a-b07b99dae7b4,404,1,1,199,,Find a Physician or Provider | Adventist Health,broken,,2026-06-22T13:13:45+00:00
1f01fd82-f424-4655-a3a1-8ec98769d517,200,1,1,633,,"Sutter Lakeside Community Clinic | Care Center in Lakeport, CA | Sutter Health",good,,2026-06-22T13:13:46+00:00
c3d460db-c206-41c3-a396-21d99f8f810f,200,1,1,875,WordPress,Home - Specialty Care &amp; Surgery Center,good,,2026-06-22T13:13:46+00:00
9c36b3ba-966f-4cb3-9af6-9541f82fe6b1,404,1,1,495,,Adventist Health,broken,,2026-06-22T13:13:46+00:00
f756adb8-de53-4186-bdf1-c24beeff201c,404,1,1,493,,Adventist Health,broken,,2026-06-22T13:13:47+00:00
daa81ae8-47e6-4405-b0dd-220fa139a4a6,200,1,1,822,,"Dr. Geoffrey L Rice, MD - Ukiah, CA - Comprehensive Ophthalmology",good,,2026-06-22T13:13:47+00:00
13694225-9cc7-4a6d-9874-9f4b75f21ce2,200,1,1,493,,Adventist Health,good,,2026-06-22T13:13:47+00:00
bfbe36d3-c45b-4dfd-9504-fbe5b42c9d56,200,1,1,3284,,,good,,2026-06-22T13:13:48+00:00
18b848a5-e717-4657-8785-75cbc50b5d87,404,1,1,458,,Adventist Health,broken,,2026-06-22T13:13:48+00:00
abe6986f-cb3d-4b77-85ad-8cbc835acc00,404,1,1,207,,Find a Physician or Provider | Adventist Health,broken,,2026-06-22T13:13:48+00:00
ed7e655e-5a91-4a95-a714-236048ef28a1,0,0,0,10014,,,broken,connection failed,2026-06-22T13:13:48+00:00
91df62d0-e588-4dcd-83e9-53804f5ffa63,200,1,1,672,,"Charlie McNabb Painting -Painter in Lakeport , CA , 95453",good,,2026-06-22T13:13:49+00:00
26b149b0-d68e-4648-9a47-ad18d21cc7e6,200,1,1,271,,Adventist Heart Institute,good,,2026-06-22T13:13:49+00:00
719edc33-22ee-41b5-a984-ed48ecc06239,200,1,1,238,WordPress,"North Lake Medical Pharmacy | Lakeport, CA",good,,2026-06-22T13:13:49+00:00
26996b6d-3022-4454-9123-95b342b350ad,200,1,1,97,WordPress,"North Lake Medical Pharmacy | Lakeport, CA",good,,2026-06-22T13:13:49+00:00
f724c37c-340d-471d-97bd-3edef56c382c,404,1,1,564,,Adventist Health,broken,,2026-06-22T13:13:49+00:00
70ae89a7-c880-4897-9460-2c6b07d7c978,200,1,1,1100,,Home | Medina Painting,good,,2026-06-22T13:13:49+00:00
9857b4ac-4c6f-400d-9ae2-4cb0df3ecadd,404,1,1,265,,Find a Physician or Provider | Adventist Health,broken,,2026-06-22T13:13:49+00:00
c69c5d92-b29f-4bdb-a7d2-2d8107b6dc69,200,1,1,1059,,"Douglas Steven Lister, DPM - Fort Bragg, CA",good,,2026-06-22T13:13:50+00:00
7c66c1a0-bdf1-444b-84c7-07b7e636feb0,200,1,1,1156,,"Joseph Edward Beeney, PhD - Fort Bragg, CA - Psychology",good,,2026-06-22T13:13:50+00:00
e5a067e3-7159-430b-824c-b1d990ae0c17,200,1,1,412,,"Propane in Fort Bragg, CA on N Main St | Refill &amp; Delivery",good,,2026-06-22T13:13:51+00:00
e9800b51-a90e-4e1d-9923-812ebead1888,200,1,1,377,,Search Results,good,,2026-06-22T13:13:51+00:00
48d75027-b870-4db1-9d45-e667d228eb85,200,1,1,297,,Search Results,good,,2026-06-22T13:13:51+00:00
9aed4b93-0b2a-4440-b345-a61771447afc,0,0,0,15063,,,broken,timeout,2026-06-22T13:13:52+00:00
05c6585b-90ec-4026-87f4-1aea2a4aa00d,200,1,1,3286,WordPress,"Podiatrist in Lakeport, CA | Parkview Podiatry",good,,2026-06-22T13:13:53+00:00
a454c5d3-8ee7-4184-9925-0bf9db90ec9a,404,1,1,594,,Page Not Found | True Value Hardware,broken,,2026-06-22T13:13:53+00:00
c2f3440d-f4c3-4d6b-9fe6-71368bc0693e,200,1,1,1528,,,good,,2026-06-22T13:13:53+00:00
bb375a2b-7c9b-4038-ab28-18175e3bf81a,200,1,1,213,,Home | Mendocino College,good,,2026-06-22T13:13:53+00:00
9a30cb70-904d-4aae-9f8b-4b202b2ecded,0,0,0,303,,,broken,"ssl: HTTPSConnectionPool(host='www.socobikeshop.com', port=443): Max retries exceeded with url: / (Caused",2026-06-22T13:13:53+00:00
8e9313a1-d1b8-467a-bb3e-2f7dcd1c8441,0,0,0,254,,,broken,"ssl: HTTPSConnectionPool(host='www.socobikeshop.com', port=443): Max retries exceeded with url: / (Caused",2026-06-22T13:13:53+00:00
08f37226-e51f-43c0-9be5-72b568e028e5,200,1,1,384,,"Intoxalock Ignition Interlock at Commercial Tire &amp; Auto, Willits, CA 95490",good,,2026-06-22T13:13:53+00:00
c5813abd-e046-4e53-9bf7-c26d125e6f17,200,1,0,326,,Error,weak,,2026-06-22T13:13:53+00:00
159a5129-e77c-441c-897d-782557efa03d,0,0,0,391,,,broken,connection failed,2026-06-22T13:13:54+00:00
f8b800a3-a432-4c1b-807e-8dd137f5bd96,0,0,0,230,,,broken,connection failed,2026-06-22T13:13:54+00:00
f756c5da-9e11-4e0e-9059-2c54dccf7138,403,1,1,246,,Just a moment...,broken,,2026-06-22T13:13:54+00:00
aa266257-4efe-4f48-9142-c89227b1e0ca,200,1,1,476,,UPS Authorized Shipping Provider in NORTH LAKE MEDICAL PHARMACY at 5136 HILL RD E,good,,2026-06-22T13:13:54+00:00
570f869a-beb2-4ea3-b9f8-5449744a65fd,200,1,1,285,Squarespace,PLOWSHARES,good,,2026-06-22T13:13:54+00:00
5694fb3c-3112-4c1c-94e0-156ca29e1a7f,0,0,0,363,,,broken,connection failed,2026-06-22T13:13:55+00:00
cada82f5-ec14-427e-af23-06e2ae194b72,200,1,1,556,,"Kimberly Bigelman, LCSW - Lakeport, CA - Social Work",good,,2026-06-22T13:13:55+00:00
73b87550-ff33-4483-8f15-04be6df2f97a,0,0,0,42,,,broken,connection failed,2026-06-22T13:13:55+00:00
e2064c22-fd89-4b34-8798-adff8c819b46,200,1,1,307,Squarespace,Alex Rorabaugh Recreation Center,good,,2026-06-22T13:13:55+00:00
d55d3c74-b930-4a1f-bdbf-98a6fe484ad5,200,1,1,584,,Piacere Ristorante Italiano | 707-894-0885 | Cloverdale,good,,2026-06-22T13:13:55+00:00
d87c483e-d4ac-43ff-8919-5d83a627c679,403,1,1,95,,Just a moment...,broken,,2026-06-22T13:13:55+00:00
d625f43a-7315-4778-a8dd-8d7dc599236c,200,1,1,398,,"Eyewear | Ukiah, CA | Ukiah Optical",good,,2026-06-22T13:13:56+00:00
262129ca-3df0-409e-991b-1f204c709380,404,1,1,6092,,Page not found,broken,,2026-06-22T13:13:59+00:00
6e38d4b3-bdd7-4b11-a93d-c0434c9235ce,404,1,1,496,,Adventist Health,broken,,2026-06-22T13:14:00+00:00
b54d8df6-4cbe-4cf4-91bf-72d14b3ead97,200,1,1,876,,Adventist Health Ukiah Valley General Surgery: Adventist Health Ukiah Valley - 246 Hospital Drive,good,,2026-06-22T13:14:01+00:00
29781e7a-c86d-47ff-a649-17ace69c5934,200,1,1,2552,,"Dr. Kathleen Marie Persky, MD - Ukiah, CA - General Surgery",good,,2026-06-22T13:14:03+00:00
d369a435-c35c-42b8-be36-18ca160d2dbd,0,0,0,30025,,,broken,connection failed,2026-06-22T13:14:04+00:00
0bfb7aea-5aa5-48fa-8122-f51eb88b2307,0,0,0,30033,,,broken,connection failed,2026-06-22T13:14:05+00:00
6a580a3c-ff89-413e-acf2-269a67725456,200,1,1,1597,,"Dr. Linda K James, MD - Fort Bragg, CA - General Surgery",good,,2026-06-22T13:14:05+00:00
08e3451b-31cc-4eb6-b848-32c88ecd8005,200,1,1,686,,Adventist Health,good,,2026-06-22T13:14:05+00:00
5037af02-ca3f-475e-aed9-30c316833062,0,0,0,15050,,,broken,timeout,2026-06-22T13:14:05+00:00
41d5d159-07d8-428a-80b9-1087f8ce9d84,0,0,0,46,,,broken,connection failed,2026-06-22T13:14:05+00:00
afd86ea4-36bd-4dbe-a91a-3d6ce6ac3f91,0,0,0,108,,,broken,connection failed,2026-06-22T13:14:05+00:00
b642f15b-f826-4536-8438-568240bfd4d4,200,1,1,713,,"Dr. Ziad Hanna, DO - Ukiah, CA - General Surgery",good,,2026-06-22T13:14:05+00:00
bc6dd65a-4a09-466a-87f7-83735efc1600,200,1,1,1363,,Services - Mendocino Coast - Adventist Health,good,,2026-06-22T13:14:06+00:00
1340aac0-8cba-48ae-b667-b9b7d8e03b62,200,1,1,563,GoDaddy,Effective Non-Slip Tile Treatment,good,,2026-06-22T13:14:06+00:00
e85a4ed7-cc0e-4121-8e6b-4e6322182ae3,404,1,1,270,,Page Not Found,broken,,2026-06-22T13:14:06+00:00
4bb71dde-d93c-44d9-9139-58b59b1918e0,403,1,1,56,,Just a moment...,broken,,2026-06-22T13:14:06+00:00
cbfe8965-8319-43c6-9398-121147b35ece,403,1,1,38,,Just a moment...,broken,,2026-06-22T13:14:06+00:00
e2257c6f-d4e4-4ba5-91a0-130f2a85b046,200,1,1,789,WordPress,"Home - City of Ukiah, CA",good,,2026-06-22T13:14:06+00:00
a8fc1d12-d1e9-440f-b889-376adc350082,0,0,0,111,,,broken,connection failed,2026-06-22T13:14:06+00:00
bf5dfc65-4cea-4949-86d4-bf597dc61b52,404,1,0,151,,SITE NOT FOUND,broken,,2026-06-22T13:14:06+00:00
e25cb400-f5db-40f0-ae4a-1fa6911e152b,200,1,1,670,,Adventist Health,good,,2026-06-22T13:14:07+00:00
0ed70a6f-a8d2-42bd-8b03-09c6909e191a,403,1,1,126,,Attention Required! | Cloudflare,broken,,2026-06-22T13:14:07+00:00
71d12e22-6c58-4efc-9d08-17f45c599eed,200,1,1,1782,WordPress,"Home | Tile and countertops | Santa Rosa Tile Supply, Inc.",good,,2026-06-22T13:14:07+00:00
b25a1d94-18c0-4e47-bcfd-736c7c941b94,200,1,1,842,,Adventist Health Ukiah Valley Urology: Adventist Health Ukiah Valley - 240 Hospital Drive,good,,2026-06-22T13:14:07+00:00
207b40db-5116-4ce8-95e9-c7767587ce00,0,0,0,30037,,,broken,connection failed,2026-06-22T13:14:07+00:00
0b808218-f0a1-4b0d-be9e-92f3befc1527,0,0,0,54,,,broken,connection failed,2026-06-22T13:14:07+00:00
e2c749b2-72d6-4d7c-a4b2-adfeda7acbb3,200,1,1,309,GoDaddy,"Rosco Corporation - Construction, transport and water solutions",good,,2026-06-22T13:14:08+00:00
6e87bfaf-6df2-4864-bb66-3422040d1bd4,200,1,1,514,,Webs.com has been shut down: Find out more,good,,2026-06-22T13:14:08+00:00
30fbbf2d-dd81-4422-8bae-8152ef253d4f,403,0,1,52,,Just a moment...,broken,,2026-06-22T13:14:08+00:00
9460b30e-7ab6-4740-be9f-37043e470507,202,1,0,133,,,weak,,2026-06-22T13:14:08+00:00
7fda96e3-b838-4151-b054-73ddbabc116a,200,1,1,671,,Immediate Care - Mendocino Coast - Adventist Health,good,,2026-06-22T13:14:08+00:00
528bfdea-d03e-4e3b-8579-1035ccd6e409,200,1,1,245,,"Anna Rathbun, NC",good,,2026-06-22T13:14:08+00:00
7e431738-b936-48db-b709-1462a4916a43,0,0,0,30027,,,broken,connection failed,2026-06-22T13:14:08+00:00
bdf279d2-f745-40f4-abc0-e36b21a2f3e9,200,1,1,610,,Adventist Health Clear Lake Adventist Health Heart Institute - 801 11th Street,good,,2026-06-22T13:14:08+00:00
7f436d28-fb8b-4408-b2b3-5db0e3155f8d,200,1,1,1992,WordPress,Family Tree Service - Professional Tree Care | Willits CA,good,,2026-06-22T13:14:08+00:00
d09c5235-1d64-4e42-b792-533533d213c0,404,1,0,166,,Your page is missing!,broken,,2026-06-22T13:14:08+00:00
89f16a12-7bd8-4b2e-8b23-64db847b6a7d,0,0,0,302,,,broken,connection failed,2026-06-22T13:14:08+00:00
cf758047-268a-4a0d-ad6b-67230d381ed9,403,1,0,196,,,broken,,2026-06-22T13:14:08+00:00
8026bed3-a84f-40e1-ad7a-ceab61a043a9,200,1,1,477,,SIMPLEBET8 - Daftar Slot Gacor & Casino Online Mudah Menang,good,,2026-06-22T13:14:08+00:00
b748f267-2b2f-44e9-aa01-1314101226c8,200,0,0,200,,"Cable TV Bundles in Ukiah, CA | Bundle Cable TV, Phone, and Cable Internet In Ukiah",weak,,2026-06-22T13:14:08+00:00
d8f01d5b-a91c-4d30-9606-4ca3d4eeb584,404,1,0,896,Squarespace,Squarespace - Website Expired,broken,,2026-06-22T13:14:09+00:00
40ef76e6-8f5c-4ed1-8d27-e18479cd019f,200,1,1,716,WordPress,General Contractor Ukiah CA Remodeling &amp; New Construction &#8211; Kitchens and Baths as well as Decking Fencing and Masonry,good,,2026-06-22T13:14:09+00:00
cea946b5-c0e7-4710-9cd0-29035218a7e4,0,0,0,119,,,broken,connection failed,2026-06-22T13:14:09+00:00
774e9923-f8b9-43a9-891e-98920e1c2dc2,200,1,1,289,,"Engineered Yurt | Ukiah, CA - California Round Houses",good,,2026-06-22T13:14:09+00:00
e1fdce81-e228-4130-a211-cbc35d97f4a6,200,1,1,395,,"Engineered Yurt | Ukiah, CA - California Round Houses",good,,2026-06-22T13:14:09+00:00
f9af2448-aa48-499f-9ae3-f2361dcacd17,404,1,1,638,,404: NotFound,broken,,2026-06-22T13:14:09+00:00
e48f8593-c1aa-4c85-a7f8-6d63996d2cee,0,0,0,48,,,broken,connection failed,2026-06-22T13:14:09+00:00
27b6c09f-a4ca-4c73-815d-5366f51454b2,0,0,0,41,,,broken,connection failed,2026-06-22T13:14:09+00:00
43d7cdfa-4839-4ec5-a815-63bc8798c5f6,0,0,0,6,,,broken,connection failed,2026-06-22T13:14:09+00:00
a72d4b3a-e377-4f94-826e-07878b9ee654,0,0,0,94,,,broken,connection failed,2026-06-22T13:14:10+00:00
401ecec8-c606-47c8-a3ff-311712d7ef30,200,1,1,874,,"Welcome | Ukiah, CA | Mark Ashiku, DDS",good,,2026-06-22T13:14:10+00:00
62ad4d94-60b6-4bcf-b8f5-98bcaf161d7b,0,0,0,69,,,broken,connection failed,2026-06-22T13:14:10+00:00
88898f07-b366-4fa4-8a7e-3d7bd3e813c6,200,1,1,957,WordPress,"Mendocino Community Health Clinic, MCHC Health Center",good,,2026-06-22T13:14:10+00:00
fb802be8-15af-4dc9-bdcc-dcf52d801d0e,404,1,1,1107,,,broken,,2026-06-22T13:14:10+00:00
0abdec91-c763-4126-8e91-a7ec7b18717e,0,0,0,15003,,,broken,connection failed,2026-06-22T13:14:10+00:00
1ef83300-91fc-450e-b422-4b8b4a0decb1,200,0,0,258,,,weak,,2026-06-22T13:14:10+00:00
84b0eac3-5608-40c0-ba91-80f80a3fe4cd,200,1,1,487,,"Fort Bragg, CA Vacation Rentals, Cabins, Cottages | Vacasa",good,,2026-06-22T13:14:10+00:00
e5627505-152a-4dae-a41d-930c848725b5,200,1,1,473,,"Fort Bragg, CA Vacation Rentals, Cabins, Cottages | Vacasa",good,,2026-06-22T13:14:10+00:00
96723299-6ff4-4847-9c9a-51d553a45655,202,0,0,71,,,weak,,2026-06-22T13:14:10+00:00
86a8b9a3-c041-490a-8bf8-b8a69b0af668,200,1,1,231,Webflow,Grand Welcome Sea Ranch Vacation Rental Property Management,good,,2026-06-22T13:14:10+00:00
4e195003-9d81-4ced-8f4b-4c117cc8a39b,200,1,1,262,WordPress,Gutter Installation &amp; Repair Los Angeles | Gutter Masters,good,,2026-06-22T13:14:10+00:00
702cc4e9-d3db-4fa0-8459-de7ef6d61675,200,1,1,203,GoDaddy,Best Water Delivery Services in California | Hlmwater,good,,2026-06-22T13:14:11+00:00
311463b6-1e0f-462c-a5b7-1c7a4ba4a551,0,0,0,45,,,broken,connection failed,2026-06-22T13:14:11+00:00
80c59a2f-8922-40f6-b1bf-ff1614472950,200,1,1,942,,Request Information | U.S. Army,good,,2026-06-22T13:14:11+00:00
f07a7ce6-44e2-4d47-9fb5-6029d55bc879,200,1,1,803,Webflow,Goldeneye Winery | Pinot Noir | Anderson Valley,good,,2026-06-22T13:14:11+00:00
c4d7aefe-4b83-4c4c-8460-34d8f206847a,0,0,0,111,,,broken,connection failed,2026-06-22T13:14:11+00:00
dd5d7cd7-963e-4e0e-a135-a9597d3b7be4,404,0,0,120,,SITE NOT FOUND,broken,,2026-06-22T13:14:11+00:00
01666085-6dfd-4034-bfcf-6c5741283eae,200,1,1,386,Shopify,"Astrology, Tarot, Dreamwork - Kama Loka",good,,2026-06-22T13:14:11+00:00
a7ed75ed-e612-4b38-8ef7-7ea8e4e0b34d,0,0,0,117,,,broken,connection failed,2026-06-22T13:14:11+00:00
4dfe5c79-ef9f-4a03-8125-7e12a81c654c,0,0,0,124,,,broken,connection failed,2026-06-22T13:14:11+00:00
8255c35c-8b26-44a6-9b22-b9952bbe94a7,200,1,1,1481,,Garage Door Repair & Installation | 24/7 Service,good,,2026-06-22T13:14:11+00:00
931fd4ff-404c-4680-99c6-24b13a08616b,0,0,0,49,,,broken,connection failed,2026-06-22T13:14:11+00:00
5090b30f-c259-4c8f-9cbe-ab3388347730,200,1,1,279,WordPress,Sheet Metal Fabrication - METALfx,good,,2026-06-22T13:14:11+00:00
8ff4d56e-1bca-455a-9048-a6bfa69a1d55,200,0,1,225,Squarespace,Ukiah Animal Shelter,weak,,2026-06-22T13:14:11+00:00
4ad41fcc-5b02-438a-9e54-7335a2d38662,200,1,1,992,WordPress,Lawyers Blog -,good,,2026-06-22T13:14:11+00:00
9d6495fb-960c-4e30-b08a-3bb832c74c3a,0,0,0,30088,,,broken,connection failed,2026-06-22T13:14:12+00:00
9c1adfee-eb34-4988-9000-61808627fb74,0,0,0,30046,,,broken,connection failed,2026-06-22T13:14:12+00:00
a1fc2ef5-5d96-4ad2-8d47-85f2095c8b4e,200,0,0,193,,,weak,,2026-06-22T13:14:12+00:00
cf00ef7a-34d9-44cb-a93d-c4fb12c3234f,200,1,1,139,Shopify,Buy Japanese Maple Trees Online | Mendocino Maples Nursery,good,,2026-06-22T13:14:12+00:00
01ce5c1d-6dfc-4be7-a04a-7a201175d0df,404,1,1,197,,Find a Physician or Provider | Adventist Health,broken,,2026-06-22T13:14:12+00:00
0e9b88a6-90a9-41e9-83d2-f35004c42499,200,1,1,472,,"Home - Mendocino Coast Chamber of Commerce, CA",good,,2026-06-22T13:14:12+00:00
8001483d-fec1-4f12-85a1-bb74527d8246,404,1,1,473,,Page not found | Mendocino College,broken,,2026-06-22T13:14:12+00:00
cdeadf7b-2b03-4722-9bea-bdd2faee8bca,200,1,1,267,WordPress,Mountain Summit Financial,good,,2026-06-22T13:14:12+00:00
7f38a91d-69fe-4a9f-a3d7-f4a95ff51405,200,1,1,588,Squarespace,OLXTOTO - Daftar Toto Togel Sekarang & Raih Hadiah Fantastis!,good,,2026-06-22T13:14:12+00:00
d07f831a-94e7-4d6c-a100-23fb4fadebfe,200,0,1,359,,Munselle Civil Engineering,weak,,2026-06-22T13:14:12+00:00
bf70de98-d6ce-48eb-bc31-1e27f205e13a,200,1,1,238,WordPress,George Petersen Insurance Agency | Commercial Insurance For Business,good,,2026-06-22T13:14:12+00:00
5ba96b1f-01e4-45ce-b53f-3953de1dfd73,202,1,0,278,,,weak,,2026-06-22T13:14:13+00:00
3e202e57-a37c-4359-a29f-b4d5b9654a74,200,1,1,499,Wix,"Mendocino Coast Botanical Gardens | Fort Bragg, California",good,,2026-06-22T13:14:13+00:00
c1c84eb9-a0c3-460b-951e-735c9750a2e2,404,1,1,607,,404: This page could not be found.,broken,,2026-06-22T13:14:13+00:00
3807cb18-08df-40dc-b737-c4a3679ea345,200,1,1,1453,,Home Remodeling Contractor in Lakeport CA | Millers Home Improvements,good,,2026-06-22T13:14:13+00:00
fd21d543-21fc-4453-992b-ba28b2c61c72,200,1,1,729,,"Adventist Health Ukiah Valley Pain Management: Adventist Health - 260 Hospital Drive, 102",good,,2026-06-22T13:14:13+00:00
24f32a6b-86c5-497f-b937-331af480d59d,200,1,1,5616,WordPress,California Child Sexual Abuse attorney - Beck Law P.C.,weak,,2026-06-22T13:14:13+00:00
d344c375-7ab2-4cf3-8ce3-88ccc4dcec2b,200,1,1,325,,"DUI Defense | Ukiah, CA | Mark L Ranft Attorney At Law",good,,2026-06-22T13:14:13+00:00
8f1a79fc-0e1c-4b33-91a1-850125a240a5,202,1,0,146,,,weak,,2026-06-22T13:14:14+00:00
e3e0c959-b96d-4bd6-b143-9fb68a3b2f90,200,1,1,2794,WordPress,Handyman Lake County CA | Lake County Quality Contractor,good,,2026-06-22T13:14:14+00:00
3385ab1d-4810-4408-8b3f-923bd2efb826,200,1,1,354,Squarespace,Mendocino Law,good,,2026-06-22T13:14:14+00:00
65c152ca-32a2-4758-a3a8-9f1e6741a9aa,200,1,1,558,,Santa Rosa Criminal Defense Lawyers | Ron Dinan & Associates,good,,2026-06-22T13:14:14+00:00
1b1f651e-79fa-46ac-98ba-8153d1492816,200,0,1,263,,Ryan Hayes Insurance Brokerage | CA Commercial & Personal,weak,,2026-06-22T13:14:14+00:00
851c3a72-8278-4c00-92a4-5405c4682beb,200,1,1,472,,Santa Rosa Criminal Defense Lawyers | Ron Dinan & Associates,good,,2026-06-22T13:14:14+00:00
9a08c478-676a-4897-a936-f556a058d396,200,0,0,239,,,weak,,2026-06-22T13:14:14+00:00
3cf77549-0571-4464-87e9-13092f74d2c1,200,1,1,299,Squarespace,Long Valley Health Center In Laytonville,good,,2026-06-22T13:14:14+00:00
2dc5007c-dbd7-49ff-a9d5-40de96f4710b,200,1,1,90,,Home | Superior Court of California | County of Mendocino,good,,2026-06-22T13:14:14+00:00
8ebcb7f4-7594-4300-8607-f8383f2d6115,202,1,0,241,,,weak,,2026-06-22T13:14:15+00:00
62574f8f-3094-4fc0-b2c4-cabb50b2cbda,200,1,1,804,Wix,HOME | Mysite 1,good,,2026-06-22T13:14:15+00:00
63d37df9-66a6-4c08-8758-e69e523d5b03,0,0,0,63,,,broken,connection failed,2026-06-22T13:14:15+00:00
3e98eba4-a682-4299-8874-bb2933687e6b,200,1,1,672,,"Superior Garage Door Service, and Repair.",good,,2026-06-22T13:14:15+00:00
2bebe527-c8e7-4375-9e8d-12b38c78b13d,200,1,1,3245,,Next Generation Heating and Cooling | Home,good,,2026-06-22T13:14:15+00:00
bcb5febc-9925-412e-92ff-fe32199dbf56,0,0,0,103,,,broken,connection failed,2026-06-22T13:14:15+00:00
08add073-ccea-4983-b87b-917022c8fbf1,200,1,1,137,,U.S. Marine Corps,good,,2026-06-22T13:14:15+00:00
14d97b18-ee7d-4e04-878c-4aad3a879335,200,1,1,612,,Doctor Zymes Natural Products,good,,2026-06-22T13:14:15+00:00
575773a8-bc62-493e-8eb4-684895de9add,200,1,1,666,WordPress,Timothy Stoen Attorney - Mendocino and Northern California,good,,2026-06-22T13:14:16+00:00
f184c222-e284-47df-aef2-0b618020db4d,0,0,0,167,,,broken,connection failed,2026-06-22T13:14:16+00:00
82fbfc08-c4f1-464e-9864-0afd51f650b1,200,0,0,667,,Whispering Winds Nursery,weak,,2026-06-22T13:14:16+00:00
56c31371-ed61-4deb-84b5-af9b327095f3,200,1,1,1171,WordPress,Home - Vivid Hearing Aids,good,,2026-06-22T13:14:16+00:00
46d06cc1-b12d-462a-a9cf-9ad3a656a1e7,200,0,1,768,,欢迎回来！！请牢记本站域名！,weak,,2026-06-22T13:14:17+00:00
07341f4f-bcfc-4792-bd65-3758a3fd5a49,200,1,1,220,Squarespace,Camp Noyo,good,,2026-06-22T13:14:17+00:00
8c70417c-9935-4ab1-87d9-804db4103cdd,0,0,0,30032,,,broken,connection failed,2026-06-22T13:14:17+00:00
eaa9b99f-7564-430f-90d2-b95d602b758c,200,1,1,1140,WordPress,"Jocelyn's - Shop Clothing, Shoes, Home, Kitchen, Toys ...",good,,2026-06-22T13:14:17+00:00
9abd32ae-b93b-4075-a37d-4755d4878ef9,404,1,1,212,Wix,,broken,,2026-06-22T13:14:17+00:00
79ab4028-0656-4f33-96ea-f953442392dc,200,1,1,760,WordPress,Fort Bragg Leisure Time RV Park | RV Campground Fort Bragg CA,good,,2026-06-22T13:14:18+00:00
c9856b43-2b2c-4fe3-aa7e-9a04bed894a9,200,1,1,2937,WordPress,"The Law Offices of Alan Ellis specializing In Federal Sentencing, Appeals, 2255 Habeas Corpus &#8211; The Law Offices of Alan Ellis | Federal Sentencing, 2255 Motions, Federal Appeals, Plea Neogtiatio",good,,2026-06-22T13:14:18+00:00
942ce6d8-53b6-4e95-bc2f-532e5447c7f1,200,1,1,273,Shopify,Solar Kits &amp; Expert Support | GoGreenSolar,good,,2026-06-22T13:14:18+00:00
1208b688-a234-4e37-8ff2-2bf1fa37f9d6,200,1,1,735,Wix,Eternal Medical Resources &amp; Homecare Solutions | Home Health Care,good,,2026-06-22T13:14:18+00:00
9d6cf738-808a-429e-b3df-292f81a33812,429,1,1,223,,Vercel Security Checkpoint,broken,,2026-06-22T13:14:18+00:00
faaa4390-3703-4a45-aa14-6a7f52b76bf5,202,1,0,298,,,weak,,2026-06-22T13:14:18+00:00
f13519d3-ebbc-4571-b78e-a80f56cc8ff3,200,1,0,243,,Coming Soon page,weak,,2026-06-22T13:14:18+00:00
a974abfd-fb08-47c3-a2e9-a1c7d005e5bc,429,1,1,289,,Vercel Security Checkpoint,broken,,2026-06-22T13:14:18+00:00
83f22587-0b80-4d6a-a99b-684d6a90e3e3,200,1,0,754,,,weak,,2026-06-22T13:14:19+00:00
f29db84a-af1e-4ff0-bd59-5f89367bbdf1,0,0,0,60,,,broken,connection failed,2026-06-22T13:14:19+00:00
75219647-09d4-4cac-88f3-78375602f6ad,0,0,0,49,,,broken,connection failed,2026-06-22T13:14:19+00:00
fa2181b8-08b5-40bc-893a-99fcf9d170db,523,1,1,2225,,watercolourdancewear.com | 523: Origin is unreachable,broken,,2026-06-22T13:14:19+00:00
cff3411e-bfb3-42eb-8b50-c7043ce0a60e,200,1,1,690,WordPress,Home -,good,,2026-06-22T13:14:20+00:00
c380af4d-78f4-4be7-b9a8-30e30b6352ab,200,1,1,1807,WordPress,"Mendocino Coast Restaurant In Elk, CA | Sacred Rock Inn",good,,2026-06-22T13:14:20+00:00
0a23c552-25c4-48ce-902e-f37b6af8fab0,200,0,0,1066,,,weak,,2026-06-22T13:14:20+00:00
692c77df-08f4-4f10-a5f8-728340f4a457,200,1,1,3876,WordPress,Savings Bank of Mendocino County,good,,2026-06-22T13:14:20+00:00
bcbc79a3-2ebb-49a8-832b-2d9450785f36,404,0,1,399,,404 - Page Not Found,broken,,2026-06-22T13:14:21+00:00
61885862-d0bd-47b5-a06b-cdca7ea3d4b7,200,1,1,711,GoDaddy,Buy fortbraggfirstbaptist.com – Premium Expired .com Domain on GoDaddy | ExpiredDomains.com,good,,2026-06-22T13:14:21+00:00
470ab9b5-6f55-4594-bf20-02c48b4553f8,0,0,0,65,,,broken,connection failed,2026-06-22T13:14:21+00:00
603b5d65-65f2-41bb-b174-effd6c1e9d5a,0,0,0,675,,,broken,"ssl: HTTPSConnectionPool(host='www.gualalabaptistchurch.org', port=443): Max retries exceeded with url: /",2026-06-22T13:14:21+00:00
29c3152b-d855-4b0a-acb3-8ba60b32ef17,200,1,1,274,,"Contact Us - St. Anthony of Padua - Willits, CA",good,,2026-06-22T13:14:21+00:00
2c478d12-1486-4c4b-bb83-13aa5f22261e,0,0,0,37,,,broken,connection failed,2026-06-22T13:14:21+00:00
1054d520-c54a-49ed-9d34-c5a8549699cf,200,1,1,222,Squarespace,Winesong | Join the Celebration - Support Local Healthcare,good,,2026-06-22T13:14:21+00:00
85e46d89-4f90-4a76-96a6-8d1a60d2e561,0,0,0,483,,,broken,"ssl: HTTPSConnectionPool(host='www.mcoe.us', port=443): Max retries exceeded with url: / (Caused by SSLEr",2026-06-22T13:14:21+00:00
7a64eb48-5d6a-414b-a7b1-6ba3146ef9f8,0,0,0,145,,,broken,connection failed,2026-06-22T13:14:21+00:00
e170eb98-8074-498a-bc57-f2579874771d,403,1,1,113,,Just a moment...,broken,,2026-06-22T13:14:21+00:00
30d874af-e5b8-4530-ae8b-40e4e49c7367,200,1,1,1097,WordPress,Trinity Church | You&#039;re Welcome Here!,good,,2026-06-22T13:14:21+00:00
540b56c1-be9b-41ab-9840-867bca27c6a7,200,1,1,564,,Calvary Chapel Fort Bragg,good,,2026-06-22T13:14:22+00:00
95400c86-0712-4bc0-a27b-6ba7f3d8f9d3,200,1,1,304,Squarespace,First Baptist ukiah,good,,2026-06-22T13:14:22+00:00
3924b142-1487-496c-9e8a-c91a18a5b400,200,1,1,412,,Online giving,good,,2026-06-22T13:14:22+00:00
6ad76d06-febb-46f2-8781-aa95768fe106,200,1,1,805,,Calvary Chapel Willits,good,,2026-06-22T13:14:22+00:00
c55f5ada-7e92-4d7f-92b4-5ceb08275fd9,200,1,1,370,WordPress,"Community Baptist Church &#8211; A Community of Faith, Hope &amp; Love",good,,2026-06-22T13:14:22+00:00
26574e5a-3b74-4d44-858d-9a78fc6f748d,200,1,1,135,GoDaddy,SBC.net - Good News for the Whole World,good,,2026-06-22T13:14:22+00:00
79edc2a7-f631-49e0-bd11-90632f3759d6,200,1,0,355,,"Dave Kooyers, You Tube - YouTube",weak,,2026-06-22T13:14:22+00:00
457fb0ee-fa85-4052-996a-07e7fde364b4,200,1,1,275,WordPress,First Baptist Church of North Adams,good,,2026-06-22T13:14:22+00:00
677b9835-2577-4d05-896b-534ee9a602e9,200,1,1,440,,"Good Shepherd Episcopal Church, Cloverdale, California",good,,2026-06-22T13:14:23+00:00
065182c2-9893-47b5-b107-2065e82ea69f,202,0,0,94,,,weak,,2026-06-22T13:14:23+00:00
67c28a7f-e686-4dd5-a82e-dca6e50ee345,200,1,1,948,,First Presbyterian Church of Ukiah,good,,2026-06-22T13:14:23+00:00
cdcb0eb1-84c5-4dd6-a2d4-a7dcdea0cd0d,200,1,1,493,,Kelseyville Presbyterian Church,good,,2026-06-22T13:14:23+00:00
a7953baf-88f2-4b59-a8b5-fbe4bd421cca,200,0,1,1408,,fwec.net&nbsp;-&nbsp;This website is for sale!&nbsp;-&nbsp;fwec Resources and Information.,weak,,2026-06-22T13:14:23+00:00
93f69ba0-1f9e-4a50-aff7-14f93bd686d6,0,0,0,49,,,broken,connection failed,2026-06-22T13:14:24+00:00
a4507f5c-b491-4684-82ba-d335ecb04187,0,0,0,15130,,,broken,connection failed,2026-06-22T13:14:24+00:00
20bb50df-5ef0-4d00-ba76-3a0b6a6513d5,200,1,1,459,Squarespace,Legacy Church,good,,2026-06-22T13:14:24+00:00
194b0973-6d61-42d0-b09d-443f913254a6,403,0,0,410,,403 Forbidden,broken,,2026-06-22T13:14:24+00:00
f792bbd9-d9c5-4bb9-859b-72abf4e4dea7,200,1,1,2145,WordPress,Faith Lutheran Church Ukiah,good,,2026-06-22T13:14:24+00:00
a9850257-0215-4654-985c-821b726538db,0,0,0,112,,,broken,connection failed,2026-06-22T13:14:24+00:00
767fa3d3-bede-4248-9f7b-f3505a2541b5,200,1,1,127,GoDaddy,SBC.net - Good News for the Whole World,good,,2026-06-22T13:14:24+00:00
65daff36-d54d-430c-a121-61d36dde9cdc,200,1,1,385,Squarespace,WCF Websites,good,,2026-06-22T13:14:24+00:00
f4465ed8-6caf-49b8-9675-5ea31608075f,0,0,0,50,,,broken,connection failed,2026-06-22T13:14:24+00:00
50d4051e-cba3-4be1-8e07-7fa2862266ef,200,1,1,356,,"Shepherd By The Sea Episcopal-Lutheran Mission Gualala, California",good,,2026-06-22T13:14:24+00:00
b7af73ed-e478-4302-b79a-e362f9789157,200,1,1,136,WordPress,"Chapel | Concordia Seminary, St. Louis",good,,2026-06-22T13:14:25+00:00
4f30aba9-7592-4aff-9d69-426fe9f82d57,404,1,1,1299,,Page Not Found | UMC.org,broken,,2026-06-22T13:14:25+00:00
ca8112a8-be33-4aa9-88a0-9f17a8005977,200,1,1,722,WordPress,Revival Community Church of Point Arena &#8211; A community of people joining together to love God and serve the people of Point Arena,good,,2026-06-22T13:14:25+00:00
590dd764-d418-40cd-a300-ee17fbd7faa9,200,1,1,362,,"St. John's Church, Lakeport - Lakeport, California",good,,2026-06-22T13:14:25+00:00
3c6d99f6-9daf-410c-a77b-14b5b273f44c,200,1,1,334,WordPress,Upper Lake SDA Church,good,,2026-06-22T13:14:25+00:00
5cd171dc-fa76-4ba2-bdfd-1c6aa46b8cad,429,1,1,356,,Just a moment...,broken,,2026-06-22T13:14:25+00:00
a3e9214c-5554-4d64-a2d2-8815f9c9759b,200,1,1,740,Webflow,Ukiah Bible Church - Home,good,,2026-06-22T13:14:25+00:00
34f68e2a-a8c7-4d1f-b186-72f250ff310d,200,1,1,308,Squarespace,Willits United Methodist Church,good,,2026-06-22T13:14:25+00:00
0a08ec37-1865-40a3-8c96-a9e6d293a212,200,1,1,359,Squarespace,ASPACE ALANO CLUB UKIAH,good,,2026-06-22T13:14:26+00:00
e7766dcf-b4fb-40fc-8017-107ca4f5bdc3,0,0,0,30032,,,broken,connection failed,2026-06-22T13:14:26+00:00
b0ab04de-9e6b-4a48-a7c2-83c826d3210e,0,0,0,15065,,,broken,connection failed,2026-06-22T13:14:26+00:00
8bfca1a0-eb92-444b-9d14-74a6b7abd8dc,200,1,1,1067,,College of the Redwoods Home,good,,2026-06-22T13:14:26+00:00
3872ff96-c807-4fe1-8619-35c7fe1adbf0,200,1,1,320,Wix,HOME | avenuestowellness,good,,2026-06-22T13:14:26+00:00
84f9cdb6-b0ad-4da2-b7b7-437da244699c,200,1,1,1167,WordPress,Home - Dharma Realm Buddhist University,good,,2026-06-22T13:14:26+00:00
2a9a0b3f-7971-4e2b-a8fd-a57be5c37478,0,0,0,37,,,broken,connection failed,2026-06-22T13:14:27+00:00
2fe068c5-916a-440c-8e5f-e6da0bed0865,200,1,1,688,Wix,Home | Action Network site,good,,2026-06-22T13:14:27+00:00
fc6f3e2e-7b98-4964-845a-b1561bdcdcee,200,0,1,135,,Elks Home,weak,,2026-06-22T13:14:27+00:00
c945a820-1932-4c21-9b56-bbf2f2733f77,200,1,1,310,Squarespace,EA Family Services,good,,2026-06-22T13:14:27+00:00
0272ddc3-6747-48ab-beda-b9aa4aec784f,200,0,1,589,WordPress,"Backyard Farm &#8211; Veikko Properties, Inc.",weak,,2026-06-22T13:14:27+00:00
57b39392-095a-43ab-83b5-7bd38fce39a5,200,1,1,272,,Home,good,,2026-06-22T13:14:27+00:00
12a217c1-b645-474a-a8df-be5d242f4483,200,1,1,302,Wix,"Lake County Land Trust | Lake County CA Conservation | 6350 Westlake Rd, Lakeport, CA 95453, USA",good,,2026-06-22T13:14:27+00:00
462d9dc2-e18d-4541-be76-17cf2d3af20d,200,1,1,632,GoDaddy,"Community Services in Ukiah, CA - Ford Street Project",good,,2026-06-22T13:14:27+00:00
4b7f089b-b31d-4b59-91c2-fb387cfbccc4,0,0,0,56,,,broken,connection failed,2026-06-22T13:14:28+00:00
66e9f824-69d8-4390-b241-a57e33f1857f,200,1,1,4985,,WilliamHill·威廉英国(中文)官方网站-Master Website,weak,,2026-06-22T13:14:28+00:00
e943f635-285d-4ce2-b676-282e2af18989,200,1,1,472,,Lake Family Resource Center Podcast | Podcast on Spotify,good,,2026-06-22T13:14:28+00:00
e9805677-52e7-4c7a-833d-976bbed20c23,0,0,0,15214,,,broken,connection failed,2026-06-22T13:14:28+00:00
e3b9ea1d-9e44-40c0-9d0a-26cabf30c351,200,1,1,1075,WordPress,First 5 Mendocino,good,,2026-06-22T13:14:28+00:00
2ea550b6-5647-4554-beff-7dc7eca758bf,200,1,1,271,,Resources &amp; Information for Mendocino County,good,,2026-06-22T13:14:28+00:00
33055f39-3ccc-430c-8861-348d554b689d,200,1,1,505,WordPress,"Mendocino Coast Healthcare Foundation | Fort Bragg, CA",good,,2026-06-22T13:14:28+00:00
090fa546-448d-4efc-aab9-373c06055ea5,200,1,1,402,WordPress,Round Valley Indian Tribes,good,,2026-06-22T13:14:28+00:00
8a76f0c1-de1d-4e2c-877e-ff4163eccb6c,0,0,0,15517,,,broken,connection failed,2026-06-22T13:14:28+00:00
363c795c-7fc1-4c0c-a240-2ff19f2d375b,200,1,1,763,Webflow,Mendocino Coast Children&#x27;s Fund - Meeting important needs of coast children since 1992,good,,2026-06-22T13:14:28+00:00
8848cb11-c2e3-48c3-81c8-97b6f16fc3ee,200,1,1,157,Webflow,"Whitesboro Grange No 766, Foundation Association, 32510 Navarro Ridge",good,,2026-06-22T13:14:28+00:00
c1d0f394-e333-4ef6-beb4-64c30e7944a8,200,1,0,521,,Russian River Watershed Association - YouTube,weak,,2026-06-22T13:14:28+00:00
a17012b5-caf4-4e49-9870-81b0ec4a1eff,200,1,0,508,,"Tan Oak Park, FAFUBA, Families and Friends United by AIDS, Leggett, California",weak,,2026-06-22T13:14:29+00:00
aa3c0232-93af-485a-8290-99650faf22ff,200,1,1,156,,Client Challenge,good,,2026-06-22T13:14:29+00:00
e64854fd-3611-46b0-8a28-c27ee0c0fce0,200,1,1,366,Squarespace,United Disaster Relief Of Northern California,good,,2026-06-22T13:14:29+00:00
e365b9e7-0f61-4a83-a6ec-92e8f4438908,200,1,1,2093,WordPress,Caspar Creek Learning Community &#8211; Supporting Alternatives in Education Since 2000,good,,2026-06-22T13:14:29+00:00
5ecaca2f-62be-4fb4-933b-0b682f3ea2c5,200,1,1,496,Wix,Xa Kako Dile:| Indigenous|Women-led|non-profit|Fortunate Farm|Caspar|Mendocino,good,,2026-06-22T13:14:29+00:00
6bf4c45a-df52-4fa3-8a1d-20a030fcf23d,200,1,1,479,,Cloverdale High School – Cloverdale High School – Cloverdale Unified School District,good,,2026-06-22T13:14:29+00:00
0cd26adb-8fa6-4523-948e-bca0e4198acf,403,1,0,477,,Forbidden,broken,,2026-06-22T13:14:29+00:00
9627be95-6960-4615-96b4-3cabc03119f0,200,1,1,930,Wix,"Willits Food Bank | 344 Railroad Avenue, Willits, CA",good,,2026-06-22T13:14:29+00:00
5c26f6c4-853b-4a97-9ab5-ab7c4a8bc428,200,1,1,236,,Community Development Commission of Mendocino County,good,,2026-06-22T13:14:29+00:00
4b15ced2-41b5-4661-9d5a-09d92838241d,200,1,1,916,,Welcome to Kelseyville Unified School District | Kelseyville Unified SD,good,,2026-06-22T13:14:29+00:00
aa0115d7-c221-4907-bac4-7bcd1e9b723a,403,1,0,76,,Access Denied,broken,,2026-06-22T13:14:29+00:00
9eefa08f-cf7e-4886-b637-d5e8386e2a65,200,1,1,266,,,good,,2026-06-22T13:14:30+00:00
85dea3c0-1b50-4cfa-bb4c-945b3cc35d58,200,1,1,209,,Lake County,good,,2026-06-22T13:14:30+00:00
844999f3-b79d-41f4-a42f-6366046d9e3e,200,1,1,512,WordPress,Lake County Conservation | Nurturing Nature for a Sustainable Future with Lake County RCD,good,,2026-06-22T13:14:30+00:00
cc12db53-0388-4c4c-aadb-dd494053bba7,200,1,1,773,WordPress,Churches Near Me - Find a UPCI Church,good,,2026-06-22T13:14:30+00:00
47917870-26a1-4a41-af81-325b875c04e7,200,1,1,402,Squarespace,Boont Tribe Community School,good,,2026-06-22T13:14:30+00:00
aac5e89b-0765-4315-9a35-8f2e0ff4d7c8,200,1,1,1467,GoDaddy,Preschool Parent Handbook &#8211; Shanél Valley Academy,good,,2026-06-22T13:14:30+00:00
db32fd52-cf0c-44d4-8bfa-01f2de4fe0ae,200,1,1,391,,Cloverdale Unified School District,good,,2026-06-22T13:14:30+00:00
a3ab2202-f185-4d0f-a132-8a3bc452cb39,404,1,1,144,,"Custom404 • Lake County, CA • CivicEngage",broken,,2026-06-22T13:14:30+00:00
bed311d7-958e-40dc-93b0-b36b22af2545,200,1,1,384,Wix,"Shade Canyon School - Tuition-Free Public Charter School in Lake County, CA",good,,2026-06-22T13:14:30+00:00
74dfb5ab-b027-4eee-9f5a-c2ed9f05b0ef,200,0,0,89,,Redirecting...,weak,,2026-06-22T13:14:30+00:00
5d816719-f89a-480a-abf4-25c077d03470,202,1,0,194,,,weak,,2026-06-22T13:14:30+00:00
64a92d32-afbd-4146-ae3f-89a984c67d64,200,1,1,328,Wix,Home | Redwood Valley Little River Band of Pomo Indians,good,,2026-06-22T13:14:30+00:00
8170d563-3d0e-4939-a828-24286f6ee3f1,0,0,0,150,,,broken,connection failed,2026-06-22T13:14:30+00:00
0ed215d9-d9e4-444c-b0df-534c2fd9988d,200,1,1,343,Squarespace,Mendocino Center for Spiritual Living,good,,2026-06-22T13:14:31+00:00
1ecef045-420b-4fa7-a713-4450d8faa77b,200,1,1,376,WordPress,Lakeport Community Seventh-day Adventist Church,good,,2026-06-22T13:14:31+00:00
1c491de6-1767-40fa-b343-5eed0ca842b2,200,1,1,1133,,CHARTER ACADEMY OF THE REDWOODS,good,,2026-06-22T13:14:31+00:00
ba5b993e-5f09-4fcb-93f9-28b8586b3fb2,200,0,0,204,Weebly,Crossroads Christian Church - Home,weak,,2026-06-22T13:14:31+00:00
77ac3bc7-4bce-4ae3-8ef8-206ca5472aef,200,1,1,1167,Wix,Home | Hopland Cemetery,good,,2026-06-22T13:14:31+00:00
43ae2b38-c777-4ca8-95b9-8e7a16cbf2f5,200,1,1,519,WordPress,Singing Feather Ministries | Honoring Indigenous Nations,good,,2026-06-22T13:14:31+00:00
1b8104a0-7b24-429d-9177-00c6564231c3,200,1,1,1016,WordPress,KPYUSA &#8211; Finding the Path to Liberation!,good,,2026-06-22T13:14:31+00:00
d4de4653-9e69-49ce-a504-24b33283c5c0,200,1,1,348,WordPress,Women&#039;s Advance Ministries,good,,2026-06-22T13:14:31+00:00
dd2bb4bd-82f0-452c-bddf-ab86779b3ad5,200,1,1,182,GoDaddy,SBC.net - Good News for the Whole World,good,,2026-06-22T13:14:32+00:00
94574107-14ee-4e79-8c7f-884ed06b1764,0,0,0,18,,,broken,connection failed,2026-06-22T13:14:32+00:00
66fa53e3-cd86-44d4-b692-0c768446bb19,200,1,1,438,Wix,San Jose Sanchez del Rio Catholic School | K-5,good,,2026-06-22T13:14:32+00:00
c7a5fa19-1ddd-4522-a2c8-aaedad586ede,200,1,1,835,,"Luxury Lake Suite: 9 Hole &amp; Disc Golf W Hot Tub - Farm stays for Rent in Dos Rios, California, United States - Airbnb",good,,2026-06-22T13:14:32+00:00
41b80277-6a56-42ad-b021-8664d9204e9a,0,0,0,9,,,broken,connection failed,2026-06-22T13:14:32+00:00
15778e8d-81f2-42b7-bf49-6763e41b7170,403,0,1,97,,Just a moment...,broken,,2026-06-22T13:14:32+00:00
cc4694ef-622e-41c6-b4b4-345d9faa7ca1,200,1,1,626,Squarespace,Ukiah Valley Sanitation District,good,,2026-06-22T13:14:32+00:00
5475b3fd-c650-45ba-8e1f-2dba46d215b4,200,1,1,679,WordPress,Churches Near Me - Find a UPCI Church,good,,2026-06-22T13:14:32+00:00
743c66bf-4867-457a-a962-08e1e5c079eb,200,1,1,826,,First Presbyterian Church of Ukiah,good,,2026-06-22T13:14:32+00:00
a83b4b8f-de33-47d6-8e4b-12bedf863724,200,1,1,186,,Home | Mendocino College,good,,2026-06-22T13:14:32+00:00
fadde71a-b14d-4dca-a9a5-12a44434d633,200,0,1,104,,Elks Home,weak,,2026-06-22T13:14:32+00:00
14935267-8e76-4fa3-98b6-a38e3b43b291,200,1,1,230,,,good,,2026-06-22T13:14:33+00:00
dc038f8c-d8e0-4035-9541-1a612ee90a23,200,1,1,201,,,good,,2026-06-22T13:14:33+00:00
f3ce0cdb-bcf5-4211-a644-939cf655f40c,0,0,0,198,,,broken,connection failed,2026-06-22T13:14:33+00:00
328f6288-2db8-4d35-84d8-54a068d9ab59,200,0,1,521,WordPress,Seed Library &#8211; FRVPL,weak,,2026-06-22T13:14:33+00:00
2f5415df-32c6-4cc8-9a96-55670d3bff66,0,0,0,15102,,,broken,connection failed,2026-06-22T13:14:33+00:00
840e02e6-68ae-44ee-b44e-cb5bfe8ffe16,0,0,0,104,,,broken,connection failed,2026-06-22T13:14:33+00:00
240a13cb-a701-463d-b045-a897f6611874,200,1,1,280,,,good,,2026-06-22T13:14:34+00:00
e67352b1-dcf7-44b0-a196-efb0cac8de5e,200,1,1,729,Webflow,,good,,2026-06-22T13:14:34+00:00
c583a9c2-8308-41d8-bf9d-985678e2431b,200,1,1,421,Wix,"HOME | MPIC, Inc.",good,,2026-06-22T13:14:34+00:00
2f22fdb3-434e-425e-8987-c666d8fbd339,200,1,1,1707,Wix,Friends Of The Library | Ukiah Valley Friends Of The Library | California,good,,2026-06-22T13:14:34+00:00
ca858f45-65fa-44fc-b7f5-371cbddeb989,200,0,0,221,Weebly,"Church of the Open Door: &nbsp;First Christian Church, Ukiah - Home",weak,,2026-06-22T13:14:34+00:00
f594fe9e-6d20-42de-92ac-cfa87f7d8c7a,200,1,1,226,,Home,good,,2026-06-22T13:14:34+00:00
4d028522-547f-440b-869a-d9389a5d14bb,200,1,1,333,WordPress,Lakeport Community Seventh-day Adventist Church,good,,2026-06-22T13:14:35+00:00
cd05233e-409f-4ac9-b650-51ccf6c99015,200,1,1,3108,,Willits Bible Church | Sermon Cloud,good,,2026-06-22T13:14:35+00:00
62a3b7fd-9c7a-43e2-ad0e-1f42a353a069,200,1,1,2962,WordPress,Home - Adult Career Education,good,,2026-06-22T13:14:35+00:00
54f075ca-fda7-406e-a5bb-e3394643c23c,200,1,1,517,Squarespace,Church of Christ Ukiah,good,,2026-06-22T13:14:35+00:00
7053bc9a-b3d7-4ab0-920b-c42934b94ff8,200,1,1,682,WordPress,Welcome to Our Parish!,good,,2026-06-22T13:14:35+00:00
7af04baf-76f9-4139-afe0-6e53ca35b8e3,200,1,1,382,Squarespace,"Generation Red Road, Inc.",good,,2026-06-22T13:14:35+00:00
0a795d0e-2597-4adb-bf1a-0da678ce7f01,200,1,0,382,,"Haunted Hall of Horrors | Fort Bragg, CA 95437",weak,,2026-06-22T13:14:35+00:00
f56f11f7-9c38-4ec7-adab-250058edeffd,200,1,1,397,Squarespace,Mother-Wise,good,,2026-06-22T13:14:36+00:00
d35e3532-9979-4e18-ab50-8f100b9eb8a5,200,1,1,7145,,Slot Demo Gratis: Akun Demo Slot Gacor Pragmatic Play Demo Terlengkap,weak,,2026-06-22T13:14:36+00:00
ee606e54-0dba-4c7f-83d6-f728cb5acc29,200,1,0,522,,"Tan Oak Park, FAFUBA, Families and Friends United by AIDS, Leggett, California",weak,,2026-06-22T13:14:36+00:00
87b97146-c636-45a2-9be9-01e113a8c0dd,200,1,1,1795,Wix,"Kno'Qoti Native Wellness, Inc.",good,,2026-06-22T13:14:37+00:00
cc5f38e4-4d96-4e92-877f-4c17d4fa0bb1,200,1,1,425,GoDaddy,Mendocino County Republican Party,good,,2026-06-22T13:14:37+00:00
c421759a-41a0-4599-bdf6-cdab01206403,0,0,0,58,,,broken,connection failed,2026-06-22T13:14:37+00:00
2f689327-f4fe-40f5-a8e8-bdb2197c5033,200,1,1,767,,Homepage Russian River Flood Control &amp; Water Conservation Improvement District,good,,2026-06-22T13:14:38+00:00
0ab54aa7-eb6b-4eb3-a97c-887f5f7bafa8,200,1,1,926,,College of the Redwoods Home,good,,2026-06-22T13:14:38+00:00
3c9667d3-9386-4c86-a3a1-e685b88cabf1,200,1,1,322,WordPress,Home - Dharma Realm Buddhist University,good,,2026-06-22T13:14:38+00:00
0486e92e-3832-4743-a846-9d030de87f5e,200,1,1,197,,Home | Mendocino College,good,,2026-06-22T13:14:38+00:00
94ada47c-6e7a-4d2e-8595-2efdd4ae8a2f,0,0,0,109,,,broken,connection failed,2026-06-22T13:14:38+00:00
6d0a0ed4-3f8b-4a35-b5e4-1fdeb9e3e73a,200,0,1,444,,Hytek Swimming - Cloverdale Tritons,weak,,2026-06-22T13:14:38+00:00
17f94ba0-6c6f-470c-bd3f-fed68515727c,0,0,0,10018,,,broken,connection failed,2026-06-22T13:14:39+00:00
0e2cdc98-c52f-41ef-bc7a-8996251dad2b,200,0,1,168,,KPFZ 88.1 FM | Lake County Community Radio,weak,,2026-06-22T13:14:39+00:00
d249a63c-a251-4c4c-a836-55021672a553,429,1,1,264,,Vercel Security Checkpoint,broken,,2026-06-22T13:14:39+00:00
787f1514-adc5-4836-b0db-298d65c90cfe,200,1,1,925,WordPress,Kemgas | Propane delivery service in Fort Bragg and Ukiah California,good,,2026-06-22T13:14:40+00:00
b1da4ffb-1c51-48b3-a50d-808c17f45b85,0,0,0,15119,,,broken,timeout,2026-06-22T13:14:40+00:00
3b744eb2-3377-44b2-86a9-b1bea08bda3c,200,1,1,1327,WordPress,Laytonville Healthy Start,good,,2026-06-22T13:14:40+00:00
4caaa8b1-bae9-486e-a19d-376cc13552f2,0,0,0,65,,,broken,connection failed,2026-06-22T13:14:40+00:00
7a9a955d-a4c7-4738-99ae-bc9c7f152ef7,200,1,0,596,,,weak,,2026-06-22T13:14:40+00:00
9360dfc8-2b06-4c7b-9038-aefe33813a66,0,0,0,879,,,broken,"ssl: HTTPSConnectionPool(host='www.crfinefurniture.com', port=443): Max retries exceeded with url: / (Cau",2026-06-22T13:14:41+00:00
b077f0aa-6278-4b80-87ec-affe8a26704b,200,1,1,832,,CHARTER ACADEMY OF THE REDWOODS,good,,2026-06-22T13:14:41+00:00
f8243f52-2f1c-4df9-8d42-f4e441605aee,200,1,1,382,,Ukiah Unified School District,good,,2026-06-22T13:14:41+00:00
ba67f5ea-cc57-4bd7-91c0-67141719bdbd,200,1,1,2985,WordPress,SWIM &#8211; Tide To Your Health,good,,2026-06-22T13:14:41+00:00
9f3db791-3636-4087-8324-8f3d98a117c3,200,1,1,378,,Your Dream Home,good,,2026-06-22T13:14:41+00:00
a7ee78b4-7faf-40bf-b638-85e9257d4419,200,1,1,179,Webflow,"Yuki Trails Substance Abuse Program, Drug Prevention Education",good,,2026-06-22T13:14:41+00:00
775b771a-0403-4fa7-bbda-ab11d82828e2,0,0,0,15512,,,broken,timeout,2026-06-22T13:14:41+00:00
87b3e2aa-eda4-47eb-960d-41e088d42b0a,200,1,1,132,,"Bank of America - Banking, Credit Cards, Loans and Merrill Investing",good,,2026-06-22T13:14:42+00:00
d467b4c8-0ca5-4e9a-8b3b-d17833405b48,200,1,1,6920,WordPress,1Team 1Dream - Building economic stability - one small business at a time,weak,,2026-06-22T13:14:42+00:00
16b0f373-66ab-4a7e-8fd2-2e88d9460a17,0,0,0,439,,,broken,connection failed,2026-06-22T13:14:42+00:00
1a342aa4-a153-45c7-b90f-89a96f2f34d0,200,1,1,457,,Account Suspended,good,,2026-06-22T13:14:42+00:00
2ceaa301-85ec-4672-b082-0645c4d74cee,0,0,0,29,,,broken,connection failed,2026-06-22T13:14:42+00:00
dd726305-4680-4d24-9cd4-bbcdf3c2854a,200,1,1,392,,Home,good,,2026-06-22T13:14:42+00:00
8feffd08-857e-468b-b109-2fdbfb1cf414,0,0,0,64,,,broken,connection failed,2026-06-22T13:14:42+00:00
92c24f8f-c7ab-49f9-8b92-40685fe5511f,200,1,1,685,WordPress,Calvary Chapel Ukiah |,good,,2026-06-22T13:14:42+00:00
5bd3de98-33f7-4352-b087-79a4807c66c0,200,1,1,379,,Account Suspended,good,,2026-06-22T13:14:43+00:00
df155119-156f-4edb-ab96-b5555520c3e4,200,1,1,2046,WordPress,Mendocino English Country Dance &#8211; Welcome to our inclusive community!,good,,2026-06-22T13:14:43+00:00
6dd3f3ba-75e7-4244-939f-f000b88602b0,200,1,1,621,,Make a Donation,good,,2026-06-22T13:14:43+00:00
ee5f768c-43f1-46e1-93fd-b56104b88bcf,0,0,0,30032,,,broken,connection failed,2026-06-22T13:14:43+00:00
9ad7c430-23b8-412f-8299-dd19717b1939,200,1,1,726,WordPress,Carsten Spencer - Love Life Yoga,good,,2026-06-22T13:14:44+00:00
33ce4ce9-fb3d-452b-85d1-b4a0777fa1cb,200,1,1,141,Webflow,"Bachelor Valley Grange, Fraternal Organization, 9355 Government St",good,,2026-06-22T13:14:44+00:00
73472093-3197-47ee-b6c6-af3224606013,200,1,1,741,WordPress,willitssda.com,good,,2026-06-22T13:14:44+00:00
58416be0-d27c-4f6a-a9cf-80e3cebfac8e,200,1,1,305,,Project Sanctuary | Home,good,,2026-06-22T13:14:44+00:00
86e3b643-7749-4bcd-a971-909b82b3394a,200,0,0,123,,,weak,,2026-06-22T13:14:44+00:00
2421142e-6d7f-4357-a350-a2ee9f0bc303,200,1,1,589,WordPress,"Clover Springs Community Association, Inc. &#8211; Just another FRONTSTEPS site",good,,2026-06-22T13:14:44+00:00
44fdddb3-02f5-4a24-a045-853a86a192cf,200,1,1,1192,,Albion Field Station - Pacific Union College,good,,2026-06-22T13:14:44+00:00
b77ffc7c-30b7-457e-913f-16e5dffab648,0,0,0,114,,,broken,connection failed,2026-06-22T13:14:44+00:00
219b824d-3cc1-43de-8502-7290023f93c7,410,1,1,742,,Error | Keep&Share,broken,,2026-06-22T13:14:44+00:00
4db54acf-9b05-4aa8-ba43-36ec1aeb7b5c,200,1,1,120,,Home | Superior Court of California | County of Mendocino,good,,2026-06-22T13:14:44+00:00
bb7e974f-5c79-49ea-a5fb-94cc5b2add0c,200,1,1,167,,24-Hour Diner and Breakfast Restaurant | Denny&#039;s,good,,2026-06-22T13:14:44+00:00
50fb83cb-fee7-42d7-badf-1d136b1732b3,200,1,1,2447,WordPress,The Foursquare Church,good,,2026-06-22T13:14:44+00:00
369b2a6e-dad9-4859-94b8-b681eeeaed28,200,1,1,138,Webflow,Community First Credit Union | The New Local,good,,2026-06-22T13:14:45+00:00
446a14d7-c0e1-4937-9d79-6d881d0a2c3a,200,1,1,100,Webflow,Community First Credit Union | The New Local,good,,2026-06-22T13:14:45+00:00
eac7ff68-ca09-48e7-a9c4-d67c26be9112,200,1,1,469,,"Lake County, CA | Official Website",good,,2026-06-22T13:14:45+00:00
8dcea0db-0d20-44d4-a6d5-7c93e3e82940,200,1,1,422,,Client Challenge,good,,2026-06-22T13:14:45+00:00
ce1d09de-87d2-4494-9b39-0ed06c6f595e,200,1,1,630,,Ukiah Unified School District,good,,2026-06-22T13:14:45+00:00
176bf57e-7764-4ac7-893c-be320989e4a2,200,1,1,205,,Client Challenge,good,,2026-06-22T13:14:45+00:00
1fe094cd-82f1-42ed-8f96-2837e4d41a76,200,0,1,104,Webflow,"Manchester Point Arena Headstart, Elementary School, 419 Ocean View Dr",weak,,2026-06-22T13:14:46+00:00
517f5a64-a3d0-4373-bf50-4cc2fef2c875,200,1,1,1146,,Mendocino Unified School District,good,,2026-06-22T13:14:46+00:00
c956fe8f-c3af-4833-8e76-f8836dbd06c8,403,1,1,263,,Access to this page has been denied,broken,,2026-06-22T13:14:46+00:00
fdde5cba-3636-48db-b451-946456df96f3,200,1,1,266,,Ukiah Unified School District,good,,2026-06-22T13:14:46+00:00
9006153b-9194-4656-ad6e-00f2034bf789,403,1,0,356,,Forbidden,broken,,2026-06-22T13:14:46+00:00
dc4a62b4-9d11-4cbf-8bdd-14f8d560a909,0,0,0,91,,,broken,connection failed,2026-06-22T13:14:46+00:00
3a06692c-41c7-4457-a8bb-d592c06af634,0,0,0,15035,,,broken,timeout,2026-06-22T13:14:46+00:00
dac5ce3b-bfa1-4718-aa06-4b87ce6db717,202,0,0,197,,,weak,,2026-06-22T13:14:46+00:00
8d9864d3-f0ce-4234-9b55-e3444d8a8892,403,1,1,137,,Verifying Browser...,broken,,2026-06-22T13:14:47+00:00
342dabc7-ed25-49a9-9bda-dfc1073ae38f,200,1,1,242,Weebly,Mendocino Community Library - Home,good,,2026-06-22T13:14:47+00:00
c79bd912-48da-4bda-ab55-367986b9248c,403,1,0,191,,,broken,,2026-06-22T13:14:47+00:00
5f1f179d-6135-44c3-9da6-cdf6c051d318,200,1,1,715,,"Lake County, CA | Official Website",good,,2026-06-22T13:14:48+00:00
2f1f7345-81c3-47b1-a4c4-aa313d4001f4,200,1,1,823,,"Board of Supervisors | Lake County, CA",good,,2026-06-22T13:14:48+00:00
499b4b01-685d-46d2-9131-2e3997e21397,200,1,1,119,,Home | U.S. Congressman Jared Huffman,good,,2026-06-22T13:14:48+00:00
2b0802aa-02c3-45b8-bc0e-2865c89afdcf,200,1,0,312,,Contact Info,weak,,2026-06-22T13:14:48+00:00
fdcfdd59-7b1d-46f9-8770-5596e3e8b016,403,0,0,48,,Access Denied,broken,,2026-06-22T13:14:48+00:00
a7081dff-dbc6-4279-bbce-45487c509feb,200,0,0,271,,New Home Page for svpomo.org,weak,,2026-06-22T13:14:48+00:00
7b5b4624-830e-4033-93d6-a637349dbef3,200,1,1,384,,"Kelseyville Cemetery in Kelseyville, California - Find a Grave Cemetery",good,,2026-06-22T13:14:48+00:00
5362a664-087f-4a04-aa9c-6b925a47fa73,404,1,1,679,Squarespace,Robinson Rancheria Citizens Business Council,broken,,2026-06-22T13:14:49+00:00
ab69e7ec-c5d2-47e2-b594-73d4f9acc11f,200,1,1,306,Wix,Home | Rose Memorial Park Association Inc,good,,2026-06-22T13:14:49+00:00
00095361-2919-4161-8599-2aa620db6c8d,200,1,1,427,,"Ukiah Cemetery in Ukiah, California - Find a Grave Cemetery",good,,2026-06-22T13:14:50+00:00
a6a78338-902a-4d15-b3e1-2284d7d51637,0,0,0,15205,,,broken,timeout,2026-06-22T13:14:50+00:00
723f1adc-eb65-47f7-a8b9-1d70c99cf0e9,0,0,0,38,,,broken,connection failed,2026-06-22T13:14:50+00:00
43270218-26df-4e43-90d7-8cf006204e66,200,1,1,657,Wix,Home,good,,2026-06-22T13:14:50+00:00
0a0b23fd-2b3f-4e44-98fd-76cd3dbd86d4,200,1,1,311,GoDaddy,St. Mary of the Angels Catholic School &#8211; Building a Foundation for a Lifetime.,good,,2026-06-22T13:14:51+00:00
db6da60a-9649-41b7-8854-b38bcedb9b27,200,1,1,886,,Adventist Health,good,,2026-06-22T13:14:51+00:00
2c29a9ff-bf1a-4500-8421-aa09d21c4657,0,0,0,15685,,,broken,connection failed,2026-06-22T13:14:51+00:00
813d7443-09eb-45f5-acf4-8280fc8a25d5,0,0,0,15287,,,broken,timeout,2026-06-22T13:14:51+00:00
637c40eb-5cf4-427d-aec9-4aff9b85056c,200,1,1,244,Squarespace,Mendocino Coast Jewish Community,good,,2026-06-22T13:14:51+00:00
b36b2475-d478-4373-af5f-ebbcf8d334b5,404,1,1,430,,"Organization not found&quot;,",broken,,2026-06-22T13:14:51+00:00
423d4fde-9195-4ce4-8b5a-59f17ad88898,0,0,0,66,,,broken,connection failed,2026-06-22T13:14:51+00:00
b27a8975-8014-4834-bac5-1c44bca42b08,200,1,1,393,,Account Suspended,good,,2026-06-22T13:14:51+00:00
a23f8731-9f08-4d38-be0a-fd3bc2d270f9,200,1,1,296,Wix,Home | Woods Cooperative,good,,2026-06-22T13:14:51+00:00
9874efaa-e7a3-4ddd-9af7-dd5573843fa4,200,1,0,503,,Lakeport Early Lake Lions Club - Lions e-Clubhouse,weak,,2026-06-22T13:14:52+00:00
f269110a-f512-417e-8116-93258ecb7d41,200,1,1,342,,South Coast Continuation - School Directory Details (CA Dept of Education),good,,2026-06-22T13:14:52+00:00
dc5bf584-b15f-48ae-8497-a3b0ee7abe4d,403,1,0,54,,Access Denied,broken,,2026-06-22T13:14:52+00:00
994af90e-9942-4e28-ba86-92c58fcc77c2,200,1,1,631,,Adventist Health,good,,2026-06-22T13:14:52+00:00
d6bf919e-fffb-437e-b268-9116feb4357c,403,1,0,433,,Access Denied,broken,,2026-06-22T13:14:52+00:00
c90bfab0-3155-41fc-9b50-c3d0258fde6b,200,1,1,1083,,Home - Round Valley,good,,2026-06-22T13:14:52+00:00
81732990-34c4-4586-8813-4d30c4349b8a,429,1,1,170,,Just a moment...,broken,,2026-06-22T13:14:52+00:00
49211d52-74a1-40dd-a31a-2d5d1daf112a,200,1,1,513,GoDaddy,Buy lakecountyrecovers.com – Premium Expired .com Domain on GoDaddy | ExpiredDomains.com,good,,2026-06-22T13:14:53+00:00
56f9aba1-3d51-4977-b974-6212359ba040,200,1,1,538,Drupal,Adopt a Pet | ASPCA,good,,2026-06-22T13:14:53+00:00
67ce8f1e-6f13-4d02-bf72-9ce860fc5666,0,0,0,39,,,broken,connection failed,2026-06-22T13:14:53+00:00
57c32266-3698-454c-a18b-a9ecd99ad0ec,200,1,1,370,Joomla,"Kelseyville, California (CA 95451) profile: population, maps, real estate, averages, homes, statistics, relocation, travel, jobs, hospitals, schools, crime, moving, houses, news, sex offenders",good,,2026-06-22T13:14:53+00:00
54671af9-b67d-44c1-989a-1913ea64dffb,0,0,0,207,,,broken,connection failed,2026-06-22T13:14:53+00:00
8d99476f-ed70-4c6c-9b38-a3cebc0c513d,200,1,1,452,WordPress,Calvary Chapel Ukiah |,good,,2026-06-22T13:14:53+00:00
dde65615-0b53-4642-8758-db767af90890,0,0,0,1830,,,broken,"ssl: HTTPSConnectionPool(host='www.roundvalleyindianhealthcenter.com', port=443): Max retries exceeded wi",2026-06-22T13:14:53+00:00
e40bb953-166c-4b7f-9411-e0fb29c1665b,0,0,0,111,,,broken,connection failed,2026-06-22T13:14:53+00:00
6fcb06fd-f134-4a9e-9c83-f4d2025b27df,200,1,1,494,Squarespace,Lake County Fair Foundation,good,,2026-06-22T13:14:54+00:00
bfc8ab82-2d37-4527-8762-a82f9b2bcf41,200,1,1,970,,Making government services easier to find | USAGov,good,,2026-06-22T13:14:54+00:00
46e61072-bbea-4713-96ac-dfe2442e19b0,405,1,1,361,,Human Verification,broken,,2026-06-22T13:14:54+00:00
fd7e9551-6916-4b98-bc54-73ddcd5dbb52,200,1,1,821,,Adventist Health,good,,2026-06-22T13:14:54+00:00
b578b465-0965-498f-b652-cb6963191ef2,200,1,1,663,,Adventist Health,good,,2026-06-22T13:14:54+00:00
4e377a5c-6ae8-47a5-9f72-16ad4b80ee79,403,1,0,48,,Access Denied,broken,,2026-06-22T13:14:54+00:00
630cac87-5982-41ff-ae13-7a3321b942c1,200,1,1,467,,"Lake County, CA | Official Website",good,,2026-06-22T13:14:54+00:00
b3fce579-11a0-442e-b98f-c0e4eddd46e0,200,1,1,505,WordPress,Xoilac TV chÃ­nh thá»©c - Trá»±c tiáº¿p bÃ³ng ÄÃ¡ Xoilac HD - BLV Roy,good,,2026-06-22T13:14:54+00:00
f3770298-4060-4cb6-ab92-b23310732b1e,0,0,0,10013,,,broken,connection failed,2026-06-22T13:14:55+00:00
9b04cd3d-9513-4092-8614-65461a52ea5d,200,1,1,495,,"Columbia Bank in Lakeport, CA | 805 11th Street",good,,2026-06-22T13:14:55+00:00
937c9a64-bdc6-45c8-b703-6af795a8ba88,404,1,0,587,,,broken,,2026-06-22T13:14:55+00:00
a8dfdd8c-02f7-4543-b844-5aeed546a1b0,200,1,1,556,,"Columbia Bank in Ukiah, CA | 607 South State Street",good,,2026-06-22T13:14:55+00:00
ce8d3f84-7214-4175-84ed-c844385ff01a,200,1,1,237,,"Columbia Bank in Kelseyville, CA | 4280 Main Street",good,,2026-06-22T13:14:55+00:00
8ae89b5d-69da-4e19-bf0c-7ef0690f0cdf,200,1,1,210,,Find a U.S. Bank Branch or ATM Near You | U.S. Bank,good,,2026-06-22T13:14:55+00:00
fe834567-24e8-4ed7-85af-7d3945123f7e,200,1,0,280,,Stability &amp; Service in Sonoma County Since 1890 | Exchange Bank,weak,,2026-06-22T13:14:55+00:00
b455c3e1-6820-4d84-a578-02759d37d5cb,0,0,0,10016,,,broken,connection failed,2026-06-22T13:14:55+00:00
8ba1b518-e628-4dc7-818f-030c9bc14e30,200,0,0,85,,,weak,,2026-06-22T13:14:55+00:00
114cb55f-23de-4b0f-96d8-e9c04f7acd3a,200,1,0,268,,Covelo SDA Church - Adventist Organizational Directory,weak,,2026-06-22T13:14:55+00:00
fb0d18de-716f-45db-aef1-fb9de1f19f7b,200,1,1,691,,Wells Fargo Branch with ATM at 717 S State St in Ukiah CA 95482 | Wells Fargo,good,,2026-06-22T13:14:56+00:00
97e65c09-0102-4567-9d93-73e6e2db4af9,200,1,1,673,,Cancer Care - Mendocino Coast - Adventist Health,good,,2026-06-22T13:14:56+00:00
c4fb207d-c4ac-4ddf-8966-b078e2fb693f,404,1,1,949,,Page Not Found | Columbia Bank,broken,,2026-06-22T13:14:56+00:00
793cf58e-8a52-4e49-aa83-3048d8cf4996,200,1,1,132,Webflow,Community First Credit Union | The New Local,good,,2026-06-22T13:14:56+00:00
00ea27a7-9506-4cfb-af62-39a19b8f9553,404,1,1,1116,,Page Not Found | Columbia Bank,broken,,2026-06-22T13:14:56+00:00
b42b8531-a928-47ca-9521-005bdc5eec75,200,1,1,563,Wix,"Hopland Church &amp; Wellness Center | Supporting your health journey | 51 hwy 175, Hopland, CA",good,,2026-06-22T13:14:56+00:00
675b763e-a276-4e83-ac06-ba30d6ef1fd9,0,0,0,108,,,broken,connection failed,2026-06-22T13:14:56+00:00
b2a8bb53-0d90-41db-9645-67c05a54a4ca,0,0,0,10015,,,broken,connection failed,2026-06-22T13:14:56+00:00
236c42a0-4be0-4e61-a918-bfa1f1eab2ba,0,0,0,15308,,,broken,connection failed,2026-06-22T13:14:56+00:00
65527b2e-c658-41c5-b39e-8d2d7382bafa,200,1,1,121,,Cloverdale Unified School District,good,,2026-06-22T13:14:56+00:00
0a99f08c-3b28-438e-9c58-87a4c0871919,200,1,1,206,Webflow,Home - Fort Bragg Unified,good,,2026-06-22T13:14:56+00:00
fa788bbe-2662-4a37-94dc-ad3d4b5c8032,200,1,1,642,WordPress,Workforce Alliance of the North Bay | Pathways to Work,good,,2026-06-22T13:14:56+00:00
d8fd6286-965e-40f2-a2f3-7d2d09a5f238,404,1,1,505,WordPress,Page not found - Redwood Credit Union,broken,,2026-06-22T13:14:56+00:00
0499b42c-9eba-4d25-946f-013e15996bcd,200,1,1,491,,Ukiah Citizenship.com,good,,2026-06-22T13:14:56+00:00
dec30f1f-2902-4320-bc55-b9b8f5b5ea71,200,1,1,527,,Radware Captcha Page,good,,2026-06-22T13:14:56+00:00
e35868eb-4ddd-4635-ae60-eaca65252c89,404,1,1,408,,404: NotFound,broken,,2026-06-22T13:14:57+00:00
4e3b40d7-5633-444d-bb04-7bb4d80efa6b,200,1,1,553,,Adventist Health Adventist Health Home Care & Hospice Services - 700 River Drive,good,,2026-06-22T13:14:57+00:00
8b84fecc-9b24-4b8d-9062-36e1c8bfbd34,200,1,1,385,,Ramada by Wyndham - Travel the World,good,,2026-06-22T13:14:57+00:00
330c87ff-de27-4f9d-8dbe-70e225c3791b,200,1,1,87,WordPress,HOPLAND MUNICIPAL ADVISORY COUNCIL &#8211; The Hopland Municipal Advisory Council was created by the Mendocino County Board of Supervisors under the provisions of California Government Code Section 31,good,,2026-06-22T13:14:57+00:00
59f4c34c-f531-44e6-ae6b-04b6ff43afea,502,1,1,1352,,mendocinocoastpal.org | 502: Bad gateway,broken,,2026-06-22T13:14:57+00:00
75e54e23-c498-4675-9495-22aaeca6ddf2,403,1,0,394,,Access Denied,broken,,2026-06-22T13:14:57+00:00
30bedd74-f950-4ef9-9ca8-a04cad93c0f5,200,0,0,195,,Potter Valley Irrigation District,weak,,2026-06-22T13:14:57+00:00
c81bc7ce-a933-4cc9-b971-afd3956bd78a,200,0,0,15996,WordPress,Evergreen Chrysanthemum Association | COME GROW WITH US,weak,,2026-06-22T13:14:57+00:00
8191ef3e-f76e-43d8-a576-d204f30676da,404,1,1,2546,,Page Not Found | Columbia Bank,broken,,2026-06-22T13:14:57+00:00
b0ea08f2-04b3-4db5-a4a0-3e2b2b50bc70,200,1,1,670,GoDaddy,Buy lakecountyrecovers.com – Premium Expired .com Domain on GoDaddy | ExpiredDomains.com,good,,2026-06-22T13:14:57+00:00
d97ef6a8-152c-434b-8f72-444e33a9022f,200,1,1,195,,Wells Fargo Bank | Financial Services & Online Banking,good,,2026-06-22T13:14:58+00:00
8868fb44-caed-46a8-a13a-f81d24d7cd15,200,1,1,807,,Body of Christ Ministry,good,,2026-06-22T13:14:58+00:00
674a09b3-011e-4ec0-a21a-6a4a507bef71,404,1,0,493,,,broken,,2026-06-22T13:14:58+00:00
7f474bf0-6bdc-412e-8042-ac31059a4e56,200,1,1,1124,WordPress,North Coast Brewing Company - Independent Since 1988,good,,2026-06-22T13:14:58+00:00
c6b7a94c-e011-465d-bac5-2f36e2f054a6,200,1,1,1064,,Columbia Bank | ColumbiaBank.com,good,,2026-06-22T13:14:58+00:00
8c641494-2001-4868-ae4e-ca7892886fb7,200,1,1,134,,"Personal Banking, Credit Cards, Loans &amp; Investing | U.S. Bank",good,,2026-06-22T13:14:58+00:00
e9a6c14d-3e9e-42d0-9bc3-fe54da27c0e6,200,1,1,1133,,"Bitcoin ATM in Sunbury, VIC at Clean Streak Laundry Sunbury | Byte Federal",good,,2026-06-22T13:14:58+00:00
16accdf9-7be8-4649-8af9-7e73395ace0b,200,1,1,761,,Columbia Bank | ColumbiaBank.com,good,,2026-06-22T13:14:58+00:00
c9226991-00be-4c80-a6ae-3a073f404e74,200,1,1,915,,Bank of America Walk-Up ATM in Ukiah | Pear Tree Center,good,,2026-06-22T13:14:59+00:00
a814dbd0-f748-4ac3-b1a3-00a3d322db39,404,1,0,566,,,broken,,2026-06-22T13:14:59+00:00
3a10fd0a-d256-4b95-9894-5ccae1f5af31,404,1,0,635,,,broken,,2026-06-22T13:14:59+00:00
bf3c278a-b1ca-44ce-a26b-3b33031fd790,200,1,1,904,,Bank of America Walk-Up ATM in Fort Bragg | Boatyard Shopping Center,good,,2026-06-22T13:14:59+00:00
e8587838-ff28-4f5a-8126-464fa6eaff30,0,0,0,15,,,broken,connection failed,2026-06-22T13:14:59+00:00
608c5175-31b2-40c6-bfa5-48d2ecfe9a11,200,1,1,93,,Home | Mendocino College,good,,2026-06-22T13:14:59+00:00
3954a0b6-ac17-4793-a3bb-0e7145d152eb,200,1,1,145,,24-Hour Diner and Breakfast Restaurant | Denny&#039;s,good,,2026-06-22T13:14:59+00:00
6e4564a1-cdf1-42b4-b32e-dbe76e5c0c05,200,1,1,1205,,Bank of America Walk-Up ATM in Lakeport | Lakeport,good,,2026-06-22T13:14:59+00:00
058e47af-ff19-4d59-a3b3-7fbfd17b4c5e,0,0,0,104,,,broken,"ssl: HTTPSConnectionPool(host='cloverdale-ca.schoolloop.com', port=443): Max retries exceeded with url: /",2026-06-22T13:14:59+00:00
ca61452a-d473-467a-aaa3-d5f464f7e262,200,1,1,337,Weebly,UKIAH SYMPHONY ORCHESTRA - HOME,good,,2026-06-22T13:14:59+00:00
866491ce-7e16-4eaa-9cf6-89ab1db2fc95,0,0,0,15130,,,broken,connection failed,2026-06-22T13:14:59+00:00
e26a9d4e-2ae6-4827-9a9f-603fcf09ef03,404,1,1,518,WordPress,Page not found - Redwood Credit Union,broken,,2026-06-22T13:14:59+00:00
94082679-ccff-4584-bfa2-2b832be6c8a1,200,1,1,380,Wix,Contact | Mariposa Institute,good,,2026-06-22T13:14:59+00:00
dd84a9f1-97bc-4299-b823-47b0f8a4a498,202,0,0,121,,,weak,,2026-06-22T13:15:00+00:00
44f834b3-1053-4e36-bc3b-19c69ebe5f26,200,1,1,446,,Ukiah Unified School District,good,,2026-06-22T13:15:00+00:00
f50af4c2-2b49-4d51-b5ea-0513db8b04c1,200,1,1,765,,Mendocino Unified School District,good,,2026-06-22T13:15:00+00:00
852fdd80-a0c7-49de-a934-2c1e47d4ef19,200,1,1,3152,,Find a Chase ATM or branch near you | Chase Bank,good,,2026-06-22T13:15:00+00:00
5338f415-e004-4192-b9d0-84af55c76449,404,1,1,502,,404: NotFound,broken,,2026-06-22T13:15:00+00:00
b07e14d3-151b-45a3-8fd4-b1812cd1b857,200,1,1,609,,Adventist Health,good,,2026-06-22T13:15:01+00:00
ebf5a03e-47cf-47e0-9c93-de123e190dff,0,0,0,2572,,,broken,connection failed,2026-06-22T13:15:01+00:00
acebf9ac-8e9e-491d-bdf0-72737e8a0f0f,403,1,0,429,,Access Denied,broken,,2026-06-22T13:15:02+00:00
c28aaa27-194e-49c2-b3ac-0e0b8cd95346,200,1,1,646,,Women’s Health - Ukiah Valley - Adventist Health,good,,2026-06-22T13:15:02+00:00
98c4543b-8fd0-4969-812f-bf7c11025c82,200,1,1,2412,WordPress,Home - Point Arena Schools,good,,2026-06-22T13:15:02+00:00
481c3a75-c62a-4c54-b5d7-55e830374fe1,200,1,1,698,WordPress,Home - 1000 Stories Wines,good,,2026-06-22T13:15:02+00:00
5db313e5-7aa9-4778-9ef5-9d0a31103013,503,1,0,3780,,,broken,,2026-06-22T13:15:03+00:00
7acd1602-ba41-4e10-ae7e-b50f3f57232f,503,1,0,3882,,,broken,,2026-06-22T13:15:03+00:00
0274fe1b-ec0e-4149-b14a-1e382b6dc000,200,1,1,786,WordPress,,good,,2026-06-22T13:15:03+00:00
b2127a77-afe0-4872-ba0f-dd9e98725ad2,200,1,1,347,Squarespace,Cloverdale Wine Walk,good,,2026-06-22T13:15:03+00:00
75757d97-d8c8-4fef-9986-ea94c4a5da02,0,0,0,15174,,,broken,connection failed,2026-06-22T13:15:03+00:00
f6832266-8d68-4578-8104-d7e3240879d9,200,1,1,633,Shopify,Effin Store,good,,2026-06-22T13:15:03+00:00
6e3e0b31-1517-41dc-bd76-f79ab8acd7bf,0,0,0,177,,,broken,"ssl: HTTPSConnectionPool(host='rockpileappellation.com', port=443): Max retries exceeded with url: /vitic",2026-06-22T13:15:04+00:00
88939ba9-fdd9-4e4d-bdc4-39266131f9cb,200,1,1,1184,Shopify,Ingrid Press,good,,2026-06-22T13:15:04+00:00
b8bbfd22-a7d1-4e85-bddb-2c7f1e933619,200,1,1,979,Squarespace,"OLIVER VISUAL FX | AI, CGI, and Visual Effects Artist | Dubai, UAE",good,,2026-06-22T13:15:04+00:00
0274f685-12ff-44cc-9820-16fbd7b8edfe,200,1,1,1340,,Genossenschaft Haus Oslo Ateliers,good,,2026-06-22T13:15:04+00:00
1f35a703-36ce-4a5f-8b5e-4d0ade85ddb1,403,1,0,410,,Access Denied,broken,,2026-06-22T13:15:05+00:00
aee088fb-d73a-45c9-b920-13ec43557bbb,403,0,1,630,,403 Forbidden,broken,,2026-06-22T13:15:05+00:00
eddbb469-aa8b-4aa7-a83f-3100bea150f5,200,1,1,591,WordPress,Round Valley Indian Tribes,good,,2026-06-22T13:15:05+00:00
b5fd07d4-b5ca-45bb-a546-be25b907d514,200,1,1,539,WordPress,"Home - City of Ukiah, CA",good,,2026-06-22T13:15:05+00:00
cdaa34bd-62c2-44dc-81f1-001272c20137,200,1,1,1531,,The Cycle Club Fitness Studio - CLOVERDALE CA | Vagaro,good,,2026-06-22T13:15:05+00:00
9e6fb390-2b4c-4a2e-8189-fd91c1b9c2d1,200,1,1,527,Squarespace,The Cathedral of Black and White Photography: Alinder Gallery &mdash; Feeling Creative?,good,,2026-06-22T13:15:05+00:00
b959b185-674f-43b4-9b04-4c513519b341,200,1,1,425,Squarespace,Pelican Bread,good,,2026-06-22T13:15:06+00:00
111ac0c5-3699-4230-97b4-0c8e530ce5eb,200,1,1,672,,Home | TC Space,good,,2026-06-22T13:15:06+00:00
80d46f1a-ef33-44b6-b0c1-a0262644a8c8,404,1,1,243,,404 - Not Found,broken,,2026-06-22T13:15:06+00:00
84f8a354-7e27-4e83-9522-717036843a29,200,1,1,3170,WordPress,Lake County WINEFEST,good,,2026-06-22T13:15:06+00:00
a9172dfc-77d6-42e3-84f7-257e521d64ad,200,1,1,1036,,,good,,2026-06-22T13:15:06+00:00
4663e705-779a-42ae-a43e-2616654a22a3,200,1,1,237,Wix,Finca Caselero | Contact | Lake County,good,,2026-06-22T13:15:06+00:00
e3da5655-73cb-4df8-8555-98fd6cb16831,200,1,1,585,,"Simply Radiant | Kelli Tompkins | Esthetician in Fort Bragg, CA",good,,2026-06-22T13:15:06+00:00
5ffd166c-c70a-4e45-82c0-eb14467d989a,200,1,0,1006,,Facebook,weak,,2026-06-22T13:15:07+00:00
56283a08-390b-4416-873a-6662660f974e,200,0,0,458,,Camp &amp; Sons ~ Mountain Retreat &amp; Organic Garden,weak,,2026-06-22T13:15:07+00:00
0867f39b-5f64-448e-b4ff-25d6daa4cf67,0,0,0,190,,,broken,"ssl: HTTPSConnectionPool(host='www.cluttsco.com', port=443): Max retries exceeded with url: / (Caused by ",2026-06-22T13:15:07+00:00
1ab09621-bf6d-4122-8b55-b163dc72b57f,403,0,1,222,,Just a moment...,broken,,2026-06-22T13:15:07+00:00
2ddb8bdc-7aa4-4012-afcb-64355e87e47e,410,1,1,1270,,"Redwood Plaza Car Wash, 162 Talmage Road, Ukiah, CA - Groupon",broken,,2026-06-22T13:15:08+00:00
cba3e76f-fa03-4cf4-a762-838c2078d584,200,1,1,524,Squarespace,Cider Creek Collective,good,,2026-06-22T13:15:08+00:00
fed76d74-3996-4c1b-ae19-4c078035c1b8,403,1,1,111,,Just a moment...,broken,,2026-06-22T13:15:08+00:00
64268506-d769-47b0-96c9-298989628332,200,1,1,275,GoDaddy,Donate | Annual Pledge Drive | International Association for the Study of Dreams,good,,2026-06-22T13:15:08+00:00
ac1bae20-ae1d-4379-8cd2-c639288e69cc,200,1,1,640,,,good,,2026-06-22T13:15:08+00:00
4c20b225-cbf0-4304-907d-df1faa916c1b,200,1,1,334,GoDaddy,soj51.org,good,,2026-06-22T13:15:09+00:00
b1c5f80f-e24a-4fe7-a4ba-8c4df980e8d8,403,1,1,913,,Just a moment...,broken,,2026-06-22T13:15:09+00:00
36541c58-b8c5-472f-b4b1-df39b895fa57,200,1,1,528,Wix,"Point Arena Community Chest | Community Center | 40 School Street, Point Arena, CA, USA",good,,2026-06-22T13:15:10+00:00
5120218e-27b3-45a8-9d19-1ed9bf7d4a2d,520,0,1,217,,winoscrewmccalifornia.com | 520: Web server is returning an unknown error,broken,,2026-06-22T13:15:10+00:00
ad6144d0-7c87-45b9-a7c3-06f90653ae99,200,1,1,1567,WordPress,Origins Council &#8211; Legacy Rising,good,,2026-06-22T13:15:10+00:00
12476b96-595c-4c11-88b8-f711d8a3441b,200,1,1,587,Wix,"Monks of Mt. Tabor | Catholic | 17001 Tomki Road, Redwood Valley, CA, USA",good,,2026-06-22T13:15:10+00:00
5f76c404-1ace-4c99-8fe0-ecf4887dc374,0,0,0,15159,,,broken,connection failed,2026-06-22T13:15:11+00:00
a4edbc60-2897-4968-8371-725ed7a5a853,200,1,1,1107,,Sweet Cove,good,,2026-06-22T13:15:11+00:00
8e5f4af4-94f9-45bf-83e7-d64cf736f8b5,200,1,1,447,GoDaddy,"Anastasia Wasko - Writer, Editor, &amp; Mental Health Advocate",good,,2026-06-22T13:15:12+00:00
4b0908c3-77c7-4570-b319-c96c7d11e7e4,0,0,0,12,,,broken,connection failed,2026-06-22T13:15:12+00:00
c930a57f-aebd-4e5b-9a90-260d6efd018b,0,0,0,10009,,,broken,connection failed,2026-06-22T13:15:12+00:00
303a42d0-10bb-42fd-b3d8-9ca198d0a3e7,0,0,0,58,,,broken,connection failed,2026-06-22T13:15:12+00:00
50614c4f-2271-4629-804e-19a7be7727c6,200,1,1,377,,The Mendo Cup 2026,good,,2026-06-22T13:15:12+00:00
2aac6d03-6473-4827-bff9-e5e66d2aef39,200,1,1,441,,"Beach Front Farm - Oceanfront Wedding Venue | Fort Bragg, CA",good,,2026-06-22T13:15:12+00:00
e30650dc-af82-4888-a82b-d1ebe46b073f,200,1,1,6562,WordPress,FlynnCreekCircus,weak,,2026-06-22T13:15:13+00:00
842c929e-6dfb-4eda-aa30-5797e66f599e,200,1,1,2212,,"Birth Control, STD Testing &amp; Abortion - Ukiah, CA",good,,2026-06-22T13:15:14+00:00
0979587c-62f5-433b-9268-331d1a11302e,0,0,0,15390,,,broken,connection failed,2026-06-22T13:15:14+00:00
7d28bdcb-81ed-4e85-bdab-9ee36adf5c35,200,1,1,566,Shopify,"Saffron Grown in California, USA &ndash; Peace and Plenty Farm",good,,2026-06-22T13:15:14+00:00
98ae3e3c-acb9-46d6-ad42-12d2d8023eb4,0,0,0,145,,,broken,connection failed,2026-06-22T13:15:14+00:00
2ba2c934-f6d3-4bd6-8834-11e5e882bd31,200,1,1,394,WordPress,Peachland Ranch,good,,2026-06-22T13:15:14+00:00
b152cb88-11ac-4a25-848d-b7878f75233f,200,1,1,302,,Living Low Key,good,,2026-06-22T13:15:14+00:00
4e7b51f8-5262-415c-ad01-9fcdd8f596a9,200,1,1,285,Squarespace,Gigi Azmy -,good,,2026-06-22T13:15:14+00:00
520d6827-c40c-41f0-a736-7fe9fdc54eab,0,0,0,75,,,broken,connection failed,2026-06-22T13:15:14+00:00
8cf5804d-c614-4e0f-94a1-50a51e4fb687,200,1,1,639,,Lake County Farmers' Finest,good,,2026-06-22T13:15:15+00:00
c5c638cd-81e0-4f62-929b-2c8006ba2d52,200,0,1,189,,Welcome to the Cloverdale Kiwanis Vineyard Races!,weak,,2026-06-22T13:15:15+00:00
988067e3-e191-4069-a47a-ec1f94aa80d4,200,1,1,607,WordPress,Silverspot Ceramics - MudHut Ceramics,good,,2026-06-22T13:15:15+00:00
326e2c66-b1f4-4894-83e3-9ee3aa7716a5,403,1,1,138,,Just a moment...,broken,,2026-06-22T13:15:15+00:00
9acb1c06-5065-447b-850b-cb520a8c0feb,0,0,0,82,,,broken,connection failed,2026-06-22T13:15:15+00:00
5d67661f-99c0-4c48-b06d-4859b383c0fb,200,1,1,15308,,Home - Round Valley,weak,,2026-06-22T13:15:15+00:00
880ac68e-6a38-4f68-8aef-1ccc6ffcb233,404,1,1,318,Wix,,broken,,2026-06-22T13:15:15+00:00
79552908-277e-4a8b-bc8b-37619b8bfeda,429,1,1,551,,Bot or Not?,broken,,2026-06-22T13:15:16+00:00
ce77312b-d091-483e-a638-2b5758afa6d1,0,0,0,4268,,,broken,connection failed,2026-06-22T13:15:17+00:00
90b41cc7-7b65-4311-ac65-69e8b11e2e3c,0,0,0,15,,,broken,connection failed,2026-06-22T13:15:17+00:00
96a239c9-ed78-448b-925f-b0885bd512d7,200,1,1,203,Squarespace,"The MendoZendo: A Sanctuary for Art, Pollinators, and Presence",good,,2026-06-22T13:15:17+00:00
745cd68c-2fc1-4554-acaa-0974b4bce46c,200,1,1,1774,Shopify,Rooms - Little River Inn,good,,2026-06-22T13:15:18+00:00
19cfe43d-d4c4-4455-9ed5-a109dc8a392c,404,1,1,163,,"Custom404 • Lake County, CA • CivicEngage",broken,,2026-06-22T13:15:18+00:00
c328e640-c1d0-4447-a5cf-aaafb1280561,200,0,0,336,,Russian River Wineries &amp; Wine Guide,weak,,2026-06-22T13:15:18+00:00
d47b1227-103b-48e9-aaa8-fe7fe7e64a91,200,1,1,980,WordPress,HRC LLC,good,,2026-06-22T13:15:19+00:00
afd82f7f-9ab2-4b6f-8fb4-5610a87545ab,200,1,1,611,WordPress,Visit Fort Bragg On The Coast In Mendocino County,good,,2026-06-22T13:15:20+00:00
5afacd56-3181-4913-ba59-4d675d656a4b,0,0,0,15141,,,broken,connection failed,2026-06-22T13:15:20+00:00
e443d8e9-f35c-43c5-ae00-17a85f378905,0,0,0,112,,,broken,connection failed,2026-06-22T13:15:20+00:00
d3727700-46a7-4d8c-ab07-f8fd00f53980,200,1,1,5564,Wix,Soul Vegan Party || Festival & Jajanan UMKM Vegan Terbesar,weak,,2026-06-22T13:15:20+00:00
d42a7ea3-a9b1-440f-8949-eb6674331503,200,1,1,421,Squarespace,"Grapplers Retreat 2026-2027: BJJ and Grappling Training Camps on northern California&#39;s epic Mendocino coast: Private rooms, gourmet meals, world-class instruction, epic location!",good,,2026-06-22T13:15:20+00:00
3c42320a-ee63-41ee-a71b-78b9b81349f0,0,0,0,10018,,,broken,connection failed,2026-06-22T13:15:20+00:00
b0527941-a11f-47bc-873c-ab2e09ddba2b,200,1,1,155,,Redwood National and State Parks (U.S. National Park Service),good,,2026-06-22T13:15:21+00:00
39dca03a-809b-43cd-aa16-eba4a4beb19a,200,1,1,532,Shopify,Drum Set &ndash; dialtune,good,,2026-06-22T13:15:21+00:00
61fa5cc3-3169-48b3-88f3-ba21e756419a,200,1,1,609,Wix,"Golden Cup Homestead | retreat center | Mendocino County, CA, United States",good,,2026-06-22T13:15:21+00:00
ef94e864-b42e-4818-b316-7dbeeb261cbb,0,0,0,15177,,,broken,connection failed,2026-06-22T13:15:21+00:00
9185b180-9a71-44e5-a986-cf6939d521ce,200,1,1,500,Shopify,"Cucina Mercato Fine Italian Imports, Wine, and Goods",good,,2026-06-22T13:15:21+00:00
afd7a6d1-c3f9-4aa3-94a4-4468aa0e2d2f,0,0,0,126,,,broken,"ssl: HTTPSConnectionPool(host='manchestergrange676.org', port=443): Max retries exceeded with url: / (Cau",2026-06-22T13:15:21+00:00
c2d9ac76-3e01-41f8-a7d1-2d1d0922c660,200,1,1,6633,WordPress,Ukiah Wrestling &#8211; Supporting wrestling throughout Ukiah and Redwood Valley,weak,,2026-06-22T13:15:21+00:00
21469b83-a9c3-41d0-afc5-77f539cb1033,404,1,0,224,,,broken,,2026-06-22T13:15:21+00:00
9367872b-9e1c-4877-ab79-def75203c5ae,200,1,1,9982,WordPress,La Vida Charter School,weak,,2026-06-22T13:15:22+00:00
e38c7122-cced-450c-8a1a-4e4a8f4e0f9a,403,0,0,136,,Service unavailable,broken,,2026-06-22T13:15:22+00:00
d0df5ffd-5189-4a3b-9a22-d5674a99cbc1,200,1,1,661,Weebly,Home | Harrison's Pub @ Redwoods River Resort,good,,2026-06-22T13:15:22+00:00
e35c4a5f-cec9-4a2e-8fd4-e40b1d7b0601,200,1,1,449,,"Lucky Penny Laytonville - Hipcamp in Laytonville, California",good,,2026-06-22T13:15:22+00:00
d20bdffe-9a9b-4567-bda0-30f1449681ec,403,1,1,258,,Just a moment...,broken,,2026-06-22T13:15:22+00:00
d37f1143-429b-4252-b18c-282f770ca8e8,404,1,1,3053,,Page not found | Kaiser Permanente,broken,,2026-06-22T13:15:23+00:00
4a58ba40-6402-4ba5-8324-ece01a12f1a0,200,1,1,1627,WordPress,Best Generative AI Bootcamp for Professionals (2026),good,,2026-06-22T13:15:23+00:00
6920b261-729c-4bd6-85a8-e0e63179399a,200,0,1,2190,WordPress,Flying Dog Maintenance,weak,,2026-06-22T13:15:23+00:00
11e26060-c8f7-4aca-a7e8-99c457bf8853,200,1,1,192,Shopify,"Tennis Bags, Pickleball Bags, Accessories, &amp; Gifts | Doubletake &ndash; DoubleTake",good,,2026-06-22T13:15:24+00:00
cc1f8439-c258-46ca-a1ac-e371b7a34e98,0,0,0,153,,,broken,connection failed,2026-06-22T13:15:24+00:00
d5e61b3f-dcc5-419d-9c58-80f709e999d3,200,1,1,449,,The Rental Place - Party Rentals &amp; Equipment Rentals in Fort Bragg CA serving Mendocino County and the North Coast,good,,2026-06-22T13:15:24+00:00
be7dd6e9-0209-4e3a-9425-e4dbd22039d2,0,0,0,232,,,broken,connection failed,2026-06-22T13:15:24+00:00
0fcdaa7c-04cf-4646-81b1-8a57711c2e10,404,1,1,290,,Page Not Found — 101 Things To Do — 101 Things To Do,broken,,2026-06-22T13:15:24+00:00
1fb59cec-72ba-4445-a6b9-adcad1cf87f2,200,1,1,1393,Webflow,"All-In-One Salon, Spa &amp; Medspa Software | GlossGenius",good,,2026-06-22T13:15:24+00:00
6cb75952-b460-4a8d-b799-1416e8b96881,200,1,1,363,Shopify,Leopold Art and Apparel &ndash; Leopold Collective,good,,2026-06-22T13:15:24+00:00
855cd40e-f058-49a3-8c10-13219bf4f88e,403,0,1,80,,Attention Required! | Cloudflare,broken,,2026-06-22T13:15:24+00:00
612a6e2b-b056-42ad-9fef-e694d2753ea5,200,1,1,87,Shopify,Soulmaker Press,good,,2026-06-22T13:15:24+00:00
ac33c59b-c11d-46e3-8d5b-d511dac91fa8,403,1,1,175,,Access to this page has been denied,broken,,2026-06-22T13:15:25+00:00
cf84153a-cd7e-4b97-86c5-020520fee34c,200,1,1,215,,U.S. Route 101 in California - Wikipedia,good,,2026-06-22T13:15:25+00:00
39d89961-6698-4f4a-9b6c-88298fbf8b77,0,0,0,127,,,broken,connection failed,2026-06-22T13:15:25+00:00
fb03996c-f03f-4eb3-b540-8e9e1741826d,200,0,0,194,,,weak,,2026-06-22T13:15:25+00:00
eccdbeb2-06c6-4a08-ae14-124921fdca1d,200,1,1,1092,,"Dead on the Creek 20th Anniversary Tickets, Thursday, June 11-Sunday, June 14 • 1 PM-10 PM | Eventbrite",good,,2026-06-22T13:15:25+00:00
f5d21c13-8186-4b2f-b8eb-eef27d231a86,200,1,1,698,Shopify,"Vintage clothing, accessories, decor, handmade, local artisans, shop. &ndash; Dogwood + Crow",good,,2026-06-22T13:15:25+00:00
8f45d607-147a-4979-89b8-23400a5b013e,200,1,0,703,,Mitchell Family Trading Post | eBay Stores,weak,,2026-06-22T13:15:25+00:00
d5c86d15-f3c2-4d2f-a25f-010ff3f8bab5,200,1,1,528,,Ukiah VA Clinic | VA San Francisco Health Care | Veterans Affairs,good,,2026-06-22T13:15:26+00:00
ce3ea7f6-815f-4b4a-bc3f-0c1d873c69ff,0,0,0,30060,,,broken,connection failed,2026-06-22T13:15:26+00:00
99f7e487-b9e3-4bcf-bd9d-7e7739b77787,200,1,1,288,WordPress,HOME - Chacewater Winery &amp; Olive Mill,good,,2026-06-22T13:15:26+00:00
21a48acd-c943-4f6a-9284-cc519786c2a7,0,0,0,116,,,broken,connection failed,2026-06-22T13:15:26+00:00
8a5ecc67-cd9e-495f-9d52-d24c0aa81d79,200,0,0,190,,,weak,,2026-06-22T13:15:26+00:00
27c06733-3452-4eb0-8396-53d028f244a5,200,0,0,402,,Tejada Vines,weak,,2026-06-22T13:15:27+00:00
a91e037c-181c-4abc-9c12-403e8d9431d8,200,1,1,980,,Home - Meyer Family Cellars,good,,2026-06-22T13:15:27+00:00
492c4ed9-cae5-4878-bfe0-515a60f102a0,200,1,1,2927,,Mendonoma Health Alliance - Enhanced Care Management (ECM JI) | Kaiser Permanente,good,,2026-06-22T13:15:28+00:00
d4ed40a2-2aa2-43ed-9074-5a39968d808e,0,0,0,75,,,broken,connection failed,2026-06-22T13:15:28+00:00
5d5d33b2-22dc-4b9f-80ac-8a22c5ab8123,200,1,1,855,WordPress,Home - Woodhawk Vineyards,good,,2026-06-22T13:15:28+00:00
49209fd1-f65e-4962-9f12-c07855f4ec2b,200,1,1,420,Squarespace,FLOW STUDIO,good,,2026-06-22T13:15:28+00:00
a883b9ac-215f-4647-a411-24277c6e70a1,200,1,1,3070,,"Sonoma County Indian Health Project, Inc - Point Arena (Tribal FQHC) | Kaiser Permanente",good,,2026-06-22T13:15:29+00:00
cc8a4349-3957-4233-a38f-13e25fa1a8e9,200,1,1,780,,West Shore Little League Baseball > Home,good,,2026-06-22T13:15:29+00:00
9d047d2b-b929-4eba-86fb-514ec87de05d,200,1,1,1503,,The Zen Den at Studio 5 Yoga - Cloverdale CA | Vagaro,good,,2026-06-22T13:15:30+00:00
6e7e900a-54dd-4c8d-9910-a5d159e37dff,0,0,0,15138,,,broken,connection failed,2026-06-22T13:15:30+00:00
8ec343cb-4a6e-4a53-a600-d01ed7e46109,0,0,0,30055,,,broken,connection failed,2026-06-22T13:15:30+00:00
dbce1742-65ee-49e4-8007-bea33d4f1a4d,0,0,0,10016,,,broken,connection failed,2026-06-22T13:15:32+00:00
96aaae4f-e520-4137-9114-7ab8d810505d,0,0,0,15369,,,broken,timeout,2026-06-22T13:15:32+00:00
46ebc2dd-1908-411c-9da8-acb2f343e8e2,0,0,0,15032,,,broken,connection failed,2026-06-22T13:15:35+00:00
d6908304-b04b-43d4-b778-b0955361c100,422,1,0,8944,,,broken,,2026-06-22T13:15:36+00:00
80c34a8a-2342-48ea-aed4-5f52914ad4d2,0,0,0,15074,,,broken,connection failed,2026-06-22T13:15:37+00:00
93604cc4-299e-494b-a228-1fbe45c2bd5d,0,0,0,15076,,,broken,connection failed,2026-06-22T13:15:37+00:00
7a9fd984-24e8-4e56-9c27-9bef03813140,200,1,0,17760347,,,weak,,2026-06-22T18:07:31+00:00
