id,http_status,https,mobile,load_ms,builder_live,title,audit_grade,error,checked_at
8ac5f98b-c166-4140-8a78-0bc04296dbb4,404,1,0,189,,Error 404 (Not Found)!!1,broken,,2026-06-22T12:56:51+00:00
28a7771c-6302-4eb3-b76e-a1b978f917d1,404,0,0,202,,Error 404 (Not Found)!!1,broken,,2026-06-22T12:56:51+00:00
8b7c1dd3-d237-44c6-8ff4-fa3e58bc8d19,404,1,0,199,,Error 404 (Not Found)!!1,broken,,2026-06-22T12:56:51+00:00
33bd6c6f-a2a3-4ef9-8bf6-da7e23642542,404,1,0,219,,404 - Page Not Found,broken,,2026-06-22T12:56:51+00:00
ca8ba913-ed8b-429c-8949-d7c9803fe44c,404,1,1,239,,404 Not Found,broken,,2026-06-22T12:56:51+00:00
8610f94b-727d-4bda-9c00-08e89e27ed1b,404,1,0,244,,Error 404 (Not Found)!!1,broken,,2026-06-22T12:56:51+00:00
a07dc203-f63f-4422-9fa6-130b1a40a842,404,1,0,241,,Error 404 (Not Found)!!1,broken,,2026-06-22T12:56:51+00:00
c8fe104a-a795-4538-a206-cfcf79a2f1e9,404,1,1,246,Wix,404 Error: Page Not Found | Wix.com,broken,,2026-06-22T12:56:51+00:00
5b2aa7aa-f7e1-467e-ba07-4758aa8b4595,404,1,1,330,Wix,404 Error: Page Not Found | Wix.com,broken,,2026-06-22T12:56:51+00:00
039f99a9-73a7-450d-9a20-b21023733993,200,1,1,376,Weebly,,good,,2026-06-22T12:56:51+00:00
8a79e7a5-6343-4343-b8fe-6e90bc5e8a7d,404,0,1,218,Wix,404 Error: Page Not Found | Wix.com,broken,,2026-06-22T12:56:51+00:00
39d4508b-1549-40c9-9205-b8e1d3e22978,404,1,0,275,,404 - Page Not Found,broken,,2026-06-22T12:56:51+00:00
64168c4f-71a4-4da5-be90-bd4d3a892b27,200,1,1,536,Weebly,,good,,2026-06-22T12:56:51+00:00
d3e65567-a483-4a15-9040-52e972f01800,200,1,1,213,Weebly,,good,,2026-06-22T12:56:51+00:00
7245987e-e8db-495d-9021-1932f5a5d0ea,200,1,1,375,GoDaddy,LocalQ 707 at the LAB,good,,2026-06-22T12:56:51+00:00
dbe75fcb-b133-49e5-9a0e-e83acfe746ca,429,0,1,42,Weebly,Just a moment...,broken,,2026-06-22T12:56:51+00:00
30cabae2-a4a2-47db-8970-21fddb45efdc,200,1,1,377,Weebly,"RIVERTOWN CHIROPRACTIC (DR.WENDY STAPLES HICKS, DC, QME) - Dr. Wendy Staples Hicks, D.C.",good,,2026-06-22T12:56:51+00:00
042ba4d2-d5df-4931-9f47-5b0092f8ca77,404,1,0,223,,Error 404 (Not Found)!!1,broken,,2026-06-22T12:56:51+00:00
b1e54eeb-fbe4-4a77-bfe4-19ef4dbc6d9c,200,1,1,445,,Square Booking Flow,good,,2026-06-22T12:56:51+00:00
0c2600b2-4359-4559-abe2-84ad385fccd5,410,1,1,66,WordPress,,broken,,2026-06-22T12:56:51+00:00
ce141255-dc1a-4a52-88d6-2864988b245b,200,1,1,676,Weebly,Best Lash & Brow Services | Lash St.Helena,good,,2026-06-22T12:56:51+00:00
226abb2f-b982-4266-bd8e-83eda0e675f3,200,1,1,267,Weebly,"Home | Heal Thyself, Inc",good,,2026-06-22T12:56:52+00:00
d7e813b6-2f14-4460-8d08-648baa40125d,404,1,1,217,Wix,,broken,,2026-06-22T12:56:52+00:00
5bdf6e2e-1f43-457e-8331-dbcbf1e7a106,0,0,0,150,,,broken,"ssl: HTTPSConnectionPool(host='www.sonomanails.wix.com', port=443): Max retries exceeded with url: /sonom",2026-06-22T12:56:52+00:00
2141d6f6-28c7-448b-8520-1b334e68d7e9,200,1,1,228,GoDaddy,SoCo Aesthetics: Premier Medical Spa for Skin Rejuvenation,good,,2026-06-22T12:56:52+00:00
e907492d-78a8-4fb4-a8a5-3e466c09738f,200,1,1,588,Weebly,,good,,2026-06-22T12:56:52+00:00
a1fe175f-c67e-44e3-a98f-74116e1af772,404,1,0,170,,Error 404 (Not Found)!!1,broken,,2026-06-22T12:56:52+00:00
8614c27e-a7a1-4bdb-baa5-1e8b2b05d6aa,404,1,0,228,,Error 404 (Not Found)!!1,broken,,2026-06-22T12:56:52+00:00
27ed00fe-0704-442f-b3d9-b39fbc11a61d,404,1,1,311,Shopify,Store unavailable,broken,,2026-06-22T12:56:52+00:00
16b75619-4937-412a-af3a-322271754a17,200,1,1,174,Wix,Reconnect Your Domain | Wix.com,good,,2026-06-22T12:56:52+00:00
9a2f336e-8ec7-464f-97f4-57eaf2dadf4f,404,1,1,197,Wix,404 Error: Page Not Found | Wix.com,broken,,2026-06-22T12:56:52+00:00
fed14e11-0f64-4a07-8e20-97c218a06972,200,1,1,579,Weebly,,good,,2026-06-22T12:56:52+00:00
b955f4e4-c69c-41d2-bde7-5920ba7e4b1a,200,1,1,925,Wix,Home | acomfyplacelikehome,good,,2026-06-22T12:56:52+00:00
9be63342-88cc-453b-8f5a-c90b5891a783,200,1,1,314,Weebly,Pantalla de pedidos personalizados | El huerto,good,,2026-06-22T12:56:52+00:00
e5df739f-9cd3-4764-8dbd-15d7bbda7dd0,404,1,0,198,,Error 404 (Not Found)!!1,broken,,2026-06-22T12:56:52+00:00
a0139579-d509-47f0-96a3-366a61473532,404,1,0,166,,Error 404 (Not Found)!!1,broken,,2026-06-22T12:56:52+00:00
2fad95af-1ca2-46aa-a3be-a140c7901c09,200,1,1,30,WordPress,Napa Spine Nerve Center &#8211; Chiropractic Peripheral Neuropathy Care,good,,2026-06-22T12:56:52+00:00
856dfce0-a8dc-4f4e-8d83-73ec3f488c35,200,1,1,456,,Square: Sign in to Your Dashboard & Manage your Business,good,,2026-06-22T12:56:52+00:00
2d48852a-db58-4924-b6d9-24a9130488ab,200,1,1,522,Weebly,,good,,2026-06-22T12:56:52+00:00
512492b2-13e1-4aa9-94ff-d811368ef560,404,1,0,185,,Error 404 (Not Found)!!1,broken,,2026-06-22T12:56:52+00:00
2e74e42b-43a8-4e1a-9640-55c1decf92c7,404,1,0,170,,Error 404 (Not Found)!!1,broken,,2026-06-22T12:56:52+00:00
5b1ff9bc-f79b-438a-bf7d-bd3f0efdb113,200,1,1,251,Wix,"What a Chicken | The best Grilled Chicken of Sonoma | 706 East Washington Street, Petaluma, CA, USA",good,,2026-06-22T12:56:52+00:00
9ab64aa7-d840-4fa8-85f4-50ea51e26b4a,200,1,1,614,Weebly,Home | Aesthetics by Monica,good,,2026-06-22T12:56:52+00:00
2af9b8a4-4d6d-412f-a2c2-5ba752d2af9e,200,1,1,688,Wix,Home | Napa Treehouse Preschool &amp; Daycare,good,,2026-06-22T12:56:52+00:00
6f25c974-2843-4fa7-aa5c-c58c98292a6b,200,1,1,603,Weebly,Home | 991 Tattoo and Piercing Parlor,good,,2026-06-22T12:56:52+00:00
0c136c8d-e39f-458d-a226-d70ad4ad85da,404,0,0,150,,Error 404 (Not Found)!!1,broken,,2026-06-22T12:56:52+00:00
8a8c3dcd-7a2c-4182-8add-6d874217a8c5,200,1,1,37,WordPress,"Petaluma Tire Source &#8211; Your Petaluma Tire Professionals, Always Prompt, Courteous Service",good,,2026-06-22T12:56:52+00:00
30a35afe-78ca-4937-a3a2-14b9475eb843,200,1,1,1359,Weebly,,good,,2026-06-22T12:56:52+00:00
c8c02d57-d0c1-4feb-b578-757a657b3b4e,404,1,0,176,,Error 404 (Not Found)!!1,broken,,2026-06-22T12:56:52+00:00
4d4098fd-9a38-4618-a907-06793376561b,200,1,1,173,Wix,HOME | Mysite,good,,2026-06-22T12:56:52+00:00
71d2b150-beaa-4fd6-90f0-46a001ee6c91,200,1,1,440,Weebly,OUR SITE HAS MOVED,good,,2026-06-22T12:56:52+00:00
f226df30-1c2d-4469-a019-3de28a10fa23,200,1,1,242,Wix,Home | website,good,,2026-06-22T12:56:52+00:00
b33e287f-355f-4a4e-8ef2-053d45f98f30,0,0,0,86,,,broken,"ssl: HTTPSConnectionPool(host='www.asian-fusion-cuisine.business.site', port=443): Max retries exceeded w",2026-06-22T12:56:53+00:00
ea53aefa-9c74-48f6-b69c-f2e180e23581,404,1,1,198,Shopify,Store unavailable,broken,,2026-06-22T12:56:53+00:00
64843f6a-317d-4e2b-910a-2accf6400772,404,1,1,210,Wix,,broken,,2026-06-22T12:56:53+00:00
6a65d476-30aa-4708-9071-6cbec9a78297,410,1,1,55,WordPress,,broken,,2026-06-22T12:56:53+00:00
0dded228-51ca-4c47-a95f-2733624e5096,200,1,1,283,GoDaddy,Gradney&#x27;s Custom Upholstery,good,,2026-06-22T12:56:53+00:00
ff8281f8-c1aa-4037-9ae4-014e6f098eb6,404,1,0,180,,Error 404 (Not Found)!!1,broken,,2026-06-22T12:56:53+00:00
2111b05c-302f-4909-9bc0-fbf79598e2e0,404,1,0,196,,Error 404 (Not Found)!!1,broken,,2026-06-22T12:56:53+00:00
5979bfdc-9107-4d29-b2dd-eba89f35b9da,200,1,0,549,Weebly,Lori's Shear Style - Home,weak,,2026-06-22T12:56:53+00:00
18224926-3712-47b7-ad23-c7fc0a87dffd,404,1,0,163,,Error 404 (Not Found)!!1,broken,,2026-06-22T12:56:53+00:00
dd993080-d57a-43e3-9dc9-a8e1923d00be,200,1,1,341,Weebly,,good,,2026-06-22T12:56:53+00:00
cce6c88b-0812-4085-ab0b-e2b18f061bf6,200,1,1,938,Wix,Home | thelittleyogiroom,good,,2026-06-22T12:56:53+00:00
06705d74-214b-47f2-825f-2d099618365c,404,1,0,179,,Error 404 (Not Found)!!1,broken,,2026-06-22T12:56:53+00:00
d166d12d-6f36-423f-8812-b3a48e734158,200,1,1,1408,Wix,Home | Green Olive Housekeeping &amp; Janitorial Services,good,,2026-06-22T12:56:53+00:00
469800d2-4c8d-4697-97d4-e3de2bd5aaf0,404,0,0,151,,Error 404 (Not Found)!!1,broken,,2026-06-22T12:56:53+00:00
e1772b2b-ceff-4e3f-951b-763a58676739,404,1,0,175,,Error 404 (Not Found)!!1,broken,,2026-06-22T12:56:53+00:00
fd1828e6-b906-4610-acf8-c0414affec21,404,1,0,162,,Error 404 (Not Found)!!1,broken,,2026-06-22T12:56:53+00:00
83264677-9766-45fb-835d-d5f79c2ec721,404,1,0,178,,Error 404 (Not Found)!!1,broken,,2026-06-22T12:56:53+00:00
49f69f50-66bf-488a-941f-57d6a3595da1,200,0,0,114,Weebly,3D 4D Ultrasound&nbsp;in Napa County!&nbsp;Tiny Miracles&nbsp;Prenatal Imaging - 3D 4D Tiny Miracles Prenatal Ultrasound Imaging - Napa County,weak,,2026-06-22T12:56:53+00:00
9cd34fc9-3402-4dd3-a525-770c4452b6eb,200,1,0,41,WordPress,murrayrockowitz | Just another WordPress.com site,weak,,2026-06-22T12:56:53+00:00
6e83829f-4f98-421b-a807-43d52eb52804,200,0,1,184,,Bloom Creative Hair Design and Art Gallery,weak,,2026-06-22T12:56:53+00:00
9c698acd-e2a4-4d65-8ad6-2c52c8e6bccd,200,1,1,143,,Home | Cycle Chvrch Cycles,good,,2026-06-22T12:56:53+00:00
fc180968-4862-45a2-871a-06c0b7d0ba2d,404,1,0,164,,Error 404 (Not Found)!!1,broken,,2026-06-22T12:56:53+00:00
ffaa712e-d3fe-4ec5-bf9f-b3f0cc425066,200,1,1,648,Weebly,"Affordable Nail Salon in Napa: Expert Manicures, Pedicures, Men's Nail | NAILS BY THERESA in NAPA, CA",good,,2026-06-22T12:56:53+00:00
e55b2e33-a4ac-4adf-9c16-74328867a87f,404,1,0,176,,Error 404 (Not Found)!!1,broken,,2026-06-22T12:56:53+00:00
6f1cb0f7-9e60-4dcf-a566-45cc3896e6eb,200,0,0,525,Weebly,THE FISH GEEK (TM) THE PREMIER AQUARIUM AND POND SERVICES CO. - Home,weak,,2026-06-22T12:56:53+00:00
6c51dc62-34c0-4cad-86de-f49510b0dc78,200,1,1,163,Wix,Home | Cafe San Marco,good,,2026-06-22T12:56:53+00:00
a263b471-e86a-4562-834c-7591444df347,404,1,0,185,,Error 404 (Not Found)!!1,broken,,2026-06-22T12:56:53+00:00
2ec6f9c0-2717-4dd2-b111-a64033c3a548,404,1,0,178,,Error 404 (Not Found)!!1,broken,,2026-06-22T12:56:53+00:00
d5c5ce2a-1167-4f6a-b39f-def65f36818a,404,1,0,194,,Error 404 (Not Found)!!1,broken,,2026-06-22T12:56:53+00:00
6c953698-1364-4494-b8cb-46bfbf7c6b36,200,1,0,248,Weebly,FLAMENCO! LIVE! - Shows,weak,,2026-06-22T12:56:53+00:00
3b916a37-e339-4e88-b74c-60fadad17e0e,200,1,1,235,WordPress,CJ Fix + Co,good,,2026-06-22T12:56:53+00:00
1be4b0b8-24f1-447c-806c-fa6cb09a4e9d,202,0,0,250,,,weak,,2026-06-22T12:56:53+00:00
9f820efe-5a54-48da-ab1b-87487922a69f,0,0,0,146,,,broken,connection failed,2026-06-22T12:56:53+00:00
ea421be2-033d-4b0d-9e61-c8a3f239a064,404,1,1,346,Shopify,Store unavailable,broken,,2026-06-22T12:56:53+00:00
9e7445fd-34df-4f30-9398-f0fe9062e1ba,200,1,1,351,GoDaddy,Kennedytravelassociates,good,,2026-06-22T12:56:53+00:00
2879209b-8372-4750-b1e5-90ffa02cea8b,200,1,0,423,Weebly,Torrez Tile Company - Home,weak,,2026-06-22T12:56:53+00:00
a8394b25-01a1-4ad0-b53c-357dd0f34998,404,0,0,290,,,broken,,2026-06-22T12:56:53+00:00
989a6ed8-74b7-4fe0-9b7d-7948dee315bd,200,1,1,538,Weebly,Order Online | Sweet Straw,good,,2026-06-22T12:56:53+00:00
8fcec65c-ea4c-42c6-afd3-5e75cdee8de2,200,1,1,456,Wix,"Aho &amp; Associates Financial Forensics | forensic accountant | 780 West Napa Street, Sonoma, CA, USA",good,,2026-06-22T12:56:53+00:00
5745cb78-5cbb-455c-b483-223949667e6d,0,0,0,108,,,broken,connection failed,2026-06-22T12:56:53+00:00
f7d2376c-89af-4877-acbe-4172c008c675,200,1,1,75,,"Auro | New American Restaurant in Calistoga, CA",good,,2026-06-22T12:56:53+00:00
f0df2851-902d-445d-972b-73da7ed5ca32,200,1,1,245,Squarespace,Sonoma Valley Acupuncture &amp; Herb Center,good,,2026-06-22T12:56:53+00:00
4d23fa3c-bff4-4673-888a-01c2a84aca52,200,1,1,740,Weebly,Home | Napa Valley Cricket Club,good,,2026-06-22T12:56:54+00:00
8328a58e-53d1-4dd4-8f82-c71ca8bb7ac3,200,1,1,351,Wix,Home | Health Through Acupuncture | Elke Gmirr,good,,2026-06-22T12:56:54+00:00
2ce9d5d6-8045-42be-a92b-8b9ae3269bbf,200,1,1,30,,"Napa Valley Restaurant & Bar In Calistoga, CA | TRUSS",good,,2026-06-22T12:56:54+00:00
4eeb006a-087a-48f0-ad5b-66d23c9b01c8,404,1,1,477,Wix,,broken,,2026-06-22T12:56:54+00:00
59a986a9-1c44-49e8-92fa-dad96fec2663,200,1,1,795,Weebly,"David Austin Roses & Garden Decor | Petaluma Nursery - DEW Gardens | E D Wilson Roses, Oddities & Amazing Things at DEW Gardens",good,,2026-06-22T12:56:54+00:00
5295e8fb-bd6a-4b82-8033-19804ccc8893,200,1,1,513,GoDaddy,The Small Biz Chic &amp; Co.,good,,2026-06-22T12:56:54+00:00
df83e138-7070-457e-90ca-7c57ef956a0a,200,1,1,411,Drupal,Addendum | Thomas Keller Restaurant Group,good,,2026-06-22T12:56:54+00:00
7a47cfb7-4f16-43b1-b54b-189aa9407650,200,1,0,335,,"Home - Cafe Bellini - Petaluma, California",weak,,2026-06-22T12:56:54+00:00
9bf7245e-f7ad-449f-bce9-e043318ebb3a,200,0,1,331,Shopify,Compline Restaurant | Napaâs Premier Dining & Wine Experience,weak,,2026-06-22T12:56:54+00:00
e07f6775-0c70-4e38-9e99-5ac6983eefee,0,0,0,104,,,broken,connection failed,2026-06-22T12:56:54+00:00
431e3afc-e4bb-469a-a0f8-a2bf8b524c16,200,0,0,127,,,weak,,2026-06-22T12:56:54+00:00
4b40647f-93dc-4764-9e6c-559857714e8c,200,1,1,189,Squarespace,.,good,,2026-06-22T12:56:54+00:00
887313aa-ebfb-410c-a9c5-3da54fa80f91,200,1,1,85,,"Wit and Wisdom | American Restaurant in Sonoma, CA",good,,2026-06-22T12:56:54+00:00
a98d642c-b91c-49b1-81c0-3aeac05bc6ed,200,1,1,408,Squarespace,Kitchen Door Napa Restuarant,good,,2026-06-22T12:56:54+00:00
ed88f633-113f-4c76-951d-acf8af089eb4,200,1,1,586,Wix,Home | Two60 Kitchen + Bar,good,,2026-06-22T12:56:54+00:00
09e373cb-5264-4c85-a1b9-8ea0c97388fc,406,1,0,138,,,broken,,2026-06-22T12:56:54+00:00
1f667704-ce42-430f-a42b-a101532640b9,0,0,0,85,,,broken,connection failed,2026-06-22T12:56:54+00:00
71ae4248-37c9-4545-a9a1-45d93c34b04a,200,1,1,479,WordPress,Home - Caractere - Antiques &amp; Things,good,,2026-06-22T12:56:54+00:00
00eb9f1e-da6b-4d46-80b9-c6c10ef40e4b,200,1,1,973,WordPress,1Win Online Casino &amp; Sportsbook | Official Site in Indonesia,good,,2026-06-22T12:56:54+00:00
c9d7fbb2-a073-4f75-9198-d136ba7a78b3,200,1,1,262,Wix,"Home | Petaluma Vintage Market | Monthly Outdoor Market | Petaluma, CA, USA",good,,2026-06-22T12:56:54+00:00
4a10f094-0791-4037-85f5-59956612da4c,409,0,1,151,,DNS resolution error | www.roamantiques.com | Cloudflare,broken,,2026-06-22T12:56:54+00:00
0ec04560-b92e-44f9-a1a1-f9fcae87c6b0,200,1,1,985,,"Sax&apos;s Joint - Petaluma, CA",good,,2026-06-22T12:56:55+00:00
d2d0d140-b75e-4f05-8f17-84ec111a6fe5,200,1,1,734,,"the girl & the fig | French Restaurant in Sonoma, CA",good,,2026-06-22T12:56:55+00:00
f5105385-b06b-4e49-ae08-cda9ad2e59a3,0,0,0,116,,,broken,connection failed,2026-06-22T12:56:55+00:00
8949cbbc-b991-46d2-86f2-00ba92323090,0,0,0,109,,,broken,connection failed,2026-06-22T12:56:55+00:00
7741f9ad-98e1-4d1c-800f-923038da56d3,200,1,1,42,WordPress,Ned Forrest Architects - Leslie Whitelaw Interior Design,good,,2026-06-22T12:56:55+00:00
8c43e958-f6a5-45ea-b052-e9efddfafcb5,200,1,1,196,Squarespace,Backen &amp; Backen Architecture,good,,2026-06-22T12:56:55+00:00
dc0d3b03-c196-4272-ae32-f58f5ec0da7f,0,0,0,280,,,broken,"ssl: HTTPSConnectionPool(host='www.sonomacountryantiques.com', port=443): Max retries exceeded with url: ",2026-06-22T12:56:55+00:00
790455a4-85d3-442d-a04c-67797a189ee0,200,1,1,521,GoDaddy,"Reclaimed Antiques - Estate Sales, Antiques, Collectibles Stores",good,,2026-06-22T12:56:55+00:00
b485b82b-395f-4a1e-8d19-a5126ca63b22,200,1,1,221,,"Auto Body Shop in St. Helena, CA | Fulton Body Shop LLC",good,,2026-06-22T12:56:55+00:00
b2d94004-435d-4230-ad0f-9cc3bb39c2c6,200,1,1,346,Squarespace,Moy Architecture Co,good,,2026-06-22T12:56:55+00:00
79e7ec49-686a-4324-8144-c0da60d27ef6,404,0,0,457,Squarespace,Squarespace - Website Expired,broken,,2026-06-22T12:56:55+00:00
a8a81e8a-338e-423d-b6aa-c87c8a2a8772,0,0,0,193,,,broken,"ssl: HTTPSConnectionPool(host='www.valleyautobodynapa.com', port=443): Max retries exceeded with url: / (",2026-06-22T12:56:55+00:00
865808f7-98f6-482d-ad27-5cc2d5c70ad2,526,1,1,216,,onsitecarcleaners.com | 526: Invalid SSL certificate,broken,,2026-06-22T12:56:55+00:00
bb0edb77-cc02-4d2f-a5c6-a679e04012c1,200,1,1,1820,Joomla,"Antique Shoppe Estate Sales: Napa Valley, Sonoma, North Bay, Greater Bay Area",good,,2026-06-22T12:56:56+00:00
e819be14-25be-4cec-b7f4-8d19ab7d10e6,200,1,1,1974,,Page Not Found,good,,2026-06-22T12:56:56+00:00
9a390ee7-3956-4337-a980-197285fe7947,200,1,1,901,WordPress,Soscol Auto Body &#8211; Napa&#8217;s Collision Repair &amp; Paint Specialists,good,,2026-06-22T12:56:56+00:00
3955160d-4a41-4098-ac95-533c51468d69,200,1,1,377,GoDaddy,Home - Regenix Detailing,good,,2026-06-22T12:56:56+00:00
a208c0e6-e51e-49fd-9226-51ec953bb7e6,200,1,1,836,WordPress,Mobile Car Detailing in,good,,2026-06-22T12:56:56+00:00
413ba277-750c-4e82-b0e3-92114987315b,403,1,1,68,,Just a moment...,broken,,2026-06-22T12:56:56+00:00
ea707c8e-0b8e-41ad-aee8-a9ecb8f61f03,0,0,0,36,,,broken,connection failed,2026-06-22T12:56:56+00:00
eb6f71c0-6bc6-4986-a2ff-7efc31a3d99e,200,1,1,1672,WordPress,Marcus &amp; Willers Architects | Sonoma Architects Since 1990,good,,2026-06-22T12:56:56+00:00
bac085fc-38d9-4645-89f3-03b3b0db02ba,200,1,1,371,,"BOP Parts | BOP Parts - Buick, Oldsmobile &amp; Pontiac Auto/Car Parts Online",good,,2026-06-22T12:56:56+00:00
b6206cab-39db-4cf6-8d1f-769b22b1f371,200,1,1,188,GoDaddy,RobinAutomotive.com is for sale | HugeDomains,good,,2026-06-22T12:56:56+00:00
96aec25b-5682-41ad-b84c-19f92876dd96,0,0,0,108,,,broken,connection failed,2026-06-22T12:56:57+00:00
14cfcf29-7a61-491f-8b12-92def5f7541e,200,1,1,484,,Launchctrl1,good,,2026-06-22T12:56:57+00:00
00bf1c2c-62a3-4adb-a89e-5793e4350521,200,1,1,1225,,Precision Auto Detail — Professional Auto Detailing,good,,2026-06-22T12:56:57+00:00
118eed52-8c64-424e-8248-db4b4392ab63,200,0,0,181,,:::Auto Spa:::,weak,,2026-06-22T12:56:57+00:00
b08bc5bd-3aa0-4872-86ca-caaabdb25c29,0,0,0,113,,,broken,connection failed,2026-06-22T12:56:57+00:00
84c4f807-e496-44d3-964e-dacf8a27c6ed,200,1,1,524,,"Ace Automotive & Truck Repair - 1730 ACTION AVE,NAPA,CA| NAPA Auto Care",good,,2026-06-22T12:56:57+00:00
e55a0dde-63f2-4ee0-8362-6f6f80de7418,0,0,0,46,,,broken,connection failed,2026-06-22T12:56:57+00:00
9c3cf63a-d7dc-4f0d-9062-33ab44c74c68,200,1,1,3295,WordPress,Suisun Valley &#8211; #1 Wine Region in the US::Farm Fresh Produce,good,,2026-06-22T12:56:57+00:00
a3f0f9c2-1873-4a2a-8505-34e59808067a,200,1,1,295,Squarespace,CHR,good,,2026-06-22T12:56:57+00:00
9258644c-82f2-4ae2-b1d0-574900973c5e,0,0,0,110,,,broken,connection failed,2026-06-22T12:56:57+00:00
beba08bb-7729-4a20-b80f-be3072665931,0,0,0,102,,,broken,connection failed,2026-06-22T12:56:57+00:00
be9b0b49-8436-4c94-b0f1-34dc3d8f18ec,0,0,0,7,,,broken,connection failed,2026-06-22T12:56:57+00:00
ccef7988-f08c-430d-81d7-bb69f7e2bbbf,200,1,1,2707,WordPress,Yankee Girl Antiques - Shop Petaluma,good,,2026-06-22T12:56:57+00:00
7eedba03-d8b9-445b-a620-63df0dc44a87,200,1,1,497,GoDaddy,Boulevard Automotive,good,,2026-06-22T12:56:57+00:00
3d6bba47-a934-4949-9d0e-e1f7d6d8cf44,0,0,0,15,,,broken,connection failed,2026-06-22T12:56:57+00:00
0bb01883-52ff-42bb-a817-b52c072c9724,200,0,0,489,,"Auto Repair & Tire Shop in Sonoma, CA | Broadway Auto Care",weak,,2026-06-22T12:56:57+00:00
94031978-c72e-4324-b7d5-501966825144,202,0,0,214,,,weak,,2026-06-22T12:56:57+00:00
27c6fb9d-e402-4d49-bf85-29425900ce6e,403,1,1,251,,Access to this page has been denied,broken,,2026-06-22T12:56:57+00:00
c8e98634-af9a-441a-ac0c-dece0d01f98d,200,1,0,160,,,weak,,2026-06-22T12:56:58+00:00
ad21115c-e0f2-4d2a-90b7-79499d98d942,200,1,1,549,Weebly,"Imports Unlimited, in Napa, we perform, oil change , and auto repair. we replace water pump, timing belt, and brakes regularly.",good,,2026-06-22T12:56:58+00:00
b0fd31f0-0db4-4c4b-8a21-39565956582a,200,1,1,519,Wix,Home | Mac Vitie Auto,good,,2026-06-22T12:56:58+00:00
2d47a38a-f5d5-4197-9c0b-09d78255e0b6,0,0,0,38,,,broken,connection failed,2026-06-22T12:56:58+00:00
4aae303a-0d22-4e7a-9794-e0e754133514,0,0,0,12,,,broken,connection failed,2026-06-22T12:56:58+00:00
bf69b99d-b637-46be-8e04-6421f5676b97,200,1,1,340,Squarespace,Quattro Care - Audi Service,good,,2026-06-22T12:56:58+00:00
6410d038-fb1a-43aa-8798-fa6260ea9116,0,0,0,108,,,broken,connection failed,2026-06-22T12:56:58+00:00
208c885d-1f51-414c-9dcc-c1c21e706096,0,0,0,108,,,broken,connection failed,2026-06-22T12:56:58+00:00
485e607b-ce53-4c61-a3d5-60e67bad8219,0,0,0,45,,,broken,connection failed,2026-06-22T12:56:58+00:00
ea7da700-1b67-4e14-b691-2c49af69ed92,403,1,1,217,,Just a moment...,broken,,2026-06-22T12:56:58+00:00
936276df-4405-4309-8195-fd08249f7cbe,200,1,1,4837,WordPress,Acupuncture in Santa Rosa &#187; Sonoma Acupuncture,weak,,2026-06-22T12:56:58+00:00
1f6342e7-729b-4fb9-98f0-6073a9011d2a,200,1,1,467,Wix,"Paint Protection Films, Coatings &amp; Car Detailing | Robust Auto Detailing | Napa &amp; Surrounding Bay Area",good,,2026-06-22T12:56:58+00:00
1373e143-83b1-4765-b22d-2ee50b19e493,200,1,1,291,GoDaddy,Mobiletech Shade | The best suction cup umbrella stand on the market,good,,2026-06-22T12:56:58+00:00
06f96b45-ad3d-4fb2-9446-48af67c9ed28,202,1,0,131,,,weak,,2026-06-22T12:56:58+00:00
1c2631fe-0892-4e01-a9e2-c2578245d33c,200,1,1,473,,"C.J. Electric - Electrician | El Verano, CA",good,,2026-06-22T12:56:58+00:00
5b3ab8e3-1989-4bac-b38e-cc921e2a88ff,200,1,1,308,Wix,HOME | La Cheve-Bakery-Brews,good,,2026-06-22T12:56:58+00:00
223e7475-036a-45a9-9885-aafca29d2e6e,404,1,1,649,,Page not found | ServiceMaster Restore,broken,,2026-06-22T12:56:59+00:00
f759b04c-d463-4dc9-be8c-4e7356b5ad6d,200,1,1,547,Weebly,Home | King Pin Cinnamon Rolls LLC,good,,2026-06-22T12:56:59+00:00
0787036b-5a44-4020-8ef2-78a1e4ec2af0,200,1,1,519,Wix,"Macarons &amp; Crepes | Madeleine's Macarons | bakeries Napa Valley, Yountville, Napa County",good,,2026-06-22T12:56:59+00:00
f2769290-6ed9-476a-801b-ee6a482ec2bb,200,1,1,477,Shopify,Mama Mel&#39;s Bread,good,,2026-06-22T12:56:59+00:00
35f1bc50-3068-46f6-b5f5-74c2c47fef13,409,0,1,16,,DNS resolution error | www.sonomacreamery.com | Cloudflare,broken,,2026-06-22T12:56:59+00:00
14ed286c-762b-4328-94c5-4cece86b3dff,200,1,1,3007,WordPress,Home - Reyes Auto Spa - Reyes Auto Spa,good,,2026-06-22T12:56:59+00:00
c0050f3b-d178-43cb-b176-cca93014cbf4,200,1,1,352,Shopify,Petaluma Pie Company,good,,2026-06-22T12:56:59+00:00
c2ec2ea0-c722-4a9e-b3b2-68b3b9e75963,200,1,1,192,Squarespace,"Sarmentine | French Artisan Bakery, Pastries, Crepes, &amp; Baking Workshops in Sonoma County",good,,2026-06-22T12:56:59+00:00
8b1c05c4-7c5a-44d0-8042-2f9585bcf7e4,403,1,1,87,,Just a moment...,broken,,2026-06-22T12:56:59+00:00
ecc6d634-611d-472b-bf4d-8fc7e21f9292,200,0,0,175,,,weak,,2026-06-22T12:56:59+00:00
1bec4176-9b73-4442-b89b-9b422647c63c,0,0,0,355,,,broken,"ssl: HTTPSConnectionPool(host='simply-strudels.com', port=443): Max retries exceeded with url: / (Caused ",2026-06-22T12:56:59+00:00
4f995677-b5f3-467a-957a-b9c11e3da617,0,0,0,44,,,broken,connection failed,2026-06-22T12:56:59+00:00
cba0b0b8-f833-4132-bb6d-e6a64ce144cb,200,1,0,2209,,,weak,,2026-06-22T12:56:59+00:00
b08cc46b-f5d4-4410-a27a-4517be659a0e,200,1,1,379,Wix,Bakery | West Won Bread | Napa,good,,2026-06-22T12:56:59+00:00
431dfae1-95a7-48c8-bb17-a7a4a537803f,500,0,0,170,,500 Internal Server Error,broken,,2026-06-22T12:56:59+00:00
1b6c2dab-a256-444b-952d-87a2976aa0de,202,0,0,337,,,weak,,2026-06-22T12:56:59+00:00
099a7cd8-27c6-4f92-bf37-a697988f8dbb,200,1,1,610,Shopify,"Authentic Italian Biscotti, Crunchy, Not Too Hard, Perfect with Coffee",good,,2026-06-22T12:56:59+00:00
87abd4b8-7e3e-4a25-be8f-6ad44725d50b,200,1,1,757,Weebly,,good,,2026-06-22T12:57:00+00:00
7390a4ab-c60a-4fb8-985e-beb8448ab040,200,1,1,583,GoDaddy,Home - Ace &amp; Vine,good,,2026-06-22T12:57:00+00:00
2a81e4a5-fff3-44bd-b951-0e693013e0ef,200,1,1,164,WordPress,Events &#8211; The Press Democrat,good,,2026-06-22T12:57:00+00:00
8ac95c94-8439-413e-a580-ccc6bc813655,200,1,1,174,GoDaddy,Triple B&#039;s Barbecue By Biasotti &#8211; Smokehouse and Catering,good,,2026-06-22T12:57:00+00:00
aa770607-b1c0-41a3-8936-08386d88ef81,200,1,1,531,Wix,Craft Cocktails | Luma Bar &amp; Eatery | Petaluma,good,,2026-06-22T12:57:00+00:00
27f79fda-d4b3-4904-9871-8c4ec6e90a8b,0,0,0,38,,,broken,connection failed,2026-06-22T12:57:00+00:00
2ac0da8e-3586-49ba-bd5d-08e64340190e,200,1,1,733,WordPress,MOLCAJETES &#8211; Bar &amp; Grill,good,,2026-06-22T12:57:00+00:00
0bc3301d-3dc9-433f-a8ff-b84cfb5aa801,200,1,1,428,GoDaddy,Greenview Bar &amp; Grill,good,,2026-06-22T12:57:00+00:00
0027ff33-05fb-4e61-9534-1d2954a37618,200,1,1,7249,GoDaddy,DANDY SANDOS,weak,,2026-06-22T12:57:00+00:00
2bc289e3-dfcb-4ef2-be54-5846e87bc9f4,200,1,1,313,GoDaddy,Buster&#x27;s Original Southern BBQ,good,,2026-06-22T12:57:00+00:00
4e238b19-9ef9-491c-acad-3985b373a244,200,1,1,672,Squarespace,Street..Social,good,,2026-06-22T12:57:00+00:00
9c681854-8530-46c1-a5c3-3fdcdc6329d1,200,1,1,174,Squarespace,https://www.stateline-road.com/,good,,2026-06-22T12:57:00+00:00
f703e7a5-362a-41df-9bc9-897a3faf08d0,200,1,1,161,Webflow,"Barbershop of Napa Valley, Barber, 3662 Bel Aire Plz",good,,2026-06-22T12:57:00+00:00
1fc768d9-d6c3-4f50-a45b-13d50cdf7c7b,200,1,1,4244,,Professional Services Near Me in Vallejo,weak,,2026-06-22T12:57:00+00:00
11ae8615-a7c7-471c-83a2-e6fe6b88552b,200,1,1,227,Webflow,"Wonder World Barber Shop, Barber, 3099 Travis Blvd",good,,2026-06-22T12:57:00+00:00
99520d23-153b-44e8-82d5-9fda295d8532,200,1,1,406,,Fine Lines Barbershop,good,,2026-06-22T12:57:00+00:00
717615e5-cc8f-49d8-abf8-3752bdd2028a,200,1,1,606,GoDaddy,Buy thecommonsfarmkitchenbar.com – Premium Expired .com Domain on GoDaddy | ExpiredDomains.com,good,,2026-06-22T12:57:01+00:00
1c0078a6-11ae-493c-9858-0e64896360f4,0,0,0,103,,,broken,connection failed,2026-06-22T12:57:01+00:00
091f1461-5195-424b-a982-f608c3ba4c4e,0,0,0,208,,,broken,connection failed,2026-06-22T12:57:01+00:00
7ff41490-9301-4686-9681-efe40d80e4a3,200,1,1,1958,Wix,Cafe | Stellina Pronto | Petaluma,good,,2026-06-22T12:57:01+00:00
ff779444-0230-4b29-8225-43db816e616d,0,0,0,16,,,broken,connection failed,2026-06-22T12:57:01+00:00
71af524d-2976-43e4-a7a1-696f8126d205,200,1,1,614,Wix,Barbershop | The Gentlemen's Parlor | Napa,good,,2026-06-22T12:57:01+00:00
cc5575e2-10e5-4f42-8c6e-45cb466c79eb,200,1,1,746,,,good,,2026-06-22T12:57:01+00:00
e3e2294a-2c42-4c7c-ac82-6dec6b9d6cdb,200,1,1,350,Squarespace,"Alexandria Lash Studio | Eyelash Extension Boutique | Petaluma, CA",good,,2026-06-22T12:57:01+00:00
e242e228-2fae-4317-8cf7-39acd121fdcb,200,1,1,1504,Joomla,"Chardonnay Golf Club - American Canyon, CA",good,,2026-06-22T12:57:01+00:00
7953d049-c3a4-4e85-a599-a5c76b9ff888,410,1,1,1031,,"J N&#x27; J Barbershop, 3431 Broadway Street, American Canyon, CA - Groupon",broken,,2026-06-22T12:57:01+00:00
fed1e068-5703-4e17-b5ba-59af36986d2f,200,1,1,469,Webflow,"All-In-One Salon, Spa &amp; Medspa Software | GlossGenius",good,,2026-06-22T12:57:01+00:00
ec318c74-92c9-4756-9a8d-421b68bee287,0,0,0,42,,,broken,connection failed,2026-06-22T12:57:01+00:00
44b89720-ec45-4266-84c6-06b807fea672,200,1,1,512,,Natalie Damiano Home,good,,2026-06-22T12:57:01+00:00
ae027a94-632f-4754-8b72-09b7be90e8aa,200,1,1,784,Shopify,April Rose Botanicals &ndash; aprilrosebotanicals,good,,2026-06-22T12:57:01+00:00
d0ca95ee-3b80-41fa-9a8c-281ce5d8d366,0,0,0,37,,,broken,connection failed,2026-06-22T12:57:01+00:00
4bfee5cd-d6d3-46b6-a96c-aa7fdecdf8e4,200,1,1,408,,Webs.com has been shut down: Find out more,good,,2026-06-22T12:57:01+00:00
4567549e-f630-469c-8f53-6e7e4f4f7895,0,0,0,138,,,broken,connection failed,2026-06-22T12:57:01+00:00
2411e42e-e85a-413d-a918-3353d0ab36b7,404,0,1,301,,Sucuri WebSite Firewall - Not Configured,broken,,2026-06-22T12:57:01+00:00
a9847a98-941d-49dc-a2ae-fe254bfedcdb,200,1,1,220,,Hair by Christian Edward: Online Client Scheduling,good,,2026-06-22T12:57:01+00:00
066d4ac8-6110-49d3-8956-da4b1134032c,200,1,0,655,,Arrangement Salon a Napa Beauty and Hair Salon,weak,,2026-06-22T12:57:01+00:00
3ddd7b76-d9ab-4a3e-bd73-bc80a0ef377d,200,1,1,222,Webflow,"Heart and Soul Salon, Beauty Salon, 312 B St",good,,2026-06-22T12:57:01+00:00
840b051b-c6b5-445f-abff-b2220f6eef2a,0,0,0,40,,,broken,connection failed,2026-06-22T12:57:01+00:00
03076a0e-eee5-48fd-8b0e-c325cb5610f1,200,1,1,468,,Portfolio,good,,2026-06-22T12:57:02+00:00
c8004cca-995b-44c3-8f74-ef5a0f8731e5,0,0,0,106,,,broken,connection failed,2026-06-22T12:57:02+00:00
ccb85699-04b1-4835-b7d1-03d08a616b09,200,1,1,324,Wix,Home | La Rouge Salon Napa,good,,2026-06-22T12:57:02+00:00
07f7f50b-c6b2-4fab-9f96-e35784fb9b11,202,0,0,219,,,weak,,2026-06-22T12:57:02+00:00
33ecebe3-43eb-4323-8259-c73de363f901,200,1,1,643,,@lipstickloungesuisunvalley â¢ Milkshake Website Builder,good,,2026-06-22T12:57:02+00:00
69007450-9f0f-420d-a72a-b6bc3dece32e,200,1,1,416,Squarespace,"Purley Sonoma | Clean Hair &amp; Beauty Salon in Sonoma, CA",good,,2026-06-22T12:57:02+00:00
e0948c63-54d8-4bc4-b5ac-235018e7b0dc,0,0,0,37,,,broken,connection failed,2026-06-22T12:57:02+00:00
1e838c8f-8474-4de8-8c2a-eafc40014232,200,1,1,1883,,Stags Barbershop,good,,2026-06-22T12:57:02+00:00
782aa92d-82f5-46c1-a716-b6b1156394cc,200,1,1,437,GoDaddy,Salon Collective GV,good,,2026-06-22T12:57:02+00:00
98a38a5d-82c2-44df-9984-340de0914d33,403,1,1,63,,Just a moment...,broken,,2026-06-22T12:57:02+00:00
27790015-b7a4-48fb-bf2d-a939fb6b5697,404,1,1,491,Wix,,broken,,2026-06-22T12:57:02+00:00
9d81df4e-f990-4784-ba93-3f1d05a620c5,200,1,0,761,,,weak,,2026-06-22T12:57:02+00:00
07c7e92a-b42b-440e-a674-2580e6dea588,200,1,1,745,WordPress,New Image Beauty Salon Inc | Hair stylist &amp; More,good,,2026-06-22T12:57:02+00:00
8d940f0a-96d8-42c8-9e22-72c972b6d124,200,1,1,163,,17hats,good,,2026-06-22T12:57:02+00:00
4c4619fe-74ba-4cde-ba2d-a68f3f4c18a9,0,0,0,37,,,broken,connection failed,2026-06-22T12:57:02+00:00
ec02196d-160f-4c79-9b7c-efc39cbcace3,200,1,1,1110,,Dukes and Dolls,good,,2026-06-22T12:57:02+00:00
b84dcebc-7444-492d-9cbe-464611e2c448,200,1,1,741,,Home,good,,2026-06-22T12:57:02+00:00
d9843797-d162-4243-9cfc-8d7a546f0648,200,1,1,176,GoDaddy,Acalistogaenchantedcottage,good,,2026-06-22T12:57:02+00:00
5802c18d-592c-4d99-9b3b-cb9f5cacfed6,200,1,1,370,Squarespace,Sweet Soul Beauty Bar,good,,2026-06-22T12:57:02+00:00
29ce33b7-f388-4487-814c-4e7189dfa616,200,1,1,431,Squarespace,"The Moon Room I Clean Hair and Beauty Salon Petaluma, CA.",good,,2026-06-22T12:57:02+00:00
8be94b7d-4a9a-437a-8dcc-3867a0c7c892,0,0,0,221,,,broken,"ssl: HTTPSConnectionPool(host='embracecalistoga.com', port=443): Max retries exceeded with url: / (Caused",2026-06-22T12:57:03+00:00
30ee492c-f76c-4ce5-a389-c63ec75ae773,200,1,1,283,,Bann at Oak Knoll Napa I Resort-Style Bed &amp; Breakfast | Accommodation,good,,2026-06-22T12:57:03+00:00
cfb6cc11-6044-485b-ab1a-61b11af47627,403,1,0,224,,tripadvisor.com,broken,,2026-06-22T12:57:03+00:00
114e4b41-9e6d-49d6-beaf-7b9fbfc0a9ae,200,1,1,7978,GoDaddy,Sustainable Architecture Firm,weak,,2026-06-22T12:57:03+00:00
a156a8fc-c49f-4087-917a-887c4b49f64a,200,1,1,232,WordPress,Okaeri - Okaeri,good,,2026-06-22T12:57:03+00:00
8e009127-3a42-402b-b9c1-8eea675c6033,200,1,1,383,Squarespace,Embrace Calistoga,good,,2026-06-22T12:57:03+00:00
d48968f4-d44a-4a4d-ba31-7737f94df73e,200,0,1,286,,,weak,,2026-06-22T12:57:03+00:00
3ab3c936-cb88-4ab7-9c7b-91f9f942419c,200,1,1,752,,"Participating Telehealth Provider | Weiss Orthopaedics: Orthopaedic Surgeon: Sonoma, CA &amp; Northern Marin Novato, CA",good,,2026-06-22T12:57:03+00:00
8d11c875-5ee0-40ed-8579-c33f1d53708d,200,1,1,938,Squarespace,Schedule Appointment with Valley Lashes &amp; Brows by Mina,good,,2026-06-22T12:57:03+00:00
891437f4-049b-4023-a27f-3ead8b48dc1d,200,0,1,154,,Trailside Inn - Calistoga Bed and Breakfast in Napa Valley Wine Country,weak,,2026-06-22T12:57:03+00:00
8e898522-2450-420d-9cfa-9b62603593ef,200,0,1,173,,Trailside Inn - Calistoga Bed and Breakfast in Napa Valley Wine Country,weak,,2026-06-22T12:57:03+00:00
b9ccb708-bb66-4a60-80e3-efcb76644b96,0,0,0,133,,,broken,connection failed,2026-06-22T12:57:03+00:00
c9c05c95-a4ae-421e-b092-b11785e908a3,0,0,0,111,,,broken,connection failed,2026-06-22T12:57:03+00:00
d1cdfe32-f616-44d4-b624-d0a311e8366a,200,1,1,625,Wix,HOME | mysite,good,,2026-06-22T12:57:03+00:00
cbb99486-cde8-479a-ba9a-2f021981d21f,200,1,1,445,Webflow,The Francis House | Best Luxury Boutique Hotel in Calistoga,good,,2026-06-22T12:57:03+00:00
637af81d-af02-44f5-9b41-2ad7801b675a,200,0,0,480,,Pink Mansion Calistoga,weak,,2026-06-22T12:57:03+00:00
2783cee7-51f0-4707-b19e-29e0dad353b1,200,1,1,379,Wix,"Angelique Boutique | Women's Fashion | 452 1st Street East, #D, Sonoma, CA, USA",good,,2026-06-22T12:57:03+00:00
b267c3b9-c01b-47eb-ac82-65597fa7eb4a,0,0,0,39,,,broken,connection failed,2026-06-22T12:57:03+00:00
3f1252a5-0b2f-49b0-946c-5d7597b6ffcc,200,1,1,295,Shopify,MIAH - Women&#39;s Online Boutique - For the chic &amp; stylish woman &ndash; Shoppe Miah,good,,2026-06-22T12:57:03+00:00
be865d45-fc3f-461c-b58d-4c0dba5c06e0,200,1,1,463,Wix,Bespoke Napa Valley | St. Helena,good,,2026-06-22T12:57:03+00:00
28b17daf-f51d-43c6-b909-490d988e0467,0,0,0,103,,,broken,connection failed,2026-06-22T12:57:03+00:00
aedce788-cd84-4d25-9815-aecc36e2aa67,200,1,1,643,,Instagram,good,,2026-06-22T12:57:04+00:00
96b7abbd-ae04-4267-9f71-86c9f2af86ef,200,1,1,268,,,good,,2026-06-22T12:57:04+00:00
98a0cd2f-81d5-4f33-b8dd-a896a7376827,200,1,1,592,Shopify,Miyamo - Napa Valley Boutique &ndash; Miyamo Boutique,good,,2026-06-22T12:57:04+00:00
ec5413c3-fe2b-4329-8dca-3ce60b294633,200,1,1,601,Shopify,Mad Mod Shop™- Vintage-inspired Fashion + Pretty Things,good,,2026-06-22T12:57:04+00:00
076c5bab-3209-4243-bada-434119b0ddff,200,1,1,470,Webflow,new home,good,,2026-06-22T12:57:04+00:00
ea24ac24-7348-4664-bf1e-9c92e90e8adc,404,0,0,276,,,broken,,2026-06-22T12:57:04+00:00
563398c4-36a3-4c8e-a5de-e918cb9d061b,403,1,1,298,,Just a moment...,broken,,2026-06-22T12:57:04+00:00
151842de-0720-4294-8fc8-0b1287fa1255,403,1,1,186,,Just a moment...,broken,,2026-06-22T12:57:04+00:00
3167dd3c-96a6-4334-aca7-d0423c330887,200,1,1,605,Shopify,Hoocha Hard Kombucha,good,,2026-06-22T12:57:04+00:00
28a78b69-6702-420c-ae81-36a7a5699368,202,0,0,143,,,weak,,2026-06-22T12:57:04+00:00
34fa6dae-ddf9-45dd-963a-cb5d8260c637,200,1,1,950,Weebly,,good,,2026-06-22T12:57:04+00:00
586e2fb5-87e3-4c19-bc0d-129d81f3c731,200,1,1,264,WordPress,Folklore Napa Drinks &amp; Vinyl Shop,good,,2026-06-22T12:57:05+00:00
24bc6117-de8f-4d22-87cf-7ea59eace519,200,1,1,407,Squarespace,Cafe Apae,good,,2026-06-22T12:57:05+00:00
03b18c49-1758-4f95-8d81-671c2398fdf5,404,1,1,396,Wix,404 Error: Page Not Found,broken,,2026-06-22T12:57:05+00:00
2aae1057-0ba6-49d3-812a-40c7fba64aaa,200,1,1,294,Shopify,Grand Central Petaluma,good,,2026-06-22T12:57:05+00:00
3e7c9cc3-6417-40cc-9255-c9d79ab45eba,404,1,1,358,Wix,,broken,,2026-06-22T12:57:05+00:00
95256e66-f283-4ba7-95dd-261b310fa759,200,1,1,1331,Weebly,Menu | AsianBurger,good,,2026-06-22T12:57:05+00:00
ca24f5fb-e1df-4d69-b8e4-e45da2a696c6,200,0,1,238,,"Carpet Cleaning &amp; Water Damage in Fairfield, CA | Mr. Fresh",weak,,2026-06-22T12:57:05+00:00
0b9c75e5-092c-46cd-a4f8-a980b71adcde,200,1,1,3236,WordPress,An Inn To Remember - An Inn To Remember,good,,2026-06-22T12:57:05+00:00
ae16bad4-b65b-4509-b654-05d4f6a5e9aa,200,1,1,444,WordPress,Brunch and Breakfast in Downtown Napa | Winston’s Napa,good,,2026-06-22T12:57:05+00:00
7a4ce7d4-38b9-48a7-8ed2-5e52bd62e6ae,200,1,1,471,Squarespace,Verano Cafe,good,,2026-06-22T12:57:05+00:00
beec9b52-97f3-4f22-9b5b-f39573c2f430,0,0,0,32,,,broken,connection failed,2026-06-22T12:57:05+00:00
d6a0da6d-63b2-4166-836e-4b952d74b0c2,200,1,1,1037,,"Best Breakfast &amp; Brunch in Napa, CA | Sunshine Cafe",good,,2026-06-22T12:57:06+00:00
5b821e78-2bef-4867-bee3-371e7461dd19,200,1,1,417,GoDaddy,"Professional Flooring Services in Fairfield, CA",good,,2026-06-22T12:57:06+00:00
3e311e22-8f0e-47d0-ad4d-047b5f1a8424,200,1,1,386,Squarespace,Valley of the Moon Flooring,good,,2026-06-22T12:57:06+00:00
6c73ad03-564f-41b3-ac65-642803254bec,200,1,1,3620,WordPress,Chelsea Vineyard Wines | Napa Valley Estate Wine | Calistoga Award Winning Wines,good,,2026-06-22T12:57:06+00:00
1288ec0a-ac9c-4fa7-a2ae-a52bcc8c1d49,200,1,1,209,GoDaddy,Napa Valley Catering,good,,2026-06-22T12:57:06+00:00
09e42406-b369-4971-a511-204c348322bd,200,1,1,294,Squarespace,Goodness Gracious Private Chef and Catering- Sonoma Chef,good,,2026-06-22T12:57:06+00:00
4f523e4d-f306-4ea1-becd-8d1fde43805e,200,1,1,489,GoDaddy,Belfare,good,,2026-06-22T12:57:06+00:00
002fb787-2106-4c07-a174-2ba405e52ad7,403,1,1,2252,,Attention Required! | Cloudflare,broken,,2026-06-22T12:57:06+00:00
9fac1e01-b351-424d-9588-02403a8e3db6,200,1,1,537,Wix,Chef Carlo Cavallo Corporate Catering | Napa &amp; Sonoma Valley | Wedding Catering,good,,2026-06-22T12:57:06+00:00
c3ee36e8-8ac4-4ce4-9365-1d3f7c54ab7e,200,1,1,366,Squarespace,"OTL Fine Catering | Petaluma, California",good,,2026-06-22T12:57:06+00:00
63ec5f5c-3cf4-4496-ba98-accf14b21f09,200,1,1,172,,"Napa Hot Chicken | Chicken Restaurant in Napa, CA",good,,2026-06-22T12:57:07+00:00
a1a5c7ac-2f89-4e6b-9985-3c394267fd94,200,0,1,3347,Shopify,Perle Sonoma,weak,,2026-06-22T12:57:07+00:00
32e1a186-d592-4ecc-9006-48335fe2216d,403,1,0,165,,etsy.com,broken,,2026-06-22T12:57:07+00:00
4c96e777-7861-4743-ba6b-8f923f82f55b,200,1,1,1363,Wix,Avelar Hardwood Floors,good,,2026-06-22T12:57:07+00:00
ababdd75-7260-419e-a5ae-6a6ccba14576,200,1,1,602,WordPress,Picnics and Pairings,good,,2026-06-22T12:57:07+00:00
464d0c21-4f78-4700-b48d-370cb09504d6,200,1,0,1451,,Flooring in Oakland CA | French Bros. Flooring America,weak,,2026-06-22T12:57:07+00:00
c14d5e32-4ef6-43a8-957f-f63db4f410f3,200,1,1,291,,"Asian Cuisine in Napa, CA | (707) 258-2888 Dragon Valley",good,,2026-06-22T12:57:07+00:00
f2df9d8d-4b5b-491a-89e7-9f5e918e1444,200,1,1,341,GoDaddy,"Empress M - Chinese Food - Napa, California",good,,2026-06-22T12:57:07+00:00
9ad991b9-1926-41eb-8fe6-af328688035d,0,0,0,103,,,broken,connection failed,2026-06-22T12:57:07+00:00
467ba21c-a84b-4f11-862f-43a62a709b9d,0,0,0,17,,,broken,connection failed,2026-06-22T12:57:07+00:00
4c0b7299-771e-4d65-9c75-edc716259a0f,0,0,0,39,,,broken,connection failed,2026-06-22T12:57:07+00:00
3a50b1a9-6595-4ead-9c7e-93dea854dbe7,403,1,1,147,,Just a moment...,broken,,2026-06-22T12:57:07+00:00
ccfe158a-3127-4bd6-9805-7391a0371024,200,1,1,3018,WordPress,"Home - Burgerdog™ Napa, Food Truck, Catering, Burger, Burgerdog, Hot Dog Bills, Events, Fast Food, Hamdog,",good,,2026-06-22T12:57:07+00:00
f5d86453-a44f-4170-8ba6-877a7d8ed8ba,200,1,1,409,Wix,Hunan Village at Petaluma,good,,2026-06-22T12:57:07+00:00
379f7b14-eead-4650-8a09-3edd108a4bc7,200,1,1,880,Weebly,Churro Cookies For Shipping | Trini's,good,,2026-06-22T12:57:07+00:00
3ac5f027-0061-44fc-b722-a4ff82fa0064,200,1,1,585,,Order Authentic Chinese Online | Peking Restaurant - Pickup or Delivery Available,good,,2026-06-22T12:57:07+00:00
918cb9a1-0f30-47d8-8af2-af6e74c56126,200,1,1,1152,WordPress,Home,good,,2026-06-22T12:57:07+00:00
c7198ac0-8b23-4eb4-bb65-c9895dffa770,200,1,1,212,Webflow,Chiropractor in Sonoma | Peak Performance &amp; Posture,good,,2026-06-22T12:57:07+00:00
2c79963f-d3f6-4819-99b3-6aa082cf9dd0,0,0,0,38,,,broken,connection failed,2026-06-22T12:57:07+00:00
01865485-2834-49b5-bd40-a18a24a82dbd,200,1,1,831,,Share on WhatsApp,good,,2026-06-22T12:57:07+00:00
49b40be5-c7f5-42d6-af49-33fcce62290b,200,1,1,378,WordPress,Chiropractor in Napa,good,,2026-06-22T12:57:07+00:00
37797b40-1c2d-4c43-98bc-650db30ba9de,0,0,0,24,,,broken,connection failed,2026-06-22T12:57:07+00:00
e6857f1e-8a54-4bb1-b3ab-ac6b3b70d4f9,0,0,0,109,,,broken,connection failed,2026-06-22T12:57:07+00:00
2ffb4d3d-a61c-4553-97cb-7ac0cae4cd25,200,1,1,419,Squarespace,Mills Family Chiropractic,good,,2026-06-22T12:57:07+00:00
d613b52e-52da-4fdc-bfa2-79a456007792,200,1,1,420,,"Napa, CA Chiropractor | Chiropractor in Napa, CA | Yountville, CA Headaches | American Canyon, CA Neck Pai",good,,2026-06-22T12:57:08+00:00
06cf5297-86a6-4df6-bec6-0710f15b5594,200,1,1,221,,XOXO CAKE NIGHT | Partiful,good,,2026-06-22T12:57:08+00:00
0a51404d-6366-40bd-850b-652a1bb89bb3,200,1,1,225,Shopify,Halfpint Sonoma,good,,2026-06-22T12:57:08+00:00
d3f5c67a-2ed7-471c-97bd-20419c6feb95,401,1,1,321,Squarespace,Private Site,broken,,2026-06-22T12:57:08+00:00
ce2f5b68-0033-494d-a87c-38109e2b3441,403,1,1,81,,Just a moment...,broken,,2026-06-22T12:57:08+00:00
6bffeff3-131b-4252-b0b1-3103f65dc738,200,1,1,262,Shopify,Legends Clothing Co.,good,,2026-06-22T12:57:08+00:00
b6f97bfe-8f2e-4f25-a16a-a72cc6484e5a,200,1,1,213,,Sky & Vine Rooftop Bar in Downtown Napa | Archer Hotel Napa,good,,2026-06-22T12:57:08+00:00
c45695eb-8cac-44b3-8ac4-f02a0ceb03e1,200,1,1,428,GoDaddy,Vintage Native American Western Hawaiian - Lonesome Cowboy Ranch,good,,2026-06-22T12:57:08+00:00
21054ade-e2b6-47a6-b97c-07ec4589098a,0,0,0,128,,,broken,connection failed,2026-06-22T12:57:08+00:00
0f53dae4-ff63-4365-a6ab-b0fddb37f7ac,404,1,1,370,Squarespace,Sonoma Farm Tots,broken,,2026-06-22T12:57:08+00:00
25300813-e4d4-4c02-82aa-26a8e7014d18,200,1,1,718,Wix,Home | Buck Lucky,good,,2026-06-22T12:57:08+00:00
98d0f82e-8eb4-43a4-914b-50824eec1ef9,200,1,1,519,Shopify,Tweed &amp; Vine,good,,2026-06-22T12:57:08+00:00
47c2692a-fbf3-4046-ac41-1653ddd10284,200,1,1,632,Shopify,"Nomad Chic..Concept store apparel, jewelry, furniture &amp; home accessory",good,,2026-06-22T12:57:08+00:00
a83017da-816b-4bb2-a57f-c48dd0bd8e55,200,1,1,471,Wix,"Visit Caffeine Inc. | Artisan Pastries Near Me | Handcrafted Coffee | Petaluma, CA",good,,2026-06-22T12:57:08+00:00
1f9bcdee-1c25-46f9-9642-153e59d14d6a,200,1,1,426,Squarespace,Deuces Market,good,,2026-06-22T12:57:08+00:00
d97f2f1b-a1ed-4414-b65d-8f72f343bc0f,200,1,1,319,Squarespace,Naysayer Coffee Roasters,good,,2026-06-22T12:57:08+00:00
cabee891-b790-43eb-bcd9-0eba209b98f5,200,1,1,420,,Paupaiz Coffee Napa Valley,good,,2026-06-22T12:57:09+00:00
cdf337e2-e427-4cdc-8bea-0169598d995e,0,0,0,15129,,,broken,timeout,2026-06-22T12:57:09+00:00
991bf5e7-43d2-4334-9a18-ca9e8b1638ba,200,1,1,514,Shopify,"Ohm Coffee Roasters - Napa Valley Coffee Beans, Events, Truck",good,,2026-06-22T12:57:09+00:00
ca752f77-b902-466d-95c4-d4ba9b5bfeca,200,1,1,337,,"Trusted Contractors in Petaluma, San Rafael &amp; Sonoma, CA",good,,2026-06-22T12:57:09+00:00
d8210135-81e3-4114-b70b-2fa01c1edbd9,200,1,1,481,Squarespace,Basil Construction,good,,2026-06-22T12:57:09+00:00
4aebc50b-4417-41fd-bf27-6b747875f5e7,200,1,1,1783,,Chiropractor in Calistoga CA - Walk-Ins | Calistoga Chiropractic,good,,2026-06-22T12:57:09+00:00
1913881a-b033-43a3-9043-e29ba9603978,0,0,0,110,,,broken,connection failed,2026-06-22T12:57:09+00:00
5c187444-a1d6-47ee-96dc-a4821775abb6,200,1,1,716,Shopify,Smastad Coffee Roasters - BDR,good,,2026-06-22T12:57:09+00:00
a43df4a2-bda9-4676-8c39-726f0e43e00e,200,1,1,541,WordPress,Cello &amp; Maudru Construction,good,,2026-06-22T12:57:09+00:00
cb232449-5236-4f67-90ee-12bdbf2ffa2b,200,1,1,386,,Building Contractor | Get Free Quote Today â Call Now!,good,,2026-06-22T12:57:09+00:00
81c3d9a5-b599-41d5-a4b3-39634460902d,200,1,1,391,Squarespace,"Eames Construction, Inc.",good,,2026-06-22T12:57:09+00:00
1f0d749f-ab98-4fb3-b71a-d79a33e207cf,200,1,1,1921,WordPress,New Patient Special | Chiropractor Petaluma CA,good,,2026-06-22T12:57:09+00:00
a478c921-ace9-45d9-abee-d1631e9c1eba,200,1,1,382,Squarespace,Grassi &amp; Associates,good,,2026-06-22T12:57:09+00:00
899cee4e-d7c8-4601-b0a3-980efe162f6d,200,1,1,268,GoDaddy,"Johnston Engineering: Expert Contractors in Napa, CA",good,,2026-06-22T12:57:09+00:00
30148ce8-5014-492d-8746-e7d1a0a91b9b,200,1,1,247,WordPress,Leos Construction | Happy Builders,good,,2026-06-22T12:57:09+00:00
a484d07c-554b-486e-9315-5f9fbd505963,404,0,0,214,,SITE NOT FOUND,broken,,2026-06-22T12:57:09+00:00
55549314-0c01-4a6c-8817-7c6e5e958857,200,0,0,327,,,weak,,2026-06-22T12:57:09+00:00
eb9370c3-feca-4c15-9d46-ed1e57346d24,200,1,1,326,Squarespace,ROTTMAYER DESIGN,good,,2026-06-22T12:57:09+00:00
fabbfc30-5532-4040-a955-464c2b85526f,0,0,0,109,,,broken,connection failed,2026-06-22T12:57:09+00:00
7f421c18-ebae-4907-a1ec-f88ff8879d4f,200,1,1,706,Wix,GRID design build | New Home Architecture,good,,2026-06-22T12:57:09+00:00
de13a0bf-c286-42f1-a10d-6a2f9b67c886,0,0,0,37,,,broken,connection failed,2026-06-22T12:57:09+00:00
a484a612-2b0d-4f57-9778-80a81eb6476d,202,1,0,460,,,weak,,2026-06-22T12:57:09+00:00
cb38d0e0-44ac-496e-b59a-24185a3cccad,200,1,1,1241,,"Pillowfight Coffee | Kenwood, CA | Artisan Coffee in Sonoma Wine Country",good,,2026-06-22T12:57:09+00:00
be47e409-9fe7-4829-ada8-b9881b89265d,200,1,1,319,GoDaddy,Goldenbay-Painting,good,,2026-06-22T12:57:10+00:00
4924fb75-a0fc-4ac6-8569-951ed9212d5b,200,1,1,881,,"JDR Development Company — Luxury Home Builder & General Contractor, Napa Valley",good,,2026-06-22T12:57:10+00:00
b69ae754-8e5b-4720-9ddc-9c7572f9421f,0,0,0,42,,,broken,connection failed,2026-06-22T12:57:10+00:00
c65e62d9-5e0a-43ab-a8d0-1c535fe9cf2a,202,1,0,332,,,weak,,2026-06-22T12:57:10+00:00
158ea363-a11c-4db6-897d-0fc96ad6bb4f,200,1,1,449,Squarespace,Fermo Concrete Services - Commercial &amp; Residential | Bay Area &amp; Walnut Creek,good,,2026-06-22T12:57:10+00:00
1987f0f2-f299-477f-bfb8-378674ef83f7,200,1,1,444,Wix,Cabinet | Napa Kitchen &amp; Bath | Napa,good,,2026-06-22T12:57:10+00:00
e0322da0-6047-496e-8466-220f4c55f0b6,526,1,1,186,,nbbmaintenance.com | 526: Invalid SSL certificate,broken,,2026-06-22T12:57:10+00:00
37a4506a-a870-451a-9f33-6c784329498c,200,0,0,155,Weebly,Paris Construction Service - Welcome,weak,,2026-06-22T12:57:10+00:00
94f9c701-e219-4c11-af19-daa89649fe1a,200,1,1,639,GoDaddy,VPCS | Van Pelt Construction Services,good,,2026-06-22T12:57:10+00:00
3e48d90c-a1c8-4654-8e1d-2c949ce8841f,200,1,1,180,Squarespace,ruizconstructionservices.com,good,,2026-06-22T12:57:10+00:00
d82c1153-b3bb-4ce9-aca4-e9cb4a404674,200,1,1,387,Squarespace,O2 Treehouse,good,,2026-06-22T12:57:10+00:00
5fffad6e-af36-4804-aef4-ca1510fd0a13,200,1,1,346,,Home Remodeling Services | Penny Pinching Construction,good,,2026-06-22T12:57:10+00:00
97bf7e61-016b-4a62-ab74-75e3c6d9fe3e,200,1,0,869,,,weak,,2026-06-22T12:57:10+00:00
2adcb9e8-b682-4df0-afc8-cc8176f0a240,200,0,1,243,,"Home - Taj Construction, Inc.",weak,,2026-06-22T12:57:10+00:00
8c44f32b-5e37-41d2-bcfe-0e1ba366a5b4,200,0,1,479,,Concrete Construction Specialist - R & R Maher Construction Co,weak,,2026-06-22T12:57:10+00:00
004b5991-d343-4ca4-8d5f-90488d10623c,200,1,1,460,Wix,"Seismocon - AI-Powered Earthquake Monitoring for Homes, Bridges, and Infrastructure",good,,2026-06-22T12:57:10+00:00
5cd1afb1-6e1c-4869-8f1b-b759d56be9f9,200,1,1,443,WordPress,Home - Serres Ranch Wine - Serres Ranch Wine,good,,2026-06-22T12:57:10+00:00
68c94110-dcb8-4c9c-96d3-8c21a630261b,202,0,0,246,,,weak,,2026-06-22T12:57:10+00:00
7b4c0375-c014-4d3a-a8db-0a312ce619b6,0,0,0,42,,,broken,connection failed,2026-06-22T12:57:10+00:00
5f24c4ed-9ef1-4a70-8e22-31faf278d629,0,0,0,108,,,broken,connection failed,2026-06-22T12:57:10+00:00
b5a8e66a-e96b-479f-8fed-f7c47f5af13a,403,0,1,70,,CloudFlare Error Type 1000,broken,,2026-06-22T12:57:10+00:00
6f4507c9-7c17-4aaa-8b93-b080407bc9c0,202,0,0,47,,,weak,,2026-06-22T12:57:11+00:00
fedbb59f-9155-4288-9a9b-60256a61eb84,200,1,1,443,Squarespace,BevinsLaw PC | Seek Expert Legal Defense Today,good,,2026-06-22T12:57:11+00:00
3d8cb4f6-a3b2-444a-b9bb-56aeee60cffc,200,1,1,333,WordPress,"Preschool Napa | Affordable, Play-Based Childcare | PDS Napa",good,,2026-06-22T12:57:11+00:00
3b64fdb6-081e-458d-bbc5-902cb1c609e6,200,1,1,612,WordPress,"Laina T. Chikhani - Laina T. Chikhani, Attorney at Law",good,,2026-06-22T12:57:11+00:00
f12803cb-769c-4bf7-85c2-eadfe3270355,404,0,1,177,,Domain Not Configured,broken,,2026-06-22T12:57:11+00:00
0960be04-d9dc-4fa2-b296-7b2897139fd0,200,1,1,509,GoDaddy,Calistoga Beauty Salon &amp; Day Spa,good,,2026-06-22T12:57:11+00:00
257c8f99-382d-46da-a973-d5eec69a421f,200,1,1,1106,WordPress,ZV Construction - Custom Remodeling and Home Upgrades,good,,2026-06-22T12:57:11+00:00
e369f90f-857f-455b-89bb-a0a23ac12474,200,1,1,238,,"Home - Dominics Original Genova Delicatessen in Napa, CA",good,,2026-06-22T12:57:11+00:00
ec3eda99-e032-4a8f-9f72-29e367f41d3d,200,1,1,1198,Wix,Raphael Law - Napa Criminal Defense Attorney,good,,2026-06-22T12:57:12+00:00
6db3e2ca-161c-41ce-a667-d468035db53d,200,1,1,552,GoDaddy,Buy bighdeli.com – Premium Expired .com Domain on GoDaddy | ExpiredDomains.com,good,,2026-06-22T12:57:12+00:00
74733f98-2071-4bb3-a228-f7423bf6997d,200,1,1,174,,"Menus | Loveski | A Jew-ish Deli in Napa, CA",good,,2026-06-22T12:57:12+00:00
715d3dd2-8140-4743-89eb-efa1b49f0486,200,1,1,2861,WordPress,Home - Knittel Construction,good,,2026-06-22T12:57:12+00:00
26c9957d-46bb-4c3e-bdf8-f8ebb1b21c48,200,1,1,806,Wix,Home | Annie's Lunch Box,good,,2026-06-22T12:57:12+00:00
2c42f527-4aa0-4676-8cc2-602d44a38d2d,200,1,1,865,,Monarch Skin Studio,good,,2026-06-22T12:57:12+00:00
cadbc3e5-d78b-4785-8728-1fd1ffd95775,200,1,1,448,Squarespace,Joella&#39;s Deli,good,,2026-06-22T12:57:12+00:00
93bf6a98-d644-4848-8b8b-40e73e183ca9,200,1,1,268,,Oakmont Market | Fresh Deli & Homemade Potato Salad,good,,2026-06-22T12:57:12+00:00
b34ebb88-9534-49ed-9738-dfdd4bda94a6,200,1,1,422,Shopify,Napa Valley Olive Oil,good,,2026-06-22T12:57:12+00:00
2a6c5322-71c6-4a0f-bd19-75d1d723abc4,200,1,1,314,,Online Ordering by Genius,good,,2026-06-22T12:57:12+00:00
2eefd5c3-af2e-42fd-a935-03ce19c49e34,200,1,1,206,,"Dentist Petaluma, CA | Cosmetic Dentistry | Bob Koenitzer, DDS",good,,2026-06-22T12:57:12+00:00
5b3a52df-6899-4da9-bcac-b77b5b8b8aff,0,0,0,15088,,,broken,connection failed,2026-06-22T12:57:12+00:00
30d46626-8d4a-477e-88d3-50fad597920f,200,1,1,470,,Dental Intelligence Booking,good,,2026-06-22T12:57:12+00:00
6dba3079-8c5a-4810-8399-007f3fff88b0,200,1,1,600,,"The Vineburg Market 997 Napa Rd, Sonoma, CA 95476 - superpages.com",good,,2026-06-22T12:57:12+00:00
9fdce197-8193-4d17-b230-089105ece5bb,200,1,1,1748,,Caritas spa - Fairfield CA | Vagaro,good,,2026-06-22T12:57:12+00:00
c5c7a014-1779-47a2-856a-54354d59b3fa,202,0,0,189,,,weak,,2026-06-22T12:57:13+00:00
876f2d8c-84fa-425b-88cd-c118c185fd26,200,1,1,226,GoDaddy,"Erica Conway, DDS : Napa, California Dentist",good,,2026-06-22T12:57:13+00:00
8641faf2-74f7-452a-b69f-d7f92055b379,200,1,1,399,Webflow,"Dentists in American Canyon, CA | Affordable Dental Care",good,,2026-06-22T12:57:13+00:00
38aa960d-075d-4d5a-a954-2d6748f99a94,200,0,0,143,,,weak,,2026-06-22T12:57:13+00:00
b025ad09-dcfd-4995-b640-ebe4405d63ce,200,1,1,671,WordPress,California Dental Care Home - California Dental Care,good,,2026-06-22T12:57:13+00:00
454634fe-552e-4e12-851f-295478cd4e05,200,1,1,323,Wix,"Diamond Dental Hygiene | teeth cleaning | 855 Marina Bay Parkway, Richmond, CA, USA",good,,2026-06-22T12:57:13+00:00
17160e20-e82d-486d-b7f7-745d30771309,200,1,1,166,Webflow,"Napa Dental Art, Dentist, 1544 Jefferson St",good,,2026-06-22T12:57:13+00:00
e059a33a-dc3e-42d3-8256-a1df6acdf611,200,1,1,201,,"Dentist Near Me in Napa, CA | Kenneth J. Bevan DDS",good,,2026-06-22T12:57:13+00:00
e92ded41-d790-4663-9cd9-c99be45a79e0,200,1,1,327,WordPress,Dentist Fairfield CA - Family Dentist | Freedom Dental,good,,2026-06-22T12:57:13+00:00
fb502a5d-d21f-452c-aa1a-f0b85f9225f0,200,1,1,850,WordPress,Trusted Dentist in Napa - Napa Valley Dental Group,good,,2026-06-22T12:57:13+00:00
8205da94-e446-4af9-8bcc-2c6bb0a2176c,200,0,0,192,,,weak,,2026-06-22T12:57:13+00:00
6a467372-3b0b-43ff-b6cb-57b8cf91e64e,404,1,0,555,,Site Unavailable,broken,,2026-06-22T12:57:13+00:00
01479a13-9ffa-4d0a-9827-c2316efb08ab,200,1,1,3950,,"DESIGN SHOWCASE - Project Photos &amp; Reviews - Napa, CA US | Houzz",good,,2026-06-22T12:57:13+00:00
6c868e04-b448-4a93-b0ab-7398718647af,200,1,1,672,,Encore Dental at Napa - Welcome,good,,2026-06-22T12:57:13+00:00
84f1729f-8186-4ad0-863e-c570db44de65,200,1,1,255,GoDaddy,Dental Implants Napa - Napa Dental Implant Center,good,,2026-06-22T12:57:13+00:00
bf962706-04c0-47e2-98c7-d8a4f71e38e4,200,1,1,364,WordPress,Trusted Dentist in Napa - Napa Valley Dental Group,good,,2026-06-22T12:57:14+00:00
bf274b3f-096a-4cf9-95f3-2e3ebb9dced4,200,1,1,405,Squarespace,Oakmont Dental General and Implant Dentistry,good,,2026-06-22T12:57:14+00:00
4741aa84-2f84-494f-ac79-6bdb73c0c660,200,1,1,442,WordPress,Dentist Petaluma CA - Whole Family Dental Care | North Bay Smiles,good,,2026-06-22T12:57:14+00:00
24d1c5fd-9517-4a73-9238-0f1cde9d3f88,0,0,0,117,,,broken,connection failed,2026-06-22T12:57:14+00:00
de21b447-0f04-4b5b-aafd-df76da0004ed,200,1,1,266,,Napa Dentist | Dentist in Napa | Dentist Napa - Redwood Dental,good,,2026-06-22T12:57:14+00:00
a4f17e77-7687-4817-a9f3-e099a40fdb75,200,1,1,3729,Wix,Simple Sophistication: Luxury tallow skincare &amp; cosmetics | Clean &amp; Natural beauty,good,,2026-06-22T12:57:14+00:00
748ee95d-c6ad-4a6e-8b0d-a6709142c37d,200,1,1,424,WordPress,Petaluma Valley Dental | Dentist &amp; Dental Implants | California,good,,2026-06-22T12:57:14+00:00
e989ef4a-c479-4ef2-9661-47764495d128,200,1,1,1879,WordPress,"Napa Valley CA Dentist | Vallejo Emergency Care, Dental Implants | 94558",good,,2026-06-22T12:57:14+00:00
d05de7a3-0ee5-4053-94eb-d6266b286212,200,1,1,851,,"Dentist in Napa CA, Cosmetic Dentistry, Smile Makeover 94558",good,,2026-06-22T12:57:14+00:00
d3086da5-7529-49da-b89b-20f066d9237d,200,1,1,281,WordPress,"Visit St. Helena, CA | Wine Country Travel, Events &amp; Local Experiences",good,,2026-06-22T12:57:14+00:00
4e40354e-b777-48d3-898b-c949b8897ef4,200,1,1,327,WordPress,"Dentist in Napa, CA | Local Dentist Valley Harvest Dental Care",good,,2026-06-22T12:57:14+00:00
49fe62d1-3179-48d8-8c42-94c5255bc25f,200,1,1,5319,WordPress,Silvermark Luxury Homes and Custom Construction Services,weak,,2026-06-22T12:57:14+00:00
0f91b068-14fe-4ed9-8a30-9f85a380decb,200,0,0,431,,"Napa Family Dentist | Hassan Taheri, DDS | Napa Vintage Dental Care",weak,,2026-06-22T12:57:15+00:00
325ddee3-36a5-4071-bf7c-7d9f303db612,200,1,1,833,Wix,St Helena Family Dentistry | Minimally-Invasive Family Dentistry,good,,2026-06-22T12:57:15+00:00
a8694243-3d4b-4067-a176-87158d50615b,200,1,1,343,Webflow,"Dentist in Napa, CA | Yarris Family Dental",good,,2026-06-22T12:57:15+00:00
077e6f99-8b78-4ea4-bab2-c12dc621be37,200,1,1,1090,WordPress,Napa CA Dentist - Dr. Rolinda Harsany,good,,2026-06-22T12:57:15+00:00
9bec3776-0d79-4f14-a61f-c35f0058e2d0,200,1,1,2446,WordPress,Luma Dental Health &#8211; Petaluma Dentist and Dental Clinic,good,,2026-06-22T12:57:15+00:00
b11a65d8-9f4a-418d-aaf2-2e5fe72f3ec3,200,1,1,952,WordPress,Wine Country Dermatology &#8211; by Dr. Brent Loftis,good,,2026-06-22T12:57:15+00:00
aab33424-1ca7-411d-bc2c-b3c17794c823,200,1,1,286,Wix,"HOME | Noble's Saloon | Middletown, CA",good,,2026-06-22T12:57:16+00:00
14b125c8-9a1a-43f6-89ef-e3b2918381d8,200,1,1,997,Shopify,Hanson of Sonoma,good,,2026-06-22T12:57:16+00:00
6e419b07-0782-4e56-a503-003bb7ae4b26,200,1,1,307,,Home | Heyde Family Law,good,,2026-06-22T12:57:16+00:00
eacbd710-14b6-46ab-abe4-f55d86a23fd5,404,1,1,389,WordPress,Page not found - Foursquare,broken,,2026-06-22T12:57:16+00:00
459cdd9b-f2ae-4b64-835d-8c9459fd8a82,200,1,0,841,,,weak,,2026-06-22T12:57:16+00:00
d5ed8e78-800b-4e5f-b194-9d88e6d6f5b4,200,1,1,150,WordPress,Home - Law Office of Jackie L. Martens,good,,2026-06-22T12:57:16+00:00
35602033-0140-4560-a13b-5efdd5f269e7,202,0,0,353,,,weak,,2026-06-22T12:57:16+00:00
53a7adac-ad07-4b83-aa3d-36956f9fe18e,200,1,1,2582,WordPress,"Smile Country Dental — Dentist Napa, Dentist Santa Rosa",good,,2026-06-22T12:57:16+00:00
3824ad04-2055-4e1c-a96f-c1fb855f085a,200,0,0,223,,Loading...,weak,,2026-06-22T12:57:16+00:00
2d455abf-abe4-4464-a7c0-921d7acda29c,403,1,1,148,,Just a moment...,broken,,2026-06-22T12:57:16+00:00
ad1ac3a4-04f0-4cb7-80ed-28c7f8ef4524,200,1,1,320,Squarespace,dogventures,good,,2026-06-22T12:57:17+00:00
23a0f029-4ad8-47dc-83d8-ed6e879cd3f6,200,1,1,2699,WordPress,"Expert Family Dentistry in Fairfield, CA | Valle Smiles",good,,2026-06-22T12:57:17+00:00
d363b2d3-8f91-484c-8276-b80f5141fbc3,0,0,0,109,,,broken,connection failed,2026-06-22T12:57:17+00:00
275cf132-81bf-4988-bc7f-35ecd4b0bc53,200,1,1,381,,Dry Cleaners Dry Cleaning Services St Helena Wedding Dress and Commercial Dry Cleaning St Helena,good,,2026-06-22T12:57:17+00:00
c2792798-7887-4acf-a005-570391ed165b,200,1,1,523,,"Sonoma Electrician | Residential Electrical, Commercial, Industrial",good,,2026-06-22T12:57:17+00:00
8512de23-ba14-4982-b23d-b3c8425fbd6a,0,0,0,818,,,broken,connection failed,2026-06-22T12:57:17+00:00
2475a1f8-6a24-4887-b9e8-7a47952fec94,200,1,1,370,WordPress,"Napa Electrician, MEL Electric Inc - Check out our prices and projects",good,,2026-06-22T12:57:17+00:00
5ee267cc-0f12-4446-8151-d5d70dca22eb,0,0,0,15041,,,broken,connection failed,2026-06-22T12:57:17+00:00
5b0168a4-835c-4046-86ee-8b2671c94ff6,200,1,1,870,,Maxwell Village Cleaners,good,,2026-06-22T12:57:17+00:00
35a65a33-5b26-4c8f-a451-625291c41a2c,0,0,0,111,,,broken,connection failed,2026-06-22T12:57:17+00:00
b468acec-2875-45e9-ba83-17628c6ca9ba,403,0,1,166,,Just a moment...,broken,,2026-06-22T12:57:18+00:00
d68b062a-500d-4c9d-b74e-e990f3f6824a,200,1,1,410,GoDaddy,Aerial Photo Media,good,,2026-06-22T12:57:18+00:00
dd1be5a2-7c64-4615-a697-8b70f3b9fb41,200,1,1,3214,WordPress,Barber Lee Spirits,good,,2026-06-22T12:57:18+00:00
aaf880a0-3399-48f3-b27b-37550bef06aa,200,1,1,374,Webflow,Brannan Center,good,,2026-06-22T12:57:18+00:00
9049fcba-50bd-4416-a73d-b1233b6374bf,200,1,0,640,,"Gregory Made Photography, LLC",weak,,2026-06-22T12:57:18+00:00
1a20177f-2719-4bc6-8355-c10016f0d42e,200,1,1,361,GoDaddy,About Glen Ellen Gathering - Wellness Business,good,,2026-06-22T12:57:18+00:00
2570eccc-648a-4ffe-9d57-fa2fc05f38e0,200,1,1,3102,,Moylan&#039;s Whisky &amp; Stillwater Spirits - Moylan's Distilling,good,,2026-06-22T12:57:18+00:00
1ecb88ab-eae7-41ce-9571-df7ebe9807be,0,0,0,15,,,broken,connection failed,2026-06-22T12:57:18+00:00
4ac26986-525b-4216-838f-5686b20f5264,404,0,0,135,,Site is not available,broken,,2026-06-22T12:57:18+00:00
76358742-4bfc-4e61-aa05-0a7f67e9f805,200,1,1,348,Squarespace,"Petaluma Event/Party Venue - Hall of the Above | Sonoma County | Community Event Venue | Petaluma, CA",good,,2026-06-22T12:57:18+00:00
c5192dac-1da0-4562-a964-9f706b39e06d,200,0,0,84,,,weak,,2026-06-22T12:57:18+00:00
430a28d4-9da3-4ee4-8f13-456c9fc3944a,200,1,1,3304,WordPress,HOME 1 - Lightning Spirits LLC.,good,,2026-06-22T12:57:18+00:00
7ecbdaf5-e1a3-4d62-a659-98161e0ab3ac,403,0,1,109,,Access Denied,broken,,2026-06-22T12:57:18+00:00
46e67a4b-0a67-4c8e-9389-a84bb6c36872,200,1,1,245,Squarespace,Maysonnave House,good,,2026-06-22T12:57:18+00:00
f40f2e5a-8089-43d8-88f4-b72b4f4b1f12,200,0,1,175,Squarespace,The Barn at Green Valley,weak,,2026-06-22T12:57:18+00:00
eb12cea8-3ce4-4c8b-8e4f-16f6cece9254,200,0,0,269,,"OnSite Exhibitor Service | Napa, CA 94558",weak,,2026-06-22T12:57:18+00:00
12c81914-a98e-41e6-aa48-42792150701f,0,0,0,112,,,broken,connection failed,2026-06-22T12:57:18+00:00
2dedbe1f-391c-4d15-8a53-b234958ebb44,404,1,1,249,,"Modern Event Space: The Overflow, Fairfield, CA | Event | Peerspace",broken,,2026-06-22T12:57:18+00:00
da49b6d9-4d90-4675-852a-0f82651acc1e,200,1,1,233,GoDaddy,Tucker Farm Center,good,,2026-06-22T12:57:18+00:00
8d2e916b-e8e0-4ed4-a13d-efbd75a39fa1,200,0,0,130,,,weak,,2026-06-22T12:57:18+00:00
de1486d5-87b0-4a27-a156-ee61acfcf1b5,200,1,1,273,GoDaddy,Home - Napa Grange #791 Venue,good,,2026-06-22T12:57:18+00:00
d83e0f33-624d-4223-ae07-c9713dc92ac1,200,1,1,507,,"Your New Favorite Party Scene | Napa Valley, CA",good,,2026-06-22T12:57:18+00:00
a28906bf-13e4-46a5-9e1c-0caedce7df64,200,1,0,486,Weebly,THE MAGNOLIA ROOM NAPA VALLEY - Home,weak,,2026-06-22T12:57:19+00:00
600a39b8-246c-4bb5-abe4-33712075774a,200,0,0,127,,,weak,,2026-06-22T12:57:19+00:00
772a61ed-95cc-4d87-b193-4badbc8f5214,200,1,1,252,Squarespace,CR Functional Fitness,good,,2026-06-22T12:57:19+00:00
31c02663-592b-4f4e-8192-4a89ac5e1363,200,1,1,2219,WordPress,Fairfield County Central - Since 2009 - As local as it gets!,good,,2026-06-22T12:57:19+00:00
1c2a3e69-82c5-4cca-9f93-aa100f602e56,200,1,1,800,Squarespace,Wedding Planner and Celebration Of Life Event Planner based in Napa California | Lovely Day Events,good,,2026-06-22T12:57:19+00:00
901ae683-beff-42b3-8add-85578dfa882e,200,1,1,319,,KO Performance,good,,2026-06-22T12:57:19+00:00
8e095757-783f-4418-ac86-56118f93ec5d,200,1,1,288,,Best Florist In California | Bloome Babe,good,,2026-06-22T12:57:19+00:00
703acbb2-2416-4d46-8c7e-6d590986655e,200,1,1,318,GoDaddy,Au Thentic,good,,2026-06-22T12:57:19+00:00
50fa8f0b-be12-4545-88f2-42eb817e0533,200,1,1,152,Shopify,Hartford House,good,,2026-06-22T12:57:19+00:00
6e1890f6-6781-4a85-b1c2-a459a1804b86,200,0,0,121,,This site is under development,weak,,2026-06-22T12:57:19+00:00
6698fe62-9b7d-43b4-9d3f-cb4ff9fdcf4c,200,1,0,246,Shopify,Gifts from Chef Thomas Keller&#39;s Restaurants and Bakeries,weak,,2026-06-22T12:57:19+00:00
bcb3625c-6ff0-414a-9a2f-70be83d94343,200,1,1,315,Squarespace,Field Trip,good,,2026-06-22T12:57:19+00:00
5859d768-c05c-47d4-a108-43a58a399685,200,1,1,435,Shopify,"Camino - Gifts, Goods, + Curated Vintage",good,,2026-06-22T12:57:19+00:00
73f0d57a-85f6-4019-8c63-b47cb233dabc,402,1,1,273,Shopify,Store unavailable,broken,,2026-06-22T12:57:19+00:00
585d3970-f0c5-4ffe-ab3d-120a51472fcc,200,1,1,319,WordPress,French Florist: Premier Floral Boutique. Same Day Delivery.,good,,2026-06-22T12:57:19+00:00
bafb3c8f-66fa-4d66-a503-66f0d4d7552a,200,0,0,120,,"Marisa's Fantasia | Christmas Fantasia | fine gift and holiday decor shops in Petaluma, California",weak,,2026-06-22T12:57:19+00:00
57835866-90d1-41b6-8e7a-55447f7d72eb,200,1,1,633,,Farmer&#039;s Closet,good,,2026-06-22T12:57:19+00:00
3c94dcf1-aced-442c-aa7b-7a4bf80a9354,200,1,1,338,GoDaddy,HOME,good,,2026-06-22T12:57:19+00:00
4b4bdbdb-4653-4e65-9c59-62446b5ff5ca,403,1,0,383,,403 Forbidden,broken,,2026-06-22T12:57:19+00:00
a5e3311e-35ef-460c-a9b3-b4054e0b5bcc,200,1,1,407,Squarespace,LOTUS Boutique &amp; Marketplace,good,,2026-06-22T12:57:19+00:00
9a537a00-a702-4f3d-a412-2e36a240cd9d,200,1,1,369,Shopify,Gift Basket Delivery | Wine Gift Baskets | Napa Sonoma Supply,good,,2026-06-22T12:57:19+00:00
c2739149-214c-45de-a4b8-ff3906d3e6d1,200,0,1,191,,Coming Soon,weak,,2026-06-22T12:57:19+00:00
9c5bdcbe-8c1f-4e28-9de4-1069b89b6812,200,1,1,393,Squarespace,Petaluma floral,good,,2026-06-22T12:57:19+00:00
a327f372-dc2b-4839-b2a6-b6bc44ecae2b,200,1,1,178,GoDaddy,St. Helena Florist,good,,2026-06-22T12:57:19+00:00
0f0a07ee-1c0b-4a01-bc3d-c19d1cba355b,0,0,0,41,,,broken,connection failed,2026-06-22T12:57:19+00:00
f1ed3523-3ce8-4faf-aee4-ce57c34baa55,200,1,1,433,Squarespace,PoppyStone Floral Design - Wedding Florist in Napa California,good,,2026-06-22T12:57:20+00:00
26d9542e-8759-44b7-9308-4c278ca0a217,202,0,0,157,,,weak,,2026-06-22T12:57:20+00:00
fcf7ca33-dba3-4f9f-a345-2769c3b5c074,200,1,1,730,Weebly,Home | Marmalade Sky Floral Design,good,,2026-06-22T12:57:20+00:00
353deb4a-0ae9-4d76-8435-8ebba426e25a,0,0,0,42,,,broken,connection failed,2026-06-22T12:57:20+00:00
c7eeeb7a-6d21-454c-a27b-0ef9d7802e2b,200,1,1,313,GoDaddy,SoulInu.com is for sale | HugeDomains,good,,2026-06-22T12:57:20+00:00
78f03d20-bae1-49cf-b625-6ee726eb7faf,200,1,1,46,,SANTE - Restaurant in Sonoma,good,,2026-06-22T12:57:20+00:00
3d6b607b-68ef-460f-a83a-690f7eee1bfb,200,1,1,459,Squarespace,The Monkey Flower Group,good,,2026-06-22T12:57:20+00:00
cb6f6b2f-95aa-4a91-ac64-22dbe1b18f1c,409,0,1,197,,DNS resolution error | www.ringoffirenapa.com | Cloudflare,broken,,2026-06-22T12:57:20+00:00
39f41e6d-9933-47f9-b621-7c5ec759676d,409,0,1,268,,DNS resolution error | www.eroaddesigns.com | Cloudflare,broken,,2026-06-22T12:57:20+00:00
54104929-f3c4-4167-a9c7-437de5f402bf,200,1,1,731,Shopify,"The Bennington Napa Valley | Specialty Gift Shop | Napa Valley &ndash; The Bennington Napa Valley, Inc",good,,2026-06-22T12:57:20+00:00
3860baf9-00bf-43bd-9216-74c1be5c8686,200,1,1,932,,Sal The Flower Guy | Napa Flower Delivery,good,,2026-06-22T12:57:20+00:00
943ba1d0-76b4-4601-8cd8-5433301ee15e,200,1,1,226,Squarespace,Pohan&#39;s | Custom Furniture &amp; Upholstery,good,,2026-06-22T12:57:20+00:00
e4b0a411-e61a-495a-b83f-bd6cdf2d91e8,0,0,0,120,,,broken,connection failed,2026-06-22T12:57:20+00:00
4de38e4d-dedd-4c5f-ba63-038d8956bdc0,200,0,0,317,,Terry Miller Piano Technician,weak,,2026-06-22T12:57:20+00:00
fdc13971-5f0e-487f-8a3d-a2a610c467fa,0,0,0,104,,,broken,connection failed,2026-06-22T12:57:20+00:00
06c12837-0ddf-44a3-8b28-5da70a691c2f,0,0,0,235,,,broken,"ssl: HTTPSConnectionPool(host='reocart.com', port=443): Max retries exceeded with url: / (Caused by SSLEr",2026-06-22T12:57:20+00:00
35b83b0a-3c3a-4b5d-9864-599cbe719ac8,200,1,1,897,Weebly,Home | My Site,good,,2026-06-22T12:57:21+00:00
01134483-0fd2-4fdc-9c8f-c10217555124,200,1,1,514,Shopify,Cetohome,good,,2026-06-22T12:57:21+00:00
bff8c762-fb77-49d1-ab73-1bf84334ddad,403,1,1,132,,Just a moment...,broken,,2026-06-22T12:57:21+00:00
0fd7ae03-a89e-4709-9579-d51a9964f72f,200,0,1,1830,WordPress,"Palmgren&#039;s Engravables &amp; The Petaluma Store | One historic building, two great stores!",weak,,2026-06-22T12:57:21+00:00
ba60a84a-a9bf-4158-a4be-1e81814f496e,200,1,1,665,WordPress,Custom Wallbeds San Francisco Bay | Hand Crafted Wallbeds CA,good,,2026-06-22T12:57:21+00:00
75b90a58-a5f7-4057-a69a-b281c8933230,200,1,1,730,WordPress,Napa Valley Cannabis Dispensary &amp; Delivery | The Herbivore,good,,2026-06-22T12:57:21+00:00
ef2d5570-1a6f-4a97-b042-27ca9a719df1,0,0,0,148,,,broken,"ssl: HTTPSConnectionPool(host='www.southyardnapa.com', port=443): Max retries exceeded with url: / (Cause",2026-06-22T12:57:21+00:00
033e325f-0f02-4876-ba76-738ee2621a2d,0,0,0,44,,,broken,connection failed,2026-06-22T12:57:21+00:00
ae96f0fc-57cd-4a50-95b7-03e4403b6563,202,0,0,219,,,weak,,2026-06-22T12:57:21+00:00
d4d7bbb5-3253-47e8-b670-58daf7db5dbc,200,0,0,34,,,weak,,2026-06-22T12:57:21+00:00
0eb60639-4995-4a1c-9f26-e943174d6c28,200,1,1,181,WordPress,"Dentist in Calistoga, CA | Calistoga Dental Group",good,,2026-06-22T12:57:21+00:00
84c7c57c-bbc2-4e6a-bfad-290d192d32de,200,1,1,1113,Shopify,Organic Erotic,good,,2026-06-22T12:57:21+00:00
4caa4b18-8384-447d-b547-6e6eae859682,200,0,0,434,,Sesame Communications&trade;,weak,,2026-06-22T12:57:21+00:00
52ae314d-b8a4-440b-b173-e0f8d67e7606,0,0,0,352,,,broken,"ssl: HTTPSConnectionPool(host='www.dentistfairfieldca.com', port=443): Max retries exceeded with url: / (",2026-06-22T12:57:22+00:00
83bf61ea-3d36-4e9d-953d-6757b325f1ee,200,1,1,221,,Dentist in Napa | Northern Napa Cosmetic Dentist | Napa Dentist,good,,2026-06-22T12:57:22+00:00
5ccbe481-4a52-4fe3-93ec-103e894a7d1a,200,1,1,1928,WordPress,"Meal Prep Services Santa Rosa, California | Sonoma Fit Meals",good,,2026-06-22T12:57:22+00:00
85eb683b-ed89-4889-8d9b-7532799ec103,0,0,0,109,,,broken,connection failed,2026-06-22T12:57:22+00:00
a7af12a3-e1b6-432f-9db4-e83588ded1ca,200,0,1,1254,Wix,"WINE COUNTRY DECOR | custom furniture | 6001 Sonoma Highway, Santa Rosa, CA, USA",weak,,2026-06-22T12:57:22+00:00
cd477d31-c38e-4579-8df6-27086d9bc422,200,1,1,1035,,"Best American Restaurant in Fairfield, CA | Slanted Tree",good,,2026-06-22T12:57:22+00:00
a7470cd4-d107-4336-9078-c7674da8191f,200,1,1,212,,Crafting Beautiful Smiles in Sonoma | Sonoma Springs Dental,good,,2026-06-22T12:57:22+00:00
12c360de-f10c-4247-a198-652601701e95,200,1,1,707,GoDaddy,Hygienease Dental,good,,2026-06-22T12:57:22+00:00
289398dd-95b4-4f2c-aa38-3753fd9bd212,0,0,0,42,,,broken,connection failed,2026-06-22T12:57:22+00:00
e3fc5efb-2fe6-491f-8cab-a90c46a9908d,200,1,0,146,,,weak,,2026-06-22T12:57:22+00:00
7eee4c8a-7825-4985-9f34-6a951d8dcf74,200,1,1,368,Wix,Petaluma Dentist | Permalla Dental Care | Green Dentist | cosmetic dentist | 855 Lakeville St Ste 101 Petaluma California 94952,good,,2026-06-22T12:57:22+00:00
fbc02d20-1da9-4dbb-ae63-2500c30dca9e,0,0,0,117,,,broken,connection failed,2026-06-22T12:57:22+00:00
6b90c6cc-11b2-4a9f-81d2-ea61da34d450,200,1,1,1409,WordPress,"Pub Republic - Local, Organic, Fresh",good,,2026-06-22T12:57:22+00:00
deb327ce-397f-4c18-88dc-5505e1838152,200,1,1,338,Squarespace,FitNV,good,,2026-06-22T12:57:22+00:00
63870eca-9b5d-41d8-972e-67059e8b0a4b,200,1,1,485,GoDaddy,Core Community Fitness,good,,2026-06-22T12:57:22+00:00
8e3c36d9-8a54-4e12-bda5-e9f0c8223559,200,1,1,828,WordPress,"Dentist in Santa Rosa, CA | Santa Fe Dental Group",good,,2026-06-22T12:57:22+00:00
dd7c7559-5778-4ceb-8d3f-b1169d8ac105,200,1,1,347,Wix,HOME | Luma Fitness,good,,2026-06-22T12:57:22+00:00
cdc08996-6806-4733-9834-c5e8c6652407,200,0,0,163,,IIS Windows Server,weak,,2026-06-22T12:57:22+00:00
4354aee3-e289-4221-a942-41b93e35fd7a,200,1,1,553,,Home - Jco Fitness,good,,2026-06-22T12:57:22+00:00
6f042f95-6ede-4df2-975c-2ea471a319e3,200,1,1,732,Shopify,Danny Valencia Fitness,good,,2026-06-22T12:57:23+00:00
69a8ed88-37f5-4a67-a508-a63107e58794,404,1,0,147,,Not Found,broken,,2026-06-22T12:57:23+00:00
47580d85-58a5-4ed3-a567-f08ef3fac2ee,200,1,1,900,,Instagram,good,,2026-06-22T12:57:23+00:00
8bbb0fc3-d49a-4792-8aa4-91fa6e590ed9,0,0,0,281,,,broken,connection failed,2026-06-22T12:57:23+00:00
ffaa1d40-37a2-46d2-879f-a8d432378801,0,0,0,184,,,broken,connection failed,2026-06-22T12:57:23+00:00
25c6e3b1-0947-4e29-9a09-39a56972d0a0,0,0,0,102,,,broken,connection failed,2026-06-22T12:57:23+00:00
ec1c3bf1-b82e-44fa-84d1-dcf255370742,200,1,1,525,Wix,Napa Aerial Fitness,good,,2026-06-22T12:57:23+00:00
ac1532f3-e2ca-4c03-a8c7-0dd2ce484e6e,0,0,0,309,,,broken,connection failed,2026-06-22T12:57:23+00:00
ba26c293-4ef6-4e9d-80b9-6417d3e82c51,0,0,0,87,,,broken,connection failed,2026-06-22T12:57:23+00:00
f31a1026-efc8-4df9-a3b8-e7b020290733,200,1,1,485,Shopify,Mastery of Sports &ndash; Mastery of Sports Napa,good,,2026-06-22T12:57:23+00:00
dd8ee5b7-5d77-43b4-a2e5-6561b338e6c0,200,1,1,237,Squarespace,New Guest Appointment &mdash; Hair Replacement by Itzel,good,,2026-06-22T12:57:23+00:00
bceb7594-c84e-4665-8e53-bcc4ce506752,200,1,1,891,,Pure Barre Napa | Try a Free Barre Class,good,,2026-06-22T12:57:23+00:00
de14e822-2114-444e-a3c5-7bdb57893c7a,200,1,0,543,,View Fairfield Suisun Unified's Gift List,weak,,2026-06-22T12:57:23+00:00
e86d1c1d-034e-42f2-b39a-c68cd5badcff,0,0,0,616,,,broken,"ssl: HTTPSConnectionPool(host='unstoppablefitness.info', port=443): Max retries exceeded with url: / (Cau",2026-06-22T12:57:23+00:00
0567af91-5318-4618-a6af-10b9c6b7abd9,200,1,1,902,Webflow,Sonoma Training | Group + Personal Training Gym in Sonoma,good,,2026-06-22T12:57:23+00:00
8ee35a5d-1d83-46fa-8cd8-89459bdfb0e3,200,1,1,356,Squarespace,ADORE HAIRDRESSING | Book Your Curl Consultation Today,good,,2026-06-22T12:57:23+00:00
d131e74a-7ac3-4f95-909d-75d5ed4ace56,404,0,0,307,,,broken,,2026-06-22T12:57:24+00:00
7aa931fe-dae0-4e64-aab1-a96a71361284,200,1,1,845,Shopify,Everything Hand Tied,good,,2026-06-22T12:57:24+00:00
657ae67e-a46d-4a6d-8f02-9a995e8b70f4,0,0,0,109,,,broken,connection failed,2026-06-22T12:57:24+00:00
b988f79b-2fd1-4ef7-ad64-36bc3cd659fd,200,1,1,345,Squarespace,Beauty House Salon Suites,good,,2026-06-22T12:57:24+00:00
580fedc3-e943-4798-b1d4-aa517d6ac433,200,1,1,359,Wix,Crown Hair Salon | Creating Beautiful Hairstyles in Petaluma CA,good,,2026-06-22T12:57:24+00:00
6c0ed38b-0174-41ac-8577-3c837c142342,200,1,1,280,Squarespace,estela salon – sonoma,good,,2026-06-22T12:57:24+00:00
e415d106-02fb-486a-bfd5-3408fff4dea2,200,1,1,262,Squarespace,Elevate Salon Studios,good,,2026-06-22T12:57:24+00:00
bed86b9c-e96a-4c82-b501-6db6b960e370,200,1,1,12064,WordPress,Dental Care American Canyon | Dentist American Canyon CA,weak,,2026-06-22T12:57:24+00:00
ec443510-404f-437f-9e82-09ac3937c65c,200,1,1,384,,Pest Control Companies Knoxville TN | Otis Pest Control,good,,2026-06-22T12:57:24+00:00
b8dfecad-fa6d-4cc8-97cd-0ad21e9f1fb5,200,1,1,472,,GioBBeauty | Head Spa in Solano County,good,,2026-06-22T12:57:24+00:00
fbe33793-d4bf-4d80-b94e-428a7c7a92a6,200,1,1,230,GoDaddy,Home - High Society Salon &amp; Boutique,good,,2026-06-22T12:57:24+00:00
db54bc38-9034-4dd5-803d-1ec21b080ca5,200,1,1,571,Weebly,,good,,2026-06-22T12:57:24+00:00
4ae5b052-e949-454e-984a-1a7a2f46fd75,200,0,1,392,WordPress,Shop - Hair By Monica,weak,,2026-06-22T12:57:24+00:00
d6b3b40b-df32-40c6-8eaf-4160a05a1e47,200,0,0,196,,,weak,,2026-06-22T12:57:24+00:00
bd5019b8-4854-4165-9b54-3bc3470dae98,404,1,1,1149,,Vagaro | Page not found,broken,,2026-06-22T12:57:24+00:00
44070518-b1d4-47e6-90cf-c4fd12a428c8,0,0,0,112,,,broken,connection failed,2026-06-22T12:57:24+00:00
206840fc-59e2-4be0-b18f-968824bb8027,200,1,1,537,Wix,Hulu Salon,good,,2026-06-22T12:57:24+00:00
be04dac1-9c93-4747-b0b8-470de9683525,200,1,1,399,Squarespace,La Fresa Salon,good,,2026-06-22T12:57:24+00:00
32be2c4b-f532-4ec7-95b4-1dc410bd2514,200,1,1,304,Squarespace,"Mission the Salon | Petaluma, CA",good,,2026-06-22T12:57:24+00:00
cf440e89-43c5-4f8e-a726-b7abe2813854,200,1,1,305,Squarespace,Be Beautiful,good,,2026-06-22T12:57:25+00:00
5c3734af-b078-4641-86fa-d32de675a810,200,1,1,582,Wix,Home | LionsTigersAndHair,good,,2026-06-22T12:57:25+00:00
7ef44ad6-8bb5-4b53-a7b1-f1d42f3299a5,200,1,1,284,Squarespace,Ōryn salon,good,,2026-06-22T12:57:25+00:00
92a48620-0b48-4c5e-ab91-c40de5abc08a,200,0,1,371,Squarespace,Ava Lane Hairdressing,weak,,2026-06-22T12:57:25+00:00
1fb248ee-d786-43f2-8b49-176393bce345,200,1,1,135,Webflow,"Solo Hair Design, Beauty Salon, 620 Petaluma Blvd N Ste H",good,,2026-06-22T12:57:25+00:00
2933ee8f-52d8-4df9-b420-212522d64a5b,200,1,1,607,GoDaddy,Top Hair Stylist at Panache Salon | Expert Hair Styling,good,,2026-06-22T12:57:25+00:00
55a8095e-0965-4883-a987-baaadc16bfed,0,0,0,47,,,broken,connection failed,2026-06-22T12:57:25+00:00
9350b196-8cf5-42c9-b60d-f0df99615791,0,0,0,37,,,broken,connection failed,2026-06-22T12:57:25+00:00
801689a5-af42-468a-a0b7-2e5cc466927e,200,1,1,178,,Studio 132: Recording Studio in Oakland,good,,2026-06-22T12:57:25+00:00
63e055aa-5ccc-4ade-adda-5dfda24bca3d,200,1,1,601,Wix,SUGAR Petaluma | the sweetest hari around | SF North Bay Haircolor Styling and Extensions | Sugar Salon,good,,2026-06-22T12:57:25+00:00
49e39a67-556a-4530-96b3-390e9362e4a6,200,1,1,232,Squarespace,The Pine,good,,2026-06-22T12:57:25+00:00
eb72c6f8-1849-45c3-a79d-ea0e6d159138,200,1,1,864,,California Board of Barbering and Cosmetology,good,,2026-06-22T12:57:25+00:00
b7e67629-7707-435a-981b-a7291c53a5b4,200,1,1,1919,,Home,good,,2026-06-22T12:57:25+00:00
d0916f2c-8ed8-42fe-a00a-f0cf8c933b4f,200,1,1,834,,California Board of Barbering and Cosmetology,good,,2026-06-22T12:57:25+00:00
3dd78250-dd9e-46da-ae20-b28d7d8a3da1,200,1,1,460,,The Sacred Hive Salon,good,,2026-06-22T12:57:26+00:00
682dd2ce-3901-41a5-ae3d-3c818987b5c8,404,1,1,248,Wix,,broken,,2026-06-22T12:57:26+00:00
01331e4c-3e32-499f-82f0-6cf98c2da173,403,1,0,214,,amway.com,broken,,2026-06-22T12:57:26+00:00
fdce4679-b731-493b-a541-c9020e94d975,200,1,1,361,GoDaddy,Sonoma Beauty Supplies &amp; Salon,good,,2026-06-22T12:57:26+00:00
460804ea-f9a3-46b3-b7a5-3e59c1ead7c5,200,1,1,506,Shopify,Glitzbeauty,good,,2026-06-22T12:57:26+00:00
25b233ae-e53a-461f-830e-5ac68482caca,0,0,0,4140,,,broken,connection failed,2026-06-22T12:57:26+00:00
a4c383ba-934f-42c7-b20a-16c761292ad2,200,1,1,454,Wix,"Handyman Services in Petaluma, CA | GottaGuy Services",good,,2026-06-22T12:57:26+00:00
ce76bd00-4a24-4d97-8fd4-ce87fe575d6b,404,1,1,1449,,Vagaro | Page not found,broken,,2026-06-22T12:57:26+00:00
7c38bd81-bc3c-4c64-b5be-e623ea658787,200,0,1,174,WordPress,Parked Domain name on Hostinger DNS system,weak,,2026-06-22T12:57:26+00:00
63070b03-6d27-47fa-b612-7c314771966c,202,0,0,217,,,weak,,2026-06-22T12:57:26+00:00
87394090-3ddd-4db7-811d-808a57d3c458,403,0,1,125,,Attention Required! | Cloudflare,broken,,2026-06-22T12:57:26+00:00
b64f5095-15c0-4129-a454-cee30e23cf8e,200,1,1,381,Squarespace,360 Health + Wellness,good,,2026-06-22T12:57:26+00:00
35be462b-929e-407f-9fe5-0091c1bef22c,200,1,1,303,,Home | Himalayan Sherpa Kitchen,good,,2026-06-22T12:57:26+00:00
b535dad7-63ce-4a00-93a4-7c5af06d9167,200,1,1,118,WordPress,Boom Glizzy &#8211; the best hotdogs in town,good,,2026-06-22T12:57:26+00:00
11f9b692-fc75-4bca-915f-a3b0c3b95b16,200,0,1,186,Squarespace,HOTEL PROJECT SONOMA,weak,,2026-06-22T12:57:26+00:00
5694214a-8677-485d-a104-62654863e748,200,0,0,113,,,weak,,2026-06-22T12:57:26+00:00
dc25bd48-c1b9-471b-8ad1-ef2ae6745d81,200,1,1,289,WordPress,"Best Carpet Cleaning Service in Napa Valley, CA - Extreme Steam",good,,2026-06-22T12:57:26+00:00
e9ee024a-4d1a-4ed9-81be-e843515bb090,200,1,1,294,GoDaddy,Front Page - TAP&#039;D Draft Solutions,good,,2026-06-22T12:57:26+00:00
14beae9f-20f5-4650-b3d6-6e30ba3e8e18,200,1,1,9013,GoDaddy,Professional Real Estate Photography Services,weak,,2026-06-22T12:57:26+00:00
d0a4dd24-2d0e-48c8-abe9-f44f15c03733,200,1,0,251,,"Calistoga, CA Hotel In Napa Valley - The Bergson",weak,,2026-06-22T12:57:26+00:00
942427c6-0cec-416a-ba2e-2f65c7a75b22,200,0,1,523,WordPress,Home &amp; Office Cleaners - Sonoma Clean House,weak,,2026-06-22T12:57:26+00:00
c19804f1-942e-4307-8857-ba5615dd67ae,200,1,1,375,,Stanly Ranch Luxury Hotel & Resort in Napa Valley | Auberge Collection,good,,2026-06-22T12:57:26+00:00
9cda72ff-f765-4b09-aa52-ed30f62fea3e,0,0,0,106,,,broken,connection failed,2026-06-22T12:57:26+00:00
7c5908e0-11d1-4ad3-9ea6-528335f416e0,200,0,0,92,,,weak,,2026-06-22T12:57:26+00:00
1eade9fe-714b-419c-bafb-a5206d552c2b,0,0,0,111,,,broken,connection failed,2026-06-22T12:57:27+00:00
73c303bb-d167-417e-9530-ea18556b316b,200,1,1,658,WordPress,Luxury 5 Star Napa Lifestyle Hotel | Sttupa Estate,good,,2026-06-22T12:57:27+00:00
0e666d94-b62b-427f-80e2-133579a60f7c,200,1,1,383,Squarespace,"Sonoma County Heating &amp; Air Reliable Furnace, AC &amp; Heat Pump Service You Can Trust",good,,2026-06-22T12:57:27+00:00
88014b40-2571-4769-a544-cb2de6676626,200,1,1,609,WordPress,Napa Valley - The Setting Inn,good,,2026-06-22T12:57:27+00:00
0c31900c-b366-40db-a33f-6bef2917e328,200,1,1,800,,Napa Valley Luxury Real Estate | The Orchard at The Carneros,good,,2026-06-22T12:57:27+00:00
ecfcd3cd-03a9-40c9-a9f1-a56e93c9ce14,200,1,1,1034,,R INN NAPA | BOUTIQUE HOTEL IN DOWNTOWN NAPA,good,,2026-06-22T12:57:27+00:00
a3a58b45-6922-480d-9677-b333fc8fba51,200,1,1,952,,The George | Napa's Newest Boutique Hotel,good,,2026-06-22T12:57:27+00:00
e84b59d7-bb2f-49e9-a25a-b2aceac6d085,200,1,1,387,,California Immigration Lawyer | Adjustment Of Status and Immigration Attorney | CaliforniaLawyersPro.com,good,,2026-06-22T12:57:27+00:00
1b70b5bc-96b7-42d1-b205-f2e28b24ac15,200,1,1,1285,,"Akun Demo Wukong Gacor X10000 Pragmatic Play, PG Soft Demo Super Black Scatter Gratis X500",good,,2026-06-22T12:57:27+00:00
441a229b-92fe-4384-b36e-1f6504c29d45,200,1,1,609,Wix,Warm Floors | Radiant Floor Heating &amp; Cooling in California,good,,2026-06-22T12:57:27+00:00
0d388c66-c76e-4f66-a6e1-0b4de2f517ca,200,1,1,412,,Chaats Cuisine Fairfield,good,,2026-06-22T12:57:27+00:00
9129829d-1106-466e-bdb1-0022d5ba06d4,403,1,1,60,,Just a moment...,broken,,2026-06-22T12:57:27+00:00
bb1b7c41-3a79-47f7-a659-b0511b499d93,200,1,1,474,,Home | Everest Restaurant,good,,2026-06-22T12:57:27+00:00
ef4ec622-1d01-4098-9ae6-5c6912f35e2d,200,1,1,475,,Home | Yak &amp; Yeti,good,,2026-06-22T12:57:27+00:00
dda2e21b-0338-4b0c-80bb-d5a70b4e80e2,200,1,1,351,,Rancho Caymus Inn | Boutique Napa Valley Hotel,good,,2026-06-22T12:57:28+00:00
c2145646-f203-4d6c-a9fd-8f35ba4f4fa6,200,1,1,242,Squarespace,Calistoga Inn,good,,2026-06-22T12:57:28+00:00
07750a9d-d6fa-4b25-8f0e-fe57f6b4c11d,404,1,1,260,Wix,,broken,,2026-06-22T12:57:28+00:00
b20b46c9-4d3b-44e1-aad3-bf364a50d262,200,1,1,460,Squarespace,The Cottage Inn + Spa,good,,2026-06-22T12:57:28+00:00
212399ff-c38e-474e-9116-4cde99fabae5,200,0,0,182,,,weak,,2026-06-22T12:57:28+00:00
db3a39b6-0b80-4310-981f-e0421a0ca75f,200,1,1,719,,"Castello Victorian Inn | Historic Napa Valley Inn - Calistoga, CA",good,,2026-06-22T12:57:28+00:00
32b66411-f74d-4684-a803-c319f3418310,200,0,0,189,,,weak,,2026-06-22T12:57:28+00:00
50552c07-2533-4b7c-856e-d6da693233c2,200,1,1,349,Squarespace,"Interior Designer Sonoma County, CA | Fletcher Rhodes",good,,2026-06-22T12:57:28+00:00
a8b32f10-7825-431c-8283-45097209876b,200,0,0,135,,,weak,,2026-06-22T12:57:28+00:00
eafcc185-993b-48a2-bc15-08e19ca728dc,200,1,1,381,,HOME - Form & Fixtures,good,,2026-06-22T12:57:28+00:00
ea145c04-c2f8-448e-9a87-43ad73d801d6,0,0,0,106,,,broken,connection failed,2026-06-22T12:57:28+00:00
5ed6bdcb-a9a6-4e39-b400-21ad82918787,200,1,1,143,Webflow,"Royal Interior Designs, Interior Decorator, 3149 California Blvd Ste I",good,,2026-06-22T12:57:28+00:00
91d94f12-60fc-4a63-850d-2a4663260fa7,0,0,0,664,,,broken,connection failed,2026-06-22T12:57:28+00:00
a7a41273-9469-4ef9-b05d-5476ce339fbe,200,1,1,442,Squarespace,McCarthy Design- Residential Design &amp; Drafting - Building Permits,good,,2026-06-22T12:57:28+00:00
8416d9f8-2dab-4181-b9e4-067075b0fb34,403,1,1,252,,Just a moment...,broken,,2026-06-22T12:57:28+00:00
7e186568-7704-48b4-9aaf-a0ff892caaa7,200,1,1,220,Wix,Capo29 Restaurant | C29 | Italian Food and Wine in St Helena | California,good,,2026-06-22T12:57:28+00:00
e5e50ba8-742c-4dfa-83f3-9004313c33bd,200,1,1,452,Squarespace,SDL Residential Design [] Architecture &amp; Interior Design [] Remodels &amp; Renovations,good,,2026-06-22T12:57:28+00:00
7e527deb-2712-4c18-9a02-5f38000a3211,200,1,1,901,Weebly,,good,,2026-06-22T12:57:28+00:00
1ab5d100-41d5-4249-bd50-85fb306fc323,200,1,1,211,,Home - Jacob&#39;s Restaurant,good,,2026-06-22T12:57:29+00:00
8d100876-8506-4788-a578-20ed4cf8647a,200,1,1,280,Squarespace,Filippis Pizza Grotto,good,,2026-06-22T12:57:29+00:00
a1da2ee0-9952-41d3-927e-d35ca3980a4b,0,0,0,25,,,broken,connection failed,2026-06-22T12:57:29+00:00
e12741d3-d57d-4759-8ca9-d2317eaaf61e,200,1,1,319,Squarespace,Il Posto Trattoria,good,,2026-06-22T12:57:29+00:00
150c7db5-ae01-46cb-b841-a4ccbcab8de4,200,1,1,213,,Home - L&#x27;Oro di Napoli - Italian Restaurant in CA,good,,2026-06-22T12:57:29+00:00
81e47d90-89e2-4c99-b9cc-d2b22f9801e2,200,1,1,518,,"Cucina Paradiso, the finest Italian restaurant in Petaluma and Sonoma County",good,,2026-06-22T12:57:29+00:00
a8a56aee-f903-4ac4-bee7-f3b36d6e4c33,200,1,1,421,,"Oenotri | Italian Restaurant in Napa, CA",good,,2026-06-22T12:57:29+00:00
e5ae3351-3290-446c-bc1d-4f670ff951d0,200,1,1,1924,WordPress,Downtown Napa Valley Bed &amp; Breakfast - Blackbird Inn Napa,good,,2026-06-22T12:57:29+00:00
59c36ebc-66fc-4833-afdb-1ae6c12daa96,200,1,1,565,Wix,Home Page | Lasagna Con Amore,good,,2026-06-22T12:57:29+00:00
9ac4608a-6b04-444d-b7e3-8f3ae2e60a55,200,1,1,382,Squarespace,Scala Osteria &amp; Bar | Scala Osteria &amp; Bar,good,,2026-06-22T12:57:29+00:00
4afe84d9-b6b4-498e-b077-c65015a0e949,0,0,0,15301,,,broken,connection failed,2026-06-22T12:57:29+00:00
106d4486-aea5-4f34-9af6-c9a74bdf55f2,0,0,0,119,,,broken,connection failed,2026-06-22T12:57:29+00:00
b65885f4-1264-4d7d-aa61-30078ce7b35b,200,1,1,586,Wix,HOME | Ristorante Pasta D,good,,2026-06-22T12:57:29+00:00
a73161c1-ba40-4ae9-ba84-f5ac61233f2c,200,1,1,211,GoDaddy,"Morimoto Asia Napa - Inventive, high-end Japanese fare &amp; artful cocktails presented in glamorous yet Zen surroundings.",good,,2026-06-22T12:57:29+00:00
b56b19a2-f5d4-4f85-bf52-ebbe26ec0ff3,403,1,1,71,,Just a moment...,broken,,2026-06-22T12:57:29+00:00
e264ef49-80e2-4632-b774-c38b6bc8c4cc,0,0,0,105,,,broken,connection failed,2026-06-22T12:57:29+00:00
cdf833e0-e74b-4d92-a72f-a357fa37dc2f,200,1,1,481,WordPress,"Sake 107 | (707) 241-7580 | 107 Petaluma Blvd N in Petaluma, CA",good,,2026-06-22T12:57:29+00:00
b6e51a26-4338-4e05-9ba7-0327f50746a4,200,1,1,308,Shopify,Spiral Jewelry &amp; Artisery,good,,2026-06-22T12:57:30+00:00
36c3278c-690f-4fc4-a0c6-a5f6df24e659,200,1,1,355,Shopify,Hartford House,good,,2026-06-22T12:57:30+00:00
b23308ad-8018-4998-bedc-8790f9addecc,200,1,1,530,Shopify,Palladium Fine Jewelry,good,,2026-06-22T12:57:30+00:00
20a75c41-721a-43a8-b73d-364b03511773,200,1,1,269,Squarespace,"Landscaping Company in Sonoma, CA | BayTerra Landscapes Inc.",good,,2026-06-22T12:57:30+00:00
6502db8e-481c-4b1f-8799-9216c8f54c62,200,1,1,397,,"Contact DOV Landscaping Napa CA, Lawn Service Estimates",good,,2026-06-22T12:57:30+00:00
97755ce0-39ff-472b-8f66-1c43e3d4b470,200,1,1,1373,,Kenzo Authentic Japanese Kaiseki Dining in Napa Valley,good,,2026-06-22T12:57:30+00:00
d4a900f7-0599-4305-9e9b-1bb0751e4d6e,409,0,1,62,,DNS resolution error | landcoinc.org | Cloudflare,broken,,2026-06-22T12:57:30+00:00
a45d4565-5da9-490d-ad19-474fa1fd2009,0,0,0,17224,,,broken,connection failed,2026-06-22T12:57:30+00:00
6af72884-b708-46e5-9086-8c0330843123,200,1,1,653,WordPress,"Home - Frank + Grossman Landscape Contractors, Inc.",good,,2026-06-22T12:57:30+00:00
227b7954-c5a2-4a68-a7b5-659060e938a9,200,1,1,311,Squarespace,LUKS landscape architecture,good,,2026-06-22T12:57:30+00:00
63aefcfc-8149-4db1-b840-e6611a3cb7aa,202,1,0,248,,,weak,,2026-06-22T12:57:30+00:00
fe8b732e-8b41-41b8-ba18-3a3ab9e9f6c0,200,1,1,289,Squarespace,PDM Landscape,good,,2026-06-22T12:57:31+00:00
067e1f9b-2b9e-44a3-98fc-08eb446f1b72,202,1,0,120,,,weak,,2026-06-22T12:57:31+00:00
0ebbdde7-ccbd-497e-8f85-8bd2b7faa4bc,200,1,1,837,Wix,"JG Becerra Landscape Management &amp; Tree Services Petaluma, CA",good,,2026-06-22T12:57:31+00:00
d48db5a3-dd67-4b13-8794-a68e736765c7,200,1,1,152,WordPress,US Traffic Control West - Wilhelm Traffic Control and Tree Services,good,,2026-06-22T12:57:31+00:00
8d0935ce-c09e-4b77-a2de-a56755b814bf,200,1,1,341,Squarespace,Scott Anderson Landscaping | Transform Your Outdoors Today,good,,2026-06-22T12:57:31+00:00
e989de7f-31aa-4abe-9ef8-20b1c025f80e,200,1,1,339,Squarespace,Juanita Juanita,good,,2026-06-22T12:57:31+00:00
886e0235-3c99-4c4c-9bef-9fce8fe748f6,200,0,0,96,,,weak,,2026-06-22T12:57:31+00:00
16373f29-5e5e-41fd-93b3-5f79ce324d8f,200,1,1,632,Wix,iGreen landscaping company | landscaping and lawn care,good,,2026-06-22T12:57:31+00:00
cf44c04e-3bbd-4df3-a0b2-22b36db780c7,200,1,1,893,WordPress,Vin and Vin Landscaping | Full Service Landscape Design &amp; Build,good,,2026-06-22T12:57:31+00:00
499bf5cb-bea4-4fb8-9b64-90186f0e8df7,200,1,1,313,Squarespace,Law Office of Charles J. Leoni,good,,2026-06-22T12:57:31+00:00
23c5b214-e946-4505-8b19-c466b337138d,200,1,1,1399,WordPress,"Landscape Design & Build in Napa, CA | Penning Landscapes",good,,2026-06-22T12:57:32+00:00
b538874f-0982-460c-8c0f-44101a895314,200,0,0,294,,,weak,,2026-06-22T12:57:32+00:00
83dc5e86-b846-4848-b825-0407a9b618e3,200,1,0,153,,Redirecting...,weak,,2026-06-22T12:57:32+00:00
3fe37a0b-90d9-42e7-b594-2fb2e8324b4e,200,1,1,2693,,"Cervantes Landscape, LLC | Landscaping, Hardscaping &amp; Turf in Sonoma, Serving Sonoma &amp; Marin County, Napa and San Francisco",good,,2026-06-22T12:57:32+00:00
634def1b-3e16-4a51-8901-41e4a4f40d8a,200,1,1,343,Squarespace,Law Offices of Carson C Newton,good,,2026-06-22T12:57:32+00:00
78368a75-6123-4179-a1e7-f0a90f33d44a,200,1,1,1083,WordPress,"Coombs &amp; Dunlap, LLP | Napa Law Firm",good,,2026-06-22T12:57:32+00:00
c1d3bf4b-c716-48d7-a46e-67a4ddd3dda5,200,1,1,1731,WordPress,Home - Fiscalía de Napa,good,,2026-06-22T12:57:32+00:00
698e11b6-5049-45d7-aa15-43d818e54f52,200,1,1,201,WordPress,"Leones Law Firm &#8211; 490 Chadbourne Rd Suite A153, Fairfield, CA 94534, United States (By Appointment Only)",good,,2026-06-22T12:57:32+00:00
1b567ec3-dfe0-451c-8401-fc93210bccd8,0,0,0,49,,,broken,connection failed,2026-06-22T12:57:33+00:00
3b520a75-8914-46be-ae84-d7e8f862b267,200,1,1,298,WordPress,Law Offices of David W. Knight,good,,2026-06-22T12:57:33+00:00
eae0c417-c8be-449c-bd3d-4f511bfb452e,0,0,0,117,,,broken,connection failed,2026-06-22T12:57:33+00:00
f76c9355-9fbe-4fc8-b1b3-70e6d79d02bb,200,1,1,1176,WordPress,"Hudson &amp; Luros, LLP &#8211; Hudson &amp; Luros Law Firm &#8211; Napa Business, Real Estate, Estate Planning &amp; Trademark Attorneys",good,,2026-06-22T12:57:33+00:00
b85ecda2-f044-4a40-af39-ba748d3bc361,200,1,1,251,WordPress,"Home - Raff Law, APC",good,,2026-06-22T12:57:33+00:00
4c04d418-6d44-4576-8450-529d15c94c56,200,1,1,562,GoDaddy,"Trust Attorneys, Napa, CA | Manfred &amp; Hunt, LLP",good,,2026-06-22T12:57:33+00:00
fe8404d6-9fc4-4337-80ad-452d4e7b9007,409,0,1,156,,DNS resolution error | www.saxonleonardlaw.com | Cloudflare,broken,,2026-06-22T12:57:33+00:00
a6ddc3ea-b845-4f9b-8012-8d41e50d8391,200,1,1,369,WordPress,Estate Planning Lawyer Napa CA | Business Attorney,good,,2026-06-22T12:57:33+00:00
bbcf220d-b14e-4332-a253-0b19a417cef0,200,1,1,320,Squarespace,Russo Mediation &amp; Law,good,,2026-06-22T12:57:33+00:00
2a43fe6e-e722-4b29-a1e1-202b309a9e87,200,1,0,214,GoDaddy,Home,weak,,2026-06-22T12:57:33+00:00
31798d7d-19ae-4d93-993e-d08f96c6ebbb,200,1,1,6225,WordPress,Home - TAJ GRILL INDIAN CUISINE,weak,,2026-06-22T12:57:33+00:00
dcfccca7-461a-4a69-8894-d7eeee68c346,0,0,0,15,,,broken,connection failed,2026-06-22T12:57:33+00:00
b635bb2d-187e-4cbb-8dbc-b1def9e83a8f,200,1,1,320,Squarespace,Academy of Jeet Kune Do Sciences - Learn Practical Martial Arts for Self-Defense in Petaluma,good,,2026-06-22T12:57:33+00:00
68062449-338e-4972-b80e-1b1a00ce9b3a,200,1,1,521,Wix,Spread Kitchen | Inspired Lebanese Cooking,good,,2026-06-22T12:57:33+00:00
f1c41796-3bfd-4e58-a4cb-f9c367b07829,200,1,1,477,Wix,"Taekwondo| Matias Martial Arts Llc - Napa, Ca",good,,2026-06-22T12:57:34+00:00
32dfab13-10ab-4270-9c21-0ebda141ce2f,200,1,1,584,,www.nettobjj,good,,2026-06-22T12:57:34+00:00
1aea7cde-a700-49ee-b54b-1accbcd82697,200,1,1,7919,GoDaddy,"Heating and Air Conditioning Rerpair - Petaluma, California",weak,,2026-06-22T12:57:34+00:00
5180ee8a-bfba-4a9e-84fd-164682ea4989,200,1,1,1403,,"Learn Martial Arts in American Canyon, California | American Canyon ATA Martial Arts",good,,2026-06-22T12:57:34+00:00
5ffc4802-4a82-4185-95fa-3638c435a286,200,1,1,1013,,napataekwondo.com,good,,2026-06-22T12:57:35+00:00
cec8f0f4-a3ab-4cb3-bf22-bbdc7798740e,200,1,1,316,,SONOMA VALLEY JIU JITSU | HOME,good,,2026-06-22T12:57:35+00:00
537f92de-85d5-49fa-9d1d-39a8567ac0fa,202,0,0,178,,,weak,,2026-06-22T12:57:35+00:00
83e9cd78-4ea1-47ce-b90d-def45866be5d,200,1,1,444,,CSLB-Home -CSLB,good,,2026-06-22T12:57:35+00:00
a57ba851-900a-4993-93ca-a39dd8b106a6,200,1,1,2037,GoDaddy,Carlson Gracie Napa Valley / NVMAW &#8211; Brazilian Jiu-Jitsu Academy,good,,2026-06-22T12:57:35+00:00
b13708cb-dfa2-45aa-a7d8-5c19998c0a66,200,1,1,367,WordPress,Visit Calistoga California | Official Visitor Guide,good,,2026-06-22T12:57:35+00:00
6a41d423-1101-4d19-b6b8-9b7afe3ea3fe,200,1,1,936,WordPress,Red Dragon Tactical - Bringing skilled self-defense classes to the North Bay Area,good,,2026-06-22T12:57:35+00:00
846c71d3-6a6b-46fa-be1e-7cd9ad7ea78d,0,0,0,43,,,broken,connection failed,2026-06-22T12:57:35+00:00
e36debdf-4ae4-400e-80a6-636bcc9f1666,200,1,1,757,,Home,good,,2026-06-22T12:57:35+00:00
35151c4c-27d1-40a8-8b08-9d1aff64d1d7,200,0,0,91,,,weak,,2026-06-22T12:57:35+00:00
66833016-c387-48b8-824c-934996f32759,200,1,1,472,WordPress,Essential Massage Therapy,good,,2026-06-22T12:57:35+00:00
71eefc5d-b4d2-462c-abdb-a17cc50c2fe1,0,0,0,273,,,broken,"ssl: HTTPSConnectionPool(host='www.jlrelaxcenter.com', port=443): Max retries exceeded with url: / (Cause",2026-06-22T12:57:35+00:00
9cf5a235-b930-4101-bc68-77218cfd90e3,403,1,1,138,,Just a moment...,broken,,2026-06-22T12:57:36+00:00
6f76ecc0-0847-47c8-b91c-e7be50b4f532,200,1,1,425,Squarespace,"Mobile Fascia Mobile Fascia cupping therapy, red light therapy, CBD oil, deep tissue massage, healing, locals spot for bodywork",good,,2026-06-22T12:57:36+00:00
c2aabf06-785f-493d-91b8-dd16a95ed2c8,200,1,1,2334,WordPress,Napa Valley Brazilian Jiu Jitsu,good,,2026-06-22T12:57:36+00:00
be2173f9-bbc7-4551-b5b9-e9b632e7f518,200,1,1,442,GoDaddy,Sugar Thai Massage Professional Massage Services | Book Online,good,,2026-06-22T12:57:36+00:00
92f947bb-4f7e-4290-a21c-c57ffe715e1e,200,1,1,350,,Spa Sonoma,good,,2026-06-22T12:57:36+00:00
12f6d49c-f49f-4819-ba59-dbe77c698b58,404,0,0,262,Squarespace,Squarespace - Domain Not Claimed,broken,,2026-06-22T12:57:36+00:00
e55c40ad-f2ea-4d9b-994d-bfbf03041edb,0,0,0,4901,,,broken,"ssl: HTTPSConnectionPool(host='www.hvplawoffices.com', port=443): Max retries exceeded with url: / (Cause",2026-06-22T12:57:36+00:00
00b37eaa-2eee-483c-a4ea-af2cb50e2e7a,200,1,1,4195,WordPress,"O&#039;Brien Law, P.C. | A Customer Service Focused Approach to Litigation",weak,,2026-06-22T12:57:37+00:00
8560d9d4-bf23-4b4f-9070-083394d0949f,200,1,1,1122,Weebly,Best Massage in Napa 2025 | Sana Sana Bodywork Collective | Sana Sana,good,,2026-06-22T12:57:37+00:00
c6d9a8a2-8f54-4dbb-a5fc-6079d4361bd7,200,1,1,1273,,Serenity Massage and Well-Being,good,,2026-06-22T12:57:37+00:00
324455f3-64f2-42c1-b5ae-7a00898c9179,200,1,1,284,Squarespace,"Massage Spa &amp; Therapy Westminster CO | Therapeutic, Hot Stone &amp; Swedish Massage Colorado",good,,2026-06-22T12:57:37+00:00
d5831eb1-f0fb-4996-a081-4e1382d9f86f,200,1,1,475,,Home,good,,2026-06-22T12:57:37+00:00
e5f9e81c-1323-48fd-b449-40a51529a571,200,1,1,926,,"Massage Association for Massage &amp; Bodywork Professionals, Students &amp; Educators | ABMP",good,,2026-06-22T12:57:37+00:00
c6ff12e5-3fc5-4708-94a1-f5f8cd4caa4e,200,1,1,7933,GoDaddy,"Emergency Locksmith Service in Vallejo, CA",weak,,2026-06-22T12:57:37+00:00
cf89e614-9194-4a50-bd45-5e092878ffa7,200,1,1,385,,Sonoma Deep Tissue Massage,good,,2026-06-22T12:57:37+00:00
9b44231b-8fe5-4961-8ec6-cde157b51997,404,1,1,103,,Fresha - Instantly book salons and spas nearby,broken,,2026-06-22T12:57:37+00:00
10859e7a-5f1f-494f-94fd-57284a6bba6f,200,1,1,402,Squarespace,Sonoma Therapeutic Massage,good,,2026-06-22T12:57:37+00:00
2513d0e6-e63a-4370-b325-3f9061d0b8a9,202,1,0,275,,,weak,,2026-06-22T12:57:38+00:00
3de16e69-4725-46bb-8336-0839a7f260bb,404,0,1,407,WordPress,Page not found &#8211; Sunrise Foot Reflexology,broken,,2026-06-22T12:57:38+00:00
ac6f2e3c-6214-40da-9ac2-f77bbbb811e5,200,1,1,851,WordPress,"L. Britt Swor-Yim, M.D. - Facial Aesthetic Specialist",good,,2026-06-22T12:57:38+00:00
a0ae5393-a5cf-4dec-80aa-d377a1cbb378,200,1,1,934,WordPress,"Aesthetic Physicians in Petaluma, CA | Institute for Health Management Aesthetics",good,,2026-06-22T12:57:38+00:00
0490bf75-aca6-4e8a-b72b-367b672480b8,200,1,1,1188,WordPress,Allume Med Spa,good,,2026-06-22T12:57:39+00:00
e278d5e5-b82d-4aba-ae5c-0557933050db,200,1,1,220,Webflow,Napa Aesthetics,good,,2026-06-22T12:57:39+00:00
1894f24e-b005-4d81-9d63-50e0ebbb70f2,200,1,1,3725,WordPress,Home - Firm Hands Gentle Touch,good,,2026-06-22T12:57:39+00:00
497f04fa-7e3e-48ce-a7d5-fc6ec1af5941,200,1,1,2890,,GACOR69 : Link Slot Gacor Situs Resmi Hari Ini Slot777 Gampang Maxwin,good,,2026-06-22T12:57:39+00:00
55bd6ac4-ad9e-4133-abe1-7320ca73b137,200,1,1,417,Wix,Acne Treatments | Relaxation Skin Spa &amp; Acne Clinic | United States,good,,2026-06-22T12:57:39+00:00
64250863-9656-4733-81e7-592d0b698ed2,200,1,1,621,Wix,Nude Medical Aesthetics | Skin Health &amp; Wellness | Downtown Napa Medical Spa,good,,2026-06-22T12:57:39+00:00
c140791a-e7d8-4600-a69c-b6b738980007,200,1,1,346,Squarespace,Root Cause Wellness &amp; Aesthetics | Enhance Your Beauty Today,good,,2026-06-22T12:57:39+00:00
d65ec638-0f44-4d11-8ed8-aa4c50fe2b47,200,1,1,809,,4th Annual Self Love Retreat in St Helena - Checkout,good,,2026-06-22T12:57:39+00:00
bc5a068f-11d4-45f2-807c-9cd9c1157387,200,1,1,255,Squarespace,Sonoma Med Spa by Catalina,good,,2026-06-22T12:57:39+00:00
d26de6cb-0b06-46a9-a5b5-ac034d81e44f,0,0,0,15141,,,broken,connection failed,2026-06-22T12:57:39+00:00
a01fcc50-aaf6-486a-ad09-48b421f9a562,200,1,1,561,WordPress,SkinCeuticals SkinLab™ Napa Valley by Duncan Dermatology,good,,2026-06-22T12:57:39+00:00
5a6551a7-a438-4d14-98d1-8aea50d8ee51,200,1,1,379,Squarespace,"Sonoma MD Medical Spa - Sonoma MD Medical Spa | Botox, Fillers &amp; Skin Rejuvenation in Sonoma CA",good,,2026-06-22T12:57:39+00:00
5292af9a-03ce-4784-b115-ba677af2c4bd,200,1,1,197,,Levant | Halal Mediterranean Restaurant Petaluma,good,,2026-06-22T12:57:40+00:00
6e9d3ea9-35bb-4c0b-a052-c6981ddca2ba,200,1,1,2245,Wix,HOME | Canyon Medispa,good,,2026-06-22T12:57:40+00:00
6f4aea7a-3b2e-4485-821f-64c32bdc1e11,0,0,0,104,,,broken,connection failed,2026-06-22T12:57:40+00:00
1861395c-735e-4838-a820-05a026ac34d9,200,1,1,390,Squarespace,thriveMD,good,,2026-06-22T12:57:40+00:00
00b3a0d2-3e7a-4e71-9e09-9c0378728091,200,1,1,149,Webflow,"S&amp;amp;S Deli, Delicatessen Restaurant, 4437 Central Pl",good,,2026-06-22T12:57:40+00:00
c8dba2d6-60ed-4979-89d6-5361820628be,0,0,0,105,,,broken,connection failed,2026-06-22T12:57:40+00:00
0df75dc2-73dc-419a-af39-93a8654dbc75,404,1,0,575,Squarespace,Squarespace - Website Expired,broken,,2026-06-22T12:57:40+00:00
4a904b5b-9d4d-4d90-a1e0-4608e5a92af3,200,1,1,2565,WordPress,"CryoAid – Reduce Inflammation, Relieve Pain, Recover Faster",good,,2026-06-22T12:57:40+00:00
7589cb9b-36f8-4e15-9061-073d62e3cd9b,200,1,1,347,,Home | La Casa Restaurant,good,,2026-06-22T12:57:40+00:00
4c1813d1-4fff-46e0-8262-25ba4f06f5aa,0,0,0,37,,,broken,connection failed,2026-06-22T12:57:40+00:00
7dc5b312-4e86-4d5c-bc76-91b1366c54f9,200,1,1,3854,WordPress,"Joe Linn Massage - Petaluma, CA - Certified Massage Therapist",good,,2026-06-22T12:57:40+00:00
cf834a2a-2bb7-4ec1-af4d-e69fa6a0591e,200,1,1,447,,Authentic Mexican Cuisine in Napa - Don Perico | Don Perico Mexican Restaurant,good,,2026-06-22T12:57:40+00:00
7dd1ebb1-aa9f-42c3-8d75-abbcb035642f,200,1,1,709,,"Authentic Mexican Restaurant in Napa, CA | El Guadalajara",good,,2026-06-22T12:57:40+00:00
c78b19e8-8a4f-43b6-9960-4f848a882202,200,1,1,587,,La Condesa Taqueria - Takeaway food - Napa - Order online,good,,2026-06-22T12:57:40+00:00
06da54b9-c9b1-4753-830c-e6c6f3f054ae,200,1,1,841,,"Falafel, Pitas, Burgers & Gyros Small World Napa | Middle Eastern Napa Mediterranean Restaurant",good,,2026-06-22T12:57:40+00:00
0698ff5b-e1cf-4761-b31a-64d37fa8cfc7,200,1,1,353,Wix,Catering in Napa | Mercadito | Farm To Table Chef,good,,2026-06-22T12:57:40+00:00
62c5ccbe-eff2-446b-868b-b5f9c0729250,0,0,0,31,,,broken,connection failed,2026-06-22T12:57:40+00:00
842ab096-36fc-42a4-8132-77583b0306ba,404,1,1,477,,Page Not Found,broken,,2026-06-22T12:57:40+00:00
3382474d-fecc-43b7-9f98-11348f1776c9,200,1,1,439,WordPress,Los Agaves Napa,good,,2026-06-22T12:57:40+00:00
ad0063d1-82de-485f-9735-ebe9d3f1f98e,0,0,0,107,,,broken,connection failed,2026-06-22T12:57:41+00:00
694fa6e4-2720-4dee-86b9-2409d995be4d,200,1,1,931,,"Favela&apos;s Fusion - Fairfield, CA",good,,2026-06-22T12:57:41+00:00
c06edc4b-0e73-4b82-9ebb-936f8ac2f602,200,1,1,550,Wix,Home | Oaxaca Cuisine,good,,2026-06-22T12:57:41+00:00
f73d3592-4a12-43c8-9082-b387fdd69d1a,403,1,1,111,,Just a moment...,broken,,2026-06-22T12:57:41+00:00
a6d298e0-4a8d-43d4-910b-7f4b73bc90da,0,0,0,270,,,broken,connection failed,2026-06-22T12:57:41+00:00
bf86c0d2-49c0-4403-9eef-558af66b163b,200,1,1,208,WordPress,"Foodie - Live a Delicious Life: Kitchen Tips, Culinary History, Restaurant Recs",good,,2026-06-22T12:57:41+00:00
61c82dca-0410-43a2-924d-601807db1828,200,1,1,273,,"Taqueria Los Potrillos — Authentic Mexican Food in Petaluma, CA",good,,2026-06-22T12:57:41+00:00
be2b2177-62d9-407c-9f13-c4ebe0c3bb2f,200,1,1,561,Wix,"Quiote Mexican Restaurant | visit petaluma | 121 Kentucky St, Petaluma, CA 94952, USA",good,,2026-06-22T12:57:41+00:00
03fe74d8-e2e8-41da-947b-5b04b8d2bc7d,200,1,1,1079,,Tacos La Esperanza,good,,2026-06-22T12:57:41+00:00
bdc0450a-ae81-4a48-9a9b-25da60a3f698,200,1,1,581,,"Rancho Fino Cocina Mexicana - Fairfield, CA",good,,2026-06-22T12:57:41+00:00
50d21b55-e995-4365-8506-61aedbc112f8,200,1,1,740,WordPress,Visit Fairfield and Downtown Fairfield CA,good,,2026-06-22T12:57:41+00:00
e8032414-7c5e-4af3-9407-bd7a5e4af22e,200,1,1,411,Squarespace,Vargas Market &amp; Taqueria,good,,2026-06-22T12:57:41+00:00
e3419762-4521-4449-aa7b-928f32c6435e,200,1,1,178,WordPress,Award Winning Loan Officer Vacaville CA | Stacey Solutions,good,,2026-06-22T12:57:41+00:00
1ebe4787-7ec2-4c89-a1f5-d309ea0b71f1,200,1,1,470,Wix,American Financial | Real Estate Services,good,,2026-06-22T12:57:41+00:00
39b20848-fd6b-4877-add8-bf37b69328a6,0,0,0,374,,,broken,"ssl: HTTPSConnectionPool(host='www.nimbloan.com', port=443): Max retries exceeded with url: / (Caused by ",2026-06-22T12:57:41+00:00
27ecb6fd-07f9-450d-89b5-f10352a5ed38,200,1,1,156,WordPress,Booking Online - Avalon Nail Spa,good,,2026-06-22T12:57:41+00:00
a8e06171-5a20-45d0-bbfc-91ef66425055,200,1,1,217,WordPress,AMAZING NAILS &amp; SPA,good,,2026-06-22T12:57:41+00:00
703b1871-1bcf-45c3-be02-13de485728db,200,1,1,326,Squarespace,ARTxDECO Nail Studio,good,,2026-06-22T12:57:41+00:00
5bd6180d-9e97-4f92-86ad-0c957ef45f77,404,1,1,533,,,broken,,2026-06-22T12:57:41+00:00
b4a179d6-c41a-4d8e-8f22-4aa2681e27c6,0,0,0,109,,,broken,connection failed,2026-06-22T12:57:42+00:00
541d8b06-b2fe-4e82-a273-2492cd116da0,200,1,1,750,,Mortgage Broker - C2 Financial,good,,2026-06-22T12:57:42+00:00
0de2e728-873a-4bb1-8b65-7d2f3ca23ad8,200,1,1,190,Webflow,Luxury Vacation Home Rentals &amp; Private Villas | BeautifulPlaces,good,,2026-06-22T12:57:42+00:00
7ece0b38-0d5b-4a5e-99b9-bcdb1aa6cdb6,400,1,1,180,,Error,broken,,2026-06-22T12:57:42+00:00
c46f8f1d-238a-4e0c-90eb-43d4d1802e98,200,1,1,163,Webflow,"Diamond Nails &amp;amp; Spa, Manicurists, Pedicurist, 2375 California Blvd",good,,2026-06-22T12:57:42+00:00
613587fc-0c15-4339-9713-99077585593f,200,1,1,685,,GoodSpring Motel | Official Website,good,,2026-06-22T12:57:42+00:00
1f429327-42f7-4e6a-97a9-26a2246242f0,0,0,0,27,,,broken,connection failed,2026-06-22T12:57:42+00:00
f5482b18-2afc-4dcf-8f33-76c59b69ab8d,200,1,1,234,WordPress,City Nails &#8211; Places Review,good,,2026-06-22T12:57:42+00:00
875c641c-1e7f-4e21-86ff-08cfc2dc3102,0,0,0,6,,,broken,connection failed,2026-06-22T12:57:42+00:00
944c7980-eeec-45a6-ade9-f9dce84b9b3c,200,1,1,424,,"Bellagio Nails Spa | Top Nails Salon in American Canyon, California 94503",good,,2026-06-22T12:57:42+00:00
3bb30e50-64ab-4434-81f6-e54d7950b30d,0,0,0,9,,,broken,connection failed,2026-06-22T12:57:42+00:00
de825b0a-01c9-497a-a518-52aeb0313cf2,202,1,0,173,,,weak,,2026-06-22T12:57:42+00:00
5ca0cfd3-f23a-4dea-bc50-eef97dd6c12e,200,1,1,1100,WordPress,"Napa Valley Lending | Napa, California | Napa Home Loans | Napa Purchase Loans | Napa Refinance and Mortgage | Napa Valley Lending - Home",good,,2026-06-22T12:57:42+00:00
fc3621e5-6477-40ec-b88a-78fd154dca43,200,1,1,308,,"Eco Polish Boutique - The most loved Nail salon in Napa, CA 94558",good,,2026-06-22T12:57:42+00:00
7539bcde-07c7-4c2e-9b2e-3850ba0d3991,200,1,1,100,,Polished Nails & Spa,good,,2026-06-22T12:57:42+00:00
91c6d024-b1a3-4f44-96ba-b574dbf274ae,200,0,0,123,,,weak,,2026-06-22T12:57:42+00:00
535c1ea8-aad8-4923-9114-fa3ff6191af6,200,1,0,257,,Apache Tomcat Examples,weak,,2026-06-22T12:57:42+00:00
7006b41c-100f-4c9e-9564-ab07304c79c1,200,1,1,1021,WordPress,Luxury 5 Star Napa Lifestyle Hotel | Sttupa Estate,good,,2026-06-22T12:57:42+00:00
3960e069-284b-49e9-8c7e-1aff8222a642,403,1,1,103,,Just a moment...,broken,,2026-06-22T12:57:42+00:00
f220ee4e-9624-4cb3-a523-201c9b36dca1,200,1,1,414,,"Nails By Merci | Health &amp; Beauty in Napa, CA",good,,2026-06-22T12:57:42+00:00
62073413-4804-4e5a-8149-957552259c7c,200,1,1,382,,NEO Nails spa | Petaluma [ Book now ],good,,2026-06-22T12:57:42+00:00
eb93428f-c232-4d9e-a463-08c45aa7b5e1,200,0,1,272,,Rainbow Nails Spa,weak,,2026-06-22T12:57:42+00:00
463d86bd-79ad-49e8-8034-bf01ed433cec,200,0,1,209,WordPress,Clavey Paddlesports | Kayaks | Stand Up Paddleboards | Rafts,weak,,2026-06-22T12:57:42+00:00
ecd8943d-9257-4fbb-931b-2f731ef5bf7f,200,1,1,428,GoDaddy,Calistoga Beauty Salon &amp; Day Spa,good,,2026-06-22T12:57:42+00:00
9dfd4485-eb2c-4694-bc0f-aa8f300b15d9,202,1,0,341,,,weak,,2026-06-22T12:57:42+00:00
8f9b705a-f4ee-425e-acc0-f794df4a8d33,200,1,1,853,,California Board of Barbering and Cosmetology,good,,2026-06-22T12:57:42+00:00
a5be0d58-aebc-40e5-8738-5161ab4dd17c,200,0,1,179,,"Eye Doctor | St. Helena, California | Julie M. Perry MD",weak,,2026-06-22T12:57:43+00:00
f2fd8d0f-e400-48b8-9fb2-947cd277d339,200,1,1,657,,Venus Nails &amp; Spa - Nail Salon in Napa CA 94559,good,,2026-06-22T12:57:43+00:00
83bbe80b-8870-4909-a41a-99e46ffa2021,200,1,1,323,Weebly,Larsen Eye Group Dr Edwin K Larsen - Home,good,,2026-06-22T12:57:43+00:00
5002c7bd-9b6c-4635-97e4-e4603db022a7,200,1,1,572,Wix,HOME | Smart Simple Notary,good,,2026-06-22T12:57:43+00:00
6e78aac0-f1dc-4f66-9c2c-993e021de4d1,200,1,1,324,WordPress,"Orthodontist in Sonoma | Laurent Orthodontics | Braces, Invisalign",good,,2026-06-22T12:57:43+00:00
79a0bfd9-e73b-4e6c-bc87-cab8c981a2cb,404,0,0,706,WordPress,"Dean Ezaki, O.D. &raquo; Page not found",broken,,2026-06-22T12:57:43+00:00
9d529268-7dd2-4bcc-ab2f-866d6434278f,200,1,1,1457,WordPress,"Pro Nails | Complete Guide to Professional Nails, Care, Art &amp; Products",good,,2026-06-22T12:57:43+00:00
97e802fc-9a81-4b1b-84b1-46a245f78a5f,500,0,1,281,WordPress,Database Error,broken,,2026-06-22T12:57:43+00:00
985265b6-9e54-49f5-9580-6715a22ad04e,200,1,1,555,,"Orthodontics in Concord, CA | Michael Teichman Orthodontics",good,,2026-06-22T12:57:44+00:00
ef2d750a-6326-421d-aea4-d2f3f943964e,0,0,0,15113,,,broken,connection failed,2026-06-22T12:57:44+00:00
da586be7-1345-4087-a09b-bdcc0e65c73d,200,1,1,973,WordPress,Home | Petaluma Braces | Petaluma Dentists | Dentists in Petaluma,good,,2026-06-22T12:57:44+00:00
ec7dd5d4-0c84-46bb-8d49-b8f9b0dd260a,200,1,1,1557,WordPress,Dedicated Eye Doctors in Petaluma | Bright Eyes Optometry,good,,2026-06-22T12:57:44+00:00
6f61611d-6038-4550-86d9-bbac7bc046a8,200,1,1,220,WordPress,GV Smiles: Pediatric Dentistry &amp; Orthodontics in Fairfield,good,,2026-06-22T12:57:44+00:00
9ce18786-c056-44ae-a5e6-3b94f72e86bc,200,1,0,557,,United Striping 101 - Your Custom Striping Contractors for Northern California,weak,,2026-06-22T12:57:44+00:00
85914a4c-b51e-4d5a-b0fc-4939e7a19517,200,0,0,185,,Up Valley Pediatric Dentistry - Welcome to Up Valley Pediatric Dentistry!,weak,,2026-06-22T12:57:44+00:00
e3ddfec3-3fc1-4c8a-8b49-33978fbfefa5,200,1,1,354,Webflow,Pediatric Dentist in Petaluma | Petaluma Kids Dental Care,good,,2026-06-22T12:57:44+00:00
399392c9-b100-4f2d-87ec-453378fa2240,0,0,0,15168,,,broken,connection failed,2026-06-22T12:57:44+00:00
d3649c37-ccb1-41fe-b5c0-c0ebbd5022ff,202,0,0,71,,,weak,,2026-06-22T12:57:44+00:00
e80e6d57-2d1a-4533-85e3-d1942cae61c9,200,1,1,890,,American Canyon Pediatric Dentistry | Pediatric Dentist American Canyon CA,good,,2026-06-22T12:57:44+00:00
d38ec8ba-5be2-4cad-b52b-cb70a3514cb8,200,1,0,531,,Napa Pediatric Dentistry - (707) 265-8389 - Angie Ring DDS - Napa Pediatric Dentistry,weak,,2026-06-22T12:57:44+00:00
695d119a-9018-4f9f-8aa8-051664ce568f,200,1,1,1530,WordPress,"Orthodontist Napa, CA | Shanahan Orthodontics | Invisalign and Braces",good,,2026-06-22T12:57:44+00:00
d77f8a8e-a730-4239-9aad-20c65aedcba7,200,1,1,250,GoDaddy,Catering Services &amp; Curated Culinary Experiences | Allikai Group Sonoma,good,,2026-06-22T12:57:44+00:00
735da109-fe7f-432b-8069-4562cf979bdb,0,0,0,259,,,broken,"ssl: HTTPSConnectionPool(host='www.quinuarestaurant.com', port=443): Max retries exceeded with url: / (Ca",2026-06-22T12:57:45+00:00
72f120f2-f3ca-413e-a4f3-baa25cba50d7,200,1,1,781,WordPress,"Pediatric Dentist in Sonoma, CA | Sonoma Pediatric Dentistry",good,,2026-06-22T12:57:45+00:00
b38130f8-ec85-400d-9156-134504a8c883,200,1,1,298,GoDaddy,Honey Hill Aussies,good,,2026-06-22T12:57:45+00:00
ac91c2a5-6cea-4d52-9e87-e3f1f74abfbf,200,1,1,549,,"Napa Personal Injury Attorney Office - Bennett Johnson, LLP",good,,2026-06-22T12:57:45+00:00
b355bd31-bbca-426a-9d55-e16debf58c84,200,1,1,377,Squarespace,Vintage Dog Ranch,good,,2026-06-22T12:57:45+00:00
26f4276e-35f0-4e53-a8d6-48c341d72c85,200,0,1,432,,,weak,,2026-06-22T12:57:45+00:00
96919181-8703-4fbe-ac0d-dab43c2cd666,0,0,0,108,,,broken,connection failed,2026-06-22T12:57:45+00:00
f10c3e12-fb54-4cf4-bb03-5df42a0719c9,0,0,0,104,,,broken,connection failed,2026-06-22T12:57:45+00:00
55fd8849-6bf7-401d-875b-f8df32497e00,200,1,1,199,,Dewi11 Link Slot Online Paling Hoki Dengan Jackpot Besar Setiap Saat Gacor,good,,2026-06-22T12:57:45+00:00
2227dd6e-b71a-423e-a839-8e4ead7dfcee,200,0,0,208,,Hunt &amp; Behrens Home Page,weak,,2026-06-22T12:57:45+00:00
2903ccdf-bba3-4236-afc6-3adfa503b3fc,200,1,1,2340,WordPress,Braces &amp; Invisalign | American Canyon Orthodontics | Dr. Nichelini and Dr. Cozin,good,,2026-06-22T12:57:45+00:00
92949a2c-a1a4-4198-b776-0b76ff5ab4ca,200,1,1,2527,WordPress,Site for Sore Eyes | Leading Glasses &amp; Eyewear Provider,good,,2026-06-22T12:57:45+00:00
31be7970-2e1c-4bcc-b05e-d103f0cf8a14,200,1,1,294,Squarespace,Fideaux | Discover Pet Essentials Today,good,,2026-06-22T12:57:45+00:00
9c54b3d8-bcbc-4c80-9c65-72cf92f612e3,404,1,1,414,Wix,,broken,,2026-06-22T12:57:45+00:00
28851b82-8331-444c-8b52-27a361ae16e3,0,0,0,105,,,broken,connection failed,2026-06-22T12:57:45+00:00
38506c60-e3b5-4743-85ca-fe99b127dac6,200,1,1,262,Squarespace,Woof! Sonoma Dog Boutique,good,,2026-06-22T12:57:45+00:00
cacd7481-3580-41aa-9eb4-9a8b6927567e,0,0,0,143,,,broken,connection failed,2026-06-22T12:57:45+00:00
1fb0f393-377a-421d-a3f8-f4e121795c0f,200,1,1,413,GoDaddy,Wine Country Pet Boutique &amp; Spa - Home,good,,2026-06-22T12:57:45+00:00
1a653dd4-9f5d-47de-aa3d-d56280bede80,0,0,0,10009,,,broken,connection failed,2026-06-22T12:57:45+00:00
9168bc59-0302-447b-8eac-ffb996cced6b,200,1,1,380,Squarespace,Physical Therapy Napa,good,,2026-06-22T12:57:45+00:00
fa42a604-1119-4019-b8c4-f1b439afa14b,200,1,1,179,GoDaddy,Pilates Workout in Petaluma - Luv Pilates,good,,2026-06-22T12:57:45+00:00
f162cda9-e97f-4c6b-bbd1-45b33d404fb9,200,1,1,366,Wix,"Rivertown Physical Therapy | Dr. Justin Weeks, PT, OCS | Petaluma, CA",good,,2026-06-22T12:57:45+00:00
ef36f9dd-9d9f-423c-a36b-3f221ebc694b,200,1,1,368,GoDaddy,"Made for Movement Pilates in Fairfield, California",good,,2026-06-22T12:57:46+00:00
90d81949-6663-4514-bb28-a8c26f001806,200,1,1,386,Squarespace,Calistoga Pilates,good,,2026-06-22T12:57:46+00:00
a236e085-64d5-4dac-bce0-eb3a33c179f1,200,1,1,428,GoDaddy,Home - Pilates to Move,good,,2026-06-22T12:57:46+00:00
b7934136-fe29-4974-8055-1f34247bb611,200,1,1,382,WordPress,Perfect Fit Pilates &#8211; Pilates for EVERY-body,good,,2026-06-22T12:57:46+00:00
65089ee3-8740-4384-a9d8-3372d173760b,403,1,1,149,,Just a moment...,broken,,2026-06-22T12:57:46+00:00
86c08a3c-0fd6-40cb-90e0-3e19c750c3f6,200,1,1,583,Wix,Powerflow Pilates | Pilates studio in sonoma | California,good,,2026-06-22T12:57:46+00:00
e1fb673b-a9ab-4ebd-adcd-332aa0ce00be,200,1,1,501,Squarespace,The Pilates Practice,good,,2026-06-22T12:57:46+00:00
91cbf4c8-5c9a-496b-a38c-bb9eb84ee711,200,1,1,184,Squarespace,Hank&#39;s,good,,2026-06-22T12:57:46+00:00
9a55c05e-2a05-447e-80c9-ab80c17fff4c,200,1,1,489,,JAWA88 # Daftar Situs Apk Slot Online Gacor Live RTP Tertinggi Hari Ini,good,,2026-06-22T12:57:46+00:00
1a57db4c-ccf0-4c65-bc7a-49e49965aafa,200,1,1,732,WordPress,stay88 สล็อตเว็บตรง โบนัสจัดเต็ม ฝากถอนออโต้ 24 ชั่วโมง,good,,2026-06-22T12:57:46+00:00
410b9163-f8cc-43bc-912e-dfb9f6cfb6dd,202,0,0,136,,,weak,,2026-06-22T12:57:46+00:00
b3f7c80d-dad4-4567-a1e6-8373a4276ffe,0,0,0,31,,,broken,connection failed,2026-06-22T12:57:46+00:00
57a37aca-28a0-4230-a203-326facbe4b31,403,0,1,133,,Just a moment...,broken,,2026-06-22T12:57:46+00:00
8541e9d0-57db-4954-b8d4-0a6e8b0cc59a,200,1,1,709,,"Ausiello&apos;s Homeslice - Santa Rosa - Santa Rosa, CA",good,,2026-06-22T12:57:46+00:00
8ef37ae8-bb78-4a0e-840e-99bb51c33672,200,1,1,760,Wix,Quality Pizza | Cenario's Pizza,good,,2026-06-22T12:57:46+00:00
0d1ad509-89e7-4eaf-a26f-c35bfc4b446d,200,1,1,65,WordPress,Home - Dowdle &amp; Sons Mechanical,good,,2026-06-22T12:57:46+00:00
33cd6bb4-cdd7-4a24-8f81-19b02bb10df4,200,1,1,336,Wix,Alpha Trenchless: Expert Sewer Lateral in Marin &amp; Sonoma Counties,good,,2026-06-22T12:57:46+00:00
ac0e8a55-af2b-4c59-942c-64313b0a8d00,200,1,1,428,WordPress,"Pizza Guys &#8211; Fast Pizza Delivery, Order Pizza Online, Catering, Pizza Coupons",good,,2026-06-22T12:57:46+00:00
307ea901-1aed-4283-a929-04ba6e5b0c6b,200,1,1,586,GoDaddy,"Napa, CA",good,,2026-06-22T12:57:47+00:00
3151a376-9b22-461d-b420-a8485d8abedf,200,1,1,438,GoDaddy,"Desired Plumbing, Inc.",good,,2026-06-22T12:57:47+00:00
6fec6475-5bc3-45fe-ae89-a84f0eb3d9f1,200,1,1,492,WordPress,Home - Don Nichols Plumbing,good,,2026-06-22T12:57:47+00:00
e37b8190-d9cf-491b-838f-418e9c2b6b13,526,1,1,394,,renosplumbing.com | 526: Invalid SSL certificate,broken,,2026-06-22T12:57:47+00:00
35fc7b33-41e4-404d-a339-af3a3868c1be,0,0,0,40,,,broken,connection failed,2026-06-22T12:57:47+00:00
d3016ac8-6237-4953-be5f-19a25974d81f,202,0,0,140,,,weak,,2026-06-22T12:57:47+00:00
fd3f2c77-b139-485a-a80f-24aec371d4fb,200,1,1,375,,"St. Helena Plumbing | Trusted Plumber in Angwin &amp; Napa Valley, CA",good,,2026-06-22T12:57:47+00:00
cf12bd5a-865b-4023-af65-cc46aca74310,0,0,0,46,,,broken,connection failed,2026-06-22T12:57:47+00:00
1d6bf0d4-816b-406b-86b6-4464cb65e0cf,202,1,0,252,,,weak,,2026-06-22T12:57:47+00:00
c271c3e5-e7d0-47f3-b491-c856aa0e6113,200,0,0,128,,,weak,,2026-06-22T12:57:47+00:00
aa3c40cb-4aec-4fcd-97a4-a1aead3729dc,200,1,1,459,WordPress,Wilfred&#039;s Lounge: Polynesian Restaurant &amp; Bar,good,,2026-06-22T12:57:47+00:00
ca47ad72-5db5-40be-aaf9-5697d34528df,200,1,1,180,WordPress,Home - Learning to Learn,good,,2026-06-22T12:57:47+00:00
9c8a593e-3ccb-4f76-85bd-e1333a2e64a1,200,1,1,385,Wix,Childcare | Petaluma | Children's Corner Preschool,good,,2026-06-22T12:57:47+00:00
3f1f8e58-f7bf-4d00-85e4-84c4ee836bc8,200,1,1,1282,WordPress,LIVE FIRE OXBOW &#8211; Wood Fired Pizza &amp; More at Oxbow Market,good,,2026-06-22T12:57:47+00:00
9897e9b7-a2d2-48f0-a302-914d2fe7de08,200,0,1,172,Weebly,MILA'S PRESCHOOL AND CHILDCARE CENTER. - Home,weak,,2026-06-22T12:57:47+00:00
48d131e8-dca8-453d-b96c-5cab97ef9851,200,1,1,382,Squarespace,"Le Petit Elephant Infant Care, Daycare, Preschool, And TK",good,,2026-06-22T12:57:47+00:00
31cb6da0-5495-4da5-94d0-afe0016aa290,200,1,1,372,Squarespace,Little Shepherd Preschool,good,,2026-06-22T12:57:47+00:00
0a55418d-61d1-4f34-af94-f0e08228bd2b,200,1,1,532,Wix,Little Ivy Preschool | Napa childcare,good,,2026-06-22T12:57:47+00:00
a8230e50-5057-4b31-9d1a-62bfccc0aaef,200,1,1,431,Squarespace,Seasons of Wonder,good,,2026-06-22T12:57:48+00:00
76be209e-f5fc-48c4-99d4-5be404908810,200,1,1,419,GoDaddy,YOU &amp; ME CHILDREN&#x27;S CENTER,good,,2026-06-22T12:57:48+00:00
84af2720-54a9-4cee-934a-754a81583b85,200,1,1,3988,WordPress,Pediatric Dentist Napa CA | Howdy Pediatric Dental Studio,good,,2026-06-22T12:57:48+00:00
37ef77e8-74fd-4ccd-a4a7-57b5d6d0b8b3,403,1,1,127,,Just a moment...,broken,,2026-06-22T12:57:48+00:00
80157d27-eca9-4f6c-b55c-6301bf5d8e01,200,1,1,676,Wix,Preschool | Childcare | Napa | Wine Country Day Preschools,good,,2026-06-22T12:57:48+00:00
56599648-a837-4bdd-b5ce-51b75e9abfe8,200,1,1,283,Squarespace,AARON KOPELMAN,good,,2026-06-22T12:57:48+00:00
068f176c-9af4-4762-8692-9bff6bcf7643,200,1,0,294,,Live Better Xplore More with Alan Maciel - YouTube,weak,,2026-06-22T12:57:48+00:00
90398508-102e-4b34-8787-6be93f9074e3,200,1,1,354,WordPress,"Alex Yankee, Sonoma valley real estate, Sonoma - Napa Wine Country Real Estate | Sotheby’s International Realty, Inc.",good,,2026-06-22T12:57:48+00:00
4f879cc9-96ca-4341-a1a4-0b71f916e285,403,1,1,3832,,Just a moment...,broken,,2026-06-22T12:57:48+00:00
e41c94e9-6fd8-4e5e-a389-f44456e9a486,200,1,1,389,,"Real Estate, Homes for Sale & Apartments for Rent | Compass",good,,2026-06-22T12:57:48+00:00
7aa289d7-39db-4411-89a3-ce3497c1faed,200,1,0,228,,Barton,weak,,2026-06-22T12:57:48+00:00
aaa0f697-92bc-45e2-9fde-a6589ea2b8cf,500,0,0,100,,,broken,,2026-06-22T12:57:49+00:00
6a1de923-b888-4fcf-a7b3-aba289b6da91,404,1,1,299,,404,broken,,2026-06-22T12:57:49+00:00
e81e080e-f822-4a24-a0cf-41aa544cb506,503,1,0,292,,,broken,,2026-06-22T12:57:49+00:00
e3e3c515-e019-4618-9b45-965cd1bfc5b5,404,1,0,202,,,broken,,2026-06-22T12:57:49+00:00
4a12f52a-2f4b-47f6-8f60-92c1bb4bd224,200,1,1,1207,,Amber Payne | Sales Associate | Corcoran Icon Properties,good,,2026-06-22T12:57:49+00:00
4e468dbd-60e7-4596-bfba-8a6ba9696139,200,1,1,1195,,"Vanessa Nelson &amp; Elvira Ashmun specialize in Vallejo CA Homes, Real Estate, and Property Listings",good,,2026-06-22T12:57:49+00:00
5c2539be-6d33-4aa4-8917-8dbd884e314f,200,1,1,1130,WordPress,Home - Beth Braby,good,,2026-06-22T12:57:49+00:00
186ab618-ba86-41ca-bfe2-09511781e3e0,200,1,1,401,,"Caroline Wiegardt, Real Estate Agent - Compass",good,,2026-06-22T12:57:49+00:00
a2b61694-3f0d-4585-a08f-a160d1c5747a,403,1,1,265,,Just a moment...,broken,,2026-06-22T12:57:49+00:00
6b65099e-7f17-4840-8e83-bfb987253843,200,1,1,337,,Rebecca Celli - Petaluma,good,,2026-06-22T12:57:49+00:00
c888f49c-a104-4840-85d5-ea0b893d9ac2,200,1,1,987,WordPress,Art of Leisure &#8226; SEASONS OF LIFE IN SONOMA AND NAPA VALLEY,good,,2026-06-22T12:57:50+00:00
70ad4c34-5dcd-4731-b64b-d96207529673,0,0,0,112,,,broken,connection failed,2026-06-22T12:57:50+00:00
43cea142-6f7d-4e3e-bc6d-4708604c4806,200,1,1,242,,Christine Benson | Sonoma Valley Real Estate Expert,good,,2026-06-22T12:57:50+00:00
17bef2c3-8ddd-4022-a93d-bc24ef4b44e5,200,1,1,254,Squarespace,Chris Meadors | Napa &amp; Sonoma Valley Real Estate Agent,good,,2026-06-22T12:57:50+00:00
61bd447c-b1ac-4c43-b84d-945db4555f8e,200,1,1,255,WordPress,Napa CA Real Estate | Connie &amp; Jamie - Napa Homes for Sale,good,,2026-06-22T12:57:50+00:00
09f5d27c-f7af-4951-bd54-6efdb22084bc,200,1,1,832,WordPress,Sonoma | Napa Real Estate Properties Charleen Price Wine Country,good,,2026-06-22T12:57:50+00:00
d0cdd369-8f80-47ae-907f-41563a6a0386,200,1,1,820,,American Canyon CA Real Estate & Homes for Sale | REMAX Gold,good,,2026-06-22T12:57:51+00:00
2ff8dce9-3e15-422e-a90e-6853ded81324,200,1,1,3136,WordPress,Maguire&#039;s Irish Pub - AdviceTime,good,,2026-06-22T12:57:51+00:00
382133c8-89b7-4187-ac01-53579cb382d0,200,0,0,119,,DaveBridges,weak,,2026-06-22T12:57:51+00:00
2962b439-f366-4bf2-8cd8-8814751bdab4,200,1,1,794,,"Real Estate, Homes for Sale, Home Values, Agents and Advice | REMAX",good,,2026-06-22T12:57:51+00:00
5604a2e0-df21-43a7-a9ad-362b187cc78f,200,1,1,1688,WordPress,Sonoma Valley Real Estate Agent,good,,2026-06-22T12:57:51+00:00
581df5c7-fa97-451b-8812-d8d78f2a9ab4,200,1,1,1677,WordPress,Cindy Poehls,good,,2026-06-22T12:57:51+00:00
c4508eb3-b8ad-4c8c-87e7-fb422897b90e,200,1,1,4242,WordPress,Napa Valley Nursery School &#8211; A parent participation co-op nursery school,weak,,2026-06-22T12:57:51+00:00
b73d8934-f8bd-4060-966c-8909cb47a026,200,1,1,343,,Deb Cheda,good,,2026-06-22T12:57:51+00:00
dc3d4099-314d-4cbd-9211-805d61682381,403,1,1,177,,Access to this page has been denied,broken,,2026-06-22T12:57:51+00:00
9a9ecb21-176e-4efb-a778-d46077c8050c,200,1,1,839,WordPress,Deanna Bessolo,good,,2026-06-22T12:57:52+00:00
60e727f5-cbbb-4cc0-8d52-83b34da2d834,200,1,1,1552,WordPress,Cyd Greer | Move Smartly Napa Valley,good,,2026-06-22T12:57:52+00:00
aba720fa-2000-4191-ac71-85c5b04ec055,403,1,1,411,,Just a moment...,broken,,2026-06-22T12:57:52+00:00
d4d33995-9194-4c4f-8d5b-7d1fe70c6e9f,0,0,0,311,,,broken,connection failed,2026-06-22T12:57:52+00:00
57d13cd2-c4d7-40c2-a410-37792d59db00,200,0,0,1301,,,weak,,2026-06-22T12:57:52+00:00
6b717508-c8f9-48c2-b145-4cc1130bc3a8,503,1,0,125,,,broken,,2026-06-22T12:57:52+00:00
8aced631-11db-4494-b9c8-b09384014bd6,200,1,1,300,,Top Napa Valley Real Estate Agent Sonoma Valley Real Estate Agent Luxury Homes Napa Sonoma Wineries for Sale Vineyard Properties for Sale Four Seasons Napa Valley St. Helena Calistoga Silverado Countr,good,,2026-06-22T12:57:52+00:00
4a832d2b-650a-472f-93a3-50572a54a1bb,200,1,1,497,Wix,Award Winning Agent | Denise Lucchesi Real Estate | Petaluma,good,,2026-06-22T12:57:52+00:00
af6f8e8a-6ef9-4355-b829-212beb499a0f,200,1,1,564,WordPress,Emma Curry,good,,2026-06-22T12:57:52+00:00
15ffe3bb-ed68-41c4-9eac-d8278a413f02,200,1,1,5633,WordPress,"Growing Hearts Early Learning Center - Preschool &amp; Childcare Center Serving Fairfield, CA",weak,,2026-06-22T12:57:52+00:00
50e3a039-b86f-4d6c-8446-dded2c11a73e,200,1,1,604,,"Top Sonoma, CA Real Estate Agents | Shone Group",good,,2026-06-22T12:57:52+00:00
81659e20-6fc6-4201-a4f7-46a1de988266,200,1,1,976,WordPress,Home - Erica Bergstrom,good,,2026-06-22T12:57:53+00:00
5fb6f147-84fe-4c24-898d-63f7be39d961,404,1,1,175,,Campsite,broken,,2026-06-22T12:57:53+00:00
d9b3730f-9f47-4cd2-a376-053791a329fd,200,1,1,1128,WordPress,Emily Kaplan,good,,2026-06-22T12:57:53+00:00
a7d81b79-3759-4760-a147-71708ea9c462,202,1,0,255,,,weak,,2026-06-22T12:57:53+00:00
2dace516-b7bb-4672-bd5c-9d750586c492,200,1,1,856,WordPress,"Fairfield, CA Homes for Sale | Local REALTOR® | Frances Rualo | Solano County, CA Homes for Sale",good,,2026-06-22T12:57:53+00:00
383c484b-4bdd-4f3d-bcd9-a24125bc4475,200,1,1,173,,Luxury Real Estate Napa Valley â Discover Your Dream Home,good,,2026-06-22T12:57:53+00:00
ac81204a-0d46-4478-b841-80568f802917,0,0,0,48,,,broken,connection failed,2026-06-22T12:57:53+00:00
faeddb50-1262-4e0a-850b-ec6e790798a8,0,0,0,105,,,broken,connection failed,2026-06-22T12:57:53+00:00
a47ae4a5-ef13-48e0-becb-c34a58e6168e,0,0,0,40,,,broken,connection failed,2026-06-22T12:57:53+00:00
31ea6ae7-8e2a-4ecc-b0c7-766efb7fff3b,200,1,1,1003,WordPress,Lake County Homes for Sale | Faylen Silva (707) 295-8088,good,,2026-06-22T12:57:53+00:00
7a14892d-39be-4755-9915-d62a19b32d15,200,1,1,386,,Napa Valley Luxury Real Estate | Ginger Martin + Co,good,,2026-06-22T12:57:53+00:00
bb64a7d1-b62c-4a5e-ae94-e32eb5c98601,200,1,1,243,,Hilary Thomas | Petaluma Real Estate Agent,good,,2026-06-22T12:57:53+00:00
7bdf662f-e07d-4c85-a602-6d94a5ea98ff,200,1,1,8475,GoDaddy,"Drooly Dogue Pet Grooming - Custom Hair Cuts, Pet Groomer, Hair Cuts and De-Shed Baths, Custom Hair Cuts",weak,,2026-06-22T12:57:53+00:00
1cf6f344-6a3c-499a-9c53-57b3f709988f,200,1,1,228,,Napa Valley Real Estate | Explore Napa Homes Today,good,,2026-06-22T12:57:53+00:00
e5977465-316a-4dfb-b0d1-afb46077d25c,200,1,1,316,,Napa and Sonoma Realtor â Luxury Wine Country Homes,good,,2026-06-22T12:57:53+00:00
dfe6f20e-5d76-4d23-a3a0-e0ec2f0aab8b,0,0,0,9,,,broken,connection failed,2026-06-22T12:57:53+00:00
5977c075-aca6-42d1-89c8-09847d81a3bb,200,1,1,1086,,Coldwell Banker Kappel Gateway Realty,good,,2026-06-22T12:57:53+00:00
d35822c5-faa5-4f69-bcbc-f65be9d7c6ea,200,1,1,269,,"Jen Birmingham Real Estate in Petaluma, CA â Discover Luxury Homes",good,,2026-06-22T12:57:53+00:00
4096029f-a9cd-41a3-8592-2c2cdf45ea28,200,1,1,329,,Wine Country Real Estate | Partner With Jamie Spratling,good,,2026-06-22T12:57:53+00:00
c874e201-ab04-4342-89ea-731b350df7d1,0,0,0,106,,,broken,connection failed,2026-06-22T12:57:53+00:00
53db0321-1486-458d-acd6-0fd4fcb97c7f,200,1,1,542,WordPress,Biglaw Investor: Personal finances for the aspiring millionaire lawyer,good,,2026-06-22T12:57:53+00:00
29fa1366-8d85-4efb-b6f1-70090f2c3f30,0,0,0,29,,,broken,connection failed,2026-06-22T12:57:53+00:00
30e4474c-875a-4e66-9fc4-ec141f41e7b6,403,1,1,262,,Just a moment...,broken,,2026-06-22T12:57:53+00:00
647f8ea4-2feb-4a5a-ac24-537256c85198,200,1,1,402,,Buy or Sale American Caynon Homes,good,,2026-06-22T12:57:54+00:00
abd9eb88-5e3b-44a2-81fc-89be53126f56,200,1,1,8724,GoDaddy,Physical Therapy - Jamie Nelson Physical Therapy and Wellness,weak,,2026-06-22T12:57:54+00:00
ea9acfbd-ec74-421a-bc5f-be986084c16c,200,1,1,590,Wix,Napa Real Estate Agent | Josh Diaz Real Estate | Napa,good,,2026-06-22T12:57:54+00:00
e6f2814b-9d7f-49eb-abba-7515e81fef0c,503,1,0,335,,,broken,,2026-06-22T12:57:54+00:00
f668f039-558b-420e-a119-848a58db05a5,200,1,1,684,,"Julie Larsen, Real Estate Agent - Compass",good,,2026-06-22T12:57:54+00:00
b3aa7408-a09c-4c12-b7f4-624f8c59fd38,200,1,1,2218,WordPress,Contact Us - Florence Ropelewski,good,,2026-06-22T12:57:54+00:00
a34fd2f5-ba63-45d1-a136-6668fbddf976,200,1,1,473,,Team Kasama Lee | American Canyon Real Estate Experts,good,,2026-06-22T12:57:54+00:00
24a8cbab-4a83-4385-915b-cde93aae72f6,200,1,1,376,,Sonoma Real Estate Agent â Discover Your Dream Home,good,,2026-06-22T12:57:54+00:00
eb20bbe7-fd3e-4c5b-a095-28e7adab87d1,200,1,1,422,GoDaddy,Petaluma Real Estate Agent,good,,2026-06-22T12:57:54+00:00
7ffb599a-9b30-452e-8978-33a6745e78d6,404,0,0,317,,,broken,,2026-06-22T12:57:54+00:00
00eaa645-dada-4f45-af92-f90444f09122,200,1,1,399,,Margaret Schrock | Petaluma Real Estate Agent,good,,2026-06-22T12:57:54+00:00
f911c43c-1081-447c-8645-e7c77c2af456,0,0,0,206,,,broken,"ssl: HTTPSConnectionPool(host='www.krobinsonrealestate.com', port=443): Max retries exceeded with url: / ",2026-06-22T12:57:55+00:00
35fd05bc-d577-44bb-ac92-681c9def52dd,200,1,1,229,,Kent + Sandoval Team | Petaluma Real Estate Agents,good,,2026-06-22T12:57:55+00:00
1f066644-2da3-4431-a915-e520d58489b5,200,1,1,422,,Vacaville CA Real Estate & Homes for Sale | REMAX Gold,good,,2026-06-22T12:57:55+00:00
4b657f91-eb00-4bf4-aea1-96fa6f8d4cb1,200,1,1,251,,"Lander Real Estate | Tony Lander - Petaluma, CA",good,,2026-06-22T12:57:55+00:00
8e49cfad-2c6e-49cc-8d9f-26bd74f38d51,403,1,1,209,,Just a moment...,broken,,2026-06-22T12:57:55+00:00
e88f2de0-b6df-4969-bc5a-7fe25455041c,200,1,1,1690,WordPress,Jill Levy | Napa &amp; Sonoma Valley Real Estate Agent,good,,2026-06-22T12:57:55+00:00
a83e22f9-ae7a-4cfe-86f5-6da640d0429f,200,1,1,2083,WordPress,Celia Wu,good,,2026-06-22T12:57:55+00:00
2fe10716-2c2b-4959-889b-859e14f4dba4,0,0,0,142,,,broken,connection failed,2026-06-22T12:57:55+00:00
28f17bf3-1882-47b9-973b-d3eecd304699,200,1,1,474,WordPress,Leigh Magnani,good,,2026-06-22T12:57:55+00:00
fbc74ea0-ccb6-41d1-8ce8-cfe5fdbdebc2,200,1,1,345,,Fairfield CA Real Estate â Luxury Homes | Loney & Worley,good,,2026-06-22T12:57:55+00:00
0aa1393d-f600-4a8d-ac02-b376a1221813,200,1,1,616,,Larry Parks Realty | Petaluma CA,good,,2026-06-22T12:57:55+00:00
1276da19-2a11-43c3-ba2d-a9477fd04dcd,200,1,1,2263,Wix,"Jennifer Gass @ Coldwell Banker Brokers of the Valley | realtor in Napa Valley | Napa, CA, USA",good,,2026-06-22T12:57:55+00:00
63b39b0f-8832-4d8d-8b45-727d76e7123f,200,1,1,314,,Luis Nanez - Petaluma,good,,2026-06-22T12:57:55+00:00
c91e255c-183a-42e3-acad-7b1da8587e05,200,1,1,8203,GoDaddy,Welcome,weak,,2026-06-22T12:57:55+00:00
c36e7d97-03bc-4bdf-b2ad-14d9c16ec8be,403,1,1,157,,Just a moment...,broken,,2026-06-22T12:57:55+00:00
23dbe166-1875-45ee-a734-2c1da97d7c81,0,0,0,40,,,broken,connection failed,2026-06-22T12:57:55+00:00
afcabb7b-1cc2-475b-887b-5e4d56973ef6,200,1,1,2020,WordPress,Home - Julie Watson,good,,2026-06-22T12:57:55+00:00
3836513c-6129-431f-b961-a8c74d37d652,0,0,0,15069,,,broken,connection failed,2026-06-22T12:57:55+00:00
e72aa9fd-a6dd-48ce-8f0b-36fb69b1106f,200,1,1,361,Squarespace,Marie Octena,good,,2026-06-22T12:57:56+00:00
f230de57-ed4f-40dc-a324-bd9495049b2b,200,1,1,2459,WordPress,John Garaventa Real Estate - John Garaventa Real Estate | Coldwell Banker | Napa Valley,good,,2026-06-22T12:57:56+00:00
dbe84f3e-b364-4f8a-8ef2-61ce1e1192c4,200,1,1,457,,Sonoma Wine Country Luxury Real Estate | Mark Stornetta,good,,2026-06-22T12:57:56+00:00
e933dd7b-d797-41c1-b14c-f74caeae39bf,200,1,1,264,Squarespace,"Marvin Pederson, Attorney",good,,2026-06-22T12:57:56+00:00
49d48de7-e5e2-444d-bb31-6b60a7339473,200,1,1,605,WordPress,Mackenzie Sells Napa - mackenziesellsnapa.com,good,,2026-06-22T12:57:56+00:00
08f16b0f-6b8e-4b91-9ddb-4325d28496ca,202,1,0,274,,,weak,,2026-06-22T12:57:56+00:00
fe855490-ae45-4119-80fc-75baed3f6baf,200,1,1,282,,,good,,2026-06-22T12:57:56+00:00
8a97d934-b58f-4c49-9d79-9e4373e5163c,200,1,1,460,,"Mary Szykowny, Real Estate Agent - Compass",good,,2026-06-22T12:57:56+00:00
a6bc732f-5c64-470b-a580-21758cb1bf80,200,1,1,441,WordPress,Sonoma &amp; Napa County Real Estate | Living in Wine Country,good,,2026-06-22T12:57:56+00:00
6b16c6a6-0635-4c6a-877a-7c45ee7285c5,200,1,1,465,,Melyna Huff | Napa & Sonoma Real Estate Specialist,good,,2026-06-22T12:57:56+00:00
48c171dd-bcbb-4f63-a80d-c860bd70049b,200,1,1,1965,,Kelli Marchbanks - Real Estate Agent - Coldwell Banker,good,,2026-06-22T12:57:56+00:00
104d59cc-fac8-4284-9950-020378cd6d22,200,1,1,425,,"Real Estate, Homes for Sale & Apartments for Rent | Compass",good,,2026-06-22T12:57:56+00:00
084c728c-d2c0-404a-abcc-9b3c37861334,202,0,0,259,,,weak,,2026-06-22T12:57:56+00:00
8ff740f0-34c5-4cc0-a0c4-dac53266cfd3,200,1,1,583,,"BrokerInTrustMikeSilvas.com - Michael Silvas, Realtor, GRI, CRB - Wine Country Real Estate",good,,2026-06-22T12:57:56+00:00
e66e287a-9a47-4c63-9504-4e3105aa3380,200,1,1,463,,Josh Mendoza - Real Estate Agent,good,,2026-06-22T12:57:56+00:00
9e4c7b98-65c9-4696-9196-a48ec189d8a9,0,0,0,57,,,broken,connection failed,2026-06-22T12:57:56+00:00
17746b4b-eb3b-41f5-a72f-024cfb61b892,200,1,1,502,WordPress,Parrish Properties &#8211; Listings in Sonoma County,good,,2026-06-22T12:57:56+00:00
6dfcbfaf-fbdc-42a1-b03e-6381397a0a5b,0,0,0,103,,,broken,connection failed,2026-06-22T12:57:56+00:00
52ef0df2-5364-4429-afe6-d390ee4d6d1a,403,0,0,342,,403 - Forbidden: Access is denied.,broken,,2026-06-22T12:57:57+00:00
2898f7e5-290b-450c-8b1e-0b96b1e24cc2,503,1,0,309,,,broken,,2026-06-22T12:57:57+00:00
04b9d8d6-c2ef-4d62-a602-13ff9c9f62be,0,0,0,113,,,broken,connection failed,2026-06-22T12:57:57+00:00
c9b35091-07f2-4abc-be9d-06d4d7d3fa75,0,0,0,36,,,broken,connection failed,2026-06-22T12:57:57+00:00
5e9e37e3-dc74-44f1-8bcf-03c93cc642aa,404,0,1,516,,Site inactive,broken,,2026-06-22T12:57:57+00:00
ab0552ca-919b-4848-b27f-08ae873855fa,200,1,1,1189,,å¨å°¼æ¯äººå®ç½ | å¨å°¼æ¯äººApp ä¸è½½ | å¨±ä¹å¹³å°ä¸çäººæ¸¸æ - Venetian App,good,,2026-06-22T12:57:57+00:00
ed3bd07f-0274-4ce2-ba62-f8ba7321b41f,200,1,1,407,,"Sonoma County Real Estate | Rob Sullivan, Petaluma Agent",good,,2026-06-22T12:57:57+00:00
a0f0c6e0-6259-42b6-9c7b-f4d5b77b11d8,0,0,0,41,,,broken,connection failed,2026-06-22T12:57:57+00:00
a4ea93e5-a097-46f8-97d2-69b216510cd6,200,1,1,535,,"Rick Avery, Real Estate Agent - Compass",good,,2026-06-22T12:57:57+00:00
3fbdcfa6-fe6f-4494-9029-5875ea9777eb,200,1,1,343,,"SamSullivanRealtor.com - Sam Sullivan, Realtor - California Real Estate",good,,2026-06-22T12:57:57+00:00
c182db81-5525-4b33-8ffe-16001df9e247,200,1,1,231,,Family-Owned Business Dedicated to Service in Napa County,good,,2026-06-22T12:57:57+00:00
38641e4f-c05e-478c-888c-62db0f6ab1a3,200,1,1,302,,Sharon Monticello | Your Petaluma Real Estate Expert,good,,2026-06-22T12:57:57+00:00
f10af51a-bb88-4980-8f24-c6042a9c9587,200,1,1,1433,WordPress,JEREMY KING &amp; PEG KING,good,,2026-06-22T12:57:57+00:00
a10b137e-8383-4bbd-9cbc-b06d3f6374a5,0,0,0,110,,,broken,connection failed,2026-06-22T12:57:57+00:00
f8f207fe-9693-4cfb-be3f-cb3f1886509c,200,1,1,437,,"Sharon Langord, Real Estate Agent - Compass",good,,2026-06-22T12:57:57+00:00
1d408267-8584-4abe-95ec-52fba2f9794f,200,1,1,699,,Sarah Brown - Dedicated Real Estate Guidance for Your Needs,good,,2026-06-22T12:57:57+00:00
363f46e0-29e0-46b8-9c2f-8a2366b220a3,200,0,0,589,,Redirect,weak,,2026-06-22T12:57:58+00:00
82749a1a-79c3-4392-8645-94f235d97ceb,218,1,0,414,,,weak,,2026-06-22T12:57:58+00:00
f370b671-2b70-49e4-a532-bddd01fe32de,200,1,1,438,,"Michael Studebaker, Real Estate Agent - Compass",good,,2026-06-22T12:57:58+00:00
e144207e-2a49-42b6-b033-f16c5ff1bb5b,404,1,1,477,Wix,,broken,,2026-06-22T12:57:58+00:00
9ab492e5-7004-4951-b505-d03aaac5eb4a,200,1,1,1664,,North and East Bay Realtor,good,,2026-06-22T12:57:58+00:00
e2fc66dc-d019-45cd-8c92-5a5b274fa8d4,200,1,1,254,,"January Al-Zouhbi, Real Estate Agent - Compass",good,,2026-06-22T12:57:58+00:00
fb3e75de-72a2-4c70-8917-7125acc5cd17,200,1,1,575,,Sonoma County Luxury Real Estate Agent | Summer Olson,good,,2026-06-22T12:57:58+00:00
ff477a0f-9df3-4c5c-9520-d4d7a7951976,200,1,1,421,Wix,"Top Agent | Tara Polley, Sotheby's International Realty | California",good,,2026-06-22T12:57:58+00:00
c9c121f3-11dd-49d6-92c7-caf305554266,403,1,1,278,,Just a moment...,broken,,2026-06-22T12:57:58+00:00
21c397b5-f509-4fde-9c73-b95bc415d32e,200,1,1,323,,theheinzgroup.com,good,,2026-06-22T12:57:58+00:00
1e0aad66-964d-4b8c-b1de-3248956cec46,200,1,1,401,,"Dorian Altamirano, Real Estate Agent - Compass",good,,2026-06-22T12:57:58+00:00
80f3e883-1eb6-414a-a45c-433dbba14958,200,1,1,3454,WordPress,Linda Fischer | Napa Valley Real Estate,good,,2026-06-22T12:57:58+00:00
cd842a1f-9527-4c2a-8c2c-dfe06c6b3c2e,403,0,0,327,,403 - Forbidden: Access is denied.,broken,,2026-06-22T12:57:58+00:00
a0478346-fc34-4b84-af66-9aa371cdf5a9,200,1,1,425,,Napa Valley Real Estate â Discover Luxury with Joel Toller,good,,2026-06-22T12:57:58+00:00
ea9ca463-9629-4555-9538-cdcbe28584f2,200,0,0,93,,,weak,,2026-06-22T12:57:58+00:00
9dc955b5-5043-4621-909b-da25a01954af,200,1,1,260,,Sonoma County Real Estate Agent | Sonoma & Marin Luxury,good,,2026-06-22T12:57:58+00:00
5cdd1018-2bbf-4f0d-87af-5ee0c8a97cc4,0,0,0,37,,,broken,connection failed,2026-06-22T12:57:58+00:00
f41b79dd-f6d1-4d8f-aea3-9285e88db037,200,1,1,359,WordPress,Timothy Rangel: Luxury Real Estate Expert in San Francisco,good,,2026-06-22T12:57:59+00:00
2290bcd1-084e-48e9-9ba7-7fffb4fceb8c,200,1,1,391,,Therese Nugent | Sonoma Real Estate,good,,2026-06-22T12:57:59+00:00
e291dd22-0b47-42b5-ac79-40bd87354dd8,200,1,1,1224,WordPress,Suzy Anderson - Napa Valley Real Estate,good,,2026-06-22T12:57:59+00:00
246ab966-9a2e-430e-b8ac-e34992df3308,403,1,1,264,,Just a moment...,broken,,2026-06-22T12:57:59+00:00
9ed28139-af5f-42db-b1ee-e3e186396959,200,1,1,576,,"Tracy Reynes, Real Estate Agent - Compass",good,,2026-06-22T12:57:59+00:00
7e72a06a-59b0-420e-a6b6-fcde6a893661,0,0,0,113,,,broken,connection failed,2026-06-22T12:57:59+00:00
38dc7ec1-bbf4-417a-aad4-c2f048f6b08d,429,1,1,414,,Just a moment...,broken,,2026-06-22T12:57:59+00:00
ff679a62-b855-48fb-9ba0-1120e3cffeeb,200,1,1,190,,Seasonal Dining and Culinary Experiences in Napa | Stanly Ranch,good,,2026-06-22T12:57:59+00:00
554f573a-9925-4afe-adf6-deb92e2ffdbd,200,1,1,380,,The Law Offices of Pauline M. Deixler - The Law Offices of Pauline M. Deixler,good,,2026-06-22T12:57:59+00:00
1273c262-928b-41ed-bda7-0a63f01cba0b,200,1,1,142,,Brix Restaurant & Gardens,good,,2026-06-22T12:57:59+00:00
b2912632-b778-4d12-9a81-ab1e87ed40fb,200,1,1,141,,"Fleetwood - Wood Fired Fine Foods in Calistoga, CA",good,,2026-06-22T12:57:59+00:00
e2ad03b2-c77b-4dce-b916-73f1114b4dd7,200,1,1,1256,WordPress,Browse Beautiful Napa Homes for Sale | Nemeyer Garcia Team,good,,2026-06-22T12:57:59+00:00
3e9b6f30-2f47-4f92-8020-a672bacf7aa2,200,1,1,1227,WordPress,Home - Donovan &amp; Pamela Schemke,good,,2026-06-22T12:57:59+00:00
94a8ce85-712e-4212-a034-561b6c217704,200,1,1,365,Squarespace,CONTIMO | Discover Delicious Food &mdash; Order Now,good,,2026-06-22T12:57:59+00:00
747a548c-9399-44bb-82cd-b4970d8b0a8e,200,0,0,208,,Home - Living in Napa Valley,weak,,2026-06-22T12:57:59+00:00
ff38b09e-ffc9-4e68-b8c8-29a81e7fda16,200,1,1,169,WordPress,"Las Palmas (Napa, CA) &#8211; 1730 Yajome Street ~ 707-257-1514",good,,2026-06-22T12:57:59+00:00
51cb8718-b288-4681-9ef2-49d354d1e73c,202,1,0,372,,,weak,,2026-06-22T12:57:59+00:00
c33a2dfc-30b0-4c89-9976-3ee225d47f3c,200,1,1,247,WordPress,MOZAIK RESTAURANT -,good,,2026-06-22T12:58:00+00:00
cb2476b1-8a51-48f8-8d2b-3953047091cb,404,0,1,660,,404 Not Found,broken,,2026-06-22T12:58:00+00:00
337a597b-594d-4f33-866b-d09c9323cc09,200,1,1,213,Squarespace,Songbird Parlour - Modern Restaurant + Lounge in the heart of Sonoma Valley,good,,2026-06-22T12:58:00+00:00
d4c44e1d-6bc7-46af-8f63-1f6f78017866,200,1,1,1392,WordPress,Windermere Napa Valley Properties,good,,2026-06-22T12:58:00+00:00
438fb267-2b70-4a05-8f5e-029234388208,200,1,1,168,,"Station St. Helena | Breakfast, Lunch & Pizza",good,,2026-06-22T12:58:00+00:00
a473130c-5fe2-4315-95f4-016c26a4ffd7,200,1,1,637,WordPress,Palisades Eatery,good,,2026-06-22T12:58:00+00:00
2a63193d-8947-43e5-aca5-43a0dcf7c1d1,200,1,1,244,WordPress,The Kitchen at Priest Ranch located in Yountville CA,good,,2026-06-22T12:58:00+00:00
831b7b50-a303-44c8-99d2-265d72c720de,200,1,1,313,Squarespace,The Dutch Door,good,,2026-06-22T12:58:00+00:00
c6e09091-5885-4375-90bf-9849c6b8bfbb,0,0,0,103,,,broken,connection failed,2026-06-22T12:58:00+00:00
9a903ce4-7e5a-4d22-a514-fd467cba4043,0,0,0,68,,,broken,connection failed,2026-06-22T12:58:00+00:00
19014572-9d68-4b61-afae-8a4524be7c46,0,0,0,33,,,broken,connection failed,2026-06-22T12:58:00+00:00
862c82fa-d168-498e-add3-9f0b37b7e229,200,1,1,325,WordPress,Organic Greek &amp; Aussie Style Yogurt | Wallaby Yogurt,good,,2026-06-22T12:58:00+00:00
f352dcf4-7a74-4a22-be34-28f86a8a019f,200,1,1,165,WordPress,"Oakmont Gardens | Senior Living in Santa Rosa, CA",good,,2026-06-22T12:58:00+00:00
aa9b295e-8cb1-4daa-8848-c3a5e6924b9c,200,1,1,1944,WordPress,Windermere Napa Valley Properties,good,,2026-06-22T12:58:00+00:00
0fc7f5dd-d7e8-495e-84bc-d49f4f4c758b,200,1,1,104,WordPress,"Senior Living in Petaluma, California | Springfield Place",good,,2026-06-22T12:58:00+00:00
41cd76db-55bc-4e95-bafc-27816b72f28c,200,1,1,103,,"Senior Living in Napa, CA | Calligraphy Napa Valley",good,,2026-06-22T12:58:01+00:00
e6cae903-752b-41f7-8514-50873645ad13,200,1,1,493,,"Senior Living Petaluma, CA | MuirWoods Memory Care",good,,2026-06-22T12:58:01+00:00
1c8ffa65-7284-48a6-9575-9be2deb4a31e,200,1,1,581,Wix,Personalized Care | Piner's Nursing Home | Napa,good,,2026-06-22T12:58:01+00:00
c4914065-909d-45d8-97ae-e5e6898855d2,200,0,1,1565,,389SPORTS: Best Link Website in Official Trust 389Sport,weak,,2026-06-22T12:58:01+00:00
2b10d4e5-b75f-4f7b-a5e6-72b5c1b21ef2,200,1,1,573,Shopify,Vintage Home Napa Valley,good,,2026-06-22T12:58:01+00:00
c5fb7cc8-bcfa-462c-8651-1e962936cf9d,200,1,1,267,,Windsong of Sonoma Senior Living - Memory Care Community,good,,2026-06-22T12:58:01+00:00
6d493a42-545f-4403-b59b-cb6cedb9d1b9,200,1,1,836,,"Senior Apartments in Napa, CA | Vintage at Napa",good,,2026-06-22T12:58:02+00:00
b820e86f-876e-4166-90ec-388fd5225549,0,0,0,40,,,broken,connection failed,2026-06-22T12:58:02+00:00
8a54c1b3-75d8-4b2f-956a-4a7aa6ae6bd4,200,1,1,1220,WordPress,"Valley of the Moon Post Acute &#8211; Nursing Home, Physical Therapy, Healthcare &#8211; Sonoma, CA",good,,2026-06-22T12:58:02+00:00
c7b6a926-07fc-4214-9b18-1c1c00aafce6,200,1,1,1789,WordPress,Home - Green Acres Manor Sonoma,good,,2026-06-22T12:58:02+00:00
394d9486-64f1-4860-b26f-3d3d843528aa,404,0,0,167,,,broken,,2026-06-22T12:58:02+00:00
b3ebaa3d-bc43-4671-98e0-be81fcb4a7b7,200,1,1,770,Wix,Angelo's Roofing Inc,good,,2026-06-22T12:58:02+00:00
010ebb79-c15d-403d-83bf-8ea47f7918e3,200,1,1,137,WordPress,"Salt &amp; Stone Kenwood &#8211; Comfortable, Delicious Food in Kenwood",good,,2026-06-22T12:58:02+00:00
f8314555-fe36-4f68-ba56-a17ceb26b830,0,0,0,45,,,broken,connection failed,2026-06-22T12:58:02+00:00
97487c6d-7995-4373-b554-846995fa7346,200,1,1,537,Squarespace,Kanaloa Seafood Market,good,,2026-06-22T12:58:02+00:00
e4ef7002-4d6b-4f88-80ae-767f11a7be72,200,1,1,1961,WordPress,"Memory Care &amp; Assisted Living in Fairfield, CA",good,,2026-06-22T12:58:02+00:00
96613d56-63b0-429f-a8fd-d21ab1f3099d,200,1,1,363,Webflow,"All-In-One Salon, Spa &amp; Medspa Software | GlossGenius",good,,2026-06-22T12:58:02+00:00
d549fcc7-3d10-42fa-9365-c75221896c24,200,1,1,774,,"Balanced Skin And Acne Clinic | Health &amp; Beauty in Napa, CA",good,,2026-06-22T12:58:03+00:00
f31a6a26-d2e5-4bec-94e9-03bfcb994270,404,0,0,577,,,broken,,2026-06-22T12:58:03+00:00
5053f735-d45b-43ff-b338-7045d832f836,200,1,1,883,,Fine Dining Seafood Napa Valley Seafood Restaurant Napa,good,,2026-06-22T12:58:03+00:00
339743d4-06ef-468f-bc4b-dc974f7c1cb6,200,1,1,427,Wix,Home | Skinergy Skincare | Facial Treatments | Petaluma,good,,2026-06-22T12:58:03+00:00
b2966028-759b-4801-8ceb-6ed54489cdf6,200,1,1,775,,Thriving As An Introvert: Tanya LaRae Marsh of Holistic Skin Care Therapy On How Introverts Can Thrive &amp; Succeed In A Society That Seems To Favor Extroverts | by Yitzi Weiner | Authority Magazine ,good,,2026-06-22T12:58:03+00:00
72030653-82ee-48af-9c0c-dc3759ca7ba2,200,1,1,353,Squarespace,Blendcraft,good,,2026-06-22T12:58:03+00:00
e4bdeb3d-5bc9-4237-b1c0-7bc02427e995,200,1,1,541,Weebly,"The Best Skincare Studio in Petaluma, California | STILL Skincare",good,,2026-06-22T12:58:03+00:00
ea65aa42-0a52-4fa8-89a8-afafa6c99a24,200,0,1,257,Weebly,Home,weak,,2026-06-22T12:58:03+00:00
3be76955-0ce3-4794-89d7-1a796026188c,200,1,1,705,Weebly,,good,,2026-06-22T12:58:04+00:00
1230e740-44dd-4bf6-af2a-1838d7d3b7b8,200,1,1,228,Squarespace,BridgeView Spa,good,,2026-06-22T12:58:04+00:00
a24affb8-35a0-4588-ba93-fb24a4aaab31,200,1,1,606,Shopify,Best Day Spa in Sonoma CA | Facials &amp; Massage &ndash; Blush A Day Spa,good,,2026-06-22T12:58:04+00:00
95cfa5d7-ccf1-48f2-94cc-d6fd4dddbfcb,0,0,0,11,,,broken,connection failed,2026-06-22T12:58:04+00:00
93808725-0398-4064-841d-74b78b05f5a1,200,1,1,442,Squarespace,Calm Spa Sonoma,good,,2026-06-22T12:58:04+00:00
ed95bdee-9e0d-4659-b39c-e5b26f22a07b,200,1,1,390,Squarespace,Paradigm Medical Aesthetics | Enhance Your Look Today,good,,2026-06-22T12:58:04+00:00
f544e0b3-6d78-4e1e-b402-b0c19199d870,0,0,0,290,,,broken,"ssl: HTTPSConnectionPool(host='luminshopandspa.com', port=443): Max retries exceeded with url: / (Caused ",2026-06-22T12:58:04+00:00
21c03f9d-203e-4416-831a-878ca530ae90,200,1,1,436,Weebly,,good,,2026-06-22T12:58:04+00:00
c3febe55-1c97-42b6-874c-7ba69b0058ee,200,1,1,1618,Wix,"HOME | Weekend B Skincare | Esthetician Napa, California",good,,2026-06-22T12:58:04+00:00
57e4a051-450e-4d98-b5c0-c3c3bb441a4c,202,0,0,226,,,weak,,2026-06-22T12:58:04+00:00
0c97399f-4325-4d0c-8a5e-63dc874b7b96,200,1,1,338,GoDaddy,Relax with Professional Massage Services | Kassandra&#x27;s Spa,good,,2026-06-22T12:58:04+00:00
fbbbe3e1-06f3-40d3-bd4c-8eb65a9105e5,200,0,0,218,,,weak,,2026-06-22T12:58:05+00:00
d268d5ef-1236-4dc7-be0c-14472b58eda0,200,1,1,373,Wix,Makeup Artist | Holisticbeautyspace | Petaluma,good,,2026-06-22T12:58:05+00:00
ecdfda19-85c0-46f2-a58e-f0833ffa0d4e,200,1,1,471,Wix,Home | Painted Petals Nails &amp; Spa,good,,2026-06-22T12:58:05+00:00
4fd377a8-f345-4e36-8f30-e078332332e8,200,1,1,1467,,kaiyun&#x5B98;&#x65B9;&#x7F51;&#x7AD9;&#x7F51;&#x5740;-&#x4E2D;&#x56FD;&#x5B98;&#x65B9;&#x7F51;&#x7AD9;,good,,2026-06-22T12:58:05+00:00
fce87393-4f2c-4ced-a7cc-24f301b8b519,200,1,1,215,WordPress,"Worldwide Provider of Human Performance Training for Law Enforcement, Fire, and Aviation Personnel - Human Performance Training and Consulting Inc",good,,2026-06-22T12:58:05+00:00
0cb8dc51-c351-4d92-9e52-e1d7d8d8ef2a,200,1,1,1256,WordPress,Maldonado Bottling &amp; Packaging|Staffing Solutions for the Wine Industry,good,,2026-06-22T12:58:05+00:00
0eab3893-0670-452a-a4a0-b73bad807eda,200,1,1,593,WordPress,Meadowood Spa | Napa Spa Resort | Luxury Spa Napa Valley,good,,2026-06-22T12:58:05+00:00
fb668aa4-4e86-43e8-993a-2b93f626c39f,200,1,1,501,GoDaddy,Spa Services - Twin Flame Spa Legacy,good,,2026-06-22T12:58:05+00:00
149d1477-cbc8-4511-845f-cf3a68cb3492,404,0,0,4200,,,broken,,2026-06-22T12:58:05+00:00
e245b28e-7cd2-4096-a626-287d930f6320,404,0,0,139,,Error 404 (Not Found)!!1,broken,,2026-06-22T12:58:05+00:00
8606f24d-48d0-4934-abf5-e47bc154be08,200,0,1,100,,,weak,,2026-06-22T12:58:05+00:00
493018a7-3e1f-40ab-af67-0ca06fb11bc4,403,1,1,115,,Just a moment...,broken,,2026-06-22T12:58:06+00:00
5b9bad47-d09f-409d-99f0-7ba01ad42697,200,1,1,414,Squarespace,Steiners Tavern,good,,2026-06-22T12:58:06+00:00
0859b9fa-96b2-473a-9185-f5b64c1ae691,200,1,1,750,,small talk,good,,2026-06-22T12:58:06+00:00
78b93b79-bdbb-44bd-92c1-60882820effb,200,1,1,543,Wix,Johnny's | Sports Bar | Calistoga,good,,2026-06-22T12:58:06+00:00
65535542-7845-49ab-b6b3-2e8a8285641d,200,1,1,355,,Ray Ray's Tacos | Austin-Style Tacos and Breakfast Tacos in Napa Valley,good,,2026-06-22T12:58:06+00:00
b096eb68-60b9-4b68-b970-376dee9f795f,404,1,1,352,Wix,,broken,,2026-06-22T12:58:06+00:00
2b0dece7-4c89-4ed5-b0a5-4dbe508316d3,200,0,1,522,WordPress,"Morimoto Napa &#8211; Sushi &amp; Sake located in Napa, California",weak,,2026-06-22T12:58:06+00:00
c2bf5e4f-9b14-4334-b964-9304cb4d5432,200,1,1,467,Wix,Home | Islandoasis,good,,2026-06-22T12:58:06+00:00
dfb06769-e52c-4669-ac47-b072b0184180,200,1,1,387,Squarespace,Studio Sun &amp; Beauty,good,,2026-06-22T12:58:06+00:00
42243e15-1414-4154-b754-b8a40e3366e1,200,1,1,280,,"Solbar Restaurant at Solage Resort & Spa in Calistoga, California",good,,2026-06-22T12:58:06+00:00
ab809fa0-e9f6-4cbb-9061-d2945cd84808,0,0,0,37,,,broken,connection failed,2026-06-22T12:58:06+00:00
0bdf1ab6-b270-46a7-9116-10f01e557c30,200,1,1,277,Squarespace,Zuzu,good,,2026-06-22T12:58:06+00:00
131b6d86-14a7-4225-b77b-d731f93b781b,0,0,0,131,,,broken,connection failed,2026-06-22T12:58:07+00:00
775cee09-454a-4379-8ba2-737c2b4e9b7c,200,1,1,377,Wix,"BEAUTY &amp; THE BLADE | COSMETIC TATTOO | 21159 Calistoga Road, Middletown, CA, USA",good,,2026-06-22T12:58:07+00:00
c4375827-a5a9-49d9-a92c-18fce4f39d2f,200,1,1,895,,"North Bar and Grill – Best Brunch in Napa, CA",good,,2026-06-22T12:58:07+00:00
eff1882c-d4f0-44c0-b36a-ba080050d11c,200,1,1,325,Squarespace,Petaluma Tattoo,good,,2026-06-22T12:58:07+00:00
fa353e60-ed10-4e89-992d-1cb7c7475ce7,200,1,1,411,WordPress,Cosmetic and Restorative Tattoos - Restorative Ink Specialists,good,,2026-06-22T12:58:07+00:00
d60e5bdb-94a3-4d1c-b1e5-33c51b1d7a97,200,1,1,467,Squarespace,Rosa Grande Tattoo,good,,2026-06-22T12:58:07+00:00
2e498c4f-9a5b-4c58-9c09-ad0d49c14a3d,200,1,1,417,Wix,Racks and Tracks Taxidermy | Taxidermy | Beaver County,good,,2026-06-22T12:58:07+00:00
d6f63a80-521d-4a01-abcb-4c1f8d1c4df4,0,0,0,43,,,broken,connection failed,2026-06-22T12:58:07+00:00
9363984a-0770-4e0b-ad4e-3a10e1ba9208,0,0,0,107,,,broken,connection failed,2026-06-22T12:58:07+00:00
eb48859e-1de4-4100-a7d2-5642d3de9348,403,1,1,70,,Just a moment...,broken,,2026-06-22T12:58:07+00:00
f8e19edb-79ae-4de7-a22d-02f2f4c404d3,200,1,1,8490,GoDaddy,Delicious Brunch Options in Napa Valley,weak,,2026-06-22T12:58:08+00:00
067dca18-0ae0-4fed-aaf6-f59a14762b3e,200,1,1,889,,"Bangkok 9 - Sonoma Marketplace, Sonoma, CA",good,,2026-06-22T12:58:08+00:00
9e20b6cf-8771-4fcb-9ca1-3a96135c273c,200,1,1,632,,NAGA188: Situs Toto Slot Gacor Link Online Slot88 Gampang Menang Hari Ini,good,,2026-06-22T12:58:08+00:00
b1f0571e-1e34-4513-9a07-b8a26ce9929d,0,0,0,108,,,broken,connection failed,2026-06-22T12:58:08+00:00
e4221080-eed9-4b01-90f3-cce011457f13,200,1,1,703,GoDaddy,Kob&amp;#39;s Kitchen: Authentic Lao &amp;amp; Thai Food in American Canyon,good,,2026-06-22T12:58:08+00:00
934c9ee3-6401-4278-bb7b-5dccceddb4c1,404,1,0,193,,SITE NOT FOUND,broken,,2026-06-22T12:58:08+00:00
72a3d83f-8ab9-46d4-ab79-b5f6d7d9d503,404,1,1,368,Wix,,broken,,2026-06-22T12:58:08+00:00
361df055-fb3b-4a84-9e64-fad39203a571,200,1,1,234,,Tire Repair Service | Joe D'Adamo Tire,good,,2026-06-22T12:58:09+00:00
0262f19c-6b31-42d5-ab23-aa51d4d9be66,200,1,1,712,,Must-Visit Restaurant in Baton Rouge | Thai Kitchen,good,,2026-06-22T12:58:09+00:00
e78968ed-8a40-4141-8bd0-9ad7bc1d3899,200,1,0,72,,"Napa Tire & Wheels: Napa, CA Tires & Auto Repair",weak,,2026-06-22T12:58:09+00:00
185e2ed7-9124-4734-a0b8-451f99390b1b,200,1,0,442,,"Auto Repair & Tire Shop in Napa, CA | Napa Tire Inc.",weak,,2026-06-22T12:58:09+00:00
91dd96c8-9283-4f6e-b422-207ebf655194,202,1,0,249,,,weak,,2026-06-22T12:58:09+00:00
0dc66ae6-41bf-46d6-914b-d41ec8ce5cdd,200,1,1,163,,Wine Spectator Home,good,,2026-06-22T12:58:09+00:00
4ce71e8b-406b-499d-8413-d34eaea5cba5,0,0,0,106,,,broken,connection failed,2026-06-22T12:58:09+00:00
196451fd-973b-426c-9575-7d59bc529fbf,200,1,1,549,,"Tires, Auto Repair &amp; Expert Vehicle Maintenance | Wheel Works",good,,2026-06-22T12:58:09+00:00
4133696a-8c71-47f9-a25e-2f58793ebd6e,200,1,1,293,Weebly,Our goal is to help you be successful and enjoy school - contact us so we can help - Sonomarin Tutoring + Test Prep,good,,2026-06-22T12:58:09+00:00
48ae9565-f528-4278-a280-06bda2596974,200,1,1,419,Wix,Tutoring | Petaluma | CJLC Tutoring,good,,2026-06-22T12:58:09+00:00
939b938a-1e12-40b5-9115-85edf1064812,0,0,0,124,,,broken,connection failed,2026-06-22T12:58:09+00:00
03843b23-54c8-43c2-ba46-a6541d85ea95,200,1,1,326,,"A.E.Z.R. PET HOSPITAL Petaluma, CA - Home",good,,2026-06-22T12:58:10+00:00
2056c53d-aed7-4f39-92dc-aeb6e4cdc3b6,403,1,1,126,,Access Denied,broken,,2026-06-22T12:58:10+00:00
19aa3d30-821c-4b2a-a2cb-35ca3db4378a,404,1,0,511,Squarespace,Squarespace - Website Expired,broken,,2026-06-22T12:58:10+00:00
3bcb6933-a932-49c8-b3b1-69c5abd5cdaa,0,0,0,15160,,,broken,connection failed,2026-06-22T12:58:10+00:00
cadfd6d2-54df-45d3-bd13-23f2f4f515bd,200,0,0,110,,,weak,,2026-06-22T12:58:10+00:00
81a28c80-a0c1-423f-baf1-dec7722e1dde,200,1,1,189,,East Petaluma Animal Hospital | Best Vet in Petaluma,good,,2026-06-22T12:58:10+00:00
9622cccc-5d3a-41d1-b848-6eb63b7b0a5c,200,1,1,418,Squarespace,Alta Equine Sports Medicine,good,,2026-06-22T12:58:10+00:00
2646d898-c24a-499c-9b52-b8dc1f228d6f,200,1,1,1196,Wix,Personalized Tutoring Services for K-12 Students - Spark Whole Student Learning,good,,2026-06-22T12:58:10+00:00
46d96dca-2dec-40b1-99e5-bd392239e69c,200,1,1,321,GoDaddy,"Napa West Pet Hospital - Animal Hospital, Veterinary",good,,2026-06-22T12:58:11+00:00
765bae73-911f-4198-a676-dc14bd143524,200,1,1,435,Squarespace,Napa Valley Holistic Veterinary Services,good,,2026-06-22T12:58:11+00:00
070618d9-7a72-414b-ba00-21f8161c3232,200,1,1,892,,"Veterinarian in Columbus, NC | Bonnie Brae Veterinary Hospital â Your Trusted Veterinary Clinic for Pet Wellness, Surgery, Emergency Care &amp; More. Book an Appointment Today!",good,,2026-06-22T12:58:11+00:00
337a8d22-7ca7-4161-8905-6d0197a6e4d5,200,1,1,423,Wix,Veterinarian | Petaluma Equine | United States,good,,2026-06-22T12:58:11+00:00
463bb953-352b-4349-837d-269011daceaf,200,1,1,220,Squarespace,Puchalski &amp; Associates,good,,2026-06-22T12:58:11+00:00
7b61f977-8233-44a3-8481-5c000a0b720f,200,1,1,188,,Sonoma Hotels | Stay at Sonoma Valley Inn by Hilton,good,,2026-06-22T12:58:11+00:00
823b80dc-12a8-415b-97f3-58bfb89d06ec,0,0,0,15280,,,broken,connection failed,2026-06-22T12:58:11+00:00
3c1528cb-c5a4-4c78-b2c6-5d785d7acb90,0,0,0,110,,,broken,connection failed,2026-06-22T12:58:11+00:00
b53e46f4-5317-48f5-bcb3-795a5404530a,202,1,0,245,,,weak,,2026-06-22T12:58:11+00:00
b6372019-5f94-4da4-a915-e25cef8eeaec,200,1,1,230,WordPress,"Whiskers Animal Dentistry &amp; Oral Surgery | Petaluma, CA",good,,2026-06-22T12:58:11+00:00
fd95f9c5-2109-4057-962b-3acf1539c19c,0,0,0,15194,,,broken,connection failed,2026-06-22T12:58:11+00:00
89d6561f-2b7a-4cc6-80d2-dca540e08bab,202,0,0,141,,,weak,,2026-06-22T12:58:11+00:00
fa033f3b-c67f-4944-aa79-a2cfb295c956,200,1,1,321,,Store,good,,2026-06-22T12:58:11+00:00
4fda9b3f-fd7d-405c-892b-6bfbbce33052,0,0,0,15110,,,broken,connection failed,2026-06-22T12:58:11+00:00
0a86d49e-bb11-44f8-a1c4-9608e69257ea,200,1,1,246,WordPress,"Wine Country, Napa &amp; Sonoma Wedding Planners - Blissful Events",good,,2026-06-22T12:58:11+00:00
14e19ac2-e17d-4fa4-bfa9-f2a894707a26,200,1,1,187,WordPress,Quintana Events | TOP Napa Valley &amp; Sonoma Wedding Planner &amp; Events,good,,2026-06-22T12:58:11+00:00
9623e471-52c7-45d1-aa51-cf0ae4e207b7,403,0,0,179,,,broken,,2026-06-22T12:58:11+00:00
94842f46-953f-43cf-8f34-4f052524b002,200,1,1,189,,"Home | Bar Lucia in Napa, CA",good,,2026-06-22T12:58:11+00:00
a12c48aa-646a-4916-9545-49341c103569,200,1,1,630,,Washington Square Veterinary Clinic : Appointment Scheduling,good,,2026-06-22T12:58:11+00:00
fa82e894-08c9-4555-8ae1-2a25dd7d2e42,200,1,1,399,GoDaddy,Boutique Wine Country Events - Rue 29 Napa,good,,2026-06-22T12:58:12+00:00
70d6de46-2a3a-46ff-a872-4051b4057d86,200,1,1,250,Squarespace,Dos&#39; Bar,good,,2026-06-22T12:58:12+00:00
f296aaa4-ca5f-4960-af9f-1b7f3425de8e,403,1,0,438,,403 Forbidden,broken,,2026-06-22T12:58:12+00:00
56d7d521-75a9-484d-9d32-0a2d2cb97b49,200,1,1,269,Squarespace,Eagle Eye Wine | Award-Winning Wines and Olive Oil from the Napa Valley,good,,2026-06-22T12:58:12+00:00
29269202-3739-4053-a95a-a02a28896d23,200,1,1,560,,Pararaja77: Daftar Pertandingan Seru Hari Ini!,good,,2026-06-22T12:58:12+00:00
affaf61f-7846-4ecc-90a8-91482abdbd76,200,1,1,334,,Mia Carta Napa - Homepage,good,,2026-06-22T12:58:12+00:00
41045ad3-bb69-437b-a6d6-f34e4796b672,200,1,1,938,,Home - Ancien Wines,good,,2026-06-22T12:58:12+00:00
3e2760b2-e12b-45df-aa2c-2d02a8c8e9d9,200,1,1,835,GoDaddy,Odisea Wine Company | Cochon Wines,good,,2026-06-22T12:58:12+00:00
9626ccda-ea4d-4998-b20d-6080a9cda42d,200,1,1,414,,"Panevino No. 6 Grissini &amp; Sub Rosa Salumi, Artisan Foods from the Napa Valley",good,,2026-06-22T12:58:12+00:00
325b21b2-1e99-4c1b-ba44-5e1567faa74b,200,1,1,101,GoDaddy,Rebel Vintners &#8211; info@rebelvintners.com,good,,2026-06-22T12:58:12+00:00
b5bdb068-d458-4ceb-a42e-e096c9f02530,200,1,1,548,,Olette Wines - Homepage,good,,2026-06-22T12:58:12+00:00
74448dfa-ee13-4d63-8abe-d0361b4b5ae5,200,1,1,217,WordPress,7 Unforgettable Experiences in the Napa Wine Tasting Room,good,,2026-06-22T12:58:12+00:00
c3085242-df2a-4273-a4f6-d67f2e5d38f1,200,1,1,317,Squarespace,Sonoma Wine Shop &amp; La Bodega,good,,2026-06-22T12:58:13+00:00
c4351594-1114-478e-a746-088b883c8b35,200,1,1,1366,WordPress,"Anadrol in UK: Dosage, Benefits, Results and Legal Status",good,,2026-06-22T12:58:13+00:00
f535a6e0-3bf8-4fdf-80cb-213253445860,403,1,1,406,,Just a moment...,broken,,2026-06-22T12:58:13+00:00
08af0bd9-f053-4bbd-a711-b9caa12bb833,200,1,1,155,Squarespace,Valley Bar + Bottle Shop,good,,2026-06-22T12:58:13+00:00
506560bc-612c-4a6d-98f7-73a7e76b536e,200,1,1,601,Wix,HOME | SIGH Sonoma.,good,,2026-06-22T12:58:13+00:00
3ac41d86-18e7-47f4-b3b8-84e09faff3e0,200,1,1,545,,"Wine Tasting at The Village | Napa, California",good,,2026-06-22T12:58:13+00:00
4b6d1122-1503-4bf9-aabc-c698ae3e441d,200,1,1,384,Squarespace,ULTRAVIOLET WINES,good,,2026-06-22T12:58:13+00:00
c04446af-791b-4187-bda3-ab98a7a03ae2,200,1,1,679,WordPress,The Little Wine Guy | Wine Business Consulatant | Wine Sales &amp; Education,good,,2026-06-22T12:58:13+00:00
c2280bcf-2872-4f1e-97cc-d04d493111f5,502,1,0,991,,502 Bad Gateway,broken,,2026-06-22T12:58:13+00:00
d9e6ecbc-df37-4ee2-97e4-f042d438e7c4,200,1,1,352,WordPress,Home - AXR Napa Valley,good,,2026-06-22T12:58:13+00:00
a66036a6-f0fb-4557-8e30-9e004121d815,200,1,1,657,,"Official homepage of 4 Winds Winery of the Stags Leap District in Napa Valley, California.",good,,2026-06-22T12:58:14+00:00
d67fe34c-1b7b-494d-907f-1b9e14aa9171,200,1,1,811,,Instagram,good,,2026-06-22T12:58:14+00:00
1a854a78-0629-48e0-8167-395902a7f67e,200,1,1,562,,70s Love Wine - Home| 70s Love Wine,good,,2026-06-22T12:58:14+00:00
d697e197-7ce1-4eed-a750-56830b716174,403,1,1,72,,Just a moment...,broken,,2026-06-22T12:58:14+00:00
ee282235-938b-44ab-9111-d35c751ddc7a,200,1,1,393,Webflow,"World Class Winery in St. Helena, CA | Aadland - Moody Vineyards",good,,2026-06-22T12:58:14+00:00
bce1ea06-e64f-43c9-839d-667588953930,200,1,1,886,Webflow,6 Degrees Cellars - Homepage,good,,2026-06-22T12:58:14+00:00
71556356-7b0e-45d6-a675-390e2a71e246,200,1,1,345,WordPress,"Abbot&#039;s Passage Winery &amp; Mercantile | Glen Ellen, CA | Sonoma",good,,2026-06-22T12:58:14+00:00
b2c1de90-f362-48da-8120-efd7061dd4de,200,1,1,1060,,ACME Fine Wines - Napa Valley&apos;s Premier Shop for Discovering New Wines,good,,2026-06-22T12:58:14+00:00
b2ee7342-d125-4c8c-859c-66fd886ce943,200,1,1,386,Squarespace,Acre Wines,good,,2026-06-22T12:58:14+00:00
79b22bbb-3d89-4ad3-b47c-4224db00b039,200,1,1,177,WordPress,Æquitas Vineyards,good,,2026-06-22T12:58:14+00:00
3359e5e2-b0a2-4c44-9992-2bb0f318ba0b,0,0,0,105,,,broken,connection failed,2026-06-22T12:58:14+00:00
0b623f0d-d376-4b81-a6d5-e28514ccbab8,200,1,1,1229,,Mark Herold Wines - Premium Wine &amp;amp;amp; Downtown Napa Tasting Room,good,,2026-06-22T12:58:14+00:00
f805b104-abc6-4cdb-ba9b-f2e603e400e1,200,1,1,581,,ADAMVS - ADAMVS,good,,2026-06-22T12:58:14+00:00
34af53b5-253a-4ebf-bbe6-a2a1ba16da5f,404,0,1,361,Webflow,404 - Page not found,broken,,2026-06-22T12:58:14+00:00
60e0a632-dbe9-488b-946e-4bb4b08e8e1a,200,1,1,370,,Almacerro,good,,2026-06-22T12:58:14+00:00
a180fd85-fffa-4eb2-9b42-9d2815040a6d,200,1,1,458,Squarespace,Aileron,good,,2026-06-22T12:58:14+00:00
b8514394-24ec-426f-b4bc-1253c44c2372,200,1,1,382,WordPress,Home - Alpha Omega Collective,good,,2026-06-22T12:58:14+00:00
697c940b-635d-4782-91a1-c9975de9edc8,200,1,1,311,WordPress,Home - Amapola Creek Vineyards &amp; Winery,good,,2026-06-22T12:58:14+00:00
b77e6b4d-3712-446e-8973-12fdc206a729,200,1,1,360,Weebly,Home | Amand Family Wine,good,,2026-06-22T12:58:14+00:00
dd8319e9-a5cc-4dfa-8865-d18be00f3e73,200,1,1,258,WordPress,Home - Amapola Creek Vineyards &amp; Winery,good,,2026-06-22T12:58:14+00:00
728bb40a-5202-4b82-8729-e63fcd5a5da1,200,1,1,184,GoDaddy,Homepage - Anarchist Wine Co. - Uncork The Chaos - Visit Napa Valley,good,,2026-06-22T12:58:14+00:00
1c2be9a1-3f4b-47a5-b953-b3631389c221,200,1,1,162,WordPress,Home - B.R. Cohn Winery,good,,2026-06-22T12:58:14+00:00
dae803c3-fa2b-49e9-a2c2-4806c17c4e83,0,0,0,38,,,broken,connection failed,2026-06-22T12:58:14+00:00
40e5bb8a-1d60-46f9-be58-74d3c930e4d1,200,0,1,126,Squarespace,Barbour Vineyards,weak,,2026-06-22T12:58:15+00:00
61074cf1-7f5b-4da9-a593-9213b81ccec2,403,0,1,83,,Just a moment...,broken,,2026-06-22T12:58:15+00:00
34556b51-5ef0-4987-bf7f-291bc99646c5,0,0,0,15165,,,broken,connection failed,2026-06-22T12:58:15+00:00
7b7022a7-1f50-4d1f-9c5f-510e0c8235e2,200,1,1,440,Squarespace,Backstage Winery,good,,2026-06-22T12:58:15+00:00
e9e41d90-acce-4592-8a16-db2a3515de31,200,1,1,292,WordPress,Natural Wine Vegan Wine in California | Martin Pohl Wines,good,,2026-06-22T12:58:15+00:00
97001c82-65ad-4356-b593-a962d15b5757,200,0,1,281,,Home | Behrens Family Winery,weak,,2026-06-22T12:58:15+00:00
73d642e2-bb6b-4e8b-bfbb-1f01e48da00b,403,1,1,100,,Just a moment...,broken,,2026-06-22T12:58:15+00:00
124b2000-1f90-4de8-9128-dfdb2ff857b6,202,0,0,158,,,weak,,2026-06-22T12:58:15+00:00
4269bc52-2764-432d-bbfa-608c0a0bec0f,200,1,1,702,GoDaddy,"Winery, Wine, Wine Tasting - BackRoad Vines - Fairfield, California",good,,2026-06-22T12:58:15+00:00
68783643-f167-49bb-8b41-49be5c5b7a2f,200,1,1,548,WordPress,Boutique Winery in Napa Valley,good,,2026-06-22T12:58:15+00:00
fdda7900-befd-4a2b-a224-fb7e259e256c,403,1,1,161,,Just a moment...,broken,,2026-06-22T12:58:15+00:00
7ae66bb7-aec5-4f2e-b19d-c54f6eb502dc,200,1,1,730,WordPress,Beau Vigne,good,,2026-06-22T12:58:15+00:00
47fe6e8a-4c7c-4d9e-a317-05bd3cbfea16,202,0,0,206,,,weak,,2026-06-22T12:58:15+00:00
24721e38-9404-4c6c-9d8f-528c010a5960,200,1,1,698,,Bedrock Wine Co.,good,,2026-06-22T12:58:15+00:00
ec9d59eb-37b3-420f-b9d0-de85cdbba702,200,1,1,252,Squarespace,Bordes Wines,good,,2026-06-22T12:58:15+00:00
8a8753a3-a7a8-4c5b-9312-a87602f6cf28,200,1,1,483,,Bella Union | Winery in Napa Valley,good,,2026-06-22T12:58:15+00:00
857467e6-e5e9-4e1f-aca1-aa7f93b88b18,200,1,1,1172,,Amuse Bouche Wines - Limited Production Napa Valley Wines,good,,2026-06-22T12:58:15+00:00
743dc2ec-c888-49eb-ab19-28c2d352ca1b,200,1,1,189,WordPress,Home - Bravante Vineyards,good,,2026-06-22T12:58:15+00:00
d37b948f-df66-49e9-a634-17154e859259,200,1,1,486,,Bin to Bottle — Napa Valley's Premier Custom Crush Winery,good,,2026-06-22T12:58:15+00:00
9dc95f29-47d0-4baa-99ad-2143e54be7d2,200,1,1,236,GoDaddy,"Brut Bottling - Sparkling Wine, Sparkling Wine, Winery, Wine",good,,2026-06-22T12:58:15+00:00
14b6edf1-a79c-4b77-a36c-46fbe0402da8,200,1,1,390,,Broadway Vineyards | The Essence of Sonoma Style - Distinctive Wines with Casual Elegance,good,,2026-06-22T12:58:16+00:00
8c4cb076-77fc-4fc3-9d34-de2600e9e889,202,0,0,385,,,weak,,2026-06-22T12:58:16+00:00
7585fee6-eb4a-4f8c-b0c3-3852b00a1892,200,1,1,325,GoDaddy,Home - Calla Lily Estate &amp; Winery,good,,2026-06-22T12:58:16+00:00
5336d034-10a6-47c3-97bf-241610afab68,404,0,1,107,WordPress,Flywheel - Unknown Domain,broken,,2026-06-22T12:58:16+00:00
08752134-234d-44eb-b126-3ef1d11c77fb,200,1,1,453,WordPress,Premium Wines in Napa Valley | Carneros Della Norte,good,,2026-06-22T12:58:16+00:00
52012890-5400-4ed0-b331-853c2cb9f831,200,1,1,264,WordPress,Caymus-Suisun,good,,2026-06-22T12:58:16+00:00
c5310a07-c2bc-42f1-b7e3-231a0fc68663,200,1,1,837,Shopify,Two Estates Wine Collective | Brandlin Estate,good,,2026-06-22T12:58:16+00:00
b9764337-86c0-425a-b3c7-c45bb509965c,200,1,1,487,GoDaddy,Carneros Vintners,good,,2026-06-22T12:58:16+00:00
c07dd9b4-5e01-4e4e-9022-85dbfcad6915,200,1,1,23,WordPress,Home - Chateau St. Jean,good,,2026-06-22T12:58:16+00:00
c3c84427-9440-4739-9f7b-8575ed12423f,200,1,1,643,Shopify,Capo Isetta,good,,2026-06-22T12:58:16+00:00
1e25e19f-c06e-446b-8393-6d36aa0ec22d,200,1,1,145,WordPress,Home - Colinas Farming Company,good,,2026-06-22T12:58:16+00:00
af8c10ee-02be-4c8f-9681-e6fef3141b4b,200,1,1,225,WordPress,Home - Charter Oak Winery,good,,2026-06-22T12:58:16+00:00
5c628c30-6beb-432e-bd93-84192a8daf63,200,1,1,412,GoDaddy,Celani Wines - Old World Style Meets Napa Valley,good,,2026-06-22T12:58:16+00:00
0caaf113-d371-4a4e-92cf-a59cfcbc5688,200,1,1,374,Shopify,Clif Family Winery | Organically Farmed Napa Valley Wines,good,,2026-06-22T12:58:16+00:00
eaaf48cb-39d3-4356-91d2-a7dbacd5fc41,200,1,1,710,WordPress,Ceja Vineyards | Mexican-American Winery | Napa &amp; Sonoma Valley Wines,good,,2026-06-22T12:58:16+00:00
035ccbd5-6963-42dd-88da-1fc8d2cdab91,200,1,1,286,Squarespace,Coplan Vineyards | Estate-Grown Sonoma Wines &amp; Wine Club,good,,2026-06-22T12:58:16+00:00
d92afb82-683f-44db-a4e3-cab65f2c1184,200,1,1,882,WordPress,Carter Cellars - Napa Valley Cabernet Sauvignon - Purchase Wines,good,,2026-06-22T12:58:16+00:00
421e0f8d-3ba5-4ca0-a41b-87ad39484a9f,403,1,1,49,,Just a moment...,broken,,2026-06-22T12:58:17+00:00
76a5e33c-9824-4a04-a1c8-cdd6dd262c52,202,1,0,387,,,weak,,2026-06-22T12:58:17+00:00
e4fab66d-5b10-4ab9-bde0-aff653c64f23,200,1,1,357,Wix,Best Northern California Wineries | Napa Valley Red Wine - DRM Winery,good,,2026-06-22T12:58:17+00:00
0d24d261-7b23-4af6-8b4f-7f5c9f22747b,200,1,1,647,WordPress,Cornell Vineyards &#8211; This land is the source of our vision. &#8211; Henry and Vanessa Cornell,good,,2026-06-22T12:58:17+00:00
05b34339-92cd-4cfc-b0bf-f33d8084c5a0,200,1,1,120,WordPress,Davies Vineyards | Premium California Still Wines,good,,2026-06-22T12:58:17+00:00
965ddbfe-e2c4-4ab2-93ea-b2f02a39dace,200,0,1,331,,,weak,,2026-06-22T12:58:17+00:00
2e6be25f-adda-4f78-b420-586456846354,202,0,0,193,,,weak,,2026-06-22T12:58:17+00:00
73bbeac4-16c8-49dc-a447-414cf4409914,202,0,0,210,,,weak,,2026-06-22T12:58:17+00:00
aa82adc3-7350-4817-bc32-ccef728e13de,200,1,1,793,WordPress,Cornell Vineyards &#8211; This land is the source of our vision. &#8211; Henry and Vanessa Cornell,good,,2026-06-22T12:58:17+00:00
a874262b-b547-4933-adca-04e775ae585c,200,0,1,1935,,九游体育(中国)官方网站-九游,weak,,2026-06-22T12:58:17+00:00
32314b35-8e1a-4a73-a065-dbe0497cc2de,200,1,1,152,WordPress,Elegant Calistoga Wines from Napa Valley&#039;s Soul - Elusa Winery,good,,2026-06-22T12:58:17+00:00
4f447c71-a7ed-49d5-bf76-7734b97e0e94,200,0,1,203,,"Elan Vineyards | Napa, CA",weak,,2026-06-22T12:58:17+00:00
7ecc98f7-1a22-4cb0-93b2-7a277088db88,200,0,1,336,,Chardonnay and Pinot Noir from Napa Valley | El Molino Winery,weak,,2026-06-22T12:58:17+00:00
903aa2bc-4861-4cb4-8c55-e10d13707eca,200,1,1,684,,"Data HK 4D Hari Ini: Keluaran HK Lotto Togel Hongkong Pools, Pengeluaran HK 2026",good,,2026-06-22T12:58:18+00:00
694cce9b-f034-4f3e-9229-554f29772b94,200,1,1,489,,En Garde Winery - World Class Napa Cabs &amp; Sonoma Pinots,good,,2026-06-22T12:58:18+00:00
38f5db9e-9b41-4c77-9a6f-956957c81be4,200,1,1,579,,,good,,2026-06-22T12:58:18+00:00
ecc161ef-b76b-425a-8433-a5acdb7c39bd,200,1,1,562,WordPress,"Tasting Barn - Prime Solum, Expression 38°, Tetra, and Napa Valley Tasting Barn",good,,2026-06-22T12:58:18+00:00
9f3abc99-2ef1-410f-ae05-a8758ddb5703,0,0,0,10015,,,broken,connection failed,2026-06-22T12:58:18+00:00
c61e4574-d740-4a02-b9b9-d7c2050ac601,202,0,0,136,,,weak,,2026-06-22T12:58:18+00:00
4410a04f-669d-432a-a9f8-5272673fecd5,200,1,1,352,WordPress,Fathia Wines,good,,2026-06-22T12:58:18+00:00
bbaba4bd-bcb6-4152-9a0a-a53f67f3672c,200,1,1,694,,We Make Your World More Beautiful Through Wine The Future is YEAH!,good,,2026-06-22T12:58:18+00:00
d0ec487c-969d-4fd9-a4f1-beff2f73bf7e,200,1,1,1693,WordPress,Home - Dakota Shy Wine - Napa Valley,good,,2026-06-22T12:58:18+00:00
5d95c972-171c-4623-afc6-005cf22c5c29,200,1,1,2103,WordPress,Collateral Wines,good,,2026-06-22T12:58:18+00:00
1eb24b4c-fd1e-41de-8729-e7a9e6a0c72e,403,1,1,141,,Just a moment...,broken,,2026-06-22T12:58:18+00:00
b54bea61-e67c-4def-84e3-a49ad0adcc8a,403,1,1,291,,DNS points to prohibited IP | www.fearlesswines.com | Cloudflare,broken,,2026-06-22T12:58:18+00:00
6bd46f20-0746-422e-87b0-32da09124db5,200,1,1,663,Shopify,Home | Fairwinds Estate Winery,good,,2026-06-22T12:58:18+00:00
82dc521b-841c-458d-98f9-ed0ad945461b,200,0,0,80,,,weak,,2026-06-22T12:58:18+00:00
76d998f9-f883-4f42-9b64-f0fba4b8dd4b,202,0,0,174,,,weak,,2026-06-22T12:58:18+00:00
1f6d5517-63fc-47ef-b15c-d5dcfaa3a523,200,1,1,467,,Home,good,,2026-06-22T12:58:18+00:00
12b7b4ec-b134-4938-8691-aac37657dc66,0,0,0,109,,,broken,connection failed,2026-06-22T12:58:18+00:00
7bf7e771-e775-433f-b0df-efd7cc6e1bc3,200,1,1,261,WordPress,Home - Forthright Winery,good,,2026-06-22T12:58:18+00:00
69bd51ba-520c-4b03-ac62-a3d2ee78f46f,200,0,1,240,Squarespace,Frostwatch Vineyard &amp; Winery,weak,,2026-06-22T12:58:18+00:00
418645f0-cc9e-4a81-b557-84a78e97eee5,0,0,0,45,,,broken,connection failed,2026-06-22T12:58:18+00:00
485b984d-f307-46ce-b649-d56cb0296cec,200,0,1,111,,,weak,,2026-06-22T12:58:18+00:00
8c6e4bd8-93b4-4729-a0b4-cd7003bc2314,200,1,1,180,WordPress,HOME - Gloria Ferrer,good,,2026-06-22T12:58:19+00:00
5502f308-ca48-45ac-8cd9-126fdb299aa3,202,0,0,213,,,weak,,2026-06-22T12:58:19+00:00
a8f8342c-8af2-4971-9f14-52151149c1b5,200,1,1,400,WordPress,Frisinger Family Vineyard,good,,2026-06-22T12:58:19+00:00
7a685f15-fa4e-4106-af86-da18a1fdeffe,200,1,1,351,WordPress,Gamble Estates,good,,2026-06-22T12:58:19+00:00
3e701aec-013a-41d5-a067-e079852f5eda,200,1,1,497,WordPress,Home - Fortunati Vineyards,good,,2026-06-22T12:58:19+00:00
21a089ca-69ab-434d-9ba6-7db3717f50db,404,1,0,240,,,broken,,2026-06-22T12:58:19+00:00
d4d86700-8d77-4bd5-a30e-b4f5b6bfecd2,404,1,0,306,,,broken,,2026-06-22T12:58:19+00:00
abb9ef73-01cf-4fad-9e61-a57d6b8d1fd6,200,1,1,591,Shopify,"Grand Napa Vineyards | Wine, As It Should Be",good,,2026-06-22T12:58:19+00:00
7274f7fc-7aa4-4f3a-a55a-f43c7231723b,200,1,1,215,WordPress,"Top Boutique Winery in Yountville, CA | Handwritten Wines",good,,2026-06-22T12:58:19+00:00
b1b7e94f-7551-4714-907f-60a363eae8b6,200,1,1,463,WordPress,Gubel Family Vineyards - Napa Valley Estate Vineyard,good,,2026-06-22T12:58:19+00:00
e27662e2-0e75-4404-95b8-6cd27052469b,200,0,1,563,,Welcome to Gratus Vineyards - Gratus Vineyards,weak,,2026-06-22T12:58:19+00:00
b2d9b223-0b27-4f83-a632-571301c0ecdc,404,1,0,457,,,broken,,2026-06-22T12:58:19+00:00
d1060e24-52cf-4f42-a45d-a6319b23cb53,200,1,1,271,WordPress,Home - Hawkes Wine,good,,2026-06-22T12:58:19+00:00
f3858fa5-78cc-4176-a50f-bf1402e77cc1,200,1,1,1012,WordPress,Home - Gen 7 Wines,good,,2026-06-22T12:58:19+00:00
67d4d460-dd11-45f3-87d9-d955cea9f004,200,1,1,194,WordPress,Welcome to Hess Persson Estates - Winery &amp; Art Museum,good,,2026-06-22T12:58:19+00:00
979d09fd-d0ff-437a-94f7-5b543c97230a,200,1,1,329,WordPress,HdV Wines Hyde de Villaine California winery visit Napa Valley,good,,2026-06-22T12:58:19+00:00
c42be3f0-31f2-4dca-b45d-c5a48d609de7,403,1,1,34,,Just a moment...,broken,,2026-06-22T12:58:19+00:00
209bc770-56cf-4225-9224-d623986d109d,200,1,1,377,Squarespace,Heirs of My Dream Winery,good,,2026-06-22T12:58:19+00:00
9eaa8dab-bfa6-48c3-8037-86e5fc8411cc,200,1,1,216,,Welcome to High Point Winery,good,,2026-06-22T12:58:19+00:00
97a6b101-1256-458e-9432-92f009ab0160,200,1,1,210,Squarespace,Oakville Winery &amp; Estate Cabernet Sauvignon | Hoopes Vineyard Napa Valley,good,,2026-06-22T12:58:19+00:00
b5f51102-4135-4da5-b7c9-4cc0c2225515,200,1,1,1035,Shopify,Grape Culture Landing Page &ndash; SYNDICATE WINES,good,,2026-06-22T12:58:20+00:00
fb3c79e8-a7ff-4ca9-b113-87cc27fc6a27,200,1,1,372,Squarespace,Oakville Winery &amp; Estate Cabernet Sauvignon | Hoopes Vineyard Napa Valley,good,,2026-06-22T12:58:20+00:00
1d37751c-be11-4f0f-b2bf-6b7bf1313347,202,0,0,140,,,weak,,2026-06-22T12:58:20+00:00
aff0f60e-7f82-4f7a-b38c-124d781d314b,0,0,0,112,,,broken,connection failed,2026-06-22T12:58:20+00:00
b6348c2a-fdec-4450-a90c-53ee906c9046,200,1,1,569,,Welcome to Hestan Vineyards - Hestan Vineyards,good,,2026-06-22T12:58:20+00:00
fed97a88-c5f6-42b3-b21e-02a7fb0e1c69,200,1,1,394,Wix,Napa Wine Tasting Room | Housley Napa Valley | United States,good,,2026-06-22T12:58:20+00:00
c590415f-260b-47e9-a3a5-7cf869489607,200,1,1,169,WordPress,"Ink Grade | Shop, Visit, Membership - Ink Grade Wines",good,,2026-06-22T12:58:20+00:00
937bda87-f2c0-4eb1-b0d3-2ecf7ea043bf,200,1,1,204,WordPress,Home - Kelleher Family Vineyard,good,,2026-06-22T12:58:20+00:00
058d8505-b8b3-4c63-9ab7-a69a5fa198e3,200,1,1,398,Squarespace,Kasten Family Wines,good,,2026-06-22T12:58:20+00:00
ae0007c7-e154-4530-bf5f-0c5a942e4e3b,200,1,1,374,Squarespace,Kelly Fleming Wines,good,,2026-06-22T12:58:20+00:00
a51158d1-cdcd-4f34-be8d-ccd83c069c2e,200,1,1,313,,Kinsman Eades,good,,2026-06-22T12:58:20+00:00
37b1a377-ca8d-4892-99a9-046d59c0b80b,200,1,1,362,,Home | Kivelstadt Cellars,good,,2026-06-22T12:58:20+00:00
b8d66717-87d7-4ccd-91c6-4b1894dea1c4,200,1,1,174,Drupal,La Jota Vineyard Co.,good,,2026-06-22T12:58:20+00:00
6e8ef47b-65b0-4339-9865-71a3fbf1b813,200,1,1,844,WordPress,Hudson Ranch - Hudson Ranch,good,,2026-06-22T12:58:20+00:00
77f31d88-44c9-4728-b5b4-bcbc7e803afd,202,0,0,273,,,weak,,2026-06-22T12:58:20+00:00
e7f641a8-5998-40f1-b72d-5df82347111d,200,1,1,73,WordPress,Glen Ellen Winery Experience - Lasseter Family Winery,good,,2026-06-22T12:58:20+00:00
0672571d-e70a-41f0-a28f-3f74ef65214d,200,1,1,327,WordPress,Home - Lail Vineyards,good,,2026-06-22T12:58:21+00:00
9ee9ae76-1ba2-492b-b753-c45b7faddaea,200,1,1,406,WordPress,Lang &amp; Reed Napa Valley | Crafting Napa Valley Cabernet Franc since 1996!,good,,2026-06-22T12:58:21+00:00
fa7613e0-ac46-4de2-a71b-f8f09578fb5d,0,0,0,15201,,,broken,connection failed,2026-06-22T12:58:21+00:00
96fc44db-8400-4eb5-94c4-fadc4e246bbb,200,1,1,448,,LITHOLOGY A collection of single-vineyard wines sculpted from Napa Valley’s ancient soils.,good,,2026-06-22T12:58:21+00:00
2d41faa0-a6b9-4340-bee8-e00fcf56f75d,200,1,1,818,WordPress,La Prenda Wines,good,,2026-06-22T12:58:21+00:00
3b566124-e3d5-41e3-98eb-0703fe5dd8d5,200,1,1,350,Squarespace,LOLA,good,,2026-06-22T12:58:21+00:00
129cf4fd-8438-4bac-8ed0-18207ce511d4,200,0,0,92,,,weak,,2026-06-22T12:58:21+00:00
b1b53301-b682-4c00-b654-7626ede11d8b,0,0,0,7,,,broken,connection failed,2026-06-22T12:58:21+00:00
53038006-18f9-4c23-ac27-6cc59169f148,200,1,1,164,WordPress,Boutique Napa Valley Winery | Majuscule Wine | Cabernet,good,,2026-06-22T12:58:21+00:00
447c3c76-4416-4772-9c88-2bd72f470a95,0,0,0,15392,,,broken,timeout,2026-06-22T12:58:21+00:00
a5a99705-db15-40e6-817a-2ef92b59562f,200,1,1,563,Shopify,Luna Vineyards,good,,2026-06-22T12:58:21+00:00
7e67bd6e-2109-40ef-a10c-7c81f3ee8169,202,1,0,393,,,weak,,2026-06-22T12:58:21+00:00
abe84e84-e187-40fc-a5c4-f77d94d27335,200,1,1,1169,,Laffort 2026 Rendezvous by Lisa Strid | Eventbrite,good,,2026-06-22T12:58:21+00:00
6a861845-c450-4b96-8336-8518f48b4a19,200,1,1,359,Squarespace,"Mangels Vineyards | Visit, Taste, Enjoy Your Wine Journey",good,,2026-06-22T12:58:21+00:00
d0e06ffa-b93a-46d6-a5ea-8d47e88c8db6,0,0,0,15052,,,broken,connection failed,2026-06-22T12:58:21+00:00
d699ef13-6dc6-4111-ae8a-48da702dd4fb,202,0,0,104,,,weak,,2026-06-22T12:58:21+00:00
7c1642b2-b9f3-4852-a422-ad5c3cb532b3,200,1,1,527,,MACDONALD,good,,2026-06-22T12:58:21+00:00
a85cb429-c41e-4ed3-8002-d8c1d2302ff6,200,1,1,289,WordPress,Natural Wine Vegan Wine in California | Martin Pohl Wines,good,,2026-06-22T12:58:21+00:00
e031326e-1d57-49e9-9dce-f0e28b440db9,403,1,1,173,,Just a moment...,broken,,2026-06-22T12:58:21+00:00
2c05ff0d-9de7-48b0-86cc-3184b4b9f732,200,1,1,366,WordPress,HOME - Marita&#039;s Vineyard,good,,2026-06-22T12:58:22+00:00
83cdab20-a92b-402e-8306-278c5a309762,403,1,1,270,,Just a moment...,broken,,2026-06-22T12:58:22+00:00
5e854aba-13e7-4b06-9d9a-8ac11ae46938,200,1,1,2611,WordPress,Hertelendy Vineyards Official Website &#8211; The Premier Napa Valley Winery,good,,2026-06-22T12:58:22+00:00
714e8fe0-f02d-469d-84ed-2e01748b02bf,404,0,0,170,,,broken,,2026-06-22T12:58:22+00:00
d17e778f-bf00-4705-bac2-8bec0abc9809,202,1,0,386,,,weak,,2026-06-22T12:58:22+00:00
7f2b65e0-22fd-47fa-9c15-abc266ae2647,200,1,1,191,Squarespace,Newton Vineyard &amp; Company,good,,2026-06-22T12:58:22+00:00
c2068bd6-9c6a-439c-8505-7c2c4af25314,200,1,1,279,Shopify,Napa de Oro Winery | Napa&#39;s Liquid Gold,good,,2026-06-22T12:58:22+00:00
89d976ea-9b32-4ff8-b5fc-19d4a65d35cd,200,1,1,995,Shopify,"Winery in Calistoga, CA - Wineries in California &ndash; Maria Concetto Winery MCW",good,,2026-06-22T12:58:22+00:00
f1c5dab8-6ac1-49a4-a951-ca2a1e13e18c,403,1,1,311,,Just a moment...,broken,,2026-06-22T12:58:22+00:00
9ba11354-1e69-4ae5-b8ca-a70722718c00,200,1,1,862,,- Myriad Cellars,good,,2026-06-22T12:58:22+00:00
278ca8f0-c66d-4ae2-9c0b-a8acf46f009d,200,1,1,554,Shopify,Napa Winery &amp; Wine Bar &ndash; No Love Lost Wine Co.,good,,2026-06-22T12:58:22+00:00
81dea1cf-b3f4-426b-a7f6-839ea474d26b,409,0,1,125,,DNS resolution error | www.obcwines.com | Cloudflare,broken,,2026-06-22T12:58:23+00:00
7d504b86-ec0d-4866-875f-ce65f5df8939,200,1,1,715,WordPress,OVID Napa Valley | Organically Farmed Pritchard Hill Wine,good,,2026-06-22T12:58:23+00:00
8ea95e11-733e-444f-936e-ddf53a2a75a0,200,1,1,270,WordPress,Homepage - Obsidian Wine Co.,good,,2026-06-22T12:58:23+00:00
1e4059cf-363e-4405-9ebc-d9a347e34b00,200,0,0,378,,olabisi wine,weak,,2026-06-22T12:58:23+00:00
b28ae6ed-6315-4152-ad2f-fbd6addde91e,200,1,1,1465,WordPress,Home - Russe Wines,good,,2026-06-22T12:58:23+00:00
e5699f89-e0d1-4bfd-97b4-caabd2f5f52b,202,0,0,209,,,weak,,2026-06-22T12:58:23+00:00
3d8b13cc-3bdd-4dae-9267-31293929b997,200,1,1,292,WordPress,Opus One Winery - Official Website,good,,2026-06-22T12:58:23+00:00
3182ec44-c619-4b3a-a1e4-349be762a006,200,1,1,1601,WordPress,,good,,2026-06-22T12:58:23+00:00
a5bc4093-98d8-4ae7-899a-45bf38359add,200,1,1,1188,,Realm Cellars,good,,2026-06-22T12:58:23+00:00
a8e669ad-f544-4e60-8def-a2145a309452,200,0,0,69,,,weak,,2026-06-22T12:58:23+00:00
a05d1dda-0e78-4f58-b2c8-317b8f4e8176,200,1,1,592,Wix,"Olney Family Vineyards, Winery and Cave",good,,2026-06-22T12:58:23+00:00
2203cbeb-270f-48e2-9bef-010a613c7c1d,202,1,0,591,,,weak,,2026-06-22T12:58:23+00:00
82a86635-27ba-40f9-b828-919ab26694b9,200,1,1,152,WordPress,Petercellar,good,,2026-06-22T12:58:24+00:00
b2295dc0-177e-4d12-bf5a-ec1e6af8670f,0,0,0,4208,,,broken,connection failed,2026-06-22T12:58:24+00:00
88ad45f1-0339-48b8-821d-39efe02516c4,200,1,1,803,WordPress,"Otra Vez Winery &#8211; Once again. Subtly different, Vincent Arroyo winery in Napa Valley",good,,2026-06-22T12:58:24+00:00
46b60b63-6811-4633-a344-b912171adf54,200,1,1,655,WordPress,Home - Patland Estate Vineyards Site,good,,2026-06-22T12:58:24+00:00
40b355f8-92eb-4ef5-bfd5-5571a98a2438,200,1,1,3986,,Kunde Family Winery,good,,2026-06-22T12:58:24+00:00
96b6b660-9824-48bb-8e7f-b0e42aede8c1,202,0,0,244,,,weak,,2026-06-22T12:58:24+00:00
ee213892-a52f-425e-ae61-3b5c76702e15,200,1,1,1021,Webflow,"LOGIN4D : The Reef Coral - Aquarium Sales and Service | Baton Rouge, LA",good,,2026-06-22T12:58:24+00:00
26203b18-92af-450b-85a4-43be3319879b,200,1,1,2266,WordPress,Altar Wines | Mont La Salle Altar Wines,good,,2026-06-22T12:58:24+00:00
ada95c63-6771-40dd-83d4-82c7a53585f0,0,0,0,111,,,broken,connection failed,2026-06-22T12:58:24+00:00
d517168e-ac42-4c4c-bbdf-8f6d3322525c,200,1,1,333,Squarespace,Post Parade Wines,good,,2026-06-22T12:58:24+00:00
9819b576-353d-4236-86da-b589bdfe7bd8,200,1,1,422,Wix,E Gordon Wines,good,,2026-06-22T12:58:24+00:00
6faf832a-5002-4513-88c4-d629dcf60a41,200,1,1,320,Webflow,Home - Relic Wine Cellars,good,,2026-06-22T12:58:24+00:00
a9e896e3-19b8-4d94-983e-52387135c6ba,200,1,1,112,WordPress,Homepage - Reverie Winery Estate,good,,2026-06-22T12:58:25+00:00
c3acfee0-e896-4d44-a33b-12408ef085bb,200,1,1,1068,WordPress,Pine and Brown &#8211; Winery,good,,2026-06-22T12:58:25+00:00
fff2bdb9-c793-4d49-95ed-3f960a7de4df,200,1,1,759,,Promise Wine | Small-Production Napa Valley Wines - Promise Wine,good,,2026-06-22T12:58:25+00:00
7d9d620a-39e4-4b63-8808-5e1e82824a44,200,1,1,801,,Welcome to Progeny - Mt. Veeder - Progeny Winery,good,,2026-06-22T12:58:25+00:00
c3bd4317-29f1-4ade-8374-beb26f77eaa5,200,1,1,390,,Repris Wines | Repris,good,,2026-06-22T12:58:25+00:00
6f790d11-b861-42fb-9267-d4e70e07540d,200,1,1,825,,Random Ridge Winery - home,good,,2026-06-22T12:58:25+00:00
eae02db1-23fd-4442-9162-ba8bf0674049,202,0,0,240,,,weak,,2026-06-22T12:58:25+00:00
44099410-7c7c-41df-aac5-33da164f41a6,202,1,0,1899,,,weak,,2026-06-22T12:58:25+00:00
6a4f0a16-e4c3-4a39-ab1f-193c19f769ef,503,1,0,195,,503 Service Temporarily Unavailable,broken,,2026-06-22T12:58:25+00:00
a26adc46-d407-45b6-8890-be9426368d14,200,1,1,239,WordPress,Home - RuVango,good,,2026-06-22T12:58:25+00:00
f15f7e23-2b8a-4ec8-aaff-368b34e1cf2e,200,1,1,121,WordPress,Sangiacomo Family Wines - One of “Sonoma’s 12 wineries to visit right now”,good,,2026-06-22T12:58:25+00:00
b1acab85-0531-40d1-920c-5ce5e2306b0e,410,0,1,309,WordPress,WordPress &rsaquo; Error,broken,,2026-06-22T12:58:25+00:00
33917220-94d9-47de-bf55-2e3b203f1c18,200,1,0,290,,,weak,,2026-06-22T12:58:25+00:00
1b5ef6fc-c78c-43b3-a7b6-c86bf11cab77,0,0,0,108,,,broken,connection failed,2026-06-22T12:58:25+00:00
ac2655a8-8e19-45de-9668-ecaf829c0fa4,403,1,1,66,,Just a moment...,broken,,2026-06-22T12:58:25+00:00
d72b152f-b7b1-4d7b-8716-e336e56a3690,200,1,1,618,Shopify,Sabina Vineyards | A Boutique Family Owned Winery in Napa Valley,good,,2026-06-22T12:58:25+00:00
aa888532-34fc-4756-8899-cc867adb69dc,200,1,0,149,,,weak,,2026-06-22T12:58:25+00:00
4aa41c52-f709-4ebf-9fae-044988d32f3e,403,1,1,93,,Just a moment...,broken,,2026-06-22T12:58:26+00:00
bddbf8cf-f1a6-48d0-9b70-397faef40b8d,200,1,1,1014,,Rockmere Wines Napa Valley,good,,2026-06-22T12:58:26+00:00
2f63141f-ec92-46ff-882a-cc71b62be462,202,0,0,272,,,weak,,2026-06-22T12:58:26+00:00
59320fbd-3df4-47c8-b849-03ed9c4ca61d,200,1,1,451,Wix,Sparkling Wine | Napa | Sjoeblom Winery,good,,2026-06-22T12:58:26+00:00
7141ad11-7b6d-429c-8671-30deaf022347,200,1,1,1124,,RustRidge Ranch &amp; Winery,good,,2026-06-22T12:58:26+00:00
5e94f0a1-ac80-4186-9ca5-e8796ff855a8,200,1,1,209,Squarespace,Sophie James Wine,good,,2026-06-22T12:58:26+00:00
cf315ef4-1e9b-4834-b8b1-c0e9f82e8727,200,1,1,446,Squarespace,St. Clair Brown Winery &amp; Brewery,good,,2026-06-22T12:58:26+00:00
1d2857ce-7b11-4f9d-abbd-49e7a3e33a5f,200,1,1,368,WordPress,Stony Hill - Welcome,good,,2026-06-22T12:58:26+00:00
7dcca71b-b150-4785-b139-e46afc54fb84,200,0,1,1353,WordPress,🍷 Ryan Darrall Wine - Shop Wines,weak,,2026-06-22T12:58:26+00:00
06f97ac6-2c62-42a2-aec8-a02f6ce1f8b2,200,1,0,445,,Stagecoach Vineyard | Home,weak,,2026-06-22T12:58:26+00:00
02a06268-967d-433d-b0c6-8cc2d6af09f9,202,1,0,267,,,weak,,2026-06-22T12:58:26+00:00
62edcac1-7f3b-4c95-a04a-21ecc016577e,200,1,1,307,WordPress,Home - Suisun Creek Winery,good,,2026-06-22T12:58:26+00:00
10ff76f3-0652-4fac-99f6-e1229b1f905e,200,1,1,324,,Home | Suisun Valley,good,,2026-06-22T12:58:26+00:00
c7a2e1de-1a95-4cb2-bd6f-3246ef61f162,200,1,1,557,WordPress,Home | Strala Vineyards - Boutique Winery,good,,2026-06-22T12:58:27+00:00
2cbe250d-5810-4a8a-bf2b-7a0e43d77a1f,200,1,1,398,,Home,good,,2026-06-22T12:58:27+00:00
3e19a0a1-ddc5-4796-8ac6-a9199dc5993e,200,1,1,350,WordPress,"Red Wines, Sweet Wines &amp; White Wines | Sutter Home Family Vineyards",good,,2026-06-22T12:58:27+00:00
6423a879-c36a-4df1-8bf2-899bb4a21be5,0,0,0,10018,,,broken,connection failed,2026-06-22T12:58:27+00:00
d59075b6-33f3-4334-9551-b3718f89624b,200,1,1,604,Shopify,Syndicate Wines | Premium California Wines &ndash; SYNDICATE WINES,good,,2026-06-22T12:58:27+00:00
358ee85c-f162-4470-a10f-3f52bbdc80c6,200,1,1,341,,American Winery Guide | Discover America&#39;s Best Wineries,good,,2026-06-22T12:58:27+00:00
7db4afdf-5eaf-4c76-88e2-247c3ea2ec63,200,1,1,234,Shopify,The Duckhorn Collection &ndash; The Duckhorn Collection Tasting Room,good,,2026-06-22T12:58:27+00:00
0d97398e-f03c-4096-a143-9b48440ac42d,200,1,1,348,Squarespace,The Crane Assembly,good,,2026-06-22T12:58:27+00:00
16785652-4ce5-49ed-a21d-83385e0b3c7c,200,1,1,333,Shopify,The.Grenachista Wine Co. &#8226; Grenache Guerrillas,good,,2026-06-22T12:58:28+00:00
5ba533c8-4bfa-4b9c-b1da-01f4b4f67956,200,1,1,4855,,Paint Horse Winery,weak,,2026-06-22T12:58:28+00:00
c53fcbd7-4a12-43ed-9eb7-9cbd3d28c26c,200,1,1,3039,WordPress,Shed Creek Cellars,good,,2026-06-22T12:58:28+00:00
75caaf1a-02e9-4a18-855e-258a2fa52e56,200,1,1,310,Shopify,theoleo Wine | Exceptional Wine &amp; Support for Good Causes,good,,2026-06-22T12:58:28+00:00
dd4b5f59-5b1d-4aad-948d-997c6a7f949d,200,1,1,400,Squarespace,Thomas-Hsi Vineyards,good,,2026-06-22T12:58:28+00:00
a8044ba4-15d8-4b32-992f-3c056bc0e40b,200,1,1,1512,,Texture Wines | Homepage,good,,2026-06-22T12:58:28+00:00
dee41efd-c556-441f-a507-67435d702e10,200,1,1,273,,Home Page || Tolenas Winery,good,,2026-06-22T12:58:28+00:00
0acced5d-02b2-4f59-aca0-e40f720cbc5b,200,1,1,5470,WordPress,"PARUM LEO WINE &#8211; Small batch wines from Petaluma, CA",weak,,2026-06-22T12:58:29+00:00
94e12c3c-77a4-4971-9f85-a0ccd3b10869,200,1,1,693,,"Topaz Wines | Napa, California Winery | American Winery...",good,,2026-06-22T12:58:29+00:00
19257d24-61c2-427f-91a4-61898013da47,200,1,1,675,WordPress,Home - Topophilia Wine Company,good,,2026-06-22T12:58:29+00:00
764a7b93-0054-4abc-8614-f62dc6edd0af,200,1,1,2432,WordPress,"Tench Vineyards | Oakville, Napa Valley",good,,2026-06-22T12:58:29+00:00
cbb18750-137e-44e5-abf2-d66e866bea16,404,0,0,167,,,broken,,2026-06-22T12:58:29+00:00
d196db22-cd82-40c0-ae23-c5a74d449280,200,1,1,420,WordPress,Trinitas Cellars | Christian Wine Brand | Napa Valley,good,,2026-06-22T12:58:29+00:00
724bd246-0252-40b6-98ef-145855cda2b4,200,1,1,1267,WordPress,Top It Off Bottling - Mobile Bottling Service &#124; Top It Off Bottling &#8211; Mobile Bottling Service,good,,2026-06-22T12:58:29+00:00
778fe429-69cc-4434-ab30-0ebc3559ee34,200,1,1,1469,WordPress,Visit Us - Three Fat Guys Wine,good,,2026-06-22T12:58:29+00:00
71be45e0-aa46-4382-898e-48434d6ad34b,200,1,1,3771,WordPress,Starmont Wines: A Taste of California&#039;s North Coast Wine Country,good,,2026-06-22T12:58:29+00:00
c8799bba-a5e3-478d-bcda-8701f8a5e855,200,1,1,1119,WordPress,Trespass Vineyard &#8211; Napa Valley,good,,2026-06-22T12:58:30+00:00
25d0fb92-bc04-4394-850e-f38090b4c106,200,1,1,455,WordPress,Visit - Vaughn Duffy Wines,good,,2026-06-22T12:58:30+00:00
da35e4f0-535b-417d-8dab-65d217edb382,404,1,0,644,Squarespace,Squarespace - Website Expired,broken,,2026-06-22T12:58:30+00:00
7bf9c085-8d20-4071-a45c-95dcb8137fba,0,0,0,221,,,broken,"ssl: HTTPSConnectionPool(host='whiskyriverranch.com', port=443): Max retries exceeded with url: / (Caused",2026-06-22T12:58:30+00:00
633da473-24aa-4d99-a679-68a8f2c52716,200,1,1,632,WordPress,"Wellington Cellars &#8211; We focus on hand-crafted, limited-production, estate grown fruit to create exceptional wines where you can taste our family’s passion.",good,,2026-06-22T12:58:30+00:00
dc4e226b-48c5-4cff-aa57-2b1576f2525a,0,0,0,46,,,broken,connection failed,2026-06-22T12:58:30+00:00
0bbb1303-83fa-4371-a133-b63e2d08e66a,200,1,1,3546,,Tank Garage Winery — Calistoga &amp; Paso Robles,good,,2026-06-22T12:58:30+00:00
cefcd70e-8d8e-4e9e-9d89-f59bb53e8070,200,1,1,646,,Westwood Estate | Napa Valley Biodynamic and Organic Wines,good,,2026-06-22T12:58:30+00:00
5b4820df-1295-47b9-a419-b58c505f702d,200,0,0,111,,,weak,,2026-06-22T12:58:30+00:00
052e7aec-0119-4ef6-a872-a377147c91ae,200,0,0,168,,,weak,,2026-06-22T12:58:30+00:00
57fd5b9c-33a0-407d-badd-97dc89dca496,200,1,1,4716,WordPress,St. Supéry Estate Vineyards &amp; Winery &#8211; Estate Grown Napa Valley Wines,weak,,2026-06-22T12:58:30+00:00
94525547-c2b7-47c1-9798-af8b2457a6b3,200,1,1,601,,"Estate Winery in St Helena, CA | Young Inglewood Vineyards",good,,2026-06-22T12:58:30+00:00
1494b318-394d-4531-a449-42ef8bd59014,0,0,0,110,,,broken,connection failed,2026-06-22T12:58:31+00:00
ef9601df-84a9-4861-8c01-1ee8a797d589,200,1,1,1113,WordPress,Vineyard 29,good,,2026-06-22T12:58:31+00:00
594cbd59-9219-4760-a21e-a03a151156f0,200,1,1,303,Shopify,Shoppe Twelve: Fashion-Forward Women&#39;s Boutique with Fast Shipping,good,,2026-06-22T12:58:31+00:00
6da6353e-45ce-4309-bda2-169a6f49d615,200,1,1,1192,,Diamond Mountain Cabernet Sauvignon | Vineyard 511,good,,2026-06-22T12:58:31+00:00
826166fe-71e2-4b1a-9135-2c867a7b332a,200,1,1,110,WordPress,Petaluma Outdoor Yoga | Heart and Soul Yoga | Teacher Susan O&#039;Toole,good,,2026-06-22T12:58:31+00:00
c77256a3-1e52-4f92-8ff4-022ab31967c1,200,1,1,818,WordPress,Boutique Sonoma Pinot Noir | Zeka Vineyards,good,,2026-06-22T12:58:31+00:00
7dacfc36-f2fe-42b8-ba5d-849eba2507ab,200,1,1,426,Shopify,"Opulent Gurlz | Bold, Curated Fashion for Women",good,,2026-06-22T12:58:31+00:00
5d2672fd-7114-45de-9448-1e841aa8cf19,200,1,1,406,Wix,Home | Razzle Dazzle Sonoma | Women's Boutique,good,,2026-06-22T12:58:31+00:00
d16c2882-760d-4fc9-8a5f-e418e3f5cecb,0,0,0,105,,,broken,connection failed,2026-06-22T12:58:31+00:00
be5873b0-9fc9-47b9-9c76-9c5d5ced42c3,0,0,0,9,,,broken,connection failed,2026-06-22T12:58:31+00:00
32b60e5c-7d5a-4902-bc1b-62297ee91dbc,200,1,1,503,Shopify,Tay &amp; Grace is a contemporary women’s clothing store located in Napa &ndash; Tay and Grace,good,,2026-06-22T12:58:31+00:00
2854b3c3-34f7-4d6b-9bf7-22613d7ecec7,200,1,1,523,Squarespace,EAST SIDE STUDIO,good,,2026-06-22T12:58:31+00:00
a6aa713e-534e-47e7-922a-e2ded4624fd4,200,1,1,360,WordPress,Napa Valley Yoga Center: The Heart of Yoga in Napa Valley,good,,2026-06-22T12:58:31+00:00
c3b411a7-81ef-4475-9c82-ea483f0c8bc5,200,1,1,358,Squarespace,Sonoma Yoga,good,,2026-06-22T12:58:31+00:00
6bf9afff-71ed-410d-8b7c-ead5a727f3e9,200,1,1,384,WordPress,Sonoma Ashram &#8211; Home of Aghor Yoga in the United States,good,,2026-06-22T12:58:31+00:00
cef4e61e-1272-4e69-9432-49f3d46891ea,0,0,0,42,,,broken,connection failed,2026-06-22T12:58:31+00:00
300e99de-6852-414f-9838-f6da3bc11c30,0,0,0,41,,,broken,connection failed,2026-06-22T12:58:31+00:00
39647fa0-4584-41e5-9dc5-02212da20d18,200,1,1,398,Squarespace,The Mat - Infrared Heated Studio | Join the Movement Today!,good,,2026-06-22T12:58:31+00:00
74e45e3b-e04a-4d76-af25-1da410392cfc,0,0,0,114,,,broken,connection failed,2026-06-22T12:58:31+00:00
f6bc3777-e7d3-4644-a75f-f3ad4b46e77e,200,1,1,553,GoDaddy,Nourish 108 - Services,good,,2026-06-22T12:58:31+00:00
d51320d7-93b6-4a6b-9afd-575fe623aebf,200,1,1,679,,"Hidden Gems Movement | Pole Fitness &amp; Dance Studio in Petaluma, CA",good,,2026-06-22T12:58:31+00:00
e9ee5552-82db-4a9d-8820-fc32be02cff1,200,1,1,120,GoDaddy,CalistogaKitchen.com is for sale | HugeDomains,good,,2026-06-22T12:58:31+00:00
5b4673d8-699d-45e0-9621-560fbbf4990c,200,1,1,421,GoDaddy,The Yoga Post,good,,2026-06-22T12:58:31+00:00
8d4db03b-c2a5-4bf8-bfa5-492266ea9f4a,200,1,1,489,GoDaddy,Awakening Body Wisdom - Acupuncture Clinic of Napa,good,,2026-06-22T12:58:32+00:00
8472923d-a236-490f-ae64-5eec2f3a3bfe,200,1,1,314,Squarespace,Home Décor &amp; Interior Design Products | Artefact Design &amp; Salvage,good,,2026-06-22T12:58:32+00:00
cf49fac5-ee50-4f16-911d-ffa1ce69021f,0,0,0,21,,,broken,connection failed,2026-06-22T12:58:32+00:00
6afa3b98-05f9-45b0-914b-3426d656362f,0,0,0,104,,,broken,connection failed,2026-06-22T12:58:32+00:00
b19f7d84-a747-4ce8-b570-ecde066da0d9,404,0,1,492,,404 Not Found,broken,,2026-06-22T12:58:32+00:00
92336696-4392-48fe-b297-c91e188f0fb8,200,1,1,766,,Wine Country Movement,good,,2026-06-22T12:58:32+00:00
3c8efe22-0ea9-41ba-b5f4-ba1ec1f079e2,200,1,1,250,,"Auto Repair in Napa, CA - AJ's Auto Repair",good,,2026-06-22T12:58:32+00:00
93f586b2-8ba2-40f1-9b5a-773737e7deb1,200,1,1,776,Wix,Acupuncture and Healing Arts Center | Acute &amp; Chronic Pain,good,,2026-06-22T12:58:32+00:00
7532667a-3e73-47d5-b6b3-f54a7bb81a28,0,0,0,8,,,broken,connection failed,2026-06-22T12:58:32+00:00
9ce2a9ba-14d0-4bdf-9e40-4525c28e5cf5,200,1,1,2580,WordPress,MAXWIN138: Link Baru Slot Gacor Gampang Maxwin Jackpot 1M QRIS,good,,2026-06-22T12:58:32+00:00
fcde7c3e-4b19-499c-82b4-12eefcc9b3cc,0,0,0,336,,,broken,"ssl: HTTPSConnectionPool(host='www.ezgoauto.com', port=443): Max retries exceeded with url: / (Caused by ",2026-06-22T12:58:32+00:00
77b69ba5-ed1b-4a8d-b4be-1692887deb8e,200,1,1,279,GoDaddy,,good,,2026-06-22T12:58:32+00:00
20c98945-e0f2-4042-950a-1bb48ec57afd,0,0,0,113,,,broken,connection failed,2026-06-22T12:58:32+00:00
1545a76b-d3f0-471b-a6a5-654b3466d96e,200,1,1,780,GoDaddy,Sonoma&#x27;s Premier Food Truck for Private Catering Occasions and Special Events,good,,2026-06-22T12:58:32+00:00
220406a3-9816-439e-9335-2f71b9254e43,202,0,0,114,,,weak,,2026-06-22T12:58:32+00:00
d1cf47ff-6b26-4ead-afac-dda078e95dd5,0,0,0,105,,,broken,connection failed,2026-06-22T12:58:32+00:00
cfe80157-29a0-4590-8f78-6bc57188b303,0,0,0,112,,,broken,connection failed,2026-06-22T12:58:32+00:00
84c0f19c-cc3e-4352-a819-6fb623fa2685,0,0,0,37,,,broken,connection failed,2026-06-22T12:58:32+00:00
34ed4868-6807-45f6-b86c-7ec368f3937d,0,0,0,15,,,broken,connection failed,2026-06-22T12:58:32+00:00
742aaa6d-b91b-4e02-b462-21ce796c419d,502,0,0,164,,502 Server Error,broken,,2026-06-22T12:58:32+00:00
336fbec6-61c9-4837-985a-70add843cab3,200,1,0,243,,,weak,,2026-06-22T12:58:32+00:00
5fe76212-4b9c-4d59-9eb1-b5f91f7fcab7,200,1,1,630,Wix,Covell Architects,good,,2026-06-22T12:58:32+00:00
ac41d7f7-6ee0-4704-9f7f-fc44a6e68c03,0,0,0,33,,,broken,connection failed,2026-06-22T12:58:32+00:00
17348d64-ec49-4b37-9d77-3cd4cc31b51e,403,1,1,244,,Just a moment...,broken,,2026-06-22T12:58:32+00:00
dcc880c6-fd33-407b-b724-75b6aee6e342,403,1,0,131,,,broken,,2026-06-22T12:58:32+00:00
cbfb400e-db6d-4e55-a932-5d6b4933b506,0,0,0,102,,,broken,connection failed,2026-06-22T12:58:32+00:00
bb75ddd9-4492-4ee7-b42f-db27f2c0986d,200,0,0,91,,,weak,,2026-06-22T12:58:33+00:00
bf229e07-f2ae-4fac-a0c1-7e72dd612fb5,200,1,1,251,,Foothill House B&amp;B Home | Potter's Foothill House B&amp;B,good,,2026-06-22T12:58:33+00:00
091a331f-9c72-43c1-a107-ab7c8cc9004a,200,0,0,195,,,weak,,2026-06-22T12:58:33+00:00
200a17c7-7eb1-4abf-a51e-87edb122c2ab,200,1,1,325,WordPress,Inkhouse | What&#039;s Your Story?,good,,2026-06-22T12:58:33+00:00
aff22dc7-d760-4c15-a123-467f60cb4a3d,200,1,1,427,WordPress,Calistoga Wine Way Inn: Historic Napa Valley B&amp;B Walk to Town,good,,2026-06-22T12:58:33+00:00
f51b721e-1e80-4aca-b134-d046172cee49,0,0,0,7,,,broken,connection failed,2026-06-22T12:58:33+00:00
fc332336-1a2e-4111-a605-afa21e9bb55b,200,1,1,290,WordPress,Briarpatch &#8211; A Network of Friends in Business,good,,2026-06-22T12:58:33+00:00
b64da881-4748-4297-bed7-f026568a8968,200,1,1,750,Wix,"Korean Lash Lift + Brow Lamination Specialists. Petaluma, CA | Devereux Beauty",good,,2026-06-22T12:58:33+00:00
6f7853af-abf0-49d3-ac8c-30e562c88f14,202,0,0,431,,,weak,,2026-06-22T12:58:33+00:00
765012e2-6d6d-43c1-9413-0ba8396ec345,200,1,1,398,Squarespace,Sonoma Springs Brewing Company,good,,2026-06-22T12:58:33+00:00
c5dc6276-984d-415b-9612-1289a3902509,200,1,1,346,,"Rug Cleaning | Napa, CA | Napa Rug Co.",good,,2026-06-22T12:58:33+00:00
e771ebaf-575b-4050-a3de-c50f53eea2c3,200,1,1,1048,,Hair by Hopkins: Online Store,good,,2026-06-22T12:58:33+00:00
e6c64653-874a-4ebb-87b9-f6b10bd65473,429,1,1,310,,Just a moment...,broken,,2026-06-22T12:58:33+00:00
db97021e-197e-447c-a22b-807f3fabfff4,200,1,1,283,GoDaddy,"Cabana Dreams Swim Boutique - Swimwear Resortwear, Retail, Airbrush Spray Tanning, Swimwear Resortwear",good,,2026-06-22T12:58:33+00:00
dfd76b6a-2156-44ec-9fea-f6f86a40e163,200,1,1,283,Squarespace,Specialty Coffee Roasters | Napa Valley Coffee Roasting Company,good,,2026-06-22T12:58:33+00:00
b1d92494-5a7e-4e1e-9d7a-25b2ec94b4e6,200,1,1,447,Squarespace,Sportago-Great Outdoor Clothing,good,,2026-06-22T12:58:33+00:00
a8db2280-adfd-48e8-9227-7f1d57f958fb,200,1,1,1646,WordPress,"The Racers Group high-performance racing, parts and service in the North Bay &#8211; Shift to a higher standard.",good,,2026-06-22T12:58:34+00:00
17043a6d-de66-49c7-ae12-9eaf2e511375,200,1,1,269,WordPress,Concrete Pumping Service | Santa Rosa | Redwood Concrete Pump,good,,2026-06-22T12:58:34+00:00
30b7e068-eb48-47b7-9dbe-055dd33224c6,404,1,0,315,Squarespace,Squarespace - Website Expired,broken,,2026-06-22T12:58:34+00:00
77bc5ab6-6a7b-445f-9a1a-b54ead028ea0,200,1,1,460,,Centric General Contractors,good,,2026-06-22T12:58:34+00:00
763d0169-4042-407d-9f34-b8ca715afd6a,200,1,1,10095,GoDaddy,Home | Discover Premium Wines at Pope Valley Winery,weak,,2026-06-22T12:58:34+00:00
9a1719e4-0dad-40a9-983d-4096942b5431,0,0,0,38,,,broken,connection failed,2026-06-22T12:58:34+00:00
696953ff-b150-4172-925a-b171588a9e09,404,0,0,509,,SITE NOT FOUND,broken,,2026-06-22T12:58:34+00:00
0750402a-c167-4a23-8aa9-4f10d9b33181,200,0,0,183,,Holistic Orthodontics | Northern California,weak,,2026-06-22T12:58:34+00:00
5f772a6c-7854-45a0-a950-5407316bb258,200,1,1,225,,Crafting Beautiful Smiles in Sonoma | Sonoma Springs Dental,good,,2026-06-22T12:58:34+00:00
586fad4a-549f-450a-9d5a-284328c49722,202,0,0,144,,,weak,,2026-06-22T12:58:34+00:00
e01fa316-ead9-4861-ae88-76cd53f18f75,200,1,1,1021,,El Titi,good,,2026-06-22T12:58:34+00:00
090493e6-7fb6-4510-aa9b-a261141a9918,200,0,0,319,GoDaddy,Home,weak,,2026-06-22T12:58:34+00:00
78c7b188-3506-4a91-b2dd-086848f3a533,200,1,1,235,,"B. HENRY&#x27;S QUALITY ELECTRIC INC. - 852 Surveys, Videos, Articles, &amp; More | Diamond Certified",good,,2026-06-22T12:58:34+00:00
7696e5e4-006e-43ad-8daa-8a0892ce84ce,200,0,0,69,,,weak,,2026-06-22T12:58:34+00:00
f22fe894-dcf3-4d25-b2ad-a28f70258b6f,200,1,1,211,WordPress,Winter in the Wineries Passport - Visit Calistoga,good,,2026-06-22T12:58:34+00:00
eefcf930-8558-4834-a32c-8e8adb3fe0de,200,1,0,618,,,weak,,2026-06-22T12:58:34+00:00
faa347d8-79b1-4ea5-bf2e-3ed11b5c4a78,200,1,1,387,Wix,Riverside Center Sonoma,good,,2026-06-22T12:58:34+00:00
23125ba0-dadf-4cb4-93e2-5e3ae39489f6,200,1,1,508,Wix,Arden Road Napa Gifting Company in Napa &amp; Sonoma County | Premium Gifts and Flowers,good,,2026-06-22T12:58:35+00:00
5a8a890f-07cf-4c2f-94d9-e9a3e69a8231,200,1,1,425,Shopify,Clif Family Winery | Organically Farmed Napa Valley Wines,good,,2026-06-22T12:58:35+00:00
e1979795-157f-45f1-8e27-78e27c100ce3,200,1,1,1237,,Goddess of Youth in Middletown - Middletown CA | Vagaro,good,,2026-06-22T12:58:35+00:00
f91b6399-cd00-4f06-96f1-91e309db57ac,200,1,1,846,WordPress,Kenwood Ranch Events &#8211; in the heart of the wine country,good,,2026-06-22T12:58:35+00:00
09952309-5422-4e87-b6c9-a8fa7ff3e755,200,1,1,428,,Flooring for Every Room &amp; Budget | Carpet One Floor &amp; Home,good,,2026-06-22T12:58:35+00:00
0c578599-5813-4dac-aef4-93e1a52f72cf,0,0,0,10,,,broken,connection failed,2026-06-22T12:58:35+00:00
6954c980-8732-499f-9f11-da216e8ed6ee,403,1,1,174,,Just a moment...,broken,,2026-06-22T12:58:35+00:00
79919f94-cc53-45c8-9210-a43ef8edaae1,404,0,0,182,,Not Found,broken,,2026-06-22T12:58:35+00:00
fbf02235-3412-4394-8cc9-85dec3355399,0,0,0,28,,,broken,connection failed,2026-06-22T12:58:35+00:00
9c9313b4-289d-4d87-8b00-eacefd20b2ce,200,1,1,680,Shopify,Crystal Garden Wellness &ndash; Crystal Garden Gift Shop,good,,2026-06-22T12:58:35+00:00
d1d304ff-cd9c-4018-b2cb-9597ac96e2fa,0,0,0,39,,,broken,connection failed,2026-06-22T12:58:35+00:00
425edd7e-109d-40f1-aec9-ea940e1af5b2,0,0,0,103,,,broken,connection failed,2026-06-22T12:58:35+00:00
cb6f6762-58af-4296-8549-16bc9e7ca960,200,0,0,177,,,weak,,2026-06-22T12:58:35+00:00
4fd73a13-d07f-4119-af67-0b77d4319fb1,200,1,1,255,Squarespace,Valley Brows | Permanent Cosmetics,good,,2026-06-22T12:58:35+00:00
8b1262ef-f392-4002-ad59-f6ef5ec985de,0,0,0,108,,,broken,connection failed,2026-06-22T12:58:35+00:00
58b70253-60eb-4484-8092-4fea2a773f44,200,1,1,4185,Wix,"TUPP YOGA FITNESS Yoga-Fitness-Soundbath- American Canyon, CA",weak,,2026-06-22T12:58:35+00:00
7e177627-e8a0-46f0-b685-12d0983edfdb,200,1,1,7872,Drupal,Home | Membership by The Spire Collection,weak,,2026-06-22T12:58:35+00:00
0b30f7c1-49cc-400a-acdb-47030fa35801,0,0,0,179,,,broken,connection failed,2026-06-22T12:58:35+00:00
2c8dcf85-49a4-4a9c-83af-6c171a47273f,404,0,0,205,Squarespace,Squarespace - Domain Not Claimed,broken,,2026-06-22T12:58:35+00:00
8c2361b4-f7c9-4320-b3a9-9af2853c48d2,0,0,0,50,,,broken,connection failed,2026-06-22T12:58:35+00:00
9d6ba1b2-6e10-4bc3-9bbc-8ea0e89a7eae,200,1,1,444,Shopify,Superfood | Gourmet Snack | The Wine RayZyn Company,good,,2026-06-22T12:58:35+00:00
53facabc-aa2b-46e1-801f-1b38a4745311,0,0,0,38,,,broken,connection failed,2026-06-22T12:58:35+00:00
9230071e-21a2-4487-ab9c-5e99cc4d37b3,0,0,0,125,,,broken,"ssl: HTTPSConnectionPool(host='napalock.jimdo.com', port=443): Max retries exceeded with url: / (Caused b",2026-06-22T12:58:36+00:00
a2f17082-9a62-46d6-91d9-19665f4d43ed,200,1,1,578,,The Cottages of Napa Valley: Romantic Boutique Hotel in Napa CA,good,,2026-06-22T12:58:36+00:00
33421828-208d-46b0-bf99-6b1e67afde4b,200,1,0,536,,PANEN100 - Hidden Oak Inn Penginapan Nyaman Bernuansa Alam untuk Liburan yang Lebih Tenang,weak,,2026-06-22T12:58:36+00:00
7952ab96-f80b-426b-ba4e-6769ec95256e,200,1,1,4201,WordPress,ReStore &#8211; Solano Habitat for Humanity,weak,,2026-06-22T12:58:36+00:00
9782a43c-9df3-45e3-949c-37b6756e12ab,200,1,1,947,,Custom Glassware Engraving Napa Custom Bottle Engraving,good,,2026-06-22T12:58:36+00:00
ccbdc02c-1beb-47e1-8110-c9c6c7f722ab,200,1,1,307,Squarespace,Attorneys &amp; Legal Counsel to the Wine Industry | DP&amp;F Law,good,,2026-06-22T12:58:36+00:00
3ece3116-f302-460c-94b2-4208b3e604dd,200,1,1,511,Squarespace,Pezzolo &amp; Co. | Enhance Your Space Today,good,,2026-06-22T12:58:36+00:00
a36087a9-0f99-4812-9a83-a254bb6a69ce,202,0,0,79,,,weak,,2026-06-22T12:58:36+00:00
498ec619-d8fe-44ed-bd1f-64577b8179f2,0,0,0,103,,,broken,connection failed,2026-06-22T12:58:36+00:00
b313d8d7-3bdf-48dd-98f1-0c0f7cb5ffcd,200,1,1,582,WordPress,La Strada Cucina Italiana - The Culinary Heart of Napa,good,,2026-06-22T12:58:36+00:00
d1f8d408-c881-4c1e-9118-d82cec8966ab,200,1,0,534,,Ronda L. Connor Attorney at Law,weak,,2026-06-22T12:58:36+00:00
11c43fa0-b7fd-4612-a9f7-e84b5f384028,200,1,0,507,,Sonoma Valley Massage * Sonoma Spa Services * Massage and Facials in Glen Ellen,weak,,2026-06-22T12:58:36+00:00
ba9f9a1d-ebfd-41e6-bd70-d4a08f647cf4,200,1,1,508,Wix,"Tacos Costa Sonoma | Street Tacos | 18627 Sonoma Highway, Sonoma, CA, USA",good,,2026-06-22T12:58:36+00:00
7160f089-fcab-45e0-963d-cc1521cd4d52,200,1,1,621,,"JuJuâs Mediterranean Kitchen | Napa, CA",good,,2026-06-22T12:58:36+00:00
d2c8e7e7-056b-4fee-9c60-7f1292e81134,200,1,1,595,,Kelly Hagler's MySite | CMG Home Loans,good,,2026-06-22T12:58:36+00:00
7ad5b98c-e459-473f-a666-b3a15a0b2739,200,1,1,243,Webflow,Luxury Vacation Home Rentals &amp; Private Villas | BeautifulPlaces,good,,2026-06-22T12:58:37+00:00
3052f21d-49ac-4998-8335-069872c95bdf,0,0,0,15148,,,broken,connection failed,2026-06-22T12:58:37+00:00
104dcb07-7627-4a41-b43b-2eaefffad7f0,200,1,1,319,Wix,"Maranda Ranch Kennels | Dog boarding | 3350 Westach Way, Sonoma, CA, USA",good,,2026-06-22T12:58:37+00:00
1808e0ad-7cb6-45ea-a123-11ef8b69b46d,200,1,1,1318,Wix,Home | Napa Therapeutic Mas,good,,2026-06-22T12:58:37+00:00
91e5e8a4-b144-446c-bce0-d26bdaf3f807,200,1,1,463,,Green Polish Nail and Spa - Professional and Best nail salon in Napa,good,,2026-06-22T12:58:37+00:00
f4837710-db87-4962-b088-773d7024c34e,0,0,0,30,,,broken,connection failed,2026-06-22T12:58:37+00:00
a0f6f317-5905-4bde-a14d-167d13f899d6,404,1,1,1022,WordPress,Page not found | CrossCountry Mortgage,broken,,2026-06-22T12:58:37+00:00
dd236ab0-e1c7-45f4-85c8-4f90facdc9d4,200,1,1,1434,WordPress,Mexican Food With Pelayo | Pelayo&#039;s Mexican Food California,good,,2026-06-22T12:58:37+00:00
e04ab5c8-ddbe-42cf-8429-0886c0d9136c,200,0,1,1067,WordPress,Mark Gelow | NMLS #311485 | Petaluma CA Mortgage Lender,weak,,2026-06-22T12:58:37+00:00
4401c320-1308-43f3-90cb-5a7da51b1e48,200,1,1,329,Wix,"Pet Services in Napa | Napa, CA | Napa Pet Care",good,,2026-06-22T12:58:37+00:00
ce377521-888a-4226-967b-96a586acf3d3,200,1,0,1075,,404 Dallas TX Mortgage Lender | Marketing Team,weak,,2026-06-22T12:58:37+00:00
8de42c2b-a764-4257-9854-4e83e6c03573,200,1,1,276,,"Leolo Pizza | Artisan Pizza in Petaluma, CA | Best Pizza in Petaluma",good,,2026-06-22T12:58:37+00:00
54c67a24-f42f-4932-9b62-11cb35b070de,200,1,1,270,,Hedge Realty | The North Bay - Wine Country to the Coast,good,,2026-06-22T12:58:37+00:00
3352a721-987b-4e40-9fb8-225707a1ce3d,200,1,1,632,,"Middletown Animal Hospital - Veterinarian in Middletown, CA US",good,,2026-06-22T12:58:38+00:00
a1f5c4df-e6d5-4ced-a838-d019dea047ad,202,1,0,192,,,weak,,2026-06-22T12:58:38+00:00
e5e77da5-bcf9-4b99-bc93-8ce97298b2f1,530,0,1,211,,Origin DNS error | maryloumagana.exprealty.com | Cloudflare,broken,,2026-06-22T12:58:38+00:00
4c612703-aeb1-468f-9eba-6c67d3664e05,200,1,1,571,Wix,Pilatesfit | Pilates &amp; Strength Training in Petaluma,good,,2026-06-22T12:58:38+00:00
6b6ce437-9393-43d7-8b3e-7ee96e23a54d,404,1,0,581,,,broken,,2026-06-22T12:58:38+00:00
aa6344ce-7a10-42bf-8939-09c76e67bb2e,202,0,0,167,,,weak,,2026-06-22T12:58:38+00:00
ab0c4069-24f0-4c95-a83e-0546123a92c8,404,0,0,196,,404 Not Found,broken,,2026-06-22T12:58:38+00:00
281fe609-c25f-45b5-8618-cadc3a133dd5,200,1,1,184,,Tina Hittenberger | Petaluma Real Estate Team,good,,2026-06-22T12:58:38+00:00
402ac8b0-bba2-4be8-8af5-d185a0f9390a,200,0,0,219,,,weak,,2026-06-22T12:58:38+00:00
25bee14a-665c-4fe6-b703-9e4f911c6660,200,1,1,725,,Coldwell Banker Kappel Gateway Realty,good,,2026-06-22T12:58:38+00:00
83c40dcd-486a-4029-85f0-6365af9cf61f,200,1,1,1031,WordPress,Azadeh Hunter - Azadeh Hunter,good,,2026-06-22T12:58:38+00:00
6fc67c8d-955e-4daf-8869-f8ff3df104ad,218,1,0,407,,,weak,,2026-06-22T12:58:38+00:00
535e54d1-3540-42e9-9c44-cecae2fc61cc,503,1,0,212,,,broken,,2026-06-22T12:58:39+00:00
dc7d75d4-8f1f-4e06-a567-46275c2560ce,200,1,1,623,,Home Page,good,,2026-06-22T12:58:39+00:00
dd795d4b-1ccf-4dc6-a6d1-d20959480196,200,1,1,1123,WordPress,"Donna Hinds - Saint Helena, CA Real Estate Agent",good,,2026-06-22T12:58:39+00:00
862555e1-1e22-469d-9292-a5365cc743fa,200,1,1,3307,WordPress,"Myers, Jameson &amp; Myers, LLP | Wine Country&#039;s Business Lawyers",good,,2026-06-22T12:58:39+00:00
b7be37f5-c181-4860-8329-6e5fc6767d1a,0,0,0,137,,,broken,connection failed,2026-06-22T12:58:39+00:00
39c03a69-a9af-476f-b704-1f115dd397dd,404,1,0,156,,,broken,,2026-06-22T12:58:39+00:00
9afc00d3-ee0f-4846-ab7c-1fa1ce8aaed9,200,1,1,381,Squarespace,NAPA VALLEY REALTOR,good,,2026-06-22T12:58:39+00:00
1306bc9a-95b5-492b-b99e-7428e71a8362,200,1,1,163,,"Yvette Preute | Petaluma, CA Real Estate Agent",good,,2026-06-22T12:58:39+00:00
5ee1806a-9731-4825-a04a-144e2324f0a0,200,1,1,259,,,good,,2026-06-22T12:58:39+00:00
de1b8e74-9c27-42e6-8f79-d78db2d3cec8,403,0,0,299,,,broken,,2026-06-22T12:58:39+00:00
a9945419-1c3e-448f-80c0-e1fdf80cc452,200,1,1,384,,Fairfield CA Real Estate & Homes for Sale | REMAX Gold,good,,2026-06-22T12:58:39+00:00
e7c33610-810f-49f5-9d5a-62d2916584dd,200,1,1,1015,WordPress,Napa Real Estate | Magliocco Group Coldwell Banker,good,,2026-06-22T12:58:39+00:00
34753c05-aa71-4b45-ae58-d3ea88af56a9,200,0,0,157,,,weak,,2026-06-22T12:58:39+00:00
ea400e25-8316-4e88-8742-693bae283b55,403,1,1,106,,Access to this page has been denied,broken,,2026-06-22T12:58:39+00:00
86e4bd41-1492-46e6-8f7b-e9efe9250e92,200,1,1,518,,Sell | Buy | Invest | Close with Shai Prasad,good,,2026-06-22T12:58:40+00:00
007b9d61-8cb5-4947-bcc7-139fc2131f93,0,0,0,66,,,broken,"ssl: HTTPSConnectionPool(host='www.melaniemuters.evusa.com', port=443): Max retries exceeded with url: /w",2026-06-22T12:58:40+00:00
ac2ec771-c508-4685-9683-3e93f2d3393e,0,0,0,92,,,broken,connection failed,2026-06-22T12:58:40+00:00
d6593cd6-531c-4ca5-9176-f0aaa8846cac,218,1,0,312,,,weak,,2026-06-22T12:58:40+00:00
2d4eaf31-1e15-4266-8df4-65f4e3c91e5d,403,1,1,162,,Just a moment...,broken,,2026-06-22T12:58:40+00:00
0a8d60c4-9935-4bde-ad10-86f883b9395f,401,0,1,42,WordPress,Flywheel - Password Required,broken,,2026-06-22T12:58:40+00:00
4b9352c9-6745-4da9-ab9d-8bec0774644e,403,1,1,123,,Access to this page has been denied,broken,,2026-06-22T12:58:40+00:00
d1b7b744-8a24-4412-89ca-fe893cfb755e,200,1,1,404,,Sharon Monticello | Your Petaluma Real Estate Expert,good,,2026-06-22T12:58:40+00:00
f41dce27-6d5e-4232-aed8-4a23f02bf76d,200,1,1,596,Wix,Our Community,good,,2026-06-22T12:58:40+00:00
ae6420e7-7758-4f46-b53f-e8ad4ee965d0,401,1,1,654,Squarespace,Napa Lash Studio &mdash; Secure,broken,,2026-06-22T12:58:40+00:00
ec16d309-a9da-4f42-8505-82d0c193cf1a,200,1,1,885,WordPress,Trista Fossa,good,,2026-06-22T12:58:40+00:00
ebbd91c1-6f7c-458c-9f9d-01c2b7622bed,202,0,0,163,,,weak,,2026-06-22T12:58:40+00:00
ab8302d8-60be-4e88-bde1-1cad12be9431,0,0,0,47,,,broken,connection failed,2026-06-22T12:58:40+00:00
4b34f501-8f41-4622-9379-5ed28a45d6a3,200,1,1,512,GoDaddy,Fuji Sushi,good,,2026-06-22T12:58:41+00:00
d7c32974-5d4c-4d0b-805b-dadc73ae5841,200,1,1,764,,Taste Asia: Food Tours with ShisoRestaurant,good,,2026-06-22T12:58:41+00:00
72e359c8-d083-40ee-b939-a780fa626444,200,1,1,298,Shopify,MAUI WHITENING Official Site: #1 Teeth Whitening Salon in U.S. &ndash; Maui Whitening Headquarters,good,,2026-06-22T12:58:42+00:00
6600b968-8d94-4b92-bf48-9df4da593da7,200,1,1,707,,StyleSeat - Online Booking for Hair Stylists & Beauty Professionals,good,,2026-06-22T12:58:42+00:00
81a87f59-b6a2-4b7f-912f-9b9eb294ddc7,200,1,1,1636,,Angela Hinds @ Mood - Petaluma CA | Vagaro,good,,2026-06-22T12:58:42+00:00
4d4089e8-2cd1-403d-9929-c4fcd7774d71,0,0,0,30,,,broken,connection failed,2026-06-22T12:58:42+00:00
2687ec36-03d7-4947-8d83-2d5e4a38bb34,200,1,1,377,Weebly,THE PAINTED LADY TANNING &amp; SPA - The Painted Lady,good,,2026-06-22T12:58:42+00:00
477114da-be83-416c-a03a-68ab7f6fa37c,200,1,1,373,Wix,Home,good,,2026-06-22T12:58:42+00:00
8237c6d9-ac42-425f-8763-ab454313c88b,200,1,1,272,WordPress,Carpe Diem Restaurant &amp; Bar - Carpe Diem Restaurant &amp; Bar,good,,2026-06-22T12:58:42+00:00
eac22960-3792-4095-bf9b-7129576fe0a5,200,1,1,285,Squarespace,La Sirena Wine,good,,2026-06-22T12:58:42+00:00
dffcbeb7-b3fd-486c-acc0-a649c5d66e14,200,1,0,277,Squarespace,Makana Cellars,weak,,2026-06-22T12:58:42+00:00
aefeb737-974d-47e8-b39a-094f51844f0e,200,1,1,2145,WordPress,Life in Balance &#8211; Fitness and Massage,good,,2026-06-22T12:58:43+00:00
8d110148-6c9c-4776-a13f-cf48e444c6df,200,1,1,249,WordPress,Peter Franus Wines &#8211; Iconic Mount Veeder Cabernet and Zinfandel,good,,2026-06-22T12:58:43+00:00
7939f244-3504-404e-9650-3928dc97d90b,200,1,0,1012,,Napa County Fair & Fireworks | Homepage,weak,,2026-06-22T12:58:43+00:00
df7a0cd4-1034-4b26-8542-853b0db3efc9,202,0,0,233,,,weak,,2026-06-22T12:58:43+00:00
c6bfca30-0b0d-4a29-8dac-dd09d31f1d50,200,1,1,530,Wix,Altamura Vineyards &amp; Winery,good,,2026-06-22T12:58:43+00:00
ba57d7d7-8922-46cb-9564-e99a53dc1ffa,200,1,1,637,Shopify,Arrow&Branch &ndash; Arrow&amp;Branch,good,,2026-06-22T12:58:43+00:00
42d25d67-bb86-4a9d-9760-f3139938141e,200,1,1,606,Wix,Ashton Vineyard,good,,2026-06-22T12:58:43+00:00
b171b0cc-8a1f-488d-8c28-a6d0ecfed017,200,1,1,262,WordPress,Home - Barnett Vineyards,good,,2026-06-22T12:58:43+00:00
428151e3-9df0-45d8-9e18-ad2d445cb385,200,1,1,673,Shopify,Arrow&Branch &ndash; Arrow&amp;Branch,good,,2026-06-22T12:58:43+00:00
fbee56b6-5851-418f-bcf7-5f0594cf127c,202,0,0,93,,,weak,,2026-06-22T12:58:43+00:00
fab39500-44c2-4c58-87f6-b5bb54f984e2,200,0,0,182,,,weak,,2026-06-22T12:58:43+00:00
97e28f89-ad86-40fc-9d4f-20cb1632d099,0,0,0,118,,,broken,connection failed,2026-06-22T12:58:44+00:00
8f4c182c-8533-452d-8f1a-f07d183f4cf5,200,1,0,640,,,weak,,2026-06-22T12:58:44+00:00
f0a9c654-5d9b-4ebd-8e3c-dffe0cb794d0,200,1,1,948,WordPress,Charles Krug - An Iconic Napa Valley Winery | St. Helena CA,good,,2026-06-22T12:58:44+00:00
f6f4ce29-f912-4c6b-9f63-0c9af51c2df0,200,1,1,778,,Darioush,good,,2026-06-22T12:58:44+00:00
72553812-3cee-4167-b073-c2a33d939942,0,0,0,18,,,broken,connection failed,2026-06-22T12:58:44+00:00
59610364-b5a2-4b0b-8378-9a8510e18a63,200,1,1,224,Squarespace,Figjam,good,,2026-06-22T12:58:45+00:00
8b88564a-22e8-4d2c-8363-95033dc989e5,200,1,0,8051,GoDaddy,HOME,weak,,2026-06-22T12:58:45+00:00
71ce4cfc-2482-408d-9b2f-83ddb54b0d8c,200,1,1,273,WordPress,Home - Flora Springs,good,,2026-06-22T12:58:45+00:00
5432a4bd-339c-4749-9415-4959c1bbc49a,200,1,1,96,WordPress,Hamel - Sonoma Valley Wines,good,,2026-06-22T12:58:45+00:00
efb070f1-37ef-40b1-a08d-816f649f4e97,200,1,1,1017,Shopify,Aesthete Wines | Dry Stack Vineyard Estate Wines From Sonoma County &ndash; aesthete wines,good,,2026-06-22T12:58:45+00:00
b5c7d129-d8a6-4d9b-b4d2-876d0cc5ddf5,200,1,1,5711,,"Kathleen Ball, Sonoma - Napa Wine Country Real Estate | Sotheby&#x27;s International Realty, Inc.",weak,,2026-06-22T12:58:45+00:00
9401e6e9-f88b-40e2-b571-93e4dfb99c9c,200,1,1,545,Squarespace,Jaffe Family Wines,good,,2026-06-22T12:58:45+00:00
1d59fc5b-85be-426c-94cd-fc8b146c1eeb,0,0,0,65,,,broken,connection failed,2026-06-22T12:58:45+00:00
ee71ae56-0996-4cca-b648-fb5c61a08159,200,1,0,625,,Napa Valley Winery Cave Tastings - Jarvis Estate,weak,,2026-06-22T12:58:45+00:00
ea4ed77f-53e9-4569-95a7-7a3d2119e2f0,202,0,0,245,,,weak,,2026-06-22T12:58:45+00:00
6e86f86b-fa49-40b4-8120-f503430e62d7,202,0,0,268,,,weak,,2026-06-22T12:58:46+00:00
a814a1a4-6ce7-489f-88d1-56dd60c872fa,404,1,1,368,Wix,,broken,,2026-06-22T12:58:46+00:00
2ebca486-0877-48a4-90d8-a5604e073867,200,1,1,217,,Next Door Wine | Napa Valley Estate Vineyard,good,,2026-06-22T12:58:46+00:00
7f059fab-81c6-4a3b-8c22-0eb2f3dcb2d9,200,1,1,2021,,Kunde Family Winery,good,,2026-06-22T12:58:47+00:00
4c45cca8-474d-41a5-b14d-31681ec0e529,200,1,1,1779,,Home - Marston Family Vineyard,good,,2026-06-22T12:58:47+00:00
8beca750-5598-4b8c-a986-c814cee43edb,404,0,0,1089,,,broken,,2026-06-22T12:58:47+00:00
ef9bbbce-0da6-4909-b55f-c5d58d0a7f28,200,1,1,342,WordPress,Home Page - PEJU Winery,good,,2026-06-22T12:58:47+00:00
86ade409-7ba3-4939-bab3-b45c2c86a954,200,1,1,490,GoDaddy,Home | Discover Premium Wines at Pope Valley Winery,good,,2026-06-22T12:58:48+00:00
8a263f03-5075-4681-9799-bbfb7c75cb7d,200,1,1,350,Squarespace,"Salvestrin - A Historic, Family-Owned Boutique Winery - St. Helena, Napa Valley",good,,2026-06-22T12:58:48+00:00
846c1037-2dcf-48a7-8072-133fdb756f59,404,1,0,583,Squarespace,Squarespace - Website Expired,broken,,2026-06-22T12:58:48+00:00
e674001e-ae9d-4b5b-88c1-fb1beb6567b3,200,1,1,359,,Sang~Froid Vineyards | Home,good,,2026-06-22T12:58:48+00:00
14ebfc13-8a50-460d-988e-dda387e07155,200,1,1,146,Webflow,Historic Napa Valley Winery – ​Spring Mountain Vineyard,good,,2026-06-22T12:58:48+00:00
be6a8140-a4de-4e60-8bcd-e2bef32c622f,200,1,1,408,,Welcome to Sherwin Family Vineyards Spring Mountain District ◆ Napa Valley,good,,2026-06-22T12:58:48+00:00
e196da2e-ae31-41f7-a0e5-06df153dffe7,200,1,1,337,Squarespace,St. Clair Brown Winery &amp; Brewery,good,,2026-06-22T12:58:48+00:00
91a21492-18ac-4cf2-9e0c-446b9da726bb,200,1,1,85,WordPress,"Red Wines, Sweet Wines &amp; White Wines | Sutter Home Family Vineyards",good,,2026-06-22T12:58:49+00:00
aa80728e-0944-4288-a69d-09963b68c1ac,0,0,0,15163,,,broken,connection failed,2026-06-22T12:58:49+00:00
d68eef7e-8d55-45ac-a01b-48a7e4a36766,200,1,1,1327,WordPress,Home - Scribe Winery : Scribe Winery,good,,2026-06-22T12:58:49+00:00
80dfedb4-dcc6-42f0-9e86-6dee81d90dc5,200,1,1,978,WordPress,Home - Delicato Family Wines,good,,2026-06-22T12:58:49+00:00
b65683eb-4b29-404d-af99-09f2cc38bc2c,0,0,0,4098,,,broken,connection failed,2026-06-22T12:58:49+00:00
6c33de9f-ca08-4cbc-ab71-9f0c6689104c,200,1,1,394,Shopify,Redefining Taste | The Prisoner Wine Company,good,,2026-06-22T12:58:49+00:00
6858b117-b950-4f4c-b4c3-7292366e6c92,200,1,1,174,GoDaddy,Home - Tyge William Cellars,good,,2026-06-22T12:58:49+00:00
81bafae9-4f34-4385-bebe-469fd402e4aa,200,1,1,863,WordPress,The Terraces - Estate Winery and Vineyard in Napa Valley,good,,2026-06-22T12:58:49+00:00
46f35070-0578-4e03-8007-66cc99a17896,200,1,1,278,WordPress,Trestle Glen Vineyards,good,,2026-06-22T12:58:49+00:00
fa2a5e97-32c9-423b-932a-214a27de809f,200,1,1,418,WordPress,Three Sticks - Sonoma’s Best Estate Pinot Noirs and Chardonnays,good,,2026-06-22T12:58:49+00:00
5de993a5-8654-4ea4-8d15-35b4aaf64e91,200,1,1,405,,Velcorin Services | VinPure,good,,2026-06-22T12:58:50+00:00
54177438-c055-49b6-9e95-89a965c2a086,200,1,1,283,Squarespace,VIRGIL&#39;S VINEYARD,good,,2026-06-22T12:58:50+00:00
476193f8-aa89-4c4c-95df-456e4f64374a,200,1,1,418,,VintEdge Winery - Enabling Wineries To Reach Their Full Potential,good,,2026-06-22T12:58:50+00:00
2feccc43-ac43-48f6-ae5b-36426ade92dd,0,0,0,15073,,,broken,connection failed,2026-06-22T12:58:50+00:00
69187cf9-f041-4e5b-95ec-f01fa8618409,403,0,1,161,WordPress,Error: Active domain connection for this domain not found,broken,,2026-06-22T12:58:50+00:00
f2382e43-b790-47e9-b04a-5c5c5cc44796,0,0,0,29,,,broken,connection failed,2026-06-22T12:58:50+00:00
5cd56238-bb48-4d39-abf0-f70f5051a3d4,0,0,0,114,,,broken,connection failed,2026-06-22T12:58:50+00:00
99f557b1-1b7f-486d-b189-81b93924a404,200,1,1,782,Weebly,,good,,2026-06-22T12:58:50+00:00
a91ec92d-e28e-4b2e-9a2e-71c05a36c63d,0,0,0,107,,,broken,connection failed,2026-06-22T12:58:50+00:00
548484ac-066e-4d61-8ce6-0343d489b9bb,200,1,1,477,WordPress,"The Racers Group high-performance racing, parts and service in the North Bay &#8211; Shift to a higher standard.",good,,2026-06-22T12:58:50+00:00
72d11029-b3d0-458d-a20f-088a7f70fc7c,200,1,1,850,,"vinSUITE - Winery eCommerce, Wine Clubs &amp; POS",good,,2026-06-22T12:58:50+00:00
54681dd6-6714-4082-8f40-54699ad6e966,200,0,1,188,Squarespace,Ava Lane Hairdressing,weak,,2026-06-22T12:58:50+00:00
960f3c90-4d3c-418a-a24e-06d0c0c49e97,200,1,1,601,,Med-Ink Paramedical Tattoo,good,,2026-06-22T12:58:51+00:00
d34c23e6-36df-4be0-bd62-bcfcafd6dae6,200,1,1,581,GoDaddy,Buy powerscryo.com – Premium Expired .com Domain on GoDaddy | ExpiredDomains.com,good,,2026-06-22T12:58:51+00:00
746b2ad8-d4eb-4b93-8d84-b13951e0f61e,0,0,0,14,,,broken,connection failed,2026-06-22T12:58:51+00:00
7095fa10-6783-4f9e-8f70-117e93061631,200,1,1,869,,California Board of Barbering and Cosmetology,good,,2026-06-22T12:58:51+00:00
36d21100-6c9c-4588-8b3a-a90d807f61ea,200,1,1,796,Shopify,Cindy O&#39;Brien Aesthetics &ndash; LIV + GRACE SKINCARE by Cindy O&#39;Brien,good,,2026-06-22T12:58:51+00:00
7c11d8a7-aa12-48d0-8898-32fdc64be3ca,403,1,0,270,,Access Denied,broken,,2026-06-22T12:58:51+00:00
b828b2db-ed4d-42b9-80af-5bd12f28b5fa,200,1,1,729,Weebly,Home | Anita Sophia Albini,good,,2026-06-22T12:58:51+00:00
e1f7f8b0-d336-4007-b6bf-ce64a907e3d3,200,1,1,1540,WordPress,Bay Area Auto Detailing &amp; Ceramic Coatings | Bithell&#039;s Detailing,good,,2026-06-22T12:58:51+00:00
8638d1c1-bc7c-4b6c-92ca-7067df423687,200,1,1,440,,Welcome to Calistoga Coffee Company,good,,2026-06-22T12:58:52+00:00
e0091b6c-2c27-4c5a-8f6a-97b9219def27,410,1,1,828,,"Shear Design, 639 Trancas Street, Napa, CA - Groupon",broken,,2026-06-22T12:58:52+00:00
292f46ff-1136-48fa-a75c-d3b2dd021a14,0,0,0,135,,,broken,connection failed,2026-06-22T12:58:52+00:00
7a63047b-1163-45d2-8bfc-ff88754ded26,200,0,1,941,,世界杯官方入口 - 世界杯(中国),weak,,2026-06-22T12:58:52+00:00
5cf95108-d40f-40c3-8c37-91ccddfcc5b0,200,1,1,463,Wix,"Stitched Designs | Custom apparel | Middletown, CA, USA",good,,2026-06-22T12:58:52+00:00
473d77c6-f243-42e8-914b-7b8e3f8cbcf5,0,0,0,110,,,broken,connection failed,2026-06-22T12:58:52+00:00
019c6ba5-b8d6-4d98-b06f-9497d7bf1bdb,200,1,1,1261,Shopify,Tanks For Wine,good,,2026-06-22T12:58:52+00:00
3afdfe22-e2e6-4cd3-90ca-3a7aee9b0418,200,0,1,276,,Account Suspended,weak,,2026-06-22T12:58:53+00:00
0e4a1b89-d50d-4681-afb7-3e4bc78117ae,200,1,1,421,Squarespace,GMH Builders - Building for Life,good,,2026-06-22T12:58:53+00:00
87a0a350-6c2e-4453-a94e-d9e434dfbbd4,0,0,0,15080,,,broken,connection failed,2026-06-22T12:58:53+00:00
f6e4752f-018b-499e-91ce-865e87b01ab5,200,1,1,112,GoDaddy,"Electrical Contractor in Napa, CA",good,,2026-06-22T12:58:53+00:00
e9e54622-cc96-49f3-89d7-77fa2aa4a86d,0,0,0,15235,,,broken,connection failed,2026-06-22T12:58:53+00:00
dd2fa566-c07e-4ec2-9855-571288642b76,200,1,1,526,WordPress,Enology V2 - 3 Badge Corporate Site,good,,2026-06-22T12:58:53+00:00
2377fadb-5c73-455f-9a6d-7c13a4fcad02,200,0,1,1302,WordPress,"All Truss, Inc.",weak,,2026-06-22T12:58:53+00:00
3ba552f0-b00a-4b2d-9ec2-5458da432f15,200,1,1,280,Wix,Wine Country Rabbi-Steve Finley Sonoma rabbi Napa rabbi Jewish wedding,good,,2026-06-22T12:58:53+00:00
d12376d7-7bcb-4a8e-b7f1-5835274c30c7,200,1,1,544,WordPress,Petaluma‎ Family Law Attorney | Jill White Law and Mediation PC,good,,2026-06-22T12:58:53+00:00
e6902366-3fe0-4fd7-b831-5e6116d33261,200,1,1,181,WordPress,The Barrel Cellar &#8211; &quot;A toast to the finer things in life.&quot;,good,,2026-06-22T12:58:53+00:00
a581c24b-fbd6-4574-b037-5300fba9123f,200,1,1,540,GoDaddy,Lighting for Special Events - Creative Lighting Design,good,,2026-06-22T12:58:53+00:00
64b73fe2-c12d-4851-9326-40566e82f520,200,1,1,280,Squarespace,Resilient Body 2025,good,,2026-06-22T12:58:53+00:00
ef21aee7-4950-44e7-b0bc-fbbaae4470b0,0,0,0,10014,,,broken,connection failed,2026-06-22T12:58:53+00:00
d4168c3c-67bd-437a-9dbf-451b0b6b1a1a,0,0,0,101,,,broken,connection failed,2026-06-22T12:58:53+00:00
c5497360-4642-4032-a39c-06e30fa6ce6b,0,0,0,178,,,broken,connection failed,2026-06-22T12:58:54+00:00
4b04bc8d-8867-4d15-8df6-6eb7f15633aa,200,0,1,345,Squarespace,Floradanica,weak,,2026-06-22T12:58:54+00:00
c098a756-90e6-4140-973c-61352b64d175,200,1,1,354,,Ribbon & Twine | Flowers for Weddings-Events-Local Delivery,good,,2026-06-22T12:58:54+00:00
a783f782-d752-44e5-a540-74face9d15c9,404,1,0,182,,Error 404 (Not Found)!!1,broken,,2026-06-22T12:58:54+00:00
ca190e96-f0cb-4a42-9e87-f3ac3ceb2cb6,200,1,1,116,GoDaddy,Clear Light Window Washing &#8211; Residential &amp; Commercial Window Washing and MORE!,good,,2026-06-22T12:58:54+00:00
a0dd96ef-3e8a-4f76-85a4-5f1da6d29203,202,0,0,65,,,weak,,2026-06-22T12:58:54+00:00
3d334377-cbaa-4420-b5bf-261e08c10194,0,0,0,60,,,broken,connection failed,2026-06-22T12:58:54+00:00
8363b670-8708-40e9-8cf6-69b04c682d37,404,1,1,231,Wix,404 Error: Page Not Found | Wix.com,broken,,2026-06-22T12:58:54+00:00
bba6e6ac-1d76-41b8-929e-92356572ed64,0,0,0,114,,,broken,connection failed,2026-06-22T12:58:54+00:00
b73ac47e-9122-4230-8684-0d5235ffd814,200,1,1,152,Webflow,"John Muir Inn, Party Facility, 1998 Trower Ave",good,,2026-06-22T12:58:54+00:00
989ad7a9-36d5-48fd-9e93-82a2365cd4e0,200,1,1,663,Webflow,"CrossFit Solano | CrossFit Gym in Fairfield, CA",good,,2026-06-22T12:58:54+00:00
0c1e8b0a-0b85-4b0d-878b-f60f23e7f099,0,0,0,39,,,broken,connection failed,2026-06-22T12:58:54+00:00
b724c9fd-7f4a-4ae7-8b30-a339e747da98,200,1,0,419,,,weak,,2026-06-22T12:58:54+00:00
9d73c090-83fe-4299-bb9f-535c7a1e2783,200,1,1,450,GoDaddy,Our Services,good,,2026-06-22T12:58:54+00:00
87b55182-0131-41b0-8755-a6ebd8a36fdc,0,0,0,16040,,,broken,connection failed,2026-06-22T12:58:54+00:00
ba31eeee-2b43-4658-9ad8-5b31d9963624,200,1,1,536,,Italian Kitchen - Amaro,good,,2026-06-22T12:58:54+00:00
4f84720f-1fe8-40c6-ae89-57173b6c4a1d,200,1,1,718,WordPress,Home - Eikos Kitchen and Bath Design,good,,2026-06-22T12:58:54+00:00
374047a5-52b7-465a-9f7a-2d92105600d7,200,1,1,3815,WordPress,Napa Valley Medium Psychic Medium,good,,2026-06-22T12:58:55+00:00
3a9a8ad2-dd42-4cb9-9cd7-192e8d2a4a1e,403,0,0,551,,,broken,,2026-06-22T12:58:55+00:00
789ce874-5830-4df6-8c69-dbd04e2b2671,0,0,0,15,,,broken,connection failed,2026-06-22T12:58:55+00:00
74a79811-f2d4-40cb-82b1-cd61d3fce36c,200,1,1,607,Wix,Law Office of Sheri Chlebowski | Family,good,,2026-06-22T12:58:55+00:00
9368f408-24aa-446b-9895-8f6f8b6df9cb,200,1,1,798,WordPress,Life in Balance &#8211; Fitness and Massage,good,,2026-06-22T12:58:55+00:00
230fb52c-614d-4dd3-9ba3-8b779a0d4a51,0,0,0,51,,,broken,connection failed,2026-06-22T12:58:55+00:00
69c1a961-a9b1-4cd5-9c31-2f90378fc5a3,200,1,1,4295,WordPress,SpaSalon Manager &#8211; Adding to the Simplicity and Depth of Salon Software since 1985,weak,,2026-06-22T12:58:55+00:00
a20ae39f-ca40-490c-b74c-ab2ca2c41b6e,200,1,1,101,Squarespace,Pivotal Pelvis — Bio Sites,good,,2026-06-22T12:58:55+00:00
1f78a0e5-129e-42ba-a4e1-d29d814e0c75,200,1,1,485,Wix,"Pet Services in Napa | Napa, CA | Napa Pet Care",good,,2026-06-22T12:58:55+00:00
aea60111-d0cd-47b0-8046-a4a1c8941ba6,200,1,0,32,WordPress,Broker Blog | A discussion about the real estate business in Wine Country and elsewhere.,weak,,2026-06-22T12:58:55+00:00
4820e4dd-67c8-4012-95bd-01d0cad1b484,200,1,1,1118,WordPress,Deborah Myers Wellness Acupressure &amp; Jin Shin Jyutsu,good,,2026-06-22T12:58:55+00:00
ec3a9e17-ba35-4d01-937c-a83ca9939ee9,200,1,1,723,WordPress,Serene Medspa,good,,2026-06-22T12:58:55+00:00
bb02b128-3ece-4619-b607-4f9d39f98cb6,403,1,1,115,,Just a moment...,broken,,2026-06-22T12:58:55+00:00
47044095-a1d5-4abe-868e-888893234f57,200,1,1,2101,Wix,Breakfast Food | Lucas Breakfast Bistro | Napa,good,,2026-06-22T12:58:55+00:00
a8acc353-269a-4b24-89d3-2b586da64809,200,1,1,474,Squarespace,The Reform Room,good,,2026-06-22T12:58:56+00:00
b8b54e2e-2de8-41e9-a67c-ed279e967ae8,200,1,1,299,,Carla Shaheed: Solano County's Premier Real Estate Agent,good,,2026-06-22T12:58:56+00:00
860d6b7c-a10e-44bf-acc5-d1b6e26bf63c,200,1,1,374,,Andersen Real Estate | Brad Andersen,good,,2026-06-22T12:58:56+00:00
9ba4d0bd-a36b-4f4c-88b7-babd4f5e17b2,200,1,1,324,,Nicole Marzo | Compass Petaluma,good,,2026-06-22T12:58:56+00:00
f767f11d-a576-4068-bca8-c3e74f636c0d,200,1,1,238,,Napa & Sonoma Real Estate | CB Brokers of the Valley,good,,2026-06-22T12:58:56+00:00
5d0c8917-a621-4e62-93d6-99e52ec0f079,0,0,0,112,,,broken,connection failed,2026-06-22T12:58:56+00:00
e80fac0c-7ef4-4dc7-997a-c38f73308b36,200,1,1,928,,Napa Homes | Wine Country Real Estate,good,,2026-06-22T12:58:56+00:00
7db1826f-ede8-47a1-b959-a8c04db7f828,200,1,1,1523,WordPress,The Michael Ellis School for Dog Trainers,good,,2026-06-22T12:58:56+00:00
9881a5be-35bb-4afb-8c4c-39f3c7cecf1b,404,1,1,372,,404 Page Not Found | Vanguard Properties,broken,,2026-06-22T12:58:56+00:00
d18f000f-d988-4a0e-9a11-f1da8a0f91c4,0,0,0,39,,,broken,connection failed,2026-06-22T12:58:56+00:00
397478ff-9c0c-4952-be29-6caca39b8825,403,0,0,357,,403 - Forbidden: Access is denied.,broken,,2026-06-22T12:58:56+00:00
0b222fb8-550d-4dfb-9eac-91c365c58fa2,200,1,1,553,,Napa CA Real Estate | EO&A – Elizabeth Olcott & Associates,good,,2026-06-22T12:58:57+00:00
273464a6-4b1c-4e20-9327-ba3227158016,200,1,1,173,WordPress,"Your Napa, Sonoma &amp; Solano Experts | Edwin &#038; Miguel Alvarado",good,,2026-06-22T12:58:57+00:00
bbe691e3-8ef0-48ec-bdda-80973b7d5ac1,200,0,1,2926,WordPress,Blue Tiger Wellness &#8211; Your Friendly Neighborhood Wellness Professional,weak,,2026-06-22T12:58:57+00:00
0bdba5e2-05bf-4257-8ef6-eb454ab08ead,0,0,0,14,,,broken,connection failed,2026-06-22T12:58:57+00:00
7649b542-e17c-4c91-b6c0-f42e219cb6c4,0,0,0,110,,,broken,connection failed,2026-06-22T12:58:57+00:00
e19e511a-6db8-4985-9822-ab17900596d9,200,1,1,1106,WordPress,Home - Douglas Hecker,good,,2026-06-22T12:58:57+00:00
05c046e8-4720-4a2e-8602-a825096997d4,403,1,1,204,,Just a moment...,broken,,2026-06-22T12:58:57+00:00
83f86424-e41a-4855-8cd0-68ad1e804c9b,200,1,1,57,,Branden Connors Real Estate,good,,2026-06-22T12:58:58+00:00
f53ae0d4-cc37-454a-8c35-a0f8e8ddcc15,403,1,0,297,,ERROR: The request could not be satisfied,broken,,2026-06-22T12:58:58+00:00
4bdc9c80-84aa-48d1-8f2b-d83cb855ff22,200,1,1,405,,eXp Realty of California Inc. and CA DRE#01878277,good,,2026-06-22T12:58:58+00:00
7ea22af1-fc99-4f16-b3df-e4269fea578b,0,0,0,447,,,broken,connection failed,2026-06-22T12:58:58+00:00
e6258b2c-2ec9-4f08-8152-2f0d246e6f28,0,0,0,112,,,broken,connection failed,2026-06-22T12:58:58+00:00
b75dbdae-7d13-42cd-be6d-633a93348483,200,1,1,2050,,Donna Brion - Real Estate Agent - Coldwell Banker,good,,2026-06-22T12:58:58+00:00
3e5d4e00-5fc8-4cf1-80d4-66127fcd91a9,410,1,1,461,,AgentFire &rsaquo; Error,broken,,2026-06-22T12:58:59+00:00
ea458527-5323-4bb0-bf89-8048f6bd40a9,200,1,1,824,WordPress,The Pinnacle Group ~ Powered by ReMax Gold,good,,2026-06-22T12:58:59+00:00
893f9f06-1369-4aa4-adff-64e319f8ead9,200,1,1,302,,John C. Reid – Best Real Estate Agent in Petaluma / Napa / Sonoma / Santa Rosa / Healdsburg / #1 Luxury Realtor | Tim Allen Properties,good,,2026-06-22T12:58:59+00:00
899ee586-845f-4553-b8a0-a2d298907762,200,1,1,1096,,Engel &amp; Völkers Americas: Global Recognition. Local Expertise.,good,,2026-06-22T12:59:00+00:00
2cc6be9d-d417-42ce-9955-17aa7f371006,403,1,1,568,,Just a moment...,broken,,2026-06-22T12:59:00+00:00
a20806e8-0e95-4d21-8ba1-c1c060f3c057,200,1,1,1322,WordPress,Home - Jessie Kelly,good,,2026-06-22T12:59:00+00:00
ec99ede0-76aa-4a28-bfcf-70fce8833ed1,0,0,0,149,,,broken,connection failed,2026-06-22T12:59:00+00:00
f72377d6-98ac-472a-a11e-8ebb6527c6a1,0,0,0,15364,,,broken,connection failed,2026-06-22T12:59:00+00:00
d0715354-c422-4835-bf81-1427e528754f,0,0,0,112,,,broken,connection failed,2026-06-22T12:59:00+00:00
a6c225e9-ab44-4579-b760-19422530f60b,200,1,1,313,,Karin Argoud Morrisey | Top California Real Estate Agent,good,,2026-06-22T12:59:00+00:00
00b98a66-60da-4bae-b619-945dc3fe4886,0,0,0,110,,,broken,connection failed,2026-06-22T12:59:00+00:00
25a212f7-6d6a-4b4f-9885-0bade1944e32,403,1,1,95,,Just a moment...,broken,,2026-06-22T12:59:00+00:00
e5ecbe98-e612-42d8-8cf9-51a0c6884acc,200,1,1,262,,Keith R. White | California Real Estate Agent,good,,2026-06-22T12:59:00+00:00
59276e30-2fe0-458f-b90f-e37b85c812dd,200,1,1,372,,"Napa Valley Luxury & Vineyard Real Estate | Kim Caterino, REALTORÂ®",good,,2026-06-22T12:59:00+00:00
1b120d56-4a47-4e93-babb-b6567a3c3802,200,1,1,395,,"The Peterson Lawson Group | Napa, California REALTORÂ®",good,,2026-06-22T12:59:00+00:00
5e63367b-c93e-426c-906e-644509cb979c,0,0,0,114,,,broken,connection failed,2026-06-22T12:59:01+00:00
545ac9f6-5a91-44e0-b31e-8ee1b72eaaa0,200,1,1,408,Squarespace,"Lisa Matheson, Realtor®",good,,2026-06-22T12:59:01+00:00
cac22bef-0abb-4cb7-97b3-6710f283a803,200,1,1,3234,WordPress,Gary Prince,good,,2026-06-22T12:59:01+00:00
d413e42f-99be-4005-b290-3e67a39739cc,0,0,0,200,,,broken,"ssl: HTTPSConnectionPool(host='manzonegroup.com', port=443): Max retries exceeded with url: /contact-us/ ",2026-06-22T12:59:01+00:00
4f76f6fe-39f5-4550-91e4-f278faa95d1a,200,1,1,1288,WordPress,Karen Karlow,good,,2026-06-22T12:59:01+00:00
47fe20c6-8014-4a2f-b2f9-9412d27f07d7,202,1,0,333,,,weak,,2026-06-22T12:59:01+00:00
6831cfae-d3de-4705-a86e-829c35057d5a,0,0,0,124,,,broken,connection failed,2026-06-22T12:59:01+00:00
4495238c-45bf-49d1-9572-6c54b431ac66,200,1,1,524,,Margaret Schrock | Petaluma Real Estate Agent,good,,2026-06-22T12:59:01+00:00
568d3345-659e-4d82-b272-c1c53c1590fd,404,1,1,342,,Site Not Found | CENTURY 21,broken,,2026-06-22T12:59:01+00:00
a2931644-44eb-4210-858e-81e06eb7e969,202,0,0,274,,,weak,,2026-06-22T12:59:01+00:00
dca55f41-31c5-4c36-b228-af5c4bfed499,0,0,0,80,,,broken,connection failed,2026-06-22T12:59:02+00:00
5b6a3a5b-6416-4008-9ad9-2b2e71eaa21d,200,0,0,9613,WordPress,,weak,,2026-06-22T12:59:02+00:00
11e7006f-2638-45f5-8f60-8adb4b7792c3,200,1,1,1018,WordPress,Real Estate Concierge | Napa Valley,good,,2026-06-22T12:59:03+00:00
7dc18352-c54c-4c8e-97de-8c6d5eefad10,200,1,1,1876,,Home - Your Trusted California Real Estate Expert | Mariam Khugiani,good,,2026-06-22T12:59:03+00:00
09afe20a-7845-4c42-a08f-b19ea1b05201,200,1,1,983,,Engel &amp; Völkers Americas: Global Recognition. Local Expertise.,good,,2026-06-22T12:59:03+00:00
e2248ee6-e93b-4df1-8ec9-712a64e4def7,200,1,1,170,Squarespace,Nicola Petersen Roualdes Sonoma &amp; Napa Real Estate,good,,2026-06-22T12:59:03+00:00
24fafc83-8be2-4613-a53c-cab298822253,200,1,1,3452,,Benicia CA Real Estate & Homes for Sale | Berkshire Hathaway HomeServices Drysdale Properties - Benicia,good,,2026-06-22T12:59:04+00:00
df5d6889-3ed8-4925-81fc-a3cddd12e19c,200,1,1,1384,,Jonna Lewis,good,,2026-06-22T12:59:04+00:00
b7967de6-cf3e-4867-86d1-9a6a8c623ac4,0,0,0,40,,,broken,connection failed,2026-06-22T12:59:04+00:00
968ed8ee-d2ad-428d-9f64-746538f4b0f3,200,0,0,121,,,weak,,2026-06-22T12:59:04+00:00
0e5241e8-f1b4-4c12-8d79-d8eadb1b9d3b,200,1,1,553,,Real Estate | Ofelia Vargas | SF North Bay,good,,2026-06-22T12:59:04+00:00
d8996401-81ba-4177-8292-d4a6e09205d8,218,1,0,257,,,weak,,2026-06-22T12:59:05+00:00
004f9ea4-a7d1-452c-af4c-94b4e24ac100,200,1,1,99,Squarespace,Rachael Dressler - Sonoma and Marin County Realtor — Bio Sites,good,,2026-06-22T12:59:05+00:00
d7f4069a-9e19-4173-a830-845f9ea72c6c,200,1,1,360,,"Marilyn Coffin, Real Estate Agent - Petaluma, CA - Coldwell Banker Realty",good,,2026-06-22T12:59:05+00:00
9f3e7035-e1df-44c4-b6d8-b68d049ee019,0,0,0,10015,,,broken,connection failed,2026-06-22T12:59:05+00:00
4a42f106-44d8-48bc-88c0-2d39c66104bc,403,0,0,104,,403 - Forbidden: Access is denied.,broken,,2026-06-22T12:59:05+00:00
e08a7fe8-2b58-4b61-99d7-87bb109bdae1,200,1,1,370,,InTheHomeZone,good,,2026-06-22T12:59:06+00:00
62cce81b-5af2-4d95-8b04-23b48b8ae549,403,1,1,86,,Just a moment...,broken,,2026-06-22T12:59:06+00:00
883a79d0-dbfa-4fe6-a816-bf44096ba90a,0,0,0,539,,,broken,"ssl: HTTPSConnectionPool(host='www.millenniumproperties.net', port=443): Max retries exceeded with url: /",2026-06-22T12:59:06+00:00
bd3edd0e-08aa-40dc-8ce3-a392e01ba162,0,0,0,115,,,broken,connection failed,2026-06-22T12:59:06+00:00
f6d7432c-9884-4497-bd19-19bcba76a599,0,0,0,10013,,,broken,connection failed,2026-06-22T12:59:06+00:00
a6dc172a-a653-4403-9474-8e1192f23e11,200,1,1,2250,WordPress,Home - Paul Ponitkoff,good,,2026-06-22T12:59:06+00:00
76f21081-73fc-41d3-9cff-f21649d7a22b,503,1,0,184,,,broken,,2026-06-22T12:59:06+00:00
baf081b5-cef8-47e5-946d-4d4c7ef7cd9c,200,1,1,755,WordPress,REALTOR (Ron) - RON HAMMONS (REALTOR),good,,2026-06-22T12:59:07+00:00
a15c5847-bcd3-4677-9c96-f3f40a9588c8,200,1,1,399,WordPress,Shannon Cresci Phennicie,good,,2026-06-22T12:59:07+00:00
7ae443bf-ea92-456c-bcf9-9f68528305db,200,1,1,420,,Sherri (Lolli) Evenich - Century 21 Epic,good,,2026-06-22T12:59:07+00:00
c349c189-21f5-4ad6-bf0b-fb40e481ce72,200,1,1,416,Wix,HOME | Stef Thompson Fairfield Realtor®,good,,2026-06-22T12:59:07+00:00
d3fc2859-c7bb-46f7-a589-4694b1fa22ca,200,1,1,168,,,good,,2026-06-22T12:59:07+00:00
38d3bc65-ab13-4ece-b531-6a8a99755289,200,1,1,268,,"Stephanie Aven | Premier Napa, CA Real Estate Agent",good,,2026-06-22T12:59:07+00:00
5e3884ad-a998-4ae0-b2a3-5a7fe53a0671,403,1,1,93,,Just a moment...,broken,,2026-06-22T12:59:07+00:00
83d14ac2-1d7c-4e09-8a36-26f843382a66,200,1,1,158,,,good,,2026-06-22T12:59:07+00:00
fc8f3079-c583-476e-8c2a-932403fcdecb,0,0,0,171,,,broken,"ssl: HTTPSConnectionPool(host='corcorangl.com', port=443): Max retries exceeded with url: /agents/tara-co",2026-06-22T12:59:07+00:00
ed6f2136-1ffe-4e80-b7ef-ce91ac71c0ec,403,0,0,4158,,403 - Forbidden: Access is denied.,broken,,2026-06-22T12:59:07+00:00
4ef11148-4289-4508-a9ab-216df174faf8,200,1,1,1721,,Sandi Sullivan - Century 21 Epic,good,,2026-06-22T12:59:08+00:00
b836448b-f3a4-4e65-890d-67862f0055bc,200,1,1,214,,4Ks Delivery,good,,2026-06-22T12:59:08+00:00
1ac3e0ec-1d0a-476d-9770-4f9f55a097f1,0,0,0,40,,,broken,connection failed,2026-06-22T12:59:08+00:00
e6446cde-c2b3-4836-9c62-0a67044b805f,403,1,0,161,,Access Denied,broken,,2026-06-22T12:59:08+00:00
e872c8e6-e905-4094-aa49-80f0ccf6cd3e,200,1,1,892,WordPress,Home - Timo Rivetti,good,,2026-06-22T12:59:08+00:00
a37e66e7-56ee-4120-9cdc-a7e7becdc15c,200,1,1,456,,"THE OYSTER GIRLS, INC.",good,,2026-06-22T12:59:08+00:00
843188fb-21e3-4d71-9ead-2550dda9fddd,200,1,1,415,GoDaddy,Brad Pursell General Engineering Inc - Home,good,,2026-06-22T12:59:08+00:00
76d05f1b-b641-4714-aa4c-85f049b3e8ed,200,1,1,1063,WordPress,Home - Todd Mendoza,good,,2026-06-22T12:59:08+00:00
e89e1172-b054-49b2-b8b1-9b919dca2128,0,0,0,103,,,broken,connection failed,2026-06-22T12:59:08+00:00
aa312522-b86c-4560-bce6-6254aa540ee1,0,0,0,40,,,broken,connection failed,2026-06-22T12:59:08+00:00
97264319-5206-4d0d-ba43-735c4b6e9474,200,1,1,1137,WordPress,Home - Teri Kainz and The Kainz Team,good,,2026-06-22T12:59:08+00:00
f4fd75b3-8d16-4caf-a115-18717da4ad4c,200,1,1,267,,Audrey Crandell | Makeup for the most special occasion,good,,2026-06-22T12:59:08+00:00
b055bf43-7606-4631-bd8d-5d9589df4519,0,0,0,46,,,broken,connection failed,2026-06-22T12:59:08+00:00
dc9846bd-878f-4ade-b035-fe3a0d997e62,0,0,0,50,,,broken,connection failed,2026-06-22T12:59:08+00:00
acc6e0bc-57c2-4123-b565-416122f3cf4e,200,1,1,391,WordPress,"BAY AREA ROBOTIC HERNIA INSTITUTE &#8211; Faster return to Work, Play and Family&#8230;",good,,2026-06-22T12:59:09+00:00
a0fc1f03-554d-4ac4-8b8b-cd0491147b8b,200,1,1,172,WordPress,Fore Family Wines,good,,2026-06-22T12:59:09+00:00
5628b9c5-c574-456b-baf0-61a50721d348,200,1,1,297,WordPress,Home - Grigsby Vineyard,good,,2026-06-22T12:59:09+00:00
1975e39a-dd91-4cf6-b8f7-9dbe971bda49,200,0,0,736,,æ²¡ææ¾å°ç«ç¹,weak,,2026-06-22T12:59:09+00:00
81e01843-2ff2-4611-8dd2-51b4496f4c0f,403,1,1,111,,Just a moment...,broken,,2026-06-22T12:59:09+00:00
248a6312-b64d-4f05-a91e-65ccecdda9e6,200,1,1,402,Wix,Winery | Identity Wine Company,good,,2026-06-22T12:59:09+00:00
ffc3165c-e235-4312-a112-f2b77cc9f9fb,404,1,1,267,,Oakville Winegrowers - Page not found (404),broken,,2026-06-22T12:59:09+00:00
847f34a9-05d7-4f2a-89b4-aa82f950edc4,200,1,1,286,,Ordaz Family Wines,good,,2026-06-22T12:59:09+00:00
91113446-c10f-4962-810c-4b1e6b44c45e,0,0,0,15057,,,broken,connection failed,2026-06-22T12:59:09+00:00
b7775716-05c1-4b4b-812a-d36aaa473daf,202,1,0,258,,,weak,,2026-06-22T12:59:10+00:00
221dfb53-f116-450f-afd4-b7141ef8a4c1,200,1,1,651,Wix,Uniqueness from Vineyard to Glass | Trahan Winery - Napa Valley,good,,2026-06-22T12:59:10+00:00
44e0954b-9158-470f-b71b-715e505b4a4e,200,0,0,324,,Coming Soon page,weak,,2026-06-22T12:59:10+00:00
79cd0b5e-8ac3-45d3-8354-9ccd0859a527,404,1,1,202,Shopify,404 Not Found &ndash; Sterling Vineyards,broken,,2026-06-22T12:59:10+00:00
5e8b8653-e552-48ef-97f1-77a6ed788689,200,1,1,408,Squarespace,POLEMONIUM WINES | Discover Our Unique Wines,good,,2026-06-22T12:59:10+00:00
3276509e-20ab-4ac3-a591-1fb72fc180b0,200,1,1,451,WordPress,The Terraces - Estate Winery and Vineyard in Napa Valley,good,,2026-06-22T12:59:10+00:00
c87bcfa8-0199-4f8e-aa0e-3803d1a1cc5c,200,1,1,1969,,Goddess of Youth in Middletown - Middletown CA | Vagaro,good,,2026-06-22T12:59:10+00:00
77d185c9-034a-4e11-9575-da7b89da496e,200,1,0,305,,,weak,,2026-06-22T12:59:10+00:00
a181371c-3f5e-43af-adf0-5601bcf90404,202,0,0,66,,,weak,,2026-06-22T12:59:10+00:00
5f9adc10-a356-4232-9888-43ef1edd7ccb,403,0,1,55,,Just a moment...,broken,,2026-06-22T12:59:10+00:00
d7fafe42-8e55-4310-8eb4-cc5bad2e53dd,200,1,1,450,Shopify,The Yount Room,good,,2026-06-22T12:59:10+00:00
d40880d4-9549-49cf-a4d1-257bb017c280,200,1,1,938,WordPress,Tamber Bey,good,,2026-06-22T12:59:11+00:00
4f7483e9-b291-4ad5-b0f2-ba3d2c016e6e,0,0,0,39,,,broken,connection failed,2026-06-22T12:59:11+00:00
25bd5a8b-05bb-42cb-bd66-23f3c0a8cce7,200,1,1,638,,"LIVE DRAW SGP, LIVE DRAW SINGAPORE, LIVE SINGAPORE POOLS, LIVE RESULT SGP HARI INI",good,,2026-06-22T12:59:11+00:00
c61dc86f-c296-4fbd-8209-b8cfbd0a130b,0,0,0,26,,,broken,connection failed,2026-06-22T12:59:11+00:00
621bc209-0645-49bc-9e46-692c0d36b65f,0,0,0,111,,,broken,connection failed,2026-06-22T12:59:11+00:00
769c942c-2412-4dd1-9a70-ef609d77578d,0,0,0,15139,,,broken,connection failed,2026-06-22T12:59:11+00:00
3104bec6-90f8-431c-bbc0-b915a8edb730,0,0,0,115,,,broken,connection failed,2026-06-22T12:59:11+00:00
f7fa1303-7a80-4755-909f-7b9a014c1b93,200,0,0,324,,ChicLeChef,weak,,2026-06-22T12:59:11+00:00
6e25e4f3-d7be-4533-811d-4ebb26c9031f,200,1,1,355,,Find Estate Sales,good,,2026-06-22T12:59:11+00:00
a0f0f5b1-6a8b-4b79-9b16-6e404124c5ce,0,0,0,41,,,broken,connection failed,2026-06-22T12:59:11+00:00
9c2f0ac8-efe4-46f7-b427-e6b7d337ded3,0,0,0,15848,,,broken,connection failed,2026-06-22T12:59:11+00:00
6049a998-93c2-4ff4-9394-38087a48fa00,200,1,1,252,Squarespace,DRE&#39;S MOBILE DETAILING SERVICES,good,,2026-06-22T12:59:11+00:00
21307367-3af9-483e-8150-96942a617d9b,0,0,0,110,,,broken,connection failed,2026-06-22T12:59:11+00:00
5a7c052d-4c6a-47f4-a51f-071c95cf7b49,0,0,0,29,,,broken,connection failed,2026-06-22T12:59:11+00:00
060fcf83-d0f4-482f-ad61-a6113572b110,0,0,0,10013,,,broken,connection failed,2026-06-22T12:59:11+00:00
e7781f4d-db4f-4af3-95b1-c05d5e619076,0,0,0,55,,,broken,connection failed,2026-06-22T12:59:11+00:00
00fc5221-3422-431e-9666-f6a69951ae9d,200,1,1,529,Wix,"Paint Protection Films, Coatings &amp; Car Detailing | Robust Auto Detailing | Napa &amp; Surrounding Bay Area",good,,2026-06-22T12:59:12+00:00
e724cf64-1b0a-4106-a5b8-fc109ed6ec49,200,1,1,1469,WordPress,Two Amigos Wines | Brothers of the Grape,good,,2026-06-22T12:59:12+00:00
4a9cfd2d-9059-4f83-8044-d69cd08c5a1b,200,1,1,314,,"RELIABLE GLASS - 398 Surveys, Videos, Articles, &amp; More | Diamond Certified",good,,2026-06-22T12:59:12+00:00
dc13d2d8-1220-4406-a92b-e577051b5f45,0,0,0,142,,,broken,connection failed,2026-06-22T12:59:12+00:00
939e0adb-596c-4cd2-bc81-62cd88f22431,200,0,0,48,,Redirecting...,weak,,2026-06-22T12:59:12+00:00
bd996cd1-f17a-4b60-8bb0-f209ad78254a,403,0,0,456,,403 Forbidden,broken,,2026-06-22T12:59:12+00:00
9201add8-3066-41bf-8d46-10ccf0c5dd6c,200,1,1,418,WordPress,Site Title,good,,2026-06-22T12:59:12+00:00
b5b996c6-f0e7-4e64-b94d-29e8fe52f5db,200,1,1,1668,WordPress,"Designer Fashion, Accessories &amp; More - Shop Online At Macbella | Macbella",good,,2026-06-22T12:59:12+00:00
1a3258ed-dfa9-45bb-a48c-91bd11e14535,200,1,1,475,Squarespace,Your Skincare Expert in Hidden Valley Lake | Amileas,good,,2026-06-22T12:59:12+00:00
7f41f1e3-4e36-4ccc-aba3-620b970bdd6f,200,1,0,1527,,,weak,,2026-06-22T12:59:13+00:00
3a1b1ba1-90ca-4931-8276-d733c6ab9f2a,200,1,1,808,GoDaddy,My Barberologist,good,,2026-06-22T12:59:13+00:00
4fe38df1-de5a-4a20-a340-852b5f5dd3f2,200,1,1,668,,Mary Kay® | Empowering Women Since 1963,good,,2026-06-22T12:59:13+00:00
0f260886-7bf3-44fb-9489-8cafb0863fa2,200,1,1,388,Squarespace,"LumaPhi Aesthetics &amp; Wellness | Medspa in Petaluma, CA, 94952",good,,2026-06-22T12:59:13+00:00
2161b2cb-7a26-41df-ab7c-b0668b675f23,0,0,0,15,,,broken,connection failed,2026-06-22T12:59:13+00:00
8fb0c1ab-b6b7-42b7-b462-3dea3d89960d,200,1,1,1680,Shopify,Rekomendasi Prediksi SDY Lotto Paling Jitu: Bocoran SDY Live Akurat 100% Anti Rungkad Terpopuler Hari Ini,good,,2026-06-22T12:59:13+00:00
35fb6bf9-0b97-4f48-af87-9405ec1a4504,200,1,1,646,Wix,Every Day Magic: Mindfulness Children's Book,good,,2026-06-22T12:59:13+00:00
16560032-69ca-43a2-b415-310b914f6b96,0,0,0,42,,,broken,connection failed,2026-06-22T12:59:14+00:00
6d7a8e8b-4c14-4552-bc6a-4f9a3743836f,200,1,1,446,Wix,"Freedom Therapy MFR, Myofascial Release, Tucson AZ, book appointment",good,,2026-06-22T12:59:14+00:00
134978e1-4f2e-4241-8f5a-624c0af7dc9d,200,1,1,555,,"ColorUpHairsalon | Hair Salon in Petaluma, CA",good,,2026-06-22T12:59:14+00:00
2e52ca16-02a3-4bba-a040-41c938b5bf6d,200,0,0,153,,Contact Calistoga Arbors,weak,,2026-06-22T12:59:14+00:00
947d8b29-b4b1-43c2-9d6f-28b648b48142,200,1,1,213,WordPress,Setting Inn Homepage - The Setting Inn,good,,2026-06-22T12:59:14+00:00
acc8ac00-fccc-4761-948e-f073325523fe,0,0,0,113,,,broken,connection failed,2026-06-22T12:59:14+00:00
b2428fe4-3b70-43a8-8f58-230b447442f4,200,1,1,1793,,Evolution Barbershop - Petaluma CA | Vagaro,good,,2026-06-22T12:59:14+00:00
f0839068-a496-442d-8022-0f306bbbbee0,0,0,0,41,,,broken,connection failed,2026-06-22T12:59:14+00:00
a22fc2b9-6ff0-49ae-b497-45f13eb1390e,200,1,1,190,Webflow,"Bay Area Window Tinting - Suite A8, Glass Coating, Tinting, 536 Soscol",good,,2026-06-22T12:59:14+00:00
eda1fb25-9628-4019-af4a-20f70abf7195,200,1,1,325,Squarespace,The Cottage Inn + Spa,good,,2026-06-22T12:59:14+00:00
b99182a9-439e-48c1-879f-f35ed88e1a5a,0,0,0,105,,,broken,connection failed,2026-06-22T12:59:14+00:00
041c37ab-2cff-451e-b2a6-63cc2648d6b2,200,1,1,2660,Wix,Home | Palmer Bread Co.,good,,2026-06-22T12:59:14+00:00
b9f5101f-4e69-4cff-be7d-e4828449a717,200,1,1,375,Squarespace,Art Play Café | Sip. Play. Stay.,good,,2026-06-22T12:59:14+00:00
29cef6a8-7f95-4570-90df-d8655334528f,200,1,1,386,Wix,Home | Cheese and Crust Wood Fired Catering,good,,2026-06-22T12:59:14+00:00
bd3a8154-d7bb-4afc-a06e-5c3bf5045d16,200,1,1,243,WordPress,Child Start Inc &#8211; Child Start Inc of Napa,good,,2026-06-22T12:59:15+00:00
d3ccc46d-176c-427d-95a6-12e2cfdac325,0,0,0,157,,,broken,connection failed,2026-06-22T12:59:15+00:00
8264113b-9fef-4285-bd16-9c2836fdd53e,200,0,1,901,,世界杯官方入口 - 世界杯(中国),weak,,2026-06-22T12:59:15+00:00
bbc92544-6d75-4bd5-98b9-94d304b7e09d,200,1,1,477,Wix,Napa Private Chef - Chef Aaron LeRoi,good,,2026-06-22T12:59:15+00:00
de588620-248f-456f-b2da-1a029b31667f,403,1,1,236,,Just a moment...,broken,,2026-06-22T12:59:15+00:00
a265f546-ab25-43de-9f03-b6d4d68b0992,200,1,1,189,,Nova MV Construction INC,good,,2026-06-22T12:59:15+00:00
b6a7f6da-c338-47dd-a09f-5f7ccd0ebda8,200,1,1,1127,,The Napa Inn & Spa | TOP-RANKED HOTEL in Downtown Napa,good,,2026-06-22T12:59:15+00:00
4ab6187e-3e6d-4213-baa9-9c080ff3b7af,200,1,1,367,GoDaddy,Cary Drain Services,good,,2026-06-22T12:59:15+00:00
b74dd70d-aaf4-4555-9f10-fdfd3f26e18b,403,1,1,219,,Just a moment...,broken,,2026-06-22T12:59:15+00:00
10900eef-ba85-48a6-970d-43912e5cf2f1,200,1,1,390,Squarespace,"Acapella Craftsman, Inc.",good,,2026-06-22T12:59:15+00:00
28610d80-77a3-4996-8703-32c31ab05ca8,0,0,0,4115,,,broken,connection failed,2026-06-22T12:59:15+00:00
d97d9cdf-3365-4a6e-89f1-073a46741e90,0,0,0,165,,,broken,connection failed,2026-06-22T12:59:15+00:00
79540403-d744-4da8-bed0-394aa7fd6fcb,0,0,0,46,,,broken,connection failed,2026-06-22T12:59:15+00:00
a48ef634-53d9-42bd-995b-f4830f8cbfc6,200,1,1,436,Squarespace,Angeleri Property Solutions | Handyman &amp; Property Repair Napa Valley,good,,2026-06-22T12:59:15+00:00
1a961749-f34b-4b18-86be-3968bccb5347,200,0,1,365,GoDaddy,"Concrete Contractor | Driveways, Patios & More | Call (855) 321-3655",weak,,2026-06-22T12:59:15+00:00
9a0ca381-0132-4935-8b9f-1b40f261711e,202,0,0,97,,,weak,,2026-06-22T12:59:15+00:00
c5125daf-10b1-4a7d-b5b8-0c632cf42071,200,1,1,396,WordPress,Home - Water Well Drilling Experts | Huckfeldt Well Drilling,good,,2026-06-22T12:59:16+00:00
abfdcbba-8c99-4414-90ec-c7bca762eb4d,404,0,0,474,,,broken,,2026-06-22T12:59:16+00:00
16be1083-4fd3-4a81-8eb4-a0f57a639a34,200,1,1,476,,CSLB-Home -CSLB,good,,2026-06-22T12:59:16+00:00
ec18514a-94f9-4438-9c91-fadd31f2618b,0,0,0,15064,,,broken,connection failed,2026-06-22T12:59:16+00:00
c15ab0d2-d5c5-4532-b8e3-c0838c845a2c,403,1,0,536,,403 Forbidden,broken,,2026-06-22T12:59:16+00:00
9f82e8e0-77cf-48c4-9535-960951bc46c4,200,0,0,199,,,weak,,2026-06-22T12:59:16+00:00
503a1d24-2441-47e7-a870-1c0d90976945,0,0,0,49,,,broken,connection failed,2026-06-22T12:59:16+00:00
80390139-5c56-490d-9844-af5a847cf0d0,200,0,0,116,,,weak,,2026-06-22T12:59:16+00:00
bca8f13d-7796-4081-97f4-5d3c0e38a5e1,0,0,0,41,,,broken,connection failed,2026-06-22T12:59:16+00:00
f48811b9-acc7-48b1-b10a-855cf6561627,200,0,0,182,,,weak,,2026-06-22T12:59:16+00:00
a456d2a7-543e-427d-aa42-d865ca4e7050,200,1,1,1369,WordPress,Sonoma County Comfort Heating &amp; Air |,good,,2026-06-22T12:59:16+00:00
133f9a41-811d-4739-b69f-fb56974f6a9a,200,0,0,307,,,weak,,2026-06-22T12:59:16+00:00
97ada065-9efd-41a9-ad57-9b17430d6408,0,0,0,111,,,broken,connection failed,2026-06-22T12:59:16+00:00
fadc24a6-9943-46af-8c19-af3c666d17a5,200,1,1,350,GoDaddy,Napa Home and Landscape Show,good,,2026-06-22T12:59:16+00:00
4ea677a4-b364-45f4-a721-cbd4976b6cfa,200,0,1,144,Squarespace,Sonoma Tile Works,weak,,2026-06-22T12:59:16+00:00
a83dcbf7-eff3-42c3-961f-81dc414de734,200,1,1,201,WordPress,"Roofing Contractor in Knoxville, TN - Second Generation Roofing",good,,2026-06-22T12:59:16+00:00
d8f9e17b-a6c0-4d11-9586-70523fde508f,403,1,1,138,,Attention Required! | Cloudflare,broken,,2026-06-22T12:59:17+00:00
efe3ace5-47f0-499d-b3e4-62a9a7b08250,404,1,1,270,Wix,,broken,,2026-06-22T12:59:17+00:00
2a109e82-81ba-402c-9192-3ad9d4a14323,404,1,1,660,Wix,404 Error: Page Not Found,broken,,2026-06-22T12:59:17+00:00
d1f527d1-d9a6-4e68-9134-be6aabd91c45,200,1,1,549,Wix,Luxury Custom Home Builder in California | Salt Shed Design Build,good,,2026-06-22T12:59:17+00:00
43ee442a-7e28-4891-a0e8-6db7c6716f3b,200,1,1,447,Wix,Countertop Repair | TopRepair,good,,2026-06-22T12:59:17+00:00
72110126-b8cf-49a2-bee8-0c6d332e8cce,200,1,1,373,Shopify,Juice Beauty | Juice In. Junk Out.,good,,2026-06-22T12:59:17+00:00
eb0dc579-ce5d-4d14-b2a3-8cbe1b5f1155,200,1,1,392,WordPress,"Dentist in Sonoma, CA | Local Dentist Audrey Kang DDS",good,,2026-06-22T12:59:17+00:00
235813f1-0660-4af1-bf16-eae4eda778ef,200,1,1,358,,"Meet Our Team - Pediatric Dentists in Fairfield, CA",good,,2026-06-22T12:59:17+00:00
e8066fd0-3e05-4dcb-8db4-4c66db9363c9,200,1,1,425,Squarespace,Caroline Campbell Dermatology,good,,2026-06-22T12:59:17+00:00
05811387-dcd4-4f81-a619-edf2cf4bd6e7,200,1,1,657,,About â¢ @dentistrysupport â¢ Milkshake Website Builder,good,,2026-06-22T12:59:17+00:00
535d6946-6fe8-482d-98d8-8c7dfec7f994,200,1,1,391,Squarespace,E.P.I.C. Electrical Services,good,,2026-06-22T12:59:17+00:00
ec440329-6fe4-486a-b0e8-57d5f3e58edb,200,1,1,477,,CSLB-Home -CSLB,good,,2026-06-22T12:59:17+00:00
1d036a77-912f-47ff-bfac-0cdb21bc5360,404,1,1,243,Wix,,broken,,2026-06-22T12:59:18+00:00
e8ceb566-e04f-4e21-80eb-bd3300ed0b1d,200,1,1,197,Squarespace,FlutterShot Media - Real Estate Marketing Solutions | Fly-Through Video Tours | Social Media Management,good,,2026-06-22T12:59:18+00:00
f4bdce2c-12f8-4996-a6c2-d90b4becf139,200,1,1,464,,CSLB-Home -CSLB,good,,2026-06-22T12:59:18+00:00
4bad2b0d-bcb9-435d-bbb6-1d7e4bbfd199,0,0,0,15025,,,broken,connection failed,2026-06-22T12:59:18+00:00
d352fee5-9593-475d-a236-5cd0af7ce8e7,200,1,0,472,GoDaddy,"UpValley Electric in Saint Helena, California",weak,,2026-06-22T12:59:18+00:00
8bee82cc-57f2-4bf0-94ed-2dc7bbff1376,200,0,0,176,,,weak,,2026-06-22T12:59:18+00:00
36f86b27-0d60-411c-b35f-e7a977f4e713,403,0,0,359,,,broken,,2026-06-22T12:59:18+00:00
9ae4bf0c-7a31-45b9-acd3-f93f7d4c08cb,200,1,1,314,Shopify,Starr’s Collective,good,,2026-06-22T12:59:18+00:00
f5a44dba-9ca2-42f2-83c3-b4bc11de3227,0,0,0,45,,,broken,connection failed,2026-06-22T12:59:18+00:00
3e571450-b31e-45d3-8597-33066acc2aab,200,1,1,330,Squarespace,THE WATERSHED | Explore Creative Spaces Today,good,,2026-06-22T12:59:18+00:00
3baa5198-f938-4e8c-aa17-96b253d0538e,202,0,0,151,,,weak,,2026-06-22T12:59:18+00:00
5abf9f00-6c75-4032-8168-7ad5c6150562,0,0,0,128,,,broken,connection failed,2026-06-22T12:59:18+00:00
34cbbbf0-644e-4035-9f2d-92cbe2d4a29f,200,1,1,229,,"Carpet Cleaning | Angwin, CA | Quality Carpet Cleaning",good,,2026-06-22T12:59:18+00:00
e259cc6b-cc8f-4b2a-bf9e-f84fc164c308,200,1,1,1559,WordPress,"Lisa Halliday, DMD &amp; Tom Halliday, DDS | Dentist in Sonoma, CA",good,,2026-06-22T12:59:18+00:00
dec11abc-84ff-4357-8ed3-14186c9f786a,0,0,0,112,,,broken,connection failed,2026-06-22T12:59:18+00:00
d2bd4e64-e896-43eb-82fc-cc72abe61b71,0,0,0,16,,,broken,connection failed,2026-06-22T12:59:18+00:00
e98b8b9e-9b8a-46e2-9de5-3b5483b6e7a2,200,1,1,59,GoDaddy,Artisan Charcuterie Catering Services,good,,2026-06-22T12:59:18+00:00
5ab5bcb6-85f8-4fd0-98ff-830188b532ef,0,0,0,106,,,broken,connection failed,2026-06-22T12:59:18+00:00
fc89a314-6249-4c55-aaa0-94a42791f98e,200,0,0,392,,,weak,,2026-06-22T12:59:19+00:00
34651bca-c764-45f3-b23b-35305b790e05,200,1,1,512,Squarespace,Tesoro Flowers,good,,2026-06-22T12:59:19+00:00
fc2e5d53-58c8-44d8-9931-5596d468cecd,200,1,1,419,Squarespace,Vonsaal Design,good,,2026-06-22T12:59:19+00:00
8136b6a5-9797-4467-943b-d50cb2575556,0,0,0,113,,,broken,connection failed,2026-06-22T12:59:19+00:00
78bb271c-d7a6-4911-9e75-6d2fbb675c89,404,1,1,205,Wix,,broken,,2026-06-22T12:59:19+00:00
abd89718-2385-4cf2-b50e-cecd29bf67b9,0,0,0,45210,,,broken,connection failed,2026-06-22T12:59:19+00:00
1d565951-9607-4443-8263-92bef921e9e2,200,1,1,1444,Shopify,Melody Farms Online,good,,2026-06-22T12:59:20+00:00
47ec3cf5-2510-4e0a-bd41-0bb70cddac28,200,1,1,1726,WordPress,"Manzoni Trucking &amp; Excavating, Inc. | Dependable Hauling and Trucking Services - Northern California",good,,2026-06-22T12:59:20+00:00
a712a447-4f56-46ed-9a21-3ef66569a430,0,0,0,111,,,broken,connection failed,2026-06-22T12:59:20+00:00
54c20a6a-79ff-4269-9461-9a1619b1adfd,200,1,1,593,WordPress,"River Town Racers &#8211; A sprint kayak club in Petaluma, CA",good,,2026-06-22T12:59:20+00:00
f89ea4a6-4c8d-414c-9747-92071e7d329a,0,0,0,41,,,broken,connection failed,2026-06-22T12:59:20+00:00
23934fd7-bb21-4cc3-bff0-e34e8e981714,0,0,0,2143,,,broken,connection failed,2026-06-22T12:59:20+00:00
9d8594d8-e173-4832-8ad2-0d3f9e04ca55,200,1,1,931,,Jeffrey Larson,good,,2026-06-22T12:59:20+00:00
7b9ecd83-67fb-4f81-bb54-691652cbb940,0,0,0,103,,,broken,connection failed,2026-06-22T12:59:20+00:00
aaf15119-a760-4786-bc3c-7d9a0c06c7ce,0,0,0,125,,,broken,connection failed,2026-06-22T12:59:20+00:00
d722a07b-7df6-4d11-b904-a394d58f93fa,0,0,0,104,,,broken,connection failed,2026-06-22T12:59:20+00:00
50ea3bf7-56f5-4f30-813a-4d5e269ae7e6,402,1,1,151,Shopify,Store unavailable,broken,,2026-06-22T12:59:20+00:00
ed1802be-8ace-44ba-8109-9d79b2ca89a0,200,1,1,232,,Filthy Clean Bins LLC | Trusted Exterior Cleaning | Fairfield CA,good,,2026-06-22T12:59:20+00:00
c100049e-4461-484c-81e3-e2f52a2cdf13,404,1,1,606,,StyleSeat - Online Booking for Hair Stylists & Beauty Professionals,broken,,2026-06-22T12:59:20+00:00
21b64551-cf2d-48ab-9422-db71b2f9694f,200,1,1,154,WordPress,Meadowood Napa Valley | Napa Valley Resorts | Official Site,good,,2026-06-22T12:59:20+00:00
b985f495-e308-417f-969d-e45eaad02407,200,0,0,89,,,weak,,2026-06-22T12:59:20+00:00
98023396-cb75-4785-8af5-ce4070ef6b28,0,0,0,49,,,broken,connection failed,2026-06-22T12:59:20+00:00
03fd12fb-f25f-42f3-989e-bab3a0c14c1c,200,1,1,612,Shopify,"Shop Gluten Free Flours, Super Foods &amp; Spices – Quay Naturals",good,,2026-06-22T12:59:21+00:00
8946f8c3-8b82-49ec-a49a-b7cd7251a806,200,1,0,239,,IIS Windows Server,weak,,2026-06-22T12:59:21+00:00
6364108c-99fc-4caf-9959-a6da6bcaecbe,0,0,0,45,,,broken,connection failed,2026-06-22T12:59:21+00:00
73054cd9-abef-471d-a3ed-741709de200a,200,1,1,712,WordPress,First Priority &#8211; Commercial | Residential Cleaning,good,,2026-06-22T12:59:21+00:00
0f44d321-63c2-46f5-882f-ce1253485c6c,200,1,1,524,Drupal,Steve's Heating & Coling | Napa | California | US Aircon,good,,2026-06-22T12:59:21+00:00
bed0fa8a-5d10-46cc-bc22-ecdf73f1444f,200,1,1,1456,WordPress,"The Best Gym in Solano County, CA - Trinity Forged Fitness",good,,2026-06-22T12:59:21+00:00
f1763b9e-49e4-4da0-ab13-c4752e6be220,200,1,0,771,,,weak,,2026-06-22T12:59:21+00:00
7360b464-be4e-4688-af28-d4bb841b0955,200,0,1,222,WordPress,Julie Parker Studio &#8211; Design That Feels Like Home.,weak,,2026-06-22T12:59:21+00:00
421fbcff-5122-4477-8561-71b591a3c13f,200,1,1,558,,Christie&#x27;s Staging &amp; Design,good,,2026-06-22T12:59:21+00:00
ae66924e-7b15-4d1d-805b-f411e75b60b8,200,1,1,306,Wix,HOME | ML Interior Design,good,,2026-06-22T12:59:21+00:00
178fbc6e-9c30-4d3d-b155-ac5e9e352965,0,0,0,103,,,broken,connection failed,2026-06-22T12:59:21+00:00
cf9fb5ee-568b-4daf-aa31-753ceee5a6c2,200,0,1,2497,,"Home | Pilates Napa Valley | Napa, CA 94558",weak,,2026-06-22T12:59:22+00:00
b711806e-87ae-437a-8d4e-7102a29eddea,404,1,0,455,Squarespace,Squarespace - Website Expired,broken,,2026-06-22T12:59:22+00:00
2f7c5f3f-4465-4de0-8cf3-c0268a431d4a,200,1,1,496,GoDaddy,Historic Estate Los Angeles: Villa Romano,good,,2026-06-22T12:59:22+00:00
d86af7f1-0afe-4c14-b7fc-62b11f3c6af3,200,1,1,321,,Napa Valley Estate Landscape Management | Clerici Landscape,good,,2026-06-22T12:59:22+00:00
884fc19b-ce8c-4bc6-9359-1f55f1c7f428,0,0,0,111,,,broken,connection failed,2026-06-22T12:59:22+00:00
8b7deb5e-a3f6-4396-bc31-47224edfce09,0,0,0,109,,,broken,connection failed,2026-06-22T12:59:22+00:00
9895c2bf-529c-407a-b1df-2e99d8baa7bf,200,1,1,227,GoDaddy,OrtonLaw.com is for sale | HugeDomains,good,,2026-06-22T12:59:22+00:00
909a74e8-0590-4cc5-a43d-16ba4b3f4ce2,200,1,1,1007,WordPress,Home - VJB Cellars,good,,2026-06-22T12:59:22+00:00
ab9f1485-3479-4515-882f-f3a8cd494690,200,0,0,134,,"Petaluma Personal Injury |Elder Abuse | Workers Compensation Lawyer| Charles A. Davis, Attorney at Law",weak,,2026-06-22T12:59:22+00:00
080d97b7-9815-442a-80dd-9c3d6ec3e370,200,1,1,586,,Jardinería Prime ( tips profesionales y guías personalizadas) - WhatsApp channel,good,,2026-06-22T12:59:23+00:00
042c347a-c071-4756-9e15-8f0361a5a8a2,0,0,0,122,,,broken,connection failed,2026-06-22T12:59:23+00:00
a7caa356-bfcb-408d-87ce-d89208d2c2fb,0,0,0,110,,,broken,connection failed,2026-06-22T12:59:23+00:00
97335a29-0177-431a-a89b-4242fa5e9e54,202,0,0,105,,,weak,,2026-06-22T12:59:23+00:00
099e75a5-4671-4590-983d-6c69063a8079,200,1,1,2261,WordPress,Sonoma County HVAC Professionals | North HVAC Services,good,,2026-06-22T12:59:23+00:00
2d0ed2ec-dd24-4f22-8fe8-87405ed745aa,0,0,0,117,,,broken,connection failed,2026-06-22T12:59:23+00:00
588cb8ed-d02f-4fab-8e00-3b5b6e0ebf0e,0,0,0,53,,,broken,connection failed,2026-06-22T12:59:23+00:00
cecaea3e-f7f7-40d8-bcde-73a7cb6563a8,200,1,1,1066,WordPress,"Landscape Design in Napa, CA | Keystone Yards",good,,2026-06-22T12:59:23+00:00
78c62ad4-1f6c-4180-9662-63218a0f382a,200,1,1,217,Webflow,"NUE Aesthetics | Wellness &amp; Beauty in Petaluma, CA",good,,2026-06-22T12:59:23+00:00
126aa438-1b94-4d06-8aa7-e5f5e6c7363e,200,1,1,303,Squarespace,"Gigi&#39;s GlowLab, LLC | Medspa in Petaluma, CA, 94954 | Botox",good,,2026-06-22T12:59:23+00:00
e65c654d-4af8-45d0-a921-5d7248825201,404,1,1,95,Webflow,Not Found,broken,,2026-06-22T12:59:23+00:00
895b57bf-6636-4489-b3a9-e48c66c82ea2,200,1,1,249,Wix,"Carlin's Cottage Court | Calistoga, CA",good,,2026-06-22T12:59:23+00:00
b7953413-75f6-4cc3-8141-f6acd684d02b,0,0,0,15334,,,broken,connection failed,2026-06-22T12:59:24+00:00
160684dc-a389-4b87-ad41-1cb24c7ddb86,200,1,1,542,,Branch Locations | New American Funding,good,,2026-06-22T12:59:24+00:00
2282a420-e866-4354-bd1b-1d4999112901,200,1,1,2250,Wix,"Wrap&amp;Slurp Co. | Gimbap and Ramen in Solano County | 4455 Central Way, Fairfield, CA, USA",good,,2026-06-22T12:59:24+00:00
de4f875a-da2c-4905-91a1-629aa110573b,200,0,1,342,,VIDEO TEPA MUSICA,weak,,2026-06-22T12:59:24+00:00
8731ebd8-351e-4bb5-b6fe-c00ff572b367,200,0,0,55,,Shamrockdogs.com,weak,,2026-06-22T12:59:24+00:00
ef5012d5-abf1-442d-bda2-fba79ee8c8d7,0,0,0,111,,,broken,connection failed,2026-06-22T12:59:24+00:00
6ec61c73-3f81-401b-9628-ea6e01f532e1,200,0,1,369,GoDaddy,Pest Control Service | Professional & Fast | Call (888) 995-0325,weak,,2026-06-22T12:59:24+00:00
94016f6b-82d4-4c2b-b974-538f44d9f260,200,0,0,235,,Our Best Friends: Gifts for Pets and Their People,weak,,2026-06-22T12:59:24+00:00
86969aad-0a27-42d9-a228-b0d0bb61ead1,200,1,1,372,WordPress,Home - Three Dog Bakery,good,,2026-06-22T12:59:24+00:00
97489793-9978-48ba-a156-79b7de01556b,403,1,1,111,,Just a moment...,broken,,2026-06-22T12:59:24+00:00
0056a64b-a934-4513-8566-cf02eea0abff,200,1,1,856,,Instagram,good,,2026-06-22T12:59:25+00:00
9a94a21b-d75b-46e1-802d-dc4762408c49,200,1,1,582,Wix,House of Classical Pilates Studio Napa,good,,2026-06-22T12:59:25+00:00
dc34e091-2be0-4aca-84ae-c57e3ed82984,200,1,1,486,GoDaddy,Allen Plumbing Company,good,,2026-06-22T12:59:25+00:00
2d7fcadc-f4c5-4204-9d54-61cd580c9a90,200,1,1,10140,GoDaddy,"Solis Construction Company, Inc.- Premier Custom Home Builder",weak,,2026-06-22T12:59:25+00:00
e71e0a2f-693b-46a4-a664-a022f36ed5dd,200,1,1,2657,WordPress,Expert Paving Stone Installer | Dynasty Pavers &amp; Design Inc.,good,,2026-06-22T12:59:25+00:00
5e614023-4bc3-43c7-9294-8ea5a434247f,0,0,0,9,,,broken,connection failed,2026-06-22T12:59:25+00:00
8a78e13d-3926-48e8-a623-6218bd2403d9,200,1,1,407,,"All Seasons Pool Service | Pool Repair | Petaluma, CA",good,,2026-06-22T12:59:25+00:00
9933261c-f0ee-4ba9-b80e-1ccf3e1d8828,200,1,1,420,Wix,Swan Plumbing Inc | Plumbing and Fire Protection Santa Rosa,good,,2026-06-22T12:59:25+00:00
abc980d1-a1f1-4564-8705-ae614c619639,409,0,1,120,,DNS resolution error | alejandra.martinez.remax.com | Cloudflare,broken,,2026-06-22T12:59:25+00:00
ab400bd2-0bba-4896-937f-c4fcf7088e59,0,0,0,15174,,,broken,timeout,2026-06-22T12:59:25+00:00
96ec051e-68b1-4eda-a876-6e636f3498a2,403,0,1,200,,Just a moment...,broken,,2026-06-22T12:59:26+00:00
8648016e-c86a-4b3b-bffd-210af5a4eec0,404,0,0,240,Squarespace,Squarespace - Domain Not Claimed,broken,,2026-06-22T12:59:26+00:00
088be580-21a4-4d3f-9248-1e9ae7830976,200,1,1,255,,Petaluma Real Estate Agents | SOLD by J + J,good,,2026-06-22T12:59:26+00:00
bfb80afd-0a13-4817-ae05-32d18bec7d6b,202,1,0,180,,,weak,,2026-06-22T12:59:26+00:00
b3bd8cc2-6b3b-43b9-81b0-ec95c7b57b7f,403,1,1,1330,,Just a moment...,broken,,2026-06-22T12:59:26+00:00
a879cbbc-27e8-46d7-84a1-a3a6d669e8eb,0,0,0,14,,,broken,connection failed,2026-06-22T12:59:26+00:00
e6e2bdd2-ab2a-462f-8a21-5bbd52417541,200,1,1,300,,Bart Moore | Napa Valley Real Estate Agent,good,,2026-06-22T12:59:26+00:00
d4e2e950-a3a5-409d-92e7-a23e89996db7,403,1,1,41,,Just a moment...,broken,,2026-06-22T12:59:26+00:00
0e2ed170-5042-4b9f-9ef8-547e2ad33550,0,0,0,296,,,broken,"ssl: HTTPSConnectionPool(host='beth.eoanda.com', port=443): Max retries exceeded with url: / (Caused by S",2026-06-22T12:59:26+00:00
9ad38598-e6b5-4f60-a8b4-b0f1629048f0,403,1,1,350,,Just a moment...,broken,,2026-06-22T12:59:26+00:00
adb42436-5c89-4758-8931-3f2df1fbb9ef,200,1,1,404,GoDaddy,Experienced Listing Agent in Bay Area | Derek Williams,good,,2026-06-22T12:59:26+00:00
37ec4367-7819-4c74-aab9-11b148a07d5c,0,0,0,106,,,broken,connection failed,2026-06-22T12:59:27+00:00
090ccae9-570d-4826-a757-53dd263a0ec9,200,1,1,506,Squarespace,"Debbie Ball Real Estate | Napa Valley, CA | Click Me!",good,,2026-06-22T12:59:27+00:00
59eb6477-5318-4d67-b19d-63d5b0da08e6,0,0,0,38,,,broken,connection failed,2026-06-22T12:59:27+00:00
df5ac55e-b5d3-4e4b-95f5-3205ae4a2466,202,1,0,180,,,weak,,2026-06-22T12:59:27+00:00
f278b357-0216-4847-8ece-7134eef4005d,0,0,0,10012,,,broken,connection failed,2026-06-22T12:59:27+00:00
5d5d7fdc-1c1c-414f-a547-12213c2cfc1a,0,0,0,34,,,broken,connection failed,2026-06-22T12:59:27+00:00
26947b87-1a69-4757-9dca-edc96d1d2abd,200,1,1,406,,Elk Grove CA Real Estate & Homes for Sale | VELASCO TEAM,good,,2026-06-22T12:59:27+00:00
2c872a09-1989-4802-9d15-2103d7b1383e,200,1,1,1505,Wix,Home | Home with Alisha,good,,2026-06-22T12:59:27+00:00
8872b3a6-d04a-4f3d-9fa6-de204ea1a9dc,200,1,1,764,,"Diane Sutton Instacard | Middletown, CA REALTORÂ® | Middletown CA 95461 NextHome Experiences",good,,2026-06-22T12:59:27+00:00
a426feae-274c-4ffc-86a1-6e9946d2fa72,0,0,0,305,,,broken,connection failed,2026-06-22T12:59:27+00:00
8d626030-7e47-46cc-92bb-96291d2ea011,200,1,1,3608,WordPress,Inicio - Abogado de lesiones personales en Petaluma,good,,2026-06-22T12:59:27+00:00
702a1fea-a5d8-441a-be74-523c2d1aa900,0,0,0,104,,,broken,connection failed,2026-06-22T12:59:27+00:00
bd7dc4b5-b645-4081-995c-8526f6a7c7ad,200,1,1,1570,WordPress,"Bill Dardon, REALTOR® &#8211; With over 40 years in the real estate business, experience, service, and integrity is my motto!",good,,2026-06-22T12:59:27+00:00
d38ee3b0-84b8-4e50-a0de-22a9b3c6a42a,403,1,1,154,,Access to this page has been denied,broken,,2026-06-22T12:59:27+00:00
e030db91-b0a4-4598-9e44-b8c8c8db96ea,200,1,1,537,,Napa CA Real Estate | EO&A – Elizabeth Olcott & Associates,good,,2026-06-22T12:59:27+00:00
2a7b9c36-9852-4a88-b1af-b91975e30d50,200,0,0,173,,,weak,,2026-06-22T12:59:28+00:00
6fda67d5-cec5-40e8-8033-4f68a5fc5608,200,1,1,347,,"Katie Vormelker, Real Estate Agent - Compass",good,,2026-06-22T12:59:28+00:00
65447ba9-c312-40e3-98fd-4c6f70a6a0af,0,0,0,135,,,broken,connection failed,2026-06-22T12:59:28+00:00
3ea108d4-e5ab-4441-9dbc-4eb9df510ddf,200,1,1,390,GoDaddy,Martha O&#x27;Hayer,good,,2026-06-22T12:59:28+00:00
e5d4899e-390d-4bab-9395-fada7a3916a3,0,0,0,94,,,broken,"ssl: HTTPSConnectionPool(host='mathisestates.com', port=443): Max retries exceeded with url: /contact (Ca",2026-06-22T12:59:28+00:00
7c837253-632b-49be-b063-d7bff51b2f63,202,1,0,113,,,weak,,2026-06-22T12:59:28+00:00
b71c675e-2400-4e05-b663-967bf73e48f8,200,1,1,1425,,Alexander Petty & Real Estate,good,,2026-06-22T12:59:28+00:00
8f9f3031-a68e-4914-ae62-39b98971857f,200,1,1,303,WordPress,Mike Bertolucci,good,,2026-06-22T12:59:28+00:00
ed80bede-80b1-4035-94b3-1044700cadda,200,1,1,1005,WordPress,Home - Lori Lafranchi,good,,2026-06-22T12:59:28+00:00
d0b9af80-d407-4af5-b63a-7391cfa4db7f,0,0,0,15192,,,broken,connection failed,2026-06-22T12:59:29+00:00
d537d57e-b166-4b89-a7b0-52dd8ffeec58,200,1,1,722,,Engel &amp; Völkers | Megan Mehlhope,good,,2026-06-22T12:59:29+00:00
d7dc1d3f-c24e-4fc6-96fd-d3fca727a75f,200,1,1,351,,"Ellen Lesher, Real Estate Agent - Compass",good,,2026-06-22T12:59:29+00:00
0ce440fb-da7a-4232-a39f-b2654b82c528,200,1,1,1773,,Fairfield CA Real Estate & Homes for Sale | Team Michelle Perez,good,,2026-06-22T12:59:29+00:00
320304b0-7a24-42a1-9fa2-2ca620d39719,0,0,0,103,,,broken,connection failed,2026-06-22T12:59:29+00:00
8aad57e6-d328-4239-a2e1-d7877fc1c940,200,1,1,338,,Top California Real Estate Agents | Reserve Properties,good,,2026-06-22T12:59:29+00:00
48ea09d7-822b-4b56-83f8-1455e0c90d3c,404,1,0,326,Squarespace,Squarespace - Website Expired,broken,,2026-06-22T12:59:29+00:00
7a96c758-4ed3-4c01-b8fd-dedcc280b885,404,0,0,254,Squarespace,Squarespace - Domain Not Claimed,broken,,2026-06-22T12:59:29+00:00
422d6629-af27-468b-a659-e5c58c95f816,200,1,1,361,,"Scott Symon, Real Estate Agent - Compass",good,,2026-06-22T12:59:29+00:00
725b2b37-5e5a-4425-8675-d944632a1ecb,503,1,0,398,,,broken,,2026-06-22T12:59:29+00:00
dedb34bb-c8da-413d-874c-eb344de709aa,200,1,1,930,,Engel &amp; Völkers | Nikki Gonsalves,good,,2026-06-22T12:59:29+00:00
cdd9fd8a-d0fb-4e01-8903-f409fb818bbb,0,0,0,364,,,broken,"ssl: HTTPSConnectionPool(host='www.sidra.eoanda.com', port=443): Max retries exceeded with url: / (Caused",2026-06-22T12:59:29+00:00
73a82e78-c1a5-4808-bf32-05bed8a8b1af,200,1,1,257,,Sonoma Real Estate Agent â Discover Luxury Living,good,,2026-06-22T12:59:29+00:00
7d396af2-3cb1-41ce-91b2-fd51c66692f7,200,1,1,2744,,"Holly Bennett, Real Estate Consultant, Sonoma - Napa Wine Country Real Estate | Sotheby&#x27;s International Realty, Inc.",good,,2026-06-22T12:59:29+00:00
d7c98166-34fe-4d15-96be-273669eeb948,200,1,1,284,WordPress,Premier Homes &amp; Country Estates | Premier Homes &amp; Country Estates,good,,2026-06-22T12:59:29+00:00
22dbd244-8031-4e7d-b3ae-7ba5a61f8ee9,0,0,0,121,,,broken,connection failed,2026-06-22T12:59:30+00:00
3b19441b-c641-4f38-be6e-0129ee08dbf4,200,1,1,651,Squarespace,Sheila&#39;s Homepage,good,,2026-06-22T12:59:30+00:00
ee71a667-c909-46d2-b6f1-18cbe1a061f9,403,1,0,308,,rh.com,broken,,2026-06-22T12:59:30+00:00
71a72f4b-bad3-40bf-986a-327c60715bee,200,1,1,354,Squarespace,With Thyme Provisions,good,,2026-06-22T12:59:30+00:00
dd64d108-a32d-4de7-82b7-0becacaa614c,200,1,1,388,Squarespace,Farmhouse Sonoma,good,,2026-06-22T12:59:30+00:00
19983ba4-0d23-46e3-85ac-998724fddd00,200,1,1,384,,About Us,good,,2026-06-22T12:59:30+00:00
6b47e16c-d20a-44a8-b2bc-0af3b17d2668,0,0,0,103,,,broken,connection failed,2026-06-22T12:59:30+00:00
a540a7cb-56a5-4fb5-a953-eecebb47dc30,200,1,1,431,,"Roofing Contractor Napa, Best Roofers Napa, Roofers Near Napa, CA",good,,2026-06-22T12:59:30+00:00
8b076f36-426c-4c0a-8436-6a813800ace1,200,1,1,365,GoDaddy,The Bright Group - Quality Building Materials Solutions,good,,2026-06-22T12:59:30+00:00
5c1456f8-cc84-4168-a886-dafd14a41403,200,1,1,362,GoDaddy,The Bright Group - Quality Building Materials Solutions,good,,2026-06-22T12:59:30+00:00
5bb15a5a-be4c-4ebd-8d1d-2502a154d437,202,1,0,195,,,weak,,2026-06-22T12:59:30+00:00
b254c74a-0a43-4eba-b5d6-8ff8fa4a8bf3,200,1,1,581,,"Roofing Services | Petaluma, CA | GTZ Roofing",good,,2026-06-22T12:59:30+00:00
0c91a122-952a-4278-b9ce-c5046ead2428,200,1,1,395,Weebly,Appointments | A healthy skin is a beautiful skin that doesn't need to be covered or hidden,good,,2026-06-22T12:59:30+00:00
4ac7c4da-abca-4720-9f77-de296a6dafff,200,0,0,62,,Redirecting...,weak,,2026-06-22T12:59:31+00:00
66260e20-41e0-4667-87b0-f25d13b09217,200,0,1,539,,Domain Parked,weak,,2026-06-22T12:59:31+00:00
dd62de5f-6106-4dbc-b71e-37662e6d6a1d,202,0,0,111,,,weak,,2026-06-22T12:59:31+00:00
4615a8bf-359f-4960-8c4b-d556145d2e3a,200,1,1,1394,WordPress,Todd &amp; Lisa Sheppard,good,,2026-06-22T12:59:31+00:00
0185a37b-f87d-476a-b3dc-b4b993e38c8d,0,0,0,70,,,broken,connection failed,2026-06-22T12:59:31+00:00
6c8225d1-129c-49f6-9ef1-695b27e1613a,403,1,1,160,,Just a moment...,broken,,2026-06-22T12:59:31+00:00
e6b804c0-d201-4905-9c11-8aa7994f07e2,200,1,1,135,Webflow,Project Footballer — The podcast about how to make a footballer,good,,2026-06-22T12:59:31+00:00
da0d45a6-ec55-4af4-985e-17d3ae09f395,404,1,0,454,Squarespace,Squarespace - Website Expired,broken,,2026-06-22T12:59:31+00:00
eced0a8a-3f46-4852-92db-b2b4d5e6a095,0,0,0,38,,,broken,connection failed,2026-06-22T12:59:31+00:00
fcee532c-ba36-45ab-b7e7-285594977aef,200,1,1,348,GoDaddy,Sacredsagetattoo,good,,2026-06-22T12:59:31+00:00
bf958165-fd17-4294-8639-d49cdf39a118,200,1,1,420,GoDaddy,AIM Tires: Sonoma Experts in Racing &amp;amp; Performance Tires,good,,2026-06-22T12:59:31+00:00
9803e66e-7a63-4d67-b065-e30cbaec7c04,200,1,1,975,Webflow,"All-In-One Salon, Spa &amp; Medspa Software | GlossGenius",good,,2026-06-22T12:59:31+00:00
30f98d5f-f3d3-458a-a190-5af6b9664691,200,1,1,202,,East Petaluma Animal Hospital | Best Vet in Petaluma,good,,2026-06-22T12:59:31+00:00
a6e158b0-ebbd-44ac-8f91-dcf8413d3f87,200,1,1,712,,"Bare And Bronzed Studio | Esthetician in Petaluma, CA",good,,2026-06-22T12:59:32+00:00
c685eeae-a731-4dad-b0d6-19e86334fe1a,200,1,1,4407,,"Jennifer Powers, Sonoma Valley Real Estate | Sonoma, Glen Ellen, Kenwood, Oakmont, Sonoma - Napa Wine Country Real Estate | Sotheby&#x27;s International Realty, Inc.",weak,,2026-06-22T12:59:32+00:00
6005abd7-766e-443f-bb48-e7faad82db0c,200,1,1,1105,Squarespace,Napa Acupuncture Practice,good,,2026-06-22T12:59:32+00:00
112e89d4-d670-47cb-b8fa-aafcd843edc6,200,1,1,385,Wix,Sonoma Equine | Equine Veterinarian | Sonoma CA,good,,2026-06-22T12:59:32+00:00
d7366b4d-85b0-41dd-b41b-dfc623034712,200,0,0,194,,,weak,,2026-06-22T12:59:32+00:00
3d0629b6-426e-442e-ba82-a1e5e10e326b,200,1,1,460,,Gmail,good,,2026-06-22T12:59:32+00:00
fa42c598-549c-40cf-9411-b8c747394fbd,200,1,1,340,Shopify,Last Bottle Wines,good,,2026-06-22T12:59:32+00:00
3fb7c983-a825-4040-b92c-8cacd489bb4d,200,1,1,182,WordPress,Home - Amizetta Estate Winery,good,,2026-06-22T12:59:32+00:00
dcd845ee-704c-4d29-8aa7-8974ef5c9e31,200,1,1,612,,Korbin Kameron,good,,2026-06-22T12:59:32+00:00
59ef3311-6220-4f10-a44d-537705e3168a,200,1,1,922,,"Sonoma Veterinary Clinic - Veterinary care in Sonoma, CA",good,,2026-06-22T12:59:32+00:00
6dc5ae5b-5604-420d-82b2-641b0295f5f7,200,1,1,7780,GoDaddy,SANDEENPLUMBING.COM,weak,,2026-06-22T12:59:33+00:00
c51327e8-d283-4c15-bab4-92851daf3038,202,0,0,163,,,weak,,2026-06-22T12:59:33+00:00
be8f5601-4f23-4f9f-b0a0-240f9eece0db,200,1,1,474,WordPress,Home - Antinori Napa Valley,good,,2026-06-22T12:59:33+00:00
326b18fa-532e-43c6-806e-38378b5dea04,200,1,1,479,GoDaddy,"Winery, Wine, Wine Tasting - BackRoad Vines - Fairfield, California",good,,2026-06-22T12:59:33+00:00
32bb301a-c349-40a3-b01a-d9bfc3db5213,200,0,1,174,Squarespace,Chateau Boswell Winery,weak,,2026-06-22T12:59:33+00:00
1887d6b2-b34b-442d-9fa0-4895f59d6ada,200,1,1,488,WordPress,Natural Wine Vegan Wine in California | Martin Pohl Wines,good,,2026-06-22T12:59:33+00:00
4e802e22-351d-4695-8220-d97bd9eeea0c,200,1,1,217,WordPress,Checkerboard Vineyards - Checkerboard Vineyards,good,,2026-06-22T12:59:33+00:00
195bc931-23e9-47e1-a871-ccdd11969b70,409,0,1,217,,DNS resolution error | www.elkevineyards.com | Cloudflare,broken,,2026-06-22T12:59:33+00:00
2914c82c-0f62-4f1c-a64d-fb41bb833259,200,1,1,502,Shopify,Caldwell Vineyard,good,,2026-06-22T12:59:33+00:00
39d193f3-3ae8-4c8b-8548-1da34c3c3b7a,200,1,1,349,,House of Far Niente | Napa Valley Wineries &amp; Vineyards,good,,2026-06-22T12:59:33+00:00
fe7369ae-ca4b-4dc9-9b35-c6c7d05c4347,200,0,1,392,,harrisestatevineyards.com&nbsp;-&nbsp;harrisestatevineyards Resources and Information.,weak,,2026-06-22T12:59:33+00:00
74db9e41-1e41-40e2-932b-0c4f4c7377fe,200,1,1,3257,WordPress,"Home Solar &amp; Energy Efficiency Solutions in Napa, CA",good,,2026-06-22T12:59:33+00:00
a0007007-c70e-490e-8ffc-c98ad015c485,200,1,1,706,Wix,HOME | Gourmet Food,good,,2026-06-22T12:59:34+00:00
fc335662-493c-4f87-86ef-86a555e55724,200,1,1,508,,"Hendry Ranch Wines - Napa Valley, CA",good,,2026-06-22T12:59:34+00:00
122dad50-cf5b-41f2-b8a2-4fb36c74c330,200,1,1,596,WordPress,"Welcome to Heimark Vineyard, a winery in Napa Valley",good,,2026-06-22T12:59:34+00:00
75045973-6c47-44b9-a710-2e05c6a88c61,0,0,0,15065,,,broken,connection failed,2026-06-22T12:59:34+00:00
bd4e6356-d862-4383-98e5-2ddab595cef2,200,1,1,528,Wix,HOME | Kelham Vineyards,good,,2026-06-22T12:59:34+00:00
8a80caf7-9c0a-470e-8f4c-685bdd948e80,200,1,1,408,WordPress,Mountain Terraces Winery | Part of the Ledson Collection,good,,2026-06-22T12:59:34+00:00
6bea40a5-22d9-40b5-a6ef-0d15d89b51b8,200,1,1,474,,"Post &amp; Beam Wines | Cabernet Sauvignon, Pinot Noirs &amp; Chardonnay",good,,2026-06-22T12:59:34+00:00
d2f359a0-65dc-474f-929f-88c31d9b2d9a,200,1,1,733,,Macauley Vineyard,good,,2026-06-22T12:59:34+00:00
7a855f60-b951-4749-be56-dc2302cc3fa9,403,1,1,486,,Just a moment...,broken,,2026-06-22T12:59:34+00:00
0edc33b0-d2c3-4498-a9c7-9be2de14e813,200,0,0,161,,InMotion Hosting,weak,,2026-06-22T12:59:34+00:00
40d891de-422a-439d-b875-03a696e436f0,403,0,0,181,,,broken,,2026-06-22T12:59:34+00:00
78f34945-9704-4a5a-bc45-fa69fa9fd07d,200,1,1,288,Squarespace,Roche Sonoma Winery,good,,2026-06-22T12:59:34+00:00
05de64c3-bf67-4e74-ae42-4f7fae902687,200,1,1,490,Wix,Home | Rios Farming Co.,good,,2026-06-22T12:59:34+00:00
56befbe9-e17f-44c5-b5e5-8ebb971656c9,200,0,1,312,,shwc.com&nbsp;-&nbsp;This website is for sale!&nbsp;-&nbsp;shwc Resources and Information.,weak,,2026-06-22T12:59:35+00:00
7deb725a-1d40-4156-ae18-1ebc95e14d65,200,1,1,366,Webflow,"Summers Estate Wines – A family owned winery in Napa Valley, California",good,,2026-06-22T12:59:35+00:00
5b899607-bedb-4ac1-b628-1d8cd6f5a8ad,200,1,1,506,GoDaddy,Spann Vineyards - Subscribe to Our Biweekly Blog,good,,2026-06-22T12:59:35+00:00
c81a61ae-1c20-431e-9d62-efaa3ca8e623,200,0,0,216,,New Home Page for www.vineyardsinn.com,weak,,2026-06-22T12:59:35+00:00
82035704-738f-47e7-8ccc-326d6c8d62cb,200,1,1,1429,WordPress,"Amici Cellars | Wine made by friends, for friends.",good,,2026-06-22T12:59:35+00:00
ea9f70d0-d8d4-438e-a145-bdbddc81c116,200,1,1,762,,Steltzner,good,,2026-06-22T12:59:35+00:00
7a3f09dc-08f3-422d-8665-4a7aae4d4a1f,0,0,0,41,,,broken,connection failed,2026-06-22T12:59:35+00:00
3d6d6a6b-3054-4bb8-865e-765089655371,200,1,1,212,WordPress,Volker Eisele Family Estate &#8211; Napa Valley,good,,2026-06-22T12:59:35+00:00
d3a7c35e-a928-4c57-b2d1-574924a10173,0,0,0,107,,,broken,connection failed,2026-06-22T12:59:35+00:00
75a5226b-59b6-4b7d-b603-81dac6c2b0c9,202,1,0,239,,,weak,,2026-06-22T12:59:35+00:00
fb5dfd84-5a16-4d04-a5da-dba844029a50,200,1,1,358,Squarespace,ARTEFACTcurator,good,,2026-06-22T12:59:35+00:00
3f47953d-4aed-4cee-bc93-22fc1e3c6b78,200,1,1,861,Shopify,A New Kind of Wine Company &ndash; Uproot Wines,good,,2026-06-22T12:59:35+00:00
e08a9326-946c-4bd3-93a3-9e60fa44f40f,200,1,1,2974,WordPress,Home - Farang Wine,good,,2026-06-22T12:59:36+00:00
6859c1a3-7d2b-4234-aa0d-f49d41e6816d,200,1,1,431,Squarespace,Mario and Johns,good,,2026-06-22T12:59:36+00:00
f1483bdf-23dc-44cb-9ce2-9c3dfedab285,200,0,0,97,,,weak,,2026-06-22T12:59:36+00:00
7183ceae-0c24-459a-ac4f-55ccedc6a5ad,200,1,1,845,,"Best American Restaurant in Napa, CA | Fume Bistro &amp; Bar",good,,2026-06-22T12:59:36+00:00
8b503eab-5f99-481f-90c6-bb6ac0310dda,200,0,0,215,,,weak,,2026-06-22T12:59:36+00:00
db05b651-12b1-46b9-8a1f-074c696d4ce5,200,1,1,722,GoDaddy,White Rose Antiques,good,,2026-06-22T12:59:36+00:00
00c1b272-24c2-4600-b0b7-d31efdfe9125,200,1,1,1911,WordPress,Home | Tres Sabores,good,,2026-06-22T12:59:36+00:00
e548116a-533a-4b37-9895-5b0029c9ad82,200,1,1,375,,Home | Windhaven Cottage,good,,2026-06-22T12:59:36+00:00
6fc21608-2752-46b1-923b-b702a53e2740,0,0,0,28,,,broken,connection failed,2026-06-22T12:59:36+00:00
032f48c0-45c8-43b4-9466-834d215b6e08,200,0,1,468,,Menu | Junction Brewery &amp; Grill,weak,,2026-06-22T12:59:37+00:00
3b087ed9-7e94-494c-8446-7d9c26a06fc1,404,0,1,423,,404 - Page Not Found,broken,,2026-06-22T12:59:37+00:00
f08d76b1-bf5d-4e17-add3-6f338a0c0a80,200,1,1,761,WordPress,"The Drapery Source - Custom Design Serving Solano, Napa, Contra Costa",good,,2026-06-22T12:59:37+00:00
d24d54bd-fafb-4b16-bb62-9e232fd9d8be,200,0,1,305,WordPress,Home Mpa Construction Napa - MPA constructions Napa Valley,weak,,2026-06-22T12:59:37+00:00
aa003d40-c53a-44d1-bf63-343af28baaaa,200,1,1,293,,"Duarte Concrete | Residential &amp; Commercial Concrete Contractor – Sonoma, Marin &amp; Mendocino Counties",good,,2026-06-22T12:59:37+00:00
f1b47d12-7aed-4de6-b0c2-c3332978abb3,0,0,0,115,,,broken,connection failed,2026-06-22T12:59:37+00:00
a5db1a14-46ea-4784-a656-6a3f96458a24,200,1,1,1221,WordPress,Galp&atilde;o Gaucho - Brazilian Steakhouse - Galpao Gaucho,good,,2026-06-22T12:59:37+00:00
7a8c7566-3f38-4250-b1e9-902de378a013,0,0,0,15044,,,broken,connection failed,2026-06-22T12:59:37+00:00
9ac3a38d-50f2-4dfe-8400-dae86c3aae8d,200,0,0,527,,Five Star Construction. - HOME,weak,,2026-06-22T12:59:37+00:00
cb2e4bad-d475-4e9e-9f5a-c31110c59350,404,1,1,534,,404 Page Not Found,broken,,2026-06-22T12:59:37+00:00
9ab755ab-3bf5-4917-8c93-c6d4989cd6af,0,0,0,109,,,broken,connection failed,2026-06-22T12:59:38+00:00
0a7e186a-ea0f-4d86-804c-cb550b05fe1a,200,0,1,1320,Shopify,Perle Sonoma,weak,,2026-06-22T12:59:38+00:00
2d9791f5-09cb-4873-96e5-9fe23bb06c56,200,0,0,155,,,weak,,2026-06-22T12:59:38+00:00
2f9edbec-d268-4b8d-abab-52cae73937ad,200,1,1,447,,Napa & Sonoma Valley Wedding Florist: La Flora Designs,good,,2026-06-22T12:59:38+00:00
6bedc0f7-adea-41a8-bf18-c8c8131ea5cc,0,0,0,15333,,,broken,connection failed,2026-06-22T12:59:38+00:00
7e16cf99-3c61-451e-b424-3db80ccca5e9,200,1,1,812,WordPress,"Clover Sonoma | Quality Dairy Products | Sonoma County, CA",good,,2026-06-22T12:59:38+00:00
1b8c7922-045b-4275-8a38-510cd69e7499,200,1,1,1418,,"Coworking, Offices, and Meeting Rooms at 222 Schilling Circle (21031) | Spaces",good,,2026-06-22T12:59:39+00:00
a179c23c-6dd0-44dc-96fe-0a7f56c0191d,200,0,1,1155,,Finnish American Home Association,weak,,2026-06-22T12:59:39+00:00
a92a09e5-6416-4a0f-8326-a7e7f2c4945d,200,1,0,452,Shopify,Home,weak,,2026-06-22T12:59:39+00:00
274006c4-426e-4246-bc13-c6068cdc32b7,200,1,1,143,WordPress,CrossFit | CrossFit: The Path to Better Health | CrossFit,good,,2026-06-22T12:59:39+00:00
0d1e7a44-0d45-4e8a-985f-718c674efd56,0,0,0,19,,,broken,connection failed,2026-06-22T12:59:39+00:00
a39ff97f-a44a-4a19-9441-e06ac73255c1,200,1,1,1313,Joomla,Wedding Venue in Napa | Napa Valley Wedding Packages | Banquet Hall | Event Space,good,,2026-06-22T12:59:39+00:00
fee03cb1-07a6-4740-9576-831561040ac5,200,1,1,907,,UNIKBET: Situs Slot Online Gacor Deposit Dana Resmi Mudah Menang,good,,2026-06-22T12:59:39+00:00
47c6abbc-453d-4d61-ad15-64b4773f0d72,200,1,1,482,,"Children's Athletics Center | Pacific Edge Sports Academy | Fairfield, CA",good,,2026-06-22T12:59:39+00:00
241a131c-33a5-40db-9fc0-c5327a44f08a,200,1,1,594,Shopify,Sign of The Bear Kitchenware + Home Essentials for Cooks + Hosts &ndash; Sign of the Bear Kitchenware,good,,2026-06-22T12:59:39+00:00
8882365a-1ebe-4f7e-b2c0-5594caab0ecf,0,0,0,114,,,broken,connection failed,2026-06-22T12:59:39+00:00
e25f8a35-515f-463e-b64d-7ebc808e35db,200,1,1,1275,WordPress,Home &#8211; Sonoma Gymnastics Academy,good,,2026-06-22T12:59:40+00:00
ac5b3793-2966-47e1-a1d3-471ad0764b1d,200,1,1,1416,,kaiyun&#x5B98;&#x65B9;&#x7F51;&#x7AD9;&#x7F51;&#x5740;-&#x4E2D;&#x56FD;&#x5B98;&#x65B9;&#x7F51;&#x7AD9;,good,,2026-06-22T12:59:40+00:00
16ff130d-1072-4ffd-8fe4-4b95e76beb7e,200,1,1,1560,Wix,Jamey Farley Petaluma Hair Stylist,good,,2026-06-22T12:59:40+00:00
11c3bb5b-50d3-4c26-8f64-00c110bea531,200,1,1,1191,Shopify,Sonoma Superfoods,good,,2026-06-22T12:59:40+00:00
8bec00eb-7118-4bd2-8c9c-5fc864315e00,200,1,1,279,GoDaddy,Small But Mighty Gardens,good,,2026-06-22T12:59:41+00:00
366e584f-06cc-4a9c-8d58-58747da90df4,200,0,1,656,WordPress,West End Napa,weak,,2026-06-22T12:59:41+00:00
34a60d26-885c-4aee-a3f3-894ec9708bc5,200,0,1,3613,WordPress,"North Bay Dermatology | Dermatologists in Petaluma, CA",weak,,2026-06-22T12:59:41+00:00
b40cc14e-a018-4e4c-afde-10d4e721dd27,200,1,1,593,,Donate to make a difference,good,,2026-06-22T12:59:41+00:00
8b87f3bc-89a7-4843-b8da-8baf0387ed81,0,0,0,10020,,,broken,connection failed,2026-06-22T12:59:41+00:00
22bf781b-60f1-44df-8818-b59cfd99e892,200,1,1,296,Squarespace,Spiritual Retreat | Spiritual Healing Retreat | California,good,,2026-06-22T12:59:41+00:00
2436655b-55ce-4bc6-9816-d09ed85b165a,0,0,0,114,,,broken,connection failed,2026-06-22T12:59:42+00:00
e0fd3d40-c824-4d49-a8d8-277afcc4ef9a,200,1,1,2784,WordPress,US Air Conditioning Distributors California Arizona Nevada Idaho Utah,good,,2026-06-22T12:59:42+00:00
99047896-2a13-47c0-8d96-342d98d8a8d9,403,1,1,872,,Just a moment...,broken,,2026-06-22T12:59:42+00:00
1ef60c4e-d646-40cf-8ff6-47b44c8a88cf,200,1,1,214,,"Napa, Downtown Napa, & Napa Valley Real Estate | Joe Brasil",good,,2026-06-22T12:59:43+00:00
3e74d297-1caa-42b8-8fce-21f77b7f0fe4,200,1,1,3654,Wix,Shop MoonEssence | Premium Natural Skincare &amp; Artisan Whey Soaps | Eco-Friendly Solutions,good,,2026-06-22T12:59:43+00:00
47d276ec-21a6-4b22-a047-c14bc642a366,200,1,0,3189,WordPress,"Landscape Designer| Garden, Sustainable, Permaculture, Sculptural S BIAGGI sculptural landscapes",weak,,2026-06-22T12:59:43+00:00
bae3b6ac-68d3-4c66-bf6b-52cac8097bb1,404,1,1,616,Squarespace,Triple S Ranch,broken,,2026-06-22T12:59:43+00:00
bab57adb-bffa-4120-a2fd-c72e82c01de9,200,0,0,835,,milktea.com | index,weak,,2026-06-22T12:59:43+00:00
81fbcffc-1a1e-47b9-9e4e-9f0ffbbca6be,200,1,1,237,,Curry Spa Consulting Design Planning Project Management Consultant,good,,2026-06-22T12:59:44+00:00
1e586b52-381b-4664-a8a5-4ee7d1f92d7f,200,1,1,1648,Wix,Roca Plumbing | Water heater repair San Rafael,good,,2026-06-22T12:59:44+00:00
418ebd8d-224b-4523-acb3-8fcc3e818d4f,200,1,1,209,,"Oil Change, Tires, Service &amp; Repair | Quick Lane® Tire &amp; Auto Center",good,,2026-06-22T12:59:44+00:00
d9b0cef1-bf05-4859-8926-6a88983e34d2,404,1,1,393,Squarespace,Not Found,broken,,2026-06-22T12:59:44+00:00
5d24b9cc-56f7-49e8-a255-3595ea9a1334,200,1,1,493,Webflow,"Explore Typeform | Create your own surveys, quizzes, forms",good,,2026-06-22T12:59:44+00:00
b961c19c-fce4-46f2-b980-4509870d0d8e,200,0,1,254,,Chardonnay and Pinot Noir from Napa Valley | El Molino Winery,weak,,2026-06-22T12:59:44+00:00
7105e39e-6d86-4d50-9569-0f39e884419c,0,0,0,40,,,broken,connection failed,2026-06-22T12:59:44+00:00
7aaed602-f1a4-4c63-b928-b6b9e59da770,200,1,1,299,WordPress,Heitz Cellar | Historic Family-Owned Napa Valley Winery,good,,2026-06-22T12:59:44+00:00
07d385f4-8686-430c-b574-db2da464cb96,200,0,1,3359,WordPress,"Awaken Massage Spa &raquo; Best Massage Day Spa Napa Valley, CA",weak,,2026-06-22T12:59:44+00:00
d8fa51a4-c74e-4911-b75a-7bfc32af707f,200,1,1,384,Squarespace,Petal Town Flowers ~ Wine Country Weddings ~ Sonoma Florist,good,,2026-06-22T12:59:44+00:00
c6a449e1-06b2-4ada-8855-d1e61f99b0ce,200,1,1,650,,"Yountville, CA | Official Website",good,,2026-06-22T12:59:44+00:00
4cd7469c-0d6a-401a-a9d2-b18ea600fc8a,200,1,1,162,WordPress,Home - B. Wise Vineyards,good,,2026-06-22T12:59:44+00:00
e74f9905-0c7c-46ac-9cf1-502fbc7b0a76,0,0,0,108,,,broken,connection failed,2026-06-22T12:59:44+00:00
3f44a802-d82c-4c1d-9984-eb8572a66abc,200,0,1,328,,bonneaufuels.com&nbsp;-&nbsp;bonneaufuels Resources and Information.,weak,,2026-06-22T12:59:44+00:00
83281460-c23c-4891-ab7a-9560c2b74ec3,200,1,1,269,WordPress,Caymus Vineyards,good,,2026-06-22T12:59:45+00:00
39e7269d-ae2f-4802-ab02-302d8658c465,200,1,1,533,,Napa Valley Wine & Cigar,good,,2026-06-22T12:59:45+00:00
ac2e1c2e-b3e5-4225-b4ac-9014c99ec884,200,1,1,533,,ADAMVS - ADAMVS,good,,2026-06-22T12:59:45+00:00
1bf3cf30-006f-4e94-a85f-c220ce1352fc,200,1,1,4132,WordPress,DeLeon Judo Club,weak,,2026-06-22T12:59:45+00:00
5630db31-589a-4cc6-9024-7dee65289636,0,0,0,10014,,,broken,connection failed,2026-06-22T12:59:45+00:00
f909fa1b-e70c-4438-adca-791325284a42,202,0,0,186,,,weak,,2026-06-22T12:59:45+00:00
683ac14e-d3f2-4671-a6f2-e8018dc20468,200,1,1,657,,VGS Chateau Potelle | Napa Valley Winery &amp; Single‑Vineyard Wines - VGS Chateau Potelle,good,,2026-06-22T12:59:45+00:00
d5e8c806-6edd-4eeb-b8c0-06dfa16d0a15,200,1,1,487,Squarespace,Free Flow Wines – Saving the World One Keg at a Time,good,,2026-06-22T12:59:45+00:00
07900753-7312-4e2b-be7f-db2c563b86a8,202,1,0,387,,,weak,,2026-06-22T12:59:45+00:00
8167bd2d-09a8-43ba-929b-c596600ca9cc,200,1,1,625,Webflow,Fisher Vineyards,good,,2026-06-22T12:59:45+00:00
784e7a10-ac35-4916-9baf-35cc16289850,200,1,1,466,,The Napa Valley Reserve,good,,2026-06-22T12:59:45+00:00
874c2265-483e-45fb-942f-2e9cc18b8094,403,1,1,148,,Just a moment...,broken,,2026-06-22T12:59:45+00:00
cc57a20a-a444-40a7-bbee-d11718065088,200,1,1,455,,Napa Valley Vintners - Authority on the Napa wine region,good,,2026-06-22T12:59:45+00:00
111c6ce1-6c56-45e4-ac4c-1d92d909f68a,0,0,0,10012,,,broken,connection failed,2026-06-22T12:59:45+00:00
bcd873b6-eeee-4224-be3e-a1af3a7539b1,200,1,1,387,Squarespace,Perchance Estates,good,,2026-06-22T12:59:45+00:00
917bce03-0565-48f7-9555-2abfae61a954,200,1,1,374,GoDaddy,Plough Family Vineyards,good,,2026-06-22T12:59:45+00:00
568a5135-18d1-4157-a864-b98a577f30dc,200,1,1,101,WordPress,Home Page - Saint Helena Winery,good,,2026-06-22T12:59:46+00:00
c300eab1-0103-4d8a-b2ec-29db4ed5b2ff,200,0,0,364,,Release Winery,weak,,2026-06-22T12:59:46+00:00
4265fa46-2dd5-4e82-ab55-5eb9120ccd93,0,0,0,4183,,,broken,connection failed,2026-06-22T12:59:46+00:00
3a4d4b11-08be-4152-847d-883ef6ab52ac,200,1,1,316,WordPress,Home - Spence Vineyards,good,,2026-06-22T12:59:46+00:00
f1cbabf1-293b-4361-b1d5-c77a56f1e84b,0,0,0,123,,,broken,connection failed,2026-06-22T12:59:46+00:00
38a5a021-198b-4d3b-be98-1a157c762b5f,0,0,0,42,,,broken,connection failed,2026-06-22T12:59:46+00:00
7ee34b0d-3855-4ef9-bb80-1d7dfd4b766c,200,0,0,1253,,,weak,,2026-06-22T12:59:46+00:00
5200731c-733a-45eb-b870-73692f17020e,200,1,1,713,WordPress,Lloyd Cellars,good,,2026-06-22T12:59:46+00:00
24628a26-2622-4e32-b9a3-0526e342003f,200,0,0,323,,AfterLogic WebMail Pro,weak,,2026-06-22T12:59:46+00:00
6b539d7d-ec8a-4fcf-bac6-49973220cb97,200,1,1,162,WordPress,Private Site,good,,2026-06-22T12:59:46+00:00
98cb791e-db92-4d55-8ea9-400452568516,200,0,0,179,,Hurd Beeswax Candles,weak,,2026-06-22T12:59:46+00:00
36d0bfc7-0f55-432a-bf85-eeb4aa123406,200,1,1,205,Squarespace,Regiis Ova Caviar | Shop Premium Caviar Online | Regiis Ova by Chef Thomas Keller,good,,2026-06-22T12:59:46+00:00
beeb2eee-4f65-41bc-92d3-b0ecf35fa9ab,200,1,1,275,Weebly,Breal - Home,good,,2026-06-22T12:59:46+00:00
f55f470e-fa05-425a-a774-f4c94cc2acf8,200,1,1,567,Squarespace,"Best Yoga Retreats 2025 | Luxury Retreats | USA, Mexico, Greece, Italy, Portugal, Switzerland, Bhutan Wine Country Yoga Retreats",good,,2026-06-22T12:59:46+00:00
9debedb0-31f6-41cf-bf0f-fbf5bc03c05f,200,1,1,1207,,"Home, Pride Mountain Vineyards",good,,2026-06-22T12:59:46+00:00
18871e12-35f3-46dc-aabd-92297e17ab06,200,1,1,495,Shopify,DirtFood | Alkalize Any Cup Of Coffee &amp; Heal Your Gut,good,,2026-06-22T12:59:46+00:00
106c1cda-a97c-470d-afa4-3ac2689729f1,200,1,1,387,,Schedule your pet,good,,2026-06-22T12:59:46+00:00
585c6c66-9a87-405a-b77b-41368dfde150,200,1,1,893,WordPress,Vezer Family Vineyards | Vezer,good,,2026-06-22T12:59:46+00:00
c2332774-39b2-4b99-b0eb-d2fe47dfa0fd,200,1,1,1697,WordPress,"Winery, Wine Country, Vineyards &amp; Cave Tours, Wine Tasting Sonoma CA - Nicholson Ranch LLC",good,,2026-06-22T12:59:47+00:00
0d66b06a-0ab4-4c78-ab98-4493b58c59e2,0,0,0,15047,,,broken,connection failed,2026-06-22T12:59:47+00:00
a5c25e6a-0143-459b-8ff8-4f2779916b96,200,0,1,378,,sonoma-autowerks.com&nbsp;-&nbsp;This website is for sale!&nbsp;-&nbsp;sonoma autowerks Resources and Information.,weak,,2026-06-22T12:59:47+00:00
951c7252-57e8-4637-ae9b-a8422436420e,200,1,1,521,,Cache Creek Casino Resort | Northern California Casino & Hotel,good,,2026-06-22T12:59:47+00:00
d6757c20-edf2-4686-9f52-4b1477613d11,200,1,1,557,,Robert Pursell | Your Napa Real Estate Expert,good,,2026-06-22T12:59:47+00:00
e93cf340-ff99-48ce-abad-76450553b97b,200,1,1,588,Wix,"Home | Premium Wines | 1467 Cellars | Napa Valley, CA, USA",good,,2026-06-22T12:59:47+00:00
1dd3f4e6-0eba-42d3-a345-608097f49840,404,1,0,168,,Error 404 (Not Found)!!1,broken,,2026-06-22T12:59:47+00:00
2d7480eb-40b9-4e12-9e4a-c37a44d34369,200,1,1,607,Weebly,Home | YaYa,good,,2026-06-22T12:59:47+00:00
887abbaa-45a6-4e4f-bac0-76db6761e3f1,404,1,1,362,Wix,,broken,,2026-06-22T12:59:47+00:00
94119479-3bea-4d15-9845-574d0e3d627e,200,1,1,282,,Photography &amp; Videography | Memoria Studios | Solano Co.,good,,2026-06-22T12:59:47+00:00
8f10c757-30d9-4248-b7c9-db1b49ae98d7,403,1,0,217,,403 Forbidden,broken,,2026-06-22T12:59:47+00:00
f53af902-6cfb-4320-af8e-36fdf8a2e24b,200,1,1,494,Squarespace,Oak Design &amp; Build | Begin Your Home Transformation Today,good,,2026-06-22T12:59:47+00:00
b779fa47-23b5-4a24-879d-8b3cd69924d8,200,1,1,1912,WordPress,Secret Door Winery &#8211; Exclusively Cabernet Sauvignon Winery in Napa Valley California by Donald Patz Wine Group,good,,2026-06-22T12:59:47+00:00
07d87e6a-3dad-4753-841b-ade06f7be20b,200,1,1,513,Squarespace,Events By Tyler,good,,2026-06-22T12:59:48+00:00
e65798c7-6674-4ca8-836d-110c2f0293df,200,1,1,365,GoDaddy,Mondragon Irrigation Supplies,good,,2026-06-22T12:59:48+00:00
213a3930-548b-4a9e-8110-154deba68ac4,200,1,1,384,Wix,Prestige Landscaping | Lawn Care | Commercial &amp; Residential,good,,2026-06-22T12:59:48+00:00
e851237c-afe5-449f-a13e-e33178fbccc1,200,0,0,677,,Domain Suspended,weak,,2026-06-22T12:59:48+00:00
3566e8df-c4bd-48de-b244-856a4061b467,0,0,0,105,,,broken,connection failed,2026-06-22T12:59:48+00:00
cc5b9eb0-76e6-46d5-8268-276d57f41dd8,200,0,1,959,WordPress,OG Electric &#8211; Free Estimates (510) 778-3344,weak,,2026-06-22T12:59:48+00:00
f2e4ce0b-24c0-40c6-9451-b695d9607fcc,200,1,1,511,,oh splendid day,good,,2026-06-22T12:59:48+00:00
98ec3a40-67af-4d6f-a4d0-697924651929,200,1,1,1416,Shopify,Love Park Pretzels,good,,2026-06-22T12:59:48+00:00
bb88b324-e5dc-44c9-aad8-6c142ebd5e95,200,1,1,579,,Wine Jobs,good,,2026-06-22T12:59:48+00:00
82ffce26-0f6f-44dc-aab9-f945365f8fc1,200,0,1,389,WordPress,"archetype. &#8211; archetype. st,.helena napa valley ca",weak,,2026-06-22T12:59:48+00:00
668f64e0-fc2d-42fd-b403-ee79224ab0be,404,1,1,426,,Page not found,broken,,2026-06-22T12:59:48+00:00
045abee0-97bb-40b2-84ef-0eea53d004f5,200,1,1,648,,Yoga con Har Anand | Har Anand Kundalini Yoga,good,,2026-06-22T12:59:48+00:00
bfe2fe1e-5cf4-470f-975d-1004d7e62c7e,200,0,0,188,,,weak,,2026-06-22T12:59:48+00:00
93174bf5-4b6a-4ec4-9acb-61ff8a01e444,404,0,0,272,,,broken,,2026-06-22T12:59:48+00:00
1af35ecf-d260-4b56-937e-b0f85ce3a739,0,0,0,110,,,broken,connection failed,2026-06-22T12:59:48+00:00
840eecc0-aea2-4f44-a7a4-2d640e72749d,200,1,1,577,,Auberge du Soleil Resort in Napa Valley | Auberge Collection,good,,2026-06-22T12:59:48+00:00
a2f4863f-b9de-4ad7-b59a-3e667bb2b3b0,200,1,1,239,Squarespace,About | Experience Local Flavors &mdash; Reserve Now &mdash; Charlie&#39;s,good,,2026-06-22T12:59:48+00:00
83b06818-7a06-417e-a2d7-be292590dabe,200,1,1,255,Squarespace,Hallie&#39;s Diner,good,,2026-06-22T12:59:49+00:00
8d957858-fe28-4099-8df7-f431726600b6,200,1,1,330,Squarespace,The Q Restaurant &amp; Bar | Casual Dining in Napa Valley,good,,2026-06-22T12:59:49+00:00
bc3b4a0b-61f9-41f8-95ee-a309a53b56eb,200,1,1,1012,,"The Mill at Glen Ellen - Glen Ellen, CA",good,,2026-06-22T12:59:49+00:00
2a46afbf-658f-44ea-9d51-6ec0fe72785b,0,0,0,29,,,broken,connection failed,2026-06-22T12:59:50+00:00
c7302ca6-9830-4eb5-a901-924045dcf2c7,200,1,1,1182,Wix,Reconnect Your Domain | Wix.com,good,,2026-06-22T12:59:50+00:00
cb497ad8-093b-4e0c-8cdf-5bceb45824f4,200,1,1,151,Webflow,"Middletown Antiques, Antique Store, 24524 Bradford Rd",good,,2026-06-22T12:59:50+00:00
b0bfa72a-fdda-422f-a976-4239b1bd24ec,0,0,0,37,,,broken,connection failed,2026-06-22T12:59:50+00:00
48476049-a67f-4312-9566-644f6bfe241a,0,0,0,110,,,broken,connection failed,2026-06-22T12:59:50+00:00
c02cc9f5-e74c-4db7-8c03-fc96fadf79bc,200,1,1,1664,WordPress,"Steak, Seafood &amp; American Classics at Manzanita Restaurant",good,,2026-06-22T12:59:50+00:00
409d8ed0-3310-4887-b444-c331bf81b039,200,1,1,641,Shopify,Chateau Sonoma,good,,2026-06-22T12:59:50+00:00
615f76e3-568d-4197-a45e-446c9ff0a352,200,1,1,374,WordPress,"Form Studio | Architects Napa CA, Commercial &amp; Residential",good,,2026-06-22T12:59:50+00:00
cb55e40a-4813-44a5-a580-df830116d18c,0,0,0,43,,,broken,connection failed,2026-06-22T12:59:50+00:00
0584a52b-f7eb-4496-b7b8-48c37b69448c,200,1,1,1678,WordPress,10Cric Live Casino Review – India’s Best Live Betting Site 🎲🏆,good,,2026-06-22T12:59:51+00:00
68c8ae3f-77ac-40ab-9d47-691b1e666155,200,1,1,2923,GoDaddy,"Accounting CFO In Sonoma County, Accounting Services In St. Helena",good,,2026-06-22T12:59:51+00:00
1bc0955c-5b8c-432b-a506-6980f7409ee4,0,0,0,36,,,broken,connection failed,2026-06-22T12:59:51+00:00
73b7ed9b-ea7f-4520-97b4-512ae0ae7105,0,0,0,113,,,broken,connection failed,2026-06-22T12:59:51+00:00
3fde7083-ed07-4c00-b83c-d450a86c80cc,422,1,0,4621,,,broken,,2026-06-22T12:59:51+00:00
0f3748bc-7d96-488f-9a21-780b6f823384,200,1,1,3409,WordPress,Vintage Wine Shop | Wine Merchants | Star Wine Cellars,good,,2026-06-22T12:59:51+00:00
d70e9a1a-dc38-46bf-ad5f-70736733e5bd,0,0,0,109,,,broken,connection failed,2026-06-22T12:59:51+00:00
e46aa209-7794-450e-92bb-23c1345379fa,200,1,1,207,,Pick-n-Pull,good,,2026-06-22T12:59:51+00:00
11c7f4f2-cdae-4d07-a3de-8356786de420,200,1,1,745,Wix,Architecture Design | Kroeger | Janev Architects,good,,2026-06-22T12:59:51+00:00
b6820b72-2500-42f7-a3b1-4f11adade497,200,1,1,200,,Canon Creek Services,good,,2026-06-22T12:59:51+00:00
72271304-27ea-4fd1-9e09-636b9c893280,404,0,1,188,,The page you were looking for doesn’t exist (404 Not found),broken,,2026-06-22T12:59:51+00:00
02b93f9b-e7fb-4fba-b4a2-5b12c15c3f7f,0,0,0,110,,,broken,connection failed,2026-06-22T12:59:51+00:00
f515eee1-1a22-46cc-ba5d-3742a39356b2,403,1,1,252,,Just a moment...,broken,,2026-06-22T12:59:51+00:00
f0a3446d-aae6-4318-9d3b-01609c7d8a11,200,1,0,533,,"Auto Repair & Tire Shop in Napa, CA | Hilario's Wheels & Tires",weak,,2026-06-22T12:59:51+00:00
a7cf5a9a-6347-4fbe-9645-e199027abacc,0,0,0,103,,,broken,connection failed,2026-06-22T12:59:51+00:00
9bdc6d5a-47c7-429f-b7d7-a6bd33656403,200,0,0,101,,Redirecting...,weak,,2026-06-22T12:59:52+00:00
bf5cf487-5175-4b2b-bcae-a613a95b817a,200,0,0,840,,"Auto Repair Shop in Napa, CA | Chuck's Auto Repair",weak,,2026-06-22T12:59:52+00:00
11a7fb12-2b35-4a1a-8c40-ef8b634c8500,200,1,1,3273,WordPress,10อันดับ เว็บพนัน ยอดนิยม มาแรง เติมผ่านวอเลท ไม่มีขั้นต่ำ,good,,2026-06-22T12:59:52+00:00
8adee3aa-4115-4bce-9409-245dfdb62ebb,200,1,1,158,Webflow,"Lucy&amp;#39;s Bakery, Bakery, 2414 Jefferson St",good,,2026-06-22T12:59:52+00:00
80759490-a508-4d9c-9c2c-9d80ae5cfbdf,200,1,1,825,,NAPA Auto Care for Service &amp; Repair | NAPA Auto Parts,good,,2026-06-22T12:59:52+00:00
e00cc8cc-1b0b-45de-8314-53df34473b70,200,1,1,372,Squarespace,Les Pascals,good,,2026-06-22T12:59:52+00:00
816f2446-5acf-4571-b04b-1a6c73675969,404,0,0,269,,,broken,,2026-06-22T12:59:52+00:00
769367e3-93a7-48a8-8bf3-a32a0852b8fa,200,1,1,194,,"The Fink | Bar in Napa, CA",good,,2026-06-22T12:59:52+00:00
5debc873-a7dd-43d0-a005-eb3c35f35f0d,200,1,1,306,GoDaddy,AnasCantina.com is for sale | HugeDomains,good,,2026-06-22T12:59:52+00:00
9575e87b-08c2-4df0-858f-e09d61751770,200,1,1,1417,,Protective Asset Protection | F&I Solutions from Protective Life,good,,2026-06-22T12:59:52+00:00
1b21e9df-a6cc-4fba-8e2a-c7c0c92e3e49,200,1,1,465,,Demo Slot Mahjong Ways 2 Gampang Maxwin Gacor Hari Ini,good,,2026-06-22T12:59:52+00:00
b9827003-32f7-4aa4-8a7a-b4b70cc4b0df,200,1,1,253,GoDaddy,"LOCAL Q 707 - Barbeque, Restaurant, Menu",good,,2026-06-22T12:59:52+00:00
ddca936c-2b12-4c2e-83f9-ba058ad77a43,202,1,0,397,,,weak,,2026-06-22T12:59:52+00:00
debe6e20-d2ea-4af5-a709-cff3b294fe14,200,1,1,439,,Country selector,good,,2026-06-22T12:59:52+00:00
19f1964e-cb74-43a9-8617-1e65d9f14ac1,200,1,0,234,,"Hairworks Company Profile -Sales, Contacts, Competitors &#x2013; Buzzfile",weak,,2026-06-22T12:59:53+00:00
7462ecb1-7ace-4e5d-9ff3-7ccafc81383e,200,1,1,823,,Restaurants &amp; Bars in Sonoma - Fairmont Sonoma Mission Inn &amp; Spa,good,,2026-06-22T12:59:53+00:00
83dbf670-bec9-4f21-9131-2e8ba365d305,200,1,1,265,Wix,Home | Moonlight BarberShop,good,,2026-06-22T12:59:53+00:00
c11a963a-beaa-4d72-8988-c4b41787cbfe,200,1,0,569,GoDaddy,Home,weak,,2026-06-22T12:59:53+00:00
d1a1babd-8750-460b-be63-361761585d59,200,0,0,251,,,weak,,2026-06-22T12:59:53+00:00
17169f38-eeba-42c3-b257-56b88dacac29,404,1,1,199,,Page Not Found,broken,,2026-06-22T12:59:53+00:00
a3efd2e8-c7a5-4d5a-9039-f9bdc7258a07,200,1,1,450,Wix,Barber | Olde Town Barbershop | Napa Ca,good,,2026-06-22T12:59:53+00:00
afb1417e-de6b-4d80-8dcd-c6ffd31a8018,0,0,0,138,,,broken,connection failed,2026-06-22T12:59:53+00:00
b7d54183-6fb3-45bf-9808-98a03f55defe,200,1,1,398,GoDaddy,The Barbery,good,,2026-06-22T12:59:53+00:00
4532f46a-34fb-480f-bc5e-86e224f63e35,403,1,0,130,,,broken,,2026-06-22T12:59:53+00:00
986ca89b-1464-46f5-927e-7742f88147cd,404,0,0,424,Squarespace,Squarespace - No Such Website,broken,,2026-06-22T12:59:53+00:00
42736a56-4a4c-4511-b9c3-102c0231973e,0,0,0,45,,,broken,connection failed,2026-06-22T12:59:53+00:00
0294148e-293b-40c8-814c-54a756202023,404,0,1,240,WordPress,Page not found - Local.com,broken,,2026-06-22T12:59:53+00:00
a1a6e9c8-93ef-406b-8cf4-f325d2a97491,200,1,1,314,Shopify,"Eyebrow Station at Napa Premium Outlets&#174; - A Shopping Center in Napa, CA - A Simon Property",good,,2026-06-22T12:59:53+00:00
2c311c6f-ede7-40a2-b075-4ef40f8b3de4,200,1,1,352,Squarespace,PISCES Skin &amp; Beauty,good,,2026-06-22T12:59:54+00:00
2b9589ae-7768-4054-8d15-ef6b709800ca,200,1,1,434,GoDaddy,Buy naturalnailsspaamericancanyon.com – Premium Expired .com Domain on GoDaddy | ExpiredDomains.com,good,,2026-06-22T12:59:54+00:00
98613826-e295-4942-9987-9615df1e330d,200,1,0,590,,"Welcome to JD Nail Spa &amp; Salon | Home | A Hair &amp; Nail Salon at Vallejo, California.",weak,,2026-06-22T12:59:54+00:00
38805e3b-74be-4481-9354-d67dd0efa58b,0,0,0,109,,,broken,connection failed,2026-06-22T12:59:54+00:00
92908ad2-9bef-4c62-add9-083c4c5ae9e7,200,1,1,191,Webflow,"Purcelli Salon, Beauty Salon, 821 Coombs St",good,,2026-06-22T12:59:54+00:00
c5d7f0bd-60ca-4045-a45a-b01a631881d6,200,1,1,883,,California Board of Barbering and Cosmetology,good,,2026-06-22T12:59:54+00:00
c6081f2c-5080-427b-b8a5-6db835ae053a,200,1,1,169,Webflow,"Sunset Salon, Beauty Salon, 18989 Sonoma Hwy",good,,2026-06-22T12:59:54+00:00
f53255e3-3d6d-4996-9c60-08b04994a42d,200,1,1,189,Webflow,"The Cutting Edge, Beauty Salon, 1407 Elliott Dr",good,,2026-06-22T12:59:54+00:00
840f6c90-169f-44a9-ba14-79220e6fb53d,200,1,1,1751,,Book A Service with Modern Classics Barber Shop - Petaluma CA | Vagaro,good,,2026-06-22T12:59:54+00:00
7669c7b7-2952-4034-8d6c-ef609e08d96d,200,1,1,355,Squarespace,Shaar Hair Salon,good,,2026-06-22T12:59:54+00:00
6ea3a837-50e8-470a-a7dc-6dacb9c71920,0,0,0,52,,,broken,connection failed,2026-06-22T12:59:54+00:00
024f3d73-1072-48e8-a3ad-cac6b90aa04a,200,1,1,317,,From Schedulicity to Vagaro | Smarter Scheduling &amp; Business Growth,good,,2026-06-22T12:59:54+00:00
e52ee419-3ddb-42f9-aad6-9d50b16d0c8f,200,1,1,712,,From Schedulicity to Vagaro | Smarter Scheduling &amp; Business Growth,good,,2026-06-22T12:59:54+00:00
2816ba56-d2ce-4a72-8f34-4c5c649746a8,200,0,0,266,,Welcome to Relais du Soleil Wine Country Guest Ranch,weak,,2026-06-22T12:59:54+00:00
48d01b13-ccb0-4d44-a68f-d69ef5fae938,404,0,0,146,,404 Not Found,broken,,2026-06-22T12:59:54+00:00
6eec54e2-8676-4642-95cf-ead01f1b474b,0,0,0,52,,,broken,connection failed,2026-06-22T12:59:54+00:00
65fc8cea-045e-4333-aaa2-8b926484f604,200,1,1,4653,WordPress,Luxury Custom - Architectural Firm,weak,,2026-06-22T12:59:55+00:00
8b02ee9c-67c3-4dfe-aa80-f735ed33380e,200,1,1,1575,WordPress,Home &#8211; NV Brows,good,,2026-06-22T12:59:55+00:00
c18e44cb-556b-42e8-8449-b04dba68fb1b,200,1,1,176,Squarespace,"Adobe Creek Brewing - Craft Beer Brewery and Taproom in Novato and Petaluma, CA",good,,2026-06-22T12:59:55+00:00
fc3e0987-65aa-456b-8e1b-0351ed326145,200,1,1,489,,"Go! Retail Group | Toys&quot;R&quot;Us, Calendars.com, Disney Store Limited Time &amp; More",good,,2026-06-22T12:59:55+00:00
3e5d9472-03ef-4bca-a725-6339debd9666,200,1,1,379,Weebly,Dovetail - Home,good,,2026-06-22T12:59:55+00:00
3f793ddc-ce82-49bd-8ced-abdebe9da393,200,0,1,140,Shopify,Bella Snow Soft Ale Great Low Alcohol Beers Brewed to Have a few,weak,,2026-06-22T12:59:55+00:00
967b93a6-8161-4db5-983c-ab857fd0d1e8,404,0,0,253,Squarespace,Squarespace - Domain Not Claimed,broken,,2026-06-22T12:59:55+00:00
9f37934e-3834-48c4-95d0-fbfc445dff61,403,0,0,403,,403 - Forbidden: Access is denied.,broken,,2026-06-22T12:59:55+00:00
30afde57-a9e0-4df3-9c33-9412936d60b3,404,1,1,315,Wix,,broken,,2026-06-22T12:59:55+00:00
0b07755c-e66a-485e-9a61-774b69c38560,200,1,1,14999,,Law Office of Stephen Healy Reviews,weak,,2026-06-22T12:59:55+00:00
a9a85f26-247c-4148-a3fb-625ac71178be,404,0,0,316,Squarespace,Squarespace - Domain Not Claimed,broken,,2026-06-22T12:59:55+00:00
7f855e01-0ec8-4978-aaab-db65f1b4e8e3,404,0,0,325,,,broken,,2026-06-22T12:59:55+00:00
61b9c1b1-c92f-4465-beb3-c37f9b81e9c8,0,0,0,109,,,broken,connection failed,2026-06-22T12:59:56+00:00
a5f2a4d7-faa1-4030-bf35-f3f584ec5d41,200,1,1,1529,WordPress,Best Microblading in SF &amp; Petaluma - iBrow Vixen,good,,2026-06-22T12:59:56+00:00
d192ae30-e3d4-4eab-806a-ffa02b59c43d,200,1,1,1155,Joomla,Home - Petit Soleil Napa | Breakfast and Lunch in South Napa,good,,2026-06-22T12:59:56+00:00
206327a3-e011-446f-a991-cbfa31012023,200,1,1,830,Wix,Home | Mysite,good,,2026-06-22T12:59:56+00:00
bf47f7ab-9312-435b-aaa3-ac737b51ab76,200,1,1,363,Webflow,New Home,good,,2026-06-22T12:59:56+00:00
2dab5e3f-a824-4fe8-a0e3-79780a9bdc68,404,0,0,228,,SITE NOT FOUND,broken,,2026-06-22T12:59:56+00:00
0d673c58-6fe9-49ff-a424-ec1650ecb192,202,0,0,289,,,weak,,2026-06-22T12:59:56+00:00
fe999ca8-e5b3-4549-aa1b-8ddc958981fc,200,1,1,862,Wix,Velvet Brew Coffee Online Store,good,,2026-06-22T12:59:56+00:00
e86344f1-fe65-4c64-a55f-66389bc8be65,404,0,0,99,,Website Unavailable,broken,,2026-06-22T12:59:56+00:00
c3702f7d-dcd6-442b-98c6-b4b0b0ce1010,200,1,1,152,Webflow,"The Canton, Real Estate, 951 LAKEVILLE ST",good,,2026-06-22T12:59:56+00:00
81ef3ab0-0d07-4b8c-bd80-51cb2d1c100c,200,0,0,185,,,weak,,2026-06-22T12:59:56+00:00
ca604002-8d92-4285-90db-c74fe7976ebc,200,0,0,167,,,weak,,2026-06-22T12:59:56+00:00
a00e80ca-98d2-460b-94ea-a431f6c4e9c6,200,1,1,442,,Amy&#039;s Peking Palace,good,,2026-06-22T12:59:56+00:00
323dd942-84c7-47bc-bd5f-7eb7b304e587,410,1,1,866,,"Jefferson Cafe, 3070 Jefferson Street, Napa, CA - Groupon",broken,,2026-06-22T12:59:56+00:00
a4246c10-ce7e-4e95-9773-d5a6b80800cd,200,1,1,864,,"SLOT88RESMI | Layanan Situs Slot Online 24 Jam Hari Ini, Bandar Link Slot88 Terbaru Mudah JP",good,,2026-06-22T12:59:56+00:00
2bafe1d2-874c-4290-ad22-d5278e5b0c18,200,1,1,144,Webflow,"Soo Yuan Restaurant, Restaurant, 1354 Lincoln Ave",good,,2026-06-22T12:59:57+00:00
6d954801-518d-4be3-b04b-81396655165b,200,0,1,317,Weebly,Home,weak,,2026-06-22T12:59:57+00:00
945660b9-6d1e-4db5-a132-3da238f910aa,0,0,0,107,,,broken,connection failed,2026-06-22T12:59:57+00:00
7f60c928-4b30-4715-92ea-cf3dd6318126,200,1,0,460,,SonomasRestaurants.com,weak,,2026-06-22T12:59:57+00:00
4796e437-181d-4c47-b2c5-e71c3402b83a,200,1,1,1248,Weebly,Sam’s General Store | Sonoma & Napa Valley | Coffee & Breakfast | Sam's General Store,good,,2026-06-22T12:59:57+00:00
96d5866b-4e55-4aec-be19-b166db457569,0,0,0,38,,,broken,connection failed,2026-06-22T12:59:57+00:00
cdf87efb-ea5b-4c25-999a-00a019e22431,200,1,1,493,Weebly,Chiropractor Petaluma - Osgood Chiropractic 707-775-2501,good,,2026-06-22T12:59:57+00:00
1f7ecf59-ad05-4364-8768-c2cd750de457,403,0,1,131,,Just a moment...,broken,,2026-06-22T12:59:57+00:00
38ce2cf6-d696-4759-a546-55db34d66a6a,0,0,0,52,,,broken,connection failed,2026-06-22T12:59:57+00:00
48f4220f-1a93-4602-8439-536585d210d4,200,1,1,386,WordPress,Chiropractor in Napa,good,,2026-06-22T12:59:57+00:00
096e40e7-22b1-4e4b-80c3-66848526743d,0,0,0,27,,,broken,connection failed,2026-06-22T12:59:57+00:00
567b271e-1441-439c-a3d2-6514c7b39914,0,0,0,97,,,broken,connection failed,2026-06-22T12:59:57+00:00
69ab7392-0f2f-43fd-adfd-59a6bf496e10,200,1,1,182,,Online Ordering | Clover,good,,2026-06-22T12:59:57+00:00
7dee60d1-90ee-40d9-8e4e-5f0fac2ccc97,0,0,0,1392,,,broken,connection failed,2026-06-22T12:59:58+00:00
ac8ac606-acbb-4549-bdab-9496eaf52ffb,200,1,0,2656,,Redirect...,weak,,2026-06-22T12:59:58+00:00
a5e83c11-51a9-4c6e-acd8-48e62782b8ae,200,1,1,856,Wix,Home | Mysite,good,,2026-06-22T12:59:58+00:00
4c9a2d7b-2c99-4069-9510-a07cc3cbae76,0,0,0,165,,,broken,"ssl: HTTPSConnectionPool(host='nicksroastingco.com', port=443): Max retries exceeded with url: /?y_source",2026-06-22T12:59:58+00:00
4c5f39fa-4571-4ba6-9bc3-7d2630dbeccc,0,0,0,43,,,broken,connection failed,2026-06-22T12:59:58+00:00
966b386b-a6e5-4ed1-8a0e-95bfd6204517,0,0,0,10011,,,broken,connection failed,2026-06-22T12:59:58+00:00
b2f62ef1-4019-4b5f-8f4a-2fbbba446cd7,202,0,0,94,,,weak,,2026-06-22T12:59:58+00:00
2a1461c1-f6e0-4405-8f9c-f45a85ecfa1d,0,0,0,12,,,broken,connection failed,2026-06-22T12:59:58+00:00
a4d0f1a8-9cca-4120-94af-fb7fd3da8860,200,1,1,1975,,Chiropractor in Napa | Giles Chiropractic | $69 New Patient Special,good,,2026-06-22T12:59:59+00:00
08c2280a-73b0-481e-9063-9dd7246ed285,200,1,1,509,Shopify,Brewed | Napa Coffee Shop and Homemade Cookies &ndash; brewed. napa,good,,2026-06-22T12:59:59+00:00
960a6e32-0686-4ad7-ae9d-ab12b2e5175d,200,1,1,492,WordPress,Home - Benchmark Civil Construction,good,,2026-06-22T12:59:59+00:00
aff49b40-6a1f-4bce-84dc-d9d2c1e67f51,200,1,1,821,Shopify,Journey Coffee Co.,good,,2026-06-22T12:59:59+00:00
0470be1a-05fb-4ff2-949f-8cf362da6e5d,200,1,1,542,WordPress,Concrete Contractor | Kapono Meyer Concrete Inc,good,,2026-06-22T12:59:59+00:00
4a3250b3-3b13-42b5-807e-27819b5fa137,503,1,0,30293,,,broken,,2026-06-22T12:59:59+00:00
e1d2d620-4f8f-40ff-ab57-3f7acbf00ea6,200,1,1,353,Webflow,High-Quality Epoxy &amp; Polyaspartic | Rhynopoxy Coatings,good,,2026-06-22T12:59:59+00:00
27b504ae-ec00-4edb-9c56-be6112666418,0,0,0,355,,,broken,"ssl: HTTPSConnectionPool(host='www.simonsaysbuild.net', port=443): Max retries exceeded with url: / (Caus",2026-06-22T12:59:59+00:00
eae3622b-1026-4b6e-808f-3eb243a7f0ba,200,1,1,2129,Wix,Home | Thread &amp; Soul A Curated Collective,good,,2026-06-22T12:59:59+00:00
7cb6d1c6-b650-41d2-9697-65b3be942428,200,0,1,184,,Golden Island Day Spa - Napa,weak,,2026-06-22T12:59:59+00:00
40a00cd0-c609-4bd4-8abe-e87582550c56,200,1,1,201,,Linkin.bio,good,,2026-06-22T12:59:59+00:00
370bd61a-b076-4050-80c7-13ef8802ac4a,0,0,0,111,,,broken,connection failed,2026-06-22T12:59:59+00:00
c9705895-9102-4d34-b73a-5dd53a5244cf,200,1,1,409,,"Custom Home Building &amp; Remodeling | Napa, Lafayette, Orinda, Walnut Creek",good,,2026-06-22T12:59:59+00:00
85808535-b988-4ee8-b347-0c4106d13b01,200,1,1,174,,Websites | | urban-fresh-deli2,good,,2026-06-22T12:59:59+00:00
fcea9a70-e767-44f6-83d1-2f44a05e7930,403,1,1,263,,Just a moment...,broken,,2026-06-22T12:59:59+00:00
f68bb431-2e72-4c1e-bb38-ee8e1cbefa0d,404,1,1,583,,,broken,,2026-06-22T13:00:00+00:00
7bdef943-3a93-4aa7-9fbc-8c8543129ac7,200,1,1,934,,Waugh School District,good,,2026-06-22T13:00:00+00:00
8efb5b7c-f640-485f-9938-915e8a4eda77,200,1,1,465,,"Dentist in Napa CA, Cosmetic Dentistry, Smile Makeover 94558",good,,2026-06-22T13:00:00+00:00
6035df99-995d-4fee-ab5f-59d17a8d8d37,200,1,1,255,GoDaddy,BeltranDentalCare.com is for sale | HugeDomains,good,,2026-06-22T13:00:00+00:00
799b05ef-8291-4a68-b33d-e2af3c5fd768,200,1,1,177,Webflow,"Young Michael D Dds, Dentist, 3150 Beard Rd Ste A",good,,2026-06-22T13:00:00+00:00
b3d75dfa-cccb-40bc-a878-b7f3552f4ae3,200,1,1,502,,"General and Cosmetic Dentist Fairfield, CA Dentist - Lum Dental - General Dentist",good,,2026-06-22T13:00:00+00:00
ccc40b4a-b5ca-4c35-a0b4-10c4a84b487c,200,1,1,165,Webflow,"New Millennium Dentistry, Dentist, 1363 Oliver Rd",good,,2026-06-22T13:00:00+00:00
a1326ebd-2f6f-4f89-bb95-5224fa3914ba,0,0,0,33,,,broken,connection failed,2026-06-22T13:00:00+00:00
b64faf99-67c1-4122-9952-1e5b4c037661,200,1,1,259,,Napa Sonoma Oral Surgery &amp; Dental Implants,good,,2026-06-22T13:00:00+00:00
da8d4afa-81b1-4d66-bf11-2a263a10331a,200,1,1,1052,Weebly,,good,,2026-06-22T13:00:00+00:00
831f7e4b-1078-4bb1-837b-c4ba56f34b06,202,1,0,262,,,weak,,2026-06-22T13:00:00+00:00
aea0da12-3c95-45db-ae0b-61197cc21730,200,1,1,181,Webflow,"The Canton, Real Estate, 951 LAKEVILLE ST",good,,2026-06-22T13:00:00+00:00
fac7f6d2-f6a2-4d5d-8a54-b3274bc3d7dc,200,1,1,336,,"Dentist In Fairfield, CA | Waterview Dental Care",good,,2026-06-22T13:00:00+00:00
d750fb81-f5cd-49ee-9df1-4a9ca75295d5,200,1,1,501,,Find Free Dental Clinics Near You | DentalClinics.org,good,,2026-06-22T13:00:00+00:00
17dca5cd-70a9-46a1-997c-c865bfd359b2,403,0,1,135,,Just a moment...,broken,,2026-06-22T13:00:01+00:00
806f233a-a487-42af-bc9c-d9d0e8aceacf,403,1,1,379,,Just a moment...,broken,,2026-06-22T13:00:01+00:00
d9c0f961-b258-4ba7-838d-2ee0e0c44386,200,1,1,566,,"Home - Dermatologist in Sonoma, CA | Sonoma Dermatology",good,,2026-06-22T13:00:01+00:00
04e64df7-d6f3-427f-8bbe-34135ba8f1cb,200,1,1,370,,"Petaluma News, Breaking News in Petaluma, CA",good,,2026-06-22T13:00:01+00:00
7217b600-9897-4e4c-8f8d-1a2d613dceea,404,1,0,563,Squarespace,Squarespace - Website Expired,broken,,2026-06-22T13:00:01+00:00
5cd08fe5-65f4-41b1-8e57-7f7024f3165a,0,0,0,95,,,broken,connection failed,2026-06-22T13:00:01+00:00
69f0136d-f3ce-46b4-b032-7aeb81718a44,200,1,1,404,Squarespace,Wedding Venues Napa Valley | Triple S Ranch,good,,2026-06-22T13:00:01+00:00
32bc718c-c87d-46e5-994f-e3e119c55039,404,1,1,507,Squarespace,"404 &mdash; UCCR United Camps, Conferences, Retreats",broken,,2026-06-22T13:00:01+00:00
41156982-2a16-4833-8cee-bc311f45db5a,200,1,1,244,,Del Taco - Home,good,,2026-06-22T13:00:01+00:00
aeecd89a-2bc0-4b97-abc2-7e45de18a775,0,0,0,7,,,broken,connection failed,2026-06-22T13:00:01+00:00
2fdf0ef1-3dc6-4d7c-815d-f5ce58350578,404,1,0,400,Squarespace,Squarespace - Website Expired,broken,,2026-06-22T13:00:01+00:00
8693a08f-8d58-4a6e-b830-174adb6e6cde,0,0,0,15089,,,broken,timeout,2026-06-22T13:00:02+00:00
86f4e289-c064-41ee-a8d9-e9d13ffb11b5,200,1,1,412,Squarespace,Intervine Inc.,good,,2026-06-22T13:00:02+00:00
c1d8841c-7dec-4e1a-a051-b050fec7d504,200,1,1,359,Squarespace,Best Food Truck Ever by Heritage Eats,good,,2026-06-22T13:00:02+00:00
5cb1206a-acff-4a42-bcb9-62635fb13b10,200,1,1,368,Squarespace,.,good,,2026-06-22T13:00:02+00:00
8a34495c-97fe-4667-ac4f-152d24b247aa,403,1,1,84,,Access to this page has been denied,broken,,2026-06-22T13:00:02+00:00
f144789a-5568-4ae9-82be-576bfd34052f,200,1,1,965,,Makers Market | American Made + Handcrafted + Handmade Gifts Made in the USA,good,,2026-06-22T13:00:02+00:00
417fb916-426d-4713-9d8c-26af534ce499,403,0,1,123,,System Error | Kirkland's Home,broken,,2026-06-22T13:00:02+00:00
868db979-1a07-4253-b4a7-16a3d1979673,404,1,0,645,Squarespace,Squarespace - Website Expired,broken,,2026-06-22T13:00:02+00:00
96bd3e74-fcc5-4bb2-895c-b5bff2a32184,200,1,1,458,Squarespace,Accompli Home | Napa Valley’s Source for Fine Home Furnishings and Antiques,good,,2026-06-22T13:00:02+00:00
7190b3e0-dfe5-414e-a538-1252c2372f9a,200,1,1,274,Squarespace,Napa CA Dentist | Karl E. Biernath D.D.S. (707) 265 9005 Restorative | Cosmetic,good,,2026-06-22T13:00:02+00:00
4ffcd5a4-b01b-42e7-a281-c5e902c04cf9,200,1,1,171,Webflow,"The Strike Zone, Softball Batting Range, 1205 Grant Ave",good,,2026-06-22T13:00:02+00:00
d4162ed7-874d-491d-b784-e347a83dfbfe,200,1,1,316,Squarespace,Robert R Martin DDS,good,,2026-06-22T13:00:02+00:00
885f6f90-64d5-4897-bba2-3d05fb21cbd5,200,1,1,218,,Best Gyms with Premium Amenities &amp; Personal Training | In-Shape Fitness Gyms &amp; Health Clubs,good,,2026-06-22T13:00:03+00:00
2d6c4640-e330-4ab4-bf61-55b4b9b6ef0a,200,1,1,174,,Best Gyms with Premium Amenities &amp; Personal Training | In-Shape Fitness Gyms &amp; Health Clubs,good,,2026-06-22T13:00:03+00:00
15d8504f-ba35-49de-99e9-a78270d09e35,200,1,1,392,,Gym Memberships and Personal Training | 24 Hour Fitness,good,,2026-06-22T13:00:03+00:00
9ee0ca47-4ca5-482b-9d29-e6f630349ad4,200,1,1,743,,"Dentist in Sonoma, CA, Cosmetic and Family Dentistry 95476",good,,2026-06-22T13:00:03+00:00
e164e2a2-3eb2-45d7-aa59-d049c20ebb7e,200,1,1,347,Wix,"Strictly Fitness | Petaluma, Ca",good,,2026-06-22T13:00:03+00:00
fb7104e9-031c-4204-b15a-100cb0f5a5b9,200,1,1,2406,WordPress,Seven Branches Venue And Inn - Seven Branches Venue And Inn,good,,2026-06-22T13:00:03+00:00
55d68652-2fa9-4f46-bff6-b2c5cd032d76,403,1,0,127,,,broken,,2026-06-22T13:00:03+00:00
29bef3eb-db90-4072-865c-0c85a5807225,200,1,1,180,,Diomys Hair Salon,good,,2026-06-22T13:00:03+00:00
87ceaa63-6998-4d55-a05f-98fb00343727,0,0,0,41,,,broken,connection failed,2026-06-22T13:00:03+00:00
20a88b06-101a-4b99-ab66-dc0c4db8201a,200,1,1,962,Wix,"Saint Fit | 930 Dowdell Lane, St. Helena, CA, USA",good,,2026-06-22T13:00:04+00:00
587902ad-6804-4eb1-b3ba-c0c9c75e903e,404,1,1,796,,404 - Page not found,broken,,2026-06-22T13:00:04+00:00
f8545f55-dfc2-4c3f-a3ae-ebe9f6acc6aa,200,1,1,621,Wix,HOME | CaliberStylingStudio,good,,2026-06-22T13:00:04+00:00
fdefbc77-9754-45f6-9d13-3642908e1836,0,0,0,47,,,broken,connection failed,2026-06-22T13:00:04+00:00
257569d5-8d59-4b1a-8c56-8da58c973b40,0,0,0,115,,,broken,connection failed,2026-06-22T13:00:04+00:00
f20f8eb6-f067-4322-a040-9c4c846fe2f7,200,1,1,154,Webflow,"Ll Hair Designs, Beauty Salon, 5 Keller St Ste B",good,,2026-06-22T13:00:04+00:00
638c9b3e-5bd0-490f-b6cc-e9ddb6dc11e7,0,0,0,39,,,broken,connection failed,2026-06-22T13:00:04+00:00
0c238a62-d612-4560-bbe5-6f37679c2cfa,0,0,0,130,,,broken,connection failed,2026-06-22T13:00:04+00:00
4c893064-75bc-400c-b85a-961394fa645e,202,1,0,115,,,weak,,2026-06-22T13:00:04+00:00
e440a6b5-2a25-4e6e-bc0e-b7514228ee46,200,1,1,5105,,"Petaluma Dentist: Petaluma Orthodontics, Dentist Petaluma, Dentists, Dental Care Group",weak,,2026-06-22T13:00:04+00:00
9ba6e2c8-22ed-48d2-8d4a-ec6c1c384325,200,1,1,484,,"Home Page for Keith Obrien Hair Design, Petaluma, CA",good,,2026-06-22T13:00:04+00:00
9e537103-30bd-46b7-8233-3ba3698d2f92,200,1,1,242,,,good,,2026-06-22T13:00:05+00:00
fc1d5ee2-8bc0-4830-81fb-e1fb30d67c03,0,0,0,48,,,broken,connection failed,2026-06-22T13:00:05+00:00
734e754d-6156-4896-bcd5-ffaa1faf8208,0,0,0,11,,,broken,connection failed,2026-06-22T13:00:05+00:00
ed127fa3-4df0-43c6-8ea2-2bdecc15c36c,0,0,0,39,,,broken,connection failed,2026-06-22T13:00:05+00:00
8ffa8b95-dacf-4e3c-9ea3-3996e55b0e5e,200,1,0,863,,,weak,,2026-06-22T13:00:05+00:00
56f09ff8-28f0-4f27-8507-3cfa5cd9bade,404,0,0,275,,,broken,,2026-06-22T13:00:05+00:00
d826877c-5545-44c9-9449-1fab71b0ccdb,503,1,1,2197,WordPress,"Power Crush Training Center | Napa Valley, CA",broken,,2026-06-22T13:00:05+00:00
2c01970f-5f31-4a2e-a717-f408ac803bd7,200,0,0,181,,,weak,,2026-06-22T13:00:05+00:00
66f38aec-16db-430e-b7e5-ac52b23e6d17,200,0,1,175,Squarespace,Barbara Colvin &amp; Co.,weak,,2026-06-22T13:00:05+00:00
426326c5-c147-48ae-9b99-24b6dca867e0,0,0,0,38,,,broken,connection failed,2026-06-22T13:00:05+00:00
f94ac5b6-428b-4e7b-813c-e99749c3ccfe,200,1,1,317,WordPress,"Pleasure Cove Marina, Lake Berryessa, California&#039;s Napa Valley | Suntex",good,,2026-06-22T13:00:05+00:00
cf7d2ff0-0da3-4cd0-92f6-0fa54bc340ea,200,0,0,114,,Redirecting...,weak,,2026-06-22T13:00:05+00:00
b69171e8-2a64-4c5a-8682-e9269c752f8b,200,1,1,1451,Wix,Home | Salon Coiffe Maman,good,,2026-06-22T13:00:05+00:00
890d6ac8-ca13-487f-a8eb-0ef166d26ee6,200,1,1,350,Wix,Interior Designer | Miretti Design | United States,good,,2026-06-22T13:00:05+00:00
5b780a3f-a1c1-4951-ab9f-38b77d34c6d3,200,1,1,239,Squarespace,Bottega,good,,2026-06-22T13:00:05+00:00
f65e5fcb-92a6-4885-ac0e-234d56d2ba34,403,1,1,88,,Just a moment...,broken,,2026-06-22T13:00:05+00:00
6ca51290-f05e-40c7-aa81-acd10486a9dd,0,0,0,241,,,broken,connection failed,2026-06-22T13:00:06+00:00
8602cca5-9187-44f4-8613-65540828af04,200,1,1,2161,Wix,Home | jenelleantonio.com,good,,2026-06-22T13:00:06+00:00
2853ea1c-4c41-45ce-a023-e67eb7bdd068,200,0,0,275,,Coming Soon page,weak,,2026-06-22T13:00:06+00:00
d06a548f-3662-4675-9383-86e9c16b89ce,0,0,0,38,,,broken,connection failed,2026-06-22T13:00:06+00:00
8d2ffcea-4043-4559-b578-2fb57b0d84b7,200,1,1,73,,"Violetto | Californian Restaurant in St. Helena, CA",good,,2026-06-22T13:00:06+00:00
3cc00f64-a889-408c-9152-1f510cd28f0c,0,0,0,80,,,broken,connection failed,2026-06-22T13:00:06+00:00
c5c77f2e-3cc3-4127-8a74-c22da44d30d8,0,0,0,15144,,,broken,connection failed,2026-06-22T13:00:06+00:00
8276dc7b-edea-4033-ac6f-3029acecdd2d,404,1,1,411,,,broken,,2026-06-22T13:00:06+00:00
16c4941f-4028-4957-b582-ae05540e98dc,0,0,0,54,,,broken,connection failed,2026-06-22T13:00:06+00:00
338cc0a0-b04f-4fbc-a604-8544c6a5350b,200,1,1,132,,,good,,2026-06-22T13:00:06+00:00
d203adc3-8353-4ef3-978a-a3eb1d7572e2,0,0,0,128,,,broken,connection failed,2026-06-22T13:00:06+00:00
0f6ec2d6-2626-43c8-a296-96bb1783a516,200,1,1,366,WordPress,Volpi's | Ristorante &amp; Bar,good,,2026-06-22T13:00:06+00:00
2690708f-81e2-404e-a51e-1420e4c13fcf,200,1,1,339,Shopify,"A &amp; Furst Jewelry Online, Drop Earrings, Cocktail Rings, Necklaces",good,,2026-06-22T13:00:06+00:00
7db90e58-5d73-4a0c-a806-0a2f4f0828fb,202,1,0,104,,,weak,,2026-06-22T13:00:06+00:00
c035664e-41d1-4276-a8f7-342f591e55a9,200,1,1,373,Shopify,Robindira Unsworth Jewelry I Official Website,good,,2026-06-22T13:00:06+00:00
5be3b2c7-9ba6-41d2-903c-0f36b759cea4,404,0,1,168,,404 - Page Not Found,broken,,2026-06-22T13:00:06+00:00
8c38271e-88aa-4cc8-876c-819fc2b8c3a9,0,0,0,8,,,broken,connection failed,2026-06-22T13:00:06+00:00
36c23a0e-7c74-43e7-8ad4-fa5bf88aae45,403,1,0,225,,,broken,,2026-06-22T13:00:06+00:00
708447ca-4cd9-4e63-bd0e-17d32f787fd3,200,1,0,529,,"David T Gracia Law Offices - Providing Competent, Professional, Personal and Honest Legal Services for a Reasonable Fee",weak,,2026-06-22T13:00:07+00:00
5918cc65-8763-4da4-9aab-4117224d3ca7,200,1,1,551,Squarespace,JCMA Kajukenbo,good,,2026-06-22T13:00:07+00:00
1bf9ba59-4991-4e2e-9a33-2748d9e9dab3,200,1,1,363,Wix,"Valley of the Moon Taekwondo | Taekwondo | Sonoma, CA, USA",good,,2026-06-22T13:00:07+00:00
471370d1-d6b1-4b6a-9828-708c86d0c860,404,1,1,1287,,Goope（グーペ）で作成されたページは見つかりませんでした。,broken,,2026-06-22T13:00:07+00:00
2472e1a1-1122-4883-8031-40db57a95ccf,0,0,0,41,,,broken,connection failed,2026-06-22T13:00:07+00:00
79a50bab-b91d-416a-a90c-972d59afa490,200,1,1,170,,"Little Summer | Mediterranean Cuisine in Napa, CA",good,,2026-06-22T13:00:07+00:00
6fabf3db-902f-475a-9d37-486db5d1c4e9,200,1,1,1008,WordPress,Petaluma Karate Club &#8211; Karate for all ages and skills!,good,,2026-06-22T13:00:07+00:00
565b61d2-1a6d-4143-9f9c-6464b8ccedd3,200,1,1,8243,WordPress,Bianchini&#039;s Salad &amp; Sandwiches &#8211; The Sandwich &amp; Salad Market,weak,,2026-06-22T13:00:07+00:00
6c5a1ad8-7549-458d-81d0-be4714c18bad,403,0,0,595,,å¯çè¯·æ±æ¦æªéç¥,broken,,2026-06-22T13:00:07+00:00
62f52032-af99-49e7-8db7-8157d6751b5f,0,0,0,111,,,broken,connection failed,2026-06-22T13:00:07+00:00
24fc3f8d-4900-42f5-a057-7161491a5748,0,0,0,272,,,broken,"ssl: HTTPSConnectionPool(host='www.el-pitayo-mexican-restaurant.top-cafes.com', port=443): Max retries ex",2026-06-22T13:00:08+00:00
4594b086-e4de-45a8-8ac8-e41adff0dcdf,200,1,1,2568,WordPress,Best Italian Restaurant in Calistoga,good,,2026-06-22T13:00:08+00:00
e88c06e8-59f8-4b2c-8986-734def46314e,200,1,1,479,,El Rancho Grande – Must-Visit Mexican Restaurant in Napa,good,,2026-06-22T13:00:08+00:00
923a317e-8386-4e86-b12e-a038367c9595,403,1,1,173,,Just a moment...,broken,,2026-06-22T13:00:08+00:00
39716d01-c486-4e16-aca5-2e043c6cec51,403,0,1,167,,Just a moment...,broken,,2026-06-22T13:00:08+00:00
2ff059e7-2ee3-4b67-85d9-cad72b117879,200,1,1,1053,,"Best Massage Napa, Massage Napa, Couples Massage Napa",good,,2026-06-22T13:00:08+00:00
b689e386-6985-467b-996a-fd27c99b5e3c,200,1,1,583,,"Couples PaintnSip at Gourmet Taco Shop Tickets, Saturday, February 7 • 5 PM - 8 PM | Eventbrite",good,,2026-06-22T13:00:08+00:00
c907133d-9fd4-4522-8c19-1e22bbf930b7,0,0,0,63,,,broken,connection failed,2026-06-22T13:00:08+00:00
53cefd82-3209-42f2-bb3f-669449147b1f,200,1,1,432,Webflow,"La Condesa | Modern Mexican Restaurant &amp; Bar in Downtown Austin, Texas",good,,2026-06-22T13:00:08+00:00
0b538f5e-3ca8-4411-913d-1239ca39984e,200,1,1,2170,Wix,"Sonoma Jiu Jitsu | Inclusive Jiu Jitsu in Sonoma County | 1818 La Plaza Suite 106, Cotati, CA, USA",good,,2026-06-22T13:00:08+00:00
2f07612c-466b-40c1-8a50-114670233ae7,200,1,1,263,Squarespace,Tannya&#39;s Taqueria,good,,2026-06-22T13:00:09+00:00
b88c3170-e257-4262-8a2c-fe023c5f9e9e,200,1,1,655,,Mexican Food Sonoma Best Mexican Restaurant 5th Street Restaurants,good,,2026-06-22T13:00:09+00:00
234ba8d5-e09b-487b-81e7-aedadcf351bd,0,0,0,40,,,broken,connection failed,2026-06-22T13:00:09+00:00
94fd7928-486d-4616-895c-da7eb087133d,403,1,0,32,,,broken,,2026-06-22T13:00:09+00:00
659863a6-faf1-409f-bc0c-d3f378700f40,200,1,1,701,WordPress,Home - puerto-vallarta,good,,2026-06-22T13:00:09+00:00
e4f1bd0d-1dce-4c03-bf4f-eb98599ec5eb,0,0,0,585,,,broken,"ssl: HTTPSConnectionPool(host='tortillareal.com', port=443): Max retries exceeded with url: / (Caused by ",2026-06-22T13:00:09+00:00
02e0c31b-ee04-4949-9ad0-cc4673f60819,200,1,1,431,GoDaddy,Imola Nail Spa,good,,2026-06-22T13:00:09+00:00
1a47b1b2-8b11-4d63-918c-3ac0baf58696,200,1,1,1986,WordPress,Best Mexican Food in Napa &amp; St. Helena | Azteca Market,good,,2026-06-22T13:00:09+00:00
a2a4db51-c763-405e-b091-4a32b369aab4,200,0,1,590,,Home - Diamond Nails &amp; Spa,weak,,2026-06-22T13:00:09+00:00
46f73c20-a036-4cae-9afe-a57ad248fabd,200,0,0,72,,Redirecting...,weak,,2026-06-22T13:00:09+00:00
670d4042-8153-4212-8b07-b28e25876ea5,0,0,0,15234,,,broken,connection failed,2026-06-22T13:00:09+00:00
bec624a0-642f-40e0-93b0-c9034d6d3062,403,1,1,75,,Just a moment...,broken,,2026-06-22T13:00:09+00:00
44c515a9-a078-4b7b-8b6a-f547dd0f0978,200,0,1,358,,Maxwell Nails Salon Sonoma,weak,,2026-06-22T13:00:09+00:00
a99fb600-f347-4794-bb1d-1016b0d96790,403,1,0,176,,,broken,,2026-06-22T13:00:09+00:00
ba6c6e7b-4d4b-4707-b16a-ae93c9417f1b,200,0,1,1119,WordPress,MSS Marketing &#8211; Real Relations. Real Results.,weak,,2026-06-22T13:00:09+00:00
972f96d6-6051-484b-88a2-b735a202c2e2,200,1,1,150,Webflow,"Special Nails, Manicurists, Pedicurist, 5089 Business Center Dr",good,,2026-06-22T13:00:09+00:00
018801ba-38ae-4495-9c6c-6e67329e712f,403,1,1,200,,Just a moment...,broken,,2026-06-22T13:00:10+00:00
7340cc6f-9dae-416e-9eeb-2f9818655140,200,0,0,171,,,weak,,2026-06-22T13:00:10+00:00
70a35925-03c5-478f-8960-8fb5e7b958fb,0,0,0,110,,,broken,connection failed,2026-06-22T13:00:10+00:00
1222b78c-959c-40bd-b50e-80bf7d53a5c8,0,0,0,189,,,broken,connection failed,2026-06-22T13:00:10+00:00
951b4910-d7d6-4ef7-a3b9-9a50e9526f0b,200,1,1,323,,Groomingdales,good,,2026-06-22T13:00:10+00:00
46fd2c4d-f7d6-48ba-b1a0-83d9ebc42225,200,1,1,519,,"Petaluma Termite &amp; Pest Control, Exterminators - Terminix",good,,2026-06-22T13:00:10+00:00
0cd2d5d3-ac5f-48b0-a893-06055062cf38,200,0,0,926,,Home - Motherhood Nails Spa,weak,,2026-06-22T13:00:10+00:00
f5790325-ff47-4782-8a50-f4a961295954,200,1,1,485,,Home - Jameson Humane - Napa Valley,good,,2026-06-22T13:00:10+00:00
be712f4c-8574-460c-adff-ff927e2fb018,200,1,1,703,GoDaddy,Vineyard Dogs,good,,2026-06-22T13:00:10+00:00
43c7e147-007d-430d-a9dc-e47284dad225,200,1,1,1810,,Homepage Hidden Valley Lake Community Services District,good,,2026-06-22T13:00:10+00:00
1f588597-c968-47b4-8194-a0c237b42d10,200,1,1,1306,GoDaddy,Organic Nail Bar &amp; Spa,good,,2026-06-22T13:00:10+00:00
2a348f1f-5edb-4aa5-b4d7-3b7425a1ed77,0,0,0,17,,,broken,connection failed,2026-06-22T13:00:10+00:00
74780cf1-ead3-4f9b-a492-57f328d61c18,200,1,1,3474,,"Shop Men's Dress Shoes, Casual Shoes, Sandals &amp; Boots | Florsheim Shoes",good,,2026-06-22T13:00:11+00:00
77d0c74c-73f4-4735-84b8-47ff51b43fa8,0,0,0,256,,,broken,"ssl: HTTPSConnectionPool(host='www.cpk.com', port=443): Max retries exceeded with url: / (Caused by SSLEr",2026-06-22T13:00:11+00:00
ea812cd3-dc50-4719-87e8-66fc9cac0341,200,1,1,875,,"JustFoodForDogs | Fresh Dog Food, Proven Healthy",good,,2026-06-22T13:00:11+00:00
2fa6016f-a78e-458a-9b18-43423103eb03,200,1,1,456,,,good,,2026-06-22T13:00:11+00:00
c96304fd-effb-4920-a3ab-acbd77ac65e5,0,0,0,116,,,broken,connection failed,2026-06-22T13:00:11+00:00
e7a87784-a76a-4755-9559-cb098e20bbdb,200,0,1,1146,WordPress,Happy Pets Inn &#8211; Bed and Breakfast for Cats and Dogs,weak,,2026-06-22T13:00:11+00:00
14211b1b-9e31-4846-ad4b-38c5272d81d3,200,1,1,1040,,"JustFoodForDogs | Fresh Dog Food, Proven Healthy",good,,2026-06-22T13:00:11+00:00
564f9b56-e187-49e8-88bc-5284ee54eec8,200,1,1,475,,Plumbing Services | JB Plumbing Services,good,,2026-06-22T13:00:11+00:00
d7a08410-186b-4718-812c-344a0eea45ac,200,1,1,616,Wix,"Stefano's Pizza, Since 1972 because everyone loves pizza!",good,,2026-06-22T13:00:11+00:00
9e0e53b0-35aa-4e83-9869-91dca3358147,200,1,1,251,,"Daycare, Preschool &amp; Early Learning Childcare | Tutor Time",good,,2026-06-22T13:00:11+00:00
986e74dd-3c2b-46f6-ad03-bf9a71f3b062,200,1,1,370,GoDaddy,Petaluma Parent Nursery School &#8211; Where Children and Parents Learn and Grow&#8230; Together,good,,2026-06-22T13:00:11+00:00
8e8caa6e-a2ff-4727-aad8-1ad1fbf6da13,404,0,0,103,,404 Not Found,broken,,2026-06-22T13:00:11+00:00
5002d5df-7162-44e3-a0bc-1a9d11126c2b,200,1,1,808,WordPress,il Fuoco &#8211; Wood Fired Pizza,good,,2026-06-22T13:00:11+00:00
b39c2719-a8fa-40b0-9a26-0f211f0241ec,403,1,0,129,,Access Denied,broken,,2026-06-22T13:00:12+00:00
83430847-b196-457d-b3d2-c1a11fa7ec09,0,0,0,38,,,broken,connection failed,2026-06-22T13:00:12+00:00
6e8ec6f7-607b-4c4c-b62b-12c49bd95401,404,0,0,208,,404 Page Not Found,broken,,2026-06-22T13:00:12+00:00
6dcbfe29-56ea-4f1e-9ed9-5133984b56ca,200,1,1,785,Wix,Preschool Daycare | Hearts And Hands Preschool | Calistoga,good,,2026-06-22T13:00:12+00:00
428a8ac0-aeb6-42e1-808a-7d1c9133cd3a,0,0,0,15490,,,broken,timeout,2026-06-22T13:00:12+00:00
fa82c774-00d7-4c0a-91ff-2389e61ba8f2,200,1,1,727,GoDaddy,"Yellow Brick Road-Preschool &amp; Child Care Center -Anaheim, CA",good,,2026-06-22T13:00:12+00:00
6ece9ca6-af30-463c-abf7-d69e786eb19d,202,1,0,264,,,weak,,2026-06-22T13:00:12+00:00
c6cc4923-411c-4765-8776-e32b479b4c50,403,1,1,115,,Just a moment...,broken,,2026-06-22T13:00:12+00:00
0c8384d4-31a9-4620-90ed-0ff1e4cf7cff,0,0,0,110,,,broken,connection failed,2026-06-22T13:00:12+00:00
1cee7f34-eb12-4c3b-bd8e-b9b7dceaec08,403,1,1,140,,Access to this page has been denied,broken,,2026-06-22T13:00:12+00:00
c1e4748c-f1b4-493a-bfcf-bedc4da3486c,500,1,1,920,WordPress,WordPress &rsaquo; Error,broken,,2026-06-22T13:00:12+00:00
7f425db8-c2d3-4105-8de8-3e1d04e437d7,200,1,1,609,,eXp Realty of California Inc. and CA DRE#01878277,good,,2026-06-22T13:00:12+00:00
cbb659ef-ef23-427d-843e-5d1c08217a94,202,1,0,280,,,weak,,2026-06-22T13:00:12+00:00
244ccc11-5466-483a-91f9-2c3129b37bc6,0,0,0,15035,,,broken,timeout,2026-06-22T13:00:12+00:00
bf5bbce4-11a8-4c33-9637-012edc2fcbff,202,1,0,257,,,weak,,2026-06-22T13:00:12+00:00
ca554383-e60d-4e42-bc68-2be0ca4727b5,200,1,1,640,,"Phoebe Brookbank, Real Estate Agent - Compass",good,,2026-06-22T13:00:12+00:00
55cf4cf7-10ee-495c-806c-3e96087d1d5e,200,1,1,820,,Engel &amp; Völkers | Sonoma County,good,,2026-06-22T13:00:12+00:00
059af7b3-3bfd-42ae-8381-0ca5753645e5,200,1,1,115,,24-Hour Diner and Breakfast Restaurant | Denny&#039;s,good,,2026-06-22T13:00:12+00:00
279e153d-edc6-4ab6-9c51-b8a27db57304,200,1,1,370,Wix,"Delicious Dish | Catering | Sonoma, Napa, Greater Bay Area",good,,2026-06-22T13:00:13+00:00
b1fcd97c-9999-4908-8abd-a6a99fc15f64,200,1,1,169,Squarespace,Lou&#39;s Luncheonette,good,,2026-06-22T13:00:13+00:00
53ecd225-249c-4a36-be86-dda50412e73b,200,1,1,190,,24-Hour Diner and Breakfast Restaurant | Denny&#039;s,good,,2026-06-22T13:00:13+00:00
7ac4750f-8679-4631-8170-89aac48a6099,202,0,0,281,,,weak,,2026-06-22T13:00:13+00:00
ada445ad-f5b1-4cdd-8796-7c7395acf785,200,1,0,1927,WordPress,Browns Valley Preschool,weak,,2026-06-22T13:00:13+00:00
3aaaf53d-3465-44b9-81ca-e6ba5a107467,200,1,1,419,WordPress,Napa’s Premier Steakhouse | Ember Steak,good,,2026-06-22T13:00:13+00:00
a6379bb9-55bd-4fdf-ac01-f1eb368eed5d,200,1,1,731,Squarespace,Crisp Kitchen &amp; Juice,good,,2026-06-22T13:00:13+00:00
36b01478-e9f6-49af-8602-bdc54e9e2ee4,200,0,1,308,,Welcome to Pearl,weak,,2026-06-22T13:00:13+00:00
084f20f0-cf78-4609-9348-3545a5ff02e8,200,1,1,224,,Sonoma Happy Garden - Menu & Location,good,,2026-06-22T13:00:13+00:00
8b53c28a-4439-4d84-adc6-391870f319fc,200,0,0,34,,Redirecting...,weak,,2026-06-22T13:00:13+00:00
d5146c9d-d55d-4047-a0b5-18727a55a72f,200,1,1,370,GoDaddy,,good,,2026-06-22T13:00:13+00:00
dda49ef0-52ae-4a97-a558-817f8a82b4c3,200,1,1,600,Shopify,Award-Winning Vegan Butter and Cheese | Miyoko&#39;s Creamery,good,,2026-06-22T13:00:13+00:00
cf79794c-8c81-4f8c-885f-a31e2f1d3b69,200,1,1,613,Wix,"River Front Cafe | Petaluma, CA",good,,2026-06-22T13:00:13+00:00
fddf4ee5-d4cf-493d-8502-2713c9f89783,200,1,1,630,WordPress,"Premier Senior Care in Sonoma, CA | Cogir of Sonoma Plaza",good,,2026-06-22T13:00:14+00:00
7f3cbd10-42e7-4dae-ac62-2270e7b57b0b,200,1,1,661,WordPress,Sonoma Senior Living Community in CA | Cogir of Sonoma,good,,2026-06-22T13:00:14+00:00
8df6a5a3-21f1-47b5-afb5-71ad11698b41,404,1,1,9057,,404 Not Found,broken,,2026-06-22T13:00:14+00:00
c6f419f8-4783-4e4a-ae83-34f2a3a02db0,200,1,1,2613,WordPress,Top Sports Bars and Pubs in Sonoma County - Sonoma County Tourism,good,,2026-06-22T13:00:14+00:00
23ac259c-2d83-4e76-b61c-bd8ce6ff13b9,200,1,1,476,Squarespace,Nazareth Enterprises,good,,2026-06-22T13:00:14+00:00
3a41fcbe-5709-4adf-a3e9-c8cddab2128f,200,1,1,456,WordPress,Evergreen Healthcare Group - 24-Hour Compassionate Care,good,,2026-06-22T13:00:14+00:00
a99e26d1-b16e-416c-8ea8-78bf647d0ab0,0,0,0,40,,,broken,connection failed,2026-06-22T13:00:14+00:00
ea6129fe-55c0-44bd-bd9e-ef26a814a382,200,0,1,415,,,weak,,2026-06-22T13:00:14+00:00
e07167b5-eaf2-456a-b180-e400c7ffbc59,200,1,1,518,WordPress,Home - Oakmont Village,good,,2026-06-22T13:00:14+00:00
f41f5755-3927-4489-8782-167ca3d29996,200,1,1,1075,Wix,Home | Greenhills Care Home,good,,2026-06-22T13:00:14+00:00
083e218b-f183-4c19-84dc-9f5284381894,200,1,1,524,WordPress,Ridgeway Post Acute,good,,2026-06-22T13:00:14+00:00
419a9b08-a0ec-4be9-96aa-f2518f35b47a,200,1,1,134,WordPress,Revitalize Your Skin at Envie Skin and Body in Petaluma,good,,2026-06-22T13:00:14+00:00
d5576d1a-3e90-4559-9fa7-3507a48a0ee5,202,0,0,161,,,weak,,2026-06-22T13:00:14+00:00
83e43830-1e5d-4765-91b5-c20961bdf104,200,1,1,161,,Rodney Worth | Californian Restaurant in CA,good,,2026-06-22T13:00:15+00:00
c59e3b5c-f318-4f12-8b33-441846ffb623,200,1,1,1387,WordPress,Kenwood Greens Residential Care Home for the Elderly | Sonoma Residential Care,good,,2026-06-22T13:00:15+00:00
6e24a604-8a18-45fd-b440-4a3a01cc7105,200,1,1,713,WordPress,Ivy Park at Rockville | Assisted Living in Solano County,good,,2026-06-22T13:00:15+00:00
e1edbc95-ebd7-47c5-b6cf-bffaf9a178ae,500,1,1,1947,WordPress,WordPress &rsaquo; Galat,broken,,2026-06-22T13:00:15+00:00
226f2bbb-dea5-468d-b20e-15f11683d805,404,1,1,1369,WordPress,Page Not Found - The John Stewart Company,broken,,2026-06-22T13:00:15+00:00
a994896a-8d4e-4470-8a80-262acdbc4a45,0,0,0,123,,,broken,connection failed,2026-06-22T13:00:15+00:00
6e554d44-1633-468a-a24b-ca63fad67d2f,403,1,1,172,,Just a moment...,broken,,2026-06-22T13:00:15+00:00
31c7801d-802c-432d-b461-84f8a38e81e0,200,0,1,255,,,weak,,2026-06-22T13:00:15+00:00
dad6d39f-e6d1-48b2-ae61-15d9b6857680,404,1,0,660,,,broken,,2026-06-22T13:00:15+00:00
3ae6cc3c-95a8-4515-9363-bbaa72d07cb5,0,0,0,40,,,broken,connection failed,2026-06-22T13:00:15+00:00
138be783-4284-4576-b23a-36e824f61b42,200,1,1,105,,Casino Dining Options at Cache Creek Resort,good,,2026-06-22T13:00:15+00:00
1332a238-259c-47fb-80f3-8e8ea3791013,200,1,1,238,,Wellness Retreats and Spa Treatments in Napa Valley | Solage,good,,2026-06-22T13:00:15+00:00
ee50beb2-47c2-4eb0-b09a-e0f7e3b0edf1,400,1,1,378,Wix,400 Error: Bad Request,broken,,2026-06-22T13:00:15+00:00
de4343d6-ab87-40be-98f8-cc4d657ea97f,200,1,1,951,Joomla,"The Inn on Villa Lane | A Memory Care Center | Napa, CA",good,,2026-06-22T13:00:15+00:00
1e4467cb-1055-4ddb-a7ec-83d0e03732b3,200,1,1,275,,Luxury Hotel in Sonoma - Fairmont Sonoma Mission Inn &amp; Spa,good,,2026-06-22T13:00:15+00:00
974e5e84-7b11-4ddc-bb52-66572960afec,0,0,0,385,,,broken,connection failed,2026-06-22T13:00:15+00:00
c018bfad-8a8e-4d82-806d-932245b12fc7,404,1,1,973,,Welcome | Hotel & Casino Near San Francisco - Cache Creek Casino Resort,broken,,2026-06-22T13:00:15+00:00
16f7a61e-6555-470a-8fe9-c1aada988363,0,0,0,269,,,broken,"ssl: HTTPSConnectionPool(host='squidoo.com', port=443): Max retries exceeded with url: /TTK (Caused by SS",2026-06-22T13:00:15+00:00
7ed641b6-9979-45c7-925a-4d98edef57de,200,1,1,504,Wix,LemonGrass Thai | The Best Authentice Thai Eatery in Petaluma,good,,2026-06-22T13:00:16+00:00
3478dda6-3826-4e78-94f4-d930cbece6c3,200,1,1,656,,Order Authentic Japanese Online | Oyama Sushi - Pickup Available,good,,2026-06-22T13:00:16+00:00
c0476860-0439-47c7-9cbb-dd2e8f0fa0ec,200,1,1,832,,Privacy Policy,good,,2026-06-22T13:00:16+00:00
dab4ad8b-981e-4b1f-a74d-3426aa823b0b,200,1,1,765,Squarespace,www.the35thai.com,good,,2026-06-22T13:00:16+00:00
c1ea93a3-5c0c-4d40-9575-de21a7e45fca,200,1,1,905,WordPress,Home - Carnitas Michoacan - Mexican Restaurant Los Angeles,good,,2026-06-22T13:00:16+00:00
79d6a90b-2e9a-4ca1-b12f-222de47c9c44,200,1,1,462,Shopify,Sweet Bippy Press,good,,2026-06-22T13:00:16+00:00
62c5bf25-9d5c-4ef2-be02-85f888ff454a,0,0,0,15035,,,broken,connection failed,2026-06-22T13:00:16+00:00
968184a5-cf62-42fa-b3e6-ea3dec075d2a,0,0,0,43,,,broken,connection failed,2026-06-22T13:00:16+00:00
97147117-83ee-4036-bfd1-a0e82fdcd20b,403,1,0,72,,Access Denied,broken,,2026-06-22T13:00:16+00:00
b518dee3-1d68-4c1e-94f8-9fb3e3910fa0,404,1,1,769,,404 - Page not found,broken,,2026-06-22T13:00:16+00:00
4ff97e6e-7909-49ad-93fa-f1a9ee400c92,200,1,1,414,,The Lodge at Sonoma | A Luxury Sonoma Resort &amp; Spa Retreat,good,,2026-06-22T13:00:16+00:00
93b80089-a093-4405-ad39-34d2b5b98ed5,403,0,0,522,,403 Forbidden,broken,,2026-06-22T13:00:16+00:00
364a3424-ea4e-4816-952e-dfd87f861166,200,0,0,95,,,weak,,2026-06-22T13:00:16+00:00
97903658-36aa-44d1-8973-ffd5b2abbd0d,200,1,1,577,,Amuse Bouche Wines - Limited Production Napa Valley Wines,good,,2026-06-22T13:00:16+00:00
5202841a-c15a-448f-8ccb-ecd2899a1cb5,200,1,0,950,,Pho Huong Viet Restaurant,weak,,2026-06-22T13:00:17+00:00
0bdeaebc-1e05-434a-ac01-ce6bfd6b9e2a,200,1,1,1075,WordPress,Promoting Companion Animal Welfare | Napa Humane,good,,2026-06-22T13:00:17+00:00
ab1fd0fa-e0d5-4da0-8c65-52bec1df6aa7,200,1,1,320,Squarespace,Valley Bar + Bottle Shop,good,,2026-06-22T13:00:17+00:00
ad15223f-ab11-401c-b834-d2bf340610af,200,1,1,833,Shopify,DECANT Bottle Shop | Your Favorite Wine Shop and Wine Bar &ndash; DECANTsf,good,,2026-06-22T13:00:17+00:00
3c94ca51-fcc9-44b4-93a9-de7fec596b8e,503,1,0,548,,503 Service Temporarily Unavailable,broken,,2026-06-22T13:00:17+00:00
32e1b278-39f0-4bbe-968f-53d933776b32,200,1,1,2283,WordPress,luminescencesalonandspa | we take care of you,good,,2026-06-22T13:00:17+00:00
4b0dbccd-e569-4e7d-b63d-b12b22edbacf,200,0,0,233,,Coming Soon page,weak,,2026-06-22T13:00:17+00:00
16486949-c640-4774-bec4-ae06b114ab94,200,1,1,825,Shopify,Rancho Maria &ndash; RanchoMariaWines,good,,2026-06-22T13:00:17+00:00
7a825350-02f5-4e17-aac6-ed0c0fd408ca,202,0,0,397,,,weak,,2026-06-22T13:00:17+00:00
5ae97c68-f5f1-4a72-aa6c-b3d65e358e2a,200,1,1,1464,WordPress,Manzanita Creek Winery &#8211; Quo Vadis,good,,2026-06-22T13:00:17+00:00
351232e5-82a7-4e78-952a-51d499dc7736,200,1,1,260,WordPress,Home - Argot Wines,good,,2026-06-22T13:00:17+00:00
3e3cde37-b07c-4e3b-8fc6-e9f19449381b,200,1,1,1097,WordPress,Home - Vin En Noir,good,,2026-06-22T13:00:18+00:00
d3c4118b-43dc-49e8-a6a9-dcea942c0c6f,0,0,0,3469,,,broken,connection failed,2026-06-22T13:00:18+00:00
f62d220b-1688-49bc-b661-7ac669370472,202,0,0,174,,,weak,,2026-06-22T13:00:18+00:00
fffac7c1-df4d-4a48-a741-a22d17287f58,200,1,1,162,WordPress,Home &mdash; Bartholomew Park,good,,2026-06-22T13:00:18+00:00
3e981bae-5642-4bd8-9ce7-1c3ee99bb2b6,0,0,0,560,,,broken,"ssl: HTTPSConnectionPool(host='www.aprioricellar.com', port=443): Max retries exceeded with url: / (Cause",2026-06-22T13:00:18+00:00
e0d11df9-e141-4b6f-bb42-8fd1ca86b456,200,1,1,899,WordPress,Alta Winery &#8211; Family Owned Napa Valley Winery,good,,2026-06-22T13:00:18+00:00
daa24c2b-23c9-4ebc-990c-d73bdce7ac3a,200,1,1,408,GoDaddy,August Briggs &#8211; Napa Valley Wines &#8211; Calistoga Winery,good,,2026-06-22T13:00:18+00:00
0f4e335f-513c-471a-8c25-07ec0f88ea92,200,1,1,298,Shopify,Beringer Vineyards,good,,2026-06-22T13:00:18+00:00
1693e6e6-a1aa-417b-9e85-1ac2c3ba5e41,200,1,1,564,,Bedrock Wine Co.,good,,2026-06-22T13:00:18+00:00
63d4710f-b3cb-4f5f-b51d-bceaea8dd776,200,1,1,412,Shopify,"Black Sears Estate Winery | Howell Mountain, Napa Valley &ndash; BLACK SEARS",good,,2026-06-22T13:00:18+00:00
2b551229-1565-4394-ae52-bda123a50d1b,200,1,1,586,,Bedrock Wine Co.,good,,2026-06-22T13:00:18+00:00
1bfe05ea-aaf3-47e2-a61a-93d5f882ac8c,200,1,1,1675,WordPress,Mi Sueño Winery | A Taste of the American Dream,good,,2026-06-22T13:00:18+00:00
3b9385ba-856a-4537-85c3-407c6cf4e234,200,0,0,1316,,,weak,,2026-06-22T13:00:18+00:00
d12e8087-029e-44cf-819b-66aaf9f609c5,200,1,1,242,Squarespace,Quality Wine Growers,good,,2026-06-22T13:00:18+00:00
3d077d66-039b-42ca-970d-37a3f587c5a6,202,1,0,287,,,weak,,2026-06-22T13:00:18+00:00
bd885ef7-109d-4da3-9a5f-9a5fa8e03294,200,1,1,1880,WordPress,Welcome to 13th Vineyard,good,,2026-06-22T13:00:19+00:00
d45533cb-4920-46fd-bd21-b362ecf4a711,200,1,1,469,WordPress,Cathiard Vineyard - Wines of Napa Valley,good,,2026-06-22T13:00:19+00:00
f67bfa12-fd7a-4667-8127-dacbae8daba2,523,1,1,249,,savvywino.com | 523: Origin is unreachable,broken,,2026-06-22T13:00:19+00:00
f906f177-aff1-480a-bec1-631d655572ff,200,1,1,601,WordPress,Home - Boich Family Cellar,good,,2026-06-22T13:00:19+00:00
4249a851-38cf-42ef-b01a-f1c8c7ca77da,403,0,0,627,,,broken,,2026-06-22T13:00:19+00:00
041dae7b-3217-4a2d-9a82-d4bf1a7f2287,200,1,1,6894,WordPress,สล็อตแท้เว็บตรงไม่ผ่านเอเย่นต์ แตกง่าย,weak,,2026-06-22T13:00:19+00:00
c5c0f7e2-3534-41ff-b766-b5b62b2b0e46,200,1,1,957,,Welcome - Blue Farm Wines | Made in the vineyard,good,,2026-06-22T13:00:19+00:00
b5baf37a-2bee-40ca-8e2d-81139f0451fd,200,1,1,1178,,Welcome - Bennett Valley Cellars,good,,2026-06-22T13:00:19+00:00
c7c76d03-a08c-47d6-b28f-0b244f6c3198,200,1,1,504,,Sonoma Valley | Travel resource for Sonoma Valley Wine Country and surrounding areas.,good,,2026-06-22T13:00:19+00:00
9f48930a-f483-41a7-9939-92630a5e1887,202,1,0,400,,,weak,,2026-06-22T13:00:19+00:00
509a4d14-44b8-45a1-adc1-54aab0b58e4f,200,1,1,161,WordPress,Girard Winery | Premium Wine Tasting in Napa Valley,good,,2026-06-22T13:00:19+00:00
f2e71f69-b11b-4492-918b-b8f65b1bf612,404,1,1,689,Shopify,404 Not Found,broken,,2026-06-22T13:00:19+00:00
908b996d-e6a8-4535-a9ec-821e6332ca0e,200,0,0,122,,,weak,,2026-06-22T13:00:20+00:00
566ec4b2-48ce-425b-8ea5-529f6e040648,200,1,1,815,,At the convergence of an extraordinary landscape. The ingenuity of the grapevine. And human prowess and effort.,good,,2026-06-22T13:00:20+00:00
5ec16dc2-9aaa-4972-86b2-3e6a45e61baa,200,1,1,1603,WordPress,Homepage - Blue Oak Vineyard,good,,2026-06-22T13:00:20+00:00
c7087b6f-5b9f-4af9-b394-f3935d51e9ec,200,1,1,143,,Shop Napa Valley Wine | Tours and Tastings | Napa Valley | HALL Wines,good,,2026-06-22T13:00:20+00:00
20d0e8b1-5139-4f34-bb92-2fd827790a95,200,1,1,407,,HALL Rutherford Reservations | Napa Valley | HALL Wines,good,,2026-06-22T13:00:20+00:00
2a167241-028e-4b56-bf8e-1d5a7359e4ec,200,1,1,342,Squarespace,"Discover Hard Six Cellars, a boutique Napa Valley winery producing limited-production, minimal-intervention Cabernet Sauvignon from Diamond Mountain and Syrah from Fort Ross -Seaview on the Sonoma Coa",good,,2026-06-22T13:00:20+00:00
cdf16cb2-69dd-46cc-88e0-c80ad591cfea,200,1,1,570,,Grand Scheme Wines | Organically Grown Carneros Wines,good,,2026-06-22T13:00:20+00:00
2c99cbac-2105-4bc7-8975-b3a320a3715f,0,0,0,17,,,broken,connection failed,2026-06-22T13:00:20+00:00
a92ac154-e892-46c6-81d7-9884ac9adbe7,202,0,0,148,,,weak,,2026-06-22T13:00:20+00:00
37ca789c-bd2a-4bba-a857-9b8125d781e3,200,1,1,173,WordPress,Husic Vineyards - Realizing the Dream of Beautiful Wines,good,,2026-06-22T13:00:20+00:00
7748a414-4bfb-4ecb-afdf-fd5613ea40e9,0,0,0,10030,,,broken,connection failed,2026-06-22T13:00:20+00:00
89b8c974-5a1f-4038-9513-a45499868640,200,1,1,767,Shopify,Helena View Johnston Vineyards,good,,2026-06-22T13:00:21+00:00
9925947a-9064-41de-9452-31e3d81fd2da,200,1,1,415,,Index of /,good,,2026-06-22T13:00:21+00:00
75853944-f30a-46cd-b53b-c864abfc4c40,200,1,1,376,WordPress,"Award Winning Pinot Noir - J Cage Cellars - Windsor, CA.",good,,2026-06-22T13:00:21+00:00
6785d23f-e315-4654-b02d-310cafcb7bc9,200,1,1,590,Wix,Honrama Cellars | Sonoma &amp; Napa Valley,good,,2026-06-22T13:00:21+00:00
40533ebe-f805-4edd-b06e-fcfc3332cf0e,202,1,0,162,,,weak,,2026-06-22T13:00:21+00:00
b52fe1d6-e39f-419b-a7bf-57e9ee365204,200,1,1,1792,WordPress,Homepage - Gentleman Farmer Wines,good,,2026-06-22T13:00:21+00:00
10272413-9fed-446a-9d1b-70bbf855afc4,200,1,1,537,,Visit Us | JCB Collection,good,,2026-06-22T13:00:21+00:00
059e697e-7652-4dfa-ac1d-d827d8479006,200,1,1,413,WordPress,"Joel Gott Wines: Food Friendly Wines from California, Oregon and Washington",good,,2026-06-22T13:00:21+00:00
a5c960c7-2452-43c0-b136-92d53e1a12e7,200,1,1,553,GoDaddy,"Jean Edwards Cellars - Napa Valley, Cabernet Sauvignon, We Are Located at the Tasting Barn Near Silverado Resort",good,,2026-06-22T13:00:21+00:00
0096a43d-4c27-463a-9366-c84c257cff36,200,1,1,176,WordPress,Kuleto Estate - wines that echo the spirit of Burgundy and Tuscany,good,,2026-06-22T13:00:21+00:00
853e8515-e2ea-4179-82e9-93b320a6493f,202,0,0,135,,,weak,,2026-06-22T13:00:21+00:00
4b14586a-bc10-4f56-839d-89b140854aa2,200,1,1,2526,WordPress,Coquerel,good,,2026-06-22T13:00:21+00:00
fd82ea7f-6183-4ca7-a91e-1efb1b07beb8,200,1,1,514,,Kubani Wines | Top Rated Premier Wine,good,,2026-06-22T13:00:21+00:00
a4fe965d-4d86-481d-9d9f-e08c1188bff5,0,0,0,387,,,broken,"ssl: HTTPSConnectionPool(host='haywoodwinery.com', port=443): Max retries exceeded with url: / (Caused by",2026-06-22T13:00:22+00:00
c921b054-cf42-432f-ba7d-b4ed95e4b484,200,1,1,877,,Korbin Kameron,good,,2026-06-22T13:00:22+00:00
ba18e225-bc44-4bd6-8c51-4a3db58ae473,200,0,0,88,,Malbec and Malbec,weak,,2026-06-22T13:00:22+00:00
5db33372-9306-49d5-86c5-9a62c663ddde,0,0,0,1074,,,broken,connection failed,2026-06-22T13:00:22+00:00
e9517344-5b11-4aee-b487-e3e8dda81f31,200,1,1,231,WordPress,Home - Mayacamas Vineyards,good,,2026-06-22T13:00:22+00:00
f34d469f-0991-4569-a6c7-00d2e64404f7,200,1,1,674,,Passaggio Wines - Homepage,good,,2026-06-22T13:00:22+00:00
1451af4c-6590-4c93-8b78-03ef0fad9285,200,1,1,308,,Moon Hollow,good,,2026-06-22T13:00:22+00:00
cde58792-330b-44e6-8cb1-4b000b775a7f,200,1,1,255,Squarespace,Mount George Winery,good,,2026-06-22T13:00:22+00:00
82c5e371-8e16-4e77-8a3a-9c0b84322704,200,1,1,687,WordPress,Homepage - MacLaren Wines,good,,2026-06-22T13:00:22+00:00
7dc4c74e-2df4-44f2-a5d0-0d99ebe0b84b,200,1,1,1938,,Kenzo Estate Winery Napa Valley Fine Wine Home Page,good,,2026-06-22T13:00:23+00:00
efc9cc43-3ef8-47eb-acea-cac23e162bb8,200,0,0,1370,,【开云电子登陆】中国有限公司,weak,,2026-06-22T13:00:23+00:00
5bb1adcf-f8cc-486f-bf00-0e45765817ab,200,1,0,521,,Oakville Cross Wines :: Fine Cabernet Sauvignon,weak,,2026-06-22T13:00:23+00:00
59459851-2556-4370-a1f0-86d6434a6c9d,0,0,0,123,,,broken,connection failed,2026-06-22T13:00:23+00:00
b40aacc8-319e-4efd-93c7-3cc7fdbbb4b5,404,1,1,399,Shopify,404 Not Found &ndash; ONEHOPE Wine,broken,,2026-06-22T13:00:23+00:00
48607d80-bfd9-4c73-b2a6-5b95f1653945,200,1,1,118,Webflow,"Persephone Ranch, Grape Vineyard, 5814 Chiles Pope Valley Rd",good,,2026-06-22T13:00:23+00:00
c0514c9f-83de-4ccb-979a-ea078c20471f,403,0,0,208,,,broken,,2026-06-22T13:00:23+00:00
7bc98914-04b8-4700-a4b0-f15f43244a36,200,1,1,4204,WordPress,Home - Favia Wines,weak,,2026-06-22T13:00:23+00:00
7aff63a5-bdcf-483b-ac7d-cd0aef8f4d06,200,1,1,377,Webflow,Petrali Wines - Petrali Wines | Our Story,good,,2026-06-22T13:00:23+00:00
63b048ab-15f0-4a50-abd7-b24fc411a8ea,200,1,1,4264,WordPress,Contact Us - Faust,weak,,2026-06-22T13:00:23+00:00
b70164d4-3797-400d-b0db-c17ebfba7cfd,0,0,0,16,,,broken,connection failed,2026-06-22T13:00:23+00:00
f56be72b-ee54-4be5-a551-baf426470760,0,0,0,120,,,broken,connection failed,2026-06-22T13:00:23+00:00
2d2202bc-e07e-44a0-8de9-77e2838cc921,200,1,1,621,Shopify,Padis Vineyards,good,,2026-06-22T13:00:23+00:00
70b495dc-ba9d-46d7-a49d-f6f1674f686f,0,0,0,107,,,broken,connection failed,2026-06-22T13:00:23+00:00
5a0f9e35-6e7a-4297-a410-61fad5ced350,200,1,1,163,Squarespace,Roche Sonoma Winery,good,,2026-06-22T13:00:23+00:00
62bb38a3-482b-4da7-803e-f1eb6af42c36,200,1,1,468,,Raymond Vineyards | Napa Valley’s *Pioneers*,good,,2026-06-22T13:00:24+00:00
2a49c678-1373-4a86-8921-716f8ad8c381,200,0,1,787,,,weak,,2026-06-22T13:00:24+00:00
f41cda37-fc12-49e4-9ad1-590138454930,200,1,1,586,,Brown Estate - Napa Valley,good,,2026-06-22T13:00:24+00:00
6bdd7695-d29a-4b53-94df-c2df0a5c9d1f,0,0,0,113,,,broken,connection failed,2026-06-22T13:00:24+00:00
39328d29-3370-4f19-9ba5-4a7e108adea7,200,1,1,384,GoDaddy,Second Line Wines | Napa Wines with a New Orleans Spirit. Laissez le bon temps rouler!,good,,2026-06-22T13:00:24+00:00
d4639dad-9878-4761-b498-98082f9b0244,200,1,1,458,,Seven Stones Estate | Napa Valley Cabernet Sauvignon,good,,2026-06-22T13:00:24+00:00
8dc7e2c6-64b2-43c8-a7d6-0fa27060c16f,200,1,1,285,Wix,Join SMZC's Zen Meditation Retreat | Experience Peace and Clarity Today,good,,2026-06-22T13:00:24+00:00
1c1a807b-3964-460e-8cb3-3d5638caf1ed,200,1,1,448,Squarespace,Seka Hills | Experience Quality Products - Shop Now,good,,2026-06-22T13:00:24+00:00
0e105641-1d5d-41b9-ba0b-1528dd1307f8,200,1,1,437,WordPress,Taken Wine Co - Trinchero Family Wine and Spirits,good,,2026-06-22T13:00:24+00:00
e3fecc49-0ab5-4916-a308-43cb4efaa860,200,1,1,1788,WordPress,The Winemaking Alchemy of Pulido~Walker,good,,2026-06-22T13:00:25+00:00
1c1be826-1fef-4d98-bf87-4d306e83ace1,200,1,1,3520,WordPress,Home - Lawer Estates,good,,2026-06-22T13:00:25+00:00
e3be8a4c-d8f9-4429-9af9-d128673076f9,0,0,0,51,,,broken,connection failed,2026-06-22T13:00:25+00:00
fde0a514-b278-45e9-adde-e4d92df4edf6,500,1,1,2475,WordPress,WordPress &rsaquo; Error,broken,,2026-06-22T13:00:25+00:00
19c6af64-d969-4cd5-b8be-d20b95567d4a,200,1,1,166,WordPress,Trefethen Family Vineyard – Napa Valley Winery,good,,2026-06-22T13:00:25+00:00
c02cf606-5182-4319-a211-2755f707e3ba,200,1,1,38,WordPress,Volker Eisele Family Estate &#8211; Napa Valley,good,,2026-06-22T13:00:25+00:00
d5e2ede4-0ca7-467e-9c2c-5e9169c72f2d,200,1,1,457,WordPress,Contact Us - Taplin Cellars,good,,2026-06-22T13:00:25+00:00
f9b44a48-4e87-428e-a2d9-7b21eca4a408,200,1,1,225,Squarespace,van der Kamp Vineyard,good,,2026-06-22T13:00:25+00:00
1a11217a-d321-424c-8c7a-93f14ebc0e02,200,1,1,214,WordPress,Home - B. Wise Vineyards,good,,2026-06-22T13:00:25+00:00
21ff9ac1-007b-4411-bd59-43419611a998,200,0,0,262,,Web Page Under Construction,weak,,2026-06-22T13:00:25+00:00
844ce874-8a87-43f9-8338-b2cb21a6b5e5,0,0,0,176,,,broken,"ssl: HTTPSConnectionPool(host='gatheredwildeflowers.com', port=443): Max retries exceeded with url: /our-",2026-06-22T13:00:25+00:00
1ce14633-cb7d-49ef-a82d-ce5321570680,200,1,1,694,WordPress,Work Vineyard | Napa Valley &amp; Calistoga Winery | Estate Cabernet Sauvignon,good,,2026-06-22T13:00:26+00:00
2e03a454-783b-4cde-bb51-374fcdb621db,200,1,0,770,WordPress,Yewell Family Vineyards,weak,,2026-06-22T13:00:26+00:00
2e98310a-7d25-4f8c-9110-64ee43e48932,404,0,0,394,Squarespace,Squarespace - Domain Not Claimed,broken,,2026-06-22T13:00:26+00:00
290815be-00b7-426d-bc29-58e0fcb431b2,404,1,1,527,,Item Not Found,broken,,2026-06-22T13:00:26+00:00
c72bbd77-b596-4dd7-9bef-3cfb0c33f55d,202,1,0,123,,,weak,,2026-06-22T13:00:26+00:00
655d9aba-34e8-4fd1-86c6-a73293c9fe9f,0,0,0,4215,,,broken,connection failed,2026-06-22T13:00:26+00:00
13c4ee05-57cf-4f0f-91e9-89e03ddf4f32,200,1,1,1983,Webflow,Unique Napa Valley Estate Vineyard Properties | Duckhorn Vineyards,good,,2026-06-22T13:00:26+00:00
3b820068-4b08-4de3-95da-7d79d2d0f28e,200,1,1,727,WordPress,Napa Valley Restaurants | Meadowood Napa Valley Dining,good,,2026-06-22T13:00:26+00:00
04d141ac-0b5a-4510-89e4-9f8e51834dd4,200,1,1,413,,Country selector,good,,2026-06-22T13:00:27+00:00
67244f11-debc-4432-badb-7d757ef0c05e,0,0,0,104,,,broken,connection failed,2026-06-22T13:00:27+00:00
0ec49fe6-2682-4912-846a-5bb8937eea42,200,1,1,822,WordPress,PEP Housing &#8211; Building community from the heart,good,,2026-06-22T13:00:27+00:00
7f2dc161-0616-4470-b745-a211adeb1c60,0,0,0,113,,,broken,connection failed,2026-06-22T13:00:27+00:00
a6b362ad-2224-4398-9f01-a8528462f8ce,200,1,1,517,,NAPA Auto Parts - Buy Car &amp; Truck Parts Online | Auto Supply Stores Near Me,good,,2026-06-22T13:00:28+00:00
97acc22d-63ca-4195-909a-4db47552d90b,200,1,1,3124,WordPress,Wolf Run Vineyards &#8211; Wolf Run Vineyards,good,,2026-06-22T13:00:28+00:00
0ecc7328-83ba-49b8-a6f8-eaaf39b7ad58,200,0,1,2299,WordPress,jolerestaurant ~ Situs Judi Online Casino Live | Terpercaya 2021,weak,,2026-06-22T13:00:28+00:00
75252d7b-5369-47f2-8bed-a30fb63e4f90,200,1,1,179,Webflow,"Budget Tune Lube &amp;amp; Smog - Soscol@silverado, Automobile Smog Brake,",good,,2026-06-22T13:00:28+00:00
e50305d7-05e0-49a7-b84a-97ee8e9dee62,200,1,1,331,Wix,"J.B.Delicious/JMRosenCheesecakes | Desserts | California, USA",good,,2026-06-22T13:00:28+00:00
e98bba8f-9b97-45c2-a227-95d666d72422,0,0,0,10028,,,broken,connection failed,2026-06-22T13:00:29+00:00
c34c0d0a-4174-46ed-8a3c-ac79980111a2,202,0,0,148,,,weak,,2026-06-22T13:00:29+00:00
06126a3f-63ff-43cd-875e-139ac5f5c7a2,200,1,1,11996,WordPress,Home - Ackerman Family Vineyards,weak,,2026-06-22T13:00:29+00:00
a467e30f-d324-4a89-b6fb-4a4475975522,200,1,1,233,Squarespace,Bennett Valley Grape Growers,good,,2026-06-22T13:00:29+00:00
be084466-f225-4186-89c5-04b045102565,403,1,1,176,,Just a moment...,broken,,2026-06-22T13:00:29+00:00
27bd9556-15da-48ea-b33c-025bb7bbe103,200,1,1,2513,WordPress,"Cheveto Window Tint Napa &#8211; Welcome to Cheveto Window Tint, your go-to shop for window tint services in Napa, CA. Our team specializes in providing high-quality window tinting services",good,,2026-06-22T13:00:29+00:00
9988a349-c3c6-4b12-bc14-b1734c6b2c68,403,1,1,165,,Just a moment...,broken,,2026-06-22T13:00:29+00:00
8741357c-235e-41ad-9bb9-307a817ed5c3,404,1,1,5745,WordPress,Page not found | Schug Winery,broken,,2026-06-22T13:00:29+00:00
e00fa8b7-a02a-4581-af7f-b0e0f5f23c9a,200,0,0,169,,,weak,,2026-06-22T13:00:29+00:00
ac7974f9-8df1-4314-bd90-4fbc75de861a,200,1,1,618,,âKi Ho'alu Inn - Album by Paul Togioka - Apple Music,good,,2026-06-22T13:00:29+00:00
e30675b8-0dd3-47ba-8531-85a02735fa56,202,1,0,209,,,weak,,2026-06-22T13:00:29+00:00
74d8d437-0561-4b7d-b6d8-48d6e1f777c8,200,1,1,363,,"Massage Association for Massage &amp; Bodywork Professionals, Students &amp; Educators | ABMP",good,,2026-06-22T13:00:29+00:00
01df97a1-645e-49bf-af52-c27ffcbd19e0,200,0,0,190,,,weak,,2026-06-22T13:00:29+00:00
51ce85ca-2f9d-4591-ade5-f68b193ae2b3,0,0,0,38,,,broken,connection failed,2026-06-22T13:00:29+00:00
d3e7798d-eec3-4d8a-bc30-d8df523989fb,200,1,1,169,,OshKosh B&#x27;gosh Children&#x27;s Clothing | Carter&#x27;s,good,,2026-06-22T13:00:29+00:00
7d366f1b-f707-4825-a8bc-d64abdb9a823,200,0,0,147,,,weak,,2026-06-22T13:00:30+00:00
c096bf79-cf82-4037-9e36-54e8d9756a4d,0,0,0,49,,,broken,connection failed,2026-06-22T13:00:30+00:00
a9c8c9c3-9a59-406b-aa10-d4d1950c223d,404,0,0,164,,Not Found,broken,,2026-06-22T13:00:30+00:00
b7a99252-34b0-4d0b-8f70-227a824d9d58,200,0,0,246,,Home Page for EJ-588 Hair Studio,weak,,2026-06-22T13:00:30+00:00
f3b48d7e-8ac1-40c0-aeca-079f070bbef2,200,1,1,527,GoDaddy,HOME,good,,2026-06-22T13:00:30+00:00
8792e279-adf0-449c-a4d5-96b6174e346d,200,1,1,1897,WordPress,"Home | Fairfield, Vacaville and Sacramento",good,,2026-06-22T13:00:30+00:00
3d52340d-bca6-446a-9716-477821ae6581,200,1,1,170,Webflow,"Dentists in American Canyon, CA | Affordable Dental Care",good,,2026-06-22T13:00:30+00:00
8ec95223-884e-467f-818a-ca75e4a31b85,200,1,1,370,,Sally Beauty,good,,2026-06-22T13:00:30+00:00
bc74d3a1-d9c4-4868-9f0b-7f44a71747db,200,1,1,239,WordPress,"Hello Ortho | Orthodontist in Napa &amp; Petaluma, CA",good,,2026-06-22T13:00:30+00:00
987f1d43-0da0-4ba7-addd-5a794ff9653b,404,1,0,530,,,broken,,2026-06-22T13:00:30+00:00
87bde4ec-cb3f-4929-9c83-907f7388c000,200,1,1,3566,WordPress,British Auto Repair,good,,2026-06-22T13:00:30+00:00
186c865a-d913-4f51-b95f-f70cd8562ee7,200,1,1,160,,Home | ParkPlaza,good,,2026-06-22T13:00:30+00:00
2b842c3a-1609-4ff6-9dfb-6539ed60fbd9,200,1,1,215,WordPress,"Orthodontist in Sonoma | Laurent Orthodontics | Braces, Invisalign",good,,2026-06-22T13:00:30+00:00
a143fed3-cb3b-442f-a3b3-e02409c922b1,200,1,1,487,WordPress,Cooke Ortho | Dr. Mary Cooke,good,,2026-06-22T13:00:30+00:00
605ac62f-c031-4305-8974-73330290a162,200,1,1,1714,,Catrina's Barber Shop - Petaluma CA | Vagaro,good,,2026-06-22T13:00:30+00:00
c4949851-7b8a-4d32-975f-81d3b0016be6,403,1,1,263,,Just a moment...,broken,,2026-06-22T13:00:31+00:00
80230275-60da-45b3-b649-e92431faddf9,200,1,1,185,WordPress,Phillips 66® Gas Stations | Quality Fuel Near You | Phillips 66,good,,2026-06-22T13:00:31+00:00
b293f09c-1601-416d-ab0e-48f5480bb0cc,404,0,1,186,,404 Not Found,broken,,2026-06-22T13:00:31+00:00
13f43671-f31f-44cb-b69d-31aeee79726d,200,1,1,236,WordPress,The Leading Glass Bottle Manufacturer O-I,good,,2026-06-22T13:00:31+00:00
32aee904-f648-47e8-8ef7-ea25b2be7540,403,1,1,310,,Just a moment...,broken,,2026-06-22T13:00:31+00:00
eef04489-a3d3-47a0-9b9f-5f31a08d0c5d,200,1,1,87,WordPress,Los Agaves Napa,good,,2026-06-22T13:00:31+00:00
b63e2136-a9aa-446d-9e5b-a308485b4fe7,200,0,0,187,,,weak,,2026-06-22T13:00:31+00:00
4b0ab57e-4d84-4236-af01-29db5af60c85,200,1,1,1473,WordPress,Happy Nails &#8211; Nails and Spa Salons,good,,2026-06-22T13:00:31+00:00
48174f07-8679-4ce0-8ac7-36b991a2d3b6,0,0,0,106,,,broken,connection failed,2026-06-22T13:00:31+00:00
62f6968e-fd05-40a4-a8f7-73b196a11809,200,1,1,516,,Welcome Aboard the Official Napa Valley Wine Train,good,,2026-06-22T13:00:31+00:00
aa0d14b4-c707-42af-ae99-067e40b4e3d8,0,0,0,522,,,broken,"ssl: HTTPSConnectionPool(host='www.tipstritip.com', port=443): Max retries exceeded with url: / (Caused b",2026-06-22T13:00:31+00:00
d789f021-977b-43e6-86c9-6c8f00822f9f,200,1,1,1524,WordPress,"Dentist in Napa, CA - Silverado Dental Care",good,,2026-06-22T13:00:31+00:00
bf25d4ae-56c6-44ba-a644-ba2a59b5ca31,404,1,1,824,Shopify,Page not found &#8211; Community Action of Napa Valley,broken,,2026-06-22T13:00:31+00:00
fc1397ab-fc4d-4aed-92a8-de7a656d3e70,200,1,1,3473,WordPress,Costeaux Petaluma - Costeaux,good,,2026-06-22T13:00:31+00:00
859aee28-c3e6-47b8-b0f9-f39046d9313e,0,0,0,109,,,broken,connection failed,2026-06-22T13:00:32+00:00
cd208ba2-51e1-45a6-9a8f-5ea41ca7fd22,200,1,1,235,WordPress,Best Hair Salon Dallas TX | Hair Color Experts - Salon D,good,,2026-06-22T13:00:32+00:00
f25adfbf-8b48-4b2f-8b57-dad854088663,200,1,1,506,,,good,,2026-06-22T13:00:32+00:00
29a91841-7582-4d60-8f20-6ad421f7b4d1,200,1,0,544,,Arrangement Salon a Napa Beauty and Hair Salon,weak,,2026-06-22T13:00:32+00:00
c1a926c9-5d79-48e8-ad12-89fe5d3c7926,403,1,0,101,,Access Denied,broken,,2026-06-22T13:00:32+00:00
026c6cfe-4805-4139-a127-b03203ad0194,403,1,0,284,,Hyatt Hotels and Resorts,broken,,2026-06-22T13:00:32+00:00
7e14f2b8-dc9a-4e1a-8b62-e422dcfe6c7b,200,1,1,254,,Meritage Resort &amp; Spa | Napa Valley Vineyard Getaways,good,,2026-06-22T13:00:32+00:00
efc2591e-7a8a-42fa-a34f-b3390b6f9a11,200,1,1,8379,WordPress,"Sky Vineyards | Mt. Veeder, Napa Valley. Estate grown wines since 1973",weak,,2026-06-22T13:00:32+00:00
8992576d-8cd6-4eea-b649-d86acbb38c46,200,1,1,255,WordPress,Home | Hoffman Institute US,good,,2026-06-22T13:00:32+00:00
6ec2faad-c7d3-4bf5-8b0f-475b257b04d3,0,0,0,132,,,broken,connection failed,2026-06-22T13:00:32+00:00
6c739df5-04b0-4738-964a-0c68a76c3c0f,200,1,1,215,,Restaurants &amp; Bars in Sonoma - Fairmont Sonoma Mission Inn &amp; Spa,good,,2026-06-22T13:00:32+00:00
1db56c91-b42e-4ea5-a147-db99570ae1fc,200,0,0,180,,,weak,,2026-06-22T13:00:32+00:00
0c53d31f-f774-4319-b79b-de479198d63b,200,1,1,1581,,"Dr. Forstadt - Dentist in Sonoma, CA",good,,2026-06-22T13:00:32+00:00
18fe7718-e47e-4578-96f3-1221da830707,200,1,0,176,,,weak,,2026-06-22T13:00:32+00:00
82d5780f-982d-4547-9a50-7d19ef1d6eac,404,1,0,652,,,broken,,2026-06-22T13:00:32+00:00
6d59b949-93a4-4b24-8c05-a115479071a1,0,0,0,106,,,broken,connection failed,2026-06-22T13:00:32+00:00
39cf52ef-b4d8-44ad-ada0-fe593fb30e7c,200,1,0,310,,,weak,,2026-06-22T13:00:33+00:00
700f8e13-539b-4c0f-bc3b-a1cd688b3b6e,0,0,0,30,,,broken,connection failed,2026-06-22T13:00:33+00:00
6eda04e1-fc42-40da-b198-791591c9d2c0,200,1,1,443,,La Hacienda Taqueria & Brewery San Rafael,good,,2026-06-22T13:00:33+00:00
5f0c2d9f-6f2e-41a2-b107-e99a4a19d39b,200,1,1,407,,Bay Equity Home Loans | We’re Here To Get You Home,good,,2026-06-22T13:00:33+00:00
35c01d48-0334-4f68-9bc5-8798d02b6c0a,200,0,1,630,,,weak,,2026-06-22T13:00:33+00:00
88e49382-54a4-4c54-98c2-add03fe885a2,0,0,0,38,,,broken,connection failed,2026-06-22T13:00:33+00:00
2e05a733-e387-4b08-ae0e-6228f856821b,200,1,1,682,,Rosso Pizzeria & Wine Bar - Gourmet Pizza Perfection,good,,2026-06-22T13:00:33+00:00
66e693e9-897c-4462-b22d-7a83c9491449,0,0,0,29,,,broken,connection failed,2026-06-22T13:00:33+00:00
5570287c-0846-4623-8dc2-c15879d1c9c7,200,1,1,781,WordPress,Fit N Furry Pet Resort - Pet Services in Petaluma CA,good,,2026-06-22T13:00:34+00:00
256375fb-b988-4eee-84a2-9abe63c96ea7,0,0,0,37,,,broken,connection failed,2026-06-22T13:00:34+00:00
cbf1d5dd-a139-479d-bf25-65d795f42c38,0,0,0,324,,,broken,"ssl: HTTPSConnectionPool(host='locations.jambajuice.com', port=443): Max retries exceeded with url: /ca/p",2026-06-22T13:00:34+00:00
065bdcc1-42fd-44ee-9d33-ba9c2f56d32f,200,1,1,2729,,"Gyms in Fairfield Rancho Solano, California 94534 | In-Shape Fitness",good,,2026-06-22T13:00:34+00:00
16119158-11dc-4bd2-b51e-86e8c2eb01dd,404,1,1,2339,WordPress,Page not found - WebSta.ME,broken,,2026-06-22T13:00:34+00:00
bccfe45b-85c8-479f-a0ff-d75b71eb23f2,0,0,0,15182,,,broken,timeout,2026-06-22T13:00:34+00:00
e27134f6-bfb5-42c6-b4c2-bcf666550454,0,0,0,42,,,broken,connection failed,2026-06-22T13:00:34+00:00
e4942249-1d7a-4d52-9a54-9fcd37949122,0,0,0,109,,,broken,connection failed,2026-06-22T13:00:34+00:00
1cdea88a-ec88-48d3-9197-a7fbeb09011c,200,1,1,466,,All Massage Envy Locations | Facials | Massage Therapy,good,,2026-06-22T13:00:34+00:00
e611a8ff-087a-45ca-ba55-d6430bd07771,0,0,0,115,,,broken,connection failed,2026-06-22T13:00:34+00:00
8d0f4cd0-f9b2-4d64-afcd-d64381b579d0,404,1,1,1043,,,broken,,2026-06-22T13:00:34+00:00
a45ca853-9172-46cf-bbe7-783836e4d590,200,1,1,355,GoDaddy,"Jean Edwards Cellars - Napa Valley, Cabernet Sauvignon, We Are Located at the Tasting Barn Near Silverado Resort",good,,2026-06-22T13:00:34+00:00
6f7252c1-e8fc-4b4e-9e5a-2835b633c19b,200,1,1,399,WordPress,Alpha Omega Winery | Napa Valley,good,,2026-06-22T13:00:34+00:00
10a4ddf9-66e2-4c56-a1d7-712cb0f4723c,200,1,1,601,,King88bet : Link Login Alternatif Paling Baru & Bebas Blokir Fresh Banget Versi 2026,good,,2026-06-22T13:00:34+00:00
e209a723-1fd9-459d-b05e-1428dd143bb4,403,1,1,158,,Just a moment...,broken,,2026-06-22T13:00:34+00:00
66cea04a-5bdf-4238-b8d4-0f49f06aad8c,200,1,1,360,Shopify,Beaulieu Vineyard,good,,2026-06-22T13:00:35+00:00
91304c55-204b-4b2c-8065-e646f7cf41c7,200,1,1,485,WordPress,Home - Beckstoffer Vineyards,good,,2026-06-22T13:00:35+00:00
bece1c65-3f67-48eb-9835-8ddb1ca8540d,200,1,1,287,Webflow,Bronco Wine Co. - Welcome,good,,2026-06-22T13:00:35+00:00
e387c3e5-b051-476a-9ac2-ce453a180c65,200,1,1,138,Webflow,"Calplans Vineyards, Grape Vineyard, 1595 Wooden Valley Rd",good,,2026-06-22T13:00:35+00:00
673baf5a-cdeb-4c94-b3be-36de8d38825d,0,0,0,527,,,broken,connection failed,2026-06-22T13:00:35+00:00
be80c249-1cc4-4818-a907-69ad68ccb4f0,200,1,1,382,,Bryant Estate | Home,good,,2026-06-22T13:00:35+00:00
51555bbc-3cd8-4c23-9b7b-85248debecc1,200,0,0,250,,,weak,,2026-06-22T13:00:35+00:00
a5b5ed55-7159-4d2d-8f73-87ddbc2ea70d,200,1,1,216,,Gallo,good,,2026-06-22T13:00:35+00:00
099bcdb0-4bcf-45ad-952f-0f7272784c70,0,0,0,44,,,broken,connection failed,2026-06-22T13:00:35+00:00
96a6b745-f827-41a3-a1ff-31490bd70b57,200,1,1,219,WordPress,Home - Favia Wines,good,,2026-06-22T13:00:35+00:00
964ad70a-c3c6-485d-9397-3d0275eb8824,200,1,1,691,,Brown Estate - Napa Valley,good,,2026-06-22T13:00:35+00:00
eb04ec7b-2878-4197-9421-4c71d810b53b,200,1,1,72,,Shop Napa Valley Wine | Tours and Tastings | Napa Valley | HALL Wines,good,,2026-06-22T13:00:35+00:00
290a7225-77f8-4b55-b20b-696e41950799,200,1,1,248,Squarespace,Gagnon-Kennedy Vineyards,good,,2026-06-22T13:00:35+00:00
ab7f0dff-7565-40f8-9096-a3abb95b9dc2,0,0,0,18,,,broken,connection failed,2026-06-22T13:00:35+00:00
e14e34b4-d1a6-4f7e-b7c3-d277d5e67926,200,0,0,258,,Grebennikoff Vineyards - Home of the Fire Engine Red,weak,,2026-06-22T13:00:35+00:00
7df7a5ab-0663-47ed-b180-53e88efe4b34,200,1,1,654,,Welcome to Colgin Cellars - Home - Colgin Cellars,good,,2026-06-22T13:00:35+00:00
e9dc5aa8-6d37-4351-b0ee-61f5aaca465a,200,1,1,422,Squarespace,GALLICA,good,,2026-06-22T13:00:35+00:00
0651afcf-3084-47aa-b31f-0e83ca09d8ea,200,1,1,465,WordPress,HdV Wines Hyde de Villaine California winery visit Napa Valley,good,,2026-06-22T13:00:36+00:00
5be168ce-bc41-4f2c-9ace-dbb302065dab,0,0,0,9,,,broken,connection failed,2026-06-22T13:00:36+00:00
8de94549-0de1-4b39-bd82-1bfb3f0581e1,200,1,1,298,WordPress,Lobo Wines Napa - Artisanally Crafted,good,,2026-06-22T13:00:36+00:00
456cae22-e1cb-4838-b9d5-97e81317f9d9,200,1,1,494,Shopify,Luna Vineyards,good,,2026-06-22T13:00:36+00:00
d3deb04b-2235-48cd-b65f-abfbf1812ee5,200,1,1,274,WordPress,Home - Ménage à Trois Wines,good,,2026-06-22T13:00:36+00:00
ac132123-16eb-4228-b532-fdf8a4d8808d,0,0,0,102,,,broken,connection failed,2026-06-22T13:00:36+00:00
96522949-2665-46b5-9ac2-b6807d9a2f57,200,1,1,974,Drupal,"Kendall-Jackson Wines | California-Grown, Family-Owned",good,,2026-06-22T13:00:36+00:00
c9abcb18-d784-4ee6-bc12-6b38979aab04,200,1,1,266,WordPress,Home - Phifer Pavitt,good,,2026-06-22T13:00:37+00:00
ef6db149-0a16-4ea2-a1ee-4b6bd12a3d88,200,1,1,560,Shopify,Mount Veeder Winery | Mount Veeder Winery,good,,2026-06-22T13:00:37+00:00
68358c30-965b-48c3-bfa8-fbd4ed42557c,200,1,1,1016,WordPress,Mount Veeder Magic Vineyards &#8211; Premium Cabernet from the Napa Valley,good,,2026-06-22T13:00:37+00:00
b43d5b11-296a-47bc-ab31-ee319513130e,200,1,1,286,GoDaddy,Contact Us - Piña Vineyard Management,good,,2026-06-22T13:00:37+00:00
2eacca00-6787-4974-b405-a97eba947247,200,1,1,692,WordPress,OVID Napa Valley | Organically Farmed Pritchard Hill Wine,good,,2026-06-22T13:00:37+00:00
e4323fed-83c0-46f1-a85c-b52cb79b7a8b,200,1,1,1518,WordPress,Larkin Wines - Napa Valley Wines In Bottles and Cans,good,,2026-06-22T13:00:37+00:00
1f3df721-9ed0-4db2-bedc-463ee7e60b74,202,0,0,152,,,weak,,2026-06-22T13:00:37+00:00
ff681b9f-f914-4e3d-a443-9f737ae1fb3c,200,1,1,604,,"Welcome to Pott Wine - World-renowned winemaker Aaron Pott's eponymous wine label, featuring Pott's Mt. Veeder estate wines, single-vineyard designates from appellations in Napa and beyond.",good,,2026-06-22T13:00:37+00:00
e823c541-8f17-43f6-8246-817317f46084,200,0,0,233,,InMotion Hosting,weak,,2026-06-22T13:00:37+00:00
a5507988-9746-40d9-a8e1-f698e44d53c1,200,1,1,328,WordPress,Home - Sonocaia Estate Vineyard,good,,2026-06-22T13:00:37+00:00
ad2a9630-e9ff-4621-990f-b6299bcdb7fe,200,1,1,582,Shopify,"Silver Oak Cabernet Sauvignon Wines, Napa and Alexander Valley &ndash; Silver Oak Cellars",good,,2026-06-22T13:00:37+00:00
f4855775-b398-4e07-8bc7-94947babc003,200,1,1,302,WordPress,"Red Wines, Sweet Wines &amp; White Wines | Sutter Home Family Vineyards",good,,2026-06-22T13:00:37+00:00
f2eab444-c93d-47f5-999d-9f59afb2e303,200,0,1,812,,乐鱼网页版登录入口-乐鱼(中国),weak,,2026-06-22T13:00:38+00:00
d67c74a2-7523-4bd7-ab05-43d11c555c85,200,1,1,540,Squarespace,Seka Hills | Experience Quality Products - Shop Now,good,,2026-06-22T13:00:38+00:00
f9ec9645-2753-4c68-bc7b-795629338136,200,1,1,426,Squarespace,LOLA,good,,2026-06-22T13:00:38+00:00
f34330b9-0e17-44f1-8236-7725cd740cbb,200,1,1,148,Webflow,"Lail Vineyards, Wine Manufacturer, 1127 Pope St Ste 301",good,,2026-06-22T13:00:38+00:00
0ff2031b-b5ca-4f2b-92ae-092d607d5105,200,1,1,417,WordPress,Trinitas Cellars | Christian Wine Brand | Napa Valley,good,,2026-06-22T13:00:38+00:00
43136998-4704-4807-b3cd-bc77881c8e27,0,0,0,109,,,broken,connection failed,2026-06-22T13:00:38+00:00
b8cfa7b4-b820-448e-8665-fa69082afee8,200,1,1,5807,Squarespace,Two Birds/One Stone Napa welcomes both guests with a reservation...,weak,,2026-06-22T13:00:38+00:00
f5d59a98-7a54-485e-895a-a9691389c904,0,0,0,4188,,,broken,connection failed,2026-06-22T13:00:38+00:00
4c954cbb-9638-4852-84b6-30358ae665cc,200,1,1,213,GoDaddy,TaylorsRefresher.com is for sale | HugeDomains,good,,2026-06-22T13:00:38+00:00
6a128c15-e6f7-4e6e-8eaa-a4daf4bc2db1,403,0,0,146,,etsy.com,broken,,2026-06-22T13:00:38+00:00
62108437-1551-47fe-a499-d7ba9653e69c,200,1,1,474,Squarespace,Cowpoke Cafe,good,,2026-06-22T13:00:38+00:00
887c3cdb-23e3-45dd-812f-5532be037e60,200,1,1,859,Webflow,Home - Usibelli Vineyards,good,,2026-06-22T13:00:38+00:00
39038f67-3fb7-4988-8dc6-92520e35ab1d,200,1,1,621,Shopify,Yount Ridge,good,,2026-06-22T13:00:38+00:00
68c614b9-479a-408b-bbbc-eba59eef0f84,200,1,1,232,,"Petaluma News, Breaking News in Petaluma, CA",good,,2026-06-22T13:00:38+00:00
44fb10d3-02e4-45c9-99ce-a8e58917ce6a,200,0,0,276,,,weak,,2026-06-22T13:00:39+00:00
9512d341-e299-4653-b1a6-b695c62f8201,200,1,0,282,,,weak,,2026-06-22T13:00:39+00:00
e6d193b4-3639-4886-a2d4-0ff007b9623c,0,0,0,12,,,broken,connection failed,2026-06-22T13:00:39+00:00
74768b02-0358-45fc-ba52-4768836cec3e,200,1,1,1250,WordPress,Homepage - Wallis Estate,good,,2026-06-22T13:00:39+00:00
136b9585-1f4f-4d64-b635-dbf8814756c3,200,1,0,546,,allstarshairsaloncom,weak,,2026-06-22T13:00:39+00:00
e4d1bc35-0f2c-42d9-93de-8371a58633af,0,0,0,139,,,broken,"ssl: HTTPSConnectionPool(host='perarug.com', port=443): Max retries exceeded with url: / (Caused by SSLEr",2026-06-22T13:00:39+00:00
b0480893-1a97-4f83-806b-bd87ceab9d74,0,0,0,265,,,broken,connection failed,2026-06-22T13:00:39+00:00
58e8501e-00c7-4135-b47e-a80133b3525a,404,0,0,98,,Error 404 (Not Found)!!1,broken,,2026-06-22T13:00:39+00:00
0e259fbf-2446-4701-9977-d5a9f2089185,200,1,1,989,,Concentric | Critical &amp; Forklift Power Solutions,good,,2026-06-22T13:00:39+00:00
c03a6ab7-cf04-4f97-b741-a2ab9cf0ae38,403,1,1,84,,Access denied | johnnyonthespotnapa.com used Cloudflare to restrict access | johnnyonthespotnapa.com | Cloudflare,broken,,2026-06-22T13:00:39+00:00
b8c12cd1-4ef8-4d6a-9d6b-dbd0f504728c,0,0,0,14,,,broken,connection failed,2026-06-22T13:00:39+00:00
95aa017e-4744-468d-b39c-1258f4509dfb,200,1,1,1210,,Division 7 Reps Home Page,good,,2026-06-22T13:00:39+00:00
57b722da-3335-474f-9b59-620c23c5aef7,200,0,1,345,Squarespace,Gourmet Faire,weak,,2026-06-22T13:00:40+00:00
1365e55f-7fd6-4ae4-8f26-72a5213fa61d,0,0,0,104,,,broken,connection failed,2026-06-22T13:00:40+00:00
713fd4d9-7fbb-4b18-8e55-9db3bf23e2e8,200,1,1,851,,California Board of Barbering and Cosmetology,good,,2026-06-22T13:00:40+00:00
99d7a2f4-b181-4ddb-8c2e-4b794a44c817,200,1,1,16003,WordPress,M.S. Torun Winery &#8211; Napa Valley,weak,,2026-06-22T13:00:40+00:00
bb447777-b6a0-4bb8-826f-3d15ae78a8a4,200,0,0,292,GoDaddy,"Delta Sandblasting Company, inc. - Abrasive Blasting, Coating, Sandblasting",weak,,2026-06-22T13:00:40+00:00
b7e3719d-037a-40f9-a480-e9c41cb5847c,200,1,1,293,,"Oral Surgery in Napa, CA | Oral Surgeon",good,,2026-06-22T13:00:40+00:00
147a032b-7cfd-4d7a-a02c-682a724bfde0,410,1,1,1032,,"Perfect Nails Spa, 110 West American Canyon Road, American Canyon, CA - Groupon",broken,,2026-06-22T13:00:40+00:00
a6e599c3-0ae1-4372-8654-bd841c10e8b1,200,1,1,2552,WordPress,Tom Eddy Winery- Elegantly Aged Mountain Cabernet,good,,2026-06-22T13:00:40+00:00
df4e1655-5e47-4a78-8c63-9b00ce8bd3b9,200,0,0,199,,,weak,,2026-06-22T13:00:40+00:00
0f18eff1-25d5-447d-900c-4ca68fa6b82b,0,0,0,39,,,broken,connection failed,2026-06-22T13:00:40+00:00
7510c166-0048-4d52-bc17-4095f1cdde6d,200,1,1,395,,"Stunning Napa Wedding Illuminates The Garden - MODwedding | Long table greenery wedding, Wedding table decorations long, Wedding table flowers long tables",good,,2026-06-22T13:00:40+00:00
34d67f21-764c-4143-93da-12ee6e9b7c0f,0,0,0,0,,,broken,InvalidURL: Failed to parse: http://www.​vrbo.​com,2026-06-22T13:00:40+00:00
20645ad4-708f-4e3b-bf0d-dc9ddabc41ea,0,0,0,28,,,broken,connection failed,2026-06-22T13:00:40+00:00
762b2812-b94f-4bf9-a0f0-8251d9af28ab,200,0,0,169,,NameBright - Coming Soon,weak,,2026-06-22T13:00:40+00:00
5c3ed040-bef3-4f6e-a5a1-15c483f1ad30,200,1,1,633,Weebly,Redwood Empire Dental Society - Home,good,,2026-06-22T13:00:40+00:00
4f2194b6-1b22-41c3-ba22-dd0d722a4eee,0,0,0,114,,,broken,connection failed,2026-06-22T13:00:40+00:00
41871cb9-0a2a-4f17-a14d-7f4e6adfcdc2,0,0,0,111,,,broken,connection failed,2026-06-22T13:00:40+00:00
f7205971-6d91-498f-9c9e-41b94f8f402d,200,0,1,359,,COUNTRYLODGE.COM - BEST HOTEL DEALS AND DISCOUNTS | FLIGHTS | COUNTRYLODGE.COM,weak,,2026-06-22T13:00:40+00:00
b4363093-4408-4d82-8c14-79939256214e,404,0,0,218,,,broken,,2026-06-22T13:00:40+00:00
8de0b781-5129-468e-b1ed-63dc568ebb4a,200,1,1,340,Wix,HOME | ML Interior Design,good,,2026-06-22T13:00:41+00:00
14d635b6-51e4-46fe-9efe-73942124ef79,200,0,1,265,GoDaddy,"Jungle Maiden Jewelry unique organic one of a kind jewelry pieces using fine quality gemstones junglemaidenjewelry.com Sonoma, CA",weak,,2026-06-22T13:00:41+00:00
3c630cb2-08be-4d07-9662-286ca5770347,200,1,1,187,Webflow,"Pancha&amp;#39;s of Yountville, Pub, 6764 Washington St",good,,2026-06-22T13:00:41+00:00
962e0288-c11e-4547-b8a0-64c346c1f1bf,200,1,1,1021,Shopify,Mercantile 12 - Napa California,good,,2026-06-22T13:00:41+00:00
6b8afe9f-30db-4bc4-8038-681b64844352,200,0,0,169,,Solano County Property Value Calculator. Remax. Jason Francis Real Estate.,weak,,2026-06-22T13:00:41+00:00
a4284abf-8a47-45be-ba22-310a06d74da1,404,0,1,429,,404 Not Found,broken,,2026-06-22T13:00:41+00:00
e14c4f52-2188-4772-80d7-b82e135f7006,0,0,0,111,,,broken,connection failed,2026-06-22T13:00:41+00:00
a0b3c529-3539-4145-8353-a7663cd2cdb4,200,1,1,476,,Real Estate Services Sonoma County â Find Your Luxury Home,good,,2026-06-22T13:00:41+00:00
f0923cf5-0052-4319-af58-521457fd021a,0,0,0,53,,,broken,connection failed,2026-06-22T13:00:41+00:00
3b54a370-d0f0-4ca3-8abb-ee75a7858c5c,200,1,1,474,,Marsha Harris - Petaluma,good,,2026-06-22T13:00:41+00:00
84a621c9-1e6e-4678-933d-9e00ee9b83aa,0,0,0,15133,,,broken,connection failed,2026-06-22T13:00:41+00:00
834a0087-0410-487e-bddb-b40a7c81ae61,0,0,0,10006,,,broken,connection failed,2026-06-22T13:00:41+00:00
ca3bac25-bd2d-47eb-a492-f67a070e8690,0,0,0,1498,,,broken,connection failed,2026-06-22T13:00:42+00:00
f5438de0-2beb-40cd-9353-b8419d561ad4,200,0,1,399,GoDaddy,Roofing Service | Repair & Installation | Call (888) 602-1585,weak,,2026-06-22T13:00:42+00:00
50b70c2f-4c90-4615-990f-ee946f69db27,0,0,0,103,,,broken,connection failed,2026-06-22T13:00:42+00:00
54915f28-f03a-47c0-9986-78a6cd4f3ca6,200,0,0,171,,,weak,,2026-06-22T13:00:42+00:00
9719fb8b-a7a7-42f4-bbc0-3926ad7a4b6a,200,1,1,2311,WordPress,Solano Dermatology Associates &#8211; A Medical Corporation Established 1949,good,,2026-06-22T13:00:42+00:00
dd8f1ed3-3ec5-4a3f-8df7-e68d5da35f4c,200,1,1,486,,"Auberge Collection | Luxury Hotels, Resorts, Residences & Safaris",good,,2026-06-22T13:00:42+00:00
e03d2ee6-5b9f-48c0-be01-c430ee81251f,200,1,1,497,GoDaddy,"The Golden Owl Tattoo and Gallery | Napa, CA",good,,2026-06-22T13:00:42+00:00
1711870f-5279-4336-a3e2-1f817b84f114,200,1,1,988,Wix,Home | WillieBHomes.com,good,,2026-06-22T13:00:42+00:00
337d83b6-6810-4100-9d47-e7a300e773e2,404,0,0,360,,404 Not Found,broken,,2026-06-22T13:00:42+00:00
131661ea-5da4-4bc8-910b-8df4cadf8ef1,0,0,0,118,,,broken,connection failed,2026-06-22T13:00:42+00:00
62f700a4-9437-450f-a17a-d32a2484ae52,200,1,1,9605,GoDaddy,Wine Country Pet Boutique &amp; Spa - Home,weak,,2026-06-22T13:00:42+00:00
19df9769-263e-4385-85ef-e437f3037a3f,404,1,1,399,,,broken,,2026-06-22T13:00:43+00:00
47b311ec-aa62-4b44-835c-02ddd87d1d0f,200,1,1,1141,,Acne Specialist Petaluma CA | Petaluma Premier Skincare | © 2026 PETALUMA PREMIER SKINCARE LLC,good,,2026-06-22T13:00:43+00:00
2f2a0660-47d7-4caf-a9f9-e0d7221f7c38,200,1,1,1930,,Heli Sairanen - Real Estate Agent - Coldwell Banker,good,,2026-06-22T13:00:43+00:00
d66a8209-eee0-4252-9128-260488261393,200,0,0,1194,,,weak,,2026-06-22T13:00:43+00:00
a1b83ada-bf3d-45a7-8a43-7bde2c7804c6,200,1,1,817,,Passaggio Wines - Homepage,good,,2026-06-22T13:00:43+00:00
e3f279b6-68cf-4ab8-ab4d-7f945fe5237c,200,1,1,186,WordPress,Napa Valley Winery - Baldacci Family Vineyards,good,,2026-06-22T13:00:43+00:00
c70d3151-4b3e-4f12-9c22-3458757daeb5,200,1,1,636,WordPress,The Napa Wine Project -,good,,2026-06-22T13:00:43+00:00
50e45251-4105-4632-b964-0d907242afad,200,1,1,258,GoDaddy,Buy arietta-wine.com – Premium Expired .com Domain on GoDaddy | ExpiredDomains.com,good,,2026-06-22T13:00:43+00:00
ef8c7414-a93d-49e9-8525-90a21a97146d,200,1,1,405,Wix,Warren Winiarski | Warren Winiarski,good,,2026-06-22T13:00:43+00:00
d2c39b47-c47d-4b26-ae8e-e48c316af8ad,200,1,1,204,WordPress,Home - B. Wise Vineyards,good,,2026-06-22T13:00:43+00:00
f9a8ab24-1bd9-4def-9e05-b5fffb51aeb2,200,1,1,438,Drupal,ELITE LIMOUSINE | San Francisco Limo | Executive Limo | Chauffeur services | Airport Limo | SF Limo Service | Elite Limousine,good,,2026-06-22T13:00:43+00:00
16dcc126-96f9-4ce6-acbb-43fa85ddb1aa,404,0,1,178,WordPress,Flywheel - Unknown Domain,broken,,2026-06-22T13:00:43+00:00
f027e01e-59ec-447a-8c83-9fb98c5588d3,403,1,1,148,,Just a moment...,broken,,2026-06-22T13:00:43+00:00
4d3e1bab-027f-41cb-8720-46ea3cbe331e,404,0,0,230,Squarespace,Squarespace - Website Expired,broken,,2026-06-22T13:00:43+00:00
957282e7-ec64-4cf6-a777-2d74d0d229ef,200,1,1,227,GoDaddy,Home - Euclid Wines,good,,2026-06-22T13:00:43+00:00
7ef0e8e1-668e-47c5-a93b-e150cf6d2003,200,1,1,347,WordPress,Home Page - PEJU Winery,good,,2026-06-22T13:00:43+00:00
6bb3de26-f5e2-433c-86c3-23857d7e3976,0,0,0,8,,,broken,connection failed,2026-06-22T13:00:43+00:00
887467f2-6a77-4394-b0a8-a9261c41d678,0,0,0,48,,,broken,connection failed,2026-06-22T13:00:43+00:00
86814eed-4488-44d3-aa18-db745f0edb70,200,1,1,209,WordPress,Mi Sueño Winery | A Taste of the American Dream,good,,2026-06-22T13:00:43+00:00
dd8a0137-1fb4-4b3c-94e6-16d2f3e217da,200,1,1,351,Squarespace,FOTINOS VINEYARD Napa Carneros,good,,2026-06-22T13:00:43+00:00
e2f2985e-40ba-4c27-8a6d-a8929381e25c,202,1,0,598,,,weak,,2026-06-22T13:00:43+00:00
78ace50f-bf9a-4b41-8158-7e0c2c580e99,404,1,0,325,,404 - Page Not Found,broken,,2026-06-22T13:00:43+00:00
e8744ae3-4503-4a8b-b2e6-0d3628fb3975,200,1,1,602,Squarespace,Diamond Terrace Napa,good,,2026-06-22T13:00:43+00:00
445bf1ea-d523-4a8d-91b1-622d197da10e,200,1,1,391,,Vincent Arroyo Winery -,good,,2026-06-22T13:00:43+00:00
41829a87-af07-4f03-a4ef-feb87b0bc96a,200,1,1,420,Shopify,Hunter Glenn Estate,good,,2026-06-22T13:00:44+00:00
e54e3040-5504-46b0-bc78-e937671cc52d,0,0,0,397,,,broken,connection failed,2026-06-22T13:00:44+00:00
92329ef2-487a-424f-9a3d-7453d3d40c85,200,1,1,532,WordPress,,good,,2026-06-22T13:00:44+00:00
5a1a03a9-667c-44e4-8454-1bc1504d79b4,200,1,1,493,Squarespace,Ballard Vineyard,good,,2026-06-22T13:00:44+00:00
666c8b94-1844-4d40-bd3c-260853004a0c,200,1,1,202,WordPress,Home - Paradise Ridge Winery,good,,2026-06-22T13:00:44+00:00
1767210b-3fa6-4043-b253-4f8943c5ca88,200,1,1,695,WordPress,Lions Head Collection,good,,2026-06-22T13:00:44+00:00
9271d597-f644-4499-b443-6d9c2e0b874c,200,1,1,654,Shopify,Melanson Vineyard,good,,2026-06-22T13:00:44+00:00
e4e2d421-0e02-4d40-8e09-1b60edc07a96,200,1,1,564,,Mithra Winery,good,,2026-06-22T13:00:44+00:00
4f15b2fb-3a58-45b8-9742-ad31a58a6d41,200,1,1,390,Squarespace,Contact &mdash; Nord Vineyard Services,good,,2026-06-22T13:00:44+00:00
7b7412bd-7d26-4115-9d6e-8bf43b317285,200,1,1,553,Squarespace,Rafael et Fils Wine,good,,2026-06-22T13:00:44+00:00
8568a301-37c4-4c14-a242-91a7f26fcead,0,0,0,112,,,broken,connection failed,2026-06-22T13:00:44+00:00
5a955768-5344-41f1-8d3c-bf73d9de96c6,200,1,1,622,,Ravenswood | Zinfandel Wines,good,,2026-06-22T13:00:44+00:00
216cf396-3cbf-40ec-a182-a000ecd312ac,200,1,1,478,Shopify,Schrader Cellars | Renowned Napa Valley Cabernet Sauvignon,good,,2026-06-22T13:00:45+00:00
150310cc-6947-41da-bb9c-25d4eecce6ca,404,1,0,401,,404 Not Found,broken,,2026-06-22T13:00:45+00:00
eeed9ffe-2935-40f3-88e4-1d3101f873b1,200,1,1,560,WordPress,Shed Creek Cellars,good,,2026-06-22T13:00:45+00:00
1e357460-fa3e-4d08-afc5-ace69ce95a29,202,1,0,194,,,weak,,2026-06-22T13:00:45+00:00
956da547-7122-4475-97ed-f7b385725ea7,200,0,0,226,,,weak,,2026-06-22T13:00:45+00:00
0641db8e-8696-4c05-ab73-1c643319c40c,200,1,1,653,Webflow,Home - Usibelli Vineyards,good,,2026-06-22T13:00:45+00:00
7fcd9211-67e0-4d29-b649-1f92b9e2609e,200,1,1,148,WordPress,"Tax, Advisory, and Accounting Firm | BPM",good,,2026-06-22T13:00:45+00:00
04e61820-1732-4bc5-8b38-e74bac204d7c,200,1,1,782,Wix,Napa Valley Wines | Wineplayground,good,,2026-06-22T13:00:45+00:00
4433cf17-2db3-41a0-ab1a-1c994d6e8249,200,1,1,346,WordPress,Pisenti &amp; Brinker - Sorren,good,,2026-06-22T13:00:45+00:00
dbc7f42e-1038-4480-8b53-33a60f07710b,200,1,1,2601,WordPress,Sebastiani Next Episode - Home,good,,2026-06-22T13:00:45+00:00
dd62793e-0314-4200-879f-18488334d32a,200,1,1,547,Wix,Accounting &amp; Advisory Services | Granados Hillman,good,,2026-06-22T13:00:45+00:00
2012ff0d-bc0a-4ecb-aeba-abb9a618a3fe,0,0,0,111,,,broken,connection failed,2026-06-22T13:00:46+00:00
0457ffcf-a19d-4240-9891-7d79c38b111a,200,0,0,243,,,weak,,2026-06-22T13:00:46+00:00
002ee61b-251e-4575-86c8-869f8d53451d,403,0,1,59,,Suspected Phishing | Cloudflare,broken,,2026-06-22T13:00:46+00:00
a254b86d-3d46-4751-bb4e-d2ea8ccffb0b,200,1,1,385,,Accounting Controllership - Tax - Call Strategic Tax,good,,2026-06-22T13:00:46+00:00
34058a3c-42d5-4b9f-821c-7be13e2a4be8,0,0,0,4139,,,broken,connection failed,2026-06-22T13:00:46+00:00
d7487575-e4fc-4f10-8650-837d482333de,403,1,1,227,,Just a moment...,broken,,2026-06-22T13:00:46+00:00
bf609230-48dc-4f1f-ad47-a4adfb1470be,200,0,1,317,,petalumaacupuncture.org&nbsp;-&nbsp;petalumaacupuncture Resources and Information.,weak,,2026-06-22T13:00:46+00:00
495f2dc5-1b5e-418b-92c2-77b092e909a8,200,1,1,78,WordPress,Black Bear Diner – Breakfast Served All Day!,good,,2026-06-22T13:00:46+00:00
a8e77f7a-b5f1-4caf-9c3e-0c1300de2e60,200,1,1,94,WordPress,Black Bear Diner – Breakfast Served All Day!,good,,2026-06-22T13:00:46+00:00
964c40c0-3292-4821-94e9-e6c2deae9e2b,200,1,1,125,WordPress,Restaurant - Long Meadow Ranch,good,,2026-06-22T13:00:46+00:00
247ea3c2-42e3-4d12-bd1a-35ca0c65ac5a,200,1,1,799,Wix,"Valerie Mendels, L.Ac. | Functional Medicine &amp; Chinese Medicine for Women's Health",good,,2026-06-22T13:00:46+00:00
69cc3aa2-6664-4fef-a4ee-420c2d547bdf,200,1,1,428,WordPress,"Goose &amp; Gander Restaurant &#8211; Official Website of Goose &amp; Gander Restaurant &#8211; St. Helena, CA",good,,2026-06-22T13:00:46+00:00
6b926b43-ebee-4fa3-a40b-e540f60be42b,200,1,1,1560,,"California | Advisory, Tax and Assurance | Baker Tilly",good,,2026-06-22T13:00:47+00:00
a9347e6b-6d70-4321-a52e-3556ae1d0071,0,0,0,352,,,broken,"ssl: HTTPSConnectionPool(host='www.hurleysrestaurant.com', port=443): Max retries exceeded with url: / (C",2026-06-22T13:00:47+00:00
f0f3bae4-76f7-4fd5-9713-8cdef74eeac3,200,0,0,361,,,weak,,2026-06-22T13:00:47+00:00
722ab302-00ba-47cf-b3a1-0eadee686828,0,0,0,16022,,,broken,connection failed,2026-06-22T13:00:47+00:00
8d47d00f-c113-44c4-94cf-74426096fab6,200,1,0,1184,,Carpe Diem Wine Bar | Casual dining experience,weak,,2026-06-22T13:00:47+00:00
7eebba3d-f9e1-4b1c-9889-5a29d126449f,200,1,1,3858,WordPress,"Madonna Estate Winery | Organically Grown Wine in Napa, CA | Home",good,,2026-06-22T13:00:47+00:00
a42d4bea-2fa2-4d4e-8d90-85ec0c6de3ab,200,1,1,860,Wix,Mobile Food Trailer | Imagination on Fire | Napa,good,,2026-06-22T13:00:47+00:00
c408aae4-83b8-495a-93fe-62dde0edfaa4,202,0,0,65,,,weak,,2026-06-22T13:00:47+00:00
805f54c2-dbb3-48b9-b501-7f467017e651,200,0,1,3462,,Rubio's Vineyard Management - Napa,weak,,2026-06-22T13:00:47+00:00
b0a12716-c24c-4a51-b0de-d779a3174224,0,0,0,39,,,broken,connection failed,2026-06-22T13:00:47+00:00
04c332e0-157d-4e74-a3c4-942fbc4a05d7,200,1,1,280,,Sam's Social Club | Calistoga Dining | Official Site,good,,2026-06-22T13:00:48+00:00
242b06d5-05ee-4974-8209-474ca35fd3d4,0,0,0,119,,,broken,"ssl: HTTPSConnectionPool(host='www.tipsroadside.com', port=443): Max retries exceeded with url: / (Caused",2026-06-22T13:00:48+00:00
08292bd3-4d5b-4363-8241-3ee653f779b5,0,0,0,117,,,broken,connection failed,2026-06-22T13:00:48+00:00
8a2b4e62-7397-44c8-ac9f-03723e2f29c8,0,0,0,1490,,,broken,connection failed,2026-06-22T13:00:48+00:00
f7e861c9-6232-4dba-9177-ce21df5b811a,200,1,1,321,WordPress,"John&#039;s Hauling - Solano County Hauling &amp; Trash Service, A Full Service Hauling Company",good,,2026-06-22T13:00:48+00:00
7066fcc9-7b25-410d-8803-a0fb13210f9c,200,1,1,442,,"Architectural Designs | Inverness, CA - Alex Riley Associates",good,,2026-06-22T13:00:48+00:00
cdfbcc1e-134d-43e3-9d09-c250a85fe74d,200,1,1,307,Squarespace,High End Residential Architecture | Custom &amp; Luxury Home,good,,2026-06-22T13:00:48+00:00
ae5d51cf-3f91-484c-b437-98a9a8943efa,403,1,1,192,,Just a moment...,broken,,2026-06-22T13:00:48+00:00
582669f3-e0a7-4a2e-931a-18a307ce7d54,200,1,1,441,Squarespace,"JAMES JEFFERY ARCHITECTS AIA, inc - Napa Valley, CA",good,,2026-06-22T13:00:49+00:00
710d86e3-514c-4987-8c07-cccb0b21aacb,200,1,1,1763,WordPress,è¨æ¶ã«æ®ãä¼ç¤¾ãä¼æ¥­ã®ã­ã´ä½æã®ã³ãããã¤ã³ã,good,,2026-06-22T13:00:49+00:00
d7d495ae-71dd-412d-a5df-b693f03ee908,200,1,1,2195,Joomla,Page Not Found,good,,2026-06-22T13:00:49+00:00
1dd0eb57-9d6d-438c-96c1-feb7ce89f7aa,0,0,0,32,,,broken,connection failed,2026-06-22T13:00:49+00:00
a8bcba4f-2484-4abb-b92d-8fa135f33c9f,200,0,1,1765,,389SPORTS: Best Link Website in Official Trust 389Sport,weak,,2026-06-22T13:00:49+00:00
a3f2c35f-b7dc-437b-a827-8c421ed91222,0,0,0,104,,,broken,connection failed,2026-06-22T13:00:49+00:00
2a2dcd42-d9b7-401b-b783-9c7b9a778770,200,1,1,3326,WordPress,North Bay Fertility Acupuncture | Fertility Acupuncture in Sonoma and Napa CA,good,,2026-06-22T13:00:49+00:00
aab1e5fe-219c-4e59-85a3-e84905e8d7a1,200,1,1,1493,WordPress,Oilcloth Tablecloths Placemats Totes Aprons Bags • Cottage Home Decor,good,,2026-06-22T13:00:49+00:00
b7e1c1d4-4670-422c-a2cd-edac8b21d6ad,200,1,1,210,,"Napa, CA | Crash Champions",good,,2026-06-22T13:00:49+00:00
89ed0bd5-ff7a-45c9-be66-82ab63d0d993,0,0,0,14,,,broken,connection failed,2026-06-22T13:00:49+00:00
a07a27de-b169-49e0-ab05-dc254ed11fa4,200,1,1,669,,"PM Design, Inc.",good,,2026-06-22T13:00:49+00:00
856e4b9a-3a47-411c-8dd4-4fa44902b2c0,404,1,1,299,,"Auto Body &amp; Collision Repair Shops in Sonoma-15418, CA | CARSTAR",broken,,2026-06-22T13:00:49+00:00
9efa0346-e301-4c4f-8c10-044b2ca8ef1c,200,1,1,314,,"Collision Repair in Fairfield, CA | FAIRFIELD BECK | Crash Champions Store",good,,2026-06-22T13:00:49+00:00
a9025370-ec4e-41ac-9da6-7d953ae31546,200,1,1,274,GoDaddy,"Dent Solution FX - Napa Valley Auto Protection, Correction And Restoration | Napa Paint Protection Films, Colored Films, Window Tint And Detailing",good,,2026-06-22T13:00:49+00:00
e5e81550-7199-476b-83da-0d9c077254c7,403,1,1,139,,Just a moment...,broken,,2026-06-22T13:00:49+00:00
f9ce81bd-c95b-48be-a45a-074ebfb01012,200,1,1,2040,WordPress,Your trusted guide to the world of wine | ReddNapa,good,,2026-06-22T13:00:49+00:00
d1e5b6c7-9a5d-4c7f-9729-b71634684d28,0,0,0,32,,,broken,connection failed,2026-06-22T13:00:49+00:00
70a6fcd5-54aa-4d5c-a79f-bf8e102ffd09,200,1,1,114,WordPress,"24 Hour Roadside Assistance American Canyon, CA | 24-Hour Services!",good,,2026-06-22T13:00:49+00:00
2e7a416e-f7ef-419d-916f-e4e735a1affd,200,1,1,373,GoDaddy,,good,,2026-06-22T13:00:49+00:00
7f876acb-13a9-4ad1-a60d-5c7d2d4539d4,200,1,1,835,,Inspired Architecture that Elevates Everyday Life | Signum Architecture,good,,2026-06-22T13:00:49+00:00
1f380e41-2c33-4e83-aa18-bd93a98b2f03,403,1,1,210,,Dealer Website,broken,,2026-06-22T13:00:49+00:00
a40107bc-1b65-418b-aa41-b5c2c0bc0879,200,1,1,459,Wix,Home | Computerized Car Care,good,,2026-06-22T13:00:49+00:00
e635c70c-cb4a-464b-ab3c-0acd8a80be26,403,0,0,180,,403 Forbidden,broken,,2026-06-22T13:00:50+00:00
cf6c0ed2-6969-4677-8e66-4e72f2e82688,200,1,1,802,WordPress,"Auto Repair Shop in Sonoma, CA | Anton&#039;s European Car Service",good,,2026-06-22T13:00:50+00:00
bf8d69c8-791a-44ee-be26-6399c70030d3,0,0,0,2132,,,broken,connection failed,2026-06-22T13:00:50+00:00
f5cd7e24-6ed1-4513-839f-48489c0f9011,0,0,0,170,,,broken,connection failed,2026-06-22T13:00:50+00:00
9c9aaf36-45c0-4504-b498-aee02de0af24,200,1,1,681,,Lopez Auto Service,good,,2026-06-22T13:00:50+00:00
2ae3a387-8caf-459f-9c7c-b9d7d73db175,200,0,0,195,,,weak,,2026-06-22T13:00:50+00:00
3df89ff4-c700-431b-983e-68e8421329e4,200,1,1,291,,"Junk Removal in Napa, CA | Napa Valley Hauling | Home",good,,2026-06-22T13:00:50+00:00
59b9bbab-7449-422f-ae7f-a663bd43be9f,200,1,1,245,WordPress,"Discover Einstein Bros. Bagels In Napa,CA | Bagels, Coffee &amp; Breakfast",good,,2026-06-22T13:00:50+00:00
9c588d5d-d4b7-4d14-bcb7-28882e8a2b1a,200,1,1,320,Shopify,Alvarado Street Bakery | Organic Sprouted Grain Breads &amp; Bagels,good,,2026-06-22T13:00:50+00:00
f61b68fc-1308-4dab-a695-57b9532aca9f,200,1,1,806,,Shell Global,good,,2026-06-22T13:00:50+00:00
d5bf8706-efe4-4b34-ac13-c132cd22e163,200,1,1,1262,,"BMW Dealership in Napa Valley, CA | BMW of Napa Valley",good,,2026-06-22T13:00:50+00:00
de112309-1020-479e-aba2-b19cadd53dd5,200,1,0,989,,"Steve Hopkins Honda | New & Used Honda Dealer Fairfield, CA",weak,,2026-06-22T13:00:50+00:00
029bdd26-85f2-40eb-8ca0-25511154df8d,200,0,1,83,,Checking your browser...,weak,,2026-06-22T13:00:50+00:00
d2d1a65b-7e79-4c5f-b86b-5fce146b8054,200,1,1,394,GoDaddy,BRIGHT BEAR BAKERY,good,,2026-06-22T13:00:50+00:00
4680f1fc-261f-4ed5-a251-eb9212b27123,200,1,1,1191,,"A &amp; T Custom Golf Cars - New &amp; Used Golf Carts, Service, and Parts in Napa, CA, near Green Valley and Atlas",good,,2026-06-22T13:00:50+00:00
571780b9-67b3-42d7-b2a8-3b65762d49b0,0,0,0,110,,,broken,connection failed,2026-06-22T13:00:50+00:00
ccb46f2c-42a2-4c8e-b2b7-43981190fda0,0,0,0,266,,,broken,connection failed,2026-06-22T13:00:50+00:00
85d986f6-9a99-47f0-bbc2-b9901011660c,0,0,0,44,,,broken,connection failed,2026-06-22T13:00:51+00:00
0f2e325c-8d5f-420b-b562-c4a95814a1e8,200,1,1,479,WordPress,Travel Blog for Art Galleries,good,,2026-06-22T13:00:51+00:00
7f26c916-d177-4cee-851a-bbee1a1badcc,0,0,0,110,,,broken,connection failed,2026-06-22T13:00:51+00:00
5580b0d4-fe7b-4f4b-b704-6b5eedceabf7,200,0,0,127,,,weak,,2026-06-22T13:00:51+00:00
a6d94970-ea3a-4cbb-a53f-661bf5a94087,200,1,1,294,,SweetFinale.com — Premium Domain For Sale | Atom,good,,2026-06-22T13:00:51+00:00
bc5a1bcf-5e31-4c37-8a56-7a47afe5be94,200,1,1,319,GoDaddy,HOME,good,,2026-06-22T13:00:51+00:00
a846dc29-211d-4dca-b3b5-c72f4e9eb644,403,1,1,6360,,Just a moment...,broken,,2026-06-22T13:00:51+00:00
2c731340-b8cc-44f3-a37c-d8e4ed54f307,404,0,0,322,,,broken,,2026-06-22T13:00:51+00:00
064bc318-3b68-4822-ad77-c1ddacc39850,200,0,0,130,,,weak,,2026-06-22T13:00:51+00:00
13f55878-194e-4218-be66-0ca318b79080,200,1,1,334,,Napa Store | Whole Foods Market,good,,2026-06-22T13:00:51+00:00
607e2c90-d9d6-4f7a-b75b-740b47a79d84,0,0,0,42,,,broken,connection failed,2026-06-22T13:00:51+00:00
1ed8c025-ecf8-4b79-8a03-80326ac3f448,200,1,1,145,WordPress,"MacArthur Place Hotel &amp; Spa | Luxury Hotel In Sonoma, CA",good,,2026-06-22T13:00:51+00:00
07dd37f9-7c9e-4f94-a4de-f08c34248644,200,1,1,292,Squarespace,Kitchen Door Napa Restuarant,good,,2026-06-22T13:00:51+00:00
87134198-4ddd-47c6-be42-733db4272319,0,0,0,56,,,broken,connection failed,2026-06-22T13:00:51+00:00
639cb9c0-748e-4adb-907c-862e7b20b48d,0,0,0,129,,,broken,"ssl: HTTPSConnectionPool(host='dickeys.com', port=443): Max retries exceeded with url: /locations (Caused",2026-06-22T13:00:51+00:00
f0964a20-710f-4048-b856-ba2b74b5b9fd,200,1,1,755,Weebly,Rory's Bakehouse,good,,2026-06-22T13:00:51+00:00
54c8bc8e-4800-4187-bead-cca1ae676c10,200,1,1,1169,WordPress,Artisan Bakers | Organic Artisan Bakery &amp; Private Label Partner,good,,2026-06-22T13:00:51+00:00
3de7128d-48c2-4beb-b9d3-52d44a81cba8,0,0,0,38,,,broken,connection failed,2026-06-22T13:00:51+00:00
2994f219-4b6e-4fbc-bdef-3b0ef6bed24d,200,1,1,180,,,good,,2026-06-22T13:00:51+00:00
e5205154-ba35-43b5-b0af-aff3bb1f5ffd,0,0,0,290,,,broken,"ssl: HTTPSConnectionPool(host='www.hisimagebarbershop.com', port=443): Max retries exceeded with url: / (",2026-06-22T13:00:51+00:00
cfd4459e-185b-4bf0-a3e1-a8f754693d15,200,1,0,2050,,"Ford Dealership in Saint Helena, CA | Sager Ford",weak,,2026-06-22T13:00:51+00:00
01793479-3a4e-4af9-865d-bdbec07852c4,200,1,1,309,,Haircuts for Men | Haircuts Near Me | Sport Clips,good,,2026-06-22T13:00:51+00:00
81685106-1493-4560-afb7-a06002d2518c,0,0,0,9,,,broken,connection failed,2026-06-22T13:00:51+00:00
e7b0384f-efb0-473a-ba90-334721f16cb5,307,1,1,63,,Access to this page has been denied,good,,2026-06-22T13:00:51+00:00
ec6ad85e-421d-4cc1-b17b-58f1092d1c9f,0,0,0,39,,,broken,connection failed,2026-06-22T13:00:51+00:00
1958e507-3802-47a5-a992-339aefa7d797,200,1,1,485,,Dickey&#x27;s Barbecue Pit | BBQ Near Me | Lunch Near Me,good,,2026-06-22T13:00:51+00:00
17334884-32a7-4cd2-ace5-f9e51ea55c8e,200,1,1,235,,Official Site | Benefit Cosmetics BrowBar | Ulta Petaluma,good,,2026-06-22T13:00:52+00:00
ba5d2318-e28f-4ebf-8f04-080f88ad5053,200,1,1,1307,WordPress,Home - Napa Baking Co.,good,,2026-06-22T13:00:52+00:00
0590d4c7-d8b5-4b9d-8202-b3f2d8bd2210,200,1,1,832,,Mengarahkan...,good,,2026-06-22T13:00:52+00:00
19a3aafb-d9ff-4834-98fc-f0b1fbe2f353,200,1,1,215,Squarespace,Spiritual Retreat | Spiritual Healing Retreat | California,good,,2026-06-22T13:00:52+00:00
e1b59e9f-601b-4926-85f8-a80ed372888d,200,1,1,515,Squarespace,Location &mdash; PISCES Skin &amp; Beauty,good,,2026-06-22T13:00:52+00:00
54fc19b4-bc4f-4d81-8c00-aad739da2fd8,404,1,1,403,Wix,,broken,,2026-06-22T13:00:52+00:00
3e9df174-a429-480e-af0e-8c1e873c2d42,404,1,1,738,,404: This page could not be found.,broken,,2026-06-22T13:00:52+00:00
08132e50-0f33-42eb-9319-17c1f3465ca1,200,1,1,838,,"Booksy - hair stylists, barbers, beauticians... book appointments online!",good,,2026-06-22T13:00:52+00:00
9257dd30-5904-435f-8b0e-cafe8e545818,200,0,1,519,,JellyWalk - Admin,weak,,2026-06-22T13:00:52+00:00
3339b42b-1e0b-4543-8559-5d4b9b71654b,202,0,0,179,,,weak,,2026-06-22T13:00:52+00:00
2ee6b1aa-c270-40f6-9f40-cccf0fdb3e54,200,1,0,224,,,weak,,2026-06-22T13:00:52+00:00
bf585921-9538-49e0-821b-db5a916b0949,200,1,1,994,,"The Inn On First | Top-Rated Hotel In Napa, CA",good,,2026-06-22T13:00:53+00:00
b476f851-c11d-43e7-a453-59ff2e295934,200,1,1,1581,,Stags Barbershop,good,,2026-06-22T13:00:53+00:00
c094d5ca-f31e-4e62-b480-c7d7ab4e8523,200,1,1,540,WordPress,Brand Strategy &amp; Design for Alcohol Beverages | CF Napa Brand Design,good,,2026-06-22T13:00:53+00:00
edb375b9-fcf0-439c-b048-37664dfce5d8,200,1,1,317,Squarespace,Field Works Petaluma,good,,2026-06-22T13:00:53+00:00
d8633719-ee2e-471a-adba-3d53ce07b082,0,0,0,516,,,broken,"ssl: HTTPSConnectionPool(host='www.napadowntown.com', port=443): Max retries exceeded with url: / (Caused",2026-06-22T13:00:53+00:00
9e3c7ba3-3157-4d8b-b5e8-072d3c96e35a,200,1,0,447,,,weak,,2026-06-22T13:00:53+00:00
9e9fceed-9772-42c3-850d-e330908db511,200,1,1,1988,,九游·会(J9.game)娱乐官网-真人游戏第一品牌,good,,2026-06-22T13:00:53+00:00
b7065f61-93bf-44b4-add6-b5dcc9d4c070,200,1,1,466,WordPress,Huckleberrys - Southern Cookin’ with a California Twist!,good,,2026-06-22T13:00:53+00:00
a314aa59-7686-4f5b-9f2d-746454fc3689,200,1,1,2704,WordPress,Jim Callahan &#8211; Sculptor,good,,2026-06-22T13:00:53+00:00
f2ccf1bc-654f-4d76-aaed-6e1634775d84,0,0,0,866,,,broken,connection failed,2026-06-22T13:00:53+00:00
bbfea090-e9c3-4885-ab09-6ae233e70e36,200,1,1,604,,Breakfast Restaurant Near You | IHOP® in Napa (Soscol Ave),good,,2026-06-22T13:00:53+00:00
ab424eec-0a49-432b-9e4c-87f29c287397,200,1,1,283,,Home | Anheuser-Busch,good,,2026-06-22T13:00:54+00:00
648ee278-726b-4522-8f22-96007a726695,200,0,0,195,,,weak,,2026-06-22T13:00:54+00:00
93f5f604-f06b-43e4-92e5-9a619002a50d,404,1,1,401,,,broken,,2026-06-22T13:00:54+00:00
052300e4-bb13-4347-8c96-8b79611da628,200,1,1,471,,"Sax&apos;s Joint - Petaluma, CA",good,,2026-06-22T13:00:54+00:00
5d9f8c05-34bd-4c1b-9522-f42c9f82995f,200,1,1,481,,Meritage Resort &amp; Spa | Napa Valley Vineyard Getaways,good,,2026-06-22T13:00:54+00:00
67ee001b-4c4d-4788-929b-29c01a141129,200,1,1,82,,Tannery Bend Beerworks,good,,2026-06-22T13:00:54+00:00
e77ef35f-f272-4233-8665-6a81b262081b,200,0,0,173,,Default Web Page,weak,,2026-06-22T13:00:54+00:00
ca161275-1903-44a1-b32c-7abbc44d7c20,200,1,1,472,,Home | Anheuser-Busch,good,,2026-06-22T13:00:54+00:00
69902023-f74f-4276-a205-bfb0a7338816,404,0,0,289,,,broken,,2026-06-22T13:00:54+00:00
be26e76e-5b57-4e7f-a878-0a8879a95de5,200,1,1,437,Shopify,Hanabi Lager Co.,good,,2026-06-22T13:00:54+00:00
6430b24f-ecb9-4f06-8868-ddc76264c3cd,200,1,1,237,,"Garage Doors | Hidden Valley Lake, CA | Jeri-Co Garage Doors Inc.",good,,2026-06-22T13:00:54+00:00
3a733a2d-5cdd-4bb1-858e-a7376b1c3b4a,200,1,1,2054,,Cloisonné Wines - Homepage,good,,2026-06-22T13:00:54+00:00
8c8f8f4e-da62-481e-b601-ffa2fd30d11d,200,1,1,199,,A&amp;W Restaurants,good,,2026-06-22T13:00:54+00:00
bf674927-1272-43da-b53b-7f7d0a1c4825,403,1,1,371,,Just a moment...,broken,,2026-06-22T13:00:54+00:00
016c84f2-b785-4ebb-8772-9c94096d48e3,200,1,1,285,WordPress,Download the BurgerFi App &amp; Get Free Fries | BurgerFi,good,,2026-06-22T13:00:54+00:00
458756fc-b7fe-485c-9605-6452ec32a9d6,200,1,1,464,,Home &amp; Business Cleaning Services,good,,2026-06-22T13:00:54+00:00
f302ce64-5960-4f5e-90f3-e3efbf49e0f6,200,1,1,232,Squarespace,Burgers &amp; Half Bottles,good,,2026-06-22T13:00:54+00:00
710ececb-926a-4d00-8cdc-73b8da2c4759,200,1,1,803,,Stone Brewing | Craft Beer &amp; Brewery Tours,good,,2026-06-22T13:00:54+00:00
bf4ae64c-833a-4b35-9128-b2feae278aa3,200,1,1,701,WordPress,"Napa Valley Hearth - Full Service Hearth Shop - Napa, CA 94559",good,,2026-06-22T13:00:54+00:00
691c0167-7bdf-473d-90d8-fc1ad2cbddb0,200,1,1,496,,"Big Deal Burger - Burger Restaurants | [ADDRESS_LINE_1], Napa, [ST]",good,,2026-06-22T13:00:54+00:00
10be5d4a-511a-4a3c-ad03-672d8d6cc125,200,1,1,209,,The Law Offices of Pauline M. Deixler - The Law Offices of Pauline M. Deixler,good,,2026-06-22T13:00:54+00:00
9477d3a8-db31-4c4e-aca3-e8e647e90ab3,403,1,0,79,,Access Denied,broken,,2026-06-22T13:00:54+00:00
17c131fc-6c34-42d2-892b-69703a5cf38a,200,1,1,66,,Meritage Resort &amp; Spa | Napa Valley Vineyard Getaways,good,,2026-06-22T13:00:55+00:00
800e4d62-fbc7-4441-a1bb-dd7805126234,200,1,1,385,,Carl&#x27;s Jr. Locations in the United States,good,,2026-06-22T13:00:55+00:00
153fad9b-e648-43fb-9bb2-447eeae964ce,200,1,1,701,,Acme Burger | American Restaurant in CA,good,,2026-06-22T13:00:55+00:00
5fd52d79-0ffd-4f06-a2bf-d5915c9c88b8,200,1,1,295,WordPress,Bank Cafe Napa » In the Westin Verasa,good,,2026-06-22T13:00:55+00:00
c77c96ab-9fda-40c8-a751-c0e556b3d72c,202,1,0,199,,,weak,,2026-06-22T13:00:55+00:00
30863ecb-d815-4df4-bbd3-e072dc7385e0,0,0,0,15046,,,broken,timeout,2026-06-22T13:00:55+00:00
4d1724f6-58ab-40c6-91aa-e56f9a0230ec,200,0,0,180,,,weak,,2026-06-22T13:00:55+00:00
6a3bdca0-4241-4824-8cea-805ef25ba222,200,1,1,545,WordPress,"Coombs &amp; Dunlap, LLP | Napa Law Firm",good,,2026-06-22T13:00:55+00:00
9cfb308e-3f83-430b-a4e1-e377b561c224,404,0,0,133,,Site Not Configured | 404 Not Found,broken,,2026-06-22T13:00:55+00:00
b026883f-720a-42fb-bc9c-0a81acf8d49b,0,0,0,15142,,,broken,connection failed,2026-06-22T13:00:55+00:00
78c7c67d-743a-4797-8d76-a02ced4a934d,200,1,1,333,WordPress,Sonoma Cannabis Tour | Happy Travelers Wine &amp; Weed Tours,good,,2026-06-22T13:00:55+00:00
bac60ed3-9bd3-4354-a0e3-40a7ee08af66,0,0,0,262,,,broken,connection failed,2026-06-22T13:00:55+00:00
cd9ec583-24ec-4d4d-bd06-31d8631734c2,200,1,1,713,Webflow,San Francisco Startup &amp; Business Attorney | Bend Law Group,good,,2026-06-22T13:00:55+00:00
75be91c4-e099-4551-a645-4119d6619874,200,1,1,303,Squarespace,Southside Napa,good,,2026-06-22T13:00:55+00:00
e10dc384-fad3-43f3-ba05-0db672503ed8,200,1,1,360,Squarespace,Southside Napa,good,,2026-06-22T13:00:55+00:00
b8d21b2d-c035-4a64-8600-ca1ffbd2f1f6,0,0,0,45,,,broken,connection failed,2026-06-22T13:00:55+00:00
f32b3ee5-df75-47c7-bffa-a02399813d0d,0,0,0,817,,,broken,"ssl: HTTPSConnectionPool(host='www.arams.com', port=443): Max retries exceeded with url: / (Caused by SSL",2026-06-22T13:00:55+00:00
fcc600d4-2162-400c-abba-d419fcb29dfe,404,1,1,583,,Coming Soon | Jelly Belly,broken,,2026-06-22T13:00:55+00:00
9060353b-28e1-46b9-87ad-0f975de6e617,0,0,0,9,,,broken,connection failed,2026-06-22T13:00:55+00:00
857c543a-616e-4383-819b-eec5cc354678,200,1,0,406,WordPress,"Gavin&#039;s Carpet Cleaning | Professional carpet, tile and upholstery cleaning service",weak,,2026-06-22T13:00:55+00:00
ccc34f41-5681-4b9a-bfd1-309b6516aa77,0,0,0,602,,,broken,connection failed,2026-06-22T13:00:55+00:00
fe58c063-3e37-4a9d-a1be-e3142178b082,200,1,1,544,GoDaddy,Beale Carpet Cleaning,good,,2026-06-22T13:00:55+00:00
7a3080ec-40dc-4046-a0fb-431ba9d4facb,200,1,1,232,WordPress,Petaluma CA Catering | Box Lunch Delivery | Apple Spice,good,,2026-06-22T13:00:55+00:00
7f043b78-8a48-4591-ab0a-4746dc25658c,200,1,0,597,,Professional Carpet and Upholstery Cleaning in Napa CA,weak,,2026-06-22T13:00:55+00:00
c82bdec9-1630-49f2-812b-53b0d9fd6998,200,1,1,557,,Commercial Cleaning Services | ServiceMaster Clean,good,,2026-06-22T13:00:55+00:00
70df5f1f-a291-4be7-ae1b-de90e28e1c47,0,0,0,44,,,broken,connection failed,2026-06-22T13:00:56+00:00
4388de0a-3776-483f-aaf8-13034dbd997f,0,0,0,104,,,broken,connection failed,2026-06-22T13:00:56+00:00
6f579f60-cdaa-4253-9c72-5b20ef49368e,200,1,1,289,Wix,Pickup and Delivery Services | Graze Provisions – United States,good,,2026-06-22T13:00:56+00:00
3521a04e-2168-43dd-854a-a8f1694251f7,200,1,1,225,,Migliori Casino Non AAMS Affidabili | Casinò Senza AAMS,good,,2026-06-22T13:00:56+00:00
1c871bd8-b048-419b-9fc9-5824236e24a8,200,1,1,553,Wix,Chef Rozanna Catering | Event Planning | San Francisco,good,,2026-06-22T13:00:56+00:00
b69026d6-0683-4147-a468-fdd68b868782,0,0,0,33,,,broken,connection failed,2026-06-22T13:00:56+00:00
5ec18259-a272-4036-8fe2-81148d5e2143,200,1,1,3670,WordPress,Arns Winery St. Helena California,good,,2026-06-22T13:00:56+00:00
0df4bd46-ecd5-4b16-b683-1c1989989dda,200,1,1,240,,"Krispy Krunchy Chicken Monticello Deli: chicken, jumbo tenders, wings, and more in Napa, CA",good,,2026-06-22T13:00:56+00:00
b3bd465f-7277-4605-a29a-9cb2ea7a17d2,404,1,0,550,Squarespace,Squarespace - Website Expired,broken,,2026-06-22T13:00:56+00:00
62709ac3-849d-475e-a674-4624dabc5d6a,200,1,1,238,,Top-Rated early care and education provider in Fairfield &amp; Vallejo,good,,2026-06-22T13:00:56+00:00
b0c79ad0-95be-4ae9-a53d-318081b0bf07,200,1,1,613,Wix,"Paella del Reyes Catering Serving Sonoma, Napa, Marin &amp; The Bay Area",good,,2026-06-22T13:00:56+00:00
b96336f4-16a6-4320-83b5-0059cb70a50a,200,1,1,302,,Home | Peking Express,good,,2026-06-22T13:00:56+00:00
6e0fa46f-4f4b-4bd3-b181-d9dce205e34c,200,1,1,1246,WordPress,Carpet Cleaning Napa CA | 2 Rooms Cleaned for $139 | National Multi Steam,good,,2026-06-22T13:00:56+00:00
9a3a012e-f6da-4d1b-95e4-6693b90c076c,200,1,1,530,Wix,"Balance Chiropractic | Oakland, California |USA",good,,2026-06-22T13:00:56+00:00
af5ee5f4-178a-49fc-9651-adb64d40c2f3,200,1,1,799,,All Locations | Wing Boss,good,,2026-06-22T13:00:56+00:00
3f2b47ea-72d0-498e-be8b-81c07db8ccab,200,1,1,815,,Search for child care providers near you | Upwards,good,,2026-06-22T13:00:56+00:00
deee12bc-2c04-4b70-99e3-f27bdd6437b0,200,1,1,272,,Napa Family Chiropractor | Jackson &amp; Vieyra Chiropractic,good,,2026-06-22T13:00:56+00:00
976b5843-5b11-45bc-9f80-3bd26e977fb5,200,1,1,201,GoDaddy,Expert Chiropractic Care in Napa Valley,good,,2026-06-22T13:00:57+00:00
e4a1036c-7e0b-406b-a9ae-62367adf2c29,200,0,1,143,Squarespace,Allison [in wine country]Allison in wine country,weak,,2026-06-22T13:00:57+00:00
cf872578-88f4-4021-aace-cf3412fd3df1,200,0,1,300,,,weak,,2026-06-22T13:00:57+00:00
c2725691-94ae-4c54-a32b-ee25d002fab1,200,1,1,819,,Chiropractor in Napa | Giles Chiropractic | $69 New Patient Special,good,,2026-06-22T13:00:57+00:00
7bbf56a9-4949-46d1-a194-840f46069ff9,200,1,1,378,Shopify,Women's Casual &amp; Elegant Clothing | EILEEN FISHER,good,,2026-06-22T13:00:57+00:00
2ec4e3c3-b4b4-42c8-99f7-b1b44f98a2f5,200,1,1,408,Shopify,"Eddie Bauer: Outdoor Apparel, Outerwear &amp; Gear | Free Shipping $99+",good,,2026-06-22T13:00:57+00:00
15ca7065-2ef3-42f4-9101-8d1359af089f,0,0,0,118,,,broken,connection failed,2026-06-22T13:00:57+00:00
57a02f7c-eb85-467f-bcd3-7a8e69187575,200,1,1,667,Shopify,"Carnival costumes, samba costumes, samba shoes, wire farme &ndash; BrazilCarnivalShop",good,,2026-06-22T13:00:57+00:00
7566e418-9ff0-4987-99a8-fab6a7f81ccd,200,1,1,499,WordPress,"ACCU-LINE BRAKE AND WHEEL &#8211; Petaluma, CA Ignition Interlock Services | Low Cost Interlock",good,,2026-06-22T13:00:57+00:00
7f4201c0-d308-4644-a4b0-048cd31edcde,200,1,1,522,Shopify,FORTY FIVE TEN,good,,2026-06-22T13:00:57+00:00
d511d2f7-d6db-4ba4-8fff-05cb8778b81e,403,1,1,182,,Something went wrong.,broken,,2026-06-22T13:00:57+00:00
2a024a04-75d0-43ec-8f97-a81d8795996b,200,1,1,431,WordPress,"AUDIO HOUSE &#8211; Napa, CA Ignition Interlock Services | Low Cost Interlock",good,,2026-06-22T13:00:57+00:00
4a424ce3-11e2-4001-9a1b-64076dc54ad6,200,1,1,2303,WordPress,United Carpet & Upholstery Cleaning | Carpet Cleaning Services,good,,2026-06-22T13:00:57+00:00
3254ecdd-f0e0-4dbf-bb9f-cbd8858e78d4,200,1,1,363,Shopify,BOLAGILA : Situs Toto Online dengan Live Result Cepat dan Data Presisi,good,,2026-06-22T13:00:57+00:00
4cc503bf-b493-4219-a229-9d1d071febe9,404,1,0,305,Shopify,This store is unavailable,broken,,2026-06-22T13:00:57+00:00
d6c69aab-12ea-4cff-ab5b-371db57d1846,0,0,0,113,,,broken,connection failed,2026-06-22T13:00:58+00:00
d34bbd83-14ba-4135-9df1-a512e0c6dbfc,200,0,0,85,,,weak,,2026-06-22T13:00:58+00:00
dee925e5-0397-4ac0-ab90-63583b7ef2db,200,1,1,1528,,"Heckard Chiropractic: Chiropractic Care for Back Pain in Napa, CA",good,,2026-06-22T13:00:58+00:00
7b56e345-c227-4365-861e-f30f5de357ec,200,1,1,310,,Gano Excel US â Enriching Lives Through Ganoderma,good,,2026-06-22T13:00:58+00:00
97b8d73d-1e8c-472d-b9e9-101608afa648,404,0,0,262,,Not Found,broken,,2026-06-22T13:00:58+00:00
06842cd0-7d5e-4459-846f-0bb36bc4b52c,200,1,1,160,Shopify,Peet&#39;s Coffee | The Original Craft Coffee Since 1966,good,,2026-06-22T13:00:58+00:00
2dafe99c-252a-4afa-8aca-612a40580348,200,1,1,2145,,Carter&#x27;s Napa Premium Outlets | Baby &amp; Kids Clothing Store,good,,2026-06-22T13:00:58+00:00
4f533710-f2d5-47ee-b498-7f82551523b6,200,1,1,368,Squarespace,Specialty Coffee Roasters | Napa Valley Coffee Roasting Company,good,,2026-06-22T13:00:58+00:00
15dedbf6-498a-44ca-a0ae-3bb0f2607dab,200,1,1,255,Squarespace,PINK OWL COFFEE,good,,2026-06-22T13:00:58+00:00
436ed120-2921-4f86-a70c-974e27d4ee21,200,1,1,97,WordPress,"MacArthur Place Hotel &amp; Spa | Luxury Hotel In Sonoma, CA",good,,2026-06-22T13:00:58+00:00
0ab833cc-f5b2-468f-950b-a48285c86b35,200,1,1,655,Shopify,Journey Coffee Co.,good,,2026-06-22T13:00:58+00:00
1f4566a8-276b-482f-9d67-1926471587d0,200,1,1,514,GoDaddy,Perry&#x27;s On the Marina,good,,2026-06-22T13:00:58+00:00
0e3a8a70-419d-4faa-b005-cc0db716b3a7,0,0,0,38,,,broken,connection failed,2026-06-22T13:00:58+00:00
cc8d124e-05a5-403d-8e17-8796f6162ce4,200,1,1,375,Squarespace,Sonoma&#39;s Best,good,,2026-06-22T13:00:58+00:00
139b9c02-b179-4c3a-8733-c81396c5b3bb,200,1,1,361,GoDaddy,topsyskitchen.com,good,,2026-06-22T13:00:58+00:00
285ec598-fba7-42bd-8924-c65de31ffcc4,200,1,1,2756,WordPress,8 Daftar Game Slot Gacor Online Terbesar &amp; Terpercaya - jennielow.com,good,,2026-06-22T13:00:59+00:00
5e4a68e9-893e-49d2-ac86-3293a0d5f131,200,0,0,137,,"Marsey Bros Construction, Inc",weak,,2026-06-22T13:00:59+00:00
90ec06c1-1cda-44e4-97d8-d25729f2c85a,200,0,0,404,,Swimming Pool | Bertram Pools,weak,,2026-06-22T13:00:59+00:00
f9ebe40a-fc05-4622-a40f-2eaf9079a0f3,0,0,0,103,,,broken,connection failed,2026-06-22T13:00:59+00:00
b85a34a6-c276-48ce-ab56-7de6bf6dc83f,200,1,1,461,,CSLB-Home -CSLB,good,,2026-06-22T13:00:59+00:00
3c365664-c7bc-41e2-b498-c5c6ae5e602d,200,1,1,1079,,Home | Panera Bread,good,,2026-06-22T13:00:59+00:00
3b8b4ef9-0919-45e1-a3f9-86aa6a8144ad,0,0,0,28,,,broken,connection failed,2026-06-22T13:00:59+00:00
593516e7-686c-421f-b359-1a5b6cdb4c28,200,1,1,251,Squarespace,Nelson Construction,good,,2026-06-22T13:00:59+00:00
ebc949d6-6e14-42b6-b61d-76ee4e703fcc,0,0,0,7,,,broken,connection failed,2026-06-22T13:00:59+00:00
64400c4f-24a9-4899-b1ec-d3de19d270f7,200,1,0,1481,,Redirect...,weak,,2026-06-22T13:00:59+00:00
6916fffb-5ae0-4be4-a4bb-bca8bb1bed0f,200,1,1,1768,WordPress,|,good,,2026-06-22T13:00:59+00:00
55ec54df-e9f4-4fe5-b193-652857ed9aac,202,0,0,311,,,weak,,2026-06-22T13:00:59+00:00
4e5612f3-3eb8-4185-9e15-759ac128f7e9,200,1,1,230,WordPress,Naturcolor - Herbal Based Haircolor,good,,2026-06-22T13:00:59+00:00
c2f94e22-b1fc-45bb-aeb2-ab87e37b4f34,200,1,1,435,,CSLB-Home -CSLB,good,,2026-06-22T13:00:59+00:00
9aee089a-26a6-402a-aaed-259f5a1bd7a3,200,1,1,780,Webflow,"In Service Builders | Interior, Exterior &amp; ADU Construction in Northern California",good,,2026-06-22T13:00:59+00:00
e717feb8-d496-44c5-a05d-e009333676fd,200,1,1,406,,"Napa Resort | Luxury Spa, Golf, Tennis, Pickleball, &amp; Suites",good,,2026-06-22T13:00:59+00:00
5162664b-ab6c-4049-985f-d8466a0d50d8,0,0,0,9,,,broken,connection failed,2026-06-22T13:00:59+00:00
0d708c3a-e1a4-4345-9db7-0d753610098c,403,0,0,177,,,broken,,2026-06-22T13:00:59+00:00
0d0af334-5d04-4043-90dc-a5621325ddaf,200,1,1,4101,WordPress,Sonoma and Rohnert Park&#039;s Most Trusted Flooring Company | Rugworks,weak,,2026-06-22T13:00:59+00:00
79e93826-f7cd-424b-a84c-ddb2e46c5399,0,0,0,110,,,broken,connection failed,2026-06-22T13:00:59+00:00
50af3abb-a1b3-4e98-97ce-359331487fdb,200,1,1,179,,Home,good,,2026-06-22T13:00:59+00:00
fca428e6-8dd3-4c18-b41b-a8ba1d6d281d,200,1,1,450,WordPress,Home - Naturally Vibrant Organics,good,,2026-06-22T13:00:59+00:00
840eb519-c7a5-4c20-b5d3-fe0ced220173,200,1,0,405,,"Happy Smiles Dental Practice in Lake County, California",weak,,2026-06-22T13:00:59+00:00
c129695f-5551-47dc-bf09-532baf1cb1fe,200,1,1,508,,LUSH Fresh Handmade Cosmetics | Vegetarian &amp; Cruelty Free | LUSH,good,,2026-06-22T13:00:59+00:00
7745a76c-974d-48fc-a00f-e988486a15eb,200,1,1,886,,"TNK Construction in Northbrook, IL",good,,2026-06-22T13:01:00+00:00
e6d4c9de-4ebc-4231-9f85-29b2feced6c6,200,1,1,298,,"FedEx Ship Center - Petaluma, CA - 2275 S McDowell Blvd Ext 94954",good,,2026-06-22T13:01:00+00:00
b2e2b4b6-656d-4e63-8d17-78a7f5664a4f,200,1,1,375,,"FedEx Office - Petaluma, CA | Print, Ship, Pack &amp; Return",good,,2026-06-22T13:01:00+00:00
4b1c788b-a183-4be1-80b4-9e34132e9c4b,200,1,1,717,GoDaddy,Signature Smiles | Aesthetic Restorative Dentistry Services,good,,2026-06-22T13:01:00+00:00
761ecfb2-b814-457b-8d5e-3127a4bda609,0,0,0,1830,,,broken,connection failed,2026-06-22T13:01:00+00:00
c6ccad17-3b64-4ac7-96ee-d1638732be4a,200,1,1,488,WordPress,OnTrac,good,,2026-06-22T13:01:00+00:00
71b452ed-84e0-4466-a582-7794571a8311,0,0,0,7,,,broken,connection failed,2026-06-22T13:01:00+00:00
7d47d9e7-0ead-49f8-a763-aca70ec8b6c9,200,1,1,595,,UPS Authorized Shipping Outlet in CARTONS & CRATES at 3250 CALIFORNIA BLVD,good,,2026-06-22T13:01:00+00:00
e7bf1f31-7fe2-43ae-8a61-7b49e3e2f62c,200,1,1,472,,UPS Authorized Shipping Outlet in MIDDLETOWN MAIL AND MORE at 21373 HIGHWAY 175,good,,2026-06-22T13:01:00+00:00
b6232918-427d-442b-a0fb-bed7332c0695,200,1,1,4184,,"Home | Petaluma, CA Chiropractor | Heart and Hands Chiropractic",weak,,2026-06-22T13:01:00+00:00
d33cab99-a290-4eb1-acc5-0fc85b7b835d,200,1,1,285,Shopify,"Bluemercury Bel Aire Plaza | Napa, CA",good,,2026-06-22T13:01:00+00:00
473aaa90-7aa4-43c5-9a49-3c9fbf3c04b4,200,1,1,490,,"UPS Locations in PETALUMA, CA",good,,2026-06-22T13:01:00+00:00
ea5db2a0-034c-46dd-b9c9-6df39844e255,200,1,1,228,,Meritage Resort &amp; Spa | Napa Valley Vineyard Getaways,good,,2026-06-22T13:01:00+00:00
548e277c-aa0c-492e-a1dc-f1bba4d61c38,200,1,1,119,,"Four Seasons Luxury Spa Resort In Napa Valley, Calistoga",good,,2026-06-22T13:01:00+00:00
633b9aa7-9cc9-4ac6-bc90-05214ae83d0e,403,0,0,528,,å¯çè¯·æ±æ¦æªéç¥,broken,,2026-06-22T13:01:00+00:00
21a305ec-7717-419d-9a64-2e0c080effb8,200,1,1,730,WordPress,Keller Street Cowork &#8211; More than just a place to work.,good,,2026-06-22T13:01:00+00:00
4d912d8e-73d6-43cc-9708-35bb869dee47,200,1,1,216,,"Spa Terra | The Meritage Resort and Spa | Napa, CA",good,,2026-06-22T13:01:00+00:00
eeb86c16-f14d-447c-8289-0fc07d52c5c1,0,0,0,43,,,broken,connection failed,2026-06-22T13:01:00+00:00
1f520974-41fd-4ba1-aa29-72d24b2f32fe,200,1,1,495,,The Spa at The Lodge | The Lodge at Sonoma,good,,2026-06-22T13:01:01+00:00
b0f67d80-a78a-4409-b484-30883e14fb8e,200,0,1,523,,stevenpaynesalonandspa.com&nbsp;-&nbsp;stevenpaynesalonandspa Resources and Information.,weak,,2026-06-22T13:01:01+00:00
cb949e7e-9fea-4768-a443-85c4f4e99061,200,1,1,420,Webflow,You. Day Spa,good,,2026-06-22T13:01:01+00:00
a049bdf1-6752-4b40-8ac8-287c4ac593a4,429,1,0,820,,,broken,,2026-06-22T13:01:01+00:00
de56032f-1c4b-4d76-b10a-8e70bb2d0798,200,1,1,544,WordPress,"Orthodontist in Petaluma, CA | Kirk Orthodontics",good,,2026-06-22T13:01:01+00:00
7cd22653-df21-4deb-8c83-3364718c77b4,200,1,1,1147,Wix,Home | Grapevine Skin Care | Waxing &amp; Plasma-Fibroblast in Sonoma,good,,2026-06-22T13:01:01+00:00
92e94d04-5a19-430c-b03f-32ac20c008e8,200,1,1,970,,Calistoga Spa in Napa Valley | Calistoga Spa Hot Springs,good,,2026-06-22T13:01:01+00:00
436b4bed-0079-4104-9162-8d490b6436fe,200,0,1,434,GoDaddy,Emergency Dental Service | Professional & Fast | Call (888) 643-0461,weak,,2026-06-22T13:01:01+00:00
5a9e14aa-db3e-452e-b8f7-9204bfde652b,200,1,1,293,,"Redwood Empire Dermatology | Dermatology &amp; Cosmetics Specialists located in Healdsburg and Santa Rosa, CA",good,,2026-06-22T13:01:01+00:00
329e7600-0d5f-44ef-9e84-2422c4444f14,200,1,1,370,,"Dr. Dorota Z Korta | Dermatologist in Fairfield, CA | Sutter Health",good,,2026-06-22T13:01:01+00:00
a93cd7d6-ed6d-4a21-87c5-d52f69d4f4d6,202,0,0,410,,,weak,,2026-06-22T13:01:02+00:00
76733231-af52-4512-864e-86fd74dd0f71,200,1,1,1666,Wix,Massage &amp; Makeup | Facials &amp; Waxing - Soft Shell Day Spa Petaluma,good,,2026-06-22T13:01:02+00:00
33d7ea90-15b3-4828-aa4a-21cf92f64e4b,200,1,1,2748,WordPress,INICIO - Pretty Woman Center,good,,2026-06-22T13:01:02+00:00
101aa4f3-5d93-45a9-9139-4fc3a8c57934,200,1,1,428,Wix,Central Market Petaluma | Modern American cuisine with a local focus,good,,2026-06-22T13:01:02+00:00
b316e093-d16a-43b8-84a9-26259d12e77e,200,1,1,942,,"Dr. Bien-Aimee V Lau | Dermatologist in Fairfield, CA | Sutter Health",good,,2026-06-22T13:01:02+00:00
683ffcee-4b67-46a0-b9dc-e91e55e40830,200,1,1,317,WordPress,"Napa, CA Family Law Attorney &amp; Law Firm - Hayes Family Law",good,,2026-06-22T13:01:02+00:00
d54f6055-a325-476a-a997-534a409dfc21,200,1,1,199,,"Family Law | Fairfield, CA | Scalise Law Office",good,,2026-06-22T13:01:02+00:00
688ae741-e0df-4985-a092-0f41a9dcd842,200,1,1,1147,WordPress,"Dentist Petaluma, CA | Park Place Dental",good,,2026-06-22T13:01:02+00:00
b959bde0-a1ad-4723-ba57-f89c0901e4e7,200,1,1,311,,"Family Law | Law Office of William H. Paynter | Sonoma, CA",good,,2026-06-22T13:01:02+00:00
a4de7f09-9d03-409a-b099-1f5206d6efbf,0,0,0,78,,,broken,connection failed,2026-06-22T13:01:02+00:00
2ef49ff7-97f7-4bad-8422-ac4747803202,200,1,1,140,,"Shop Main Electric Supply Online - Electrical Wholesale, Lamps, &amp; Lighting",good,,2026-06-22T13:01:02+00:00
2e88ed16-ab14-429d-959e-6841f4c4e66d,200,0,1,376,,,weak,,2026-06-22T13:01:02+00:00
a20afd32-26f1-4f80-bd4a-ff2ad587c1f9,200,1,1,188,,,good,,2026-06-22T13:01:02+00:00
a16bb962-ee6e-4cb3-9da2-c07d4d9029e7,0,0,0,12,,,broken,connection failed,2026-06-22T13:01:02+00:00
164f1316-11c2-4dd0-a4a9-d69386f5b281,0,0,0,104,,,broken,connection failed,2026-06-22T13:01:03+00:00
6a6cd937-ee78-4cb6-8349-b64ad9bdbe6b,404,1,1,432,,"Rexel USA :: Rexel USA | Wholesale Electrical Supply Distributor for Residential, Commercial &amp; Industrial Electricians",broken,,2026-06-22T13:01:03+00:00
4a225242-5211-4f9f-a951-2625a2777282,200,1,1,1007,,North Bay Family Law Attorneys | Vance & Wills P.C.,good,,2026-06-22T13:01:03+00:00
3bbc955a-a529-4a6d-b968-f6aa05ace0e3,0,0,0,193,,,broken,"ssl: HTTPSConnectionPool(host='www.harvestelectric.co', port=443): Max retries exceeded with url: / (Caus",2026-06-22T13:01:03+00:00
63f0651a-e959-47f4-94c8-07a330ee5e5d,200,1,1,2183,WordPress,Dermatologist St. Helena | Dermatologist Calistoga | Duncan Derm,good,,2026-06-22T13:01:03+00:00
eb5b8750-b6ac-4d4f-b328-94556daf5147,200,1,1,392,WordPress,"National Commercial Electrical, Lighting &amp; Facility Services | FSG",good,,2026-06-22T13:01:03+00:00
f4b22721-f62d-4523-8333-2c8846efd068,200,1,1,722,WordPress,"Home | Napa, Piedmont and San Francisco Lighting Specialist, Electrical Contractor and AV Integration",good,,2026-06-22T13:01:03+00:00
1b950f81-d0f2-44e0-b8b9-06a6f30d8290,404,0,0,1279,,,broken,,2026-06-22T13:01:03+00:00
17d9dffe-7638-4ea8-bc3c-bcf0ba328129,200,1,1,1974,WordPress,Home - Red Cap Vineyards,good,,2026-06-22T13:01:03+00:00
31fa1b8b-fb3e-497d-82cd-6e5a70c270f0,200,1,1,1772,WordPress,Santa Rosa Paralegal Services - A+ Legal Document Assistants,good,,2026-06-22T13:01:03+00:00
7354e4d6-c03d-4c8b-8482-f4c1b5988b16,202,1,0,211,,,weak,,2026-06-22T13:01:04+00:00
3825f737-4768-4480-9fb7-7d9b5b33249b,200,1,1,232,,Vine Electric - Residential &amp; Commercial Electrical - East &amp; North Bay,good,,2026-06-22T13:01:04+00:00
2b39f10c-8cc3-4dd8-9bab-2650b20ec566,200,1,0,453,,North Bay Electric | Northern Bay Area Residential and Commercial Electrical Contractor,weak,,2026-06-22T13:01:04+00:00
6be15fea-644d-44b7-a03c-bec6fdb71599,200,1,1,321,Wix,Labor and Employment Law - Rybicki &amp; Associates - United States,good,,2026-06-22T13:01:04+00:00
45281723-e6b8-4910-8ed4-9d857b40408c,200,1,1,218,WordPress,Gaw Estate Planning,good,,2026-06-22T13:01:04+00:00
59585e37-680a-47d2-bfcc-341664cab8d2,0,0,0,119,,,broken,connection failed,2026-06-22T13:01:04+00:00
27c84403-9626-4dbf-9aa2-02d1012b400e,200,1,1,413,WordPress,Find Living Trust Attorneys In California | CunninghamLegal,good,,2026-06-22T13:01:04+00:00
d47813a9-d074-466d-a314-ff6f6aa70541,0,0,0,8,,,broken,connection failed,2026-06-22T13:01:04+00:00
458557e0-c630-487c-ab7a-9cfd74de3ddb,200,1,1,294,WordPress,Home | Encore Events Rentals,good,,2026-06-22T13:01:04+00:00
90d057e1-6303-4882-b7d2-9ca7c06c1188,0,0,0,270,,,broken,connection failed,2026-06-22T13:01:04+00:00
90062920-5779-4680-84b7-162c88c1d63b,404,1,0,399,Squarespace,Squarespace - Website Expired,broken,,2026-06-22T13:01:04+00:00
87a720a6-5984-4ef0-91fb-3f8fe8b7fd25,200,1,1,272,WordPress,Welcome to Quiznos - Toasted Sandwiches &amp; More,good,,2026-06-22T13:01:04+00:00
ca0195d2-87f4-4fc1-95fb-0a9532fddcae,200,1,1,424,,"Carl’s Jr. - Order Burgers, Breakfast, Chicken & More",good,,2026-06-22T13:01:04+00:00
25f07572-32d3-40c9-b748-4e0e9dde4531,200,1,1,255,WordPress,Welcome to Quiznos - Toasted Sandwiches &amp; More,good,,2026-06-22T13:01:04+00:00
f60c9c04-d983-4dc4-9702-c8948bc8672b,403,1,1,1342,,Just a moment...,broken,,2026-06-22T13:01:04+00:00
e8ff2137-0887-4d83-8ce7-29ea3a19ef6b,404,1,0,278,,,broken,,2026-06-22T13:01:05+00:00
d07c25b3-97d5-4c2e-9150-71ad60aa41af,403,1,0,259,,ERROR: The request could not be satisfied,broken,,2026-06-22T13:01:05+00:00
dbb66b16-e64d-4a0c-af97-c14f25b6932b,200,1,1,402,Weebly,"Carpet Cleaning Petaluma, CA - Rugs, Upholstery, Tile",good,,2026-06-22T13:01:05+00:00
b9df6fe0-b50e-4354-b892-47c90576b4dc,202,0,0,73,,,weak,,2026-06-22T13:01:05+00:00
89054c90-822f-4947-93a1-7958a884c4c0,200,1,1,388,Wix,"Premium Flooring Showroom | Vacaville &amp; Napa, CA | Harry's Carpets",good,,2026-06-22T13:01:05+00:00
2b99c13e-5865-4f52-ace1-11d6251d49e0,200,1,1,3175,WordPress,Site is undergoing maintenance,good,,2026-06-22T13:01:05+00:00
6c75487a-ca90-4d81-8d17-05f2408dca08,200,1,1,965,,"Commercial Flooring for Sacramento &amp; San Francisco, CA | QuestMark",good,,2026-06-22T13:01:05+00:00
fdddd727-5920-45fd-a596-8aa44121996a,202,0,0,183,,,weak,,2026-06-22T13:01:05+00:00
6ec1c53b-b949-4bf1-837c-2c95bdeaa006,200,1,1,327,Wix,Home | Teresi Construction,good,,2026-06-22T13:01:05+00:00
5e544a0a-3869-40ae-b8e2-7b6c955822dc,404,0,0,86,,Site Not Configured | 404 Not Found,broken,,2026-06-22T13:01:05+00:00
f0528b36-8de4-4b95-bd2f-307dd2cd7976,0,0,0,113,,,broken,connection failed,2026-06-22T13:01:06+00:00
d211fe80-949f-44ac-b82c-b76dccc91465,0,0,0,107,,,broken,connection failed,2026-06-22T13:01:06+00:00
fcd5d8e9-b184-4230-ac0e-ed6678e451fe,200,0,0,145,,,weak,,2026-06-22T13:01:06+00:00
fb1daac7-b5ad-4f2e-a2c9-9e597b28c156,200,1,1,905,,"Flooring &amp; Accessories: Vinyl, Hardwood, Laminate and More",good,,2026-06-22T13:01:06+00:00
6cc1a171-8c82-4cf4-a80f-699400d37230,200,1,0,1217,,"Carpet &amp; Flooring Store in Napa, CA | Carpet One Floor &amp; Home Design Center",weak,,2026-06-22T13:01:06+00:00
47e373c3-ee3a-4353-b588-e4d8f939ce13,200,1,1,575,,Napa Florist - Flower Delivery by Garaventa Florist,good,,2026-06-22T13:01:06+00:00
20d8c911-7e6a-4b18-8f24-bfc9919b6cc0,200,1,1,241,Squarespace,Tesoro Flowers,good,,2026-06-22T13:01:06+00:00
4716d0c0-03ff-4b7b-97fe-ae888ad25747,200,1,1,175,,Napa Valley Poolside Restaurant | Campo at Four Seasons Resort,good,,2026-06-22T13:01:06+00:00
25137a80-b34d-463f-b0ec-612cedf22849,200,1,1,760,Drupal,Valley Flora | Fresh Local Produce from the Banks of Floras Creek,good,,2026-06-22T13:01:06+00:00
18fb538a-2bcf-4d36-8bc2-8d5c383ad637,530,0,1,63,,Origin DNS error | www.shadowboxcellars.com | Cloudflare,broken,,2026-06-22T13:01:06+00:00
01c7ec01-8673-40ab-80bb-0adc36b89a8e,200,1,1,276,Squarespace,Perry&#39;s Tours | Explore &amp; Book Now,good,,2026-06-22T13:01:06+00:00
2aa55d17-6b35-45cb-a2b0-f56adbc4da96,200,1,1,127,WordPress,We Drive | Designated Drivers Napa Valley Wine Tours. Napa Tours.,good,,2026-06-22T13:01:06+00:00
3e12fdc4-5920-480f-a64b-10d5fa51db9c,200,1,1,670,Shopify,Alexandrie Cellars,good,,2026-06-22T13:01:07+00:00
fa13bf6c-90a2-4e57-bbf7-47a10da501a7,200,1,1,117,WordPress,Home - Wooden Valley Winery,good,,2026-06-22T13:01:07+00:00
6523369f-fd1f-4dc1-a927-171a77f101e8,0,0,0,15180,,,broken,connection failed,2026-06-22T13:01:07+00:00
1247c0f6-56fe-498e-967a-55c87708015d,0,0,0,38,,,broken,connection failed,2026-06-22T13:01:07+00:00
d1c2a209-4ff5-4131-a7a8-a9178328c20b,202,0,0,144,,,weak,,2026-06-22T13:01:07+00:00
838e8813-e05d-4f18-99d4-1ce5bef6bd70,0,0,0,36,,,broken,connection failed,2026-06-22T13:01:07+00:00
759a56c6-0b06-4285-9294-8aad9cedb119,200,1,1,1257,,get the offer,good,,2026-06-22T13:01:07+00:00
9537f44f-1348-4fc6-81a7-b21e1ad5abf0,200,1,1,496,Squarespace,"Tulocay Winery | Coombsville, Napa Valley",good,,2026-06-22T13:01:07+00:00
1bf86d3f-1b91-4a1e-84dd-d8b3ab66f657,200,1,1,108,,Client Challenge,good,,2026-06-22T13:01:07+00:00
5e717f87-4f6a-46a7-b038-6ac9ca639f9c,200,1,1,562,,WhartonWines.com - Food &amp; Beverage Domains for Sale - Buy Premium Culinary Domain Names | Domain for Sale. Call 888-694-6735.,good,,2026-06-22T13:01:07+00:00
3c8e3c09-2649-4a68-9c6d-e6649e809764,200,1,1,1206,WordPress,Napa Kayak Rentals | Easy Napa River Kayaking,good,,2026-06-22T13:01:07+00:00
011ce07c-32bb-4f97-8b84-c7162e4f5662,200,1,1,339,WordPress,"Fine Furniture Store in Petaluma, CA | 30% - 70% OFF",good,,2026-06-22T13:01:07+00:00
38c21f5f-6374-494d-a35d-3ad979c95be1,200,1,1,4224,WordPress,Peter Ellis Costruction &#8211; We Build For You,weak,,2026-06-22T13:01:07+00:00
eb42839d-6649-49b2-a7a4-360d998eb4bb,200,1,1,1099,WordPress,Home - Napa Baking Co.,good,,2026-06-22T13:01:08+00:00
832808b1-c197-4686-b0b4-5f0438514ae3,200,1,1,825,,CSGO500 Promo Code HELLAGOOD â 300% Bonus + 50 Spins 2026,good,,2026-06-22T13:01:08+00:00
9e138be6-bb5b-4f01-9320-dbfcf878400a,404,1,1,562,,,broken,,2026-06-22T13:01:08+00:00
2bc3bc6c-8bf0-4487-8ea5-56ab9cab45ce,404,1,1,624,,,broken,,2026-06-22T13:01:08+00:00
25394b71-6cf7-4740-a9a2-ffdc79da9ce9,403,1,1,192,,Just a moment...,broken,,2026-06-22T13:01:08+00:00
e898ac60-1d74-4861-971f-173ce215bec7,200,1,1,346,WordPress,"Dentist Petaluma, CA | Park Place Dental",good,,2026-06-22T13:01:08+00:00
a9ad3f80-862d-45d7-b35c-d6687e540c29,200,0,0,104,,,weak,,2026-06-22T13:01:08+00:00
e3fc9e92-2301-4207-b39e-24bbaa98012c,200,1,1,454,Shopify,"A &amp; Furst Jewelry Online, Drop Earrings, Cocktail Rings, Necklaces",good,,2026-06-22T13:01:09+00:00
5d399f60-7269-4e58-8feb-9427bc9f8789,200,1,1,1290,,"Dr. Forstadt - Dentist in Sonoma, CA",good,,2026-06-22T13:01:09+00:00
8f98f3b3-122c-40dd-b80a-eb22ef870391,0,0,0,39,,,broken,connection failed,2026-06-22T13:01:09+00:00
7b889e70-a631-421b-8059-c1d7ad417fe9,404,1,1,1966,,Ничего не найдено для Napa Valley Restaurants Poi Sonoma Meritage 365896,broken,,2026-06-22T13:01:09+00:00
a84fe2cf-432a-45a5-a5e6-7e1a863508e8,409,0,1,122,,DNS resolution error | www.intinapa.com | Cloudflare,broken,,2026-06-22T13:01:09+00:00
32addc5d-f1a2-46ba-ab2f-9307fe1e474d,200,1,1,1703,Wix,HOME | LLT Productions,good,,2026-06-22T13:01:09+00:00
e19fbf7b-9ed0-44fe-be2d-71d449d7574b,200,1,1,733,,Petaluma CA Hallmark Store Locator | Find Locations & Directions,good,,2026-06-22T13:01:09+00:00
ce9dc14c-cf6e-4cac-af99-0635c1986810,202,1,0,282,,,weak,,2026-06-22T13:01:09+00:00
b6a511e7-ff89-4f5a-8dbb-f48df542af6d,403,1,0,406,,å®å¡ç½ç«é²ç«å¢å è´¹ç,broken,,2026-06-22T13:01:09+00:00
9469cae5-7d8c-4dc9-a936-98399acf0e2a,0,0,0,10014,,,broken,connection failed,2026-06-22T13:01:09+00:00
4cbe61c4-89ba-48f4-b596-c3f486d807db,200,0,1,253,Weebly,PERSONAL HISTORY PRODUCTIONS LLC - HOME,weak,,2026-06-22T13:01:09+00:00
ebfa6f5f-9271-43f9-9079-ee44f3dae2af,200,1,1,604,,Home - Olivier Napa Valley Website,good,,2026-06-22T13:01:09+00:00
5a2477ea-2c99-4b49-a184-fcb96c8ef8c3,200,1,1,1004,WordPress,Join Fine Living Club - O&#039;Connell Family Wines,good,,2026-06-22T13:01:09+00:00
ee5ce9f4-f4df-4139-847e-a3e47e6fffd2,200,1,1,283,WordPress,"Custom Health Fitness | Napa, CA | We&#039;re Always Open!",good,,2026-06-22T13:01:10+00:00
bb2152ae-6edf-4a97-8bfe-e60370fd7b6e,200,1,1,697,,Home - Olivier Napa Valley Website,good,,2026-06-22T13:01:10+00:00
c0a698e0-342d-471a-9939-14e5d69fb03f,200,1,1,569,WordPress,Petaluma Gift Shop | Greeting & Birthday Cards | Trudy's Hallmark Shop Store,good,,2026-06-22T13:01:10+00:00
6b3cc71b-3817-463f-9a95-1ad5d8f64f2b,200,1,1,1048,Shopify,Looking for something better? Natural Wellness from Napa &ndash; Napa Soap Company,good,,2026-06-22T13:01:10+00:00
ef7c61ea-d83b-4e11-ad36-e81c50fda6ff,0,0,0,37,,,broken,connection failed,2026-06-22T13:01:10+00:00
5aa2d1e2-0b97-4379-bd09-e897bceb8994,0,0,0,106,,,broken,connection failed,2026-06-22T13:01:10+00:00
8ef0c990-ad1f-424f-9ebd-d88f10eb9496,200,1,1,245,WordPress,Gold&#039;s Gym: The Original Home of Serious Strength Training,good,,2026-06-22T13:01:10+00:00
82d22fc7-af15-4276-a679-3e01ff8abfa3,200,1,1,41,WordPress,Meadowood Napa Valley | Napa Valley Resorts | Official Site,good,,2026-06-22T13:01:10+00:00
60ed6827-abb1-44d6-a716-74b27725ac1f,200,1,1,434,Squarespace,Fuerza Pilates,good,,2026-06-22T13:01:10+00:00
b7791af8-0822-4693-a8f3-41cfbca11ee0,200,1,1,986,,Torn RanchÂ® | Distinctive Foods and Gifts,good,,2026-06-22T13:01:10+00:00
7871a1fc-8961-4b0e-9f57-e1e7c52c7028,200,0,1,552,,Finn Fitness & Wellness Home Page &laquo; Finn Fitness &amp; Wellness,weak,,2026-06-22T13:01:10+00:00
c39eae0b-04d6-4172-8ee6-1d2e24cc57ee,200,1,1,614,Wix,"Saint Fit | 930 Dowdell Lane, St. Helena, CA, USA",good,,2026-06-22T13:01:10+00:00
72d78f5c-1bba-4bb3-b929-08492a755fe3,200,1,1,9743,WordPress,"McRay &amp; Cohen Endodontics &#8211; Blake McRay, DDS | Hannah Cohen, DDS",weak,,2026-06-22T13:01:11+00:00
d53a5190-bbd3-4558-b01f-24ae9b176efc,0,0,0,11,,,broken,connection failed,2026-06-22T13:01:11+00:00
3728c877-90ee-4143-9ad8-be9e5db62686,0,0,0,37,,,broken,connection failed,2026-06-22T13:01:11+00:00
770eddae-52f7-40ff-8dd5-d9518ac87a9f,0,0,0,107,,,broken,connection failed,2026-06-22T13:01:11+00:00
2fc82bff-052e-49f2-8ccf-653eae8205f3,200,0,0,42,,NameBright - Coming Soon,weak,,2026-06-22T13:01:11+00:00
ce466301-c6be-4b1d-8f9a-97d002eedad1,0,0,0,44,,,broken,connection failed,2026-06-22T13:01:11+00:00
cb0e1836-c17b-409e-b170-110055368043,0,0,0,22,,,broken,connection failed,2026-06-22T13:01:11+00:00
61365965-489d-4527-a1ab-b6e919d8c6f6,0,0,0,39,,,broken,connection failed,2026-06-22T13:01:11+00:00
26f75472-e759-45f6-b352-563f7a324af7,0,0,0,623,,,broken,connection failed,2026-06-22T13:01:11+00:00
3d9ecd62-163c-4c6b-a976-28fa3821681a,200,1,1,837,,Location Search | StretchLab,good,,2026-06-22T13:01:11+00:00
e0445f23-997e-4363-86c3-47d87e51a227,200,1,1,847,WordPress,Home - INSPIRÉ - PILATES STUDIO - St. Helena - Napa Valley,good,,2026-06-22T13:01:11+00:00
85808b2a-62e7-417b-abad-cb0ab1eff4e0,200,1,1,333,,"Home Page for Keith Obrien Hair Design, Petaluma, CA",good,,2026-06-22T13:01:11+00:00
135e00e7-b576-4b8b-b8c9-bee0e4ab6530,200,1,1,161,Webflow,"Renew Beauty Salon, Manicurists, Pedicurist, 3212 Jefferson St",good,,2026-06-22T13:01:11+00:00
ae8223af-8ac1-4fc0-b8dd-a89cb4e0aa08,200,1,1,2085,WordPress,Fitness &amp; Wellness | Bare Wellness,good,,2026-06-22T13:01:11+00:00
281a9b4d-3cb2-47b8-af27-2075bdac5a08,404,0,0,276,Squarespace,Squarespace - No Such Website,broken,,2026-06-22T13:01:11+00:00
690ef3e2-5d30-41f4-8068-eeef1547b351,200,0,0,111,,Redirecting...,weak,,2026-06-22T13:01:11+00:00
6720c8d1-e229-4d70-b1e1-d74efb6f0ff9,200,0,1,1538,WordPress,Home - The Redwood Club Petaluma,weak,,2026-06-22T13:01:11+00:00
49612b5b-46e3-4ad5-bb27-393a85dcf523,200,1,1,456,Wix,Hair Salon | Tracy Johnston HairStylist | Petaluma,good,,2026-06-22T13:01:11+00:00
178ed9fa-26e0-483e-9cc0-50916cd3c7cc,0,0,0,38,,,broken,connection failed,2026-06-22T13:01:11+00:00
3b8b006d-2499-42e6-ac8a-86ac7dd11413,200,1,1,2179,,"Fitness 19, Gym In American Canyon, CA",good,,2026-06-22T13:01:11+00:00
3be3966f-42c5-4a87-99be-c806da3033af,200,1,1,955,,Beauty Salon Spa Driffield - The Olive Tree Health &amp; Beauty,good,,2026-06-22T13:01:12+00:00
0a32b74e-2048-4a5d-969c-46da2d33dadb,403,1,1,234,,Hilton Page Reference Code,broken,,2026-06-22T13:01:12+00:00
d20b87f7-2cda-43ca-b5d0-f20a5462faad,200,1,1,1016,,Audrey Crandell | Makeup for the most special occasion,good,,2026-06-22T13:01:12+00:00
59f27ef4-6c2d-4fa2-9fb0-450bc473c7b8,200,1,1,425,Squarespace,Coming Soon,good,,2026-06-22T13:01:12+00:00
5b00d136-b4a4-4743-8f11-b076ed53d2aa,404,1,1,454,,404 - Page Not Found,broken,,2026-06-22T13:01:12+00:00
2e843028-0de1-4e81-b195-f58a6777cdf4,200,1,1,419,Squarespace,Casia Inn,good,,2026-06-22T13:01:12+00:00
80edb453-c0bf-4dec-9b06-6c66cb56bd41,0,0,0,9,,,broken,connection failed,2026-06-22T13:01:12+00:00
f758e1ea-11ea-445b-b5b2-470555dbd7b0,403,1,1,253,,Just a moment...,broken,,2026-06-22T13:01:12+00:00
2603aa65-9f1d-4cd8-a4c8-9545f962f0d5,403,0,0,327,,,broken,,2026-06-22T13:01:12+00:00
ded7dfe4-25f2-401b-88b0-f00d1c9ac5e3,0,0,0,163,,,broken,"ssl: HTTPSConnectionPool(host='discountheatingandcoolingco.com', port=443): Max retries exceeded with url",2026-06-22T13:01:12+00:00
7542bb14-5f77-4615-bed6-5afbec553935,200,1,0,415,WordPress,Dining in Yountville Napa Valley – North Block Yountville,weak,,2026-06-22T13:01:12+00:00
5c1b8809-8918-445a-8203-1d126daeeb6d,404,1,0,530,Squarespace,Squarespace - Website Expired,broken,,2026-06-22T13:01:12+00:00
33ad0b27-4e4a-489a-aae0-994433b86328,200,1,1,494,,Dine at our Glen Ellen Hotel | The Jack London Lodge,good,,2026-06-22T13:01:12+00:00
daa9ba51-f92d-45ac-a78c-6b774fefad54,200,1,1,458,,"Travelodge by Wyndham - Hotel Rooms, Discounted Rates, &amp; Deals",good,,2026-06-22T13:01:12+00:00
65c7388e-61d7-4747-9960-4aca8344c4f0,200,0,1,374,GoDaddy,HVAC Repair Service | Professional & Fast | Call (833) 687-2815,weak,,2026-06-22T13:01:13+00:00
34ef9de0-0ebb-40cd-9d47-7af645b98c39,202,1,0,313,,,weak,,2026-06-22T13:01:13+00:00
b92e763e-138c-40a4-8200-6df450ffca15,200,1,1,1451,,"Professional Home Cleaners in Napa, CA | Merry Maids",good,,2026-06-22T13:01:13+00:00
3c5fea02-600e-48e5-8d76-cb28f295da75,200,0,0,451,,"Vent Cleaning | Petaluma, CA - LINT EXTRACTORS",weak,,2026-06-22T13:01:13+00:00
c54efdce-03cf-4b85-9ddb-a03412f8512d,200,1,1,233,WordPress,"Heating Service, AC Service, HVAC Installation &amp; Heating Repair | Napa, CA, Yountville, CA, American Canyon, CA, St Helena, CA &amp; Calistoga, CA | Reliable Refrigeration, Inc.",good,,2026-06-22T13:01:13+00:00
3a2eff50-d80e-472d-8536-cc9ab6d77b86,200,1,1,180,GoDaddy,Home - K&amp;G Immigration Law,good,,2026-06-22T13:01:13+00:00
422c88f3-8d25-449b-a774-d196a5ff5f9d,0,0,0,38,,,broken,connection failed,2026-06-22T13:01:13+00:00
3c93cb4c-911b-46e8-b30b-c3ff185a6d51,0,0,0,111,,,broken,connection failed,2026-06-22T13:01:13+00:00
c17401be-d22b-49bd-9db1-ab0880d39557,0,0,0,46,,,broken,connection failed,2026-06-22T13:01:13+00:00
25e4516c-d370-4055-b66e-f6b7c72e86c5,404,1,0,356,,Not Found,broken,,2026-06-22T13:01:13+00:00
28efe266-cd39-4efc-9960-da4117a26059,202,1,0,154,,,weak,,2026-06-22T13:01:13+00:00
d5b465f1-f5d4-405b-bee1-a6860ac7cb35,200,1,1,599,,Napa Immigration Law Office | KPB Law Firm,good,,2026-06-22T13:01:13+00:00
32813104-b768-4604-974e-66f77d63e41b,200,0,0,149,GoDaddy,DSDesign Inc.,weak,,2026-06-22T13:01:13+00:00
c47f1c67-cfbb-4387-b00f-831a9f72ddd6,200,0,0,179,,,weak,,2026-06-22T13:01:14+00:00
19cde673-50b7-44b7-9fc5-1e4465fbda53,200,1,1,2809,WordPress,SpaSalon Manager &#8211; Adding to the Simplicity and Depth of Salon Software since 1985,good,,2026-06-22T13:01:14+00:00
86a6a4bc-ea34-46db-839b-a2b55d051420,200,1,1,369,WordPress,Luxury Wine Country Villas - Blair Spangler - The Collection,good,,2026-06-22T13:01:14+00:00
ca5aadff-1ead-4d1f-bb11-27254289b69a,200,1,1,100,WordPress,Luxury Wine Country Villas - Blair Spangler - The Collection,good,,2026-06-22T13:01:14+00:00
493b67a7-7a59-4bce-85f2-2ce3916e9528,200,1,1,282,Squarespace,Shawback Design | Discover Timeless Interior Design,good,,2026-06-22T13:01:14+00:00
bcc2ae39-197d-4afc-aeeb-3316ba11f9f0,200,1,1,1276,WordPress,HVAC &amp; Plumbing – Greater Sacramento | Villara,good,,2026-06-22T13:01:14+00:00
7877783a-55cc-4cac-a2f9-e52889754c33,202,1,0,369,,,weak,,2026-06-22T13:01:14+00:00
4bb3a5db-3cfe-4cdc-afaf-bd516a7a5b27,200,1,1,1832,WordPress,"Boden Plumbing &amp; Heating – Boden Plumbing Heating and AirSonoma Plumbers, Napa Plumbers - Boden Plumbing &amp; Heating",good,,2026-06-22T13:01:14+00:00
4c12f13b-c2b1-41d5-b4d7-5082dce56f32,200,0,0,202,,,weak,,2026-06-22T13:01:14+00:00
174c7b98-71fa-411b-8bc3-f848f7bebedb,200,1,1,624,Squarespace,Mia Sandmark Design - Interior Design Firm | Sonoma | Napa | Marin,good,,2026-06-22T13:01:14+00:00
d82173b0-ba68-47de-91d2-7771244c019d,200,1,1,89,,"FARM Restaurant and Bar | Farm-to-Table Dining at Carneros Resort and Spa in Napa, CA",good,,2026-06-22T13:01:14+00:00
33b0889e-6879-46fc-aa5f-d7a8f3bc55ee,0,0,0,105,,,broken,connection failed,2026-06-22T13:01:14+00:00
2b69bb08-e60e-417a-96ad-ed6f6b2cfd3e,0,0,0,110,,,broken,connection failed,2026-06-22T13:01:14+00:00
f2c4abfd-1e3b-4a31-88f1-780ff6521cd1,0,0,0,154,,,broken,connection failed,2026-06-22T13:01:14+00:00
1950bedf-0af1-4fd6-91da-f63750c8c0e8,200,0,0,192,,,weak,,2026-06-22T13:01:14+00:00
4463aa90-c9bd-4068-afee-dc329d21464e,0,0,0,109,,,broken,connection failed,2026-06-22T13:01:14+00:00
3e998b73-81cd-418e-9166-14fae4a3a1cf,200,1,1,180,Squarespace,Risibisi,good,,2026-06-22T13:01:14+00:00
b7acd5ee-fb34-47d7-b8eb-44eccce1e075,200,1,1,665,,Italian Kitchen - Amaro,good,,2026-06-22T13:01:14+00:00
16baf609-9242-4bbd-8f13-728b98d64d54,403,1,1,195,,Just a moment...,broken,,2026-06-22T13:01:14+00:00
748a77e8-77c3-4817-8fc6-c3bb07d41f1b,200,1,1,101,WordPress,Home Care &amp; Caregiver Services | FirstLight Home Care,good,,2026-06-22T13:01:14+00:00
7fbd9e17-6568-4120-a404-2a3bc578aff4,200,1,1,334,Squarespace,"Piatti | Authentic Italian Restaurant with Private Dining in Mill Valley, Danville, La Jolla, Sacramento, Seattle, San Antonio &amp; Laguna Beach",good,,2026-06-22T13:01:14+00:00
1e397f61-212f-4552-93bf-39ced991373f,0,0,0,15084,,,broken,connection failed,2026-06-22T13:01:14+00:00
847e17ce-0156-41a9-93e8-05e1828a779e,200,1,1,261,GoDaddy,HirosRestaurant.com is for sale | HugeDomains,good,,2026-06-22T13:01:15+00:00
ad6f52c2-43fc-4a5e-8b76-2bb33152090f,200,1,1,228,,Kay Outlet | Kay Jewelers Outlet - Discount Jewelry,good,,2026-06-22T13:01:15+00:00
1da8e7f2-679d-4594-9457-7404caf806b6,200,1,1,119,Shopify,Spiral Jewelry &amp; Artisery,good,,2026-06-22T13:01:15+00:00
92a72aa2-4093-4316-bc95-68296a567763,200,1,1,500,Shopify,Robindira Unsworth Jewelry I Official Website,good,,2026-06-22T13:01:15+00:00
c2985d31-2520-4c1f-ac27-dfc0e0e6f8af,200,1,1,192,GoDaddy,Villa Iris Imports &#8211; Fine Jewelry,good,,2026-06-22T13:01:15+00:00
17da328d-3c82-4f61-b707-019ebba4f708,200,1,1,797,Shopify,"Jewelry Store In Napa, CA | Creations Fine Jewelers | OMEGA Boutique",good,,2026-06-22T13:01:15+00:00
892330f4-648d-4e19-80fa-3961bb0383cf,200,1,1,705,Shopify,Gold Star Jewelry | Explore Gold &amp; Diamond Jewelry Collections,good,,2026-06-22T13:01:15+00:00
4665534a-1b97-4ba2-83c7-010b78053911,200,1,1,178,,Key Copy & Locksmith Services | Minute Key,good,,2026-06-22T13:01:15+00:00
ef785977-c430-4a1b-9e6e-cbb768f25adc,200,1,1,206,,Key Copy & Locksmith Services | Minute Key,good,,2026-06-22T13:01:15+00:00
f0a713a1-477c-4377-94f8-892b8b83e0fc,200,1,1,862,,"Petaluma Estate Jewelers is a Jewelry Store in Petaluma, CA 94952",good,,2026-06-22T13:01:15+00:00
3d073a6c-f9ea-4b60-8350-f52b46be0cc7,0,0,0,43,,,broken,connection failed,2026-06-22T13:01:15+00:00
2a147e0d-a97b-40a5-8a67-854fb4e0af9d,200,1,1,965,WordPress,Marlowejewellers &#8211; Designed by RocketTheme,good,,2026-06-22T13:01:15+00:00
d133cd3d-446e-4c85-8c51-e6860b425c0e,200,1,1,452,,"Wilson's Locksmith &amp; Security Center - Locksmithing | Sonoma, CA",good,,2026-06-22T13:01:15+00:00
22724990-7a51-43a0-8d0b-ac9d9af77d0a,202,0,0,103,,,weak,,2026-06-22T13:01:15+00:00
24de1d30-ce2c-4c9c-945b-186f0f9a19d6,200,1,1,206,GoDaddy,"Landscape Design, Build &amp; Maintenance | Equinox Landscape",good,,2026-06-22T13:01:15+00:00
302ea335-7997-4194-afaa-4e4135ba1ecb,200,1,1,223,WordPress,Home - LandCare,good,,2026-06-22T13:01:16+00:00
9d56d7e1-b28e-4e95-ba4c-993674ff5cdd,0,0,0,116,,,broken,connection failed,2026-06-22T13:01:16+00:00
dc413054-eae6-475d-9e6b-49a85b992b16,200,1,1,877,Wix,"Security Locks, Keys and Safes Bay Area | Armor Locksmith Services",good,,2026-06-22T13:01:16+00:00
acbe9e7a-e1ba-49b4-b432-ce27a5326ca0,404,1,1,4175,WordPress,&mdash; Coming Soon,broken,,2026-06-22T13:01:16+00:00
21b97bf7-cad2-4a4b-8de8-9719fdf934ee,200,1,1,446,WordPress,Landscaping Company | Napa Roots Landscaping | CA,good,,2026-06-22T13:01:16+00:00
23361179-f578-4470-8d2e-90740438efb8,200,1,0,464,Weebly,Professional Landscaping Construction - Landscape,weak,,2026-06-22T13:01:16+00:00
b4b51728-ec61-442b-9482-c4dca2bb006e,200,1,1,200,Squarespace,Esteem Jiujitsu,good,,2026-06-22T13:01:16+00:00
c61be7db-bb89-47f8-9b62-a1fbf5b34e5e,0,0,0,8,,,broken,connection failed,2026-06-22T13:01:16+00:00
9201f2d2-532a-41e7-b0a6-7db280f38a53,404,1,0,446,Squarespace,Squarespace - Website Expired,broken,,2026-06-22T13:01:16+00:00
9786401d-f723-4b93-8f0d-93780f44df2a,403,1,1,173,,Just a moment...,broken,,2026-06-22T13:01:16+00:00
3073a4e2-b48d-44c5-9f5e-0d76a78b843f,0,0,0,120,,,broken,connection failed,2026-06-22T13:01:16+00:00
4af87165-d053-41b7-9424-a9863b78cf7e,200,1,1,728,,"My Life Med Aesthetics, Inc. - Medical Spa in Napa, California, Kyle O'Hara, DNP, FNP-BC",good,,2026-06-22T13:01:16+00:00
7fd14656-df8a-46d4-b586-407a8a529a80,200,1,0,827,,Adam Pease,weak,,2026-06-22T13:01:17+00:00
4ed2b454-7db9-4501-a893-e53cf84e3f76,200,1,1,339,WordPress,Home - Point Pacific Drilling,good,,2026-06-22T13:01:17+00:00
9fb2d230-bb88-4397-bf23-29f14e5cc3b0,200,0,1,573,WordPress,Northgate Ready Mix | Quality Concrete Solutions in California,weak,,2026-06-22T13:01:17+00:00
da7ab0c1-966c-4a38-97b0-19cb950a7e03,200,1,1,1131,WordPress,Best Empanadas Argentinas on the West Coast | El Porteño Argentinian Gourmet,good,,2026-06-22T13:01:17+00:00
40903069-9e42-4964-a8e4-f7a094ab91b0,200,1,1,368,,Painting and Concrete Coating Company | Napa Valley Remodelers,good,,2026-06-22T13:01:17+00:00
433d3846-59b9-46bb-8d58-6477a8d7e37b,200,1,1,432,,Blue Orchid Massage | Petaluma CA,good,,2026-06-22T13:01:17+00:00
f554145c-e169-4a6e-813a-5c33059376c7,200,1,1,252,GoDaddy,Home | Massage Therapy at Massage Sonoma,good,,2026-06-22T13:01:17+00:00
10bc7921-921e-4f19-9084-5a6d1faeaa04,200,1,1,562,Wix,"Massage Therapist Sonoma | Healing Art Energy – Sonoma, CA Best Massage Sonoma",good,,2026-06-22T13:01:17+00:00
a26202be-daf5-483b-9a0b-60065c417698,200,1,1,564,,Massage & Facials in Napa | Massage Envy - Napa,good,,2026-06-22T13:01:18+00:00
8622f346-8a35-4b8a-a1d4-19fc0ce2e2ad,200,1,1,346,Squarespace,Spiritual Retreat | Spiritual Healing Retreat | California,good,,2026-06-22T13:01:18+00:00
a2154411-40fb-41ce-bc99-911ab6394410,200,1,1,2473,,JBs Lawn Care LLC: reliable lawn care and maintenance services,good,,2026-06-22T13:01:18+00:00
c116fe1a-1d07-4dd6-942e-ea2cd7a272dd,200,0,0,189,,,weak,,2026-06-22T13:01:18+00:00
4664ddea-0310-4026-b35c-ba6a3ac07167,200,1,1,768,Wix,Mobile Massage Therapists Napa Sonoma | Sonoma Bodyworks ~ Massage Therapy,good,,2026-06-22T13:01:18+00:00
d1819e3c-0bb7-4a73-a3db-f24e17141077,200,1,1,578,,"Massage Therapy Experts | Petaluma, CA | W.H.I.S.P. Massage",good,,2026-06-22T13:01:18+00:00
4ba670a4-d274-48a2-bfab-199de1f48156,0,0,0,39,,,broken,connection failed,2026-06-22T13:01:18+00:00
783d5be4-f879-459c-9e8e-02523c99bcda,200,1,1,336,Squarespace,"Day Spa | St. Pierre Massage and Spa | Napa, CA",good,,2026-06-22T13:01:18+00:00
00809d93-e221-4aea-834b-bd9865deefb5,200,1,1,2972,,"Aggo Construction: Expert Building Solutions for Quality, Reliability, and Innovation",good,,2026-06-22T13:01:18+00:00
db89b555-1c2b-41eb-befd-43e3f8966550,200,1,1,317,,The Doctors Company | Medical Malpractice Insurance,good,,2026-06-22T13:01:18+00:00
5b38ec76-8c5e-4181-8c14-c85935baddbc,200,1,1,211,,Homepage | Banda Buritto,good,,2026-06-22T13:01:18+00:00
45dda744-82ec-4e49-9808-d150749cb76f,0,0,0,106,,,broken,"ssl: HTTPSConnectionPool(host='www.myccasa.com', port=443): Max retries exceeded with url: / (Caused by S",2026-06-22T13:01:18+00:00
a4d59483-1d84-4906-af66-8b91dc927fbe,0,0,0,15074,,,broken,connection failed,2026-06-22T13:01:18+00:00
af2ef820-530d-4143-bdc2-9c9e9c7bc8bf,0,0,0,39,,,broken,connection failed,2026-06-22T13:01:19+00:00
aabeecba-e86c-465c-b3f0-0762acba9f64,200,1,1,299,,Homepage | Banda Buritto,good,,2026-06-22T13:01:19+00:00
247e0a3e-0cb7-4a08-b7e1-cc08340694f0,200,0,1,410,,Scott Lyall :: Clothes For Men,weak,,2026-06-22T13:01:19+00:00
1a953d7f-d1dc-4ffe-83d4-650d9f511ef2,403,1,1,174,,Just a moment...,broken,,2026-06-22T13:01:19+00:00
e09a2818-5b98-47e5-b223-5427e892eb69,403,1,1,103,,Just a moment...,broken,,2026-06-22T13:01:19+00:00
ee688ed3-df29-4dda-9bc6-66b5a0320393,0,0,0,109,,,broken,connection failed,2026-06-22T13:01:19+00:00
06ec0677-8854-401a-a18b-82895a2a2a96,202,0,0,203,,,weak,,2026-06-22T13:01:19+00:00
f07c2997-8162-46e9-8f7a-a7fba79a9553,200,1,1,255,,Petaluma Store | Whole Foods Market,good,,2026-06-22T13:01:19+00:00
c9b3dcfc-efd7-4019-88db-4806746cec38,200,1,1,272,,Sonoma Store | Whole Foods Market,good,,2026-06-22T13:01:19+00:00
46213737-970b-4b6f-af3a-42b7f3413057,200,1,1,242,,Napa Store | Whole Foods Market,good,,2026-06-22T13:01:19+00:00
893f55dd-367c-48c4-843c-5756d848f2af,0,0,0,50,,,broken,connection failed,2026-06-22T13:01:19+00:00
9a953e39-ba3c-441e-a858-a040bac298be,200,1,1,608,,Benicia’s Kitchen | The Lodge at Sonoma,good,,2026-06-22T13:01:19+00:00
85075397-a1bc-42bd-8d6b-4122dab3c6d1,0,0,0,112,,,broken,connection failed,2026-06-22T13:01:19+00:00
c3cbdd8c-ccaf-49d2-8c19-bcfee57a9cbd,200,1,1,169,GoDaddy,Home Page,good,,2026-06-22T13:01:19+00:00
910d9e6d-4a15-4f89-bca7-ed1d79aa762a,0,0,0,103,,,broken,connection failed,2026-06-22T13:01:19+00:00
a8081da0-52ed-4e57-a4db-db4947faa559,0,0,0,110,,,broken,connection failed,2026-06-22T13:01:19+00:00
00868e97-48dd-44dd-a40f-bf463002f6d4,0,0,0,116,,,broken,connection failed,2026-06-22T13:01:19+00:00
73b37aee-9111-41fc-bab2-247ab0536654,0,0,0,15068,,,broken,timeout,2026-06-22T13:01:19+00:00
d98fe40c-4b46-42df-a788-ff594199c446,404,1,1,447,Wix,,broken,,2026-06-22T13:01:19+00:00
ad34b329-f26c-4b9b-a2ec-498886051a4c,0,0,0,112,,,broken,connection failed,2026-06-22T13:01:19+00:00
3819fb5e-a296-4065-b475-62d5035a914b,0,0,0,249,,,broken,"ssl: HTTPSConnectionPool(host='www.villacoronash.com', port=443): Max retries exceeded with url: / (Cause",2026-06-22T13:01:19+00:00
af3d8c17-46f7-447f-84bc-b821c70f133c,200,1,1,659,WordPress,Live a unique and authentic Mexican experience,good,,2026-06-22T13:01:19+00:00
97ac30d9-870d-4785-b717-ca5e6b0b96bf,200,1,1,2948,WordPress,Home - R.E. Maher Inc,good,,2026-06-22T13:01:19+00:00
a535834f-0c84-4c3f-90c3-b2c8fbee010d,200,1,1,378,,Find a Home Lending Advisor Near You | Chase Mortgage,good,,2026-06-22T13:01:20+00:00
b52f044c-22db-4819-8ec8-7bf4e23f31e3,0,0,0,150,,,broken,connection failed,2026-06-22T13:01:20+00:00
69929112-4609-4cab-86a2-9d36266b050c,200,1,1,2525,Wix,H O M E | PoemmgPrenatal Massage | Paradise On Earth Massage | United States,good,,2026-06-22T13:01:20+00:00
a630ed35-9c46-4ea5-bfa4-55c1aa30f22c,200,1,1,517,,Home Loans and Refinance - Movement Mortgage,good,,2026-06-22T13:01:20+00:00
8185a0ea-69ea-481c-9853-bfcdcb464a92,530,1,1,158,,Origin DNS error | www.napamortgageloans.com | Cloudflare,broken,,2026-06-22T13:01:20+00:00
89abcad0-3ca5-4f45-8f73-aa8d2edf2456,200,1,1,1189,,Demo Mahjong Pragmatic Play Gratis Nolimit City & Slot Demo PG Soft Auto Gacor Scatter Hitam X10000,good,,2026-06-22T13:01:20+00:00
074dba67-9605-4f6e-b84f-9703bc84a2f5,200,1,1,944,WordPress,Napa CA Home Loans | Purchase and Refinance Mortgages | Eddie Berengue - Edge Home Finance,good,,2026-06-22T13:01:20+00:00
d92ce708-74a7-4def-820a-d4f54877df6d,200,1,1,491,WordPress,"Fairway.com | Fairway Independent Mortgage Corp, NMLS ID 2289",good,,2026-06-22T13:01:20+00:00
b690b81c-c49f-4be6-8f99-df6b46fd3887,200,1,1,822,WordPress,Find a Loan Officer | CrossCountry Mortgage,good,,2026-06-22T13:01:20+00:00
7faf5b8a-3697-4a43-a8df-e97c34ec0faf,200,1,1,961,WordPress,Napa Mortgage Broker | Shamrock Mortgage Solutions,good,,2026-06-22T13:01:20+00:00
9c3b6512-8757-4792-b4c5-0010f6282b09,200,1,1,7893,,"Pearce Home Comfort | Sonoma, CA Hvac Service | Hvac Service Sonoma, CA, Ac System Installation",weak,,2026-06-22T13:01:20+00:00
73576a92-71c9-46b0-90e3-e4844607366f,404,1,1,1174,WordPress,Page not found | CrossCountry Mortgage,broken,,2026-06-22T13:01:20+00:00
808abe0b-617d-4da8-8775-d97ba67b0e09,200,1,1,127,WordPress,The Regan Team Home Loan Group &#8211; For all your home financing needs,good,,2026-06-22T13:01:20+00:00
95a415c0-f946-4c48-b2fa-ce336a0ba079,200,1,1,424,WordPress,CrossCountry Mortgage | America&#039;s #1 Retail Mortgage Lender,good,,2026-06-22T13:01:21+00:00
a67021b2-e198-42ef-8fbb-aaaabd1e7614,404,1,1,509,Webflow,Uh Oh 404 - Fairway Independent Mortgage Corporation,broken,,2026-06-22T13:01:21+00:00
5fad0cd1-e207-4b3b-9699-b607d60f0da9,200,1,1,908,WordPress,Jeanine Nucum | Jeanine Nucum-Mortgage Brokers,good,,2026-06-22T13:01:21+00:00
67e85bd4-63e4-470d-b6e0-05409f612cf4,200,0,0,110,,,weak,,2026-06-22T13:01:21+00:00
1e61e463-1640-4560-9574-53dc3e70f842,0,0,0,52,,,broken,connection failed,2026-06-22T13:01:21+00:00
ae07ead1-c062-4e97-af79-e423930e6e44,200,1,1,650,,,good,,2026-06-22T13:01:21+00:00
1d4ee15a-ee09-442f-81a1-11c0bdb7282b,0,0,0,109,,,broken,connection failed,2026-06-22T13:01:21+00:00
667d1015-b92b-470f-814d-ae9b8d2abdb4,0,0,0,114,,,broken,connection failed,2026-06-22T13:01:21+00:00
2a3c52f1-05a2-4cbc-8a40-387c83889d48,0,0,0,30,,,broken,connection failed,2026-06-22T13:01:21+00:00
3885e7a1-4f74-4e7b-ac92-b907ce3844ac,404,1,1,474,Webflow,Uh Oh 404 - Fairway Independent Mortgage Corporation,broken,,2026-06-22T13:01:21+00:00
82f95694-d42d-44b2-9261-9361cbcfa0f3,200,0,0,128,,Under Construction,weak,,2026-06-22T13:01:21+00:00
7d269967-fd77-4dd8-9062-4b9a525187f5,200,1,1,227,,"Napa Valley Register | Breaking News | | Read Napa, CA and California breaking news. Get latest news, events and information on California sports, weather, entertainment and lifestyles.",good,,2026-06-22T13:01:21+00:00
97cfc6d4-4d88-421a-b22a-38fd48990f51,200,1,1,503,,"Wealth Management Banker | Samuel Rodriguez | Napa, CA | U.S. Bank",good,,2026-06-22T13:01:21+00:00
341e0b84-5395-478e-89d5-bc607d2123e0,200,1,1,323,WordPress,Age Verification - Ca&#039; Momi Winery,good,,2026-06-22T13:01:21+00:00
e39da90c-739b-4b58-87be-245f861b8927,200,1,1,1253,,Kelly Hagler's MySite | CMG Home Loans,good,,2026-06-22T13:01:21+00:00
5e932abb-d33c-4d39-89e8-6f458f66464d,200,1,1,157,WordPress,Top Orthodontist in Napa CA | Wow Smiles,good,,2026-06-22T13:01:21+00:00
c58d271b-c55d-40be-9411-54d2c264f4fc,200,1,1,357,,"KK Optometric Eyecare | Trusted Eye Doctors in Petaluma, CA",good,,2026-06-22T13:01:21+00:00
78baed3d-dc77-499e-b6ad-179149569998,200,1,1,76,,Home | Mei-Don Chinese Cuisine,good,,2026-06-22T13:01:21+00:00
c0d44b2b-ef79-445f-b1fd-b7f07f12aefa,0,0,0,111,,,broken,connection failed,2026-06-22T13:01:21+00:00
93a9287a-fcfe-4d37-abb1-8879b37b00be,200,1,1,1473,,Reverse Mortgage Specialist in California | Michael Brouse,good,,2026-06-22T13:01:21+00:00
c9f40f6c-9261-4212-bcf4-d348615ee009,200,1,1,540,,"Eyeglasses, Contacts &amp; Eye Exams Near You in Fairfield, CA 94533",good,,2026-06-22T13:01:22+00:00
48cbf820-7f40-4996-92dd-17ff4c8dcfd1,200,1,1,1472,,"Mortgage Lender in Napa, CA | Primary Residential Mortgage",good,,2026-06-22T13:01:22+00:00
8c1807ed-109a-4e86-9973-5781f75073bb,200,1,1,1279,WordPress,Steve Compagno | NMLS #347427 | Petaluma CA Mortgage Lender,good,,2026-06-22T13:01:22+00:00
fa01f5da-da4d-4bb2-b5e9-bb790e05526c,200,1,1,441,Squarespace,Behind the Scenes Travel,good,,2026-06-22T13:01:22+00:00
70ca8dfa-38a8-4a2f-85e4-63917de55ac3,200,1,1,360,Squarespace,BENCHMARK DESTINATIONS Corporate Event Production &amp; Program Management | Benchmark Destinations,good,,2026-06-22T13:01:22+00:00
0a24af13-b6e0-474e-b223-f326499c53e1,200,1,1,244,Squarespace,purple cork - Event Experiences,good,,2026-06-22T13:01:22+00:00
8b7f0f6b-7b8e-4d94-87bd-9eeb3d338235,200,1,1,752,,Demo Slot: 20 Slot Demo Gratis Akun Pragmatic Play Gampang Menang x500 Gacor Maxwin Anti Lag Terbaru,good,,2026-06-22T13:01:22+00:00
952548fb-3dae-42b7-9a12-a175160c66b6,200,1,1,455,,Blueprint Studios | Home,good,,2026-06-22T13:01:22+00:00
8ffdfe20-fb0d-4ada-9177-8552b7aea696,202,0,0,137,,,weak,,2026-06-22T13:01:22+00:00
f71979ef-73b1-4168-bf07-14c6fa6aa494,200,1,1,449,Squarespace,Destination Design Group | %i,good,,2026-06-22T13:01:22+00:00
fe2372b4-a4ba-41fa-b2f4-f04694e8b296,200,1,1,89,,Local Dentist Office in Petaluma CA | Petaluma Modern Dentistry,good,,2026-06-22T13:01:22+00:00
52dbc64f-f7ad-4649-9424-3565579602b5,200,1,1,295,,"Pavers, Turf, Decking &amp; More - System Pavers",good,,2026-06-22T13:01:22+00:00
db352569-5a2d-4e39-aff1-1c9680966be4,200,1,1,197,,Personal Injury Attorney | Kensok Personal Injury,good,,2026-06-22T13:01:22+00:00
c931120d-5680-4844-8c66-9bb9824f2c46,200,1,0,247,,COHN LAW FIRM - Dona Cohn-Payne,weak,,2026-06-22T13:01:22+00:00
7814e43f-f446-4dd6-b235-da1e94bf788d,0,0,0,109,,,broken,connection failed,2026-06-22T13:01:22+00:00
f5a95a81-3e01-4e59-96d9-175abcfd2eed,200,1,1,313,WordPress,California Personal Injury Lawyers | Millions Recovered | Wells Call Injury Lawyers,good,,2026-06-22T13:01:22+00:00
94dbca29-99c7-4f9a-8861-72e354842b97,404,1,1,630,,,broken,,2026-06-22T13:01:23+00:00
05179cb6-b867-4232-9520-38e5b833da93,200,1,1,282,,"Armed Force Pest Control, Inc.",good,,2026-06-22T13:01:23+00:00
5d92836b-e4fc-458a-a339-37973b9f9009,200,1,1,236,,"Pest Control Near Me: Fairfield, CA Exterminator - Branch 842 | Orkin",good,,2026-06-22T13:01:23+00:00
d30d5fe2-ba10-4bf2-afe5-add608153715,200,1,1,3229,,Search Results | Flagstar,good,,2026-06-22T13:01:23+00:00
56b6d2ce-949f-4d1b-989b-5594c4fe150b,200,1,1,670,WordPress,"Pest Control | Marin, Sonoma, Napa and SF, Diamond Certified",good,,2026-06-22T13:01:23+00:00
eca4a6d4-22a0-4209-9aa0-1bcda2bc2cec,403,1,1,147,,Just a moment...,broken,,2026-06-22T13:01:23+00:00
ca05bdd8-9014-4a0c-9c42-8bc0ab33b459,200,1,1,158,WordPress,"Vet Clinic in Napa Valley &amp; Lake County, CA | Calistoga Pet Clinic",good,,2026-06-22T13:01:23+00:00
7fa26a22-c877-4c9b-9c76-db2128fe732f,0,0,0,15074,,,broken,connection failed,2026-06-22T13:01:23+00:00
cc8939fe-2d34-44eb-86b8-ecd66e0cda70,200,1,1,629,,#1 Rat &amp; Rodent Exclusion Services in Marin &amp; Sonoma Counties,good,,2026-06-22T13:01:23+00:00
b9588a23-fa2c-4f40-9a18-8fc1be3a2cd2,200,1,1,1659,WordPress,Global Locator | Find Corporate &amp; Event Venues | Encore®,good,,2026-06-22T13:01:23+00:00
6a258cee-3b6c-48ab-afa8-544be8303f4e,200,1,1,403,WordPress,"By the Bay Health | Marin, San Francisco, San Mateo, Sonoma",good,,2026-06-22T13:01:23+00:00
20bb35e3-5ebe-4a11-9884-9276458501cd,200,1,1,787,,"Termite &amp; Pest Control, Exterminators in Petaluma: Terminix",good,,2026-06-22T13:01:23+00:00
7ca9b328-d88d-4388-9016-22f89130c2c8,200,1,1,331,,"PetVet at Tractor Supply Company | American Canyon, CA",good,,2026-06-22T13:01:23+00:00
5ef54d1f-ae83-4465-a645-1c1bff73707e,0,0,0,309,,,broken,connection failed,2026-06-22T13:01:24+00:00
6421b73a-7988-4ee7-bb32-874f22f12959,200,1,1,116,,Walmart | Save Money. Live better.,good,,2026-06-22T13:01:24+00:00
0490a438-6b54-41e3-8660-c298b31dfa48,200,1,1,1010,,"PetSmart Petaluma Pet Store in Petaluma, California | Store #2532",good,,2026-06-22T13:01:24+00:00
cf0617c8-6ff8-402a-b80c-8b77d59d5090,200,1,1,2001,WordPress,Home - Upstage Productions,good,,2026-06-22T13:01:24+00:00
52250fff-2144-467a-975d-ef6d05d03cd1,403,1,1,141,,Access denied | focusforwardwpt.com used Cloudflare to restrict access | focusforwardwpt.com | Cloudflare,broken,,2026-06-22T13:01:24+00:00
e943ed5d-8dc4-4aaa-a663-d62caf7e0d80,200,1,1,2744,WordPress,"Hello Ortho | Orthodontist in Napa &amp; Petaluma, CA",good,,2026-06-22T13:01:24+00:00
0e7b8971-b58b-4f60-94e9-e1cadbaebb77,200,1,1,197,,Walmart | Save Money. Live better.,good,,2026-06-22T13:01:24+00:00
d96c0e95-32bd-4271-b192-408be8dc1011,200,1,1,726,,"JustFoodForDogs | Fresh Dog Food, Proven Healthy",good,,2026-06-22T13:01:24+00:00
36fd2a8a-6939-4c40-8496-ac8161af1a35,0,0,0,38,,,broken,connection failed,2026-06-22T13:01:24+00:00
75b870dd-3093-4576-b8a4-9680957f1d8e,404,1,0,506,,Carat Right Icon 13,broken,,2026-06-22T13:01:24+00:00
8774b337-e8e4-455e-a58a-a8c33b244bbf,200,1,1,142,GoDaddy,"Napa Soul - Spin, Wellness, Fitness",good,,2026-06-22T13:01:24+00:00
aa27bb5f-3dac-46d0-9a3b-a53006399dc5,0,0,0,108,,,broken,connection failed,2026-06-22T13:01:24+00:00
6f4dfffa-fc5a-45a6-aae6-01033f8c6657,200,1,1,238,WordPress,"PT Clinic in St. Helena, CA | PT Solutions",good,,2026-06-22T13:01:24+00:00
1bf4bbfb-d725-4e0e-a7b8-439b4a40cfff,200,1,1,2057,WordPress,"Lisa Halliday, DMD &amp; Tom Halliday, DDS | Dentist in Sonoma, CA",good,,2026-06-22T13:01:24+00:00
877f3db1-f78e-46f5-b584-7bc2b25e8a4d,200,0,0,331,,,weak,,2026-06-22T13:01:24+00:00
5cbcf979-8671-4f2f-a2b5-73d2540e51fb,200,0,0,117,,,weak,,2026-06-22T13:01:24+00:00
6b126a6e-ca71-4d63-98a7-04e51c6fa731,200,0,0,37,,Redirecting...,weak,,2026-06-22T13:01:24+00:00
ab316f88-1caa-49b5-b75d-c2068650ba22,521,1,1,254,,fregenes.com | 521: Web server is down,broken,,2026-06-22T13:01:24+00:00
1b56d9a9-725a-4a9a-a293-9c917ee71885,200,1,1,190,WordPress,"Pizza Delivery &amp; Takeout in Petaluma, CA | Mountain Mike’s Pizza - 919 Lakeville St",good,,2026-06-22T13:01:24+00:00
c5730208-0b11-49af-8c4d-99622db95447,200,1,1,374,,"Silverado Resort Market &amp; Bakery | Fresh, Local Flavors",good,,2026-06-22T13:01:24+00:00
bef5a441-57e7-45b6-b7eb-dfc3b0bc32f2,200,1,1,722,WordPress,Napa Valley Physical Therapy Center | Top Physical Therapy in Napa,good,,2026-06-22T13:01:24+00:00
f85aba22-c6e8-446b-b5ca-aa3b9e019356,200,1,1,328,,Home - Parry&#39;s &amp; Pizzeria Restaurant,good,,2026-06-22T13:01:25+00:00
b7825b96-27a9-4f56-bb2e-293b9fdcd653,0,0,0,38,,,broken,connection failed,2026-06-22T13:01:25+00:00
bb4cadc7-31a1-4add-80e1-1d1f19aaa0e6,200,1,1,1634,WordPress,Fetch! Pet Sitting &amp; Dog Walking in Marin,good,,2026-06-22T13:01:25+00:00
5827de12-b4f5-4573-b36c-98e2da58c715,0,0,0,107,,,broken,connection failed,2026-06-22T13:01:25+00:00
1250cb91-136b-488c-8edf-0783957e60d1,200,1,1,592,,"Papa Murphy&#39;s Pizza Takeout Restaurant American Canyon,CA",good,,2026-06-22T13:01:25+00:00
9a908807-b786-4595-9904-3672e1f426b8,202,1,0,192,,,weak,,2026-06-22T13:01:25+00:00
037b5568-0957-4d8c-9a37-d588025f3d3b,200,1,1,128,,Ed's Plumbing &amp; Repairs | Napa County Plumbing &amp; Sewer Contractor | Napa Valley California,good,,2026-06-22T13:01:25+00:00
b1cee0b2-2c85-4431-affb-4480b52f76e1,200,1,1,4011,WordPress,Orthodontist in California | Santa Rosa &amp; Windsor | Bernstein Orthodontics,weak,,2026-06-22T13:01:25+00:00
40979f09-d9a7-4408-a356-56c5c3163935,200,1,1,1229,,,good,,2026-06-22T13:01:25+00:00
8fe887c5-bcbd-40f2-92cc-4ec64b2cd5f1,200,1,1,156,,"Integrity Plumbing | Fairfield, CA",good,,2026-06-22T13:01:25+00:00
42ab5426-0c91-455a-97a3-907c396f42b6,200,1,1,363,WordPress,"HVAC Contractor in Sonoma, CA | APES Plumbing Heatin Sewer &amp; Drain",good,,2026-06-22T13:01:25+00:00
e909bc5b-6538-478d-b5f7-914ed6a3cb03,200,1,1,212,,"Ken Mays Plumbing, Inc. | 24-Hour Plumbing Experts",good,,2026-06-22T13:01:25+00:00
836c4807-1ab7-45fa-b902-2e7bde08668c,200,1,1,1235,,(X)Papa Murphy&#x27;s Napa Street - Order Online,good,,2026-06-22T13:01:25+00:00
7764da5c-e143-46b3-aef3-e5e7618d1816,200,1,1,539,WordPress,"Gray Plumbing Inc - Trusted Plumbers in Fairfield, CA",good,,2026-06-22T13:01:25+00:00
db189ebf-e4f9-4107-9e35-74507f557e37,0,0,0,1197,,,broken,"ssl: HTTPSConnectionPool(host='www.redd-wood.com', port=443): Max retries exceeded with url: / (Caused by",2026-06-22T13:01:26+00:00
2c91f017-9ccd-45d5-ac4a-4036cbd67bf5,200,1,1,1528,WordPress,"Hector&#039;s Pizza | Sourdough Pizza in Petaluma, CA",good,,2026-06-22T13:01:26+00:00
52a41c12-88f2-423e-8881-e0894366322f,200,1,1,606,,"Plumbers in Napa, CA | Mr. Rooter Plumbing of Napa",good,,2026-06-22T13:01:26+00:00
cfe3b10c-f178-484e-ad23-912beae94cfd,200,1,1,636,Wix,"Sustainable Plumbers, Steven Raffaini Plumbing | Plumbing | 510 Donald Street, Sonoma, CA, USA",good,,2026-06-22T13:01:26+00:00
13cb45e1-defd-4cc4-a50c-4d7630e39546,200,1,1,330,,Site Error,good,,2026-06-22T13:01:26+00:00
e70baf74-3515-42c4-8cc9-56ae81dc001c,200,1,1,787,,"Plumbing Services in Concord, CA | Mr. Rooter Plumbing",good,,2026-06-22T13:01:26+00:00
52ae258c-7bc6-477b-8c49-110f195b107c,404,1,1,506,,Page Not Found | KinderCare,broken,,2026-06-22T13:01:26+00:00
21cf6f86-0e52-4a99-9db9-1799ef03c6b6,404,0,0,313,,,broken,,2026-06-22T13:01:26+00:00
f8721f50-5127-4225-a803-9f5f7afb8597,0,0,0,1926,,,broken,"ssl: HTTPSConnectionPool(host='www.stoneworkpizza.com', port=443): Max retries exceeded with url: / (Caus",2026-06-22T13:01:26+00:00
70b77866-7871-47e5-9e94-6461f13767ed,200,1,1,533,WordPress,"American Sanitation Inc - Portable Toilets in Napa, CA",good,,2026-06-22T13:01:26+00:00
3034de83-4a9c-4a54-bce7-aa0e1b7b54b7,404,1,1,417,Squarespace,SOL FOOD,broken,,2026-06-22T13:01:26+00:00
354945e7-4978-4da2-a0ff-0bc1f2f2865f,0,0,0,441,,,broken,"ssl: HTTPSConnectionPool(host='www.augustappraisals.com', port=443): Max retries exceeded with url: / (Ca",2026-06-22T13:01:27+00:00
d896c058-7f78-401c-af2a-56b6b01b9c61,403,1,0,126,,ERROR: The request could not be satisfied,broken,,2026-06-22T13:01:27+00:00
65a1bdd1-4687-4785-b5a8-70b2ad729659,200,0,0,199,,,weak,,2026-06-22T13:01:27+00:00
652e4f09-bf99-4e23-b22c-1ed90deff8f6,200,1,1,3146,WordPress,Elizabeth Baird Photography,good,,2026-06-22T13:01:27+00:00
fc30d5f1-1398-499d-8cf3-79fb76c8392d,0,0,0,176,,,broken,"ssl: HTTPSConnectionPool(host='www.winecountrygroup.com', port=443): Max retries exceeded with url: /offi",2026-06-22T13:01:27+00:00
49470172-72fc-4690-b887-9059651a27cc,200,1,1,253,,North Bay Real Estate Experts â Discover Your Dream Home,good,,2026-06-22T13:01:27+00:00
3344b34e-c108-48a4-87f9-3ce24e490e1c,200,1,1,446,,"Brad Simpkins (&#064;brad.simpkins) • Facebook, Connect with friends",good,,2026-06-22T13:01:27+00:00
54251b79-d56a-4da8-8999-61d8c72758a6,200,1,1,1124,,Wellness Program | Queen of the Valley Medical Center | Providence,good,,2026-06-22T13:01:27+00:00
ff6a778a-40c6-433a-8f33-0450ce0f14cb,200,1,1,1495,,"Fairfield KinderCare | Daycare, Preschool &amp; Early Education in Fairfield, CA | KinderCare",good,,2026-06-22T13:01:27+00:00
baf45fb4-fa92-4055-880f-e841f3884fe2,0,0,0,39,,,broken,connection failed,2026-06-22T13:01:27+00:00
f0511736-36d8-4538-9fd8-2ed24d62cc93,200,1,1,511,,"Real Estate, Homes for Sale & Apartments for Rent | Compass",good,,2026-06-22T13:01:27+00:00
4cc8c1b8-b7cd-4857-9433-72347465b2c2,200,1,1,468,,"Davidson &amp; Bennett Real Estate Services, Inc. | Property Management",good,,2026-06-22T13:01:27+00:00
cef215be-73d5-42dd-a799-061a6d11a8f0,0,0,0,149,,,broken,connection failed,2026-06-22T13:01:27+00:00
017d5ef4-6337-4738-97fc-c079db55fb92,200,1,1,728,,Real Estate and Homes for Sale - Coldwell Banker,good,,2026-06-22T13:01:27+00:00
3ed97393-f649-4444-980b-f79c0fdf48f9,200,1,1,1964,Wix,United States Plumbing U.S.P. | plumbing company drain service emergency water heater | California,good,,2026-06-22T13:01:27+00:00
628c83c8-96b3-4396-baee-f31573fb4bb5,200,0,1,493,,Petaluma Real Estate Expert | HomesByGael.com,weak,,2026-06-22T13:01:27+00:00
ddbce0d3-3428-4e8e-b095-64b9cb42cebf,200,0,0,273,,"Napa Valley Real Estate, Homes for sale in Napa Valley, California",weak,,2026-06-22T13:01:27+00:00
d3fc9d6e-d466-471a-8f78-d9e3d6cba386,0,0,0,62,,,broken,connection failed,2026-06-22T13:01:27+00:00
ce890e88-4ad8-466f-9c76-0ad07b400442,404,0,0,167,,,broken,,2026-06-22T13:01:27+00:00
55bbf55b-80ed-4bc0-80d1-fcfe7db1bcf0,200,1,1,535,,#1 Team RE/MAX Gold Northern California,good,,2026-06-22T13:01:28+00:00
6b787751-80ae-40cf-825a-f2ab1efd9164,200,1,1,168,WordPress,Premier Homes &amp; Country Estates | Premier Homes &amp; Country Estates,good,,2026-06-22T13:01:28+00:00
4bc467d9-cba0-4b46-8303-e9c3890bb821,0,0,0,108,,,broken,connection failed,2026-06-22T13:01:28+00:00
2992118b-9c40-42f3-8e9c-04f4cf46a653,0,0,0,110,,,broken,connection failed,2026-06-22T13:01:28+00:00
bfda708c-99a7-4f08-91f2-f24e4fced646,200,1,1,167,GoDaddy,Redwood Empire Appraisal,good,,2026-06-22T13:01:28+00:00
191a1403-13d4-4704-97f6-e731abdf0ec3,200,1,1,248,Squarespace,Rachael Dressler - Sonoma and Marin County Realtor,good,,2026-06-22T13:01:28+00:00
53c56622-00d8-4466-af63-c7e6e19eeea0,200,0,0,134,,,weak,,2026-06-22T13:01:28+00:00
d7096340-5deb-4f2f-b057-43e1f54c47a2,409,0,1,143,,DNS resolution error | sthelenarealestate.com | Cloudflare,broken,,2026-06-22T13:01:28+00:00
e747f5cf-a60f-4625-8fa6-22f40707ac60,200,0,0,243,,Homes For Sale in Napa Solano,weak,,2026-06-22T13:01:28+00:00
07d88ba1-95d6-4d1c-b2ee-d33b3684aabc,202,1,0,568,,,weak,,2026-06-22T13:01:28+00:00
c9e8a825-a82a-4c51-b8e4-5cc5e1c6a992,200,1,0,1120,,,weak,,2026-06-22T13:01:28+00:00
34bc9b49-d882-4066-b531-54e88d4d5ce6,403,0,0,127,,Access Denied,broken,,2026-06-22T13:01:28+00:00
b79198f0-d7c0-468a-b4a7-745d48a0de91,0,0,0,226,,,broken,"ssl: HTTPSConnectionPool(host='www.jameswalker.cbintouch.com', port=443): Max retries exceeded with url: ",2026-06-22T13:01:28+00:00
2b81ee6a-2bdd-427f-a121-18a79ba9f21c,200,1,1,969,WordPress,Sell My House Fast for Cash In Napa CA | Cash Home Buyers,good,,2026-06-22T13:01:29+00:00
5a3837d8-5757-4bf6-ae97-014cba38852a,200,1,1,1053,WordPress,Sell My House Fast for Cash In Napa CA | Cash Home Buyers,good,,2026-06-22T13:01:29+00:00
2fc7b2b6-bca3-4ef1-9efb-a573b0ef0188,403,0,0,223,,403 - Forbidden: Access is denied.,broken,,2026-06-22T13:01:29+00:00
327ad1d1-0d82-4dbe-a054-db8cc8a74dd2,200,1,1,2838,WordPress,Restaurante El Palmar - Restaurante de arroces en El Palmar,good,,2026-06-22T13:01:29+00:00
bc18a7e3-6c11-4a8a-90e3-7e4845c258bd,202,0,0,69,,,weak,,2026-06-22T13:01:29+00:00
919446d4-5c78-4440-8083-2d96397dd6b9,0,0,0,113,,,broken,connection failed,2026-06-22T13:01:29+00:00
86f09cb0-6d77-4a6e-b7df-21fc0fb9b64c,200,0,0,214,,Web Page Under Construction,weak,,2026-06-22T13:01:29+00:00
6b9dc167-2d60-4edb-9c8d-f643e6d5b8f1,0,0,0,107,,,broken,connection failed,2026-06-22T13:01:29+00:00
1f42b058-2826-45e5-96ca-0692fb199206,0,0,0,128,,,broken,connection failed,2026-06-22T13:01:29+00:00
4f238aa9-ac52-4be7-93a8-f22e1ef1ae71,0,0,0,42,,,broken,connection failed,2026-06-22T13:01:29+00:00
80771d63-73eb-4f3a-820d-d569eef1b562,403,1,1,73,,Just a moment...,broken,,2026-06-22T13:01:29+00:00
8a2af5e4-390f-4e5f-b7a5-f3ccc4a17742,404,0,1,913,,Site inactive,broken,,2026-06-22T13:01:29+00:00
87d1181b-4950-4569-a1fe-e91a98220b98,200,1,1,527,,Luxury Hotel in Sonoma - Fairmont Sonoma Mission Inn &amp; Spa,good,,2026-06-22T13:01:29+00:00
bd275b7e-3cab-484d-9210-609516c5185c,202,0,0,172,,,weak,,2026-06-22T13:01:29+00:00
0026b3ea-f7d5-490f-b82e-ca4e96eb2740,200,1,1,1104,GoDaddy,1300 Main - Wiseman Commercial,good,,2026-06-22T13:01:29+00:00
79165bda-76c5-442c-b7a9-bf1bab422992,200,1,1,204,,Luxury Hotel in Sonoma - Fairmont Sonoma Mission Inn &amp; Spa,good,,2026-06-22T13:01:29+00:00
0c3d2b1e-827a-4afe-a878-f6b125fec770,200,1,1,116,,IHG Hotels & Resorts® | Book Direct for Exclusive Hotel Deals,good,,2026-06-22T13:01:29+00:00
d82263a4-1652-488a-8994-269eb0bb7eaf,200,1,1,273,Shopify,Homepage | Calistoga Depot,good,,2026-06-22T13:01:29+00:00
6b1ca8d7-6880-487f-9fde-3401b7721a90,200,0,1,222,,,weak,,2026-06-22T13:01:29+00:00
c63bc739-b9cd-478e-b4eb-68c6ceb32a26,0,0,0,425,,,broken,connection failed,2026-06-22T13:01:29+00:00
567286ea-245c-4f80-90b7-a16cb668ebff,200,1,1,554,WordPress,CafeSocietyStore | All you need to know about game in casino,good,,2026-06-22T13:01:30+00:00
80a992c0-79ae-4407-a7da-479314de30cd,0,0,0,106,,,broken,connection failed,2026-06-22T13:01:30+00:00
e23ff59e-f478-4b91-b110-e30c59ff3831,0,0,0,15077,,,broken,connection failed,2026-06-22T13:01:30+00:00
57219493-4665-42e8-9afe-f382650d79f2,0,0,0,39,,,broken,connection failed,2026-06-22T13:01:30+00:00
e1805ece-a18d-414b-9e31-3ce4e54fe68e,200,1,1,192,Squarespace,Kitchen Door Napa Restuarant,good,,2026-06-22T13:01:30+00:00
d903eeec-6f32-4945-897b-fbe931d44e8f,200,1,1,513,Squarespace,Menufy: The Easiest Way To Grow Your Restaurant Online,good,,2026-06-22T13:01:30+00:00
273123a8-3d99-4782-be40-3cd66e492188,200,1,1,91,,"Napa Resort | Luxury Spa, Golf, Tennis, Pickleball, &amp; Suites",good,,2026-06-22T13:01:30+00:00
e05c3cf9-a693-4441-89f0-c8d3a0db2b14,0,0,0,39,,,broken,connection failed,2026-06-22T13:01:30+00:00
b16fcda5-e95f-4ce7-83dd-8b8649e4b4a7,0,0,0,115,,,broken,connection failed,2026-06-22T13:01:30+00:00
c6f39c88-f1b0-46f3-a7c0-747e886e4423,200,1,1,597,,Flour and Bloom Cakes,good,,2026-06-22T13:01:30+00:00
f041bdc9-8156-415a-b2eb-dcaf86b17b41,200,1,1,316,Squarespace,LOLA,good,,2026-06-22T13:01:30+00:00
90fe679a-31fb-4c82-9566-3587ec48f888,0,0,0,109,,,broken,connection failed,2026-06-22T13:01:30+00:00
cbdba029-a860-4254-b9dc-129165f8fc3a,200,1,1,166,WordPress,"Patina Group - Restaurants, Catering &amp; Events",good,,2026-06-22T13:01:30+00:00
7741b20f-8abb-4f46-aa36-591ce04d6530,200,1,1,558,WordPress,Knights Bridge Winery,good,,2026-06-22T13:01:30+00:00
3b6540cf-9238-46ca-a099-d2020ffe4fa1,200,1,1,206,,Restaurants &amp; Bars in Sonoma - Fairmont Sonoma Mission Inn &amp; Spa,good,,2026-06-22T13:01:30+00:00
a693596b-13a4-4b13-aa00-93e14b0dfae5,200,0,0,389,,,weak,,2026-06-22T13:01:30+00:00
526360ec-cead-4998-8ad5-f9ca886cfdef,200,1,1,126,,Super Duper | Fast food burgers. Slow food values.,good,,2026-06-22T13:01:30+00:00
0913c71c-c940-4b09-a8d6-8be841202b52,403,1,0,343,,403 Forbidden,broken,,2026-06-22T13:01:30+00:00
a8a4bf71-0d6f-469d-9b50-91b62f394f65,200,1,1,695,Squarespace,Molly&#39;s Angels,good,,2026-06-22T13:01:30+00:00
e6e7905e-e363-4158-891f-8ef69cd4e476,200,1,1,319,Wix,"Gypsy Boots | American Health &amp; Fitness Pioneer, Actor Gypsy Boots",good,,2026-06-22T13:01:30+00:00
ed98fd64-af5c-4701-8e78-5522e3b212c5,200,0,0,81,,Redirecting...,weak,,2026-06-22T13:01:30+00:00
646b675b-f71e-4d8b-b432-214060386144,404,1,0,266,Shopify,This store is unavailable,broken,,2026-06-22T13:01:30+00:00
24a8590a-1c83-4863-b3ae-ad5e9406935e,526,1,1,408,,suppertimeinnapa.com | 526: Invalid SSL certificate,broken,,2026-06-22T13:01:31+00:00
12688921-1cd6-4edb-b0d9-16ac6b0716b2,200,1,1,778,WordPress,Napajobs.com &#8211; Find your next job in the Napa Valley!,good,,2026-06-22T13:01:31+00:00
c795ffd8-38d4-4302-8c78-b018ac75443d,200,1,1,55,,The Restaurant at Meadowood,good,,2026-06-22T13:01:31+00:00
f63285fc-36d9-4608-955a-3b8a80542dee,200,1,1,212,WordPress,The Meltdown,good,,2026-06-22T13:01:31+00:00
50e038bd-7d58-4f4b-9c87-cf5a57224890,404,1,1,497,,,broken,,2026-06-22T13:01:31+00:00
e184d7c8-bd2f-4ed8-babb-bccf96f0ead0,200,0,0,120,,,weak,,2026-06-22T13:01:31+00:00
1df695b5-3c80-4380-a89c-c504a14c6952,202,0,0,66,,,weak,,2026-06-22T13:01:31+00:00
a3dd7b20-b81c-4ea1-9de1-b01069e897fe,200,1,1,129,,"Wit and Wisdom | American Restaurant in Sonoma, CA",good,,2026-06-22T13:01:31+00:00
116d4d4e-95dd-4bfb-8074-3fb0077b72d3,200,1,1,415,,Wine and Dine,good,,2026-06-22T13:01:31+00:00
621ef8a4-4428-432c-8314-efe61c0cd5d3,521,1,1,780,,chinatownbuffetindover.com | 521: Web server is down,broken,,2026-06-22T13:01:31+00:00
074cc86e-1cb8-43b9-a699-611951b26b94,403,1,1,164,,Just a moment...,broken,,2026-06-22T13:01:31+00:00
f1b9d83c-0a5c-464b-9996-059274636f5c,200,1,1,433,WordPress,"TOGO&#039;S – Fresh Sandwiches &amp; Restaurant Catering, Made to Order",good,,2026-06-22T13:01:31+00:00
2a1eec01-bc47-4559-a65e-98ba786025a5,200,1,1,223,,Roofing Contractor Napa CA | Advanced Roofing Co. | Free Estimates,good,,2026-06-22T13:01:31+00:00
b8fb0266-fc38-4ade-8252-5fb92fac0a2f,200,1,1,747,,"The Mill at Glen Ellen - Glen Ellen, CA",good,,2026-06-22T13:01:31+00:00
fe77ee0e-16cb-4148-b26f-4e5b88caa573,0,0,0,196,,,broken,"ssl: HTTPSConnectionPool(host='alltrussinc.com', port=443): Max retries exceeded with url: /contact/ (Cau",2026-06-22T13:01:31+00:00
3ad4c924-1133-419b-81b4-53f1c0b0e45b,200,1,1,250,,Google Maps,good,,2026-06-22T13:01:31+00:00
1c47cf4e-0f23-4d1e-9363-746ab86abe02,0,0,0,117,,,broken,connection failed,2026-06-22T13:01:31+00:00
85ae3bb9-3b96-4151-9c4f-a3605ef5aa72,200,1,0,195,,,weak,,2026-06-22T13:01:32+00:00
e7592e7c-2bb4-453e-8fbe-a9dd8a738690,200,1,1,686,Wix,Expert Roofing Services in Napa Valley | Napa Valley Roofing &amp; Construction LLC | Call Now!,good,,2026-06-22T13:01:32+00:00
cca56a7f-86ab-4fc3-aa5d-b4f2c40a9998,200,1,1,2966,WordPress,Folktable Catering - Folktable Catering,good,,2026-06-22T13:01:32+00:00
8ebd6c2f-6e8c-4afb-ba82-6e3d672f4c38,200,1,1,926,WordPress,"Curtis Edward&#039;s Roofing - Hidden Valley Lake, CA | 7079001517",good,,2026-06-22T13:01:32+00:00
0dd8592b-ae12-458c-ad2b-96bcbc1ab967,200,1,1,825,WordPress,Roof Replacement Napa County | Leak Repair | Inspection,good,,2026-06-22T13:01:32+00:00
291b36f7-e91c-4762-adfa-3f6615d797fd,200,1,1,367,,Home | Cousins Maine Lobster,good,,2026-06-22T13:01:33+00:00
ae57f4a9-c3fa-4a8e-8efb-96fa80c4ae9c,200,1,1,528,WordPress,"Roofing Craftsmen &amp; Solar Fairfield, CA",good,,2026-06-22T13:01:33+00:00
4596de5e-a8c7-4746-b0e8-c94cd9817cfe,403,1,1,175,,Hilton Page Reference Code,broken,,2026-06-22T13:01:33+00:00
721040da-acec-4e02-9af2-7b65e878889f,0,0,0,346,,,broken,"ssl: HTTPSConnectionPool(host='www.therestaurantpearl.com', port=443): Max retries exceeded with url: / (",2026-06-22T13:01:33+00:00
7ad94f02-be87-406d-8907-4763c3686665,0,0,0,651,,,broken,connection failed,2026-06-22T13:01:33+00:00
086de346-4c14-4977-ac1a-51073baf89df,200,1,1,271,GoDaddy,P+R Septic,good,,2026-06-22T13:01:33+00:00
890f5609-d1d8-4f52-9491-2e123ab8803d,200,1,1,233,GoDaddy,Wine Country Sanitary,good,,2026-06-22T13:01:33+00:00
dc745fc5-597d-4dcb-8f59-d173e0393a85,403,0,1,72,,Access denied | www.gigglegalleryca.com used Cloudflare to restrict access | www.gigglegalleryca.com | Cloudflare,broken,,2026-06-22T13:01:33+00:00
64cdcd41-b575-4411-a210-39e43d1630e2,200,1,1,303,WordPress,"3D Matterport Imaging for Real Estate, Businesses &amp; more | aftertec advanced imaging",good,,2026-06-22T13:01:34+00:00
150419c1-06e4-4e74-a01d-f0abbc1ac8a0,200,1,0,712,Webflow,Napa and Sonoma Wedding Photographers - Lily Rose Photography,weak,,2026-06-22T13:01:34+00:00
0ceeb40f-af44-4963-ba69-2a6d9f54168f,200,1,1,1492,WordPress,Home - Acuantia,good,,2026-06-22T13:01:34+00:00
eccb8816-5de2-468d-ab8c-45fb36b631cd,200,1,1,442,GoDaddy,Solar Panel Installation | Save on Energy Bills | Call (888) 647-0212,good,,2026-06-22T13:01:34+00:00
f5aa0d62-c825-47c8-92d6-871ad307151e,200,1,1,745,Shopify,The Organic Esthetician,good,,2026-06-22T13:01:34+00:00
c30f3768-e334-4fdc-bc2d-8c93a5a1a7bc,200,1,1,266,WordPress,Solar Panel Installation California | Home Solar Power Solutions,good,,2026-06-22T13:01:35+00:00
09bb854d-6e5d-4953-9874-631c5f60c774,0,0,0,108,,,broken,connection failed,2026-06-22T13:01:35+00:00
fa497470-f04f-42e0-91c7-0a55936cce48,200,1,1,550,WordPress,SkinCeuticals SkinLab™ Napa Valley by Duncan Dermatology,good,,2026-06-22T13:01:35+00:00
6989021b-a37e-43d1-80f2-6d2eb3cd1d7a,200,1,1,377,Wix,"HOME | Weekend B Skincare | Esthetician Napa, California",good,,2026-06-22T13:01:35+00:00
99fbaf87-39d5-4802-97f9-ddd0dc754d31,200,1,1,699,Squarespace,Zuzu,good,,2026-06-22T13:01:35+00:00
2f2677f3-acad-40c5-9f68-1d8a5ddf5730,0,0,0,12,,,broken,connection failed,2026-06-22T13:01:35+00:00
6db76d7c-8a24-4f0e-b8d2-2d51afb0b698,200,1,1,188,GoDaddy,FlamezGrill.com is for sale | HugeDomains,good,,2026-06-22T13:01:35+00:00
5593f070-3f4c-477d-a695-5fc1e2809c2d,0,0,0,10014,,,broken,connection failed,2026-06-22T13:01:35+00:00
1d90f37f-446a-4e0e-9adf-c467e03a7ddf,0,0,0,8,,,broken,connection failed,2026-06-22T13:01:35+00:00
44e0d020-0e2c-47fc-b5e2-19253a86ee83,200,0,1,230,,Mee Rhorer MT,weak,,2026-06-22T13:01:35+00:00
e9314039-2af8-47d8-96d8-7d22892fa45a,200,1,1,203,,La Condesa Taqueria - Takeaway food - Napa - Order online,good,,2026-06-22T13:01:35+00:00
ce0dafbe-5d8f-49bb-8adc-7a4ec032a86d,0,0,0,30,,,broken,connection failed,2026-06-22T13:01:35+00:00
80790b10-ae01-4212-a2c9-63ca009c778b,200,1,1,316,Squarespace,Steiners Tavern,good,,2026-06-22T13:01:35+00:00
d500b8ed-f8ce-49d1-a19b-6c15fa91ffb5,404,0,0,276,,,broken,,2026-06-22T13:01:36+00:00
88eb53e1-4314-4c05-b081-2e82a76404aa,200,1,1,353,WordPress,"Frank, Rimerman - Certified Public Accountants",good,,2026-06-22T13:01:36+00:00
3caf69a7-06de-4dd0-a072-721e9b203402,200,1,1,577,Wix,Mothers Tacos | Authentic Mexico City Tacos in the United States,good,,2026-06-22T13:01:36+00:00
7abb6bab-a4e1-4442-9c5d-6b197c0eb219,0,0,0,113,,,broken,connection failed,2026-06-22T13:01:36+00:00
21f9a287-7017-4981-ae9d-b84e2cedb408,200,1,1,219,GoDaddy,Your Liberty Tax Office Has Changed,good,,2026-06-22T13:01:36+00:00
ff7bb387-0110-4e6d-8f06-95bb5e7fd976,404,1,0,677,,,broken,,2026-06-22T13:01:36+00:00
dc0a4f37-7c95-4438-acc0-d43e9114088a,0,0,0,4144,,,broken,connection failed,2026-06-22T13:01:36+00:00
13a8c291-6196-46a5-9586-dd59dcc2803f,0,0,0,10014,,,broken,connection failed,2026-06-22T13:01:37+00:00
d43d8867-d8c4-46aa-a66d-1688372f4771,200,1,1,1132,,"Bangkok 9 - Sonoma Marketplace, Sonoma, CA",good,,2026-06-22T13:01:38+00:00
70f34ef4-eca9-4969-9807-07563b15ce4d,200,1,1,435,,For Sale Domain: bangkokthaiexpress.com,good,,2026-06-22T13:01:38+00:00
782d4394-7de9-47a1-8bae-279da9fbcca1,0,0,0,47,,,broken,connection failed,2026-06-22T13:01:38+00:00
d91cd736-1c71-45b9-82c9-167628df2ee4,0,0,0,40,,,broken,connection failed,2026-06-22T13:01:38+00:00
9f5972a1-b9e0-480e-8151-9fb92049a9e3,200,1,0,227,,,weak,,2026-06-22T13:01:38+00:00
b428e084-4c54-42b8-8d1c-96d8a3c92348,200,1,1,1696,WordPress,Tenant Screening Center | TSCI Inc,good,,2026-06-22T13:01:38+00:00
4ef644c4-e53b-4e9b-980f-6fc60fd9d011,200,1,1,2112,,"Financial Advisors in St Helena, CA | Wealth Enhancement",good,,2026-06-22T13:01:38+00:00
837bd8c3-41fe-4399-8672-241a1902ed28,200,1,1,367,GoDaddy,Buy thairiverpetaluma.com – Premium Expired .com Domain on GoDaddy | ExpiredDomains.com,good,,2026-06-22T13:01:38+00:00
8393b075-9baa-4a6b-bf47-181c2b9f1d76,200,1,1,481,GoDaddy,Buy thairiverpetaluma.com – Premium Expired .com Domain on GoDaddy | ExpiredDomains.com,good,,2026-06-22T13:01:38+00:00
2cc91725-94db-4091-941c-a8d0a0216192,200,1,1,315,,Rotation by Feast it Forward | Oxbow Napa,good,,2026-06-22T13:01:38+00:00
799f010d-4396-4f16-9c19-75c79b97320c,200,0,0,249,,American Canyon Tire > Home,weak,,2026-06-22T13:01:38+00:00
67437e9e-425f-4f72-b3ae-858e78ce0140,0,0,0,15105,,,broken,timeout,2026-06-22T13:01:38+00:00
745ef218-e258-4c0a-b2aa-bd61bcd065ce,403,0,0,113,,,broken,,2026-06-22T13:01:38+00:00
14e42ac8-e208-4774-9d36-8cb7dc12802f,404,1,1,672,Wix,,broken,,2026-06-22T13:01:39+00:00
e7f30edb-17e3-4656-a0a7-10db87901b68,200,1,1,2879,WordPress,Integrated Wealth Solutions | Financial Planning,good,,2026-06-22T13:01:39+00:00
9c13f35a-23d9-4da6-8609-38ae6c493669,200,1,1,577,,Find an Auto Repair Location Near You | Meineke Car Care,good,,2026-06-22T13:01:39+00:00
6ea6c283-7946-473b-b31e-67daad7121ea,200,1,1,468,,"Sonoma CarCare - Tires, brakes and auto repair in Sonoma",good,,2026-06-22T13:01:39+00:00
3d97093d-85e7-4594-a712-9c4efcddbad9,200,1,1,473,Wix,EF Specialists | Executive Function &amp; ADHD Coaching,good,,2026-06-22T13:01:39+00:00
08f6ee43-2009-4fe5-9712-17d2a6baa801,0,0,0,39,,,broken,connection failed,2026-06-22T13:01:39+00:00
2d1a00b0-945b-4e1d-9023-0861f9fb02de,200,1,1,587,WordPress,"Sylvan Learning in American Canyon (Satellite) | Local, Personalized Tutoring",good,,2026-06-22T13:01:39+00:00
100427ed-1162-48fa-af34-6daa2e27f1c9,200,1,1,680,,Sonoma Bungalow Near Historic Plaza | 3BR Vacation Rental + Wine Passport | Sonoma Valley Escapes,good,,2026-06-22T13:01:39+00:00
a969610d-87e4-4d2d-b11b-bab96e958286,200,1,1,112,WordPress,Home - Chateau St. Jean,good,,2026-06-22T13:01:39+00:00
5a00197a-48de-45ac-b30d-44e5f289f893,404,1,1,427,,404: This page could not be found.,broken,,2026-06-22T13:01:39+00:00
3b4e46ce-af8b-425d-a98d-3abcb5fe8bb2,200,1,1,743,WordPress,Napa CA Vacation Rentals by Crown | Book Vacation Rentals in Napa &amp; Napa Valley CA!,good,,2026-06-22T13:01:39+00:00
0499b17e-e3da-49f2-a427-73d4d013e124,200,1,1,837,WordPress,Napa CA Vacation Rentals by Crown | Book Vacation Rentals in Napa &amp; Napa Valley CA!,good,,2026-06-22T13:01:39+00:00
66d6ed8f-e3f9-488f-a2ae-83fc26113bfc,403,1,0,74,,Access Denied,broken,,2026-06-22T13:01:40+00:00
46cbbc2a-84ae-4078-bc6a-f975739e1658,403,0,0,59,,Access Denied,broken,,2026-06-22T13:01:40+00:00
bb9bf23a-a7d0-4561-b758-dbc4221dc2e9,200,1,1,831,,"Home — Featuring Distinctive, L:uxury Vacation Rentals in Sonoma Valley",good,,2026-06-22T13:01:40+00:00
d28becfa-a470-493e-a2e1-0e66f6b388a5,403,1,0,69,,Access Denied,broken,,2026-06-22T13:01:40+00:00
d2e1836b-e9b9-432d-99f9-99728f2c1e6c,200,1,1,785,,Wine Country Urban Boutique | Archer Hotel in Downtown Napa,good,,2026-06-22T13:01:40+00:00
b6b17b5d-15f6-4812-a9f2-a9892759be08,200,1,1,242,WordPress,Napa Valley Hotel | Wine Country | River Terrace Inn,good,,2026-06-22T13:01:40+00:00
a52b2074-cadf-47df-a5a4-9c0f530f58af,200,1,1,433,,Reserve a Meeting Room at 490 Chadbourne Road in Fairfield | Davinci Meeting Rooms,good,,2026-06-22T13:01:40+00:00
e3f7f98f-7667-4df7-8d01-94221b8b761e,200,1,1,358,WordPress,The Generals Daughter - The Generals Daughter,good,,2026-06-22T13:01:40+00:00
be4a4646-6f8e-4375-bbe8-1c4c9a5d8008,200,1,1,855,,Napa Movie Theater: Century Cinemark Century Napa Valley XD,good,,2026-06-22T13:01:40+00:00
9bb6257a-9b98-41eb-b4f8-345792eedebd,200,0,0,250,,,weak,,2026-06-22T13:01:40+00:00
4f7491df-664f-49bb-8b01-7f83e75e73ef,200,1,1,575,,W77 Shop E-Wallet Promo Menarik yang Terbatas,good,,2026-06-22T13:01:41+00:00
bae570fc-b5e6-4680-9fd4-3dbf12506517,200,1,1,363,,"Waterproofing - Petaluma, CA - Division Seven",good,,2026-06-22T13:01:41+00:00
6dc6230d-fbba-40b6-879d-f9fe86500e48,200,1,1,864,GoDaddy,Homepage - Winetech,good,,2026-06-22T13:01:41+00:00
bc516437-545c-4894-be9f-dac385c70fbb,200,1,1,377,WordPress,Doshier Gregson Inc &#8211; Water system solutions,good,,2026-06-22T13:01:41+00:00
b99048c4-d197-499c-82f9-2fe0fcc4f480,200,1,1,382,WordPress,Buy Wine Online: Discover 7 Alluring Selections at Quilt &amp; Co,good,,2026-06-22T13:01:41+00:00
8c11a63d-d7c8-4a66-ab30-830865f16c85,200,1,1,311,,Napa Wine Store - Back Room Wines Napa,good,,2026-06-22T13:01:41+00:00
910bc516-9e4d-47dc-ae7b-cfbe658e2e59,200,1,1,212,Squarespace,"Bay Grape, Oakland&#39;s best wine shop &amp; wine bar",good,,2026-06-22T13:01:41+00:00
78d07767-e1c3-424d-84ce-4567d7a6d3fe,200,1,1,256,Squarespace,Brendel Wines,good,,2026-06-22T13:01:41+00:00
e93b42d9-5998-4359-8fe6-39a2d508f443,0,0,0,104,,,broken,connection failed,2026-06-22T13:01:41+00:00
b79124a1-20fd-4d59-a8d9-33366f25ec07,0,0,0,10212,,,broken,connection failed,2026-06-22T13:01:42+00:00
4d2423cb-cfea-465e-9b2c-a5b063b19379,200,1,1,1073,,Acumen Wines - 404 Error,good,,2026-06-22T13:01:42+00:00
a7f71a2c-7a38-4d53-a991-12ab0cbb13f2,200,1,1,703,,Wine Scout,good,,2026-06-22T13:01:42+00:00
f4e38ea8-8a76-4a0b-bbe6-cb7098e997c3,200,1,1,184,Squarespace,Jaffe Family Wines,good,,2026-06-22T13:01:42+00:00
efa8f117-c705-4dbb-85e4-4ff7889f6b4d,200,1,1,174,WordPress,&quot;Platypus Wine Tours | Daily Small Group &amp; Custom Private Tours&quot;,good,,2026-06-22T13:01:42+00:00
a4ef3a7e-3cb5-4d39-a1c0-063cf8a8a96c,200,1,1,403,WordPress,Home - Highway 12 Winery,good,,2026-06-22T13:01:42+00:00
f8a16096-c188-423f-8bcf-a0ebcc02166c,200,1,1,358,WordPress,Knights Bridge Winery,good,,2026-06-22T13:01:42+00:00
f7f2aa78-e49a-4030-b9b4-34133443f3e5,200,1,1,2700,WordPress,Downtown Napa Bed and Breakfast | Napa Valley Inn | Churchill Manor,good,,2026-06-22T13:01:42+00:00
044653c8-543c-4310-b4ec-e8f634d86ce8,200,1,1,2349,WordPress,Winery Tasting Event | Sunrise Ranch Winery | American Canyon,good,,2026-06-22T13:01:42+00:00
f515ed1c-6049-4ecc-99fb-e34890bfc1de,200,1,1,220,,"Wine Tasting at The Village | Napa, California",good,,2026-06-22T13:01:42+00:00
8837611d-a3cb-40aa-8ba5-59c8733f7f52,202,1,0,345,,,weak,,2026-06-22T13:01:42+00:00
953eddc7-c285-411e-8dc5-2bf1dd17d4ef,200,1,1,116,GoDaddy,The Wine Foundry,good,,2026-06-22T13:01:42+00:00
fa1c5703-c2a8-440a-80d8-f3b01cea062e,200,0,0,300,,,weak,,2026-06-22T13:01:42+00:00
1b4b90f9-11e5-46a4-bb54-51ffbd9dfe71,200,1,1,78,WordPress,Homepage - Obsidian Wine Co.,good,,2026-06-22T13:01:42+00:00
00350b6d-d965-4298-8094-d41ff51f89e7,0,0,0,43,,,broken,connection failed,2026-06-22T13:01:43+00:00
709409d8-e70a-4d94-aca8-c080dd5b0613,202,0,0,231,,,weak,,2026-06-22T13:01:43+00:00
f7d71be0-8b25-430d-b9f5-88c847a89749,200,1,1,335,Squarespace,Top Rated Wineries Near Me | Deerfield Ranch Winery,good,,2026-06-22T13:01:43+00:00
ea366689-3dd2-4822-8918-46f8b0456c59,0,0,0,15141,,,broken,connection failed,2026-06-22T13:01:43+00:00
0f8c446c-c68a-4610-a4d5-aae4ffbe5f6f,200,1,1,985,GoDaddy,Spann Vineyards - Subscribe to Our Biweekly Blog,good,,2026-06-22T13:01:43+00:00
ee0e6e65-7425-490c-a1fb-ee071d3a40c9,200,1,1,424,Wix,Transportation | Destiny Wine Tours | United States,good,,2026-06-22T13:01:43+00:00
7731c390-3aa7-45a8-8fe4-31fea2b43524,200,1,1,215,,Welcome Aboard the Official Napa Valley Wine Train,good,,2026-06-22T13:01:43+00:00
12af93fa-c43a-422f-9f5d-763ca87b0fe2,200,1,0,355,WordPress,Napa Valley Wine Tours - Wine Tasting Tour Packages in Napa,weak,,2026-06-22T13:01:43+00:00
33996cb8-812c-4121-a22d-6127ab0539f6,200,1,1,13175,WordPress,The Meltdown,weak,,2026-06-22T13:01:44+00:00
c2cb4d24-631f-49ef-b152-454d8e1ea775,200,1,1,1740,WordPress,Home - Sosie Wines - Award winning boutique winery,good,,2026-06-22T13:01:44+00:00
40470b52-b399-4bdd-8151-2487b74d7e6b,404,0,1,240,,404 - Page Not Found,broken,,2026-06-22T13:01:44+00:00
73924c21-5e38-48e7-ad86-2b46557a72e5,200,1,1,699,,Ultimate Wine Tours — Private Napa &amp; Sonoma Wine Tour Company Since 2014,good,,2026-06-22T13:01:44+00:00
c53572b9-ac25-419d-962b-63690f18eea8,200,1,1,79,WordPress,Home - Highway 12 Winery,good,,2026-06-22T13:01:44+00:00
fc551675-40fd-4c7e-8034-084417d91a84,200,1,1,999,WordPress,Home | Napa Wine Tours | Napa Valley Wine Tours,good,,2026-06-22T13:01:44+00:00
d0f81865-c942-409a-8db9-71d88cc8cfa5,403,1,1,160,,Just a moment...,broken,,2026-06-22T13:01:44+00:00
8a5b45db-2208-4a03-b622-e1aa5dca1278,200,1,1,423,Shopify,Last Bubbles | The First &amp; Only 100% Sparkling Daily Wine Deal,good,,2026-06-22T13:01:45+00:00
2d8f912b-3738-49ac-b134-744eda25c605,200,1,1,397,WordPress,750 Wines | Wines By Appointment,good,,2026-06-22T13:01:45+00:00
a7f0f38c-c7bd-4837-a59b-b878bdb56cd4,0,0,0,55,,,broken,connection failed,2026-06-22T13:01:45+00:00
c8feda60-d71b-4a08-aa34-3779a5de6c51,200,1,1,2215,WordPress,Apex Wine Tours - Napa Limousine Service,good,,2026-06-22T13:01:45+00:00
e6242839-8343-497b-b46f-eaf0cddb2910,200,1,1,851,Shopify,FlyWithWine,good,,2026-06-22T13:01:45+00:00
50cfdcb4-7472-4beb-b3da-9ab0c128aefd,202,0,0,137,,,weak,,2026-06-22T13:01:45+00:00
49afee38-6baa-45e6-a803-df9e383a7df2,200,1,1,420,WordPress,"Abbot&#039;s Passage Winery &amp; Mercantile | Glen Ellen, CA | Sonoma",good,,2026-06-22T13:01:45+00:00
201e9895-fe98-436a-b6f2-b011abfeb83a,200,1,1,620,WordPress,Home - ATC Wines,good,,2026-06-22T13:01:45+00:00
c3048778-675c-4b97-ac90-ae1468e702d2,429,1,1,498,,Just a moment...,broken,,2026-06-22T13:01:45+00:00
76363542-43fb-459d-8133-9f1adb87cfdc,404,1,1,484,,Page Not Found | Framer,broken,,2026-06-22T13:01:45+00:00
2360072e-1598-4e7f-9762-494d059e4257,200,1,1,2277,WordPress,Phenomenal Limos &amp; Wine Tours: Best Napa Valley Wine Tours,good,,2026-06-22T13:01:45+00:00
8157a75b-12fe-4930-b314-30bf9a4fb775,200,1,1,184,WordPress,Napa Valley Winery - Baldacci Family Vineyards,good,,2026-06-22T13:01:46+00:00
4065f508-dc8d-466c-a330-95b2e281c910,200,1,1,298,WordPress,Home - B.R. Cohn Winery,good,,2026-06-22T13:01:46+00:00
68a55fe4-d9f5-4b39-8aea-9ba65c6b1e58,200,0,1,501,,Mogy - Online Personal Trainer Software,weak,,2026-06-22T13:01:46+00:00
ff1853a8-1996-4edf-b04d-3b6e987df2d9,200,1,1,508,WordPress,Biagi Family Wines – Exquisite California Wines- Napa Valley,good,,2026-06-22T13:01:46+00:00
bdefc7be-e680-4d61-922d-9db9efffd647,200,1,1,659,Shopify,Bello Family Vineyards,good,,2026-06-22T13:01:46+00:00
56b23f52-d9a1-4a5f-9778-09af22031712,0,0,0,15072,,,broken,connection failed,2026-06-22T13:01:46+00:00
45f04e33-d2ec-4068-915d-efb620bdd458,200,1,1,889,Shopify,Bello Family Vineyards,good,,2026-06-22T13:01:46+00:00
d27f9281-86df-4b2d-ba22-8ec5857e0659,403,1,0,280,,403 Forbidden,broken,,2026-06-22T13:01:46+00:00
3ee2bcb0-aa0b-4322-8ec9-7713ffc715b1,200,1,1,279,WordPress,Blankiet Estate ~ Paradise Hills Vineyard,good,,2026-06-22T13:01:47+00:00
fec6609e-6151-42f1-a982-d22f3392bbfc,200,1,1,675,,Black Kite Cellars,good,,2026-06-22T13:01:47+00:00
daf7cdfa-ae8a-4f1c-a739-c50c5c0c93a3,0,0,0,5747,,,broken,connection failed,2026-06-22T13:01:47+00:00
874fa872-575b-44fc-934e-49fcb6d96342,200,1,1,663,WordPress,Black Stallion Estate Winery,good,,2026-06-22T13:01:47+00:00
9cc053b3-6a15-4051-808d-742d4bddf079,202,1,0,327,,,weak,,2026-06-22T13:01:47+00:00
c2aacba1-855c-4a0e-820a-702012b6cd79,200,1,1,505,,PAS77 ð¯ Adu Tangkas Arcade Tembak Ikan Menang Kalah Ada Cashback,good,,2026-06-22T13:01:47+00:00
c47fd16b-b766-42d7-9d18-f0383086d49d,200,1,1,294,GoDaddy,Home - Bougetz Cellars,good,,2026-06-22T13:01:47+00:00
8b56f850-36dd-49d9-a01d-5ce51293b91b,200,1,1,739,WordPress,Vezer Family Vineyards | Vezer,good,,2026-06-22T13:01:47+00:00
ee1ae514-18ab-4df0-aa82-05c4ef9be7d6,200,1,1,261,WordPress,Bread &amp; Butter Wines,good,,2026-06-22T13:01:47+00:00
f95b6a4a-90a3-4609-a5c4-0da7bfa68bf6,200,0,1,161,Squarespace,BUMP Wine Cellars,weak,,2026-06-22T13:01:47+00:00
d5648a19-aee1-4977-99ed-d83d08bc5818,202,1,0,233,,,weak,,2026-06-22T13:01:47+00:00
5b7f15e6-9183-4e40-9cc9-87b70b42ef58,200,1,1,407,WordPress,Visit us - Bread &amp; Butter Wines,good,,2026-06-22T13:01:47+00:00
a67341ee-3011-4d41-b636-c6c51100d3b0,0,0,0,20277,,,broken,connection failed,2026-06-22T13:01:47+00:00
7acf49e1-a253-4458-99b9-0f76ba5d8b80,200,1,1,199,Drupal,Cardinale Winery,good,,2026-06-22T13:01:48+00:00
5aa247c9-b533-4de1-bf78-a9e2e040a882,200,1,1,258,WordPress,"Capiaux Cellars - Pinot Noir from Russian River, Sonoma Coast &amp; Central Coast",good,,2026-06-22T13:01:48+00:00
7cbd7f06-81d1-4fbd-a242-27c05627c968,200,1,1,288,GoDaddy,Wine Tasting - Castle Vineyards,good,,2026-06-22T13:01:48+00:00
02e88475-7b21-4eb1-be3c-508ba378c77e,200,1,1,789,WordPress,Brasswood - Brasswood,good,,2026-06-22T13:01:48+00:00
ab71e9d7-3ddd-4693-b5e2-8142d9f52a65,200,1,1,3064,WordPress,Home - Agajanian Vineyards,good,,2026-06-22T13:01:48+00:00
6f0fdcbc-86f9-473d-8968-a8c55923b3d8,200,1,1,275,WordPress,Chalone - The oldest producing vineyard in Monterey County,good,,2026-06-22T13:01:48+00:00
0200f09a-120a-4f3d-bd43-82d920d8b4e7,202,1,0,326,,,weak,,2026-06-22T13:01:48+00:00
7633b92b-b776-4ebe-ae09-709b9aafded9,200,1,1,811,WordPress,"Welcome to CADE Estate Winery | Howell Mountain, Napa Valley",good,,2026-06-22T13:01:48+00:00
e4408c69-39c1-4b0e-9702-7626b58fcf39,200,1,1,408,WordPress,Welcome to Chappellet - Chappellet,good,,2026-06-22T13:01:48+00:00
eed553b0-ff17-48b2-a62a-bb0c107864c5,200,1,1,440,Squarespace,Chateau Boswell Winery,good,,2026-06-22T13:01:48+00:00
54a773cd-0e57-47ae-b308-92714b32399b,200,1,1,224,,Cline Family Cellars | Family-Owned &amp; Family-Friendly Winery in Sonoma,good,,2026-06-22T13:01:48+00:00
852003bf-be0c-4df9-9cd0-206f584edf82,200,1,1,425,WordPress,Cliff Lede Vineyards | Stags Leap District,good,,2026-06-22T13:01:48+00:00
c0a51176-3269-4989-a7a7-0656d2e4b92c,200,1,1,238,WordPress,Crimson Wine Group,good,,2026-06-22T13:01:48+00:00
418f9853-107e-495e-8f65-426bddcae29b,200,1,1,264,WordPress,Home - Cosentino Winery,good,,2026-06-22T13:01:48+00:00
f16cbcda-7d82-420d-83b1-9cc31abbdd14,200,1,1,320,WordPress,Home - Delicato Family Wines,good,,2026-06-22T13:01:49+00:00
9a35578c-16ce-4355-be21-7de8b25f1418,200,1,0,446,,,weak,,2026-06-22T13:01:49+00:00
8cb85778-e48a-4687-945e-4dbce8b8ef50,200,1,1,726,WordPress,Home - Crocker &amp; Starr,good,,2026-06-22T13:01:49+00:00
2624d45d-5d9c-4f23-876b-e254ca456403,200,1,1,743,WordPress,Napa Valley Vineyards &amp; Calistoga Winery | Davis Estates,good,,2026-06-22T13:01:49+00:00
e4cb6229-f737-4d2f-902f-9ea4d32fad81,200,1,1,694,WordPress,Dominus Estate Napa Valley,good,,2026-06-22T13:01:49+00:00
10d04d35-5181-42ae-a760-c8c8e92d976e,200,1,1,448,Wix,Napa Valley | Encanto Vineyards | United States,good,,2026-06-22T13:01:49+00:00
6d482079-342f-41da-ac43-46e72d455fca,200,1,1,2028,,Front | Сhandon,good,,2026-06-22T13:01:49+00:00
1c0b8ac3-066b-4351-a36c-966098216016,404,1,1,7843,Squarespace,Harmonique Wine,broken,,2026-06-22T13:01:49+00:00
95ac5bd6-8349-490b-a998-227091fe0c84,200,1,1,665,WordPress,Eco Terreno - farming and crafting wines with purpose,good,,2026-06-22T13:01:49+00:00
6b3e1bf1-a1dc-4112-b99f-27b26436cc82,200,1,1,497,WordPress,Sonoma Wine | Best Sonoma Wines | Sonoma Cabernet | Enkidu Wines,good,,2026-06-22T13:01:49+00:00
8c6d32f1-436a-4712-9077-95d697b3cfe4,200,1,1,523,,"Wine Consultants, Oenology | Napa, CA ? Enotrex",good,,2026-06-22T13:01:50+00:00
c29493fc-3fb8-48c3-9662-6bf071bb1e01,200,1,1,121,WordPress,Home - Flora Springs,good,,2026-06-22T13:01:50+00:00
b28e2af9-9e68-45a2-bef3-afe28f0e0b4f,200,1,1,5872,WordPress,Hire a Driver for Unforgettable Wine Tours - Wine Tour Drivers,weak,,2026-06-22T13:01:50+00:00
f961f410-9d5f-4d3e-b993-66955386b6e0,200,1,1,490,WordPress,Home - Faustini Wines,good,,2026-06-22T13:01:50+00:00
761a7994-f23e-4227-afaa-66e3c25715c8,202,0,0,175,,,weak,,2026-06-22T13:01:50+00:00
77d086e8-df2b-42b0-857f-f54c4ee91b43,200,1,1,752,GoDaddy,Entre Nous Wines,good,,2026-06-22T13:01:50+00:00
57c6095f-24f0-44af-8f0d-0b08f933fd0d,403,1,0,280,,403 Forbidden,broken,,2026-06-22T13:01:50+00:00
95cc49bc-76c8-477f-97bc-2ece153e6176,200,1,1,105,WordPress,HOME - Gloria Ferrer,good,,2026-06-22T13:01:50+00:00
0ab93e2d-6614-4675-bd64-abdc5bf525af,403,1,1,383,,Just a moment...,broken,,2026-06-22T13:01:50+00:00
1d95d7ee-ec5c-45b5-b8f9-e3f16ed7146e,0,0,0,110,,,broken,connection failed,2026-06-22T13:01:50+00:00
bdb0bc61-7c21-4909-a4a9-93f34e15f3de,200,1,1,742,,home &raquo; Fior di Sole,good,,2026-06-22T13:01:50+00:00
9b1a25ff-6bb8-4d53-b169-b1f2a7c30f8b,200,1,1,349,Wix,"HOME | Heritage Vineyard Management, Inc.",good,,2026-06-22T13:01:50+00:00
1eeabc65-eb34-4169-9b50-24e489ab78ed,200,1,1,554,,Ghost Horse Vineyards,good,,2026-06-22T13:01:50+00:00
0a8e6a12-c5bc-4185-95cb-a43eef3181d6,200,1,1,429,Squarespace,Heibel Ranch Vineyards,good,,2026-06-22T13:01:50+00:00
4864f704-c835-424a-8ff3-190fb536853c,200,1,1,108,WordPress,Home | Hill Family Estate - Napa Wineries,good,,2026-06-22T13:01:50+00:00
ab643dc1-c973-4395-8b4c-6c4258f7e45e,200,1,1,271,WordPress,Welcome to Hess Persson Estates - Winery &amp; Art Museum,good,,2026-06-22T13:01:51+00:00
8a5ce6e3-f02a-46b7-8c79-dc3836b31ce8,200,1,1,254,Shopify,Hewitt Vineyard - Single Vineyard Cabernet Sauvignon from Rutherford,good,,2026-06-22T13:01:51+00:00
80dbb851-0c97-4000-9aa8-7675b59fc3a3,200,1,1,361,Squarespace,Howell Mountain Vineyards,good,,2026-06-22T13:01:51+00:00
f7ab2653-0d4e-4acd-b736-34338769898d,200,1,1,438,,"Hourglass Winery - Calistoga &amp; St. Helena, CA",good,,2026-06-22T13:01:51+00:00
ee4e07e1-b097-4135-9abf-b1bb844d5d3a,200,1,1,1094,WordPress,Home - Herencia Wines,good,,2026-06-22T13:01:51+00:00
5caabeda-1dfc-418e-9740-b033984f282a,200,1,1,120,WordPress,Home - Huneeus Wines,good,,2026-06-22T13:01:51+00:00
cd2fab51-f42b-49c9-8c6f-885de4a9788c,0,0,0,15203,,,broken,connection failed,2026-06-22T13:01:51+00:00
f3c2c150-c929-4e7c-8228-0b1b6f4bb8f8,200,1,1,210,WordPress,HdV Wines Hyde de Villaine California winery visit Napa Valley,good,,2026-06-22T13:01:51+00:00
89d50b07-cd61-4d31-8520-cdbe039572f2,200,1,1,163,WordPress,Homepage - John Anthony Wine &amp; Spirits,good,,2026-06-22T13:01:51+00:00
22bb3aea-b605-46ac-9e51-f69aa3d95c7c,200,1,1,844,,hope and grace wines - Homepage,good,,2026-06-22T13:01:51+00:00
ae4100cb-b1ab-49a3-a0af-a4078d6e9571,0,0,0,39,,,broken,connection failed,2026-06-22T13:01:51+00:00
6fe2c374-61f3-4837-95ec-0e1dca9a7cbd,200,1,1,8790,,"Winery Tours | Napa, CA - Cinnamon&#x27;s Wine Tours",weak,,2026-06-22T13:01:51+00:00
357cf1fa-e526-4e89-969c-b34f17f9a2d5,202,1,0,323,,,weak,,2026-06-22T13:01:51+00:00
535a0bb8-da76-4201-b065-16a7ac22cbd2,200,1,1,375,WordPress,Home - Imagery Estate Winery,good,,2026-06-22T13:01:51+00:00
d8d5823f-70bb-4f23-854e-9f81d8dab584,0,0,0,116,,,broken,connection failed,2026-06-22T13:01:51+00:00
afe4a5df-6cb9-41b9-a618-24f37ad31272,200,1,1,228,WordPress,Kamen Wines,good,,2026-06-22T13:01:51+00:00
ef51c247-5926-4fec-97f2-aea3dfaae86e,0,0,0,4142,,,broken,connection failed,2026-06-22T13:01:52+00:00
8df4461e-539a-4435-88b0-dc9a00f3b5fb,200,1,1,493,Squarespace,Kelly Family Vineyards,good,,2026-06-22T13:01:52+00:00
9ad8a599-4173-40f7-a6d1-e99a43d26cac,200,1,1,406,WordPress,A Boutique Napa Valley &amp; Sonoma County Winery - Kerr Cellars,good,,2026-06-22T13:01:52+00:00
f0a03b18-baa4-4e97-9fdc-7278ec55952f,200,1,1,734,WordPress,Karen MacNeil: Professional Wine Speaker &amp; Industry Leader,good,,2026-06-22T13:01:52+00:00
e18d2b5b-574f-4b48-9569-290e63710aa4,200,1,1,777,WordPress,,good,,2026-06-22T13:01:52+00:00
766f559c-dc5a-430a-9f45-027d3d5de89e,200,1,1,168,WordPress,Lloyd Cellars,good,,2026-06-22T13:01:52+00:00
f4090372-e08f-42c1-8ee8-e285ecad8d0d,403,1,1,42,,Just a moment...,broken,,2026-06-22T13:01:52+00:00
0c8e24f8-2bd1-41ba-863c-597d332b0b93,200,1,1,1151,WordPress,Home - Joseph Phelps Vineyards,good,,2026-06-22T13:01:52+00:00
a948a210-e645-4ce7-b4b1-a3efa20c71eb,200,1,1,445,WordPress,Leto Cellars &#8211; Taste wines with the people who made them,good,,2026-06-22T13:01:52+00:00
42c1e6d7-6ed1-4d05-b797-78f4a41ca39c,200,1,1,664,WordPress,Leaf &amp; Vine | Single Vineyard Wines,good,,2026-06-22T13:01:52+00:00
74bb7e79-9d37-46c1-a03c-2ce5bb5830fb,200,1,1,2657,WordPress,Rare Wine Curation for Collectors | Harper’s Club Access,good,,2026-06-22T13:01:52+00:00
aa046219-d9dc-4350-a5a4-ae9872d4c6bd,200,1,1,3382,WordPress,Eric Ross Winery &#8211; “Taste The Vineyard” That’s what the wine should reflect.,good,,2026-06-22T13:01:53+00:00
036f3cee-a8c9-4b81-9bc2-84b9d0ca88eb,200,1,1,113,WordPress,Home - Mayacamas Vineyards,good,,2026-06-22T13:01:53+00:00
53802e92-522e-46f7-94e7-be2945974587,200,1,1,174,,Materra | Cunat Family Vineyards,good,,2026-06-22T13:01:53+00:00
f56eb869-1cab-47da-aaf2-e4fc0ff3e90c,200,1,1,476,Squarespace,Longfellow Wines,good,,2026-06-22T13:01:53+00:00
62ec2dc7-865b-482a-a027-88926904747f,200,1,1,974,,Kongsgaard Napa Valley,good,,2026-06-22T13:01:53+00:00
4401eaa0-3374-4a38-849a-0b0f1bdf6ee0,200,1,1,127,WordPress,Home - Merryvale,good,,2026-06-22T13:01:53+00:00
befcc632-3fd8-4d49-9db9-3a519ec1dc70,200,1,1,82,WordPress,Home - Merryvale,good,,2026-06-22T13:01:53+00:00
5bc6ceb4-b534-4292-879a-05cd7d887ed6,200,1,1,477,,Mark Herold Wines - Premium Wine &amp;amp;amp; Downtown Napa Tasting Room,good,,2026-06-22T13:01:53+00:00
aa715bc2-86bd-4513-b1dd-1117a02088e1,200,1,1,590,WordPress,MadoroM Vineyards &#8211; Life is too short to drink anything but MadoroM!,good,,2026-06-22T13:01:53+00:00
0cebc459-6303-4291-9474-4bdae9461596,200,1,1,3708,WordPress,Home - Faust,good,,2026-06-22T13:01:53+00:00
948c3199-0fda-4b6f-a36d-5bff5f9aa58b,200,1,1,233,WordPress,Mira Winery | Napa Valley | Best Cabernet Sauvignon,good,,2026-06-22T13:01:53+00:00
0a95fc74-edea-4c8b-ba9a-41bf6979578d,200,1,1,258,WordPress,Mira Winery | Napa Valley | Best Cabernet Sauvignon,good,,2026-06-22T13:01:53+00:00
832f8c10-fc94-462f-9cdb-ac91d2f23146,200,1,1,3129,WordPress,Hertelendy Vineyards Official Website &#8211; The Premier Napa Valley Winery,good,,2026-06-22T13:01:53+00:00
802e600a-ccc2-48b7-97bc-63a81b20cea9,200,1,1,251,Squarespace,Hiring Great Executive Talent is Easier Than You Think,good,,2026-06-22T13:01:53+00:00
c535d836-2154-4090-b57f-123e3dd0e253,200,1,1,437,,Moone &#8226; Tsai Wines - Welcome,good,,2026-06-22T13:01:53+00:00
83147a32-e8b2-49ce-b8b5-bcc51a8067bf,200,1,1,367,Squarespace,Oakville Winery &amp; Estate Cabernet Sauvignon | Hoopes Vineyard Napa Valley,good,,2026-06-22T13:01:53+00:00
f064722c-2943-4e44-8807-ba612ad72b87,200,1,1,814,,Memento Mori Winery Remember To Live - Memento Mori,good,,2026-06-22T13:01:53+00:00
2b818a4b-4973-4192-9683-43147a06a855,200,1,1,248,WordPress,Home Page - PEJU Winery,good,,2026-06-22T13:01:53+00:00
a677f75f-a28a-4b32-86b3-e96117cb07a0,200,1,1,395,,Home | Odette Estate Winery,good,,2026-06-22T13:01:54+00:00
7439acab-ddcf-41ec-8cd1-3a2e8af41779,200,0,1,1058,,华体会hth·（体育）中国官方网站-华体（中国）,weak,,2026-06-22T13:01:54+00:00
072784c2-50d7-4f96-a02b-4741681ab6e7,404,1,0,889,,,broken,,2026-06-22T13:01:54+00:00
186c7801-044e-4964-9bea-224443fad79e,200,0,1,2414,WordPress,King Andrews Vineyards,weak,,2026-06-22T13:01:54+00:00
32516212-2583-403b-b80d-b808c203bbb8,200,1,1,1347,WordPress,Mi Sueño Winery | A Taste of the American Dream,good,,2026-06-22T13:01:54+00:00
9496d1b6-60a3-4879-b661-576be512b2d0,200,1,1,1961,WordPress,Morlet Family Vineyards,good,,2026-06-22T13:01:55+00:00
fdb0c140-3bb6-4ca4-8074-fc171cae238c,0,0,0,4956,,,broken,"ssl: HTTPSConnectionPool(host='lookoutridge.ewinerysolutions.com', port=443): Max retries exceeded with u",2026-06-22T13:01:57+00:00
f25f005d-9895-4d8f-adab-c5a2f8a47431,0,0,0,15087,,,broken,timeout,2026-06-22T13:02:02+00:00
