id,http_status,https,mobile,load_ms,builder_live,title,audit_grade,error,checked_at
28a7771c-6302-4eb3-b76e-a1b978f917d1,404,0,0,193,,Error 404 (Not Found)!!1,broken,,2026-06-22T18:11:52+00:00
a07dc203-f63f-4422-9fa6-130b1a40a842,404,1,0,194,,Error 404 (Not Found)!!1,broken,,2026-06-22T18:11:52+00:00
d33c305d-598b-4edf-9946-d2360b037799,404,1,0,218,,Error 404 (Not Found)!!1,broken,,2026-06-22T18:11:52+00:00
c0646020-add3-4255-b1e6-63413279edf0,404,1,1,238,Wix,,broken,,2026-06-22T18:11:52+00:00
33bd6c6f-a2a3-4ef9-8bf6-da7e23642542,404,1,0,269,,404 - Page Not Found,broken,,2026-06-22T18:11:52+00:00
5b2aa7aa-f7e1-467e-ba07-4758aa8b4595,404,1,1,303,Wix,404 Error: Page Not Found | Wix.com,broken,,2026-06-22T18:11:53+00:00
4d0e9d00-bef3-46ee-abf7-58886500fd68,200,0,0,401,,Sianeh Braids &amp; Designer Salon,weak,,2026-06-22T18:11:53+00:00
cfc01c2a-e14e-4c87-81d2-c97ed72f8c9d,200,1,1,216,GoDaddy,,good,,2026-06-22T18:11:53+00:00
9eddb9bb-1f1d-4ac8-96ab-09a41e23cba1,200,1,1,459,Wix,HOME | Elevate Barbershop Winters,good,,2026-06-22T18:11:53+00:00
c96514c9-2121-40b8-9cd5-381e9edcf842,404,1,0,177,,Error 404 (Not Found)!!1,broken,,2026-06-22T18:11:53+00:00
8a79e7a5-6343-4343-b8fe-6e90bc5e8a7d,404,0,1,163,Wix,404 Error: Page Not Found | Wix.com,broken,,2026-06-22T18:11:53+00:00
faa9eda0-9e3a-46f4-860f-f981a9f37a18,200,1,1,604,Weebly,,good,,2026-06-22T18:11:53+00:00
b955f4e4-c69c-41d2-bde7-5920ba7e4b1a,200,1,1,209,Wix,Home | acomfyplacelikehome,good,,2026-06-22T18:11:53+00:00
dc9bba57-319d-4f70-a14e-6c1642af4f7d,200,0,1,326,,NORTH BAY'S MOST AFFORDABLE WEDDING AND EVENT VENUE,weak,,2026-06-22T18:11:53+00:00
ce141255-dc1a-4a52-88d6-2864988b245b,200,1,1,676,Weebly,Best Lash & Brow Services | Lash St.Helena,good,,2026-06-22T18:11:53+00:00
26aac3e5-ce64-4b03-9f98-15453117cebf,200,1,1,977,,"Glamrlash in Vacaville, CA",good,,2026-06-22T18:11:53+00:00
a95da2b0-ad0e-42cc-93d8-94d1394f894a,404,1,1,381,Shopify,Store unavailable,broken,,2026-06-22T18:11:53+00:00
4a7c5be6-a496-48d6-bf2b-1ba3a2b94bcd,200,1,1,818,,"Hair By Shar in VACAVILLE, CA",good,,2026-06-22T18:11:53+00:00
30a35afe-78ca-4937-a3a2-14b9475eb843,200,1,1,890,Weebly,,good,,2026-06-22T18:11:53+00:00
1a942a96-bc5d-43fc-8ffa-65380f002a16,200,1,1,1250,Wix,HOME | manuelsautobody,good,,2026-06-22T18:11:53+00:00
513a2be8-7e65-4d81-96f8-6e5cb0d55607,200,1,1,803,Wix,Home | Redwood Cleaners - Wet cleaning,good,,2026-06-22T18:11:53+00:00
e907492d-78a8-4fb4-a8a5-3e466c09738f,200,1,1,649,Weebly,,good,,2026-06-22T18:11:53+00:00
605b2a86-9a6a-413d-841e-d7379f8a21e3,200,1,1,1299,Wix,los amigos auto repair vallejo,good,,2026-06-22T18:11:54+00:00
fed14e11-0f64-4a07-8e20-97c218a06972,200,1,1,359,Weebly,,good,,2026-06-22T18:11:54+00:00
f76375cb-c4fe-4303-9a63-4b467b85146a,200,0,1,149,,design-by-david,weak,,2026-06-22T18:11:54+00:00
5ca46cab-0b45-4c1a-bbae-01f85ac2e3dc,200,1,1,179,Wix,Home | Liberty Immigration,good,,2026-06-22T18:11:54+00:00
413f8928-c34e-4282-82cf-570f3080f158,404,1,0,216,,Error 404 (Not Found)!!1,broken,,2026-06-22T18:11:54+00:00
d166d12d-6f36-423f-8812-b3a48e734158,200,1,1,301,Wix,Home | Green Olive Housekeeping &amp; Janitorial Services,good,,2026-06-22T18:11:54+00:00
0c2600b2-4359-4559-abe2-84ad385fccd5,410,1,1,58,WordPress,,broken,,2026-06-22T18:11:54+00:00
bcb80ecf-24d8-4635-b6aa-c573224a4d08,200,1,1,524,,Sign up for Square,good,,2026-06-22T18:11:54+00:00
162ba446-c4e8-4c09-888b-dab66c516bf7,200,1,1,667,Weebly,,good,,2026-06-22T18:11:54+00:00
8614c27e-a7a1-4bdb-baa5-1e8b2b05d6aa,404,1,0,177,,Error 404 (Not Found)!!1,broken,,2026-06-22T18:11:54+00:00
1a712921-c6dd-41e9-bb2f-8fe4087c0f66,200,1,1,654,Weebly,,good,,2026-06-22T18:11:54+00:00
f841276d-8f09-44c5-bbc5-e380f8884f7d,404,1,0,174,,Error 404 (Not Found)!!1,broken,,2026-06-22T18:11:54+00:00
b9f91c9f-3371-4a8f-8d52-c6a27ce50446,200,1,1,1455,Weebly,Square Booking Flow,good,,2026-06-22T18:11:54+00:00
27ed00fe-0704-442f-b3d9-b39fbc11a61d,404,1,1,310,Shopify,Store unavailable,broken,,2026-06-22T18:11:54+00:00
7c03946e-5c2b-4a2b-818f-17619760e642,429,0,1,198,Weebly,Just a moment...,broken,,2026-06-22T18:11:54+00:00
dbe75fcb-b133-49e5-9a0e-e83acfe746ca,200,1,0,474,Weebly,LAW OFFICE OF JEREMY V. REYES - NOTICE: This website has moved. Please visit our new website at www.JeremyReyesLaw.com,weak,,2026-06-22T18:11:54+00:00
521297e7-04b6-40e5-8e5d-204110f77c07,404,1,1,315,Shopify,Store unavailable,broken,,2026-06-22T18:11:54+00:00
16b75619-4937-412a-af3a-322271754a17,200,1,1,197,Wix,Reconnect Your Domain | Wix.com,good,,2026-06-22T18:11:54+00:00
6ed0df6f-76b1-44e1-9497-e75cdd7e036d,404,1,1,170,Wix,404 Error: Page Not Found | Wix.com,broken,,2026-06-22T18:11:54+00:00
304f679a-36f3-4ce0-b0d5-e50a1fc9f966,0,0,0,120,,,broken,"ssl: HTTPSConnectionPool(host='www.kittosplace707.wixsite.com', port=443): Max retries exceeded with url:",2026-06-22T18:11:54+00:00
c6cb2405-b52a-4eb7-ae73-6483524b55a0,404,0,0,193,,Error 404 (Not Found)!!1,broken,,2026-06-22T18:11:54+00:00
704629d3-3f34-4222-8efc-b87396d6b8c1,200,1,1,544,Wix,Ocean Spa,good,,2026-06-22T18:11:54+00:00
2d8395e8-e8c4-469b-bf3e-f38646f5c14b,404,1,0,233,,Error 404 (Not Found)!!1,broken,,2026-06-22T18:11:54+00:00
3502c6ba-bfda-4e8e-bf31-ac4a88d5615e,200,1,1,427,,Good Nails,good,,2026-06-22T18:11:54+00:00
7ee1dcf2-05a8-418c-9c78-d50e3179870b,200,1,1,1021,Weebly,Home | Prosperity,good,,2026-06-22T18:11:54+00:00
2af9b8a4-4d6d-412f-a2c2-5ba752d2af9e,200,1,1,164,Wix,Home | Napa Treehouse Preschool &amp; Daycare,good,,2026-06-22T18:11:54+00:00
c711a322-0e98-454f-8693-923a236320d4,404,1,0,169,,Error 404 (Not Found)!!1,broken,,2026-06-22T18:11:54+00:00
f6e78f12-0f07-42eb-8251-39cc569b1ff0,200,0,0,164,,Rio Vista Local Auto Glass | 707-832-4842,weak,,2026-06-22T18:11:54+00:00
cce6c88b-0812-4085-ab0b-e2b18f061bf6,200,1,1,198,Wix,Home | thelittleyogiroom,good,,2026-06-22T18:11:54+00:00
8c3051df-cb9f-4538-9122-3a4f5ca13d8f,404,1,0,185,,Error 404 (Not Found)!!1,broken,,2026-06-22T18:11:54+00:00
d718db46-c30a-46fa-9d4f-163e9248e2d2,200,1,1,1649,Wix,HOME | Golden 5,good,,2026-06-22T18:11:54+00:00
8e1ee693-95c9-4849-9fb0-214e944dda26,404,1,0,241,,Error 404 (Not Found)!!1,broken,,2026-06-22T18:11:54+00:00
2fad95af-1ca2-46aa-a3be-a140c7901c09,200,1,1,38,WordPress,Napa Spine Nerve Center &#8211; Chiropractic Peripheral Neuropathy Care,good,,2026-06-22T18:11:54+00:00
ed1366fa-14b8-4ccc-bd09-689c215468a5,404,1,0,237,,Error 404 (Not Found)!!1,broken,,2026-06-22T18:11:54+00:00
5696ed02-9281-49b1-b97b-37168243b943,200,0,0,98,,Magic Cleaners LLC,weak,,2026-06-22T18:11:54+00:00
816b5aa4-8a15-4c21-a5a5-cee7a11e7563,404,1,0,191,,Error 404 (Not Found)!!1,broken,,2026-06-22T18:11:54+00:00
388ee338-6072-4e58-9423-60dea8ec0c15,404,1,1,121,Shopify,Store unavailable,broken,,2026-06-22T18:11:54+00:00
3220c235-8a20-4334-8b10-90327c1b1457,404,1,0,171,,Error 404 (Not Found)!!1,broken,,2026-06-22T18:11:54+00:00
aeeadccf-840f-4415-999a-c138d12a140b,200,0,0,130,,Lechon! Lechon! Lechon!,weak,,2026-06-22T18:11:54+00:00
e08b55af-0920-45dc-96f5-0b6dce66bc78,200,0,1,211,,"Guide to Beauty, Hair &amp; Makeup",weak,,2026-06-22T18:11:55+00:00
4ca4cd12-9efa-43ac-a964-e144a92afd0a,404,1,0,181,,Error 404 (Not Found)!!1,broken,,2026-06-22T18:11:55+00:00
25f95d2b-b771-4e78-a493-290946fc190b,200,1,1,498,Shopify,Rose Rae &amp; Co &ndash; ROSE RAE &amp; CO,good,,2026-06-22T18:11:55+00:00
2e74e42b-43a8-4e1a-9640-55c1decf92c7,404,1,0,169,,Error 404 (Not Found)!!1,broken,,2026-06-22T18:11:55+00:00
8eb7ab5d-d094-4a12-b7ee-8770cf235466,404,1,0,164,,Error 404 (Not Found)!!1,broken,,2026-06-22T18:11:55+00:00
9ab64aa7-d840-4fa8-85f4-50ea51e26b4a,200,1,1,674,Weebly,Home | Aesthetics by Monica,good,,2026-06-22T18:11:55+00:00
e8db4afd-f174-4414-9ec3-7aeb9b28092c,404,1,0,174,,Error 404 (Not Found)!!1,broken,,2026-06-22T18:11:55+00:00
ae954e85-e4fd-4d81-9dfe-13523dc7b813,404,1,0,176,,Error 404 (Not Found)!!1,broken,,2026-06-22T18:11:55+00:00
2d48852a-db58-4924-b6d9-24a9130488ab,200,1,1,670,Weebly,,good,,2026-06-22T18:11:55+00:00
33944e24-7227-4270-bc3d-9612fe70127c,404,1,0,178,,Error 404 (Not Found)!!1,broken,,2026-06-22T18:11:55+00:00
928593b5-bc0b-4c3c-8e32-fd971942e976,404,1,0,179,,Error 404 (Not Found)!!1,broken,,2026-06-22T18:11:55+00:00
0c136c8d-e39f-458d-a226-d70ad4ad85da,404,0,0,199,,Error 404 (Not Found)!!1,broken,,2026-06-22T18:11:55+00:00
1e975e91-dc23-4557-88c3-ad79e4f58f30,200,1,1,168,,Power your entire business | Square,good,,2026-06-22T18:11:55+00:00
97980843-1301-49bc-a87a-59bf485cd2d1,404,0,1,155,Weebly,404 - Page Not Found,broken,,2026-06-22T18:11:55+00:00
fd2482a8-e278-4130-908f-72e33b4ea7a6,404,1,0,179,,Error 404 (Not Found)!!1,broken,,2026-06-22T18:11:55+00:00
e64d8677-0f78-4669-ad4b-ae80cba93cc7,404,1,0,189,,Error 404 (Not Found)!!1,broken,,2026-06-22T18:11:55+00:00
fca514c2-6b43-4c22-b739-beaba3afa737,404,1,0,189,,Error 404 (Not Found)!!1,broken,,2026-06-22T18:11:55+00:00
514036f8-89eb-457c-b010-c55b37808122,429,1,1,212,Weebly,Just a moment...,broken,,2026-06-22T18:11:55+00:00
4d4098fd-9a38-4618-a907-06793376561b,200,1,1,195,Wix,HOME | Mysite,good,,2026-06-22T18:11:55+00:00
a2820c75-9169-491d-a60c-a55ca0861125,200,1,1,689,Weebly,"Lash Extensions, Skin Care, Facials, Permanent Makeup | Fairfield, CA | Lashes by Tina",good,,2026-06-22T18:11:55+00:00
6f25c974-2843-4fa7-aa5c-c58c98292a6b,200,1,1,1097,Weebly,Home | 991 Tattoo and Piercing Parlor,good,,2026-06-22T18:11:55+00:00
2d100d0f-b5c7-4d56-98e0-5faa58d00af5,200,1,1,1296,Wix,Daycare | United States | Oceanview Preschool &amp; Family Daycare,good,,2026-06-22T18:11:55+00:00
50b6e3f8-a3a5-4ba5-8ac8-d29732601883,200,1,1,846,Wix,Home | CANELA HAIR &amp; BEAUTY,good,,2026-06-22T18:11:55+00:00
ea53aefa-9c74-48f6-b69c-f2e180e23581,404,1,1,215,Shopify,Store unavailable,broken,,2026-06-22T18:11:55+00:00
3f8177f7-4b55-4239-86af-2979ccc3d8af,404,1,1,282,Wix,,broken,,2026-06-22T18:11:55+00:00
ffaa712e-d3fe-4ec5-bf9f-b3f0cc425066,200,1,1,683,Weebly,"Affordable Nail Salon in Napa: Expert Manicures, Pedicures, Men's Nail | NAILS BY THERESA in NAPA, CA",good,,2026-06-22T18:11:55+00:00
446c55de-f39c-4729-9bad-84bfc71df599,404,1,1,216,Wix,,broken,,2026-06-22T18:11:55+00:00
6f1cb0f7-9e60-4dcf-a566-45cc3896e6eb,429,0,1,70,Weebly,Just a moment...,broken,,2026-06-22T18:11:55+00:00
e59482c0-aea9-4ac2-ad8b-7773a6b971fe,429,0,1,66,Weebly,Just a moment...,broken,,2026-06-22T18:11:55+00:00
ae7a2b01-bbf2-4d2a-b0ba-a3b74dbc84fc,200,1,1,752,Weebly,,good,,2026-06-22T18:11:55+00:00
b33e287f-355f-4a4e-8ef2-053d45f98f30,0,0,0,65,,,broken,"ssl: HTTPSConnectionPool(host='www.asian-fusion-cuisine.business.site', port=443): Max retries exceeded w",2026-06-22T18:11:55+00:00
e0a9630e-6e17-4df0-8643-2e9bf2f62110,200,1,1,384,,"Nails by Jenn in Suisun City, CA",good,,2026-06-22T18:11:56+00:00
ff8281f8-c1aa-4037-9ae4-014e6f098eb6,404,1,0,189,,Error 404 (Not Found)!!1,broken,,2026-06-22T18:11:56+00:00
d4973d26-b16d-4568-a345-7472caa3ce30,200,1,1,618,Weebly,,good,,2026-06-22T18:11:56+00:00
6a65d476-30aa-4708-9071-6cbec9a78297,410,1,1,57,WordPress,,broken,,2026-06-22T18:11:56+00:00
18224926-3712-47b7-ad23-c7fc0a87dffd,404,1,0,166,,Error 404 (Not Found)!!1,broken,,2026-06-22T18:11:56+00:00
41786cd8-b3ee-4256-bffa-20f0019ebd67,404,1,0,174,,Error 404 (Not Found)!!1,broken,,2026-06-22T18:11:56+00:00
0eae86e2-f584-4932-9e77-e527cf100d44,403,1,1,385,,Just a moment...,broken,,2026-06-22T18:11:56+00:00
ada06365-b20c-45d4-9d78-a12f1cfdcab2,200,1,0,272,Weebly,Closed,weak,,2026-06-22T18:11:56+00:00
e1772b2b-ceff-4e3f-951b-763a58676739,404,1,0,176,,Error 404 (Not Found)!!1,broken,,2026-06-22T18:11:56+00:00
469800d2-4c8d-4697-97d4-e3de2bd5aaf0,404,0,0,159,,Error 404 (Not Found)!!1,broken,,2026-06-22T18:11:56+00:00
ea23ba18-ac56-473f-ad30-b15226b73e46,404,1,0,182,,Error 404 (Not Found)!!1,broken,,2026-06-22T18:11:56+00:00
fd1828e6-b906-4610-acf8-c0414affec21,404,1,0,174,,Error 404 (Not Found)!!1,broken,,2026-06-22T18:11:56+00:00
d7f286da-2ea5-4568-8351-20e48c36713a,200,1,1,1255,Wix,HOME | amft,good,,2026-06-22T18:11:56+00:00
bd1421ba-4342-4bb9-9963-0acd235dbf57,404,1,0,132,,Error 404 (Not Found)!!1,broken,,2026-06-22T18:11:56+00:00
b2357914-3217-4dd4-8e25-baf271e64684,404,1,0,184,,Error 404 (Not Found)!!1,broken,,2026-06-22T18:11:56+00:00
9b6ab239-532a-4837-9820-00f6fc2311d7,200,1,1,909,Weebly,Appointments | Holdfast Lash & Custom Beauty By Katie,good,,2026-06-22T18:11:56+00:00
05261693-f81b-4ac9-a8cd-68dbd29adf0f,200,1,1,578,Weebly,"Home | Seniors Craft Shoppe 429 East Main Street Ventura, CA 93001 805-643-3059",good,,2026-06-22T18:11:56+00:00
e4318b93-4d9f-4a4b-ac0d-6edcd79cc0c9,0,0,0,99,,,broken,"ssl: HTTPSConnectionPool(host='www.miragefurnishings.wix.com', port=443): Max retries exceeded with url: ",2026-06-22T18:11:56+00:00
44684a2e-4658-42b4-b146-5fce43eaa436,200,1,1,180,Wix,Home | Black Crown Tattoo Studio,good,,2026-06-22T18:11:56+00:00
a96d30c6-38f8-4640-af50-121e837175a5,200,1,1,702,Weebly,,good,,2026-06-22T18:11:56+00:00
42c19581-9f41-4f1c-897c-257b4ba8937e,200,1,1,744,,Square Booking Flow,good,,2026-06-22T18:11:56+00:00
6e83829f-4f98-421b-a807-43d52eb52804,200,0,1,174,,Bloom Creative Hair Design and Art Gallery,weak,,2026-06-22T18:11:56+00:00
1f0bd121-4c53-443d-a1ce-eaf5bd870d27,200,1,0,253,Weebly,SOUL FOOD RESTAURANT BAR &amp; GRILL - Home,weak,,2026-06-22T18:11:56+00:00
f42f6c68-9a0c-40ff-86dc-d6496c02fb08,404,0,0,141,,Error 404 (Not Found)!!1,broken,,2026-06-22T18:11:56+00:00
49d17db6-fb01-4bb6-bdfa-f57708c0f916,200,1,1,48,WordPress,Hometown Car Wash &amp; Detail Shop &#8211; 100% Hand Car Wash,good,,2026-06-22T18:11:56+00:00
cf84dbcd-89b3-4fa9-845b-aa934f0d18a8,200,1,1,172,Wix,Individual Counseling | SHINE Counseling Services | Vacaville,good,,2026-06-22T18:11:56+00:00
9ffa7445-1197-485c-ab01-f74223169432,200,1,1,315,Wix,GLOBAL ART PROJECT,good,,2026-06-22T18:11:56+00:00
fc180968-4862-45a2-871a-06c0b7d0ba2d,404,1,0,193,,Error 404 (Not Found)!!1,broken,,2026-06-22T18:11:56+00:00
e55b2e33-a4ac-4adf-9c16-74328867a87f,404,1,0,186,,Error 404 (Not Found)!!1,broken,,2026-06-22T18:11:56+00:00
43b020c8-abe4-4d20-9fa1-4143fc06b248,404,1,0,185,,Error 404 (Not Found)!!1,broken,,2026-06-22T18:11:56+00:00
c03edbba-3099-42f1-87e8-ab97d20d758b,200,1,1,278,,"All Types of Hauling, Junk and Debris Removal",good,,2026-06-22T18:11:56+00:00
b77092cf-bac1-4a1b-b809-349f220d2e14,410,1,1,51,WordPress,,broken,,2026-06-22T18:11:56+00:00
4928239d-79b5-4953-ac47-b3ce6565d26f,429,0,1,152,Weebly,Just a moment...,broken,,2026-06-22T18:11:56+00:00
d78f37cf-b443-4e77-aa4c-cefe2b9e799a,404,1,0,180,,Error 404 (Not Found)!!1,broken,,2026-06-22T18:11:56+00:00
739dfe54-2ca9-4a59-af3d-3389e332044f,200,1,1,234,WordPress,The Keys to Music | Teaching piano in the Fairfield and Suisun City communities for more than 30 years,good,,2026-06-22T18:11:56+00:00
29f0f214-a02d-4328-b0b8-8ad3fc004243,404,1,0,166,,Error 404 (Not Found)!!1,broken,,2026-06-22T18:11:57+00:00
4d069e3a-6ca8-4a8a-9912-c1650c549172,200,0,0,251,WordPress,DELTA GRAPHICS,weak,,2026-06-22T18:11:57+00:00
c229dccb-2289-4466-8859-4f5eda71f6cc,200,1,1,331,WordPress,Pamela George Photography | For all your Photography needs.,good,,2026-06-22T18:11:57+00:00
763e789b-db2a-4303-b970-7d9b7c5a2e08,200,1,1,657,Weebly,,good,,2026-06-22T18:11:57+00:00
11ef8fb3-ea7e-481b-ad2d-21370081caad,200,1,1,699,Weebly,,good,,2026-06-22T18:11:57+00:00
3701f9bd-3cff-497d-aedb-91ba6465112a,200,0,0,127,Weebly,Magical Holiday Moments - Home,weak,,2026-06-22T18:11:57+00:00
3acf3271-5a7d-44fc-90b5-feb88af7d886,200,1,1,1941,Wix,HOME | Lily Spa massage,good,,2026-06-22T18:11:57+00:00
97adc70a-e656-4b5e-a88d-13788bba53ff,404,0,0,147,,Error 404 (Not Found)!!1,broken,,2026-06-22T18:11:57+00:00
81694902-a16d-400a-8d61-facd2aac4e05,200,1,1,260,GoDaddy,Sports 4 All Clothing,good,,2026-06-22T18:11:57+00:00
989a6ed8-74b7-4fe0-9b7d-7948dee315bd,200,1,1,294,Weebly,Order Online | Sweet Straw,good,,2026-06-22T18:11:57+00:00
27039bb1-d1d5-4f6c-b6a4-005275279c98,404,1,0,246,,Error 404 (Not Found)!!1,broken,,2026-06-22T18:11:57+00:00
d6103cda-15c3-4038-9653-a6d0b91c4bc5,404,1,0,178,,Error 404 (Not Found)!!1,broken,,2026-06-22T18:11:57+00:00
5187d25f-2972-48b6-8b91-d895b2390999,200,1,1,528,Shopify,Caseys Custom Tackle Shop,good,,2026-06-22T18:11:57+00:00
ea421be2-033d-4b0d-9e61-c8a3f239a064,404,1,1,287,Shopify,Store unavailable,broken,,2026-06-22T18:11:57+00:00
31dda0f1-4160-4c04-873e-d5a69b04b78d,200,1,1,256,WordPress,Recipes For Resilience,good,,2026-06-22T18:11:57+00:00
1be4b0b8-24f1-447c-806c-fa6cb09a4e9d,202,0,0,89,,,weak,,2026-06-22T18:11:57+00:00
74211a1d-061d-4f7d-ab3a-cfd332e616a2,200,1,1,1451,Wix,Holiday Spa,good,,2026-06-22T18:11:57+00:00
2879209b-8372-4750-b1e5-90ffa02cea8b,429,1,1,473,Weebly,Just a moment...,broken,,2026-06-22T18:11:57+00:00
4d23fa3c-bff4-4673-888a-01c2a84aca52,200,1,1,784,Weebly,Home | Napa Valley Cricket Club,good,,2026-06-22T18:11:57+00:00
9e7445fd-34df-4f30-9398-f0fe9062e1ba,200,1,1,459,GoDaddy,Kennedytravelassociates,good,,2026-06-22T18:11:57+00:00
673c125f-6203-4d92-90ae-f9bd6992ca75,200,1,1,435,,"Glowssswhitening in PITTSBURG, CA",good,,2026-06-22T18:11:57+00:00
7e59f7f7-4925-4547-9fd9-1f0ab397f6bf,200,1,1,546,WordPress,Balloon Works by Mary R. | &quot;The party doesn&#039;t start until the balloons get there!&quot;,good,,2026-06-22T18:11:57+00:00
3b916a37-e339-4e88-b74c-60fadad17e0e,200,1,1,319,WordPress,CJ Fix + Co,good,,2026-06-22T18:11:57+00:00
2fe54301-503f-437a-aba5-c3ebd953c0d9,0,0,0,101,,,broken,connection failed,2026-06-22T18:11:57+00:00
9f820efe-5a54-48da-ab1b-87487922a69f,0,0,0,249,,,broken,connection failed,2026-06-22T18:11:58+00:00
de8e36c2-89b6-4149-9dba-3d216077712c,0,0,0,123,,,broken,connection failed,2026-06-22T18:11:58+00:00
dfa15bb4-bd6d-4f9b-9d7c-9ec034b3a9dc,200,1,1,216,,Benicia Acupuncture,good,,2026-06-22T18:11:58+00:00
a44927e9-bc9b-4d8d-8469-ada31e7a9dbb,200,1,1,345,Squarespace,Five Star Balanced Books,good,,2026-06-22T18:11:58+00:00
9bf7245e-f7ad-449f-bce9-e043318ebb3a,200,0,1,244,Shopify,Compline Restaurant | Napaâs Premier Dining & Wine Experience,weak,,2026-06-22T18:11:58+00:00
5a9b5804-77bb-47cb-a1b8-871cd2d61dfe,200,1,1,1617,Wix,Home | KG's Toddler Town,good,,2026-06-22T18:11:58+00:00
5295e8fb-bd6a-4b82-8033-19804ccc8893,200,1,1,593,GoDaddy,The Small Biz Chic &amp; Co.,good,,2026-06-22T18:11:58+00:00
5d2c3620-891b-4295-bdf9-5942b6af2594,200,1,1,1973,Wix,Home | M&amp;M Solano Auto Source,good,,2026-06-22T18:11:58+00:00
8082dde5-9828-4fdd-8439-257870755dbc,200,1,1,327,Squarespace,PROVISIONS | Experience Vallejo’s Best &mdash; Dine Now,good,,2026-06-22T18:11:58+00:00
df83e138-7070-457e-90ca-7c57ef956a0a,200,1,1,632,Drupal,Addendum | Thomas Keller Restaurant Group,good,,2026-06-22T18:11:58+00:00
4faa5408-6ed6-4c25-918b-6cc79da4bd03,200,1,1,1272,Wix,HOME | ratz,good,,2026-06-22T18:11:58+00:00
1ac8f9d9-d4f7-463c-9a82-aeec5eaf1cc9,200,1,1,795,Weebly,Home | Thelma's African Connection,good,,2026-06-22T18:11:58+00:00
e07f6775-0c70-4e38-9e99-5ac6983eefee,0,0,0,123,,,broken,connection failed,2026-06-22T18:11:58+00:00
a98d642c-b91c-49b1-81c0-3aeac05bc6ed,200,1,1,325,Squarespace,Kitchen Door Napa Restuarant,good,,2026-06-22T18:11:58+00:00
431e3afc-e4bb-469a-a0f8-a2bf8b524c16,200,0,0,192,,,weak,,2026-06-22T18:11:58+00:00
322b707c-3b9e-4265-95e6-c035acdd3e7e,200,0,0,207,,,weak,,2026-06-22T18:11:59+00:00
75ae3f56-6dec-4b18-a6e9-22adf38e653f,200,1,1,683,GoDaddy,"Your Town’s Café - Breakfast, Restaurant, Take Out",good,,2026-06-22T18:11:59+00:00
ed88f633-113f-4c76-951d-acf8af089eb4,200,1,1,669,Wix,Home | Two60 Kitchen + Bar,good,,2026-06-22T18:11:59+00:00
bf75aea3-ba33-467c-9f0e-568141955abf,404,1,1,238,,404: Page not found,broken,,2026-06-22T18:11:59+00:00
50389025-7d3f-48ac-84fe-297326aea5bb,200,1,1,263,WordPress,Community-Based Organization | Cycle of Good | Goodwill®,good,,2026-06-22T18:11:59+00:00
1452aac9-d990-4d26-8def-e55763057bf3,200,1,1,827,,The Gunrock | UC Davis Student Housing and Dining Services,good,,2026-06-22T18:11:59+00:00
412efbb8-f954-44be-87e5-9824c19f5e7b,410,1,1,1267,,"Maggie&#x27;s Hamburgers, 700 Benicia Road, Vallejo, CA - Groupon",broken,,2026-06-22T18:11:59+00:00
807f291a-2768-4d5a-aa46-205f76dc684e,0,0,0,108,,,broken,connection failed,2026-06-22T18:11:59+00:00
82cbcb46-6556-4652-ad77-5f944a2991c8,0,0,0,38,,,broken,connection failed,2026-06-22T18:11:59+00:00
19a38acf-f52c-4b73-99ba-f38cdd3c4600,200,1,1,456,Wix,Aquarium | AquaLifeStudio | Fairfield,good,,2026-06-22T18:11:59+00:00
33f35a68-bf7d-4f51-adae-7f5201786574,200,0,0,569,,,weak,,2026-06-22T18:11:59+00:00
5a176865-1c62-49b2-a579-2f6a2b98f2ee,200,1,1,356,GoDaddy,Vallejo美食外送&amp;#xff1a;在线订购奶茶与特色小吃,good,,2026-06-22T18:11:59+00:00
6f09e74d-9a5f-4671-99a2-93dea7bcfab8,0,0,0,103,,,broken,connection failed,2026-06-22T18:11:59+00:00
e283837e-1fc4-4a3c-a9e1-50b1f93d3259,200,1,1,337,,RIO VISTA Chevrolet Dealer in Rio Vista CA | Dixon California Oakley Chevrolet Dealership California,good,,2026-06-22T18:11:59+00:00
769dee09-8bc7-4f3f-87ae-b841cdc85fa9,200,1,1,496,,"Body Shops | Vallejo, CA | A-1 Collision Repair",good,,2026-06-22T18:11:59+00:00
2da13945-6815-434c-bd74-0df4ed2be0ba,200,1,1,265,,Vacaville Paintless dent removal | Paint Protection Film | Ceramic Coating,good,,2026-06-22T18:11:59+00:00
a2b5dcd3-85a8-4bf8-b0af-6d15c04d8f3f,200,1,1,2138,WordPress,Expert Acupuncture and Integrative Medical Care - Ritual Acupuncture,good,,2026-06-22T18:11:59+00:00
1d230331-74a4-49ed-9ba3-bbbb7e51dbbb,200,1,1,2106,WordPress,Expert Acupuncture and Integrative Medical Care - Ritual Acupuncture,good,,2026-06-22T18:12:00+00:00
114e4b41-9e6d-49d6-beaf-7b9fbfc0a9ae,200,1,1,729,GoDaddy,Sustainable Architecture Firm,good,,2026-06-22T18:12:00+00:00
0a31173f-b065-4962-8b1f-337c4a31e5e5,200,0,1,232,,Redwood | Auto Collision,weak,,2026-06-22T18:12:00+00:00
5ee21533-71e3-4437-8d08-12855e7bd9cd,409,0,1,96,,DNS resolution error | depthdetail.com | Cloudflare,broken,,2026-06-22T18:12:00+00:00
a8a81e8a-338e-423d-b6aa-c87c8a2a8772,0,0,0,248,,,broken,"ssl: HTTPSConnectionPool(host='www.valleyautobodynapa.com', port=443): Max retries exceeded with url: / (",2026-06-22T18:12:00+00:00
e7600c97-046c-41d4-9d76-9ae6eadbca67,200,1,1,239,,"A1 Auto Salon Vallejo, CA | Ceramic Coating, PPF &amp; Window Tinting",good,,2026-06-22T18:12:00+00:00
e1ef1692-b0da-4e11-8621-4d899387177c,500,0,0,254,WordPress,,broken,,2026-06-22T18:12:00+00:00
5d33eea9-79e9-498e-97ea-dbaf50dce235,200,0,0,155,,,weak,,2026-06-22T18:12:00+00:00
3dbca203-403f-421a-9bce-d5d022c5e488,429,1,1,162,,Just a moment...,broken,,2026-06-22T18:12:00+00:00
865808f7-98f6-482d-ad27-5cc2d5c70ad2,526,1,1,187,,onsitecarcleaners.com | 526: Invalid SSL certificate,broken,,2026-06-22T18:12:00+00:00
26962454-1826-4832-a674-2f9004e82013,200,1,1,828,,Home,good,,2026-06-22T18:12:00+00:00
7c3edb1a-d1ea-4ac2-a828-254167d10761,0,0,0,199,,,broken,connection failed,2026-06-22T18:12:00+00:00
37001266-0ed2-4fdc-b741-93a563c29f81,200,1,1,755,WordPress,"Klimisch&#039;s - Klimisch&#039;s Collision Repair | Auto Body Repair Vallejo &amp; Fairfield, CA",good,,2026-06-22T18:12:00+00:00
bb0edb77-cc02-4d2f-a5c6-a679e04012c1,200,1,1,1739,Joomla,"Antique Shoppe Estate Sales: Napa Valley, Sonoma, North Bay, Greater Bay Area",good,,2026-06-22T18:12:00+00:00
7836733e-6977-4a9a-8eb4-386688293612,200,1,1,1475,WordPress,Studio Fetter Architecture | Inspired Light and Form,good,,2026-06-22T18:12:00+00:00
04884bdb-0d16-452e-87a0-8a2dd8121599,403,1,1,298,,Just a moment...,broken,,2026-06-22T18:12:00+00:00
413ba277-750c-4e82-b0e3-92114987315b,403,1,1,154,,Just a moment...,broken,,2026-06-22T18:12:00+00:00
ed88e6e3-a2c7-4326-972b-4d51c0f3d0f3,200,1,1,800,WordPress,"Lyfstyle Motors | Auto Repair and Auto Detailing Services | Vacaville, CA",good,,2026-06-22T18:12:01+00:00
8ecd98c3-6530-4438-a6f0-9a7a50b5da76,200,1,1,513,Wix,P1 Motor Cars | Modern Classic Car Sales &amp; Carbon Parts,good,,2026-06-22T18:12:01+00:00
bac085fc-38d9-4645-89f3-03b3b0db02ba,200,1,1,378,,"BOP Parts | BOP Parts - Buick, Oldsmobile &amp; Pontiac Auto/Car Parts Online",good,,2026-06-22T18:12:01+00:00
24a8683b-13a9-4c89-9ea9-4a399dfe590a,200,1,1,793,,Shiny Auto Detail - Professional Car Detailing | Shiny Auto Detail,good,,2026-06-22T18:12:01+00:00
59ab971c-d009-4a9d-bfdc-ac652c145ef4,0,0,0,103,,,broken,connection failed,2026-06-22T18:12:01+00:00
ea707c8e-0b8e-41ad-aee8-a9ecb8f61f03,0,0,0,222,,,broken,connection failed,2026-06-22T18:12:01+00:00
6c9d1ced-3457-480d-87e9-115f8d0b8b5a,403,1,1,561,,Just a moment...,broken,,2026-06-22T18:12:01+00:00
47873710-313a-417f-afb6-de637de3445c,0,0,0,46,,,broken,connection failed,2026-06-22T18:12:01+00:00
ae6120d4-9e50-44b1-a95a-091f94f791bf,200,1,1,592,Shopify,"Equilibrium Tuning, Inc.",good,,2026-06-22T18:12:01+00:00
84c4f807-e496-44d3-964e-dacf8a27c6ed,200,1,1,358,,"Ace Automotive & Truck Repair - 1730 ACTION AVE,NAPA,CA| NAPA Auto Care",good,,2026-06-22T18:12:01+00:00
e5a96b41-4a25-4218-a8b4-d1e06f266efa,200,1,1,179,WordPress,Amports,good,,2026-06-22T18:12:01+00:00
9a4aa2bd-a564-4d58-a0be-0d6046ff0c9d,0,0,0,215,,,broken,connection failed,2026-06-22T18:12:01+00:00
9a390ee7-3956-4337-a980-197285fe7947,200,1,1,2069,WordPress,Soscol Auto Body &#8211; Napa&#8217;s Collision Repair &amp; Paint Specialists,good,,2026-06-22T18:12:02+00:00
c95728e8-923d-436b-b5a3-3ad96b9cd366,200,0,0,255,,,weak,,2026-06-22T18:12:02+00:00
b7161e5f-07fc-4a5a-bde6-d3e5f9c66efd,0,0,0,7,,,broken,connection failed,2026-06-22T18:12:02+00:00
a0c2eec3-4f71-4f79-8325-20179fa70229,403,1,0,153,,Service unavailable,broken,,2026-06-22T18:12:02+00:00
9a791db3-b5be-4f95-8fae-152ac4d0d5bc,200,1,0,779,,"Auto Repair Shop in Fairfield, CA | Ace Automotive And Performance",weak,,2026-06-22T18:12:02+00:00
bc021774-fce5-4bbd-8d9c-77c58182e65f,200,1,1,688,,"Fairfield, CA | Crash Champions",good,,2026-06-22T18:12:02+00:00
e27af143-fc84-4765-8fd5-e67dfb189caf,202,1,0,256,,,weak,,2026-06-22T18:12:02+00:00
e55a0dde-63f2-4ee0-8362-6f6f80de7418,0,0,0,112,,,broken,connection failed,2026-06-22T18:12:02+00:00
31587d30-19eb-4def-b839-4025c889e081,0,0,0,91,,,broken,connection failed,2026-06-22T18:12:02+00:00
0283f73d-d1ae-4a39-93fe-b48a04233c8c,200,1,1,496,,My Website,good,,2026-06-22T18:12:02+00:00
efe6d3e5-e1ef-46cc-bf8a-cf65eb808155,404,0,0,267,,Error 404 (Not Found)!!1,broken,,2026-06-22T18:12:02+00:00
fdca7999-77ce-41c3-ae7f-435b931a4bee,200,1,1,1940,GoDaddy,Superior Tint &amp; Detail &#8211; Solano County&#039;s Premium Tinting and Detailing Service,good,,2026-06-22T18:12:02+00:00
d19e7529-90c5-40bd-830f-46b18f4a6839,200,1,1,263,GoDaddy,EastBayAuto.com is for sale | HugeDomains,good,,2026-06-22T18:12:02+00:00
f9a9504b-bfd5-4036-8e28-0617a9af2397,0,0,0,110,,,broken,connection failed,2026-06-22T18:12:02+00:00
311f4217-d180-42c9-896d-1f134de73378,200,0,1,504,,"Home Page | Chris&#x27; Engine &amp; Auto Repair, Inc.",weak,,2026-06-22T18:12:02+00:00
beba08bb-7729-4a20-b80f-be3072665931,0,0,0,109,,,broken,connection failed,2026-06-22T18:12:02+00:00
ad21115c-e0f2-4d2a-90b7-79499d98d942,429,0,1,151,,Just a moment...,broken,,2026-06-22T18:12:02+00:00
cba0b0b8-f833-4132-bb6d-e6a64ce144cb,200,1,0,387,,,weak,,2026-06-22T18:12:02+00:00
1402cc77-2708-49b5-a20f-ed1396c1cb7f,0,0,0,106,,,broken,connection failed,2026-06-22T18:12:02+00:00
e4a3e7b7-e6ab-4049-b29d-950b92a3bff3,0,0,0,181,,,broken,connection failed,2026-06-22T18:12:02+00:00
9c3cf63a-d7dc-4f0d-9062-33ab44c74c68,200,1,1,4185,WordPress,Suisun Valley &#8211; #1 Wine Region in the US::Farm Fresh Produce,weak,,2026-06-22T18:12:02+00:00
3072f0ab-d4df-4d95-8833-6565690d6343,0,0,0,109,,,broken,connection failed,2026-06-22T18:12:03+00:00
91610633-e02b-4750-92cc-6dab540d8883,200,0,1,387,,Parking Page,weak,,2026-06-22T18:12:03+00:00
4f753020-3199-41e1-93db-38eeddd8e096,200,0,1,789,,2026æ­£è§èµè½¦ï¼æ°çï¼æ¸¸æç«|168æéèµè½¦1åéåå²è®°å½çèµ°å¿ãå ¨å·ç»è®¡è®¡åÂ® | Factoryoutlettrailers.comÂ®,weak,,2026-06-22T18:12:03+00:00
14ed286c-762b-4328-94c5-4cece86b3dff,200,1,1,2794,WordPress,Home - Reyes Auto Spa - Reyes Auto Spa,good,,2026-06-22T18:12:03+00:00
484fe7e0-0ba6-45d7-979d-73a7ae17f064,402,1,1,399,Shopify,Store unavailable,broken,,2026-06-22T18:12:03+00:00
56013e78-1069-4cda-ba27-c973055584f1,404,1,1,435,,This page could not be found | Maaco,broken,,2026-06-22T18:12:03+00:00
294e2f57-d514-4e7d-9806-5c70374ebd7b,200,1,1,205,,Vallejo Auto Repair - Milt's Service Garage,good,,2026-06-22T18:12:03+00:00
b0fd31f0-0db4-4c4b-8a21-39565956582a,200,1,1,468,Wix,Home | Mac Vitie Auto,good,,2026-06-22T18:12:03+00:00
94031978-c72e-4324-b7d5-501966825144,202,0,0,262,,,weak,,2026-06-22T18:12:03+00:00
2e968d53-31aa-4b10-adbd-447f0b85f01f,200,1,1,457,Wix,"Medina Automotive Repair &amp; Sales | 630 Orange Drive Suite O, Vacaville, Ca 95687",good,,2026-06-22T18:12:03+00:00
27c6fb9d-e402-4d49-bf85-29425900ce6e,403,1,1,199,,Access to this page has been denied,broken,,2026-06-22T18:12:03+00:00
2d47a38a-f5d5-4197-9c0b-09d78255e0b6,0,0,0,15,,,broken,connection failed,2026-06-22T18:12:03+00:00
97f62ec3-82ee-475c-a8cb-d26c1fb31271,200,1,1,496,,"Montana Motorsports | Benicia, CA",good,,2026-06-22T18:12:03+00:00
c8e98634-af9a-441a-ac0c-dece0d01f98d,200,1,0,228,,,weak,,2026-06-22T18:12:03+00:00
d9106788-48d3-4cd1-8027-1e673abcbc57,200,1,1,271,WordPress,"Auto Repair: Quintero&#039;s Auto Repair - Stockton, CA | (877) 439-0665",good,,2026-06-22T18:12:03+00:00
c2768567-3ed7-4c3d-8fbd-d99f3b2fe86a,200,1,1,504,WordPress,"European Mechanics in Vacaville, CA | Motoring Specialists",good,,2026-06-22T18:12:03+00:00
e366de18-c7ce-4023-942f-87a52f4b33ec,0,0,0,104,,,broken,connection failed,2026-06-22T18:12:03+00:00
ea747e2c-db10-4d3c-ae55-899793841fe9,200,1,1,157,Squarespace,Contact Us &mdash; Roundel Autoworks,good,,2026-06-22T18:12:03+00:00
0e8b4bda-1d4b-417e-bcf6-1d6d99815ddc,0,0,0,109,,,broken,connection failed,2026-06-22T18:12:04+00:00
a377e8fa-91da-4544-a1b1-bb4b3db5c388,404,1,1,7706,,404 Not Found,broken,,2026-06-22T18:12:04+00:00
d7f11106-51da-4c3e-b2d4-4c9dd2b3e75e,200,1,1,615,GoDaddy,Pit Stop Auto Repair,good,,2026-06-22T18:12:04+00:00
1f6342e7-729b-4fb9-98f0-6073a9011d2a,200,1,1,453,Wix,"Paint Protection Films, Coatings &amp; Car Detailing | Robust Auto Detailing | Napa &amp; Surrounding Bay Area",good,,2026-06-22T18:12:04+00:00
4aae303a-0d22-4e7a-9794-e0e754133514,0,0,0,124,,,broken,connection failed,2026-06-22T18:12:04+00:00
208c885d-1f51-414c-9dcc-c1c21e706096,0,0,0,114,,,broken,connection failed,2026-06-22T18:12:04+00:00
60f6de11-fedf-4754-ba2f-8d927b9b9243,200,1,1,528,GoDaddy,Expert Auto Restoration for Vintage VW Buses,good,,2026-06-22T18:12:04+00:00
b8d22f71-13f9-447f-8330-9702f81bdb77,200,1,1,340,,Auto Parts Stores and Service Centers | Auto Value and Bumper to Bumper,good,,2026-06-22T18:12:04+00:00
0d2e79ac-220a-4bed-97f0-740a996cb91f,200,1,1,535,,"TJs Mobile Mechanic | Mobile Auto Repair Napa, CA",good,,2026-06-22T18:12:04+00:00
b7aeeb5b-753f-432e-8d18-5f24b73c4327,404,1,1,511,,404 | Orkin,broken,,2026-06-22T18:12:04+00:00
ace29f9e-2c0c-4847-9402-1ae33dcd19b5,0,0,0,118,,,broken,connection failed,2026-06-22T18:12:04+00:00
1373e143-83b1-4765-b22d-2ee50b19e493,200,1,1,295,GoDaddy,Mobiletech Shade | The best suction cup umbrella stand on the market,good,,2026-06-22T18:12:04+00:00
49a8dc16-b790-4aa8-baf4-a215bd80d5cf,200,1,1,481,,Midas Is the Best | Auto Repair & Service Done Right,good,,2026-06-22T18:12:04+00:00
e8e78a73-4ea9-49a3-9255-405e00031286,404,1,1,169,Wix,,broken,,2026-06-22T18:12:04+00:00
58b39dce-33cc-41c6-8d2f-63bf458cad2c,403,1,0,106,,etsy.com,broken,,2026-06-22T18:12:04+00:00
1fc768d9-d6c3-4f50-a45b-13d50cdf7c7b,200,1,1,4472,,Professional Services Near Me in Vallejo,weak,,2026-06-22T18:12:05+00:00
8df0f4bc-5528-4423-a298-8037f32ee1d1,200,1,1,1254,Wix,Reconnect Your Domain | Wix.com,good,,2026-06-22T18:12:05+00:00
aa4bf212-d527-4861-8fcf-f6efb914a4cc,200,1,1,516,Wix,"Cakes By Karl | Bay Area Bakery | 1339 Springs Rd, Vallejo, CA 94591, USA",good,,2026-06-22T18:12:05+00:00
555b9d0b-b073-4542-b292-1b6778bda999,200,1,1,2431,WordPress,JIM DANDY TRANSMISSION &#8211; This site lets people know who we are and what we do.,good,,2026-06-22T18:12:05+00:00
d781cefd-2b4e-42dd-bb57-323438a5ff3a,200,1,1,1489,Wix,Royal Smog and Mechanic | Vallejo | Auto Repair &amp; Smog Check,good,,2026-06-22T18:12:05+00:00
223e7475-036a-45a9-9885-aafca29d2e6e,404,1,1,818,,Page not found | ServiceMaster Restore,broken,,2026-06-22T18:12:05+00:00
5b3ab8e3-1989-4bac-b38e-cc921e2a88ff,200,1,1,439,Wix,HOME | La Cheve-Bakery-Brews,good,,2026-06-22T18:12:05+00:00
2f97a9a9-fefa-41ab-9fa5-96cebe5f3815,200,1,1,498,,Vallejo Sun - Best of Vallejo &amp; Benicia 2025,good,,2026-06-22T18:12:05+00:00
f65452c2-8c94-4852-9ac0-39cca694494e,200,1,1,384,Wix,"One House Bakery | Benicia, CA | Bread",good,,2026-06-22T18:12:05+00:00
8b1c05c4-7c5a-44d0-8042-2f9585bcf7e4,403,1,1,246,,Just a moment...,broken,,2026-06-22T18:12:05+00:00
f759b04c-d463-4dc9-be8c-4e7356b5ad6d,200,1,1,835,Weebly,Home | King Pin Cinnamon Rolls LLC,good,,2026-06-22T18:12:05+00:00
85d355ce-f3cc-44a4-a307-d3b32ab5498e,404,0,0,167,,404 Not Found,broken,,2026-06-22T18:12:05+00:00
4f995677-b5f3-467a-957a-b9c11e3da617,0,0,0,110,,,broken,connection failed,2026-06-22T18:12:05+00:00
25ab9936-3d8d-40e6-bf79-6c6f5b7122c2,0,0,0,28,,,broken,connection failed,2026-06-22T18:12:06+00:00
9a6027cd-ba22-44b9-af7e-1b7760028cba,200,1,1,409,GoDaddy,caramelcovacaville.com,good,,2026-06-22T18:12:06+00:00
b08cc46b-f5d4-4410-a27a-4517be659a0e,200,1,1,441,Wix,Bakery | West Won Bread | Napa,good,,2026-06-22T18:12:06+00:00
05408b2e-0ec7-43ea-af5a-d47aa4d47b08,0,0,0,109,,,broken,connection failed,2026-06-22T18:12:06+00:00
c8f770a4-5718-4032-af5d-ac45221fefe8,200,1,1,1272,,Making sure you&#39;re not a bot!,good,,2026-06-22T18:12:06+00:00
a3b8f07c-f1e4-4b9b-b89f-5a46026225de,200,1,1,196,,"Club Tac | Bar in Crockett, CA",good,,2026-06-22T18:12:06+00:00
7390a4ab-c60a-4fb8-985e-beb8448ab040,200,1,1,424,GoDaddy,Home - Ace &amp; Vine,good,,2026-06-22T18:12:06+00:00
1dc7e0d6-9a2e-4018-bf2e-c373b21e93bc,403,1,0,819,GoDaddy,Access Denied,broken,,2026-06-22T18:12:06+00:00
ba7ff96b-5d74-4b33-bff8-70bbf8905dd8,403,1,1,169,,Just a moment...,broken,,2026-06-22T18:12:06+00:00
d1a8e292-5c77-4d7d-8eb3-f37b3f8cd3ed,0,0,0,37,,,broken,connection failed,2026-06-22T18:12:06+00:00
171b01e9-0e94-4c38-b632-44cad08780b2,0,0,0,55,,,broken,connection failed,2026-06-22T18:12:06+00:00
f8f277d3-17a8-4ee7-a97d-e1b2701c70bd,200,1,1,194,Squarespace,LOGO HERE,good,,2026-06-22T18:12:06+00:00
78024f11-35f7-4d4e-836c-1add341226aa,403,1,1,143,,Just a moment...,broken,,2026-06-22T18:12:06+00:00
5ab9c0e0-3d99-483c-b7e9-ad9f4a90914a,200,1,1,198,,Home - Manny&#x27;s Barzzeria,good,,2026-06-22T18:12:06+00:00
254421c3-8a51-4c0d-b760-e6e5080b7a4c,200,1,1,261,Squarespace,Dawson&#39;s &amp; Bar Grill,good,,2026-06-22T18:12:06+00:00
6f04242e-3213-4def-aef3-f4f63ba6edf4,200,1,1,132,Webflow,"Keepin It Island, Restaurant, 3730 Sonoma Blvd",good,,2026-06-22T18:12:06+00:00
a4306cd9-c41c-4ca1-806d-52cea30b2cfc,0,0,0,29,,,broken,connection failed,2026-06-22T18:12:06+00:00
866933fd-9df6-4f8e-b154-bc05ecf70dfc,200,1,1,520,,Best American Restaurant in Benicia | Baxters,good,,2026-06-22T18:12:06+00:00
27f79fda-d4b3-4904-9871-8c4ec6e90a8b,0,0,0,105,,,broken,connection failed,2026-06-22T18:12:06+00:00
d8e24351-8f2e-4a66-a83e-adf56d653730,200,1,1,1543,Weebly,,good,,2026-06-22T18:12:06+00:00
cc4f19d7-8791-4a2a-a50b-e668ad65f0e6,200,1,1,466,Wix,Hawaiian BBQ Vacaville,good,,2026-06-22T18:12:06+00:00
f703e7a5-362a-41df-9bc9-897a3faf08d0,200,1,1,143,Webflow,"Barbershop of Napa Valley, Barber, 3662 Bel Aire Plz",good,,2026-06-22T18:12:06+00:00
9c681854-8530-46c1-a5c3-3fdcdc6329d1,200,1,1,177,Squarespace,https://www.stateline-road.com/,good,,2026-06-22T18:12:06+00:00
7660fbdd-1627-4e90-83cb-cf3a6a6db771,200,1,1,466,Shopify,L&amp;L Hawaiian Barbecue,good,,2026-06-22T18:12:07+00:00
4019b1d2-005b-46c4-8dc8-e8cc5af984f4,0,0,0,10013,,,broken,connection failed,2026-06-22T18:12:07+00:00
e242e228-2fae-4317-8cf7-39acd121fdcb,200,1,1,1470,Joomla,"Chardonnay Golf Club - American Canyon, CA",good,,2026-06-22T18:12:07+00:00
dcee39dc-1e58-4525-aac6-9461520de037,200,1,0,960,,,weak,,2026-06-22T18:12:07+00:00
0787036b-5a44-4020-8ef2-78a1e4ec2af0,200,1,1,2843,Wix,"Macarons &amp; Crepes | Madeleine's Macarons | bakeries Napa Valley, Yountville, Napa County",good,,2026-06-22T18:12:08+00:00
7953d049-c3a4-4e85-a599-a5c76b9ff888,410,1,1,1220,,"J N&#x27; J Barbershop, 3431 Broadway Street, American Canyon, CA - Groupon",broken,,2026-06-22T18:12:08+00:00
cc5575e2-10e5-4f42-8c6e-45cb466c79eb,200,1,1,884,,,good,,2026-06-22T18:12:08+00:00
2331fc75-23fa-44b2-a43c-c2281639b315,200,1,0,710,,,weak,,2026-06-22T18:12:08+00:00
6cd1e0ed-e70d-46b1-bcf0-aa15b33c945b,200,0,1,189,,Checking your browser...,weak,,2026-06-22T18:12:08+00:00
719d81ac-ac7a-4716-a736-06e791b497fb,200,1,1,1915,,"Guapos barber co. - Vacaville - Book Online - Prices, Reviews, Photos",good,,2026-06-22T18:12:08+00:00
aa8c53fb-d46c-4d71-8046-acfc575cb559,200,1,1,2563,Wix,"Gracie's | Barbecue &amp; Catering | Vallejo, Ca.",good,,2026-06-22T18:12:08+00:00
8ee2e989-7beb-40ab-9dad-14eb8bb4a35a,200,1,1,238,,Town Square Barbers,good,,2026-06-22T18:12:09+00:00
e59932db-cef8-41bb-837e-b3af2c18cdd3,200,1,1,7822,GoDaddy,707 Diesel &amp; Automotive Repair LLC,weak,,2026-06-22T18:12:09+00:00
11ae8615-a7c7-471c-83a2-e6fe6b88552b,200,1,1,152,Webflow,"Wonder World Barber Shop, Barber, 3099 Travis Blvd",good,,2026-06-22T18:12:09+00:00
71af524d-2976-43e4-a7a1-696f8126d205,200,1,1,463,Wix,Barbershop | The Gentlemen's Parlor | Napa,good,,2026-06-22T18:12:09+00:00
00a43087-aa29-4211-ad58-545f555bd5bc,200,1,1,382,GoDaddy,Divina Cosmetology &amp; Barbering Academy,good,,2026-06-22T18:12:09+00:00
1e838c8f-8474-4de8-8c2a-eafc40014232,200,1,1,1758,,Stags Barbershop,good,,2026-06-22T18:12:09+00:00
a07432a8-da69-47a5-8c18-77d794399ac1,200,1,0,84,,Redirecting...,weak,,2026-06-22T18:12:09+00:00
ff779444-0230-4b29-8225-43db816e616d,0,0,0,27,,,broken,connection failed,2026-06-22T18:12:09+00:00
ef9fae4a-2fba-4374-b9ce-2248a5bd8f8f,200,0,0,633,,亚美登录网页版_亚美（中国）,weak,,2026-06-22T18:12:09+00:00
a5885f17-0ad3-44ef-bdf8-ba6d7a69ce2b,0,0,0,102,,,broken,connection failed,2026-06-22T18:12:09+00:00
ae027a94-632f-4754-8b72-09b7be90e8aa,200,1,1,774,Shopify,April Rose Botanicals &ndash; aprilrosebotanicals,good,,2026-06-22T18:12:09+00:00
cb7c1742-d9c7-486f-adb3-ec3654518fd0,404,1,1,359,Squarespace,Not Found,broken,,2026-06-22T18:12:10+00:00
f8a24cbf-9888-4fd2-a2c3-06f5ad30d280,200,1,1,293,Shopify,EpicQtee Hair | Luxury Virgin Hair | Bundles &amp; Extensions,good,,2026-06-22T18:12:10+00:00
0befba15-5404-4c78-b670-f05f8b8a8739,200,1,0,1298,,,weak,,2026-06-22T18:12:10+00:00
3f45ae93-0c7e-4228-b138-7a0fe08a1d28,200,1,1,442,,Alluring Looks Spa and Beauty Bar&#x27;s dot.Profile,good,,2026-06-22T18:12:10+00:00
8fc6934d-e6b6-425c-9ac0-f1c7c7b29688,200,1,1,711,Wix,Salon | WhipLash By Tekara | United States,good,,2026-06-22T18:12:10+00:00
29c9d94f-4d8c-42cb-be9f-b4d3289d455b,200,1,1,2806,,"Barber Primo Vacaville - Vacaville - Book Online - Prices, Reviews, Photos",good,,2026-06-22T18:12:10+00:00
14089500-b5ac-430d-8557-1ce8ee164713,200,1,1,440,Wix,Lash Extensions | Aura Define | Benicia,good,,2026-06-22T18:12:10+00:00
47a27c08-553a-4c1c-a12a-496687ecc961,200,1,1,312,Squarespace,Becca&#39;s Lovelee Lashes,good,,2026-06-22T18:12:10+00:00
2411e42e-e85a-413d-a918-3353d0ab36b7,404,0,1,295,,Sucuri WebSite Firewall - Not Configured,broken,,2026-06-22T18:12:10+00:00
066d4ac8-6110-49d3-8956-da4b1134032c,200,1,0,787,,Arrangement Salon a Napa Beauty and Hair Salon,weak,,2026-06-22T18:12:10+00:00
3ee0885c-6c02-4572-81f3-ce0aa037450e,0,0,0,109,,,broken,connection failed,2026-06-22T18:12:10+00:00
7519a16d-3786-4da1-ae8f-b197152b55a6,200,1,1,415,Squarespace,Bloom Hair &amp; Beauty Studio Vacaville Hair Salon,good,,2026-06-22T18:12:11+00:00
ca792ec8-f292-4fa4-87cf-013d87d4f50e,200,1,1,1165,Squarespace,Schedule Appointment with CELESTAIN TARLESSON,good,,2026-06-22T18:12:11+00:00
ec318c74-92c9-4756-9a8d-421b68bee287,0,0,0,109,,,broken,connection failed,2026-06-22T18:12:11+00:00
ab2323d5-efe5-4f32-a4c9-2145a06fc5d4,0,0,0,101,,,broken,connection failed,2026-06-22T18:12:11+00:00
1d956efc-5024-4d41-9e6d-e769cbb4691e,200,1,1,353,Webflow,"All-In-One Salon, Spa &amp; Medspa Software | GlossGenius",good,,2026-06-22T18:12:11+00:00
bbec869c-3744-4153-90c8-bbbdb290962c,200,1,1,455,Wix,"Cole Temp Studios | microblading near me | 827 Missouri St suite 3, Fairfield, CA, USA",good,,2026-06-22T18:12:11+00:00
963a0faf-8533-45b6-9210-e7a066e8bcf4,500,0,0,253,,500 Internal Server Error,broken,,2026-06-22T18:12:11+00:00
5726864f-939b-499d-968c-dc3f9ebe2ef9,0,0,0,110,,,broken,connection failed,2026-06-22T18:12:11+00:00
3ca3c738-9d1b-4b42-b072-964bae49cd90,200,1,1,544,Shopify,The Eye Candy Shop,good,,2026-06-22T18:12:11+00:00
18256dd1-8d09-45fa-bf8e-bcb8085e0bb7,200,1,1,332,Webflow,"All-In-One Salon, Spa &amp; Medspa Software | GlossGenius",good,,2026-06-22T18:12:11+00:00
902a78c5-6ead-4aa2-baf8-8fba4ba55ae7,200,1,1,1361,WordPress,"Nail Salon 94571 | Aurora Day Spa | Rio Vista, CA 94571 | Best Nail Salon",good,,2026-06-22T18:12:11+00:00
a9847a98-941d-49dc-a2ae-fe254bfedcdb,200,1,1,262,,Hair by Christian Edward: Online Client Scheduling,good,,2026-06-22T18:12:11+00:00
e5426702-c2c1-4254-a8a2-810a93fbf95b,200,1,1,3620,,"The Barber Lounge Crew - Vacaville, CA - Book Online - Prices, Reviews, Photos",good,,2026-06-22T18:12:11+00:00
8b128c5b-2d10-4e29-8db0-9712b18a6bc1,200,1,1,97,Squarespace,Herr Vault Beauty Bar — Bio Sites,good,,2026-06-22T18:12:11+00:00
75f28abc-da15-4d56-815e-004d669acf55,200,1,1,462,,"Devyn Spears | Health &amp; Beauty in Vacaville, CA",good,,2026-06-22T18:12:11+00:00
25e19deb-2b1c-4c1c-a21e-4bcc2162bde6,200,1,1,847,,Flourish Beauty by Felecia,good,,2026-06-22T18:12:12+00:00
3a57f6db-d441-443e-b497-316d9b804c9c,200,1,1,339,Squarespace,HeadSpace Beauty Lounge,good,,2026-06-22T18:12:12+00:00
0ece0139-1c49-48c7-9dfa-f5c764fda455,200,1,1,433,GoDaddy,i Brow Bars,good,,2026-06-22T18:12:12+00:00
7cf28ee9-9351-402d-bd76-98f53fe1770b,200,1,1,1364,Wix,"Eyes By Sally | Best eyebrow microblading | 301 Alamo Dr suite h, Vacaville, CA, USA",good,,2026-06-22T18:12:12+00:00
ccb85699-04b1-4835-b7d1-03d08a616b09,200,1,1,425,Wix,Home | La Rouge Salon Napa,good,,2026-06-22T18:12:12+00:00
a8e705af-b2d8-48e7-a31f-351a60bb4eb2,0,0,0,905,,,broken,connection failed,2026-06-22T18:12:12+00:00
51026e59-33d3-4d20-943a-6574cc04167f,200,1,1,479,,"Little bit of beauty | Hair Salon in Vacaville, CA",good,,2026-06-22T18:12:12+00:00
33ecebe3-43eb-4323-8259-c73de363f901,200,1,1,590,,@lipstickloungesuisunvalley â¢ Milkshake Website Builder,good,,2026-06-22T18:12:12+00:00
e811735b-b2fc-4878-93d4-4f177cb28a49,0,0,0,26,,,broken,connection failed,2026-06-22T18:12:13+00:00
7d0cc5ae-0866-46c7-800d-7fd1038c0af4,410,1,1,870,,"Lavender Nail Spa, 139 Peabody Road, Vacaville, CA - Groupon",broken,,2026-06-22T18:12:13+00:00
86f216cf-ff9f-4194-8089-d88e6bd7b58b,200,1,1,1115,Shopify,ROYAL22: Situs Penyedia Game Paling Lengkap Dan Dicari Para Peminat Game Online,good,,2026-06-22T18:12:13+00:00
9d81df4e-f990-4784-ba93-3f1d05a620c5,200,1,0,619,,,weak,,2026-06-22T18:12:13+00:00
840b051b-c6b5-445f-abff-b2220f6eef2a,0,0,0,103,,,broken,connection failed,2026-06-22T18:12:13+00:00
c3d024d4-5fdc-4ef4-9af7-e7291efd5194,404,1,0,218,,Error 404 (Not Found)!!1,broken,,2026-06-22T18:12:13+00:00
af70f328-5d2d-4973-b5f0-c7aac1b1db54,200,1,1,401,,Online Store by SalonInteractive,good,,2026-06-22T18:12:13+00:00
4ad7dd77-89d8-4b0b-af51-8f6d4dfc4896,403,1,0,136,,,broken,,2026-06-22T18:12:13+00:00
f386ec6e-e82f-47f0-b401-5088bedb2d73,200,1,1,389,Webflow,"All-In-One Salon, Spa &amp; Medspa Software | GlossGenius",good,,2026-06-22T18:12:13+00:00
da7dfbb6-2baf-4e72-af32-3a686a53475d,404,1,1,393,,StyleSeat - Online Booking for Hair Stylists & Beauty Professionals,broken,,2026-06-22T18:12:13+00:00
5e3a7acf-01a4-4302-8384-bc14c6040d55,200,0,0,142,,,weak,,2026-06-22T18:12:13+00:00
7119da0d-15e7-4894-b01d-9fa9f1d5a5e3,200,1,1,166,Webflow,"Radiance, Miscellaneous Business, 407 Elizabeth St",good,,2026-06-22T18:12:13+00:00
b07ccd63-9fc4-4801-8986-ba1c251b5409,200,0,1,183,Weebly,MICHAEL LONG - Home,weak,,2026-06-22T18:12:13+00:00
75f25d53-e5ce-4516-97f6-b022eb60e768,200,1,1,538,WordPress,Department of Consumer Affairs (DCA),good,,2026-06-22T18:12:13+00:00
3a1d9be8-25be-48c5-b0ad-522d37814bee,200,1,1,348,WordPress,"California Beaches - Find Your Beach, We Have Them All",good,,2026-06-22T18:12:13+00:00
ad980040-79af-4a06-b0b7-8df0f06305ae,200,1,1,624,,"Nancy&#39;s Hair &amp; Nail Salon -Beauty Salon in Suisun City , CA , 94585",good,,2026-06-22T18:12:13+00:00
8516030a-7b87-4c47-84c9-aedafcca72ad,200,1,1,199,GoDaddy,A WordPress Site,good,,2026-06-22T18:12:13+00:00
8965bdd7-b86c-429c-936a-9f10af2b3745,200,1,1,963,,California Board of Barbering and Cosmetology,good,,2026-06-22T18:12:13+00:00
e0948c63-54d8-4bc4-b5ac-235018e7b0dc,0,0,0,106,,,broken,connection failed,2026-06-22T18:12:14+00:00
b84dcebc-7444-492d-9cbe-464611e2c448,200,1,1,725,,Home,good,,2026-06-22T18:12:14+00:00
1afca570-b3a3-471f-a04e-9c42e352566f,200,1,1,506,Squarespace,simplyfabvacaville,good,,2026-06-22T18:12:14+00:00
bfce9d22-1bc8-4bfd-9df9-400a29835e40,200,1,1,39,WordPress,"I offer permanent make-up for brows, eyeliner, lips, and tattoo lightening/lifting",good,,2026-06-22T18:12:14+00:00
98a38a5d-82c2-44df-9984-340de0914d33,403,1,1,41,,Just a moment...,broken,,2026-06-22T18:12:14+00:00
60798588-5885-4fd4-bb12-797495a42fa0,200,1,1,172,,Suki | Ambient Clinical Intelligence,good,,2026-06-22T18:12:14+00:00
eafa7c26-a068-4269-a893-88727b13858e,200,1,1,713,,,good,,2026-06-22T18:12:14+00:00
bb6293aa-c3bd-4df8-b913-819305fedb36,200,1,1,459,,"Ara’s Beaauty | Esthetician in Isleton, CA",good,,2026-06-22T18:12:14+00:00
ef7a8008-0d6f-40a4-a82c-f3eb8abba85f,0,0,0,38,,,broken,connection failed,2026-06-22T18:12:14+00:00
f3855966-fa4e-4cc2-b534-ad7cb19c9f22,200,1,1,1200,,Keratin and Hair Color Treatments in Costa Mesa | Gray Coverage,good,,2026-06-22T18:12:15+00:00
b1ec1465-98bc-4699-8889-0e09bb95bc5c,200,1,1,331,Squarespace,The Vanity Room,good,,2026-06-22T18:12:15+00:00
0a686592-8578-4228-b6ea-6d0728fdc178,404,0,0,377,,SITE NOT FOUND,broken,,2026-06-22T18:12:15+00:00
e48f2c55-565d-49e4-bbf0-1ada780cda8d,200,1,1,8599,GoDaddy,Dave&#x27;s Barbershop and Shaving Parlor,weak,,2026-06-22T18:12:15+00:00
8d11c875-5ee0-40ed-8579-c33f1d53708d,200,1,1,974,Squarespace,Schedule Appointment with Valley Lashes &amp; Brows by Mina,good,,2026-06-22T18:12:15+00:00
dfded528-c72f-47d5-ab29-816d4bc4cdf8,200,1,1,1645,Wix,Dixon Hair Salon | Sisters' Salon Boutique,good,,2026-06-22T18:12:15+00:00
25d4da27-7477-48d0-bcda-bc13757d3783,0,0,0,111,,,broken,connection failed,2026-06-22T18:12:15+00:00
c22c80d8-60b5-4ce5-be2b-886c8f8eb318,409,0,1,151,,DNS resolution error | cjoyboutique.com | Cloudflare,broken,,2026-06-22T18:12:15+00:00
3a77ad65-9559-40a4-ab50-2d6eefe74269,0,0,0,45,,,broken,connection failed,2026-06-22T18:12:15+00:00
703dffd7-c2ee-418d-a9f3-52041fc64ecd,200,1,1,378,Squarespace,Mei Wah,good,,2026-06-22T18:12:15+00:00
30ee492c-f76c-4ce5-a389-c63ec75ae773,200,1,1,616,,Bann at Oak Knoll Napa I Resort-Style Bed &amp; Breakfast | Accommodation,good,,2026-06-22T18:12:15+00:00
d1cdfe32-f616-44d4-b624-d0a311e8366a,200,1,1,632,Wix,HOME | mysite,good,,2026-06-22T18:12:16+00:00
82d86e4a-a8cd-420d-97a9-5aa1b1f1e8e3,0,0,0,10020,,,broken,connection failed,2026-06-22T18:12:16+00:00
ccf8a8a2-dc09-4b20-8ffd-aa509c7d3c18,200,1,1,1407,WordPress,"Vy&#039;s Beauty Lounge | Premium Lash, Brow &amp; Facial Services in Vacaville",good,,2026-06-22T18:12:16+00:00
98a0cd2f-81d5-4f33-b8dd-a896a7376827,200,1,1,567,Shopify,Miyamo - Napa Valley Boutique &ndash; Miyamo Boutique,good,,2026-06-22T18:12:16+00:00
3f1252a5-0b2f-49b0-946c-5d7597b6ffcc,200,1,1,779,Shopify,MIAH - Women&#39;s Online Boutique - For the chic &amp; stylish woman &ndash; Shoppe Miah,good,,2026-06-22T18:12:16+00:00
7ecf8725-9bbe-4027-ba31-2fda95c415aa,200,1,1,275,Squarespace,Pampas Brazilian Steakhouse,good,,2026-06-22T18:12:16+00:00
aeeceb4e-5f49-45e0-969c-7b47f36b01fa,200,1,1,209,Webflow,"Uncle Sam, Restaurant, 785 Sereno Dr",good,,2026-06-22T18:12:16+00:00
f3e04471-74c2-45e9-8a0d-dcf4c0a40b55,403,1,1,49,,Attention Required! | Cloudflare,broken,,2026-06-22T18:12:16+00:00
96b7abbd-ae04-4267-9f71-86c9f2af86ef,200,1,1,431,,,good,,2026-06-22T18:12:16+00:00
8a251915-200b-4eb3-a3fc-b1443acc5b7b,200,1,1,405,Squarespace,hibachi grill and buffet,good,,2026-06-22T18:12:17+00:00
ad106897-4645-4ae9-bfb1-b181e85ca0f5,403,0,1,150,,Just a moment...,broken,,2026-06-22T18:12:17+00:00
563398c4-36a3-4c8e-a5de-e918cb9d061b,403,1,1,350,,Just a moment...,broken,,2026-06-22T18:12:17+00:00
1eae2b4d-883a-40ed-976d-b92c1c4dffa9,200,0,1,188,,Checking your browser...,weak,,2026-06-22T18:12:17+00:00
937978d2-1b6a-4e25-a8f9-84e53ce17c3e,403,0,1,822,,403 - Forbidden,broken,,2026-06-22T18:12:17+00:00
151842de-0720-4294-8fc8-0b1287fa1255,403,1,1,109,,Just a moment...,broken,,2026-06-22T18:12:17+00:00
bc7f6c48-537c-4d99-a29b-49d18daca349,0,0,0,15092,,,broken,connection failed,2026-06-22T18:12:17+00:00
95256e66-f283-4ba7-95dd-261b310fa759,200,1,1,903,Weebly,Menu | AsianBurger,good,,2026-06-22T18:12:17+00:00
624b7513-4426-4b73-971a-52cbbebecbf2,200,1,1,8699,GoDaddy,Willows Mane Studio,weak,,2026-06-22T18:12:17+00:00
28a78b69-6702-420c-ae81-36a7a5699368,202,0,0,65,,,weak,,2026-06-22T18:12:17+00:00
30149038-39e6-4157-8964-d4edc9483be8,403,1,1,134,,Just a moment...,broken,,2026-06-22T18:12:17+00:00
abfa62ed-24ca-4df9-a63a-fab4d1486ce8,200,1,1,1760,WordPress,Ipar4D: Link Alternatif Ipar4D | Daftar Ipar4D | Login Ipar4D,good,,2026-06-22T18:12:17+00:00
c0658d74-5d49-4397-ae96-77c6b8d356f5,403,1,1,74,,Just a moment...,broken,,2026-06-22T18:12:17+00:00
6f0bb41d-27e4-4c02-ab9b-b7ba04eb66b3,200,1,1,159,Webflow,"Java Jax, Coffee, Espresso, 1700 Sonoma Blvd",good,,2026-06-22T18:12:17+00:00
dcb52270-b420-4b36-b9a4-6999f035c911,200,1,1,213,,Momo’s Café,good,,2026-06-22T18:12:17+00:00
03b18c49-1758-4f95-8d81-671c2398fdf5,404,1,1,305,Wix,404 Error: Page Not Found,broken,,2026-06-22T18:12:17+00:00
8d8bf974-2580-4b21-9382-9b58a08774cf,403,0,0,767,,,broken,,2026-06-22T18:12:17+00:00
586e2fb5-87e3-4c19-bc0d-129d81f3c731,200,1,1,320,WordPress,Folklore Napa Drinks &amp; Vinyl Shop,good,,2026-06-22T18:12:18+00:00
eb0cf8ba-e610-41a9-8b34-24b1831f17bd,200,1,1,433,GoDaddy,"Your Town’s Café - Breakfast, Restaurant, Take Out",good,,2026-06-22T18:12:18+00:00
d5242818-bd39-4382-a664-f943b4f1176a,0,0,0,126,,,broken,connection failed,2026-06-22T18:12:18+00:00
d6a0da6d-63b2-4166-836e-4b952d74b0c2,200,1,1,921,,"Best Breakfast &amp; Brunch in Napa, CA | Sunshine Cafe",good,,2026-06-22T18:12:18+00:00
ca24f5fb-e1df-4d69-b8e4-e45da2a696c6,200,0,1,256,,"Carpet Cleaning &amp; Water Damage in Fairfield, CA | Mr. Fresh",weak,,2026-06-22T18:12:18+00:00
7a934cb5-dcd7-4572-a00c-949ad95c265e,0,0,0,110,,,broken,connection failed,2026-06-22T18:12:18+00:00
7fdb461c-d3f7-4060-9168-2e31a9e2843d,202,0,0,180,,,weak,,2026-06-22T18:12:19+00:00
ae16bad4-b65b-4509-b654-05d4f6a5e9aa,200,1,1,1163,WordPress,Brunch and Breakfast in Downtown Napa | Winston’s Napa,good,,2026-06-22T18:12:19+00:00
67377b53-89d3-4c52-a0b0-4f6fc095fc00,200,1,1,195,Squarespace,Avila Flooring,good,,2026-06-22T18:12:19+00:00
1af19175-3c4f-4c1b-9c85-79fe014f48a3,0,0,0,15129,,,broken,timeout,2026-06-22T18:12:19+00:00
07cd1d9c-d45d-43ee-9e50-103884961728,200,1,1,1632,,Create Next App,good,,2026-06-22T18:12:19+00:00
beec9b52-97f3-4f22-9b5b-f39573c2f430,0,0,0,102,,,broken,connection failed,2026-06-22T18:12:19+00:00
ddc557eb-a4e4-4638-86d7-b770698d91a7,403,1,0,399,,ERROR: The request could not be satisfied,broken,,2026-06-22T18:12:19+00:00
4c96e777-7861-4743-ba6b-8f923f82f55b,200,1,1,726,Wix,Avelar Hardwood Floors,good,,2026-06-22T18:12:19+00:00
e08f3a38-da31-4464-aa4c-6cc87d29b7f3,0,0,0,110,,,broken,connection failed,2026-06-22T18:12:19+00:00
002fb787-2106-4c07-a174-2ba405e52ad7,403,1,1,2265,,Attention Required! | Cloudflare,broken,,2026-06-22T18:12:19+00:00
8e699a3a-69f2-4983-8756-e526c232aeaf,0,0,0,107,,,broken,connection failed,2026-06-22T18:12:19+00:00
1288ec0a-ac9c-4fa7-a2ae-a52bcc8c1d49,200,1,1,384,GoDaddy,Napa Valley Catering,good,,2026-06-22T18:12:20+00:00
63ec5f5c-3cf4-4496-ba98-accf14b21f09,200,1,1,160,,"Napa Hot Chicken | Chicken Restaurant in Napa, CA",good,,2026-06-22T18:12:20+00:00
2bc16b77-f406-499a-9f3b-6cc273ed1888,200,1,1,2227,Wix,The Cafe At The Inn | Benicia CA,good,,2026-06-22T18:12:20+00:00
ababdd75-7260-419e-a5ae-6a6ccba14576,200,1,1,568,WordPress,Picnics and Pairings,good,,2026-06-22T18:12:20+00:00
32e1a186-d592-4ecc-9006-48335fe2216d,403,1,0,93,,etsy.com,broken,,2026-06-22T18:12:20+00:00
c2da7642-a8a0-425e-b1b0-79f55b9f041a,200,1,1,8623,GoDaddy,"Cut, Color &amp; Style for men and women.",weak,,2026-06-22T18:12:20+00:00
d8ca16d4-867d-452c-b168-1411dee3b79e,0,0,0,107,,,broken,connection failed,2026-06-22T18:12:20+00:00
092901fd-c6c3-484c-bb6d-af1eaa38eb30,200,1,1,585,Wix,Spicy Girl Meal Prep LLC. | CATERING SERVICES,good,,2026-06-22T18:12:20+00:00
0b348d4f-0f9c-4ebd-a407-7011ee0098d6,200,1,1,70,,Home | Dragon Palace,good,,2026-06-22T18:12:20+00:00
ccfe158a-3127-4bd6-9805-7391a0371024,200,1,1,2983,WordPress,"Home - Burgerdog™ Napa, Food Truck, Catering, Burger, Burgerdog, Hot Dog Bills, Events, Fast Food, Hamdog,",good,,2026-06-22T18:12:20+00:00
c14d5e32-4ef6-43a8-957f-f63db4f410f3,200,1,1,350,,"Asian Cuisine in Napa, CA | (707) 258-2888 Dragon Valley",good,,2026-06-22T18:12:20+00:00
78fdfb53-69f2-4ba2-bb87-55c0db835f17,200,1,1,546,,Order Authentic Chinese Online | Chef Chen&#x27;s Chinese Restaurant - Pickup or Delivery Available,good,,2026-06-22T18:12:20+00:00
86250c22-9fdb-4a8e-af9d-47cade7ac3ba,200,1,1,403,,Lucky Garden - Online Ordering,good,,2026-06-22T18:12:20+00:00
9ad991b9-1926-41eb-8fe6-af328688035d,0,0,0,124,,,broken,connection failed,2026-06-22T18:12:20+00:00
4fb25e3f-6d3c-416e-a10d-0b868594be52,0,0,0,48,,,broken,connection failed,2026-06-22T18:12:20+00:00
3fcbfaee-7fcd-4d6c-8629-137ad292d253,200,1,1,1291,,RAJASLOT: Link Asli Situs Raja Slot JP Platform Slot777 Terpercaya,good,,2026-06-22T18:12:20+00:00
3ac5f027-0061-44fc-b722-a4ff82fa0064,200,1,1,425,,Order Authentic Chinese Online | Peking Restaurant - Pickup or Delivery Available,good,,2026-06-22T18:12:20+00:00
379f7b14-eead-4650-8a09-3edd108a4bc7,200,1,1,1173,Weebly,Churro Cookies For Shipping | Trini's,good,,2026-06-22T18:12:21+00:00
229afdf3-d285-4f3c-babc-7f5a990a8744,202,0,0,259,,,weak,,2026-06-22T18:12:21+00:00
0106b028-44d9-467c-897a-b87478d6cb14,200,1,1,1043,,Order Authentic Chinese Online | China Stix - Pickup or Delivery Available,good,,2026-06-22T18:12:21+00:00
603e5540-6925-4165-8709-d584924c8f29,200,1,1,485,Wix,Vacaville Chiropractor | Blue Ridge Chiropractic,good,,2026-06-22T18:12:21+00:00
145ee9d7-94a4-4591-a380-c58410ac929d,200,1,1,570,,"Amso Healthy Chiropractic - Chiropractic Chiropractor Chiropractors in Benicia, CA USA Amso Healthy Chiropractic - Chiropractic Chiropractor Chiropractors in Benicia, CA USA",good,,2026-06-22T18:12:21+00:00
a46c2358-3366-4cb5-89f4-1120f5d88639,0,0,0,114,,,broken,connection failed,2026-06-22T18:12:21+00:00
a80e845f-db72-4d98-bb7c-e073d8a5f3d3,429,0,1,164,,Just a moment...,broken,,2026-06-22T18:12:21+00:00
d613b52e-52da-4fdc-bfa2-79a456007792,200,1,1,419,,"Napa, CA Chiropractor | Chiropractor in Napa, CA | Yountville, CA Headaches | American Canyon, CA Neck Pai",good,,2026-06-22T18:12:21+00:00
2ffb4d3d-a61c-4553-97cb-7ac0cae4cd25,200,1,1,641,Squarespace,Mills Family Chiropractic,good,,2026-06-22T18:12:21+00:00
cc1477e1-3cfe-4e35-9a34-b8b27b70dab9,200,1,1,991,,Wah Sing | Mongolian BBQ &amp; Hot Pot,good,,2026-06-22T18:12:21+00:00
a0ef9ff7-213a-4c00-a0a3-fbbb1d846cb2,0,0,0,151,,,broken,connection failed,2026-06-22T18:12:21+00:00
e6857f1e-8a54-4bb1-b3ab-ac6b3b70d4f9,0,0,0,112,,,broken,connection failed,2026-06-22T18:12:21+00:00
f6a48e63-9a3d-4f63-a50b-843a928c5370,200,1,1,469,,"Thrive Chiropractic & Wellness - Chiropractor in Vacaville, CA US",good,,2026-06-22T18:12:22+00:00
cc124d94-fe4f-448e-8584-d929b1102fde,200,1,1,948,,Select a Location | Ramos &amp; Hatch Chiropractic,good,,2026-06-22T18:12:22+00:00
28d7d84f-71dc-4981-b2a5-26a2d0f6de44,200,1,1,935,Weebly,Home | Renew Health Chiropractic,good,,2026-06-22T18:12:22+00:00
44d3247d-47af-403d-aeb1-7806e8993f54,200,1,1,6243,GoDaddy,"Sparkly Ragz - Luxury Handbags, Boutique, Consignment",weak,,2026-06-22T18:12:22+00:00
c4a470e9-3b69-47da-a876-51ddb4da4808,200,1,1,734,Wix,Vaca Valley Chiropractic,good,,2026-06-22T18:12:22+00:00
61afbbd8-e20c-452a-a992-d12f14d58e24,0,0,0,110,,,broken,connection failed,2026-06-22T18:12:22+00:00
23ff9a47-a548-4044-84a8-5e074d993201,400,1,0,75,,,broken,,2026-06-22T18:12:22+00:00
e6a9274e-cdff-43bc-a251-1fd9190d944b,200,1,0,221,,,weak,,2026-06-22T18:12:22+00:00
66c150f4-3192-4322-b2ed-f16a258d2326,200,0,1,807,WordPress,Home - Aim Moda |,weak,,2026-06-22T18:12:22+00:00
378d70c8-fdc8-451e-b879-448c54461500,200,1,1,991,,Instagram,good,,2026-06-22T18:12:22+00:00
d6d68c4e-437c-4f78-bc72-c82706134260,200,1,1,735,Shopify,Barong and Formal &ndash; Barong &amp; Formal,good,,2026-06-22T18:12:23+00:00
937f80b1-648c-437d-a144-05372b3490f1,200,1,1,756,Shopify,Bobtail Apparel,good,,2026-06-22T18:12:23+00:00
bd710948-465a-49db-8fbc-5c686cfa6642,200,1,1,284,Shopify,OK Corral Western and Work Wear &ndash; Ok Corral Western and Work Wear,good,,2026-06-22T18:12:23+00:00
b5184978-f22f-4e1e-a87e-a83b7e23ca28,0,0,0,153,,,broken,connection failed,2026-06-22T18:12:23+00:00
c67b115c-58b7-4213-879c-6ae246ce7232,404,1,1,968,WordPress,Page not found | Apricot Lane Boutique,broken,,2026-06-22T18:12:23+00:00
15cf4394-3ced-49e0-9915-a887203345fe,403,1,0,44,,seatgeek.com,broken,,2026-06-22T18:12:23+00:00
ce2f5b68-0033-494d-a87c-38109e2b3441,403,1,1,31,,Just a moment...,broken,,2026-06-22T18:12:23+00:00
b6f97bfe-8f2e-4f25-a16a-a72cc6484e5a,200,1,1,222,,Sky & Vine Rooftop Bar in Downtown Napa | Archer Hotel Napa,good,,2026-06-22T18:12:23+00:00
49b40be5-c7f5-42d6-af49-33fcce62290b,200,1,1,2645,WordPress,Chiropractor in Napa,good,,2026-06-22T18:12:23+00:00
5f1fe7fc-70b5-436d-9e8e-ca4271841a5b,200,1,1,505,WordPress,Sleekmob &#8211; Streamline your style,good,,2026-06-22T18:12:23+00:00
269baa79-f6fc-4869-8e35-dfe25d7d89d7,200,1,1,870,,"Buys and Sells Teen Clothes &amp; Accessories at Plato&#x27;s Closet Vacaville, CA",good,,2026-06-22T18:12:23+00:00
90d29d23-f07c-4c9a-a20e-79d8adc93e23,200,1,1,1055,WordPress,Shop Full Width - M.H.G.,good,,2026-06-22T18:12:23+00:00
1f9bcdee-1c25-46f9-9642-153e59d14d6a,200,1,1,294,Squarespace,Deuces Market,good,,2026-06-22T18:12:23+00:00
21054ade-e2b6-47a6-b97c-07ec4589098a,0,0,0,106,,,broken,connection failed,2026-06-22T18:12:23+00:00
31296bfd-707e-45f7-941c-80918bcec004,200,1,1,827,Shopify,Van Heusen,good,,2026-06-22T18:12:24+00:00
b9b901b8-67a0-45ea-a774-8374dafdf307,200,1,1,946,Shopify,"Stephanie&#39;s Boutique Vallejo &ndash; Stephanie’s Boutique, Vallejo",good,,2026-06-22T18:12:24+00:00
d97f2f1b-a1ed-4414-b65d-8f72f343bc0f,200,1,1,279,Squarespace,Naysayer Coffee Roasters,good,,2026-06-22T18:12:24+00:00
7361ad28-6876-49f3-83a0-330636dbfc49,200,1,1,486,Wix,"DRIFT BENICIA | PIZZA AND COFFEE IN BENICIA | 366 1st Street, Benicia, CA, USA",good,,2026-06-22T18:12:24+00:00
cabee891-b790-43eb-bcd9-0eba209b98f5,200,1,1,244,,Paupaiz Coffee Napa Valley,good,,2026-06-22T18:12:24+00:00
cca3f9e4-5a1e-42b0-8204-3ffaaefb5644,200,1,1,617,Shopify,Attalus Coffee | Home &ndash; attaluscoffee,good,,2026-06-22T18:12:24+00:00
991bf5e7-43d2-4334-9a18-ca9e8b1638ba,200,1,1,322,Shopify,"Ohm Coffee Roasters - Napa Valley Coffee Beans, Events, Truck",good,,2026-06-22T18:12:24+00:00
90ad0c18-4efc-481f-bcfe-9ce6b20c048f,0,0,0,125,,,broken,connection failed,2026-06-22T18:12:24+00:00
de935398-dffc-46f8-9f15-bfeea331dd20,200,1,1,294,Squarespace,The Quarters Coffee House,good,,2026-06-22T18:12:24+00:00
3f710f00-7ea8-4d11-9354-9bee1d6351ec,0,0,0,38,,,broken,connection failed,2026-06-22T18:12:24+00:00
939e08e3-993d-4fbf-9097-bd2b5aca306d,200,1,1,313,Wix,Espresso | The Loony Bean,good,,2026-06-22T18:12:24+00:00
d448cddd-2dd2-43ff-9b79-652d5fea008c,200,1,1,411,Wix,"A Squared Construction, Inc. | Repair, Remodel, Build | Concord CA",good,,2026-06-22T18:12:24+00:00
a43df4a2-bda9-4676-8c39-726f0e43e00e,200,1,1,320,WordPress,Cello &amp; Maudru Construction,good,,2026-06-22T18:12:24+00:00
d8210135-81e3-4114-b70b-2fa01c1edbd9,200,1,1,669,Squarespace,Basil Construction,good,,2026-06-22T18:12:24+00:00
facc7a70-f768-466a-a466-2a6ae9449809,200,1,1,784,Wix,"Revival Coffee | Crockett Coffee | 1 Rolph Park Drive, Crockett, CA, USA",good,,2026-06-22T18:12:24+00:00
46758373-9cd8-4369-8ba9-ca500e6b1572,200,1,1,508,,Top Construction Services in Solano County by Chelu Build,good,,2026-06-22T18:12:24+00:00
c5d20e9c-6522-45ca-8630-56d27aececb8,200,1,1,168,Squarespace,Drop Works,good,,2026-06-22T18:12:25+00:00
0c686b18-95ad-4d82-a61b-5fcc8bc4d87a,0,0,0,174,,,broken,connection failed,2026-06-22T18:12:25+00:00
782aa92d-82f5-46c1-a716-b6b1156394cc,200,1,1,11327,GoDaddy,Salon Collective GV,weak,,2026-06-22T18:12:25+00:00
1913881a-b033-43a3-9043-e29ba9603978,0,0,0,104,,,broken,connection failed,2026-06-22T18:12:25+00:00
d769e9f9-af9e-4642-9bcd-ef3cc1dee380,200,1,1,3504,WordPress,"Chiropractor in Vacaville, CA | Victory Spine Center",good,,2026-06-22T18:12:25+00:00
431cbc9d-b50d-48d4-be60-382efaf4b096,200,1,1,568,GoDaddy,Diversified Power Corporation,good,,2026-06-22T18:12:25+00:00
a478c921-ace9-45d9-abee-d1631e9c1eba,200,1,1,287,Squarespace,Grassi &amp; Associates,good,,2026-06-22T18:12:25+00:00
7f421c18-ebae-4907-a1ec-f88ff8879d4f,200,1,1,404,Wix,GRID design build | New Home Architecture,good,,2026-06-22T18:12:25+00:00
cac9158d-a4fa-4ff2-a5ab-40da8c9af934,500,0,0,191,Drupal,Error | Drupal,broken,,2026-06-22T18:12:25+00:00
4924fb75-a0fc-4ac6-8569-951ed9212d5b,200,1,1,366,,"JDR Development Company — Luxury Home Builder & General Contractor, Napa Valley",good,,2026-06-22T18:12:25+00:00
55549314-0c01-4a6c-8817-7c6e5e958857,200,0,0,227,,,weak,,2026-06-22T18:12:25+00:00
fabbfc30-5532-4040-a955-464c2b85526f,0,0,0,40,,,broken,connection failed,2026-06-22T18:12:25+00:00
a484d07c-554b-486e-9315-5f9fbd505963,404,0,0,253,,SITE NOT FOUND,broken,,2026-06-22T18:12:25+00:00
754951b2-8eec-45b7-b659-e23cc93276dc,200,1,1,1684,Wix,Home | Rrags Cafe,good,,2026-06-22T18:12:25+00:00
361201ae-cd1a-411d-9db1-548d87d73326,200,1,1,303,,Shared IP,good,,2026-06-22T18:12:25+00:00
e59173b1-e9d6-4b3b-a6a9-f96d5de3084c,0,0,0,26,,,broken,connection failed,2026-06-22T18:12:25+00:00
94f9c701-e219-4c11-af19-daa89649fe1a,200,1,1,416,GoDaddy,VPCS | Van Pelt Construction Services,good,,2026-06-22T18:12:26+00:00
11eeacd5-340b-4775-bcee-bf570e7f59fb,404,0,0,245,,SITE NOT FOUND,broken,,2026-06-22T18:12:26+00:00
aa277104-a975-4ff3-a2f3-84614b98508f,0,0,0,27,,,broken,connection failed,2026-06-22T18:12:26+00:00
b6297c71-e5d8-47d6-b6c9-61681572defc,200,1,1,1011,,"Steel Building Erection Contractor: Quality Erectors & Construction, Inc.",good,,2026-06-22T18:12:26+00:00
06a7395e-1830-4e99-a352-a4bfbeed1346,0,0,0,110,,,broken,connection failed,2026-06-22T18:12:26+00:00
e07b7158-d706-4a8d-a867-884def759992,200,1,1,687,,Contractor 2.0,good,,2026-06-22T18:12:26+00:00
f707139f-7887-46ad-a5a0-1258ee21bd13,0,0,0,8,,,broken,connection failed,2026-06-22T18:12:26+00:00
73d31dba-ce66-4605-978f-771e432f3461,200,0,1,350,GoDaddy,HVAC Repair Service | Professional & Fast | Call (833) 687-2815,weak,,2026-06-22T18:12:26+00:00
c65e62d9-5e0a-43ab-a8d0-1c535fe9cf2a,202,1,0,307,,,weak,,2026-06-22T18:12:27+00:00
5b821e78-2bef-4867-bee3-371e7461dd19,200,1,1,8141,GoDaddy,"Professional Flooring Services in Fairfield, CA",weak,,2026-06-22T18:12:27+00:00
9c206d8b-da78-4607-9df5-96a1f0d7b707,200,1,1,435,Wix,Home | maxicrete,good,,2026-06-22T18:12:27+00:00
48ffe5af-4249-4c36-9d2e-56cd9e45c150,200,1,1,1007,WordPress,Mak Construction Services Inc. &#8211; We build your ideas,good,,2026-06-22T18:12:27+00:00
b69ae754-8e5b-4720-9ddc-9c7572f9421f,0,0,0,109,,,broken,connection failed,2026-06-22T18:12:27+00:00
1ec3f5af-7182-44c5-bd9a-b15eeea8873c,403,1,1,88,,Attention Required! | Cloudflare,broken,,2026-06-22T18:12:27+00:00
1987f0f2-f299-477f-bfb8-378674ef83f7,200,1,1,415,Wix,Cabinet | Napa Kitchen &amp; Bath | Napa,good,,2026-06-22T18:12:28+00:00
5fffad6e-af36-4804-aef4-ca1510fd0a13,200,1,1,323,,Home Remodeling Services | Penny Pinching Construction,good,,2026-06-22T18:12:28+00:00
715d3dd2-8140-4743-89eb-efa1b49f0486,200,1,1,2925,WordPress,Home - Knittel Construction,good,,2026-06-22T18:12:28+00:00
0fb0cda1-d604-4836-a962-a737a4ecab26,403,1,1,166,,Something's Wrong Here,broken,,2026-06-22T18:12:28+00:00
8c44f32b-5e37-41d2-bcfe-0e1ba366a5b4,200,0,1,515,,Concrete Construction Specialist - R & R Maher Construction Co,weak,,2026-06-22T18:12:28+00:00
1f64081f-803a-45d4-8f2d-f68594d14aa0,200,1,1,952,WordPress,"Petrochem &#8211; Insulation, Scaffolding, Metal Structures, and Painting &amp; Coatings",good,,2026-06-22T18:12:28+00:00
3e48d90c-a1c8-4654-8e1d-2c949ce8841f,200,1,1,199,Squarespace,ruizconstructionservices.com,good,,2026-06-22T18:12:29+00:00
004b5991-d343-4ca4-8d5f-90488d10623c,200,1,1,332,Wix,"Seismocon - AI-Powered Earthquake Monitoring for Homes, Bridges, and Infrastructure",good,,2026-06-22T18:12:29+00:00
01479a13-9ffa-4d0a-9827-c2316efb08ab,200,1,1,3286,,"DESIGN SHOWCASE - Project Photos &amp; Reviews - Napa, CA US | Houzz",good,,2026-06-22T18:12:29+00:00
2adcb9e8-b682-4df0-afc8-cc8176f0a240,200,0,1,458,,"Home - Taj Construction, Inc.",weak,,2026-06-22T18:12:29+00:00
35edf2c9-762a-4711-8283-53b85bbd5f8e,0,0,0,168,,,broken,"ssl: HTTPSConnectionPool(host='transformations-by-tiffany.com', port=443): Max retries exceeded with url:",2026-06-22T18:12:29+00:00
4499451e-e2d0-447a-9675-b74ee5e79747,200,1,1,504,,Top One Coatings | Garage &amp; Floor Coatings,good,,2026-06-22T18:12:29+00:00
a023bb4b-9f13-4f63-8c27-34720507d27c,200,1,1,5529,GoDaddy,CAZA General Construction LLC,weak,,2026-06-22T18:12:29+00:00
cf6a5ccb-02ae-4b2d-9efe-5339b054653d,200,1,1,574,,"Vallejo Wastewater, CA | Official Website",good,,2026-06-22T18:12:30+00:00
dd728212-f81c-4dd5-ae72-86993faee9f3,0,0,0,15166,,,broken,connection failed,2026-06-22T18:12:30+00:00
f2df9d8d-4b5b-491a-89e7-9f5e918e1444,200,1,1,10125,GoDaddy,"Empress M - Chinese Food - Napa, California",weak,,2026-06-22T18:12:30+00:00
49fe62d1-3179-48d8-8c42-94c5255bc25f,200,1,1,5152,WordPress,Silvermark Luxury Homes and Custom Construction Services,weak,,2026-06-22T18:12:30+00:00
68c94110-dcb8-4c9c-96d3-8c21a630261b,202,0,0,185,,,weak,,2026-06-22T18:12:30+00:00
c54e8a48-aa68-43d7-80ce-e8b2a91d40db,200,1,1,1044,Shopify,,good,,2026-06-22T18:12:30+00:00
257c8f99-382d-46da-a973-d5eec69a421f,200,1,1,1103,WordPress,ZV Construction - Custom Remodeling and Home Upgrades,good,,2026-06-22T18:12:30+00:00
fedbb59f-9155-4288-9a9b-60256a61eb84,200,1,1,329,Squarespace,BevinsLaw PC | Seek Expert Legal Defense Today,good,,2026-06-22T18:12:30+00:00
8453d3ea-241d-400f-bd9a-a07b2fd0fb5d,200,1,1,642,,Fairfield Criminal Defense Lawyer | Maas and Russo,good,,2026-06-22T18:12:31+00:00
3b64fdb6-081e-458d-bbc5-902cb1c609e6,200,1,1,877,WordPress,"Laina T. Chikhani - Laina T. Chikhani, Attorney at Law",good,,2026-06-22T18:12:31+00:00
766fd3d3-c7c6-4244-98fe-c33223dc9086,200,1,1,2163,Webflow,"All-In-One Salon, Spa &amp; Medspa Software | GlossGenius",good,,2026-06-22T18:12:32+00:00
e571239b-8b78-4ac6-bb52-a677624fd53b,200,1,1,1700,WordPress,"Peña Adobe Dental Advanced Implant and Cosmetic Dentistry in Vacaville, CA",good,,2026-06-22T18:12:32+00:00
ec3eda99-e032-4a8f-9f72-29e367f41d3d,200,1,1,681,Wix,Raphael Law - Napa Criminal Defense Attorney,good,,2026-06-22T18:12:32+00:00
5f24c4ed-9ef1-4a70-8e22-31faf278d629,0,0,0,30,,,broken,connection failed,2026-06-22T18:12:32+00:00
1633a847-bf8e-4c6c-a781-9d022253555f,200,1,1,574,,"Fairfield Criminal Defense Lawyer | The Maher Law Group, APC",good,,2026-06-22T18:12:32+00:00
3718f7b4-9968-45eb-8f7d-4e18edfa9897,0,0,0,38,,,broken,connection failed,2026-06-22T18:12:32+00:00
fdbfd86b-18ef-46cc-ab86-cd0ef3c632ab,0,0,0,102,,,broken,connection failed,2026-06-22T18:12:32+00:00
b5a8e66a-e96b-479f-8fed-f7c47f5af13a,403,0,1,55,,CloudFlare Error Type 1000,broken,,2026-06-22T18:12:32+00:00
70b06a6a-8740-45ac-afe1-213a3db4fad3,200,1,1,203,,Your childâs happy place!,good,,2026-06-22T18:12:32+00:00
efac9c62-9a1c-4511-9570-a293ed81e00a,200,1,1,3183,WordPress,Trendy Bathroom Remodel Works| Bathroom Remodeler | Vacaville CA,good,,2026-06-22T18:12:32+00:00
b60da767-ea99-4257-a65c-644da5834919,200,0,0,80,,,weak,,2026-06-22T18:12:32+00:00
7ac38c3b-4a36-4165-b181-60272b14c881,200,1,1,413,WordPress,My Little Orchard &#8211; A Place Where I Can Grow,good,,2026-06-22T18:12:32+00:00
eda817eb-4197-4c0b-b904-1939e8a0ba25,200,1,1,616,,"Blue Bear Home Childcare - Vacaville, CA - Wonderschool",good,,2026-06-22T18:12:32+00:00
3d8cb4f6-a3b2-444a-b9bb-56aeee60cffc,200,1,1,394,WordPress,"Preschool Napa | Affordable, Play-Based Childcare | PDS Napa",good,,2026-06-22T18:12:32+00:00
899cee4e-d7c8-4601-b0a3-980efe162f6d,200,1,1,7672,GoDaddy,"Johnston Engineering: Expert Contractors in Napa, CA",weak,,2026-06-22T18:12:32+00:00
6f4507c9-7c17-4aaa-8b93-b080407bc9c0,202,0,0,144,,,weak,,2026-06-22T18:12:32+00:00
bec07126-1cd3-4ec1-9ae5-fc700459293f,404,1,1,614,Wix,,broken,,2026-06-22T18:12:33+00:00
9812ec00-e85b-4f05-bdce-17ced5549af1,200,1,1,500,,"Clinical Skin Care | Fairfield, CA | BeautyByBenicia",good,,2026-06-22T18:12:33+00:00
f12803cb-769c-4bf7-85c2-eadfe3270355,404,0,1,433,,Domain Not Configured,broken,,2026-06-22T18:12:33+00:00
ee66d7dd-fae0-4264-8427-04edcadeb0dd,200,1,1,433,,Fairfield/Vacaville Wellness Spa | Massage &amp; Facials,good,,2026-06-22T18:12:33+00:00
00ee4907-6e5d-4c16-b42a-2fa654658354,200,1,1,8873,GoDaddy,DRH Construction - Trusted Renovation &amp;amp; Construction Experts,weak,,2026-06-22T18:12:33+00:00
2c42f527-4aa0-4676-8cc2-602d44a38d2d,200,1,1,696,,Monarch Skin Studio,good,,2026-06-22T18:12:33+00:00
e97d762e-cd85-4bcc-90bc-13347a507c10,200,1,1,663,,"Sophia Evon Dayspa | Health &amp; Beauty in Vacaville, CA",good,,2026-06-22T18:12:33+00:00
6db3e2ca-161c-41ce-a667-d468035db53d,200,1,1,520,GoDaddy,Buy bighdeli.com – Premium Expired .com Domain on GoDaddy | ExpiredDomains.com,good,,2026-06-22T18:12:33+00:00
e369f90f-857f-455b-89bb-a0a23ac12474,200,1,1,183,,"Home - Dominics Original Genova Delicatessen in Napa, CA",good,,2026-06-22T18:12:34+00:00
26c9957d-46bb-4c3e-bdf8-f8ebb1b21c48,200,1,1,734,Wix,Home | Annie's Lunch Box,good,,2026-06-22T18:12:34+00:00
e505e95b-debb-4e2d-a7e7-0f4593f00cae,200,1,1,491,,Diggers Deli,good,,2026-06-22T18:12:34+00:00
74733f98-2071-4bb3-a228-f7423bf6997d,200,1,1,141,,"Menus | Loveski | A Jew-ish Deli in Napa, CA",good,,2026-06-22T18:12:34+00:00
ced74e7f-6662-4d30-adaf-e4b9bf39c22f,200,1,1,917,,West Coast Beauty Co.,good,,2026-06-22T18:12:34+00:00
a4f17e77-7687-4817-a9f3-e099a40fdb75,200,1,1,3991,Wix,Simple Sophistication: Luxury tallow skincare &amp; cosmetics | Clean &amp; Natural beauty,good,,2026-06-22T18:12:34+00:00
be47e409-9fe7-4829-ada8-b9881b89265d,200,1,1,8091,GoDaddy,Goldenbay-Painting,weak,,2026-06-22T18:12:34+00:00
cadbc3e5-d78b-4785-8728-1fd1ffd95775,0,0,0,299,,,broken,connection failed,2026-06-22T18:12:34+00:00
f768870b-75dc-4f9d-980c-9df0d1f0764a,404,1,1,194,Wix,,broken,,2026-06-22T18:12:34+00:00
114bc374-21e5-43bb-ae43-671340942e8e,200,1,1,186,GoDaddy,"Sprankle&#x27;s Village Deli - Sandwiches, Deli",good,,2026-06-22T18:12:34+00:00
4d6aac39-546e-4c76-bca8-9c789153bb1c,200,1,1,361,Squarespace,Alamo Smiles,good,,2026-06-22T18:12:34+00:00
0c15a14b-f83c-47f3-a08e-fab64379cc81,200,1,1,456,Wix,All Smiles Dental inc | dentist Vacaville CA | dentist near me,good,,2026-06-22T18:12:34+00:00
1aa1ccb6-89d3-47fe-b788-4d1e9b15c706,200,1,1,310,Squarespace,Benicia Bay Dental,good,,2026-06-22T18:12:34+00:00
75f672b3-5055-4a22-9a49-16be715b6bd6,200,1,1,519,,Dental Board of California,good,,2026-06-22T18:12:34+00:00
0403a649-6e81-4571-b1b5-a68e11c64ed0,403,1,1,3909,,Just a moment...,broken,,2026-06-22T18:12:34+00:00
bed86b9c-e96a-4c82-b501-6db6b960e370,200,1,1,690,WordPress,Dental Care American Canyon | Dentist American Canyon CA,good,,2026-06-22T18:12:34+00:00
a76b31ff-1a3a-45dd-a9c7-8ca4da779d9e,200,0,0,417,,"Benicia Dental Care - Jerry Gapay, DDS | Benicia, CA Dentistry",weak,,2026-06-22T18:12:34+00:00
ca2fc991-60d0-4dc0-a592-4d10a1e836bf,200,1,1,7650,GoDaddy,MCM Building - Quality Construction in Rio Vista,weak,,2026-06-22T18:12:34+00:00
821595f2-ed2c-42b0-bd91-e0a4c8207fbc,200,1,1,455,GoDaddy,Emergency Dental Service | Professional & Fast | Call (888) 643-0461,good,,2026-06-22T18:12:35+00:00
9fdce197-8193-4d17-b230-089105ece5bb,200,1,1,2450,,Caritas spa - Fairfield CA | Vagaro,good,,2026-06-22T18:12:35+00:00
8641faf2-74f7-452a-b69f-d7f92055b379,200,1,1,571,Webflow,"Dentists in American Canyon, CA | Affordable Dental Care",good,,2026-06-22T18:12:35+00:00
b025ad09-dcfd-4995-b640-ebe4405d63ce,200,1,1,622,WordPress,California Dental Care Home - California Dental Care,good,,2026-06-22T18:12:35+00:00
454634fe-552e-4e12-851f-295478cd4e05,200,1,1,329,Wix,"Diamond Dental Hygiene | teeth cleaning | 855 Marina Bay Parkway, Richmond, CA, USA",good,,2026-06-22T18:12:35+00:00
876f2d8c-84fa-425b-88cd-c118c185fd26,200,1,1,483,GoDaddy,"Erica Conway, DDS : Napa, California Dentist",good,,2026-06-22T18:12:35+00:00
024b8d0e-bc69-46c7-899f-678444feb983,200,1,1,607,WordPress,About Us | Chaney Family Dental Group,good,,2026-06-22T18:12:35+00:00
658cba60-f45a-4131-a7d2-7c0efb6879f3,0,0,0,40,,,broken,connection failed,2026-06-22T18:12:35+00:00
cbd13f50-6f4c-4397-95fb-8c0f2c5797e1,202,0,0,199,,,weak,,2026-06-22T18:12:35+00:00
f14d5070-3f41-43e7-9f88-26c6b13a3681,200,1,1,136,Webflow,"Mosley Julius Ii Dds, Dentist, 2750 N Texas St Ste 340",good,,2026-06-22T18:12:35+00:00
38aa960d-075d-4d5a-a954-2d6748f99a94,200,0,0,360,,,weak,,2026-06-22T18:12:35+00:00
33e43a05-65e4-4e4f-bc98-ba09caf2e416,0,0,0,111,,,broken,connection failed,2026-06-22T18:12:35+00:00
fb502a5d-d21f-452c-aa1a-f0b85f9225f0,200,1,1,762,WordPress,Trusted Dentist in Napa - Napa Valley Dental Group,good,,2026-06-22T18:12:35+00:00
a0aa232a-335b-4457-bbab-1bd797fc5225,200,1,1,193,WordPress,"Endodontist in Vallejo & Fairfield, CA",good,,2026-06-22T18:12:35+00:00
ebb7fdcb-9d41-4a89-9cff-4ec5b366cb45,200,1,1,476,Webflow,Abrew Dentistry - Healthy Smiles for Life,good,,2026-06-22T18:12:35+00:00
e989ef4a-c479-4ef2-9661-47764495d128,200,1,1,1835,WordPress,"Napa Valley CA Dentist | Vallejo Emergency Care, Dental Implants | 94558",good,,2026-06-22T18:12:36+00:00
e92ded41-d790-4663-9cd9-c99be45a79e0,200,1,1,526,WordPress,Dentist Fairfield CA - Family Dentist | Freedom Dental,good,,2026-06-22T18:12:36+00:00
6736cfde-74f7-4707-b6b6-3887ea02560c,200,1,1,425,Wix,"Healthy Smile Dental - Megha Jadhav, DMD",good,,2026-06-22T18:12:36+00:00
17160e20-e82d-486d-b7f7-745d30771309,200,1,1,149,Webflow,"Napa Dental Art, Dentist, 1544 Jefferson St",good,,2026-06-22T18:12:36+00:00
991125ef-4fa1-400d-a14d-1e96667ddc9b,200,1,1,330,,"Jacquelyn N Averett DDS | Dental Care | Fairfield, CA",good,,2026-06-22T18:12:36+00:00
5e2db97e-5043-40bd-8ae8-fee9fc84cbb3,200,1,1,1608,WordPress,"Dentist in Vacaville, CA - Blue Ridge Family Dental",good,,2026-06-22T18:12:36+00:00
5875dfe3-b4d2-47a6-a5a4-636ccf46c184,0,0,0,122,,,broken,connection failed,2026-06-22T18:12:36+00:00
e059a33a-dc3e-42d3-8256-a1df6acdf611,200,1,1,271,,"Dentist Near Me in Napa, CA | Kenneth J. Bevan DDS",good,,2026-06-22T18:12:36+00:00
bd8be2fb-e77a-48c2-89ee-668a200d678d,404,0,0,270,,,broken,,2026-06-22T18:12:36+00:00
840dbea3-2419-4f65-8edc-371b83faa079,200,1,0,986,,"Smile Tenders Dentistry Benicia and Vallejo, California",weak,,2026-06-22T18:12:36+00:00
6c868e04-b448-4a93-b0ab-7398718647af,200,1,1,1035,,Encore Dental at Napa - Welcome,good,,2026-06-22T18:12:36+00:00
a2907098-1980-457c-83e3-f6e7302768ba,200,1,1,686,,Janet B Cubol | Home in Vacaville,good,,2026-06-22T18:12:36+00:00
52bf53d1-daf1-4fa9-8dd7-c470abcdbaf5,0,0,0,0,,,broken,connection failed,2026-06-22T18:12:36+00:00
ba14caff-2b2c-4e5e-ae8e-c66717a17085,200,1,1,446,,"Mora Family Dentistry - We aim to render high quality oral health care in our humanistic, family-oriented dental practice. We take a multidisciplinary approach to diagnosis and treatment, providing a ",good,,2026-06-22T18:12:36+00:00
2070d30b-4d4d-493d-9ee3-786d6e463e32,200,1,1,187,,Local Dentist Office in Vacaville CA | Nut Tree Smiles Dentistry,good,,2026-06-22T18:12:36+00:00
bf962706-04c0-47e2-98c7-d8a4f71e38e4,200,1,1,422,WordPress,Trusted Dentist in Napa - Napa Valley Dental Group,good,,2026-06-22T18:12:36+00:00
de21b447-0f04-4b5b-aafd-df76da0004ed,200,1,1,429,,Napa Dentist | Dentist in Napa | Dentist Napa - Redwood Dental,good,,2026-06-22T18:12:37+00:00
d05de7a3-0ee5-4053-94eb-d6266b286212,200,1,1,773,,"Dentist in Napa CA, Cosmetic Dentistry, Smile Makeover 94558",good,,2026-06-22T18:12:37+00:00
a297df3b-a3f6-4f7f-905c-2e9c10c5f297,200,1,1,231,,Solano Smile Dental,good,,2026-06-22T18:12:37+00:00
e3d85f7f-e160-4653-9537-6123de654efe,200,1,1,4136,WordPress,"ZenTerra Spa | Luxury Massage &amp; Facial Spa in Winters, CA",weak,,2026-06-22T18:12:37+00:00
c6b4e216-c72a-4181-9b93-bfd4903f5464,200,1,1,810,,Fairfield CA Dentist | Scott Hicken DDS | | North Bay Dental | Cosmetic Dentistry,good,,2026-06-22T18:12:37+00:00
077e6f99-8b78-4ea4-bab2-c12dc621be37,200,1,1,966,WordPress,Napa CA Dentist - Dr. Rolinda Harsany,good,,2026-06-22T18:12:37+00:00
1ff6a67f-24f5-4a99-9f88-e9d4721a995f,200,1,1,346,WordPress,Home - Suisun City Dental,good,,2026-06-22T18:12:37+00:00
ccfa9246-4ce8-497f-9f4f-e66468cb5e87,200,1,1,1420,,Fairfield CA Dentist | Scott Hicken DDS | | North Bay Dental | Cosmetic Dentistry,good,,2026-06-22T18:12:37+00:00
a5bb4dfe-b5e0-43d2-859d-3765b99d84af,200,1,1,434,,Dental Board of California,good,,2026-06-22T18:12:37+00:00
9740434d-89d9-4272-b692-37d5646cbf47,200,1,1,2261,WordPress,"Oral Surgery & Dental Implants in Fairfield, CA | Dental Specialists",good,,2026-06-22T18:12:37+00:00
b71ffdfe-97fe-4c2f-8e63-8f578731ea5c,200,0,1,953,Squarespace,Smiles of Winters,weak,,2026-06-22T18:12:37+00:00
ae59828f-e94d-4f34-92cc-aa8f11f8d92f,200,1,1,310,WordPress,Vacaville Dentist - Family &amp; Cosmetic | Vacaville Dental Professionals,good,,2026-06-22T18:12:38+00:00
4e40354e-b777-48d3-898b-c949b8897ef4,200,1,1,406,WordPress,"Dentist in Napa, CA | Local Dentist Valley Harvest Dental Care",good,,2026-06-22T18:12:38+00:00
0f91b068-14fe-4ed9-8a30-9f85a380decb,200,0,0,467,,"Napa Family Dentist | Hassan Taheri, DDS | Napa Vintage Dental Care",weak,,2026-06-22T18:12:38+00:00
a8694243-3d4b-4067-a176-87158d50615b,200,1,1,324,Webflow,"Dentist in Napa, CA | Yarris Family Dental",good,,2026-06-22T18:12:38+00:00
00bfd079-7bde-4b92-8bc1-747a0576735f,200,1,1,10260,GoDaddy,PRO-CRETE BUILDERS,weak,,2026-06-22T18:12:38+00:00
f838abf7-7302-4f08-9caf-6ca8951a0d48,200,1,1,393,,88 Bao Bao - Vacaville | Online Ordering | 1637 EAST MONTE VISTA AVE | VACAVILLE | (707) 474-5602,good,,2026-06-22T18:12:38+00:00
639e89a3-039e-46f4-9215-3e81ebf7ad02,200,1,1,583,,Babs Delta Diner | Online Ordering,good,,2026-06-22T18:12:39+00:00
829abf6e-8524-4479-ad36-9249a40599ed,200,1,1,368,WordPress,Home - Patio29 Spirits Company,good,,2026-06-22T18:12:39+00:00
739ff866-6805-4b27-acbf-ad49f43dd20a,200,1,1,781,GoDaddy,The Original Mels Diner and Home of American Graffiti,good,,2026-06-22T18:12:39+00:00
b11a65d8-9f4a-418d-aaf2-2e5fe72f3ec3,200,1,1,1047,WordPress,Wine Country Dermatology &#8211; by Dr. Brent Loftis,good,,2026-06-22T18:12:39+00:00
f9aec8d2-4f66-4b13-9f0c-2fd0b7dee750,200,1,1,89,,Walnut Creek Divorce Lawyer | Contra Costa County Family Law Attorney | Bay Area Family Law Center,good,,2026-06-22T18:12:39+00:00
3b765906-a8c6-426e-9e2a-d255a7fa06ba,200,1,1,473,Shopify,Redwood Empire Whiskey - Distillery Tours &amp; Experiences,good,,2026-06-22T18:12:39+00:00
53a7adac-ad07-4b83-aa3d-36956f9fe18e,200,1,1,2742,WordPress,"Smile Country Dental — Dentist Napa, Dentist Santa Rosa",good,,2026-06-22T18:12:39+00:00
eacbd710-14b6-46ab-abe4-f55d86a23fd5,404,1,1,325,WordPress,Page not found - Foursquare,broken,,2026-06-22T18:12:39+00:00
ec34906f-372c-4d27-a608-2ba5fed9c6c9,0,0,0,175,,,broken,connection failed,2026-06-22T18:12:39+00:00
35602033-0140-4560-a13b-5efdd5f269e7,202,0,0,362,,,weak,,2026-06-22T18:12:39+00:00
459cdd9b-f2ae-4b64-835d-8c9459fd8a82,200,1,0,666,,,weak,,2026-06-22T18:12:39+00:00
b95d963e-f8a0-4e4b-93cd-22485ba86c51,0,0,0,107,,,broken,connection failed,2026-06-22T18:12:39+00:00
04d2c757-680b-45b7-831c-02596fb22444,200,1,1,325,GoDaddy,BeniciaLegal.com is for sale | HugeDomains,good,,2026-06-22T18:12:39+00:00
f0d13c73-923b-4279-9a9d-7edad2cb0d3d,0,0,0,114,,,broken,connection failed,2026-06-22T18:12:39+00:00
1645dfc8-9d29-45b4-9906-47e86521ece8,0,0,0,39,,,broken,connection failed,2026-06-22T18:12:40+00:00
b2e0a64f-8c5d-4ba4-ad43-7ad4b1ab05bc,200,0,1,223,,NexGen K9 Training - Dog Training and Behavior Modification & Police K9 Training in the San Francisco Bay Area and Beyond,weak,,2026-06-22T18:12:40+00:00
b58fbb40-2a11-401e-879c-d630a5dd5d76,200,0,0,322,,Untitled,weak,,2026-06-22T18:12:40+00:00
23a0f029-4ad8-47dc-83d8-ed6e879cd3f6,200,1,1,2707,WordPress,"Expert Family Dentistry in Fairfield, CA | Valle Smiles",good,,2026-06-22T18:12:40+00:00
fc1eaf16-2a56-48b3-881d-d21b3e4d9e87,200,1,1,598,WordPress,"Best Driving School Vacaville, CA | Driving School Near Me",good,,2026-06-22T18:12:40+00:00
faa7cace-6429-4827-8077-b0d7f5bff638,200,1,1,736,Wix,Dog Training | Pinnacle Pup Dog Training | United States,good,,2026-06-22T18:12:40+00:00
185ddc19-571c-443e-ab2b-9b92ffd159ac,0,0,0,35,,,broken,connection failed,2026-06-22T18:12:40+00:00
4fdcf144-497d-4eb7-aaff-2384e99c9cf9,200,1,1,782,,"Community Services - Benicia, California",good,,2026-06-22T18:12:40+00:00
d363b2d3-8f91-484c-8276-b80f5141fbc3,0,0,0,101,,,broken,connection failed,2026-06-22T18:12:40+00:00
45417c05-8e97-4bb2-bbad-41d883c4e1f1,200,1,1,335,,"Benicia News, Breaking News in Benicia, CA",good,,2026-06-22T18:12:40+00:00
a7a78765-c84b-4016-864b-3039871d1bb4,403,1,1,202,,DNS points to prohibited IP | caseelectric.co | Cloudflare,broken,,2026-06-22T18:12:40+00:00
573f2e4e-f8ac-49f2-9092-ae0ac06fdaf8,200,1,1,429,Squarespace,Caro Electric LLC | Explore Reliable Electrical Solutions,good,,2026-06-22T18:12:41+00:00
4d9c3193-7dab-4cce-b886-9edd8956d6b3,200,0,0,108,,,weak,,2026-06-22T18:12:41+00:00
2475a1f8-6a24-4887-b9e8-7a47952fec94,200,1,1,410,WordPress,"Napa Electrician, MEL Electric Inc - Check out our prices and projects",good,,2026-06-22T18:12:41+00:00
8512de23-ba14-4982-b23d-b3c8425fbd6a,0,0,0,727,,,broken,connection failed,2026-06-22T18:12:41+00:00
85029076-472d-4d45-913b-1de05ac88cc7,404,1,0,526,Squarespace,Squarespace - Website Expired,broken,,2026-06-22T18:12:41+00:00
d68b062a-500d-4c9d-b74e-e990f3f6824a,200,1,1,477,GoDaddy,Aerial Photo Media,good,,2026-06-22T18:12:41+00:00
d2572e7b-c548-4514-9e4a-d16681e4bb41,403,0,1,199,,Just a moment...,broken,,2026-06-22T18:12:41+00:00
9049fcba-50bd-4416-a73d-b1233b6374bf,200,1,0,566,,"Gregory Made Photography, LLC",weak,,2026-06-22T18:12:41+00:00
b468acec-2875-45e9-ba83-17628c6ca9ba,403,0,1,94,,Just a moment...,broken,,2026-06-22T18:12:41+00:00
b1ade591-dd43-4302-888c-2b933fe5e160,0,0,0,40,,,broken,connection failed,2026-06-22T18:12:41+00:00
2f2f6f73-1c0f-4944-9dd9-9bd75d931c62,200,1,1,2654,WordPress,HOME - Birnbaum Family Law,good,,2026-06-22T18:12:42+00:00
dd1b27fe-293a-4626-81bf-ad1543b2261e,200,1,1,255,,Commercial Spaces with Free Rent &amp; No Fees | Solano Hub,good,,2026-06-22T18:12:42+00:00
bb829939-d6e0-4785-99b3-0284939efe03,200,1,1,275,Squarespace,Davis Coworking | Flexible Workspaces &amp; Meeting Rooms Near UC Davis,good,,2026-06-22T18:12:42+00:00
5ea61f0b-97b2-4a3e-94c8-e748cf8ba1d5,200,0,0,354,,,weak,,2026-06-22T18:12:42+00:00
d03360aa-cff9-406e-b9cc-d29ad7731670,200,1,1,780,,Belle Vie Estate — Private Waterfront Wedding Venue,good,,2026-06-22T18:12:42+00:00
31c02663-592b-4f4e-8192-4a89ac5e1363,200,1,1,2183,WordPress,Fairfield County Central - Since 2009 - As local as it gets!,good,,2026-06-22T18:12:42+00:00
4ac26986-525b-4216-838f-5686b20f5264,404,0,0,209,,Site is not available,broken,,2026-06-22T18:12:42+00:00
190547cd-31cb-48a9-8c38-820eb73fc410,200,1,1,4854,WordPress,Home &bull; Wong Family Dental,weak,,2026-06-22T18:12:42+00:00
560d0b8b-cfe3-491d-ab5b-c1cf0c8a1f94,409,0,1,177,,DNS resolution error | jeffersonstreetmansion.com | Cloudflare,broken,,2026-06-22T18:12:42+00:00
d6e08be0-8167-443a-86c1-7d00ee368c00,200,1,1,5383,WordPress,Home - True Health Dental,weak,,2026-06-22T18:12:43+00:00
20a518cb-36b7-4d06-aa35-e255cbe2dd45,200,0,1,881,WordPress,Home | Flamingo Banquet Hall,weak,,2026-06-22T18:12:43+00:00
081b8adb-f2b0-42ce-ba66-6df8d7e4647e,200,1,1,410,Wix,marina event center,good,,2026-06-22T18:12:43+00:00
eb12cea8-3ce4-4c8b-8e4f-16f6cece9254,200,0,0,270,,"OnSite Exhibitor Service | Napa, CA 94558",weak,,2026-06-22T18:12:43+00:00
1c2a3e69-82c5-4cca-9f93-aa100f602e56,200,1,1,608,Squarespace,Wedding Planner and Celebration Of Life Event Planner based in Napa California | Lovely Day Events,good,,2026-06-22T18:12:43+00:00
d83e0f33-624d-4223-ae07-c9713dc92ac1,200,1,1,404,,"Your New Favorite Party Scene | Napa Valley, CA",good,,2026-06-22T18:12:43+00:00
e6865a40-cd82-4144-a8ed-d8a51ddd5f9f,200,1,1,340,,Sunrise Banquet Hall &amp; Event Center - EVENT REQUEST,good,,2026-06-22T18:12:43+00:00
581c3ac5-e60d-4fe5-87b6-0303b9a8d8cd,200,0,0,837,,,weak,,2026-06-22T18:12:43+00:00
7ecbdaf5-e1a3-4d62-a659-98161e0ab3ac,403,0,1,82,,Access Denied,broken,,2026-06-22T18:12:43+00:00
f761d459-b046-42c1-9a74-8d39569da673,0,0,0,82,,,broken,"ssl: HTTPSConnectionPool(host='www.touchofelegancedecorca.com', port=443): Max retries exceeded with url:",2026-06-22T18:12:43+00:00
f40f2e5a-8089-43d8-88f4-b72b4f4b1f12,200,0,1,203,Squarespace,The Barn at Green Valley,weak,,2026-06-22T18:12:43+00:00
12c81914-a98e-41e6-aa48-42792150701f,0,0,0,41,,,broken,connection failed,2026-06-22T18:12:43+00:00
2dedbe1f-391c-4d15-8a53-b234958ebb44,404,1,1,293,,"Modern Event Space: The Overflow, Fairfield, CA | Event | Peerspace",broken,,2026-06-22T18:12:44+00:00
de1486d5-87b0-4a27-a156-ee61acfcf1b5,200,1,1,258,GoDaddy,Home - Napa Grange #791 Venue,good,,2026-06-22T18:12:44+00:00
a8fff104-e10a-4f9a-a2f6-aa3b5f6d9a5b,200,1,1,3427,WordPress,K Butler Electric,good,,2026-06-22T18:12:44+00:00
0a2033ce-8184-40cd-95ef-44c8899ba55f,200,0,0,268,,,weak,,2026-06-22T18:12:44+00:00
c854670c-9683-4447-9991-b927d70ecef0,403,1,1,35,,Just a moment...,broken,,2026-06-22T18:12:44+00:00
6f427037-29df-46e1-9ce6-db09c533fa16,200,0,1,168,,Cabalen Cuisine,weak,,2026-06-22T18:12:44+00:00
84f1729f-8186-4ad0-863e-c570db44de65,200,1,1,8075,GoDaddy,Dental Implants Napa - Napa Dental Implant Center,weak,,2026-06-22T18:12:44+00:00
59cbf87a-877c-4847-a11f-9ff070f3665e,200,1,1,382,,TFSA,good,,2026-06-22T18:12:44+00:00
a95dc083-70de-4e56-bc29-bf4c41388e7b,200,0,0,291,,,weak,,2026-06-22T18:12:44+00:00
a45d4565-5da9-490d-ad19-474fa1fd2009,200,1,1,8534,,"American Canyon Laser Dentists | Marina Encore Dental | Drs. Cabugao, Castro, Duquette and Belusko",weak,,2026-06-22T18:12:44+00:00
8ee6b132-4057-46ec-90bd-11c9e876a380,200,0,0,210,,,weak,,2026-06-22T18:12:44+00:00
901ae683-beff-42b3-8add-85578dfa882e,200,1,1,386,,KO Performance,good,,2026-06-22T18:12:44+00:00
600dc27f-4ec7-4eb2-b3be-78cea0cb40e2,200,1,1,375,Wix,Experience the Magic of Angel Heart 4 You,good,,2026-06-22T18:12:44+00:00
b29da8b9-defd-4de3-b411-a7a4df2082d6,200,1,1,2109,Wix,Home | Moves Space Collecti,good,,2026-06-22T18:12:44+00:00
c0921e9d-d15c-47b3-b16c-0b689a22d6b9,200,0,1,211,Squarespace,Warehouse Cafe,weak,,2026-06-22T18:12:44+00:00
c39282d6-79bd-4dc3-b6ea-f2e7298738df,200,1,1,1658,Wix,"Sage Hall and Garden | Venues near me | 1922 Broadway, Vallejo, CA, USA",good,,2026-06-22T18:12:44+00:00
6698fe62-9b7d-43b4-9d3f-cb4ff9fdcf4c,200,1,0,342,Shopify,Gifts from Chef Thomas Keller&#39;s Restaurants and Bakeries,weak,,2026-06-22T18:12:45+00:00
5859d768-c05c-47d4-a108-43a58a399685,200,1,1,515,Shopify,"Camino - Gifts, Goods, + Curated Vintage",good,,2026-06-22T18:12:45+00:00
4b4bdbdb-4653-4e65-9c59-62446b5ff5ca,403,1,0,270,,403 Forbidden,broken,,2026-06-22T18:12:45+00:00
7fa52c29-ae81-4284-9cf9-08f51c7c461e,403,1,1,43,,Just a moment...,broken,,2026-06-22T18:12:45+00:00
2a9ce1db-694f-4530-89f1-e3efcc402509,200,0,1,135,Squarespace,Pottery Paradise | Enhance your home &amp; exterior space,weak,,2026-06-22T18:12:45+00:00
57835866-90d1-41b6-8e7a-55447f7d72eb,200,1,1,617,,Farmer&#039;s Closet,good,,2026-06-22T18:12:45+00:00
9a537a00-a702-4f3d-a412-2e36a240cd9d,200,1,1,267,Shopify,Gift Basket Delivery | Wine Gift Baskets | Napa Sonoma Supply,good,,2026-06-22T18:12:45+00:00
c5158d02-99f4-42b8-85bf-34f736ba2ada,200,1,1,637,Shopify,"Island Stylez | Island-Inspired Apparel, Gifts &amp; Accessories for All I &ndash; Island Stylez, Inc.",good,,2026-06-22T18:12:45+00:00
3b4d075a-5bcb-409f-9ade-329bd8249ac4,200,1,1,610,Shopify,Morningsun Herb Farm,good,,2026-06-22T18:12:45+00:00
e89a5c6e-c775-4151-adfb-529b0c57d094,200,1,1,1796,WordPress,Best Junk Removal Service In The Bay Area | Junk 180,good,,2026-06-22T18:12:45+00:00
b07aa7fa-c655-4d77-a1b3-e9bbc525df65,200,1,1,527,,Rtist&#x27;sWeR,good,,2026-06-22T18:12:45+00:00
80f5ff37-907c-40eb-844d-aa81410ca143,200,1,1,541,,"Flower Shop Vacaville | Florist in Vacaville, CA | Stems Florist",good,,2026-06-22T18:12:45+00:00
da9f7ee6-7f50-4b1f-8077-229878b64be8,200,1,1,619,,"Flower Shop Vacaville | Florist in Vacaville, CA | Stems Florist",good,,2026-06-22T18:12:45+00:00
3d6b607b-68ef-460f-a83a-690f7eee1bfb,200,1,1,387,Squarespace,The Monkey Flower Group,good,,2026-06-22T18:12:46+00:00
aeb97e69-ee40-4d92-8fce-4eb49f45bc9b,200,1,1,441,,"Turtle Island Art Treasures in Isleton, CA – Reviews, Hours, and Contact Details",good,,2026-06-22T18:12:46+00:00
54104929-f3c4-4167-a9c7-437de5f402bf,200,1,1,736,Shopify,"The Bennington Napa Valley | Specialty Gift Shop | Napa Valley &ndash; The Bennington Napa Valley, Inc",good,,2026-06-22T18:12:46+00:00
71c8e598-7dca-47b1-9faa-f87d3222c64f,200,1,1,277,,Comida For Familias,good,,2026-06-22T18:12:46+00:00
3860baf9-00bf-43bd-9216-74c1be5c8686,200,1,1,1022,,Sal The Flower Guy | Napa Flower Delivery,good,,2026-06-22T18:12:46+00:00
5a89761a-7f0f-4ed7-9caa-a57a43864d99,200,1,1,802,Shopify,The Filling Station Goods,good,,2026-06-22T18:12:46+00:00
7722124e-73a6-4eea-9bdc-83e80fabd1ed,200,1,1,523,Wix,"Wholesale Distributor | San Francisco Naturals, Inc. | Benicia",good,,2026-06-22T18:12:46+00:00
c7eeeb7a-6d21-454c-a27b-0ef9d7802e2b,200,1,1,206,GoDaddy,SoulInu.com is for sale | HugeDomains,good,,2026-06-22T18:12:46+00:00
26d9542e-8759-44b7-9308-4c278ca0a217,202,0,0,216,,,weak,,2026-06-22T18:12:46+00:00
353deb4a-0ae9-4d76-8435-8ebba426e25a,0,0,0,109,,,broken,connection failed,2026-06-22T18:12:46+00:00
cb6f6b2f-95aa-4a91-ac64-22dbe1b18f1c,409,0,1,211,,DNS resolution error | www.ringoffirenapa.com | Cloudflare,broken,,2026-06-22T18:12:46+00:00
7b58151f-0761-46e2-97d4-4547297198d5,200,1,1,180,Webflow,"Pieced On Earth, Draperies &amp;amp; Curtain, 615 Florida St",good,,2026-06-22T18:12:46+00:00
4afe84d9-b6b4-498e-b077-c65015a0e949,200,1,1,9188,WordPress,"Dentist in Fairfield, CA | Thomas E Toolson, DDS | General Dentist",weak,,2026-06-22T18:12:46+00:00
39f41e6d-9933-47f9-b621-7c5ec759676d,409,0,1,356,,DNS resolution error | www.eroaddesigns.com | Cloudflare,broken,,2026-06-22T18:12:46+00:00
943ba1d0-76b4-4601-8cd8-5433301ee15e,200,1,1,166,Squarespace,Pohan&#39;s | Custom Furniture &amp; Upholstery,good,,2026-06-22T18:12:46+00:00
e4b0a411-e61a-495a-b83f-bd6cdf2d91e8,0,0,0,38,,,broken,connection failed,2026-06-22T18:12:46+00:00
e0b5b388-7162-48d7-aa5e-6be558a694aa,200,1,1,641,,Vaca Fish Food Pantry,good,,2026-06-22T18:12:46+00:00
4de38e4d-dedd-4c5f-ba63-038d8956bdc0,200,0,0,426,,Terry Miller Piano Technician,weak,,2026-06-22T18:12:46+00:00
a486fb72-1b91-4902-84ce-b1878fbaf534,403,1,1,148,,Just a moment...,broken,,2026-06-22T18:12:46+00:00
37a03bf9-fdd1-4ff1-b653-22dbcb707515,200,1,1,261,Wix,HOME | valleysunroof,good,,2026-06-22T18:12:46+00:00
cda7decc-980e-4227-ae35-3cd82372c543,200,1,1,690,WordPress,deltafoodtruckpark,good,,2026-06-22T18:12:47+00:00
2f16b9fb-36ac-44cf-ad3e-dea9c93a00ff,200,0,0,371,,Spring Crest,weak,,2026-06-22T18:12:47+00:00
63217d03-49d3-4e6d-becf-df8c9bb2ce7e,0,0,0,112,,,broken,connection failed,2026-06-22T18:12:47+00:00
2147421d-0afc-46a0-8511-d87a3dafe635,403,1,1,155,,Just a moment...,broken,,2026-06-22T18:12:47+00:00
6545aea6-e59f-48fb-bdd0-48269d894aff,200,1,1,238,Squarespace,SOLANO HOME FURNITURE,good,,2026-06-22T18:12:47+00:00
bff8c762-fb77-49d1-ab73-1bf84334ddad,403,1,1,138,,Just a moment...,broken,,2026-06-22T18:12:47+00:00
c58527b5-ec98-47fe-a6a1-4f0b6ca5ac3f,200,1,1,501,Wix,Home Furniture | Arian Furniture | California,good,,2026-06-22T18:12:47+00:00
ef2d5570-1a6f-4a97-b042-27ca9a719df1,0,0,0,148,,,broken,"ssl: HTTPSConnectionPool(host='www.southyardnapa.com', port=443): Max retries exceeded with url: / (Cause",2026-06-22T18:12:47+00:00
e081124e-539d-48de-9717-c9d134b0366d,200,1,1,560,,"Shop Furniture, Mattresses &amp; Appliances | East Bay Furniture &amp; Appliance | Antioch, CA",good,,2026-06-22T18:12:47+00:00
033e325f-0f02-4876-ba76-738ee2621a2d,0,0,0,47,,,broken,connection failed,2026-06-22T18:12:47+00:00
ae96f0fc-57cd-4a50-95b7-03e4403b6563,202,0,0,155,,,weak,,2026-06-22T18:12:47+00:00
51bfc25c-36f0-4096-9c41-b9d043124024,200,0,0,214,,,weak,,2026-06-22T18:12:47+00:00
3a3615b0-0303-4ee0-8752-843940c61c2d,200,1,1,1358,WordPress,Faith Food Fridays | ...“You give them something to eat.” Mark 6:37,good,,2026-06-22T18:12:47+00:00
75b90a58-a5f7-4057-a69a-b281c8933230,200,1,1,667,WordPress,Napa Valley Cannabis Dispensary &amp; Delivery | The Herbivore,good,,2026-06-22T18:12:47+00:00
83bf61ea-3d36-4e9d-953d-6757b325f1ee,200,1,1,304,,Dentist in Napa | Northern Napa Cosmetic Dentist | Napa Dentist,good,,2026-06-22T18:12:47+00:00
52ae314d-b8a4-440b-b173-e0f8d67e7606,0,0,0,351,,,broken,"ssl: HTTPSConnectionPool(host='www.dentistfairfieldca.com', port=443): Max retries exceeded with url: / (",2026-06-22T18:12:47+00:00
4caa4b18-8384-447d-b547-6e6eae859682,200,0,0,386,,Sesame Communications&trade;,weak,,2026-06-22T18:12:47+00:00
d49bbdfd-4748-477d-a2a9-5c88c8c29120,0,0,0,67,,,broken,connection failed,2026-06-22T18:12:47+00:00
85eb683b-ed89-4889-8d9b-7532799ec103,0,0,0,101,,,broken,connection failed,2026-06-22T18:12:47+00:00
832c48a9-f5dc-4a29-89ca-180a28429add,200,1,1,215,WordPress,"Plaza Dental Care | Dentist in Vallejo, CA",good,,2026-06-22T18:12:47+00:00
9b66534a-b89b-4751-8a97-42ac265f50e8,200,1,1,1188,WordPress,Muebles de Lujo | Diseño y Calidad Superior para Tu Hogar,good,,2026-06-22T18:12:48+00:00
3a683f6e-1488-47ac-ac33-54c4a89ef41c,503,1,0,739,,Site Under Maintenance,broken,,2026-06-22T18:12:48+00:00
48f61532-d3d9-434f-8707-fa49f2e1e5ea,200,1,1,224,,,good,,2026-06-22T18:12:48+00:00
91232135-646b-46e6-b3a1-b08c1fbb9af3,200,1,1,403,WordPress,"Dentist in Benicia, CA | Local Dentist for You &amp; Your Family",good,,2026-06-22T18:12:48+00:00
7eaacd39-a4c3-4da1-8376-7c7a4de16021,200,1,1,596,Wix,Dentist | United States | North Valley Denta,good,,2026-06-22T18:12:48+00:00
e3fc5efb-2fe6-491f-8cab-a90c46a9908d,200,1,0,247,,,weak,,2026-06-22T18:12:48+00:00
b2cf4094-faf9-4601-9ee9-3e1f1ca63ca1,0,0,0,512,,,broken,"ssl: HTTPSConnectionPool(host='vacavilledentalgroup.com', port=443): Max retries exceeded with url: / (Ca",2026-06-22T18:12:48+00:00
e97d5bca-4654-42e8-bba1-05064265c64a,200,1,1,351,WordPress,"Active at NorthBay Health - Best Gym, Fitness Center &amp; Aquatics | Active Wellness Center",good,,2026-06-22T18:12:48+00:00
e427b3e2-3152-429a-ad1e-8f0424159db6,200,1,1,437,Squarespace,World Champion Cards,good,,2026-06-22T18:12:48+00:00
cd477d31-c38e-4579-8df6-27086d9bc422,200,1,1,1482,,"Best American Restaurant in Fairfield, CA | Slanted Tree",good,,2026-06-22T18:12:48+00:00
fbc02d20-1da9-4dbb-ae63-2500c30dca9e,0,0,0,49,,,broken,connection failed,2026-06-22T18:12:48+00:00
b0cb4221-e102-478c-b032-38164d3964b9,0,0,0,42,,,broken,connection failed,2026-06-22T18:12:48+00:00
8cff112c-1222-4985-bd0b-49dff0285c99,200,0,0,177,,,weak,,2026-06-22T18:12:48+00:00
3ef65310-f3ec-45e0-9739-f9233bcbd4f7,200,1,1,376,Wix,Home,good,,2026-06-22T18:12:48+00:00
22621840-c61f-4234-b29f-a54f8814943c,200,1,0,686,,,weak,,2026-06-22T18:12:48+00:00
a09af599-590c-46aa-bc33-3825aebedefc,200,1,1,1533,WordPress,Home - Lighthouse Dentistry - Vallejo,good,,2026-06-22T18:12:48+00:00
1077f14f-d6c1-4425-a00f-9333c2132947,200,1,1,251,Squarespace,ELEV8 TRAINING,good,,2026-06-22T18:12:49+00:00
3e6e71b9-3673-4559-ad7e-92eca3d787fd,200,1,1,794,Webflow,Adapted Strength,good,,2026-06-22T18:12:49+00:00
a4c7ffa0-dd64-4d8d-92af-6e4b88218feb,200,1,1,150,GoDaddy,Top-Rated Gym in Vacaville | Fortitude Fitness &amp; Endurance | Best Fitness Classes &amp; Personal Training Near You&quot;,good,,2026-06-22T18:12:49+00:00
934be6a2-1fae-4679-99b4-64c06a37afce,200,1,1,718,Webflow,"DJK Fitness | Strength &amp; Conditioning Gym In Vacaville, CA",good,,2026-06-22T18:12:49+00:00
373ea9e3-d822-46d8-a9f0-5bcd675ac3c1,0,0,0,15410,,,broken,connection failed,2026-06-22T18:12:49+00:00
4354aee3-e289-4221-a942-41b93e35fd7a,200,1,1,580,,Home - Jco Fitness,good,,2026-06-22T18:12:49+00:00
7d0e8f17-e3b3-4949-8da3-20d2dbbe2a42,404,1,1,506,Wix,,broken,,2026-06-22T18:12:49+00:00
df27e16a-e9c5-4a6b-afe7-34d1ab8fb872,200,1,1,822,WordPress,Fitness Evolution Bellingham Gym Center Near Me - Starting at $34.99 Per Month,good,,2026-06-22T18:12:49+00:00
cdc08996-6806-4733-9834-c5e8c6652407,200,0,0,210,,IIS Windows Server,weak,,2026-06-22T18:12:49+00:00
bceb7594-c84e-4665-8e53-bcc4ce506752,200,1,1,231,,Pure Barre Napa | Try a Free Barre Class,good,,2026-06-22T18:12:50+00:00
ec1c3bf1-b82e-44fa-84d1-dcf255370742,200,1,1,389,Wix,Napa Aerial Fitness,good,,2026-06-22T18:12:50+00:00
5b3a6acd-f383-43f9-89d7-c139e15019cc,0,0,0,111,,,broken,connection failed,2026-06-22T18:12:50+00:00
9eff2778-e475-462f-be34-a6f96b3ce26f,200,1,1,1205,Wix,Personal Training Gym Fitness Studio | Vacaville | Fitness Essentials,good,,2026-06-22T18:12:50+00:00
dfb82f95-a28c-43ce-989e-6f3ad22e69eb,0,0,0,102,,,broken,connection failed,2026-06-22T18:12:50+00:00
aa570c99-615f-4de8-90fb-472c84fd697a,200,1,1,569,Webflow,"Leading Athletic Club Near Me in Vacaville, CA | Maximum Fitness",good,,2026-06-22T18:12:50+00:00
e86d1c1d-034e-42f2-b39a-c68cd5badcff,0,0,0,279,,,broken,"ssl: HTTPSConnectionPool(host='unstoppablefitness.info', port=443): Max retries exceeded with url: / (Cau",2026-06-22T18:12:50+00:00
eb06a171-a986-4c12-ace4-3e9598621515,200,1,1,8460,GoDaddy,"Bella Vista-Farms - Outdoor Wedding Venues - Dixon, California",weak,,2026-06-22T18:12:50+00:00
fe4bfc1f-ee76-4764-a67b-52e07539e866,200,1,1,362,,Vacaville Strength Experience,good,,2026-06-22T18:12:50+00:00
ba26c293-4ef6-4e9d-80b9-6417d3e82c51,0,0,0,146,,,broken,connection failed,2026-06-22T18:12:50+00:00
50dc69ac-15f0-4b28-baac-e52f45ae80de,200,1,1,140,Webflow,"Eyebrow Hub, Beauty Salon, 930 Admiral Callaghan Lane",good,,2026-06-22T18:12:50+00:00
f31a1026-efc8-4df9-a3b8-e7b020290733,200,1,1,497,Shopify,Mastery of Sports &ndash; Mastery of Sports Napa,good,,2026-06-22T18:12:50+00:00
49b4c57f-400e-4a4b-855a-9d4793cc4544,200,0,1,672,,Benicia Fitness Gym | Training Loft 714,weak,,2026-06-22T18:12:50+00:00
dd8ee5b7-5d77-43b4-a2e5-6561b338e6c0,200,1,1,215,Squarespace,New Guest Appointment &mdash; Hair Replacement by Itzel,good,,2026-06-22T18:12:50+00:00
4c0f5ed8-5caf-4406-aedc-cd087e3057c9,403,0,1,86,,Attention Required! | Cloudflare,broken,,2026-06-22T18:12:50+00:00
7232af1a-2146-4138-ae29-282eb8e209a7,0,0,0,38,,,broken,connection failed,2026-06-22T18:12:50+00:00
de14e822-2114-444e-a3c5-7bdb57893c7a,200,1,0,508,,View Fairfield Suisun Unified's Gift List,weak,,2026-06-22T18:12:50+00:00
1974eba2-6a01-4400-b46f-0e08d87f4c07,200,1,1,1555,WordPress,"The Best Gym in Benicia, CA - Jute CrossFit",good,,2026-06-22T18:12:51+00:00
21d3ad51-f24c-4428-8624-93a3cafecbb6,200,1,1,180,Webflow,"Aubrey Marie, Beauty Salon, 2132 Springs Rd",good,,2026-06-22T18:12:51+00:00
941542ce-0d2d-4290-92f0-7766ce3d4d25,200,1,1,239,Squarespace,Beauty Made With Love - Hair Extensions in Vacaville,good,,2026-06-22T18:12:51+00:00
54394b44-909b-4db2-97f7-4d47b6ff04eb,200,1,1,613,Wix,"SWB Wellness Center | Therapeutic Massage | Deep Tissue Massage | Sports Massage | Fairfield, CA",good,,2026-06-22T18:12:51+00:00
7a0184cb-880b-4c96-b6d4-e9002650c180,200,1,1,1033,Wix,Home | Dream Xtreme Gym,good,,2026-06-22T18:12:51+00:00
8d01aee0-0d28-4b8f-b67a-56ed2e43a43e,403,1,1,170,,Just a moment...,broken,,2026-06-22T18:12:51+00:00
4db3dbc6-0dc2-4930-9fed-e5e8af93f0b1,403,1,1,3196,,Just a moment...,broken,,2026-06-22T18:12:51+00:00
91b1d7ff-98b2-4bec-a23d-fb8165c9e0c3,0,0,0,110,,,broken,connection failed,2026-06-22T18:12:51+00:00
657ae67e-a46d-4a6d-8f02-9a995e8b70f4,0,0,0,39,,,broken,connection failed,2026-06-22T18:12:51+00:00
d131e74a-7ac3-4f95-909d-75d5ed4ace56,404,0,0,337,,,broken,,2026-06-22T18:12:51+00:00
526a0131-94ee-4bfe-8fdf-42eeb2fbd182,0,0,0,129,,,broken,connection failed,2026-06-22T18:12:51+00:00
507f2e17-1ca7-4d02-970f-8a2f2c5b0cfe,200,0,1,465,,"Creative Clips Grooming - Benicia, Ca - Creative Clips Grooming",weak,,2026-06-22T18:12:51+00:00
ce021806-651e-4a86-a5f3-2cf7e31954c3,200,1,1,603,Wix,Hair Salon Vallejo CA | dash hair salon – Luxury &amp; Care,good,,2026-06-22T18:12:51+00:00
14ad7c9c-7df2-4a1f-9c68-3bf89fe9d77c,200,1,1,820,,California Board of Barbering and Cosmetology,good,,2026-06-22T18:12:51+00:00
2cbfadf4-414d-45b2-a900-b7cf3c557f5d,0,0,0,110,,,broken,connection failed,2026-06-22T18:12:51+00:00
e5e8e1e7-ff3d-448a-9ea5-f7572e02a9cb,200,1,1,1314,Wix,Home | Alchemy Hair Benicia,good,,2026-06-22T18:12:52+00:00
bd5019b8-4854-4165-9b54-3bc3470dae98,404,1,1,1360,,Vagaro | Page not found,broken,,2026-06-22T18:12:52+00:00
76ed1fdf-9e5f-4965-a558-10511331b5c1,200,1,1,762,GoDaddy,edgeshairstudio.com,good,,2026-06-22T18:12:52+00:00
b8dfecad-fa6d-4cc8-97cd-0ad21e9f1fb5,200,1,1,354,,GioBBeauty | Head Spa in Solano County,good,,2026-06-22T18:12:52+00:00
e415d106-02fb-486a-bfd5-3408fff4dea2,200,1,1,420,Squarespace,Elevate Salon Studios,good,,2026-06-22T18:12:52+00:00
d28f0bd6-b010-4302-91db-a36bc95943bc,0,0,0,111,,,broken,connection failed,2026-06-22T18:12:52+00:00
0db8fd05-9777-46d5-9cc2-0d1980f42358,200,1,1,421,,Home,good,,2026-06-22T18:12:52+00:00
45f19a5e-6ac3-4522-b1e4-ed38f0850eb0,404,1,1,282,Wix,,broken,,2026-06-22T18:12:52+00:00
6495471d-9c6b-438d-8b49-b60701c9a541,0,0,0,110,,,broken,connection failed,2026-06-22T18:12:52+00:00
a94e6e10-9bfb-44ea-b81f-5ed60dc5acc9,200,1,1,412,GoDaddy,"Hairendipity Salon - Hair Salon - Vacaville, California",good,,2026-06-22T18:12:52+00:00
d6b3b40b-df32-40c6-8eaf-4160a05a1e47,200,0,0,126,,,weak,,2026-06-22T18:12:52+00:00
4a55155f-f280-4615-b473-c41090563ff6,202,0,0,139,,,weak,,2026-06-22T18:12:52+00:00
63dbad56-9d1f-490a-9a43-9beffecd0dab,200,1,1,645,,"Hair It Is Salon And Spa - A REDKEN Premier Salon - Lexington Park, MD",good,,2026-06-22T18:12:52+00:00
86686d8b-09e4-4f78-8189-8f7d92909465,200,1,1,1716,Wix,HOME | Mysite,good,,2026-06-22T18:12:52+00:00
baf1c07e-3c21-40b7-8b6d-2d4564f29967,200,1,1,448,WordPress,"LA BARBALON | BARBER SHOP + HAIR SALON &#8211; Welcome to La Barbalon. Our team of skilled professionals specialize in cutting, color services, hair extensions, styling, and more.",good,,2026-06-22T18:12:52+00:00
be04dac1-9c93-4747-b0b8-470de9683525,200,1,1,450,Squarespace,La Fresa Salon,good,,2026-06-22T18:12:52+00:00
7ef44ad6-8bb5-4b53-a7b1-f1d42f3299a5,200,1,1,311,Squarespace,Ōryn salon,good,,2026-06-22T18:12:53+00:00
b7e67629-7707-435a-981b-a7291c53a5b4,200,1,1,1624,,Home,good,,2026-06-22T18:12:53+00:00
f200475a-c2df-4e48-bb7e-b15543b9eb03,0,0,0,104,,,broken,connection failed,2026-06-22T18:12:53+00:00
d9d9b2cf-cc64-4b71-b821-bd2529e0db03,200,1,1,10231,GoDaddy,Party On! Events Co.,weak,,2026-06-22T18:12:53+00:00
d6d7f800-8721-4fc1-b228-8a0965b9598c,200,1,1,729,,Custom Care &amp; Coverage Just For You | Kaiser Permanente,good,,2026-06-22T18:12:53+00:00
f6c9d6f6-e600-4fed-90ea-b204da3c47ac,0,0,0,26,,,broken,connection failed,2026-06-22T18:12:53+00:00
a1e15394-aed6-4373-84bf-23a3577262b1,200,1,1,225,GoDaddy,Buy shearmadnesssuisun.com – Premium Expired .com Domain on GoDaddy | ExpiredDomains.com,good,,2026-06-22T18:12:53+00:00
31dfd3cf-59e7-4050-aa9c-bbf6e27304d1,200,1,1,2345,,Faded & Styled Hair Salon - Vacaville CA | Vagaro,good,,2026-06-22T18:12:53+00:00
c522430c-1953-4115-8714-a8a8d0592d6e,200,1,1,619,GoDaddy,Salon Philosophie,good,,2026-06-22T18:12:54+00:00
d0916f2c-8ed8-42fe-a00a-f0cf8c933b4f,200,1,1,860,,California Board of Barbering and Cosmetology,good,,2026-06-22T18:12:54+00:00
1550039d-7d13-4389-8781-5e4b0dcb0482,200,1,1,404,Wix,"Straight or Knot Salon | Hair | 844 Texas St, Fairfield, CA, USA",good,,2026-06-22T18:12:54+00:00
55a8095e-0965-4883-a987-baaadc16bfed,0,0,0,37,,,broken,connection failed,2026-06-22T18:12:54+00:00
9350b196-8cf5-42c9-b60d-f0df99615791,0,0,0,40,,,broken,connection failed,2026-06-22T18:12:54+00:00
8c3f06b4-b4cb-467e-ba7b-969dd3e066b3,0,0,0,108,,,broken,connection failed,2026-06-22T18:12:54+00:00
00568c7a-eb2f-4874-9bfb-184c4efe0c53,200,0,0,264,,Tasaris le Salon,weak,,2026-06-22T18:12:54+00:00
5ea4ddb3-f7d5-4227-8895-fce39db6271d,200,1,1,697,,Studio 524,good,,2026-06-22T18:12:54+00:00
c6b1de02-1197-40c6-b053-7dcd7a74952e,200,1,1,1923,Wix,HOME | Nina Monique,good,,2026-06-22T18:12:54+00:00
460804ea-f9a3-46b3-b7a5-3e59c1ead7c5,200,1,1,477,Shopify,Glitzbeauty,good,,2026-06-22T18:12:54+00:00
d86e64e4-68d4-42e8-ace1-3abe54aa5cfc,200,1,1,210,WordPress,"Benicia Handyman, Go Handyman | Free Estimates For Our Professional Handyman Services",good,,2026-06-22T18:12:54+00:00
2633b2f0-b640-446b-a3e5-944d6291fa25,404,1,1,369,,404 Not Found,broken,,2026-06-22T18:12:55+00:00
682dd2ce-3901-41a5-ae3d-3c818987b5c8,404,1,1,351,Wix,,broken,,2026-06-22T18:12:55+00:00
798511bb-7b9e-4d5d-8ba2-246c3f8b84c2,0,0,0,39,,,broken,connection failed,2026-06-22T18:12:55+00:00
80e34091-44e1-488b-a40e-b7228742f8ea,200,1,1,10224,GoDaddy,"Love, Amari - Custom, Custom T Shirts, Craft Store",weak,,2026-06-22T18:12:55+00:00
63070b03-6d27-47fa-b612-7c314771966c,202,0,0,210,,,weak,,2026-06-22T18:12:55+00:00
f1725095-49b0-44d5-8a21-7848aff95ce2,403,1,1,252,,Just a moment...,broken,,2026-06-22T18:12:55+00:00
5f9ecbf1-22ec-4d9b-bd5e-6c62b0ebf7e6,200,1,1,1034,Weebly,,good,,2026-06-22T18:12:55+00:00
7c38bd81-bc3c-4c64-b5be-e623ea658787,200,0,1,294,WordPress,Parked Domain name on Hostinger DNS system,weak,,2026-06-22T18:12:55+00:00
eeb6a199-f6c3-42e8-9392-69add486851c,0,0,0,108,,,broken,connection failed,2026-06-22T18:12:55+00:00
be50a824-2e6a-499f-9726-83369b7454fa,404,0,0,196,,Error 404 (Not Found)!!1,broken,,2026-06-22T18:12:55+00:00
b7021bd1-0d96-430e-ad1d-bcc561be100a,403,1,1,74,,Just a moment...,broken,,2026-06-22T18:12:55+00:00
c387bfd2-c697-4342-81e8-4741af97deaa,202,1,0,239,,,weak,,2026-06-22T18:12:55+00:00
090dbce1-af7c-41cf-856c-618fbc06fccf,0,0,0,48,,,broken,connection failed,2026-06-22T18:12:55+00:00
3ff5a483-ca70-4e65-93c1-c597900aa404,0,0,0,32,,,broken,connection failed,2026-06-22T18:12:55+00:00
634571a8-f8a8-43f9-9adb-89794b614600,200,1,1,805,Wix,Nature's Confidence | Natural Day Spa | Vallejo,good,,2026-06-22T18:12:55+00:00
5e4a14f7-8a5f-4e89-8e11-2627ce3b3a1c,200,1,1,219,GoDaddy,Let&#039;s Get Happy - Happy Bins Cleaning,good,,2026-06-22T18:12:55+00:00
c682ca6a-ffc4-4cc9-92e4-a7f87a2b6506,202,0,0,153,,,weak,,2026-06-22T18:12:55+00:00
dc25bd48-c1b9-471b-8ad1-ef2ae6745d81,200,1,1,346,WordPress,"Best Carpet Cleaning Service in Napa Valley, CA - Extreme Steam",good,,2026-06-22T18:12:55+00:00
60f35376-63a2-49fa-8d70-5862bbcd5fde,202,0,0,145,,,weak,,2026-06-22T18:12:55+00:00
17ae21e1-1e8b-4f6b-9328-4ae2be8cc7d3,200,1,1,90,,Prepare your taste buds...,good,,2026-06-22T18:12:55+00:00
b535dad7-63ce-4a00-93a4-7c5af06d9167,200,1,1,170,WordPress,Boom Glizzy &#8211; the best hotdogs in town,good,,2026-06-22T18:12:55+00:00
88ee0af2-3727-475c-a883-7d2140825242,200,1,1,489,Squarespace,Coming Soon,good,,2026-06-22T18:12:56+00:00
930e4cf3-3393-4a0b-b0f6-53da305af1f7,200,1,1,438,,Window &amp; Solar Cleaning in Benicia | Teodor Window &amp; Solar Cleaning,good,,2026-06-22T18:12:56+00:00
529201d0-24a1-4137-88b4-37c710d313bf,200,1,1,7536,GoDaddy,Gym In Vacaville,weak,,2026-06-22T18:12:56+00:00
96584918-e861-4bd9-b100-da1f0e67bcdb,403,1,0,58,,ERROR: The request could not be satisfied,broken,,2026-06-22T18:12:56+00:00
8e832377-6481-47e0-9535-1e7841b2a10e,200,1,1,482,Wix,Home | The Cloud Factory,good,,2026-06-22T18:12:56+00:00
e45c4ab1-1789-4855-94a1-54e126db0dd7,200,0,0,132,,Redirecting...,weak,,2026-06-22T18:12:56+00:00
99fc6025-9222-422a-82b6-08d20105a529,200,0,1,111,,Elks Home,weak,,2026-06-22T18:12:56+00:00
57a9d8f4-eae1-451d-b1a6-8aa55fb7f982,403,1,1,187,,Hilton Page Reference Code,broken,,2026-06-22T18:12:56+00:00
fc1c16ed-cd4a-4ded-acf5-e518fb6ac595,401,0,1,155,WordPress,Flywheel - Password Required,broken,,2026-06-22T18:12:56+00:00
c4fe5d53-5941-434b-af3b-030baaba3d20,200,1,1,3462,WordPress,"Rooted Beauty Studios &#8211; Balayaged babes, tailored fades, back to school cuts, and covered greys.",good,,2026-06-22T18:12:56+00:00
40be7824-e27c-4569-8d27-830cd32096d8,200,1,1,528,WordPress,"Hotel Winters | Book Direct | Located in the Heart of Winters, CA",good,,2026-06-22T18:12:56+00:00
c19804f1-942e-4307-8857-ba5615dd67ae,200,1,1,430,,Stanly Ranch Luxury Hotel & Resort in Napa Valley | Auberge Collection,good,,2026-06-22T18:12:56+00:00
090704d2-eedb-46f5-a764-17896d487990,200,1,1,330,,"Super 8 by Wyndham Vacaville | Vacaville, CA Hotels",good,,2026-06-22T18:12:57+00:00
73c303bb-d167-417e-9530-ea18556b316b,200,1,1,587,WordPress,Luxury 5 Star Napa Lifestyle Hotel | Sttupa Estate,good,,2026-06-22T18:12:57+00:00
ecfcd3cd-03a9-40c9-a9f1-a56e93c9ce14,200,1,1,1016,,R INN NAPA | BOUTIQUE HOTEL IN DOWNTOWN NAPA,good,,2026-06-22T18:12:57+00:00
1b70b5bc-96b7-42d1-b205-f2e28b24ac15,200,1,1,1387,,"Akun Demo Wukong Gacor X10000 Pragmatic Play, PG Soft Demo Super Black Scatter Gratis X500",good,,2026-06-22T18:12:57+00:00
7c5908e0-11d1-4ad3-9ea6-528335f416e0,200,0,0,98,,,weak,,2026-06-22T18:12:57+00:00
07fa7229-3af4-431c-a682-d3d1ec1f643b,200,1,1,4527,WordPress,"Home - Red Comb Salon - Haircuts for Men, Women, and Kids",weak,,2026-06-22T18:12:57+00:00
0217ea6b-e066-4096-90ac-bec0cf1e5ac5,200,1,1,1075,,get the offer,good,,2026-06-22T18:12:57+00:00
e97ed7cd-c2ef-45d0-9181-9fe32359cfc8,0,0,0,131,,,broken,connection failed,2026-06-22T18:12:57+00:00
da7ee80b-70ec-4e23-a85c-146ec81a7f6f,200,0,0,262,,,weak,,2026-06-22T18:12:57+00:00
0c31900c-b366-40db-a33f-6bef2917e328,200,1,1,698,,Napa Valley Luxury Real Estate | The Orchard at The Carneros,good,,2026-06-22T18:12:57+00:00
6721cf31-7c73-42c5-838b-c7255fc7b7a0,200,1,1,495,WordPress,Air Conditioning Installation - Golden Gate Technical HVAC,good,,2026-06-22T18:12:57+00:00
1651b37f-f432-49fe-b62a-4bd0becf9243,0,0,0,39,,,broken,connection failed,2026-06-22T18:12:57+00:00
a3a58b45-6922-480d-9677-b333fc8fba51,200,1,1,998,,The George | Napa's Newest Boutique Hotel,good,,2026-06-22T18:12:57+00:00
a2352d7c-675a-4063-a587-76eb2896a4f7,0,0,0,145,,,broken,connection failed,2026-06-22T18:12:57+00:00
88014b40-2571-4769-a544-cb2de6676626,200,1,1,719,WordPress,Napa Valley - The Setting Inn,good,,2026-06-22T18:12:57+00:00
c3e479af-d8c1-4912-a9cc-36b8f2543729,200,1,1,638,WordPress,Kel-Aire - High Quality HVAC Services,good,,2026-06-22T18:12:58+00:00
0d388c66-c76e-4f66-a6e1-0b4de2f517ca,200,1,1,397,,Chaats Cuisine Fairfield,good,,2026-06-22T18:12:58+00:00
1dbaf37e-8511-4217-91b3-0e73e3cc9344,200,0,0,350,,,weak,,2026-06-22T18:12:58+00:00
441a229b-92fe-4384-b36e-1f6504c29d45,200,1,1,715,Wix,Warm Floors | Radiant Floor Heating &amp; Cooling in California,good,,2026-06-22T18:12:58+00:00
f720564f-aa0b-4709-b830-b3568d4c011b,200,1,1,436,,Clay Oven Grill &amp; Bar | Online Ordering | 400 ORANGE DR | VACAVILLE | (707) 455-1313,good,,2026-06-22T18:12:58+00:00
2ed30dab-75b0-4804-9d49-8502ebf5bcf4,200,1,0,392,,,weak,,2026-06-22T18:12:58+00:00
59e4be8b-023d-48e7-9fe1-66922fd9d5fb,0,0,0,50,,,broken,connection failed,2026-06-22T18:12:58+00:00
2933ee8f-52d8-4df9-b420-212522d64a5b,200,1,1,5702,GoDaddy,Top Hair Stylist at Panache Salon | Expert Hair Styling,weak,,2026-06-22T18:12:58+00:00
6e151b68-fdf3-493f-a68a-6f9558cf8bec,200,1,1,723,WordPress,"Taj Grill Vallejo | Order Online | Vallejo, CA 94591 | Indian Food",good,,2026-06-22T18:12:58+00:00
8cbd1db5-d202-4b84-bfe9-405c585cda54,200,1,0,438,,Welcome | Budget Inn Fairfield CA,weak,,2026-06-22T18:12:58+00:00
32b66411-f74d-4684-a803-c319f3418310,200,0,0,176,,,weak,,2026-06-22T18:12:58+00:00
eafcc185-993b-48a2-bc15-08e19ca728dc,200,1,1,353,,HOME - Form & Fixtures,good,,2026-06-22T18:12:58+00:00
5ed6bdcb-a9a6-4e39-b400-21ad82918787,200,1,1,201,Webflow,"Royal Interior Designs, Interior Decorator, 3149 California Blvd Ste I",good,,2026-06-22T18:12:58+00:00
ef4ec622-1d01-4098-9ae6-5c6912f35e2d,200,1,1,749,,Home | Yak &amp; Yeti,good,,2026-06-22T18:12:59+00:00
5c7402a9-ac41-4893-acfa-f8090d3e347c,200,0,0,191,,,weak,,2026-06-22T18:12:59+00:00
77b1bbdb-7cff-43c6-82e6-a7161ec4168f,200,1,1,179,GoDaddy,TorchOfIndia.com is for sale | HugeDomains,good,,2026-06-22T18:12:59+00:00
30c9f19a-8bfd-4cf8-8d49-b654ff1b148a,200,0,1,219,,index,weak,,2026-06-22T18:12:59+00:00
d600e6a7-1abf-4a70-8d1b-f94308d80e3a,403,1,0,53,,Access Denied,broken,,2026-06-22T18:12:59+00:00
7e527deb-2712-4c18-9a02-5f38000a3211,200,1,1,793,Weebly,,good,,2026-06-22T18:12:59+00:00
4d161cba-37a6-49e1-91b2-b7f5850a0d9e,0,0,0,1504,,,broken,connection failed,2026-06-22T18:12:59+00:00
933e5906-8434-4b5c-8c2d-ffd1d5a25456,200,0,0,209,,Buon Appetito Restaurant,weak,,2026-06-22T18:12:59+00:00
8d100876-8506-4788-a578-20ed4cf8647a,200,1,1,306,Squarespace,Filippis Pizza Grotto,good,,2026-06-22T18:12:59+00:00
de6b5034-32da-4a5d-be40-d44ff24e1527,200,1,1,376,,Evelyn&#x27;s Big Italian Pizzeria &amp; Ristorante Near Me - Pickup and Delivery,good,,2026-06-22T18:12:59+00:00
41468535-3339-4f42-8b16-c214b33c5fed,200,1,1,523,WordPress,Bella Siena | Restaurant and Bar,good,,2026-06-22T18:12:59+00:00
a8a56aee-f903-4ac4-bee7-f3b36d6e4c33,200,1,1,142,,"Oenotri | Italian Restaurant in Napa, CA",good,,2026-06-22T18:12:59+00:00
9d3c57cd-f91c-4361-a88a-4c7143f09c36,200,1,1,737,,Authentic Italian Restaurant in Concord | Bambino&apos;s,good,,2026-06-22T18:12:59+00:00
a1da2ee0-9952-41d3-927e-d35ca3980a4b,0,0,0,116,,,broken,connection failed,2026-06-22T18:12:59+00:00
31798d7d-19ae-4d93-993e-d08f96c6ebbb,200,1,1,1535,WordPress,Home - TAJ GRILL INDIAN CUISINE,good,,2026-06-22T18:12:59+00:00
e12741d3-d57d-4759-8ca9-d2317eaaf61e,200,1,1,482,Squarespace,Il Posto Trattoria,good,,2026-06-22T18:12:59+00:00
59c36ebc-66fc-4833-afdb-1ae6c12daa96,200,1,1,395,Wix,Home Page | Lasagna Con Amore,good,,2026-06-22T18:12:59+00:00
d526161d-d859-4e8f-a5f2-c07c36a95eca,0,0,0,46,,,broken,connection failed,2026-06-22T18:12:59+00:00
9ac4608a-6b04-444d-b7e3-8f3ae2e60a55,200,1,1,249,Squarespace,Scala Osteria &amp; Bar | Scala Osteria &amp; Bar,good,,2026-06-22T18:13:00+00:00
c61c835a-96ae-4a45-b64c-826f7ea638ba,0,0,0,190,,,broken,connection failed,2026-06-22T18:13:00+00:00
a97b6ee9-25ea-4f9e-958c-4625d8b7e56d,200,1,1,451,GoDaddy,THE SICILIAN IS OPEN!!! 6pm THURS-SUN PLS CALL FOR A TABLE!,good,,2026-06-22T18:13:00+00:00
e5ae3351-3290-446c-bc1d-4f670ff951d0,200,1,1,2033,WordPress,Downtown Napa Valley Bed &amp; Breakfast - Blackbird Inn Napa,good,,2026-06-22T18:13:00+00:00
b65885f4-1264-4d7d-aa61-30078ce7b35b,200,1,1,769,Wix,HOME | Ristorante Pasta D,good,,2026-06-22T18:13:00+00:00
a73161c1-ba40-4ae9-ba84-f5ac61233f2c,200,1,1,286,GoDaddy,"Morimoto Asia Napa - Inventive, high-end Japanese fare &amp; artful cocktails presented in glamorous yet Zen surroundings.",good,,2026-06-22T18:13:00+00:00
ff639460-e783-454a-a6b1-da14f9833075,403,1,1,331,,Just a moment...,broken,,2026-06-22T18:13:00+00:00
106d4486-aea5-4f34-9af6-c9a74bdf55f2,0,0,0,118,,,broken,connection failed,2026-06-22T18:13:00+00:00
ddb99375-1e22-4dcc-a2ad-e9d461a8e390,404,1,1,273,Shopify,Store unavailable,broken,,2026-06-22T18:13:00+00:00
19302d5f-adff-4abb-b2a9-9388ad69445f,200,1,1,1457,Wix,Fusion restaurant | Fuso | Vacaville,good,,2026-06-22T18:13:00+00:00
e264ef49-80e2-4632-b774-c38b6bc8c4cc,0,0,0,37,,,broken,connection failed,2026-06-22T18:13:00+00:00
2d96438e-bcd0-4f8e-9f2a-76ce4b33482a,200,1,1,913,Wix,Home | Mysite,good,,2026-06-22T18:13:00+00:00
a982826d-b2b3-4e0c-a6da-24aae72c1ac2,200,1,1,1181,WordPress,Venticellos &#8211; Ristorante Italiano,good,,2026-06-22T18:13:01+00:00
b0ff6390-28e2-4b9a-8424-3635cf9dbb8d,200,1,1,320,Wix,"The Rock Shop | Vacaville, CA",good,,2026-06-22T18:13:01+00:00
1b5fa55a-7d23-41bb-a19c-22f15b08ee72,200,1,1,398,,Shopping,good,,2026-06-22T18:13:01+00:00
9b275cc4-ccaa-4fe0-884c-5a75e154156f,200,1,1,7123,GoDaddy,"Wild Roots Salon, LLC",weak,,2026-06-22T18:13:01+00:00
8e0d8531-5b0c-4265-9f71-9d337b9b3bfd,200,1,1,616,GoDaddy,Permanent Jewelry - Sparkly Little Links LLC,good,,2026-06-22T18:13:01+00:00
04ec097d-cb0e-4141-9247-a06fd6616773,200,1,1,950,Shopify,Kounted Out,good,,2026-06-22T18:13:01+00:00
7fc415dd-481b-47a9-b90e-570bcf56ce23,200,1,1,352,,Home - Koreana Korean BBQ,good,,2026-06-22T18:13:01+00:00
97755ce0-39ff-472b-8f66-1c43e3d4b470,200,1,1,1353,,Kenzo Authentic Japanese Kaiseki Dining in Napa Valley,good,,2026-06-22T18:13:01+00:00
6502db8e-481c-4b1f-8799-9216c8f54c62,200,1,1,369,,"Contact DOV Landscaping Napa CA, Lawn Service Estimates",good,,2026-06-22T18:13:01+00:00
5c10d53c-0876-417b-9747-d27a1d05c2be,0,0,0,9,,,broken,connection failed,2026-06-22T18:13:01+00:00
3e7cc79e-b966-40c2-b256-3cb142abd7fb,202,1,0,335,,,weak,,2026-06-22T18:13:01+00:00
80d2b70e-dcd4-45f7-94f0-9964777bd213,200,1,1,390,Squarespace,DVA Consulting &amp; Design,good,,2026-06-22T18:13:01+00:00
20d0dfc3-2979-405f-8b3f-a44452cb5d12,200,1,1,326,Wix,Home | Don's Professional Landscaping,good,,2026-06-22T18:13:01+00:00
9fc82a96-f927-459f-a17f-d16ff2e89850,0,0,0,49,,,broken,connection failed,2026-06-22T18:13:01+00:00
085005c0-b0e8-4bd2-a0c4-19ada1bb67a0,0,0,0,52,,,broken,connection failed,2026-06-22T18:13:01+00:00
d9ef14b4-31a4-4f3c-b2cc-797999c96f99,200,1,1,329,Wix,Lawn Care | Go Green Lawn &amp; Landscape | United States,good,,2026-06-22T18:13:01+00:00
e01a5a98-5cd9-4f17-9cb7-3f78e0db8fe2,200,0,0,214,,,weak,,2026-06-22T18:13:02+00:00
266f2266-d37c-4517-89d4-5b6d50d06c99,200,1,1,249,Squarespace,Rancho Rio Vista Landscape Materials,good,,2026-06-22T18:13:02+00:00
067e1f9b-2b9e-44a3-98fc-08eb446f1b72,202,1,0,113,,,weak,,2026-06-22T18:13:02+00:00
236ecab7-348a-41e4-a989-79dc2e9ffb71,200,1,1,331,Squarespace,Coming Soon,good,,2026-06-22T18:13:02+00:00
7c271bab-c702-4421-8838-642fa206c392,200,0,0,133,,La Guagua Restaurant,weak,,2026-06-22T18:13:02+00:00
16373f29-5e5e-41fd-93b3-5f79ce324d8f,200,1,1,408,Wix,iGreen landscaping company | landscaping and lawn care,good,,2026-06-22T18:13:02+00:00
f50607ac-7f48-4bda-80df-99f9039dd88c,200,1,1,1926,Wix,"K Manna | Koreanfood | 601 Tennessee St suite a, Vallejo, CA 94590, USA",good,,2026-06-22T18:13:02+00:00
b538874f-0982-460c-8c0f-44101a895314,200,0,0,276,,,weak,,2026-06-22T18:13:03+00:00
89dbc527-ce39-46ad-85ae-d59f17705ef6,200,1,1,1935,WordPress,"Lawn Care, Sprinklers &amp; Lighting | Eco Scapes Land Care",good,,2026-06-22T18:13:03+00:00
78368a75-6123-4179-a1e7-f0a90f33d44a,200,1,1,1049,WordPress,"Coombs &amp; Dunlap, LLP | Napa Law Firm",good,,2026-06-22T18:13:03+00:00
83dc5e86-b846-4848-b825-0407a9b618e3,200,1,0,148,,Redirecting...,weak,,2026-06-22T18:13:03+00:00
23c5b214-e946-4505-8b19-c466b337138d,200,1,1,2141,WordPress,"Landscape Design &amp; Build in Napa, CA | Penning Landscapes",good,,2026-06-22T18:13:03+00:00
b7a364db-91ae-45e8-b072-8636218212eb,200,1,1,1740,Wix,Careers with the Benicia Police Department,good,,2026-06-22T18:13:03+00:00
3f587152-c916-4571-823f-f7e7ee1821a9,200,1,1,238,,Calendly,good,,2026-06-22T18:13:03+00:00
634def1b-3e16-4a51-8901-41e4a4f40d8a,200,1,1,414,Squarespace,Law Offices of Carson C Newton,good,,2026-06-22T18:13:04+00:00
581634dd-c649-40c1-9b6e-096c2162cff5,0,0,0,15147,,,broken,connection failed,2026-06-22T18:13:04+00:00
3cbc322c-b567-4267-9321-667606b30993,200,0,0,133,,,weak,,2026-06-22T18:13:04+00:00
3b520a75-8914-46be-ae84-d7e8f862b267,200,1,1,247,WordPress,Law Offices of David W. Knight,good,,2026-06-22T18:13:04+00:00
f76c9355-9fbe-4fc8-b1b3-70e6d79d02bb,200,1,1,1074,WordPress,"Hudson &amp; Luros, LLP &#8211; Hudson &amp; Luros Law Firm &#8211; Napa Business, Real Estate, Estate Planning &amp; Trademark Attorneys",good,,2026-06-22T18:13:04+00:00
44e90061-57ca-44a6-a0f5-5c806c0966f7,0,0,0,14,,,broken,connection failed,2026-06-22T18:13:04+00:00
698e11b6-5049-45d7-aa15-43d818e54f52,200,1,1,337,WordPress,"Leones Law Firm &#8211; 490 Chadbourne Rd Suite A153, Fairfield, CA 94534, United States (By Appointment Only)",good,,2026-06-22T18:13:04+00:00
43dd6a5b-2165-4846-935d-296e5c7a7510,200,0,1,426,,"Home - The Law Office of YVONNE F. THRASHER, LL.M.",weak,,2026-06-22T18:13:04+00:00
c1d3bf4b-c716-48d7-a46e-67a4ddd3dda5,200,1,1,2117,WordPress,Home - Fiscalía de Napa,good,,2026-06-22T18:13:04+00:00
eae0c417-c8be-449c-bd3d-4f511bfb452e,0,0,0,115,,,broken,connection failed,2026-06-22T18:13:04+00:00
0699932f-6d44-4ac6-b95c-05f7f37c6bd0,200,1,1,911,WordPress,Social Security Disability Lawyer - How to Make Disability Pay,good,,2026-06-22T18:13:04+00:00
fe8404d6-9fc4-4337-80ad-452d4e7b9007,409,0,1,79,,DNS resolution error | www.saxonleonardlaw.com | Cloudflare,broken,,2026-06-22T18:13:04+00:00
a6ddc3ea-b845-4f9b-8012-8d41e50d8391,200,1,1,336,WordPress,Estate Planning Lawyer Napa CA | Business Attorney,good,,2026-06-22T18:13:04+00:00
bbcf220d-b14e-4332-a253-0b19a417cef0,200,1,1,325,Squarespace,Russo Mediation &amp; Law,good,,2026-06-22T18:13:04+00:00
4d428f9b-0803-4fd6-8428-61fb7a3a69d7,200,0,0,363,GoDaddy,Home,weak,,2026-06-22T18:13:04+00:00
4c04d418-6d44-4576-8450-529d15c94c56,200,1,1,1005,GoDaddy,"Trust Attorneys, Napa, CA | Manfred &amp; Hunt, LLP",good,,2026-06-22T18:13:05+00:00
5180ee8a-bfba-4a9e-84fd-164682ea4989,200,1,1,654,,"Learn Martial Arts in American Canyon, California | American Canyon ATA Martial Arts",good,,2026-06-22T18:13:05+00:00
b3c41b1e-b011-4200-850d-5d4cdd6c31ed,200,0,0,694,WordPress,"Vacaville Attorney - Family, Wills and Trusts, and Criminal Defense",weak,,2026-06-22T18:13:05+00:00
7fb73c1f-6159-4d4a-ab42-15829f185b8c,200,1,1,466,,"Home - Brazilian Jiu-Jitsu in Vacaville, CA | Apex BJJ Academy",good,,2026-06-22T18:13:05+00:00
c2578c2e-59d4-4558-82b7-1ba65010f32a,200,1,1,461,,Brazilian Jiu-Jitsu (BJJ) Vacaville | Atlas BJJ Martial Arts School,good,,2026-06-22T18:13:05+00:00
b3652c85-40d8-4b9b-8134-8f89aeee12f4,0,0,0,194,,,broken,"ssl: HTTPSConnectionPool(host='camposmartialarts.com', port=443): Max retries exceeded with url: / (Cause",2026-06-22T18:13:05+00:00
dcfccca7-461a-4a69-8894-d7eeee68c346,0,0,0,50,,,broken,connection failed,2026-06-22T18:13:05+00:00
2eb56a18-1351-4cf7-a1b5-61e3e36388f1,200,1,1,327,Wix,Martial Arts Gym | Endgame Training Center | United States,good,,2026-06-22T18:13:05+00:00
0fe19fe8-4c2f-43ff-a12f-82ba1ed45688,200,0,0,187,,,weak,,2026-06-22T18:13:05+00:00
ac63bcf7-8ee4-44de-a1aa-2aafb4f33956,200,1,1,601,Wix,Yu Won Hwa Martial Arts,good,,2026-06-22T18:13:05+00:00
f0f98498-7200-422b-9c3f-82f4e754a097,200,1,1,1411,WordPress,Miller Disability Firm &#8211; Social Security Disability Help,good,,2026-06-22T18:13:05+00:00
ddb99308-7a59-4ecb-a410-41a3428ead04,200,1,1,233,,Live Oak Jiu Jitsu Academy | Fairfield BJJ Classes,good,,2026-06-22T18:13:05+00:00
937a1171-9b74-40de-bf81-db050b365b1f,202,0,0,219,,,weak,,2026-06-22T18:13:05+00:00
f1c41796-3bfd-4e58-a4cb-f9c367b07829,200,1,1,430,Wix,"Taekwondo| Matias Martial Arts Llc - Napa, Ca",good,,2026-06-22T18:13:05+00:00
fc26a89c-a672-49c0-aa7a-2067ce172c5f,403,1,1,1411,,Just a moment...,broken,,2026-06-22T18:13:06+00:00
dd8e726f-5688-40fb-898e-d6970bd79c8e,200,0,0,277,,,weak,,2026-06-22T18:13:06+00:00
8073ef6b-ee6c-4e19-86ba-f393046dd861,200,1,1,458,,Catalog - City of Vacaville Parks and Recreation Department,good,,2026-06-22T18:13:06+00:00
32dfab13-10ab-4270-9c21-0ebda141ce2f,200,1,1,1007,,www.nettobjj,good,,2026-06-22T18:13:06+00:00
5ffc4802-4a82-4185-95fa-3638c435a286,200,1,1,1274,,napataekwondo.com,good,,2026-06-22T18:13:07+00:00
f86d75ab-102e-4e97-aaba-ba3e95f7325d,200,1,1,302,Wix,Home | Rooted JiuJitsu | Benicia,good,,2026-06-22T18:13:07+00:00
6a41d423-1101-4d19-b6b8-9b7afe3ea3fe,200,1,1,956,WordPress,Red Dragon Tactical - Bringing skilled self-defense classes to the North Bay Area,good,,2026-06-22T18:13:07+00:00
06623b7b-461b-4769-a3c9-27b96491ff96,404,0,0,201,,SITE NOT FOUND,broken,,2026-06-22T18:13:07+00:00
a57ba851-900a-4993-93ca-a39dd8b106a6,200,1,1,2143,GoDaddy,Carlson Gracie Napa Valley / NVMAW &#8211; Brazilian Jiu-Jitsu Academy,good,,2026-06-22T18:13:07+00:00
62da48dd-cd2f-4ed4-9f3d-89172a989b45,200,1,1,433,Wix,"Shotokan Karate Academy Suisun City | Karate for Kids | Suisun City, CA, USA",good,,2026-06-22T18:13:07+00:00
c751ba98-6dcd-472f-b344-86619fc9b1d9,0,0,0,11,,,broken,connection failed,2026-06-22T18:13:07+00:00
6e735e05-8a32-4256-9377-e0062ff00768,200,1,1,354,,Adult Grappling Vacaville | Vacaville Grappling Academy,good,,2026-06-22T18:13:07+00:00
c2aabf06-785f-493d-91b8-dd16a95ed2c8,200,1,1,1723,WordPress,Napa Valley Brazilian Jiu Jitsu,good,,2026-06-22T18:13:07+00:00
846c71d3-6a6b-46fa-be1e-7cd9ad7ea78d,0,0,0,41,,,broken,connection failed,2026-06-22T18:13:07+00:00
537f92de-85d5-49fa-9d1d-39a8567ac0fa,202,0,0,193,,,weak,,2026-06-22T18:13:07+00:00
35151c4c-27d1-40a8-8b08-9d1aff64d1d7,200,0,0,97,,,weak,,2026-06-22T18:13:07+00:00
968e00a2-239a-4a4e-b323-563d878499ad,200,1,1,503,WordPress,Home - Team Alpha Brazilian Jiu Jitsu - Fairfield,good,,2026-06-22T18:13:07+00:00
9cf5a235-b930-4101-bc68-77218cfd90e3,403,1,1,149,,Just a moment...,broken,,2026-06-22T18:13:07+00:00
6f76ecc0-0847-47c8-b91c-e7be50b4f532,200,1,1,413,Squarespace,"Mobile Fascia Mobile Fascia cupping therapy, red light therapy, CBD oil, deep tissue massage, healing, locals spot for bodywork",good,,2026-06-22T18:13:07+00:00
d26de6cb-0b06-46a9-a5b5-ac034d81e44f,0,0,0,15138,,,broken,connection failed,2026-06-22T18:13:07+00:00
b0f3cd9e-679c-4260-bad9-6d55cee31d4f,200,1,1,2934,Wix,FEVAS Academy | Fairfield | BJJ Judo Wrestling MMA Kickboxing Self-Defense,good,,2026-06-22T18:13:08+00:00
be2173f9-bbc7-4551-b5b9-e9b632e7f518,200,1,1,543,GoDaddy,Sugar Thai Massage Professional Massage Services | Book Online,good,,2026-06-22T18:13:08+00:00
d79736cb-123f-437a-9bd3-5e28d11399be,200,0,0,178,,,weak,,2026-06-22T18:13:08+00:00
0bd98bfe-3832-43b8-9109-ec59420d86d6,200,1,1,461,Weebly,SPA WORLD SPA- ESSENCE OF HEALTH & BEAUTY- THAI MASSAGE | SPA WORLD SPA Thai Massage & Healing Remedies (707) 909-5678,good,,2026-06-22T18:13:08+00:00
0aa0f1ae-bcaf-42df-8853-2dcf6973a977,200,1,1,1173,WordPress,Martial Arts School Near Me in Vallejo | Woody Sims Kajukenbo,good,,2026-06-22T18:13:08+00:00
710fe936-a423-4526-8b47-f490226384b0,0,0,0,41,,,broken,connection failed,2026-06-22T18:13:08+00:00
055dde30-a2eb-4081-a88d-3975a3bcbf75,200,0,0,110,,,weak,,2026-06-22T18:13:08+00:00
8560d9d4-bf23-4b4f-9070-083394d0949f,200,1,1,676,Weebly,Best Massage in Napa 2025 | Sana Sana Bodywork Collective | Sana Sana,good,,2026-06-22T18:13:08+00:00
c6ff12e5-3fc5-4708-94a1-f5f8cd4caa4e,200,1,1,7665,GoDaddy,"Emergency Locksmith Service in Vallejo, CA",weak,,2026-06-22T18:13:08+00:00
8565a853-d4d6-4eb3-a998-42fbd0dc4642,200,1,1,512,WordPress,Benicia Massage Therapists | Chetawan Therapeutic Thai Massage,good,,2026-06-22T18:13:08+00:00
21a7d20b-7f35-4802-a4bf-50a01dcf6527,200,1,1,428,,Everybody's Buddy&#174; therapeutic self-massage tool,good,,2026-06-22T18:13:08+00:00
c6564517-7211-4fa1-adbd-31efc906897a,200,1,1,346,Wix,The Body Shop Massage &amp; Wellness | Best massage near me Woodland &amp; Fairfield CA,good,,2026-06-22T18:13:08+00:00
d5831eb1-f0fb-4996-a081-4e1382d9f86f,200,1,1,603,,Home,good,,2026-06-22T18:13:09+00:00
0b010a78-9698-4a93-ab99-e74c331b31cc,200,1,1,260,GoDaddy,YourPerfectTouchMassage.com is for sale | HugeDomains,good,,2026-06-22T18:13:09+00:00
e5f9e81c-1323-48fd-b449-40a51529a571,200,1,1,829,,"Massage Association for Massage &amp; Bodywork Professionals, Students &amp; Educators | ABMP",good,,2026-06-22T18:13:09+00:00
9863f8e3-19c9-4bca-98b7-5eba41b044f1,200,0,1,460,,BADAK88: Jurus Gacor Tembus Jackpot Paling Tangguh Biar Dompet Makin Tebal,weak,,2026-06-22T18:13:09+00:00
114bc4cf-0d43-4848-9043-55c4b9e069aa,200,1,1,307,Wix,"Blissfusion Wellness Lounge l Vacaville, CA",good,,2026-06-22T18:13:09+00:00
1894f24e-b005-4d81-9d63-50e0ebbb70f2,200,1,1,2159,WordPress,Home - Firm Hands Gentle Touch,good,,2026-06-22T18:13:09+00:00
1a3a1d47-b1ef-4daf-abfb-de9276fa692e,200,1,1,301,Squarespace,Exceptional Aesthetics MedSpa,good,,2026-06-22T18:13:09+00:00
e278d5e5-b82d-4aba-ae5c-0557933050db,200,1,1,309,Webflow,Napa Aesthetics,good,,2026-06-22T18:13:10+00:00
ac6f2e3c-6214-40da-9ac2-f77bbbb811e5,200,1,1,835,WordPress,"L. Britt Swor-Yim, M.D. - Facial Aesthetic Specialist",good,,2026-06-22T18:13:10+00:00
d65ec638-0f44-4d11-8ed8-aa4c50fe2b47,200,1,1,813,,4th Annual Self Love Retreat in St Helena - Checkout,good,,2026-06-22T18:13:10+00:00
64250863-9656-4733-81e7-592d0b698ed2,200,1,1,523,Wix,Nude Medical Aesthetics | Skin Health &amp; Wellness | Downtown Napa Medical Spa,good,,2026-06-22T18:13:10+00:00
c140791a-e7d8-4600-a69c-b6b738980007,200,1,1,295,Squarespace,Root Cause Wellness &amp; Aesthetics | Enhance Your Beauty Today,good,,2026-06-22T18:13:10+00:00
4bdf63bc-0e41-42d8-a342-d93669f6becf,200,1,1,475,WordPress,"Rella Aesthetics Med Spa | Botox, Weight Loss &amp; Skin Care | Vacaville &amp; Napa CA",good,,2026-06-22T18:13:10+00:00
14ac8c04-6ba7-484d-83b8-5556dfdbf3a2,0,0,0,8965,,,broken,connection failed,2026-06-22T18:13:10+00:00
65d4c7ca-1935-4259-9c2e-1a84a043d5c8,200,1,1,320,,Home | Trufusion,good,,2026-06-22T18:13:10+00:00
6e9d3ea9-35bb-4c0b-a052-c6981ddca2ba,200,1,1,1810,Wix,HOME | Canyon Medispa,good,,2026-06-22T18:13:10+00:00
889fced2-0ee6-48cd-8d09-d6d1a85f0c74,200,1,1,296,,Pizza Men Mediterranean,good,,2026-06-22T18:13:11+00:00
00b3a0d2-3e7a-4e71-9e09-9c0378728091,200,1,1,156,Webflow,"S&amp;amp;S Deli, Delicatessen Restaurant, 4437 Central Pl",good,,2026-06-22T18:13:11+00:00
0df75dc2-73dc-419a-af39-93a8654dbc75,404,1,0,418,Squarespace,Squarespace - Website Expired,broken,,2026-06-22T18:13:11+00:00
cc2687b9-9028-405e-940f-44eda84aee6f,0,0,0,108,,,broken,connection failed,2026-06-22T18:13:11+00:00
e4d405e3-6c59-436f-93b5-c247a3da57a9,200,1,1,2542,Wix,Massage Therapy | Tune Up Holistic Care | United States,good,,2026-06-22T18:13:11+00:00
6f4aea7a-3b2e-4485-821f-64c32bdc1e11,0,0,0,39,,,broken,connection failed,2026-06-22T18:13:11+00:00
60abba7b-a0f8-4e38-8735-756c4859a141,200,1,1,15451,,Americas Best Value Inn,weak,,2026-06-22T18:13:11+00:00
f015fb5f-fddb-4be1-b438-613b952800ed,403,1,1,253,,Just a moment...,broken,,2026-06-22T18:13:11+00:00
4a904b5b-9d4d-4d90-a1e0-4608e5a92af3,200,1,1,2252,WordPress,"CryoAid – Reduce Inflammation, Relieve Pain, Recover Faster",good,,2026-06-22T18:13:11+00:00
df66c079-aadf-4533-98e3-a6d31fc7dacb,202,0,0,69,,,weak,,2026-06-22T18:13:11+00:00
f0cd9f7b-f140-4bc6-819f-ef4fcb9b0fa3,200,1,1,869,GoDaddy,"The best mediterranean, greek, middle east food of Vallejo, Califonia.",good,,2026-06-22T18:13:11+00:00
ad828f6f-5cb1-44d2-aa3f-e75759fdf7ab,200,1,1,537,WordPress,Homepage - Azteca Mexican Restaurants,good,,2026-06-22T18:13:11+00:00
cf834a2a-2bb7-4ec1-af4d-e69fa6a0591e,200,1,1,649,,Authentic Mexican Cuisine in Napa - Don Perico | Don Perico Mexican Restaurant,good,,2026-06-22T18:13:11+00:00
2b309ba3-aa1a-4069-a5cd-07be85a7158a,403,1,1,41,,Just a moment...,broken,,2026-06-22T18:13:11+00:00
06da54b9-c9b1-4753-830c-e6c6f3f054ae,200,1,1,976,,"Falafel, Pitas, Burgers & Gyros Small World Napa | Middle Eastern Napa Mediterranean Restaurant",good,,2026-06-22T18:13:12+00:00
76540107-a020-4b1a-858f-16ea2ddd5ec5,200,0,1,98,Webflow,"Gonzalez Mexican Restaurant, Mexican Restaurant, 2164 Springs Rd",weak,,2026-06-22T18:13:12+00:00
c8dba2d6-60ed-4979-89d6-5361820628be,0,0,0,38,,,broken,connection failed,2026-06-22T18:13:12+00:00
7dd1ebb1-aa9f-42c3-8d75-abbcb035642f,200,1,1,652,,"Authentic Mexican Restaurant in Napa, CA | El Guadalajara",good,,2026-06-22T18:13:12+00:00
865a0db9-4762-4861-afb8-c57c325dd103,404,1,0,412,,,broken,,2026-06-22T18:13:12+00:00
0990f56a-e04f-4063-a413-01a1c647748e,200,0,1,4751,WordPress,"Refresh Bodywork Therapy &#8211; Move Better, Feel Better",weak,,2026-06-22T18:13:12+00:00
61889133-560c-4e49-a705-1f7825ac32d3,0,0,0,102,,,broken,connection failed,2026-06-22T18:13:12+00:00
df9be565-50c4-4399-b3fc-093a783befee,403,1,1,350,,Just a moment...,broken,,2026-06-22T18:13:12+00:00
61086313-f667-4db9-8861-0f5e20089c5f,200,1,1,811,,Mexican Food Vacaville Mexican Seafood Restaurant Tacos Vacaville,good,,2026-06-22T18:13:12+00:00
4c1813d1-4fff-46e0-8262-25ba4f06f5aa,0,0,0,124,,,broken,connection failed,2026-06-22T18:13:12+00:00
03fe74d8-e2e8-41da-947b-5b04b8d2bc7d,200,1,1,341,,Tacos La Esperanza,good,,2026-06-22T18:13:12+00:00
51c7de57-cd38-430e-b02d-0daa24b91ed8,200,1,1,227,,SITUS JUDI BOLA â½ Link Alternatif Bandar Situs Daftar Judi Bola Mix Parlay Terbaru,good,,2026-06-22T18:13:12+00:00
ba2b5ae0-be51-436c-b1ae-6efacfb5afd0,200,1,1,2055,WordPress,Skin Medica MD,good,,2026-06-22T18:13:12+00:00
65b7c843-3bd5-489b-99b5-af4f110b3dfb,200,1,1,146,Webflow,"Lupitas Kitchen, Restaurant, 470 N Adams St",good,,2026-06-22T18:13:12+00:00
694fa6e4-2720-4dee-86b9-2409d995be4d,200,1,1,775,,"Favela&apos;s Fusion - Fairfield, CA",good,,2026-06-22T18:13:12+00:00
3382474d-fecc-43b7-9f98-11348f1776c9,200,1,1,425,WordPress,Los Agaves Napa,good,,2026-06-22T18:13:12+00:00
9a599c20-10d3-4e06-b189-4138fcea164f,200,1,1,527,,Order Authentic Mexican Online | Linda Patria Restaurant - Pickup or Delivery Available,good,,2026-06-22T18:13:12+00:00
c78b19e8-8a4f-43b6-9960-4f848a882202,200,1,1,632,,La Condesa Taqueria - Takeaway food - Napa - Order online,good,,2026-06-22T18:13:12+00:00
0698ff5b-e1cf-4761-b31a-64d37fa8cfc7,200,1,1,399,Wix,Catering in Napa | Mercadito | Farm To Table Chef,good,,2026-06-22T18:13:13+00:00
62c5ccbe-eff2-446b-868b-b5f9c0729250,0,0,0,20,,,broken,connection failed,2026-06-22T18:13:13+00:00
7e788db5-6606-4959-9912-ead1a5e4cb36,200,1,1,2057,Wix,Catering Menu | The Taste Of The Med,good,,2026-06-22T18:13:13+00:00
c06edc4b-0e73-4b82-9ebb-936f8ac2f602,200,1,1,526,Wix,Home | Oaxaca Cuisine,good,,2026-06-22T18:13:13+00:00
a6d298e0-4a8d-43d4-910b-7f4b73bc90da,0,0,0,26,,,broken,connection failed,2026-06-22T18:13:13+00:00
eecb8eb1-ca1f-41e5-be5e-f74da11b88d7,202,1,0,243,,,weak,,2026-06-22T18:13:13+00:00
bdc0450a-ae81-4a48-9a9b-25da60a3f698,200,1,1,628,,"Rancho Fino Cocina Mexicana - Fairfield, CA",good,,2026-06-22T18:13:13+00:00
50d21b55-e995-4365-8506-61aedbc112f8,200,1,1,774,WordPress,Visit Fairfield and Downtown Fairfield CA,good,,2026-06-22T18:13:13+00:00
b0f1a535-2786-4fcc-b086-1139cdfd0cc2,0,0,0,102,,,broken,connection failed,2026-06-22T18:13:13+00:00
f73d3592-4a12-43c8-9082-b387fdd69d1a,403,1,1,88,,Just a moment...,broken,,2026-06-22T18:13:13+00:00
6b2e6dfd-6f99-4316-86e4-1f9830bf6f3a,200,0,1,1432,,ZEUS4D >> Link Slot Deposit 1000 Gacor Via Aplikasi Dana Tanpa Potongan,weak,,2026-06-22T18:13:13+00:00
c99b73a5-13cf-404b-a14b-5f0d03dcbf75,200,1,1,310,,Online Ordering | Clover,good,,2026-06-22T18:13:13+00:00
89b5958f-bb99-45fc-bc3c-a3eaa2c11c32,200,1,1,1408,Wix,Marias Taco and Bar | Mexican food | Solano County,good,,2026-06-22T18:13:14+00:00
46a442cd-65db-4ab4-ae9f-18a662af1b9d,403,0,0,246,,,broken,,2026-06-22T18:13:14+00:00
e8032414-7c5e-4af3-9407-bd7a5e4af22e,200,1,1,428,Squarespace,Vargas Market &amp; Taqueria,good,,2026-06-22T18:13:14+00:00
1ebe4787-7ec2-4c89-a1f5-d309ea0b71f1,200,1,1,396,Wix,American Financial | Real Estate Services,good,,2026-06-22T18:13:14+00:00
9912ef69-9bb7-42b5-92d1-939aa743e122,410,1,1,1059,,"Taqueria El Tejaban, 871 Merchant Street, Vacaville, CA - Groupon",broken,,2026-06-22T18:13:14+00:00
3861a617-ea51-4813-9f7a-d3dce462c9cd,410,1,1,976,,"Taqueria Mexico Restaurant, 133 Main Street, Rio Vista, CA - Groupon",broken,,2026-06-22T18:13:14+00:00
844cf25f-4ece-4f3d-a920-46495dd88639,200,0,0,114,,Web Page Under Construction,weak,,2026-06-22T18:13:14+00:00
21515646-799c-4354-a533-bd7709cb4ac1,403,1,1,179,,Just a moment...,broken,,2026-06-22T18:13:14+00:00
ed7b1e72-52de-4221-826e-9ee05113e9fe,404,1,1,451,,The resource cannot be found.,broken,,2026-06-22T18:13:14+00:00
ef2d750a-6326-421d-aea4-d2f3f943964e,0,0,0,15118,,,broken,connection failed,2026-06-22T18:13:14+00:00
ecdf1821-3fd2-40a0-8bc6-0982b40eae68,200,1,1,551,,"Brickhouse Mortgage, Inc",good,,2026-06-22T18:13:14+00:00
1d80c2ad-6b03-4e89-b569-3b80ecb16acb,200,1,1,423,Wix,Deb Sundlie Team | california mortgage broker,good,,2026-06-22T18:13:15+00:00
339d5d22-0a1f-4449-bc35-6261ea535f63,403,1,0,402,,403 - Forbidden: Access is denied.,broken,,2026-06-22T18:13:15+00:00
04ebb787-2f0c-4fce-a66f-5147bb6655b5,200,1,1,2575,WordPress,"Los Reyes Restaurante | Best Mexican Food in Vacaville, CA",good,,2026-06-22T18:13:15+00:00
1a653dd4-9f5d-47de-aa3d-d56280bede80,403,1,1,7815,,Just a moment...,broken,,2026-06-22T18:13:15+00:00
c24fe56a-85fc-41fe-9e7c-6dd91a747cba,200,1,0,162,,Consumer Access - Browser Warning,weak,,2026-06-22T18:13:15+00:00
39b20848-fd6b-4877-add8-bf37b69328a6,0,0,0,281,,,broken,"ssl: HTTPSConnectionPool(host='www.nimbloan.com', port=443): Max retries exceeded with url: / (Caused by ",2026-06-22T18:13:15+00:00
b557bab4-8f8c-4251-ad25-00cfce3919fd,200,1,1,166,,"Mortgage Branch | Vacaville, CA",good,,2026-06-22T18:13:15+00:00
e3419762-4521-4449-aa7b-928f32c6435e,200,1,1,127,WordPress,Award Winning Loan Officer Vacaville CA | Stacey Solutions,good,,2026-06-22T18:13:15+00:00
541d8b06-b2fe-4e82-a273-2492cd116da0,200,1,1,1076,,Mortgage Broker - C2 Financial,good,,2026-06-22T18:13:15+00:00
613587fc-0c15-4339-9713-99077585593f,200,1,1,311,,GoodSpring Motel | Official Website,good,,2026-06-22T18:13:15+00:00
cbc12791-b2df-4a92-b965-0d23a93ef87d,200,1,1,959,WordPress,California Mortgage Broker | KCM Home Loans,good,,2026-06-22T18:13:15+00:00
99d7c393-8dc2-47cc-a7eb-21a1b77d7beb,200,1,1,1318,WordPress,"Home Loans in Vacaville, CA Branch #8133 | CrossCountry Mortgage",good,,2026-06-22T18:13:15+00:00
5bd6180d-9e97-4f92-86ad-0c957ef45f77,404,1,1,702,,,broken,,2026-06-22T18:13:15+00:00
407ee2a8-a37e-474d-b10e-9d39cfb3d07b,0,0,0,111,,,broken,connection failed,2026-06-22T18:13:16+00:00
a8e06171-5a20-45d0-bbfc-91ef66425055,200,1,1,216,WordPress,AMAZING NAILS &amp; SPA,good,,2026-06-22T18:13:16+00:00
bc751c7e-ecdd-441e-a6aa-b2fa693cf0c4,200,1,1,594,,"Your Lending Team Official: TikTok, Instagram, Facebook | Linktree",good,,2026-06-22T18:13:16+00:00
5ca0cfd3-f23a-4dea-bc50-eef97dd6c12e,200,1,1,1074,WordPress,"Napa Valley Lending | Napa, California | Napa Home Loans | Napa Purchase Loans | Napa Refinance and Mortgage | Napa Valley Lending - Home",good,,2026-06-22T18:13:16+00:00
1b9ee1b2-d9d5-41bf-821c-41e9e8963296,200,1,1,346,,LLDTEK Inc.,good,,2026-06-22T18:13:16+00:00
7ece0b38-0d5b-4a5e-99b9-bcdb1aa6cdb6,400,1,1,222,,Error,broken,,2026-06-22T18:13:16+00:00
27ecb6fd-07f9-450d-89b5-f10352a5ed38,200,1,1,289,WordPress,Booking Online - Avalon Nail Spa,good,,2026-06-22T18:13:16+00:00
f5482b18-2afc-4dcf-8f33-76c59b69ab8d,200,1,1,234,WordPress,City Nails &#8211; Places Review,good,,2026-06-22T18:13:16+00:00
b73c9a19-9a2d-478a-8ec2-b9faf36511ba,200,1,1,308,,Blossom Nails,good,,2026-06-22T18:13:16+00:00
944c7980-eeec-45a6-ade9-f9dce84b9b3c,200,1,1,387,,"Bellagio Nails Spa | Top Nails Salon in American Canyon, California 94503",good,,2026-06-22T18:13:16+00:00
c46f8f1d-238a-4e0c-90eb-43d4d1802e98,200,1,1,157,Webflow,"Diamond Nails &amp;amp; Spa, Manicurists, Pedicurist, 2375 California Blvd",good,,2026-06-22T18:13:16+00:00
7006b41c-100f-4c9e-9564-ab07304c79c1,200,1,1,876,WordPress,Luxury 5 Star Napa Lifestyle Hotel | Sttupa Estate,good,,2026-06-22T18:13:16+00:00
f7bbe369-8576-4719-895e-04a9c84d999d,200,0,1,184,,Checking your browser...,weak,,2026-06-22T18:13:16+00:00
da243636-e028-44e2-94fd-80b0b54bb1a0,200,1,1,316,,LLDTEK Inc.,good,,2026-06-22T18:13:16+00:00
99604ed6-3345-4064-9270-3b78fa5bc8f3,429,1,1,186,,Just a moment...,broken,,2026-06-22T18:13:16+00:00
c71e85e6-3bae-4f8a-a8c4-2806f6eab0f3,200,0,1,373,,"Happy Nails and Spa | Nail salon in Vacaville, CA 95687",weak,,2026-06-22T18:13:16+00:00
1f429327-42f7-4e6a-97a9-26a2246242f0,0,0,0,12,,,broken,connection failed,2026-06-22T18:13:16+00:00
d06bffb0-3a7e-4978-8369-f1e82661709d,0,0,0,39,,,broken,connection failed,2026-06-22T18:13:16+00:00
cb7cd714-fcc1-404e-800b-79ab39a7c9d5,200,1,1,361,,Hawaii Nails &amp; Spa,good,,2026-06-22T18:13:16+00:00
fc3621e5-6477-40ec-b88a-78fd154dca43,200,1,1,438,,"Eco Polish Boutique - The most loved Nail salon in Napa, CA 94558",good,,2026-06-22T18:13:16+00:00
875c641c-1e7f-4e21-86ff-08cfc2dc3102,0,0,0,33,,,broken,connection failed,2026-06-22T18:13:16+00:00
4600eebb-7974-4da5-9046-4f31d2e00895,200,1,1,2095,WordPress,"Jen Wilson - GTG Financial, Inc.",good,,2026-06-22T18:13:16+00:00
b3f32713-d345-48ff-959a-8f3127697d63,0,0,0,14,,,broken,connection failed,2026-06-22T18:13:16+00:00
e96f9122-96d2-4aa5-b76f-2dd5d5449304,200,0,0,229,,,weak,,2026-06-22T18:13:17+00:00
535c1ea8-aad8-4923-9114-fa3ff6191af6,200,1,0,235,,Apache Tomcat Examples,weak,,2026-06-22T18:13:17+00:00
a5482974-a96e-4017-a8e6-a2e44b1ad390,200,1,1,310,,"London Nail Care II in Vallejo, CA – Reviews, Hours, and Contact Details",good,,2026-06-22T18:13:17+00:00
9570a4ad-a74c-44d3-bf1c-1897bb4922e1,200,1,1,724,,honeywinnails - HONEY WIN NAILS,good,,2026-06-22T18:13:17+00:00
96f6da02-3f7e-4d5f-b235-cbe984d40b74,200,1,1,334,,"Nails Care | Top Nails Salon in Vallejo, CA 94590",good,,2026-06-22T18:13:17+00:00
8f9b705a-f4ee-425e-acc0-f794df4a8d33,200,1,1,782,,California Board of Barbering and Cosmetology,good,,2026-06-22T18:13:17+00:00
17abbcb5-4d30-4574-ab39-610b18c44500,200,1,1,575,,Lavish Nails & Spa,good,,2026-06-22T18:13:17+00:00
f98228a4-6f51-48fa-aece-bfa9cc89e820,200,1,1,274,,Nail Design | Booking Nails | booking.gocheckin.net,good,,2026-06-22T18:13:17+00:00
f220ee4e-9624-4cb3-a523-201c9b36dca1,200,1,1,463,,"Nails By Merci | Health &amp; Beauty in Napa, CA",good,,2026-06-22T18:13:17+00:00
7539bcde-07c7-4c2e-9b2e-3850ba0d3991,200,1,1,93,,Polished Nails & Spa,good,,2026-06-22T18:13:17+00:00
91c6d024-b1a3-4f44-96ba-b574dbf274ae,200,0,0,171,,,weak,,2026-06-22T18:13:17+00:00
31683fa0-cec4-4b71-8c13-2f0a0362efed,200,1,1,179,Webflow,"Tommy Nails, Manicurists, Pedicurist, 722 Webster St",good,,2026-06-22T18:13:17+00:00
60084dc8-e5e5-45bd-9bd0-82aa530f46fa,200,1,1,715,Squarespace,Schedule Appointment with Restore Treatments by Briana Wade,good,,2026-06-22T18:13:17+00:00
0f06cc79-ed8e-4cdd-a1ff-37b0bcad7e61,200,0,1,224,,ip-45-56-79-23.cloudezapp.io,weak,,2026-06-22T18:13:17+00:00
bdae8b7d-9bb8-48f0-bb41-6878e5304360,200,1,1,2006,Wix,Nail Salon | Brigdette's Nail &amp; Spa | Vacaville Pictures | Brigdette's Nail &amp; Sp,good,,2026-06-22T18:13:18+00:00
ecd8943d-9257-4fbb-931b-2f731ef5bf7f,200,1,1,638,GoDaddy,Calistoga Beauty Salon &amp; Day Spa,good,,2026-06-22T18:13:18+00:00
0f1dd361-b4a4-44c8-8228-aa573d30dc92,200,1,1,755,,PHOEBE’S NAIL BAR - Phoebe&rsquo;s Nail Bar,good,,2026-06-22T18:13:18+00:00
e52416e8-cb68-4616-b4c3-bc491109d8ec,200,1,1,156,Webflow,"Waterman Nails and Spa, Nail Salon, 2401 Waterman Blvd",good,,2026-06-22T18:13:18+00:00
d891c963-5e56-4416-af8d-59d316fc31d1,200,1,1,249,WordPress,Mobile Identity Services,good,,2026-06-22T18:13:18+00:00
ceb6813d-da31-4c37-8da8-259daf67e6b5,200,1,1,396,Wix,"Insurance | SayYes2FGA | Fairfield, CA, 94533",good,,2026-06-22T18:13:18+00:00
f2fd8d0f-e400-48b8-9fb2-947cd277d339,200,1,1,572,,Venus Nails &amp; Spa - Nail Salon in Napa CA 94559,good,,2026-06-22T18:13:18+00:00
cca9205d-0d28-4da4-aae0-0c1413a23bd7,200,1,1,1653,WordPress,"Home - Waxing, Facials and Nails Salon in Benicia California",good,,2026-06-22T18:13:18+00:00
c0c4a417-c007-4f74-a3f5-a3b0770731b4,200,1,1,836,,California Board of Barbering and Cosmetology,good,,2026-06-22T18:13:18+00:00
864835ba-6b19-470a-a940-da7a24479d2f,404,1,1,311,Wix,,broken,,2026-06-22T18:13:18+00:00
0a432ebe-c47e-41bd-b608-62049f5825c7,200,1,1,10481,GoDaddy,"Spa Uva - Massage, Massage Therapy, Deep Tissue Massage",weak,,2026-06-22T18:13:19+00:00
e048d845-32eb-4e3e-969a-2f88d80239d6,200,1,0,455,,Optometry.net - Error,weak,,2026-06-22T18:13:19+00:00
9dfd4485-eb2c-4694-bc0f-aa8f300b15d9,403,1,1,934,,403 - Forbidden,broken,,2026-06-22T18:13:19+00:00
83bbe80b-8870-4909-a41a-99e46ffa2021,200,1,1,336,Weebly,Larsen Eye Group Dr Edwin K Larsen - Home,good,,2026-06-22T18:13:19+00:00
4836a010-c098-4865-8f76-916476eeff5a,0,0,0,114,,,broken,connection failed,2026-06-22T18:13:19+00:00
5002c7bd-9b6c-4635-97e4-e4603db022a7,200,1,1,656,Wix,HOME | Smart Simple Notary,good,,2026-06-22T18:13:19+00:00
9d529268-7dd2-4bcc-ab2f-866d6434278f,200,1,1,1687,WordPress,"Pro Nails | Complete Guide to Professional Nails, Care, Art &amp; Products",good,,2026-06-22T18:13:19+00:00
a7859eb3-d88e-412e-ae0a-83da1f12d60f,200,1,1,734,Weebly,"Mendoza Family Eye Care - Optometrist in Vallejo, CA",good,,2026-06-22T18:13:19+00:00
b1884929-9798-4024-aa7d-56eb73068d9d,0,0,0,480,,,broken,"ssl: HTTPSConnectionPool(host='www.robertandersonortho.com', port=443): Max retries exceeded with url: / ",2026-06-22T18:13:19+00:00
31f51062-4c24-4487-bdf0-a322e9d7673a,200,1,1,1107,Wix,"Dr. Ngo's Eyecare Service | Eyecare | Vacaville, CA, USA",good,,2026-06-22T18:13:19+00:00
3f955c5f-438d-4b5d-a4f1-746242dcafdb,403,0,1,759,,403 - Forbidden,broken,,2026-06-22T18:13:19+00:00
9a20fbd7-21e3-4945-afff-815c385bedfe,0,0,0,662,,,broken,"ssl: HTTPSConnectionPool(host='www.scott-ortho.com', port=443): Max retries exceeded with url: / (Caused ",2026-06-22T18:13:19+00:00
d644f2ff-c6ad-49a9-99cf-a2f01fbfd210,200,1,1,359,WordPress,Orthodontist Near Me | Orthodontics Vacaville CA,good,,2026-06-22T18:13:19+00:00
d9ea83da-09e4-479c-8743-78f90816b371,200,1,1,843,WordPress,"Home - Travis Family Optometry - Eye Doctor in Fairfield, CA",good,,2026-06-22T18:13:19+00:00
b4a3955f-d86a-402b-a9b0-54ee91c122c7,200,1,1,302,WordPress,Home | 2DXtreme Events,good,,2026-06-22T18:13:20+00:00
985265b6-9e54-49f5-9580-6715a22ad04e,200,1,1,720,,"Orthodontics in Concord, CA | Michael Teichman Orthodontics",good,,2026-06-22T18:13:20+00:00
c223ae7c-2705-468c-be98-eaca6d912ba3,200,1,1,569,GoDaddy,Welcome to Vintage Paving Company &#8211; General Engineering Contractors (530) 795-0132,good,,2026-06-22T18:13:20+00:00
6f61611d-6038-4550-86d9-bbac7bc046a8,200,1,1,236,WordPress,GV Smiles: Pediatric Dentistry &amp; Orthodontics in Fairfield,good,,2026-06-22T18:13:20+00:00
92949a2c-a1a4-4198-b776-0b76ff5ab4ca,200,1,1,1739,WordPress,Site for Sore Eyes | Leading Glasses &amp; Eyewear Provider,good,,2026-06-22T18:13:20+00:00
e80e6d57-2d1a-4533-85e3-d1942cae61c9,200,1,1,760,,American Canyon Pediatric Dentistry | Pediatric Dentist American Canyon CA,good,,2026-06-22T18:13:20+00:00
033bdd9c-3670-4612-a023-1eeba3810385,200,1,1,182,,Pedodontist in Vallejo | Children's Dentist in Vallejo | Vallejo Pedodontist,good,,2026-06-22T18:13:20+00:00
17957739-ef51-408b-97f0-98c24856c566,200,1,1,1534,WordPress,Roth Orthodontics | Creating beautiful smiles for children teens and adults,good,,2026-06-22T18:13:21+00:00
d38ec8ba-5be2-4cad-b52b-cb70a3514cb8,200,1,0,553,,Napa Pediatric Dentistry - (707) 265-8389 - Angie Ring DDS - Napa Pediatric Dentistry,weak,,2026-06-22T18:13:21+00:00
47bd2048-2736-4e7e-86a8-2d11d8b6c592,202,0,0,438,,,weak,,2026-06-22T18:13:21+00:00
ac91c2a5-6cea-4d52-9e87-e3f1f74abfbf,200,1,1,544,,"Napa Personal Injury Attorney Office - Bennett Johnson, LLP",good,,2026-06-22T18:13:21+00:00
8f09dc52-1e4a-47e0-93d3-6f03098afad2,200,1,1,824,WordPress,Vallejo Children&#8217;s Dentistry &#8211; Pediatric Dentist in Vallejo California,good,,2026-06-22T18:13:21+00:00
2903ccdf-bba3-4236-afc6-3adfa503b3fc,200,1,1,2771,WordPress,Braces &amp; Invisalign | American Canyon Orthodontics | Dr. Nichelini and Dr. Cozin,good,,2026-06-22T18:13:21+00:00
d3e9ab45-0cbb-47dc-96e3-d6c8853b3989,0,0,0,107,,,broken,connection failed,2026-06-22T18:13:22+00:00
4ff4656b-60c9-4d6d-843d-f6638a7f3854,200,1,1,739,WordPress,Attic Insulation Contractor Keeping Your Home Clean &amp; Safe | Attic Kings,good,,2026-06-22T18:13:22+00:00
ac3a0762-8b47-4a3f-b6a2-0a772075b1bf,200,1,1,172,Webflow,"Caudles K-Nine Castle, Pet Boarding, Grooming, 713 Merchant St Ste B",good,,2026-06-22T18:13:22+00:00
94a719bd-c92e-4ba8-a678-5f8c28ed0548,0,0,0,122,,,broken,"ssl: HTTPSConnectionPool(host='myspace.com', port=443): Max retries exceeded with url: /redspetgrooming (",2026-06-22T18:13:22+00:00
96919181-8703-4fbe-ac0d-dab43c2cd666,0,0,0,14,,,broken,connection failed,2026-06-22T18:13:22+00:00
4f54c083-6303-4de1-9209-e1b0f1a83edb,0,0,0,43,,,broken,connection failed,2026-06-22T18:13:22+00:00
6e0fce22-14b4-43e3-b0a3-ee5da15b60d1,200,1,1,528,,Pest Control BedBug Integrity Pest Management Fairfield,good,,2026-06-22T18:13:22+00:00
f10c3e12-fb54-4cf4-bb03-5df42a0719c9,0,0,0,110,,,broken,connection failed,2026-06-22T18:13:22+00:00
b25a3ad7-4f47-49db-bf1f-03e50c0f74e7,200,1,1,1151,GoDaddy,Campbell Law Group P.C,good,,2026-06-22T18:13:22+00:00
695d119a-9018-4f9f-8aa8-051664ce568f,200,1,1,2769,WordPress,"Orthodontist Napa, CA | Shanahan Orthodontics | Invisalign and Braces",good,,2026-06-22T18:13:22+00:00
661831c0-9e4a-4cda-8442-720d3ae8c719,200,1,1,282,,,good,,2026-06-22T18:13:22+00:00
7e1198b5-b98f-485d-951e-090904b8c1f1,200,1,1,325,Wix,Home | Aardvarks Adventure,good,,2026-06-22T18:13:22+00:00
c459066c-95a5-4ecd-93c6-dc96d7dab43e,0,0,0,43,,,broken,connection failed,2026-06-22T18:13:22+00:00
55fd8849-6bf7-401d-875b-f8df32497e00,200,1,1,270,,Dewi11 Link Slot Online Paling Hoki Dengan Jackpot Besar Setiap Saat Gacor,good,,2026-06-22T18:13:22+00:00
4d130b30-8230-4889-b2eb-8bc1705fdf5b,200,1,1,396,Wix,Furfield Pet Place| Pet Boarding and Daycare Near Me,good,,2026-06-22T18:13:22+00:00
5cf814de-7d97-4ff1-aab4-4b39cbbc4aea,200,1,1,250,Squarespace,napa natural dog co.,good,,2026-06-22T18:13:22+00:00
9fafc16e-4b19-48f8-bbc3-a19407ffc8d0,200,0,1,618,Weebly,"By Powell Bros., One-Stop Shop for Premium Pet Supplies & Accessories | Mugsy's Pet Supply & Barkery",weak,,2026-06-22T18:13:23+00:00
cacd7481-3580-41aa-9eb4-9a8b6927567e,0,0,0,47,,,broken,connection failed,2026-06-22T18:13:23+00:00
9168bc59-0302-447b-8eac-ffb996cced6b,200,1,1,470,Squarespace,Physical Therapy Napa,good,,2026-06-22T18:13:23+00:00
82159228-1b4e-4676-84f9-6853340fea0f,200,1,1,241,Squarespace,Sports Rehab Physical Therapy &amp; Pilates,good,,2026-06-22T18:13:23+00:00
abd9eb88-5e3b-44a2-81fc-89be53126f56,200,1,1,719,GoDaddy,Physical Therapy - Jamie Nelson Physical Therapy and Wellness,good,,2026-06-22T18:13:23+00:00
b7934136-fe29-4974-8055-1f34247bb611,200,1,1,405,WordPress,Perfect Fit Pilates &#8211; Pilates for EVERY-body,good,,2026-06-22T18:13:23+00:00
16311884-0277-479e-86bc-d13278c0773b,200,1,1,1153,Shopify,Western Ranch Supply,good,,2026-06-22T18:13:23+00:00
e0839543-38c1-4d81-963e-cfa26519757a,0,0,0,50,,,broken,connection failed,2026-06-22T18:13:23+00:00
e1fb673b-a9ab-4ebd-adcd-332aa0ce00be,200,1,1,383,Squarespace,The Pilates Practice,good,,2026-06-22T18:13:23+00:00
65089ee3-8740-4384-a9d8-3372d173760b,403,1,1,179,,Just a moment...,broken,,2026-06-22T18:13:24+00:00
fac09647-444c-4d1a-aa8c-2448382dbb2e,200,1,1,1669,Shopify,The Pet Shop,good,,2026-06-22T18:13:24+00:00
8ef37ae8-bb78-4a0e-840e-99bb51c33672,200,1,1,491,Wix,Quality Pizza | Cenario's Pizza,good,,2026-06-22T18:13:24+00:00
e29d5459-b639-46ce-a309-064f64bf1615,200,1,1,400,,New York Pizza Express Fairfield CA 94533,good,,2026-06-22T18:13:24+00:00
57a37aca-28a0-4230-a203-326facbe4b31,403,0,1,67,,Just a moment...,broken,,2026-06-22T18:13:24+00:00
7ec045c3-1e4f-440a-92e6-fdd76e0ab7cc,200,1,1,311,Squarespace,"Pizza Pirate - Benicia, CA",good,,2026-06-22T18:13:24+00:00
5c9ed27f-495b-4c0c-9942-1cae3b924f81,0,0,0,110,,,broken,connection failed,2026-06-22T18:13:24+00:00
1d377d0b-a487-454d-a730-a154e014abd6,403,1,1,2973,,Just a moment...,broken,,2026-06-22T18:13:24+00:00
0d1ad509-89e7-4eaf-a26f-c35bfc4b446d,200,1,1,188,WordPress,Home - Dowdle &amp; Sons Mechanical,good,,2026-06-22T18:13:24+00:00
307ea901-1aed-4283-a929-04ba6e5b0c6b,200,1,1,488,GoDaddy,"Napa, CA",good,,2026-06-22T18:13:24+00:00
6fec6475-5bc3-45fe-ae89-a84f0eb3d9f1,200,1,1,394,WordPress,Home - Don Nichols Plumbing,good,,2026-06-22T18:13:25+00:00
84af2720-54a9-4cee-934a-754a81583b85,200,1,1,4528,WordPress,Pediatric Dentist Napa CA | Howdy Pediatric Dental Studio,weak,,2026-06-22T18:13:25+00:00
e37b8190-d9cf-491b-838f-418e9c2b6b13,526,1,1,272,,renosplumbing.com | 526: Invalid SSL certificate,broken,,2026-06-22T18:13:25+00:00
18fc7264-e447-480a-9e5e-1f15f6bca089,200,1,1,304,,Plumbing Company in Benicia | Oak Plumbing,good,,2026-06-22T18:13:25+00:00
28216d2f-8e07-402a-94e5-beee0c9f63f4,200,0,0,135,,,weak,,2026-06-22T18:13:25+00:00
8af34ae4-8296-48c7-b1fc-ed29c4001a90,0,0,0,45,,,broken,connection failed,2026-06-22T18:13:25+00:00
a0eafa34-3392-48c4-8d40-82b253700f4a,403,1,1,229,,Just a moment...,broken,,2026-06-22T18:13:25+00:00
c271c3e5-e7d0-47f3-b491-c856aa0e6113,200,0,0,107,,,weak,,2026-06-22T18:13:25+00:00
0ac190d1-5ab8-473a-b5a6-ec9fc692d059,200,1,1,484,,"BJ and the Bears , Vallejo&#x27;s Premier Private Preschool for Ages 3-5",good,,2026-06-22T18:13:25+00:00
d8737738-550c-4da0-bac1-1f4fe48ccc35,200,1,1,828,Wix,"undisputed plumbers inc | plumber near me | 590 Levee Road, Bay Point, CA, USA",good,,2026-06-22T18:13:25+00:00
3f1f8e58-f7bf-4d00-85e4-84c4ee836bc8,200,1,1,2019,WordPress,LIVE FIRE OXBOW &#8211; Wood Fired Pizza &amp; More at Oxbow Market,good,,2026-06-22T18:13:25+00:00
48d131e8-dca8-453d-b96c-5cab97ef9851,200,1,1,285,Squarespace,"Le Petit Elephant Infant Care, Daycare, Preschool, And TK",good,,2026-06-22T18:13:25+00:00
94f03f59-9e1f-47aa-b17d-bdbdf44ac60f,404,1,1,73,,,broken,,2026-06-22T18:13:26+00:00
0a55418d-61d1-4f34-af94-f0e08228bd2b,200,1,1,417,Wix,Little Ivy Preschool | Napa childcare,good,,2026-06-22T18:13:26+00:00
679797e4-bd92-41d4-83e9-1956bbae28a2,200,1,1,279,,Little Treehouse Preschool,good,,2026-06-22T18:13:26+00:00
0fb53d43-f247-4b09-ba82-84c0142e3370,403,1,1,85,,Just a moment...,broken,,2026-06-22T18:13:26+00:00
d64a8a57-2ea1-48c4-b321-e30ace405912,200,1,1,798,GoDaddy,Happy Home Montessori,good,,2026-06-22T18:13:26+00:00
a8230e50-5057-4b31-9d1a-62bfccc0aaef,200,1,1,315,Squarespace,Seasons of Wonder,good,,2026-06-22T18:13:26+00:00
c576e86e-b394-480e-919b-299c2511b641,200,1,1,441,,Mee Mee&#039;s lil Grasshoppers,good,,2026-06-22T18:13:26+00:00
aa3c40cb-4aec-4fcd-97a4-a1aead3729dc,200,1,1,1872,WordPress,Wilfred&#039;s Lounge: Polynesian Restaurant &amp; Bar,good,,2026-06-22T18:13:26+00:00
b72856aa-75d6-4af9-bb6d-b16daafbfb4d,0,0,0,28,,,broken,connection failed,2026-06-22T18:13:26+00:00
67a06cec-05f7-4ac7-9186-ede36cdf9cb3,200,1,1,264,WordPress,"Saint Basil The Great Roman Catholic Church - Vallejo, CA",good,,2026-06-22T18:13:27+00:00
15ffe3bb-ed68-41c4-9eac-d8278a413f02,200,1,1,1647,WordPress,"Growing Hearts Early Learning Center - Preschool &amp; Childcare Center Serving Fairfield, CA",good,,2026-06-22T18:13:27+00:00
a587863f-db39-408e-a244-6c3e25d3e3d0,200,1,1,429,Squarespace,Tater Tots Christian Preschool,good,,2026-06-22T18:13:27+00:00
7fbb0a97-61c1-46cd-9af3-399547e61e2c,200,1,0,651,,St. Catherine of Siena School | Home,weak,,2026-06-22T18:13:27+00:00
45799c3f-626d-40f5-8027-cd9d8cee9dc7,200,1,1,67,WordPress,"Byte Federal - Bitcoin ATMs, Crypto Wallet &amp; POS Systems",good,,2026-06-22T18:13:27+00:00
25d02f59-62ca-4bb2-b5b6-9a0714f86f66,0,0,0,131,,,broken,"ssl: HTTPSConnectionPool(host='wchs-wintersjusd-ca.schoolloop.com', port=443): Max retries exceeded with ",2026-06-22T18:13:27+00:00
ff4b30b9-c7b5-4650-be87-6324ace2ae2c,200,1,1,535,,Taylor Made Academy,good,,2026-06-22T18:13:27+00:00
ee99951b-22b9-4217-a069-7f54d12b13b8,0,0,0,125,,,broken,connection failed,2026-06-22T18:13:27+00:00
c86e745d-ca75-4dff-83a1-e1d1227d5df6,202,1,0,335,,,weak,,2026-06-22T18:13:27+00:00
80157d27-eca9-4f6c-b55c-6301bf5d8e01,200,1,1,777,Wix,Preschool | Childcare | Napa | Wine Country Day Preschools,good,,2026-06-22T18:13:27+00:00
348c076e-29c2-459b-8e34-47df3695650f,0,0,0,101,,,broken,connection failed,2026-06-22T18:13:27+00:00
3db12f22-cc3c-4fe1-8e6e-6f896d318d08,403,1,0,283,,Request Rejected,broken,,2026-06-22T18:13:27+00:00
f9f33a58-8851-4bdf-b99a-5870bb51e2da,200,1,1,275,,Top Northern California Real Estate Agents | Arlowe Homes,good,,2026-06-22T18:13:28+00:00
678c741f-5f82-46ce-b4bd-4952750a8429,200,1,1,668,GoDaddy,Top Realtor in CA,good,,2026-06-22T18:13:28+00:00
3836513c-6129-431f-b961-a8c74d37d652,0,0,0,15075,,,broken,connection failed,2026-06-22T18:13:28+00:00
205e04fb-6b45-4d0b-bb8f-7a1915119c26,0,0,0,15706,,,broken,timeout,2026-06-22T18:13:28+00:00
55381271-dc30-43c4-957f-7d29e2ec675d,0,0,0,15137,,,broken,connection failed,2026-06-22T18:13:28+00:00
7ac6aa63-af41-4daa-ba25-d7b0f844f06d,404,1,1,280,Wix,,broken,,2026-06-22T18:13:28+00:00
fceba438-8c4a-47a0-9038-a5d72d21ed21,200,1,1,532,,Sober Living Riches,good,,2026-06-22T18:13:28+00:00
1320d2aa-ea38-4745-97bc-0a43f4a09877,200,1,1,681,,My Urban Home Team | Andrew Urban | Keller Williams Realty - East Bay,good,,2026-06-22T18:13:28+00:00
d79f8b63-8813-46cd-85a5-77e1f5939afa,200,1,1,8993,GoDaddy,"KELLER ENGINEERING &amp; ASPHALT SERVICES, INC. Ca Lic #985192 - Home",weak,,2026-06-22T18:13:28+00:00
ef36f9dd-9d9f-423c-a36b-3f221ebc694b,200,1,1,5786,GoDaddy,"Made for Movement Pilates in Fairfield, California",weak,,2026-06-22T18:13:28+00:00
8aabc940-d8c9-46ac-81db-0ceb2795e50e,218,0,0,309,,,weak,,2026-06-22T18:13:29+00:00
4a12f52a-2f4b-47f6-8f60-92c1bb4bd224,200,1,1,1185,,Amber Payne | Sales Associate | Corcoran Icon Properties,good,,2026-06-22T18:13:29+00:00
5496dded-8f94-459a-ac54-6caa06a5a8c7,200,1,1,318,,"Dylon Baker | Vacaville, CA Real Estate Agent",good,,2026-06-22T18:13:29+00:00
eec48784-dca6-4e7e-b2e7-55ab5a432002,0,0,0,110,,,broken,connection failed,2026-06-22T18:13:29+00:00
3191094b-65ae-43eb-9fcd-03876fed0294,200,1,1,375,,"Find Your Dream Home in Benicia, CA: Newest Listings&amp;Open Houses Drysdale Properties | Berkshire Hathaway HomeServices",good,,2026-06-22T18:13:29+00:00
6a1de923-b888-4fcf-a7b3-aba289b6da91,404,1,1,470,,404,broken,,2026-06-22T18:13:29+00:00
27ffee6d-1150-4ae0-99e6-f33f143b419c,0,0,0,111,,,broken,connection failed,2026-06-22T18:13:29+00:00
e3e3c515-e019-4618-9b45-965cd1bfc5b5,404,1,0,209,,,broken,,2026-06-22T18:13:29+00:00
4e468dbd-60e7-4596-bfba-8a6ba9696139,200,1,1,1251,,"Vanessa Nelson &amp; Elvira Ashmun specialize in Vallejo CA Homes, Real Estate, and Property Listings",good,,2026-06-22T18:13:29+00:00
55d763b1-eb80-4264-b2f4-63ed24580fa3,0,0,0,39,,,broken,connection failed,2026-06-22T18:13:29+00:00
8f9de617-d37c-43dd-9f81-700d8b8794cd,200,1,1,740,Wix,"Brandi Roberts, Travis AFB Realtor | Travis AFB Homes For Sale",good,,2026-06-22T18:13:30+00:00
186ab618-ba86-41ca-bfe2-09511781e3e0,200,1,1,503,,"Caroline Wiegardt, Real Estate Agent - Compass",good,,2026-06-22T18:13:30+00:00
6b8a0126-f670-487c-a8a0-e84da5f83b00,500,1,1,431,,,broken,,2026-06-22T18:13:30+00:00
7333b11c-0bcd-4e0a-a0b6-abd00bcaff05,200,1,1,900,,Bruno Versaci Vallejo &amp; East Bay Realtor,good,,2026-06-22T18:13:30+00:00
de194194-215c-428c-8372-673e069101c2,403,1,0,186,,ERROR: The request could not be satisfied,broken,,2026-06-22T18:13:30+00:00
5c2539be-6d33-4aa4-8917-8dbd884e314f,200,1,1,1375,WordPress,Home - Beth Braby,good,,2026-06-22T18:13:30+00:00
17bef2c3-8ddd-4022-a93d-bc24ef4b44e5,200,1,1,270,Squarespace,Chris Meadors | Napa &amp; Sonoma Valley Real Estate Agent,good,,2026-06-22T18:13:30+00:00
8edb9000-ae90-4133-965f-2d17f6770986,200,1,1,2282,WordPress,Annette Fewins,good,,2026-06-22T18:13:30+00:00
9ef0f518-d17e-407d-97f5-041d8ebf21dc,200,1,1,1635,WordPress,Bo Hee Ku,good,,2026-06-22T18:13:30+00:00
989aaa65-231f-4f55-ba9f-fb138813c505,200,1,1,781,WordPress,Stephen Tucker,good,,2026-06-22T18:13:30+00:00
61bd447c-b1ac-4c43-b84d-945db4555f8e,200,1,1,167,WordPress,Napa CA Real Estate | Connie &amp; Jamie - Napa Homes for Sale,good,,2026-06-22T18:13:30+00:00
446b9680-34bf-4248-a9f2-605b5bceeec5,200,1,1,541,,Home is closer than you think.,good,,2026-06-22T18:13:30+00:00
bcb83c88-d64a-4114-9b47-0ba059c7e8ab,200,1,1,357,,"Claudia Lopez, REALTOR",good,,2026-06-22T18:13:30+00:00
e40e6763-04dd-4436-9799-e48271f4941d,200,1,1,286,WordPress,"Cornerstone Real Estate, Home Loans &amp; Property Management | Vacaville, CA",good,,2026-06-22T18:13:31+00:00
0b53b780-679c-46be-b507-5a20c927b58e,200,1,1,422,WordPress,"Cornerstone Real Estate, Home Loans &amp; Property Management | Vacaville, CA",good,,2026-06-22T18:13:31+00:00
382133c8-89b7-4187-ac01-53579cb382d0,200,0,0,128,,DaveBridges,weak,,2026-06-22T18:13:31+00:00
512c5da1-e8b2-4e76-b4fb-2a6f254fdb32,404,1,1,3492,WordPress,Page not found - Twin Oaks Real Estate,broken,,2026-06-22T18:13:31+00:00
57d13cd2-c4d7-40c2-a410-37792d59db00,200,0,0,289,,,weak,,2026-06-22T18:13:31+00:00
c4508eb3-b8ad-4c8c-87e7-fb422897b90e,200,1,1,5105,WordPress,Napa Valley Nursery School &#8211; A parent participation co-op nursery school,weak,,2026-06-22T18:13:31+00:00
581df5c7-fa97-451b-8812-d8d78f2a9ab4,200,1,1,1088,WordPress,Cindy Poehls,good,,2026-06-22T18:13:31+00:00
78a7504b-d616-48a1-8c30-522ae7ba9baa,218,1,0,294,,,weak,,2026-06-22T18:13:31+00:00
4dc2e43a-158c-469d-ad6b-3da3b2d36568,200,1,1,1569,,"Real Estate, Homes for Sale, Home Values, Agents and Advice | REMAX",good,,2026-06-22T18:13:31+00:00
2962b439-f366-4bf2-8cd8-8814751bdab4,200,1,1,820,,"Real Estate, Homes for Sale, Home Values, Agents and Advice | REMAX",good,,2026-06-22T18:13:31+00:00
9a9ecb21-176e-4efb-a778-d46077c8050c,200,1,1,485,WordPress,Deanna Bessolo,good,,2026-06-22T18:13:31+00:00
bf8276d2-6a33-4a35-a11c-cb49d407d647,404,0,0,351,,,broken,,2026-06-22T18:13:31+00:00
ef655b6d-8726-4eea-9476-1008e38cc604,200,1,1,492,WordPress,Debbie Duncan,good,,2026-06-22T18:13:31+00:00
f356b676-c4bb-4ca6-aede-acd9c6bd8f00,403,1,0,158,,Request Rejected,broken,,2026-06-22T18:13:32+00:00
d0cdd369-8f80-47ae-907f-41563a6a0386,200,1,1,1230,,American Canyon CA Real Estate & Homes for Sale | REMAX Gold,good,,2026-06-22T18:13:32+00:00
38b87eb6-c9b8-4741-8c2e-7968df9e2c08,200,0,0,191,,,weak,,2026-06-22T18:13:32+00:00
2efe791f-73b3-429f-9f76-946368922793,200,1,1,413,Wix,HOME | McGuire Real Estate,good,,2026-06-22T18:13:32+00:00
c4cd87a8-319c-4f90-871a-f3230cb5cb9e,0,0,0,9,,,broken,connection failed,2026-06-22T18:13:32+00:00
f33d94c1-f803-4693-9fa1-67b4730cd3c6,0,0,0,38,,,broken,connection failed,2026-06-22T18:13:32+00:00
dd011a77-b90b-4f74-aeba-cf78013e516b,200,0,0,476,,Dreamhome Real Estate - Homes for Sale in Dixon California,weak,,2026-06-22T18:13:32+00:00
37fad964-0ec2-4dc3-8733-c3278b9a320e,218,0,0,284,,,weak,,2026-06-22T18:13:32+00:00
376f8a84-9431-4896-b40f-ff3077f3a335,0,0,0,15215,,,broken,timeout,2026-06-22T18:13:32+00:00
c21827a0-a2df-4dd4-bbb9-ac9a40c17406,200,1,1,573,Wix,Homes In Vacaville | Edwin Legaspi - Real Estate,good,,2026-06-22T18:13:32+00:00
feee3305-7732-4810-bff2-1fa386f216d5,200,1,1,1101,WordPress,Home - Debbie Risso Martin,good,,2026-06-22T18:13:32+00:00
8c7e24eb-2d8d-43e0-ab86-36e95c473e15,0,0,0,50,,,broken,connection failed,2026-06-22T18:13:32+00:00
52f6cdc7-4718-42e4-80d3-664308d2c407,200,1,1,2171,,Vacaville CA Real Estate & Homes for Sale | REMAX Gold,good,,2026-06-22T18:13:33+00:00
fd89119f-0cb6-492a-947b-42e874f2fb84,0,0,0,490,,,broken,connection failed,2026-06-22T18:13:33+00:00
2e1470e0-d78f-4567-bb4e-8493a2beae6b,404,1,0,444,,,broken,,2026-06-22T18:13:33+00:00
c05d6e08-74f7-4839-a109-30fcdf440095,200,1,1,99,,Search Properties in Fairfield,good,,2026-06-22T18:13:33+00:00
ac81204a-0d46-4478-b841-80568f802917,0,0,0,116,,,broken,connection failed,2026-06-22T18:13:33+00:00
2dace516-b7bb-4672-bd5c-9d750586c492,200,1,1,995,WordPress,"Fairfield, CA Homes for Sale | Local REALTOR® | Frances Rualo | Solano County, CA Homes for Sale",good,,2026-06-22T18:13:33+00:00
a47ae4a5-ef13-48e0-becb-c34a58e6168e,0,0,0,37,,,broken,connection failed,2026-06-22T18:13:33+00:00
5977c075-aca6-42d1-89c8-09847d81a3bb,200,1,1,987,,Coldwell Banker Kappel Gateway Realty,good,,2026-06-22T18:13:33+00:00
49355ca7-badd-4645-8e50-09b7ed46102d,200,1,1,1901,WordPress,Dee Dee Ramirez,good,,2026-06-22T18:13:33+00:00
57697ac2-8d01-441f-926a-877e91ac9f24,403,1,1,413,,Just a moment...,broken,,2026-06-22T18:13:33+00:00
dfe6f20e-5d76-4d23-a3a0-e0ec2f0aab8b,0,0,0,44,,,broken,connection failed,2026-06-22T18:13:33+00:00
e9b94fd2-a4a4-41ef-9feb-591f614e67ba,200,1,1,518,,Jared Labarga - REALTOR®,good,,2026-06-22T18:13:33+00:00
07d920ae-3d90-478c-8ed1-58ab3501d445,200,1,1,1245,WordPress,Gina Jiron-Rosa,good,,2026-06-22T18:13:33+00:00
c874e201-ab04-4342-89ea-731b350df7d1,0,0,0,34,,,broken,connection failed,2026-06-22T18:13:33+00:00
8731ef9e-b074-4d8f-900e-f2db8598c723,200,1,1,9001,GoDaddy,"All Day Fun &amp; Play - Child Care, Preschool, Child Development Center",weak,,2026-06-22T18:13:34+00:00
a0e49dd8-1197-42b1-8d12-ae7ddfdb934e,200,1,1,2064,WordPress,Home - Elaine Sciacca,good,,2026-06-22T18:13:34+00:00
53db0321-1486-458d-acd6-0fd4fcb97c7f,200,1,1,1036,WordPress,Biglaw Investor: Personal finances for the aspiring millionaire lawyer,good,,2026-06-22T18:13:34+00:00
30e4474c-875a-4e66-9fc4-ec141f41e7b6,403,1,1,120,,Just a moment...,broken,,2026-06-22T18:13:34+00:00
92caccaf-7e09-4dd9-951e-2c48447d2a7d,200,1,1,1264,WordPress,Ingrid Marino,good,,2026-06-22T18:13:34+00:00
0ceac929-e25b-45de-87dc-ed7811bc5dd6,200,1,1,555,,"JimSteverRealty.com - Jim Stever, Broker-Realtor",good,,2026-06-22T18:13:34+00:00
1276da19-2a11-43c3-ba2d-a9477fd04dcd,200,1,1,829,Wix,"Jennifer Gass @ Coldwell Banker Brokers of the Valley | realtor in Napa Valley | Napa, CA, USA",good,,2026-06-22T18:13:34+00:00
d4b2fae6-6a0c-4f7f-ac74-d88d2df2fa40,403,1,0,188,,ERROR: The request could not be satisfied,broken,,2026-06-22T18:13:34+00:00
647f8ea4-2feb-4a5a-ac24-537256c85198,200,1,1,426,,Buy or Sale American Caynon Homes,good,,2026-06-22T18:13:34+00:00
fcca3b2f-8514-45ae-ad3e-df2ab87c601b,200,1,1,327,WordPress,"Homes for Sale, Real Estate &amp; Property Listings | elystings.com",good,,2026-06-22T18:13:34+00:00
82ca1767-4c90-4c87-8b3e-bc920216f3e1,0,0,0,114,,,broken,connection failed,2026-06-22T18:13:34+00:00
a83e22f9-ae7a-4cfe-86f5-6da640d0429f,200,1,1,1450,WordPress,Celia Wu,good,,2026-06-22T18:13:34+00:00
b51760d0-66b3-4d69-8fa9-4c96c3929b62,0,0,0,111,,,broken,connection failed,2026-06-22T18:13:34+00:00
ea9acfbd-ec74-421a-bc5f-be986084c16c,200,1,1,578,Wix,Napa Real Estate Agent | Josh Diaz Real Estate | Napa,good,,2026-06-22T18:13:35+00:00
ac3ebc1d-6fe4-4883-a9f1-745671d8ff2a,200,0,0,365,,JulieCoffeyHomes.com - 707-628-4128,weak,,2026-06-22T18:13:35+00:00
e88f2de0-b6df-4969-bc5a-7fe25455041c,200,1,1,1497,WordPress,Jill Levy | Napa &amp; Sonoma Valley Real Estate Agent,good,,2026-06-22T18:13:35+00:00
e3191dbd-e552-43aa-8f5e-a90cfe8b73f1,200,1,1,1616,,eXp Realty®,good,,2026-06-22T18:13:35+00:00
6b39883b-86aa-498c-9266-1f17ff21b124,403,1,1,98,,Just a moment...,broken,,2026-06-22T18:13:35+00:00
08345abf-45b1-4d22-80ac-4ed0ad0c294d,403,1,1,146,,Access to this page has been denied,broken,,2026-06-22T18:13:35+00:00
f668f039-558b-420e-a119-848a58db05a5,200,1,1,655,,"Julie Larsen, Real Estate Agent - Compass",good,,2026-06-22T18:13:35+00:00
0f4da18b-9bbe-4e54-93db-789d53dcfc65,403,1,1,231,,Just a moment...,broken,,2026-06-22T18:13:35+00:00
454b4b84-739d-465a-a708-1a3488511c11,200,1,1,1219,WordPress,Home - Josephine Aguayo,good,,2026-06-22T18:13:35+00:00
b3aa7408-a09c-4c12-b7f4-624f8c59fd38,200,1,1,3501,WordPress,Contact Us - Florence Ropelewski,good,,2026-06-22T18:13:35+00:00
7ffb599a-9b30-452e-8978-33a6745e78d6,404,0,0,325,,,broken,,2026-06-22T18:13:35+00:00
a34fd2f5-ba63-45d1-a136-6668fbddf976,200,1,1,524,,Team Kasama Lee | American Canyon Real Estate Experts,good,,2026-06-22T18:13:35+00:00
20a109b5-68b2-41f8-8c49-a8762f0e7fd3,0,0,0,42,,,broken,connection failed,2026-06-22T18:13:35+00:00
bb4c6817-75b7-4537-8a48-cd8286360de7,200,1,1,330,WordPress,Home - Kimberly M. Lara-Stanley,good,,2026-06-22T18:13:36+00:00
bc04448c-08e0-43fc-b917-07bf1555782f,200,1,1,1958,WordPress,JoAnna Hernandez-Gietzen,good,,2026-06-22T18:13:36+00:00
1f066644-2da3-4431-a915-e520d58489b5,200,1,1,466,,Vacaville CA Real Estate & Homes for Sale | REMAX Gold,good,,2026-06-22T18:13:36+00:00
afcabb7b-1cc2-475b-887b-5e4d56973ef6,200,1,1,1071,WordPress,Home - Julie Watson,good,,2026-06-22T18:13:36+00:00
34379e8f-7857-49f4-9476-b49f62647fbe,403,1,1,176,,Access to this page has been denied,broken,,2026-06-22T18:13:36+00:00
8e49cfad-2c6e-49cc-8d9f-26bd74f38d51,403,1,1,237,,Just a moment...,broken,,2026-06-22T18:13:36+00:00
2b0b187b-59e0-4b86-bd3b-88bfd3ac3c80,0,0,0,134,,,broken,connection failed,2026-06-22T18:13:36+00:00
306e0edb-e192-4665-ab3e-267e2dc7a5e8,403,1,1,224,,Just a moment...,broken,,2026-06-22T18:13:36+00:00
8abed6ef-0e1e-4298-90b0-59f41e2e5487,0,0,0,60,,,broken,connection failed,2026-06-22T18:13:36+00:00
c44dc655-3789-4eb1-bcad-33fb4ab55419,403,0,1,306,,Just a moment...,broken,,2026-06-22T18:13:36+00:00
a5ca86f3-f887-4cb5-a107-836d2402220c,0,0,0,38,,,broken,connection failed,2026-06-22T18:13:36+00:00
19a67da8-9ade-4a8d-83a6-4105ee40d191,403,1,1,137,,Access to this page has been denied,broken,,2026-06-22T18:13:36+00:00
6732c4cf-98fa-4c99-aafd-b3d538ffbf86,200,1,1,897,,"Home - Kim Whittaker, Real Estate & Beyond",good,,2026-06-22T18:13:36+00:00
fbc74ea0-ccb6-41d1-8ce8-cfe5fdbdebc2,200,1,1,345,,Fairfield CA Real Estate â Luxury Homes | Loney & Worley,good,,2026-06-22T18:13:36+00:00
cfe1739f-3357-4e23-868d-c01febe4424a,200,1,1,195,,Maribel Flavel | maribelflavel.realtor,good,,2026-06-22T18:13:36+00:00
90187bba-d43c-4ee1-8133-3e35cf477a79,200,1,1,1886,Wix,Bay Area Realtor | Juwan Rohan,good,,2026-06-22T18:13:36+00:00
f230de57-ed4f-40dc-a324-bd9495049b2b,200,1,1,2771,WordPress,John Garaventa Real Estate - John Garaventa Real Estate | Coldwell Banker | Napa Valley,good,,2026-06-22T18:13:36+00:00
e72aa9fd-a6dd-48ce-8f0b-36fb69b1106f,200,1,1,184,Squarespace,Marie Octena,good,,2026-06-22T18:13:37+00:00
234d3333-9045-43ea-bd9b-bfe633e5b236,200,1,0,469,,Page Not Found,weak,,2026-06-22T18:13:37+00:00
23dbe166-1875-45ee-a734-2c1da97d7c81,0,0,0,101,,,broken,connection failed,2026-06-22T18:13:37+00:00
7777fab7-418c-41d2-8360-d3d62586b790,403,1,1,50,,Just a moment...,broken,,2026-06-22T18:13:37+00:00
61a6a4d5-ab96-407a-8a4a-7dbb3755feec,403,1,1,114,,Access to this page has been denied,broken,,2026-06-22T18:13:37+00:00
cbbea8dd-690e-42a3-bba3-78c1af74c581,0,0,0,325,,,broken,connection failed,2026-06-22T18:13:37+00:00
bea38b2e-f268-43bb-9ea5-737a7428b939,200,0,0,243,,Melissa Poehls Realtor,weak,,2026-06-22T18:13:37+00:00
48c171dd-bcbb-4f63-a80d-c860bd70049b,200,1,1,1748,,Kelli Marchbanks - Real Estate Agent - Coldwell Banker,good,,2026-06-22T18:13:37+00:00
f98066b7-18d6-4bec-9394-5d456501442d,403,1,1,298,,Just a moment...,broken,,2026-06-22T18:13:37+00:00
f504daa3-3367-40a1-a59e-b9ec18e5cdb9,200,1,1,1665,WordPress,Home - Kimberly Ney,good,,2026-06-22T18:13:37+00:00
475d1c27-822c-4526-8c06-a223ed0cc295,200,1,1,1039,WordPress,Home - Marc I DeContreaus,good,,2026-06-22T18:13:37+00:00
725e1663-3e1d-4661-a182-3c81820225c8,200,1,1,255,,Vacaville CA Real Estate & Homes for Sale | NextHome Family Tree Realty,good,,2026-06-22T18:13:37+00:00
6b16c6a6-0635-4c6a-877a-7c45ee7285c5,200,1,1,503,,Melyna Huff | Napa & Sonoma Real Estate Specialist,good,,2026-06-22T18:13:37+00:00
084c728c-d2c0-404a-abcc-9b3c37861334,202,0,0,168,,,weak,,2026-06-22T18:13:37+00:00
e66e287a-9a47-4c63-9504-4e3105aa3380,200,1,1,414,,Josh Mendoza - Real Estate Agent,good,,2026-06-22T18:13:37+00:00
49d48de7-e5e2-444d-bb31-6b60a7339473,200,1,1,1682,WordPress,Mackenzie Sells Napa - mackenziesellsnapa.com,good,,2026-06-22T18:13:38+00:00
8ff740f0-34c5-4cc0-a0c4-dac53266cfd3,200,1,1,718,,"BrokerInTrustMikeSilvas.com - Michael Silvas, Realtor, GRI, CRB - Wine Country Real Estate",good,,2026-06-22T18:13:38+00:00
9e4c7b98-65c9-4696-9196-a48ec189d8a9,0,0,0,107,,,broken,connection failed,2026-06-22T18:13:38+00:00
a942e2e3-f73b-4311-bfc3-8dbc05a58f05,200,1,1,1801,WordPress,Jennifer Moore Realtor Team,good,,2026-06-22T18:13:38+00:00
34a77b4b-e658-428d-9ca8-c97c46fd5a11,404,0,1,924,,Site inactive,broken,,2026-06-22T18:13:38+00:00
e28c00bc-a9c1-45f5-a0de-683039507e52,0,0,0,109,,,broken,connection failed,2026-06-22T18:13:38+00:00
6b3b556d-cf2b-4759-9d6f-94313df5a59a,200,1,1,714,WordPress,"Ralene Nelson, REALTOR® &#8211; ReMax Gold Real Estate | BRE# 01503588 | 707.334.0699 | 107 MAIN STREET, RIO VISTA, CA 94571",good,,2026-06-22T18:13:38+00:00
3a0e496d-8e00-4386-901e-f057bb7014c7,403,1,0,443,,Request Rejected,broken,,2026-06-22T18:13:38+00:00
5abcab69-6aba-4ef2-9eb9-57a0eae071d8,403,1,0,809,,Request Rejected,broken,,2026-06-22T18:13:38+00:00
9ab492e5-7004-4951-b505-d03aaac5eb4a,200,1,1,972,,North and East Bay Realtor,good,,2026-06-22T18:13:38+00:00
1fcc68d1-ecaa-403f-b7ac-8705fe9b9ddf,200,1,1,1444,WordPress,Home - Pam Watson,good,,2026-06-22T18:13:39+00:00
61c45fb2-df52-4b89-9a72-1bf9943e6681,200,1,1,448,,"Home | Realty World | Winters, CA",good,,2026-06-22T18:13:39+00:00
6dfcbfaf-fbdc-42a1-b03e-6381397a0a5b,0,0,0,110,,,broken,connection failed,2026-06-22T18:13:39+00:00
04b9d8d6-c2ef-4d62-a602-13ff9c9f62be,0,0,0,211,,,broken,connection failed,2026-06-22T18:13:39+00:00
80f3e883-1eb6-414a-a45c-433dbba14958,200,1,1,3532,WordPress,Linda Fischer | Napa Valley Real Estate,good,,2026-06-22T18:13:39+00:00
f3088ea0-abe6-413c-a3c9-c58def21fd31,200,1,1,8078,GoDaddy,Domestique Real Estate Group | COMPASS,weak,,2026-06-22T18:13:39+00:00
4a0933df-4984-4c6e-84a5-207eb97630b9,200,1,1,1522,WordPress,Realtor Erin Crompton,good,,2026-06-22T18:13:39+00:00
c182db81-5525-4b33-8ffe-16001df9e247,200,1,1,174,,Family-Owned Business Dedicated to Service in Napa County,good,,2026-06-22T18:13:40+00:00
b8a8aa41-26b2-4757-89a6-08463d30a5c7,200,1,1,420,GoDaddy,Real Estate Listings at Sarah Stevens Realty,good,,2026-06-22T18:13:40+00:00
32acd887-81c1-4271-98fd-8ad2390285a5,200,1,1,946,WordPress,Military Relocation Experts in Northern California | McReynolds,good,,2026-06-22T18:13:40+00:00
69ff91a7-48c6-470c-8fd5-8eb113d895a9,200,0,1,1308,WordPress,Contact &#8211; Resler Realty,weak,,2026-06-22T18:13:40+00:00
363f46e0-29e0-46b8-9c2f-8a2366b220a3,200,0,0,561,,Redirect,weak,,2026-06-22T18:13:40+00:00
92f864d7-901b-4d3a-b045-001c7b77ee7a,200,1,1,2984,WordPress,Welcome! - NSCAR®,good,,2026-06-22T18:13:40+00:00
82749a1a-79c3-4392-8645-94f235d97ceb,218,1,0,412,,,weak,,2026-06-22T18:13:40+00:00
123774fc-4c04-4cc1-b14d-847e2bf82e02,0,0,0,119,,,broken,connection failed,2026-06-22T18:13:40+00:00
9fd914af-f9b2-4378-b649-c29d65779259,200,1,1,469,,Streamhaven Estates | California Real Estate,good,,2026-06-22T18:13:40+00:00
23c39f03-3286-4859-9881-25d89e204ef6,200,1,1,175,,BrunsonKahawaiiGroup (@BKGHomes) | Stan,good,,2026-06-22T18:13:40+00:00
ac7209fd-f7ea-4383-b044-e41d4298bfe9,403,0,0,183,,Request Rejected,broken,,2026-06-22T18:13:40+00:00
4fd68690-3b63-4119-adf9-ba5fd86fd0d9,403,1,1,138,,Access to this page has been denied,broken,,2026-06-22T18:13:40+00:00
131bc0c6-0d11-4f29-bd60-da4bcdd3f448,200,1,1,2029,WordPress,Home - Renee Neuman,good,,2026-06-22T18:13:40+00:00
88218f60-0513-4837-b814-2efe3d97efa6,0,0,0,119,,,broken,connection failed,2026-06-22T18:13:40+00:00
c9c121f3-11dd-49d6-92c7-caf305554266,403,1,1,367,,Just a moment...,broken,,2026-06-22T18:13:41+00:00
5207c589-c976-4051-977f-bd7abfb1c77d,200,1,1,354,,The Cooper Team | Sacramento & Vacaville Real Estate Agents,good,,2026-06-22T18:13:41+00:00
e2fc66dc-d019-45cd-8c92-5a5b274fa8d4,200,1,1,619,,"January Al-Zouhbi, Real Estate Agent - Compass",good,,2026-06-22T18:13:41+00:00
660e0564-3e05-45a7-8c74-34675415b152,403,1,1,148,,Just a moment...,broken,,2026-06-22T18:13:41+00:00
e610de91-e4cf-4b31-a4f2-f8eb7596d7d1,200,1,1,3991,,Vacaville Homes For Sale - Top Vacaville REALTOR®,good,,2026-06-22T18:13:41+00:00
b5a97cfe-cfa9-41f2-be70-a13293a09f0c,200,1,1,1320,WordPress,Sue Miracle,good,,2026-06-22T18:13:41+00:00
cd842a1f-9527-4c2a-8c2c-dfe06c6b3c2e,403,0,0,384,,403 - Forbidden: Access is denied.,broken,,2026-06-22T18:13:41+00:00
e291dd22-0b47-42b5-ac79-40bd87354dd8,200,1,1,1307,WordPress,Suzy Anderson - Napa Valley Real Estate,good,,2026-06-22T18:13:41+00:00
4183ca80-9b09-4515-be01-92dd8011a83d,200,1,1,1791,WordPress,Home - Sylvia Cole,good,,2026-06-22T18:13:42+00:00
6ffae676-8c6d-44e9-a379-35e3a9340dd0,200,1,1,729,,FINAL WEEK (Week 18) - Free $100 Weekly Prize - Pro Football Pick Em (Courtesy of Tom &amp; Shawnee Rapisarda),good,,2026-06-22T18:13:42+00:00
078c6bf8-f960-40f3-a687-7f3e9be858ef,403,1,1,135,,Just a moment...,broken,,2026-06-22T18:13:42+00:00
3cac0616-0053-4e0a-a5d4-d82f4afa6291,200,1,1,1123,WordPress,Rusty Simmons,good,,2026-06-22T18:13:42+00:00
c18edca2-d86b-438f-903d-b936210c9e0d,403,1,1,103,,Just a moment...,broken,,2026-06-22T18:13:42+00:00
52ef0df2-5364-4429-afe6-d390ee4d6d1a,403,0,0,4722,,403 - Forbidden: Access is denied.,broken,,2026-06-22T18:13:42+00:00
06d6f445-898a-4ceb-80e3-9a6eb53ff72a,404,0,0,182,,,broken,,2026-06-22T18:13:42+00:00
a3ae1bf2-7a28-40ca-919b-6352fbefd271,0,0,0,3532,,,broken,TooManyRedirects: Exceeded 30 redirects.,2026-06-22T18:13:42+00:00
3e9b6f30-2f47-4f92-8020-a672bacf7aa2,200,1,1,1399,WordPress,Home - Donovan &amp; Pamela Schemke,good,,2026-06-22T18:13:42+00:00
09a8bd9d-5b44-4aaf-be17-f235e1db474b,0,0,0,79,,,broken,connection failed,2026-06-22T18:13:42+00:00
52f185c6-719a-409e-a003-9da1b6e29fff,200,0,0,256,Squarespace,BOBTRIGLIA.COM,weak,,2026-06-22T18:13:42+00:00
e2ad03b2-c77b-4dce-b916-73f1114b4dd7,200,1,1,1612,WordPress,Browse Beautiful Napa Homes for Sale | Nemeyer Garcia Team,good,,2026-06-22T18:13:42+00:00
ff679a62-b855-48fb-9ba0-1120e3cffeeb,200,1,1,124,,Seasonal Dining and Culinary Experiences in Napa | Stanly Ranch,good,,2026-06-22T18:13:42+00:00
246ab966-9a2e-430e-b8ac-e34992df3308,403,1,1,323,,Just a moment...,broken,,2026-06-22T18:13:42+00:00
3d76ad12-81ac-4ec3-88e2-ae0f418f1f6e,200,1,1,3937,WordPress,Twin Oaks Real Estate | Bay Area &amp; East Bay Real Estate Brokerage,good,,2026-06-22T18:13:42+00:00
357c2eb5-9660-4694-9529-9be9e7843e1a,200,0,0,111,,,weak,,2026-06-22T18:13:43+00:00
1273c262-928b-41ed-bda7-0a63f01cba0b,200,1,1,185,,Brix Restaurant & Gardens,good,,2026-06-22T18:13:43+00:00
747a548c-9399-44bb-82cd-b4970d8b0a8e,200,0,0,169,,Home - Living in Napa Valley,weak,,2026-06-22T18:13:43+00:00
ad77deff-14a1-4b2a-b03c-809f260b2a76,200,1,1,2970,,The Stocking Team - We Understand Country Property,good,,2026-06-22T18:13:43+00:00
94a8ce85-712e-4212-a034-561b6c217704,200,1,1,371,Squarespace,CONTIMO | Discover Delicious Food &mdash; Order Now,good,,2026-06-22T18:13:43+00:00
e6983436-5c04-4c17-bcb1-3b25811ca55e,200,0,1,1815,,Vallejo Real Estate Agent Tim Garton Messina Realty Inc 707-315-5555,weak,,2026-06-22T18:13:43+00:00
ff38b09e-ffc9-4e68-b8c8-29a81e7fda16,200,1,1,323,WordPress,"Las Palmas (Napa, CA) &#8211; 1730 Yajome Street ~ 707-257-1514",good,,2026-06-22T18:13:43+00:00
f9ac4949-08fd-4563-9fe9-e506f92088c1,200,1,1,1097,WordPress,CBKG Home - Coldwell Banker Kappel Gateway Realty | Northern Solano County Real Estate,good,,2026-06-22T18:13:43+00:00
8b1430d6-ff4f-4db1-8c70-f8ee00fbef95,200,1,1,398,Wix,"Mahogany Soul | soul food | 628 Parker Road, Fairfield, CA, USA",good,,2026-06-22T18:13:43+00:00
c9d7ec87-0c87-4097-abf5-466fa3e1ca53,0,0,0,49,,,broken,connection failed,2026-06-22T18:13:43+00:00
b669902d-a28f-4ac6-b83f-102591c19ec0,200,1,1,391,,Ipar4D || Link Login Ipar4D Resmi Pakai Aplikasi Mobile,good,,2026-06-22T18:13:43+00:00
cb2476b1-8a51-48f8-8d2b-3953047091cb,404,0,1,607,,404 Not Found,broken,,2026-06-22T18:13:43+00:00
4c3a9f93-1e4c-4a76-83bc-47d1d58e0567,0,0,0,106,,,broken,connection failed,2026-06-22T18:13:43+00:00
2a63193d-8947-43e5-aca5-43a0dcf7c1d1,200,1,1,221,WordPress,The Kitchen at Priest Ranch located in Yountville CA,good,,2026-06-22T18:13:43+00:00
d4c44e1d-6bc7-46af-8f63-1f6f78017866,200,1,1,1237,WordPress,Windermere Napa Valley Properties,good,,2026-06-22T18:13:43+00:00
f8e19edb-79ae-4de7-a22d-02f2f4c404d3,200,1,1,582,GoDaddy,Delicious Brunch Options in Napa Valley,good,,2026-06-22T18:13:43+00:00
9d0c5550-2315-4415-94a8-cb9efc94e495,200,0,1,234,GoDaddy,Urban Fusions,weak,,2026-06-22T18:13:43+00:00
831b7b50-a303-44c8-99d2-265d72c720de,200,1,1,384,Squarespace,The Dutch Door,good,,2026-06-22T18:13:43+00:00
e63489af-56a1-4bac-924d-1ab14c608b35,429,0,1,149,,Just a moment...,broken,,2026-06-22T18:13:43+00:00
b1ba1f70-1dc7-43c9-aeed-a542a53c30f0,0,0,0,110,,,broken,connection failed,2026-06-22T18:13:43+00:00
80a734ad-4a25-4e0d-8949-47c484e597af,200,1,1,460,Shopify,Products - Tea Dojo - Vacaville,good,,2026-06-22T18:13:43+00:00
862c82fa-d168-498e-add3-9f0b37b7e229,200,1,1,352,WordPress,Organic Greek &amp; Aussie Style Yogurt | Wallaby Yogurt,good,,2026-06-22T18:13:43+00:00
98a8d155-c8d0-4a15-9a76-5b57c6a33dfa,200,1,1,256,WordPress,"Senior Living in Vallejo, CA | Cogir of Vallejo Hills",good,,2026-06-22T18:13:43+00:00
21a009fe-2031-4a9d-ba93-9f4c2caa0def,200,1,1,293,WordPress,"Fairfield Post-Acute Rehab &#8211; Nursing Home, Physical Therapy, Healthcare &#8211; Fairfield, CA",good,,2026-06-22T18:13:44+00:00
aa9b295e-8cb1-4daa-8848-c3a5e6924b9c,200,1,1,1574,WordPress,Windermere Napa Valley Properties,good,,2026-06-22T18:13:44+00:00
701c8a07-fc33-450b-8ecd-6038d9f92f22,200,1,1,378,Wix,"Home | Crossroads Living Center / long term care / Co-Op / day progeram / 320 Cernon St. Vacaville, CA",good,,2026-06-22T18:13:44+00:00
41cd76db-55bc-4e95-bafc-27816b72f28c,200,1,1,142,,"Senior Living in Napa, CA | Calligraphy Napa Valley",good,,2026-06-22T18:13:44+00:00
e4ef7002-4d6b-4f88-80ae-767f11a7be72,200,1,1,250,WordPress,"Memory Care &amp; Assisted Living in Fairfield, CA",good,,2026-06-22T18:13:44+00:00
79718cf1-cec1-47e4-9589-16a6a3a3d323,202,0,0,383,,,weak,,2026-06-22T18:13:44+00:00
fd760d72-001c-4efc-b00e-5f8c1f1ad594,200,1,1,545,WordPress,Contact Us | 5 Acres Living,good,,2026-06-22T18:13:44+00:00
616a94c4-0941-497f-90eb-46c0616962ec,200,1,1,209,Squarespace,"Alzheimers &amp; Dementia Senior Memory Care | Vacaville, CA",good,,2026-06-22T18:13:44+00:00
97caec26-2a14-45a8-aaab-2c1700dee3be,200,1,1,244,,"Best assisted living in Vallejo, California",good,,2026-06-22T18:13:44+00:00
694938e0-15fc-402f-8976-996825a6378d,200,1,1,647,WordPress,Ivy Park at Glen Cove | Senior Living in Vallejo,good,,2026-06-22T18:13:44+00:00
1c8ffa65-7284-48a6-9575-9be2deb4a31e,200,1,1,703,Wix,Personalized Care | Piner's Nursing Home | Napa,good,,2026-06-22T18:13:44+00:00
b820e86f-876e-4166-90ec-388fd5225549,0,0,0,114,,,broken,connection failed,2026-06-22T18:13:44+00:00
30e833b5-2d68-4e1d-839f-7287f1b0a148,0,0,0,107,,,broken,connection failed,2026-06-22T18:13:44+00:00
149d1477-cbc8-4511-845f-cf3a68cb3492,404,0,0,526,,,broken,,2026-06-22T18:13:44+00:00
b190b6cf-2e61-4e98-8780-52a7041da4ce,200,1,0,418,,"Suisun Roofing: The best quality in tile roofs, shingles, and all your roofing needs since 1980 !",weak,,2026-06-22T18:13:44+00:00
b3ebaa3d-bc43-4671-98e0-be81fcb4a7b7,200,1,1,659,Wix,Angelo's Roofing Inc,good,,2026-06-22T18:13:45+00:00
97487c6d-7995-4373-b554-846995fa7346,200,1,1,379,Squarespace,Kanaloa Seafood Market,good,,2026-06-22T18:13:45+00:00
2b10d4e5-b75f-4f7b-a5e6-72b5c1b21ef2,200,1,1,1108,Shopify,Vintage Home Napa Valley,good,,2026-06-22T18:13:45+00:00
1b00c5b5-9a43-4149-ba50-98fd67ac2a10,200,1,1,477,,Official Website of Long John Silver's and Seacret Society Rewards | Long John Silver's,good,,2026-06-22T18:13:45+00:00
96613d56-63b0-429f-a8fd-d21ab1f3099d,200,1,1,396,Webflow,"All-In-One Salon, Spa &amp; Medspa Software | GlossGenius",good,,2026-06-22T18:13:45+00:00
06ade111-d973-4412-93c6-adbe5e17b050,200,1,1,3894,WordPress,Twin Oaks Real Estate | Bay Area &amp; East Bay Real Estate Brokerage,good,,2026-06-22T18:13:45+00:00
d549fcc7-3d10-42fa-9365-c75221896c24,200,1,1,708,,"Balanced Skin And Acne Clinic | Health &amp; Beauty in Napa, CA",good,,2026-06-22T18:13:45+00:00
faf78aab-b302-498e-ad59-d987d5645e9c,429,0,1,186,,Just a moment...,broken,,2026-06-22T18:13:45+00:00
208ef692-ec23-494d-805c-fdf0d7b36fb4,404,1,0,361,Squarespace,Squarespace - Website Expired,broken,,2026-06-22T18:13:45+00:00
5053f735-d45b-43ff-b338-7045d832f836,200,1,1,936,,Fine Dining Seafood Napa Valley Seafood Restaurant Napa,good,,2026-06-22T18:13:45+00:00
f31a6a26-d2e5-4bec-94e9-03bfcb994270,404,0,0,672,,,broken,,2026-06-22T18:13:46+00:00
fbfdde30-2408-4881-822f-c04108fa8615,404,1,1,433,Wix,,broken,,2026-06-22T18:13:46+00:00
6d493a42-545f-4403-b59b-cb6cedb9d1b9,200,1,1,1956,,"Senior Apartments in Napa, CA | Vintage at Napa",good,,2026-06-22T18:13:46+00:00
b5f9b2a3-4ff5-4569-a5a1-8463700dc9de,200,1,1,578,Wix,HOME | nouveau,good,,2026-06-22T18:13:46+00:00
d4860aa1-8900-4956-9519-c6cacba48ec9,200,1,1,1045,,EllieMD | Longevity With a Purpose,good,,2026-06-22T18:13:46+00:00
264b6045-aff4-4ad0-b9ba-041fc97e4d56,200,1,1,113,,Sunshine Smoothies | Fresh Smoothies &amp; Juice Bar in Vallejo,good,,2026-06-22T18:13:46+00:00
3e341363-ed5a-4df5-9fbd-4c9c528452a5,200,1,1,513,Webflow,"All-In-One Salon, Spa &amp; Medspa Software | GlossGenius",good,,2026-06-22T18:13:46+00:00
f685e5b9-3282-44fc-a557-a70a7db1821f,403,1,1,76,,Just a moment...,broken,,2026-06-22T18:13:46+00:00
efa74d96-08a7-4768-b060-b0f8d183da7f,200,1,1,334,Squarespace,Juicy Fruits and More,good,,2026-06-22T18:13:46+00:00
e456802b-e25a-4295-bebc-1dcbb9f80f40,200,1,1,680,GoDaddy,Buy virago.studio – Premium Expired .studio Domain on GoDaddy | ExpiredDomains.com,good,,2026-06-22T18:13:46+00:00
34c9a6fc-9ead-42e8-91ce-fd1aa32bc47d,200,1,1,352,WordPress,Delicious Soul Food &amp; Outstanding Service,good,,2026-06-22T18:13:46+00:00
cca61a5a-3230-46c7-b825-f29b37e40b60,200,0,0,65,,Redirecting...,weak,,2026-06-22T18:13:46+00:00
65a0d6fe-97d9-4307-8434-c1b43350630e,200,1,1,2455,WordPress,Roof Repair &amp; Inspections | Sacramento | San Francisco,good,,2026-06-22T18:13:46+00:00
c3febe55-1c97-42b6-874c-7ba69b0058ee,200,1,1,613,Wix,"HOME | Weekend B Skincare | Esthetician Napa, California",good,,2026-06-22T18:13:46+00:00
0924d820-3275-4131-9d7a-2cc0f3adc939,200,1,1,515,Wix,Che'yla's Southern Cuisine,good,,2026-06-22T18:13:46+00:00
95cfa5d7-ccf1-48f2-94cc-d6fd4dddbfcb,0,0,0,157,,,broken,connection failed,2026-06-22T18:13:46+00:00
bf97991f-32cb-4540-9d68-e5f494bd83b8,200,0,1,247,GoDaddy,My Site,weak,,2026-06-22T18:13:46+00:00
ebd0b7aa-bcc7-48b8-9160-8d0bd0adbe1c,200,1,1,154,Webflow,"A One Smoke and More, Manicurists, Pedicurist, 211 Peabody Rd",good,,2026-06-22T18:13:46+00:00
ed95bdee-9e0d-4659-b39c-e5b26f22a07b,200,1,1,313,Squarespace,Paradigm Medical Aesthetics | Enhance Your Look Today,good,,2026-06-22T18:13:47+00:00
48ff3a06-ebbd-4c1e-a6ea-dd0742fadb7c,200,1,1,506,Wix,HOME | allaboutbeauty,good,,2026-06-22T18:13:47+00:00
57e4a051-450e-4d98-b5c0-c3c3bb441a4c,202,0,0,154,,,weak,,2026-06-22T18:13:47+00:00
f544e0b3-6d78-4e1e-b402-b0c19199d870,0,0,0,377,,,broken,"ssl: HTTPSConnectionPool(host='luminshopandspa.com', port=443): Max retries exceeded with url: / (Caused ",2026-06-22T18:13:47+00:00
8d6be688-5a58-45cb-a57a-243525c538cb,200,1,1,424,Squarespace,Mandala Well-Being Spa,good,,2026-06-22T18:13:47+00:00
9f143452-6db8-4446-a7f2-9db0b83d91c8,200,1,1,358,Weebly,SKIN & BODY REFUGE - Welcome,good,,2026-06-22T18:13:47+00:00
fbbbe3e1-06f3-40d3-bd4c-8eb65a9105e5,200,0,0,259,,,weak,,2026-06-22T18:13:47+00:00
67dfa745-22e9-4ed1-ae46-2c5d24920c5b,204,1,0,319,,,weak,,2026-06-22T18:13:47+00:00
0ca25cbf-925b-4b43-bee7-eb2ffd548575,200,1,1,724,,"Regal Glow Aesthetics | Health &amp; Beauty in Fairfield, CA",good,,2026-06-22T18:13:47+00:00
9c824fe9-f1f0-4e20-90ae-91be2ca6e400,0,0,0,24,,,broken,connection failed,2026-06-22T18:13:47+00:00
8b240635-5b9a-4c6f-93cb-866142e91b28,200,1,1,3668,WordPress,"Retirement Community in Solano County, California | Vacaville Memory Care",good,,2026-06-22T18:13:47+00:00
fb668aa4-4e86-43e8-993a-2b93f626c39f,200,1,1,472,GoDaddy,Spa Services - Twin Flame Spa Legacy,good,,2026-06-22T18:13:47+00:00
27713a9e-189f-422e-a912-d7ecfa828159,200,1,1,153,Webflow,"Pineda&amp;#39;s Sports Bar, Cocktail Lounge, 673 Cumberland St",good,,2026-06-22T18:13:47+00:00
dce9b553-15ac-4ed9-bda6-d66ed8d1e347,200,1,1,984,Shopify,Slot Depo Pulsa Indosat | Deposit Pulsa 10 Ribu Tanpa Potongan,good,,2026-06-22T18:13:48+00:00
12a0cc96-42e8-4976-8655-28549fa439f9,200,1,1,2256,Wix,SBesthetics | Inclusive skincare Vallejo and Bay Area,good,,2026-06-22T18:13:48+00:00
e245b28e-7cd2-4096-a626-287d930f6320,404,0,0,197,,Error 404 (Not Found)!!1,broken,,2026-06-22T18:13:48+00:00
4cd0e53c-fcc3-4d5b-a8b5-8cf6ee591280,0,0,0,109,,,broken,connection failed,2026-06-22T18:13:48+00:00
21d4c3ec-1450-4e5d-bbcc-31ca90df4f2a,0,0,0,101,,,broken,connection failed,2026-06-22T18:13:48+00:00
0859b9fa-96b2-473a-9185-f5b64c1ae691,200,1,1,718,,small talk,good,,2026-06-22T18:13:48+00:00
f546c7b8-8611-4161-b599-28de44f9d86c,0,0,0,26,,,broken,connection failed,2026-06-22T18:13:48+00:00
b096eb68-60b9-4b68-b970-376dee9f795f,404,1,1,468,Wix,,broken,,2026-06-22T18:13:48+00:00
023d88ee-6f83-4d71-ac3c-9bf68ffb40dc,0,0,0,20066,,,broken,connection failed,2026-06-22T18:13:48+00:00
b07fc6f2-424e-43c0-bb03-0bdf44b90399,0,0,0,16,,,broken,connection failed,2026-06-22T18:13:48+00:00
2b0dece7-4c89-4ed5-b0a5-4dbe508316d3,200,0,1,507,WordPress,"Morimoto Napa &#8211; Sushi &amp; Sake located in Napa, California",weak,,2026-06-22T18:13:48+00:00
c2bf5e4f-9b14-4334-b964-9304cb4d5432,200,1,1,406,Wix,Home | Islandoasis,good,,2026-06-22T18:13:48+00:00
c9a0cd50-210f-4c8b-8ef4-382ddab253cf,200,1,1,892,WordPress,Delta Sailing School,good,,2026-06-22T18:13:48+00:00
bdb6aa9f-d0c0-447d-abf6-a5eea6d79f33,200,1,1,211,GoDaddy,Armada Tattoo Company,good,,2026-06-22T18:13:48+00:00
0bdf1ab6-b270-46a7-9116-10f01e557c30,200,1,1,333,Squarespace,Zuzu,good,,2026-06-22T18:13:48+00:00
1d1d631c-59f7-4200-819e-08611912a6b4,200,1,1,322,Squarespace,Anchor Tattoo,good,,2026-06-22T18:13:48+00:00
e665c84f-e812-409b-b6cf-1ab7bd2431cf,200,0,0,108,,,weak,,2026-06-22T18:13:49+00:00
96addeff-11f1-436d-b4d5-6ff74a44c74c,200,0,0,195,,,weak,,2026-06-22T18:13:49+00:00
98e696e8-09c3-41c6-a1b8-52f5b716d53c,200,1,1,163,Webflow,"Ghost Town Body Art, Tattooing, 402 Virginia St",good,,2026-06-22T18:13:49+00:00
38e71356-aa91-4b4f-af2d-d96a65dfd9bf,200,1,1,645,GoDaddy,algoodink.com,good,,2026-06-22T18:13:49+00:00
c4375827-a5a9-49d9-a92c-18fce4f39d2f,200,1,1,683,,"North Bar and Grill – Best Brunch in Napa, CA",good,,2026-06-22T18:13:49+00:00
131b6d86-14a7-4225-b77b-d731f93b781b,0,0,0,110,,,broken,connection failed,2026-06-22T18:13:49+00:00
44aafd46-4d37-4cb9-870f-698fdb834471,0,0,0,140,,,broken,connection failed,2026-06-22T18:13:49+00:00
0c7ca2fa-a758-44b3-9b01-57d5488d1997,200,1,1,650,Wix,Permanent Makeup Studio | Dolly Eye Boutique Permanent Makeup By Allie PMU By Allie,good,,2026-06-22T18:13:49+00:00
7f59a095-1b99-4463-a62d-4f32ef25ba3c,200,1,1,686,Wix,"Georgia Street Tattoo and Piercing | tattoo | 1415 Georgia Street, Vallejo, CA, USA",good,,2026-06-22T18:13:49+00:00
fa353e60-ed10-4e89-992d-1cb7c7475ce7,200,1,1,373,WordPress,Cosmetic and Restorative Tattoos - Restorative Ink Specialists,good,,2026-06-22T18:13:49+00:00
9a0142ba-fa0a-449c-bfe5-6bf39b48ea1b,0,0,0,115,,,broken,connection failed,2026-06-22T18:13:49+00:00
c2ad9f3b-38fe-4291-8588-11319f37714a,200,1,1,188,WordPress,"Tattoos by Ocean &#8211; Bay Area Tattoo Artist &#8211; BERKELEY AND VALLEJO, CA &#8211; Custom tattoo work by Ocean &#8211; Bay Area &#8211; BERKELEY AND VALLEJO, CA",good,,2026-06-22T18:13:50+00:00
a4341f8a-36a6-45ad-841c-196fc2b768e7,200,1,1,833,,"Sacred Needle Tattoo is a Tattoo Shop in Vacaville, CA 95687",good,,2026-06-22T18:13:50+00:00
dd6fdbf9-4282-4fe7-966c-7fd44f430821,200,1,1,359,GoDaddy,UniiqueBeauty.com is for sale | HugeDomains,good,,2026-06-22T18:13:50+00:00
9af4d79a-ebfb-4b1e-9d2b-793875db7e15,200,1,1,1155,Wix,"PonderosaTattoo | Vacaville, CA Tattoo Shop | United States",good,,2026-06-22T18:13:50+00:00
b42ca478-de39-46c7-b415-3c334070e7ca,0,0,0,105,,,broken,connection failed,2026-06-22T18:13:50+00:00
d6f63a80-521d-4a01-abcb-4c1f8d1c4df4,0,0,0,111,,,broken,connection failed,2026-06-22T18:13:50+00:00
9363984a-0770-4e0b-ad4e-3a10e1ba9208,0,0,0,101,,,broken,connection failed,2026-06-22T18:13:50+00:00
eb48859e-1de4-4100-a7d2-5642d3de9348,403,1,1,166,,Just a moment...,broken,,2026-06-22T18:13:50+00:00
d8aa80bc-0e5d-410b-b5e4-ef95db923337,403,1,1,173,,Just a moment...,broken,,2026-06-22T18:13:50+00:00
74e3de20-1e16-4f1f-95de-33adc3476385,200,1,1,294,,Store,good,,2026-06-22T18:13:50+00:00
059e9a13-da97-4438-af2e-c9322b2806bf,403,1,1,109,,Just a moment...,broken,,2026-06-22T18:13:51+00:00
e4221080-eed9-4b01-90f3-cce011457f13,200,1,1,576,GoDaddy,Kob&amp;#39;s Kitchen: Authentic Lao &amp;amp; Thai Food in American Canyon,good,,2026-06-22T18:13:51+00:00
816832b2-f15f-4c0a-977e-eeb21a487629,200,1,1,444,Squarespace,Rodsap,good,,2026-06-22T18:13:51+00:00
eca87036-825b-4980-900e-0da46b36190a,200,1,1,2000,,TATTOO REQUEST FORM,good,,2026-06-22T18:13:51+00:00
f4186368-18b2-4a29-9bbc-d25a2ea5ba6f,0,0,0,9,,,broken,connection failed,2026-06-22T18:13:51+00:00
37affb57-85c7-439e-981c-dff3ae8ebe9f,200,1,1,3365,WordPress,"Haruki Sushi House - Alamo Drive Vacaville, California",good,,2026-06-22T18:13:51+00:00
72a3d83f-8ab9-46d4-ab79-b5f6d7d9d503,404,1,1,343,Wix,,broken,,2026-06-22T18:13:51+00:00
0262f19c-6b31-42d5-ab23-aa51d4d9be66,200,1,1,489,,Must-Visit Restaurant in Baton Rouge | Thai Kitchen,good,,2026-06-22T18:13:51+00:00
fc16e2b6-b14f-4d16-ae84-654b21bd7812,200,1,0,431,,Vacaville CA Tires & Auto Repair Shop | Aegean Tire Center,weak,,2026-06-22T18:13:51+00:00
daff582a-4d4d-4a32-9fc5-ac660c16f150,0,0,0,111,,,broken,connection failed,2026-06-22T18:13:51+00:00
5551a917-172b-49d5-b1ba-f82aa4d10a3d,200,1,1,339,,Coming soon!,good,,2026-06-22T18:13:51+00:00
e78968ed-8a40-4141-8bd0-9ad7bc1d3899,200,1,0,141,,"Napa Tire & Wheels: Napa, CA Tires & Auto Repair",weak,,2026-06-22T18:13:51+00:00
361df055-fb3b-4a84-9e64-fad39203a571,200,1,1,210,,Tire Repair Service | Joe D'Adamo Tire,good,,2026-06-22T18:13:51+00:00
e2fc86f6-d412-4807-9f28-57dd1a56d740,200,0,0,377,GoDaddy,Home,weak,,2026-06-22T18:13:52+00:00
185e2ed7-9124-4734-a0b8-451f99390b1b,200,1,0,1034,,"Auto Repair & Tire Shop in Napa, CA | Napa Tire Inc.",weak,,2026-06-22T18:13:52+00:00
a22ff4f6-4af7-4776-9cf4-00c5a9c7cd75,200,1,1,336,,"Tires, Oil Changes &amp; Brakes | Firestone Complete Auto Care",good,,2026-06-22T18:13:53+00:00
239ff224-d58c-408a-b769-84f4e69ea1e7,200,1,1,264,,"Tires, Oil Changes &amp; Brakes | Firestone Complete Auto Care",good,,2026-06-22T18:13:53+00:00
9be02ffc-065f-4032-b659-36c67893a2b7,200,1,0,2234,,"New & Used Tire Shop in Vallejo, CA | All Tire Service LLC",weak,,2026-06-22T18:13:53+00:00
50e452dc-501a-4983-b3d6-40c8a87e2170,0,0,0,10019,,,broken,connection failed,2026-06-22T18:13:53+00:00
d3436318-010b-4857-819e-bae81cdb3e4a,200,1,1,4244,WordPress,Sugar City Tattoo - SF-EAST BAY-CROCKETT- CA,weak,,2026-06-22T18:13:53+00:00
91dd96c8-9283-4f6e-b422-207ebf655194,202,1,0,119,,,weak,,2026-06-22T18:13:53+00:00
0dc66ae6-41bf-46d6-914b-d41ec8ce5cdd,200,1,1,96,,Wine Spectator Home,good,,2026-06-22T18:13:54+00:00
c2f4a541-419b-406c-883e-ca1841754aaf,200,1,1,720,,"Tires, Oil Changes &amp; Brakes | Firestone Complete Auto Care",good,,2026-06-22T18:13:54+00:00
13e7e6da-0407-4612-b098-2aee7d3f95c2,200,1,1,666,,"Tires, Auto Repair &amp; Expert Vehicle Maintenance | Wheel Works",good,,2026-06-22T18:13:54+00:00
939b938a-1e12-40b5-9115-85edf1064812,0,0,0,107,,,broken,connection failed,2026-06-22T18:13:54+00:00
0cb8dc51-c351-4d92-9e52-e1d7d8d8ef2a,200,1,1,7315,WordPress,Maldonado Bottling &amp; Packaging|Staffing Solutions for the Wine Industry,weak,,2026-06-22T18:13:54+00:00
eec747d5-48b3-4ac0-9738-7d0f506f5a84,200,1,1,248,Squarespace,Private K-8 STE²AM School &amp; Award-Winning Tutoring Center,good,,2026-06-22T18:13:54+00:00
2056c53d-aed7-4f39-92dc-aeb6e4cdc3b6,403,1,1,127,,Access Denied,broken,,2026-06-22T18:13:54+00:00
14dc7b3f-9206-4b77-ab9a-dbbd5797aaf2,200,1,1,515,WordPress,Home - Miracle Math Coaching,good,,2026-06-22T18:13:54+00:00
19aa3d30-821c-4b2a-a2cb-35ca3db4378a,404,1,0,377,Squarespace,Squarespace - Website Expired,broken,,2026-06-22T18:13:54+00:00
2e069c35-9f28-4fd6-bc4c-9637257b4f8d,200,1,1,305,,"Veterinarian in Vallejo, CA | New All Creatures Veterinary Hospital",good,,2026-06-22T18:13:54+00:00
4ca6f9a2-d28c-40db-93b9-f3590d215a6a,200,1,1,179,WordPress,"Best Veterinary Hospital In Dixon, CA | Mayfair Vet Care",good,,2026-06-22T18:13:54+00:00
45fea35a-39ca-494f-9bb1-bff342b64d47,200,1,1,397,,Dixon Veterinary Clinic,good,,2026-06-22T18:13:54+00:00
765bae73-911f-4198-a676-dc14bd143524,200,1,1,382,Squarespace,Napa Valley Holistic Veterinary Services,good,,2026-06-22T18:13:55+00:00
6fda76bc-0298-4c18-84f2-649a8e3ef4a9,200,1,1,1003,WordPress,"Veterinary in Suisun City, CA | All 4 Paws Veterinary Hospital",good,,2026-06-22T18:13:55+00:00
fd2f8127-3a78-4701-ab69-df4568d462d3,200,1,1,168,,"Best Vet in Fairfield | Parkway Animal Center in Fairfield, CA",good,,2026-06-22T18:13:55+00:00
b38d8f85-ceff-4268-8e7f-192990d940e4,403,1,1,143,,Just a moment...,broken,,2026-06-22T18:13:55+00:00
10f5858d-e741-4c8f-98b2-98ce84df31f1,403,1,1,130,,Just a moment...,broken,,2026-06-22T18:13:55+00:00
ec23b091-c542-4cd4-a359-370fe7f97818,403,1,1,44,,Just a moment...,broken,,2026-06-22T18:13:55+00:00
6ed28910-2d04-46ad-a36f-656cfa19f2b6,200,1,0,3802,,"Auto Repair, Wheels, & Tire Shop Fairfield, CA | Tire Depot",weak,,2026-06-22T18:13:55+00:00
5d3d16c0-426e-48bd-ab43-dd38b0fb1e00,200,1,1,1305,Wix,Cal West Pet Hospital,good,,2026-06-22T18:13:55+00:00
3cadb9e8-e471-49e8-b925-a77d28970329,403,1,1,270,,Just a moment...,broken,,2026-06-22T18:13:55+00:00
de449ac7-2320-48a1-ad45-8ef9bc530e8d,200,1,1,420,,"Ginger Wax and Skincare | Health &amp; Beauty in Vallejo, CA",good,,2026-06-22T18:13:56+00:00
ca6a7833-c2f3-4567-bfb1-0487628ae347,200,1,1,987,WordPress,"MyVetOnline: Your Trusted Vet Care in Dunbar, WV",good,,2026-06-22T18:13:56+00:00
bcd33e0c-0f64-47e6-8aed-b988c0b2b008,200,1,1,471,GoDaddy,"Naked Cowgirl Salon - Brazilian Wax, Body Waxing, Eyebrow Waxing",good,,2026-06-22T18:13:56+00:00
89d6561f-2b7a-4cc6-80d2-dca540e08bab,202,0,0,144,,,weak,,2026-06-22T18:13:56+00:00
fa82e894-08c9-4555-8ae1-2a25dd7d2e42,200,1,1,297,GoDaddy,Boutique Wine Country Events - Rue 29 Napa,good,,2026-06-22T18:13:57+00:00
376bf04c-f330-40dd-9a65-159272b1bb41,200,1,1,2782,WordPress,"Happy Tails Animal Hospital &#8211; Veterinarians in Vacaville, CA.",good,,2026-06-22T18:13:57+00:00
9623e471-52c7-45d1-aa51-cf0ae4e207b7,403,0,0,90,,,broken,,2026-06-22T18:13:57+00:00
9b91a24b-c1ad-4f13-9919-37673c5a7770,200,0,1,215,,HOME,weak,,2026-06-22T18:13:57+00:00
94842f46-953f-43cf-8f34-4f052524b002,200,1,1,337,,"Home | Bar Lucia in Napa, CA",good,,2026-06-22T18:13:57+00:00
41045ad3-bb69-437b-a6d6-f34e4796b672,200,1,1,1026,,Home - Ancien Wines,good,,2026-06-22T18:13:58+00:00
34556b51-5ef0-4987-bf7f-291bc99646c5,0,0,0,15139,,,broken,connection failed,2026-06-22T18:13:58+00:00
f28af3db-89d6-44ba-94e8-7a2ceb2e07b2,200,1,1,3303,WordPress,Rio Vista Veterinary Services,good,,2026-06-22T18:13:58+00:00
d6e231a2-3ef3-4e33-b731-25225e3d148e,200,1,1,2182,Wix,HOME | The Wax Cutie,good,,2026-06-22T18:13:58+00:00
f296aaa4-ca5f-4960-af9f-1b7f3425de8e,403,1,0,538,,403 Forbidden,broken,,2026-06-22T18:13:58+00:00
29269202-3739-4053-a95a-a02a28896d23,200,1,1,637,,Pararaja77: Daftar Pertandingan Seru Hari Ini!,good,,2026-06-22T18:13:59+00:00
4057b632-699f-42db-9c9b-df7457be096e,200,1,1,628,,"Dále Vino - Must-Visit Wine Bar in Pittsburg, CA",good,,2026-06-22T18:13:59+00:00
56d7d521-75a9-484d-9d32-0a2d2cb97b49,200,1,1,317,Squarespace,Eagle Eye Wine | Award-Winning Wines and Olive Oil from the Napa Valley,good,,2026-06-22T18:13:59+00:00
c4351594-1114-478e-a746-088b883c8b35,200,1,1,1616,WordPress,"Anadrol in UK: Dosage, Benefits, Results and Legal Status",good,,2026-06-22T18:13:59+00:00
affaf61f-7846-4ecc-90a8-91482abdbd76,200,1,1,432,,Mia Carta Napa - Homepage,good,,2026-06-22T18:13:59+00:00
74448dfa-ee13-4d63-8abe-d0361b4b5ae5,200,1,1,209,WordPress,7 Unforgettable Experiences in the Napa Wine Tasting Room,good,,2026-06-22T18:13:59+00:00
325b21b2-1e99-4c1b-ba44-5e1567faa74b,200,1,1,203,GoDaddy,Rebel Vintners &#8211; info@rebelvintners.com,good,,2026-06-22T18:13:59+00:00
b5bdb068-d458-4ceb-a42e-e096c9f02530,200,1,1,749,,Olette Wines - Homepage,good,,2026-06-22T18:13:59+00:00
51a7d3fe-320d-43da-a7b4-d5d74cf7e2d3,200,1,1,321,Squarespace,The Pip,good,,2026-06-22T18:14:00+00:00
c2280bcf-2872-4f1e-97cc-d04d493111f5,200,1,1,1160,,pureCru Napa Valley - A Winemaker's project - Mitch Cosentino,good,,2026-06-22T18:14:00+00:00
7386a83f-9197-4f05-bae7-10a01d0a7a08,200,1,1,785,,"The Main Grape - Vacaville, CA",good,,2026-06-22T18:14:00+00:00
f535a6e0-3bf8-4fdf-80cb-213253445860,403,1,1,425,,Just a moment...,broken,,2026-06-22T18:14:00+00:00
3ac41d86-18e7-47f4-b3b8-84e09faff3e0,200,1,1,655,,"Wine Tasting at The Village | Napa, California",good,,2026-06-22T18:14:00+00:00
4b6d1122-1503-4bf9-aabc-c698ae3e441d,200,1,1,500,Squarespace,ULTRAVIOLET WINES,good,,2026-06-22T18:14:00+00:00
c04446af-791b-4187-bda3-ab98a7a03ae2,200,1,1,1675,WordPress,The Little Wine Guy | Wine Business Consulatant | Wine Sales &amp; Education,good,,2026-06-22T18:14:01+00:00
0b623f0d-d376-4b81-a6d5-e28514ccbab8,200,1,1,738,,Mark Herold Wines - Premium Wine &amp;amp;amp; Downtown Napa Tasting Room,good,,2026-06-22T18:14:01+00:00
d697e197-7ce1-4eed-a750-56830b716174,403,1,1,35,,Just a moment...,broken,,2026-06-22T18:14:01+00:00
089a40c7-814d-471b-bbb8-70260bb9301d,0,0,0,10023,,,broken,connection failed,2026-06-22T18:14:01+00:00
79b22bbb-3d89-4ad3-b47c-4224db00b039,200,1,1,176,WordPress,Æquitas Vineyards,good,,2026-06-22T18:14:01+00:00
a66036a6-f0fb-4557-8e30-9e004121d815,200,1,1,634,,"Official homepage of 4 Winds Winery of the Stags Leap District in Napa Valley, California.",good,,2026-06-22T18:14:01+00:00
b2ee7342-d125-4c8c-859c-66fd886ce943,200,1,1,264,Squarespace,Acre Wines,good,,2026-06-22T18:14:01+00:00
e5e75526-2f97-4c86-b540-1c83ca10f5c2,0,0,0,15139,,,broken,connection failed,2026-06-22T18:14:01+00:00
34af53b5-253a-4ebf-bbe6-a2a1ba16da5f,404,0,1,360,Webflow,404 - Page not found,broken,,2026-06-22T18:14:01+00:00
728bb40a-5202-4b82-8729-e63fcd5a5da1,200,1,1,283,GoDaddy,Homepage - Anarchist Wine Co. - Uncork The Chaos - Visit Napa Valley,good,,2026-06-22T18:14:01+00:00
b8514394-24ec-426f-b4bc-1253c44c2372,200,1,1,367,WordPress,Home - Alpha Omega Collective,good,,2026-06-22T18:14:01+00:00
dae803c3-fa2b-49e9-a2c2-4806c17c4e83,0,0,0,111,,,broken,connection failed,2026-06-22T18:14:02+00:00
857467e6-e5e9-4e1f-aca1-aa7f93b88b18,200,1,1,478,,Amuse Bouche Wines - Limited Production Napa Valley Wines,good,,2026-06-22T18:14:02+00:00
7b7022a7-1f50-4d1f-9c5f-510e0c8235e2,200,1,1,225,Squarespace,Backstage Winery,good,,2026-06-22T18:14:02+00:00
bce1ea06-e64f-43c9-839d-667588953930,200,1,1,1102,Webflow,6 Degrees Cellars - Homepage,good,,2026-06-22T18:14:02+00:00
40e5bb8a-1d60-46f9-be58-74d3c930e4d1,200,0,1,220,Squarespace,Barbour Vineyards,weak,,2026-06-22T18:14:02+00:00
73d642e2-bb6b-4e8b-bfbb-1f01e48da00b,403,1,1,98,,Just a moment...,broken,,2026-06-22T18:14:02+00:00
124b2000-1f90-4de8-9128-dfdb2ff857b6,202,0,0,284,,,weak,,2026-06-22T18:14:02+00:00
47fe6e8a-4c7c-4d9e-a317-05bd3cbfea16,202,0,0,204,,,weak,,2026-06-22T18:14:02+00:00
68783643-f167-49bb-8b41-49be5c5b7a2f,200,1,1,546,WordPress,Boutique Winery in Napa Valley,good,,2026-06-22T18:14:02+00:00
9dc95f29-47d0-4baa-99ad-2143e54be7d2,200,1,1,352,GoDaddy,"Brut Bottling - Sparkling Wine, Sparkling Wine, Winery, Wine",good,,2026-06-22T18:14:02+00:00
46d96dca-2dec-40b1-99e5-bd392239e69c,200,1,1,8199,GoDaddy,"Napa West Pet Hospital - Animal Hospital, Veterinary",weak,,2026-06-22T18:14:03+00:00
7ae66bb7-aec5-4f2e-b19d-c54f6eb502dc,200,1,1,999,WordPress,Beau Vigne,good,,2026-06-22T18:14:03+00:00
d37b948f-df66-49e9-a634-17154e859259,200,1,1,1062,,Bin to Bottle — Napa Valley's Premier Custom Crush Winery,good,,2026-06-22T18:14:03+00:00
c5310a07-c2bc-42f1-b7e3-231a0fc68663,200,1,1,835,Shopify,Two Estates Wine Collective | Brandlin Estate,good,,2026-06-22T18:14:03+00:00
eaaf48cb-39d3-4356-91d2-a7dbacd5fc41,200,1,1,229,WordPress,Ceja Vineyards | Mexican-American Winery | Napa &amp; Sonoma Valley Wines,good,,2026-06-22T18:14:03+00:00
fa7613e0-ac46-4de2-a71b-f8f09578fb5d,0,0,0,15204,,,broken,connection failed,2026-06-22T18:14:03+00:00
08752134-234d-44eb-b126-3ef1d11c77fb,200,1,1,586,WordPress,Premium Wines in Napa Valley | Carneros Della Norte,good,,2026-06-22T18:14:03+00:00
52012890-5400-4ed0-b331-853c2cb9f831,200,1,1,285,WordPress,Caymus-Suisun,good,,2026-06-22T18:14:03+00:00
447c3c76-4416-4772-9c88-2bd72f470a95,0,0,0,15188,,,broken,timeout,2026-06-22T18:14:03+00:00
4f447c71-a7ed-49d5-bf76-7734b97e0e94,200,0,1,248,,"Elan Vineyards | Napa, CA",weak,,2026-06-22T18:14:03+00:00
e4fab66d-5b10-4ab9-bde0-aff653c64f23,200,1,1,366,Wix,Best Northern California Wineries | Napa Valley Red Wine - DRM Winery,good,,2026-06-22T18:14:03+00:00
5c628c30-6beb-432e-bd93-84192a8daf63,200,1,1,441,GoDaddy,Celani Wines - Old World Style Meets Napa Valley,good,,2026-06-22T18:14:03+00:00
c61e4574-d740-4a02-b9b9-d7c2050ac601,202,0,0,163,,,weak,,2026-06-22T18:14:03+00:00
3e701aec-013a-41d5-a067-e079852f5eda,200,1,1,235,WordPress,Home - Fortunati Vineyards,good,,2026-06-22T18:14:03+00:00
12b7b4ec-b134-4938-8691-aac37657dc66,0,0,0,70,,,broken,connection failed,2026-06-22T18:14:03+00:00
7bf7e771-e775-433f-b0df-efd7cc6e1bc3,200,1,1,323,WordPress,Home - Forthright Winery,good,,2026-06-22T18:14:03+00:00
a8f8342c-8af2-4971-9f14-52151149c1b5,200,1,1,289,WordPress,Frisinger Family Vineyard,good,,2026-06-22T18:14:03+00:00
ecc161ef-b76b-425a-8433-a5acdb7c39bd,200,1,1,696,WordPress,"Tasting Barn - Prime Solum, Expression 38°, Tetra, and Napa Valley Tasting Barn",good,,2026-06-22T18:14:04+00:00
5502f308-ca48-45ac-8cd9-126fdb299aa3,202,0,0,215,,,weak,,2026-06-22T18:14:04+00:00
f78a0c82-8870-4d2b-a538-385f1ebf4045,200,0,0,212,,,weak,,2026-06-22T18:14:04+00:00
1f6d5517-63fc-47ef-b15c-d5dcfaa3a523,200,1,1,772,,Home,good,,2026-06-22T18:14:04+00:00
485b984d-f307-46ce-b649-d56cb0296cec,200,0,1,117,,,weak,,2026-06-22T18:14:04+00:00
7a685f15-fa4e-4106-af86-da18a1fdeffe,200,1,1,433,WordPress,Gamble Estates,good,,2026-06-22T18:14:04+00:00
21a089ca-69ab-434d-9ba6-7db3717f50db,404,1,0,218,,,broken,,2026-06-22T18:14:04+00:00
d0ec487c-969d-4fd9-a4f1-beff2f73bf7e,200,1,1,1215,WordPress,Home - Dakota Shy Wine - Napa Valley,good,,2026-06-22T18:14:04+00:00
f3858fa5-78cc-4176-a50f-bf1402e77cc1,200,1,1,1009,WordPress,Home - Gen 7 Wines,good,,2026-06-22T18:14:04+00:00
b2d9b223-0b27-4f83-a632-571301c0ecdc,404,1,0,582,,,broken,,2026-06-22T18:14:04+00:00
67d4d460-dd11-45f3-87d9-d955cea9f004,200,1,1,461,WordPress,Welcome to Hess Persson Estates - Winery &amp; Art Museum,good,,2026-06-22T18:14:04+00:00
c42be3f0-31f2-4dca-b45d-c5a48d609de7,403,1,1,29,,Just a moment...,broken,,2026-06-22T18:14:04+00:00
97a6b101-1256-458e-9432-92f009ab0160,200,1,1,247,Squarespace,Oakville Winery &amp; Estate Cabernet Sauvignon | Hoopes Vineyard Napa Valley,good,,2026-06-22T18:14:04+00:00
fb3c79e8-a7ff-4ca9-b113-87cc27fc6a27,200,1,1,332,Squarespace,Oakville Winery &amp; Estate Cabernet Sauvignon | Hoopes Vineyard Napa Valley,good,,2026-06-22T18:14:05+00:00
b6348c2a-fdec-4450-a90c-53ee906c9046,200,1,1,526,,Welcome to Hestan Vineyards - Hestan Vineyards,good,,2026-06-22T18:14:05+00:00
a874262b-b547-4933-adca-04e775ae585c,200,0,1,2502,,九游体育(中国)官方网站-九游,weak,,2026-06-22T18:14:05+00:00
979d09fd-d0ff-437a-94f7-5b543c97230a,200,1,1,933,WordPress,HdV Wines Hyde de Villaine California winery visit Napa Valley,good,,2026-06-22T18:14:05+00:00
aff0f60e-7f82-4f7a-b38c-124d781d314b,0,0,0,111,,,broken,connection failed,2026-06-22T18:14:05+00:00
1d37751c-be11-4f0f-b2bf-6b7bf1313347,202,0,0,203,,,weak,,2026-06-22T18:14:05+00:00
fed97a88-c5f6-42b3-b21e-02a7fb0e1c69,200,1,1,450,Wix,Napa Wine Tasting Room | Housley Napa Valley | United States,good,,2026-06-22T18:14:05+00:00
b5f51102-4135-4da5-b7c9-4cc0c2225515,200,1,1,1200,Shopify,Grape Culture Landing Page &ndash; SYNDICATE WINES,good,,2026-06-22T18:14:05+00:00
937bda87-f2c0-4eb1-b0d3-2ecf7ea043bf,200,1,1,259,WordPress,Home - Kelleher Family Vineyard,good,,2026-06-22T18:14:05+00:00
058d8505-b8b3-4c63-9ab7-a69a5fa198e3,200,1,1,334,Squarespace,Kasten Family Wines,good,,2026-06-22T18:14:05+00:00
53038006-18f9-4c23-ac27-6cc59169f148,200,1,1,82,WordPress,Boutique Napa Valley Winery | Majuscule Wine | Cabernet,good,,2026-06-22T18:14:05+00:00
a5a99705-db15-40e6-817a-2ef92b59562f,200,1,1,476,Shopify,Luna Vineyards,good,,2026-06-22T18:14:05+00:00
7e67bd6e-2109-40ef-a10c-7c81f3ee8169,202,1,0,486,,,weak,,2026-06-22T18:14:05+00:00
6a861845-c450-4b96-8336-8518f48b4a19,200,1,1,333,Squarespace,"Mangels Vineyards | Visit, Taste, Enjoy Your Wine Journey",good,,2026-06-22T18:14:05+00:00
83cdab20-a92b-402e-8306-278c5a309762,403,1,1,115,,Just a moment...,broken,,2026-06-22T18:14:05+00:00
e031326e-1d57-49e9-9dce-f0e28b440db9,403,1,1,108,,Just a moment...,broken,,2026-06-22T18:14:05+00:00
2c05ff0d-9de7-48b0-86cc-3184b4b9f732,200,1,1,370,WordPress,HOME - Marita&#039;s Vineyard,good,,2026-06-22T18:14:05+00:00
6e8ef47b-65b0-4339-9865-71a3fbf1b813,200,1,1,1145,WordPress,Hudson Ranch - Hudson Ranch,good,,2026-06-22T18:14:06+00:00
d17e778f-bf00-4705-bac2-8bec0abc9809,202,1,0,329,,,weak,,2026-06-22T18:14:06+00:00
3182ec44-c619-4b3a-a1e4-349be762a006,200,1,1,458,WordPress,,good,,2026-06-22T18:14:06+00:00
278ca8f0-c66d-4ae2-9c0b-a8acf46f009d,200,1,1,749,Shopify,Napa Winery &amp; Wine Bar &ndash; No Love Lost Wine Co.,good,,2026-06-22T18:14:06+00:00
26203b18-92af-450b-85a4-43be3319879b,200,1,1,1038,WordPress,Altar Wines | Mont La Salle Altar Wines,good,,2026-06-22T18:14:07+00:00
81dea1cf-b3f4-426b-a7f6-839ea474d26b,409,0,1,121,,DNS resolution error | www.obcwines.com | Cloudflare,broken,,2026-06-22T18:14:07+00:00
a5bc4093-98d8-4ae7-899a-45bf38359add,200,1,1,1013,,Realm Cellars,good,,2026-06-22T18:14:07+00:00
3d8b13cc-3bdd-4dae-9267-31293929b997,200,1,1,126,WordPress,Opus One Winery - Official Website,good,,2026-06-22T18:14:07+00:00
dd55d870-7f16-4d30-ac84-d6250084a7fd,0,0,0,15090,,,broken,connection failed,2026-06-22T18:14:07+00:00
7d504b86-ec0d-4866-875f-ce65f5df8939,200,1,1,1042,WordPress,OVID Napa Valley | Organically Farmed Pritchard Hill Wine,good,,2026-06-22T18:14:07+00:00
5e854aba-13e7-4b06-9d9a-8ac11ae46938,200,1,1,3065,WordPress,Hertelendy Vineyards Official Website &#8211; The Premier Napa Valley Winery,good,,2026-06-22T18:14:07+00:00
44099410-7c7c-41df-aac5-33da164f41a6,202,1,0,132,,,weak,,2026-06-22T18:14:07+00:00
2203cbeb-270f-48e2-9bef-010a613c7c1d,202,1,0,623,,,weak,,2026-06-22T18:14:07+00:00
6ee60f79-43ba-4019-b0c3-f03a7b682afd,0,0,0,307,,,broken,"ssl: HTTPSConnectionPool(host='www.pvestatevineyards.com', port=443): Max retries exceeded with url: /Win",2026-06-22T18:14:07+00:00
ada95c63-6771-40dd-83d4-82c7a53585f0,0,0,0,45,,,broken,connection failed,2026-06-22T18:14:07+00:00
ee213892-a52f-425e-ae61-3b5c76702e15,200,1,1,1152,Webflow,"LOGIN4D : The Reef Coral - Aquarium Sales and Service | Baton Rouge, LA",good,,2026-06-22T18:14:08+00:00
a05d1dda-0e78-4f58-b2c8-317b8f4e8176,200,1,1,1468,Wix,"Olney Family Vineyards, Winery and Cave",good,,2026-06-22T18:14:08+00:00
46b60b63-6811-4633-a344-b912171adf54,200,1,1,1130,WordPress,Home - Patland Estate Vineyards Site,good,,2026-06-22T18:14:08+00:00
fff2bdb9-c793-4d49-95ed-3f960a7de4df,200,1,1,802,,Promise Wine | Small-Production Napa Valley Wines - Promise Wine,good,,2026-06-22T18:14:08+00:00
eae02db1-23fd-4442-9162-ba8bf0674049,202,0,0,179,,,weak,,2026-06-22T18:14:08+00:00
6faf832a-5002-4513-88c4-d629dcf60a41,200,1,1,250,Webflow,Home - Relic Wine Cellars,good,,2026-06-22T18:14:08+00:00
7d9d620a-39e4-4b63-8808-5e1e82824a44,200,1,1,1006,,Welcome to Progeny - Mt. Veeder - Progeny Winery,good,,2026-06-22T18:14:08+00:00
9819b576-353d-4236-86da-b589bdfe7bd8,200,1,1,589,Wix,E Gordon Wines,good,,2026-06-22T18:14:08+00:00
baef4575-cd62-496f-b8ed-507eb29aec66,0,0,0,10013,,,broken,connection failed,2026-06-22T18:14:08+00:00
a26adc46-d407-45b6-8890-be9426368d14,200,1,1,265,WordPress,Home - RuVango,good,,2026-06-22T18:14:08+00:00
ac2655a8-8e19-45de-9668-ecaf829c0fa4,403,1,1,28,,Just a moment...,broken,,2026-06-22T18:14:09+00:00
1b5ef6fc-c78c-43b3-a7b6-c86bf11cab77,0,0,0,110,,,broken,connection failed,2026-06-22T18:14:09+00:00
aa888532-34fc-4756-8899-cc867adb69dc,200,1,0,126,,,weak,,2026-06-22T18:14:09+00:00
b2295dc0-177e-4d12-bf5a-ec1e6af8670f,0,0,0,4183,,,broken,connection failed,2026-06-22T18:14:09+00:00
4aa41c52-f709-4ebf-9fae-044988d32f3e,403,1,1,148,,Just a moment...,broken,,2026-06-22T18:14:09+00:00
bddbf8cf-f1a6-48d0-9b70-397faef40b8d,200,1,1,740,,Rockmere Wines Napa Valley,good,,2026-06-22T18:14:09+00:00
2f63141f-ec92-46ff-882a-cc71b62be462,202,0,0,304,,,weak,,2026-06-22T18:14:09+00:00
59320fbd-3df4-47c8-b849-03ed9c4ca61d,200,1,1,506,Wix,Sparkling Wine | Napa | Sjoeblom Winery,good,,2026-06-22T18:14:09+00:00
06f97ac6-2c62-42a2-aec8-a02f6ce1f8b2,200,1,0,230,,Stagecoach Vineyard | Home,weak,,2026-06-22T18:14:09+00:00
cf315ef4-1e9b-4834-b8b1-c0e9f82e8727,200,1,1,409,Squarespace,St. Clair Brown Winery &amp; Brewery,good,,2026-06-22T18:14:09+00:00
7141ad11-7b6d-429c-8671-30deaf022347,200,1,1,1216,,RustRidge Ranch &amp; Winery,good,,2026-06-22T18:14:09+00:00
10ff76f3-0652-4fac-99f6-e1229b1f905e,200,1,1,214,,Home | Suisun Valley,good,,2026-06-22T18:14:09+00:00
62edcac1-7f3b-4c95-a04a-21ecc016577e,200,1,1,343,WordPress,Home - Suisun Creek Winery,good,,2026-06-22T18:14:09+00:00
7dcca71b-b150-4785-b139-e46afc54fb84,200,0,1,1253,WordPress,🍷 Ryan Darrall Wine - Shop Wines,weak,,2026-06-22T18:14:10+00:00
7db4afdf-5eaf-4c76-88e2-247c3ea2ec63,200,1,1,313,Shopify,The Duckhorn Collection &ndash; The Duckhorn Collection Tasting Room,good,,2026-06-22T18:14:10+00:00
75caaf1a-02e9-4a18-855e-258a2fa52e56,200,1,1,310,Shopify,theoleo Wine | Exceptional Wine &amp; Support for Good Causes,good,,2026-06-22T18:14:10+00:00
dee41efd-c556-441f-a507-67435d702e10,200,1,1,198,,Home Page || Tolenas Winery,good,,2026-06-22T18:14:10+00:00
c3acfee0-e896-4d44-a33b-12408ef085bb,200,1,1,3099,WordPress,Pine and Brown &#8211; Winery,good,,2026-06-22T18:14:10+00:00
d196db22-cd82-40c0-ae23-c5a74d449280,200,1,1,435,WordPress,Trinitas Cellars | Christian Wine Brand | Napa Valley,good,,2026-06-22T18:14:10+00:00
d59075b6-33f3-4334-9551-b3718f89624b,200,1,1,925,Shopify,Syndicate Wines | Premium California Wines &ndash; SYNDICATE WINES,good,,2026-06-22T18:14:10+00:00
94e12c3c-77a4-4971-9f85-a0ccd3b10869,200,1,1,852,,"Topaz Wines | Napa, California Winery | American Winery...",good,,2026-06-22T18:14:11+00:00
490d23b6-00f8-41c3-8ba3-188c85be2e16,200,1,1,484,Shopify,"Collektive - A Women&#39;s Modern Boho Clothing Boutique in Benicia, CA",good,,2026-06-22T18:14:11+00:00
fcdb825f-49c8-4d18-a679-fcc283870762,200,0,1,15728,,Domain Suspended - Incomplete Whois Verification,weak,,2026-06-22T18:14:11+00:00
724bd246-0252-40b6-98ef-145855cda2b4,200,1,1,1301,WordPress,Top It Off Bottling - Mobile Bottling Service &#124; Top It Off Bottling &#8211; Mobile Bottling Service,good,,2026-06-22T18:14:11+00:00
594cbd59-9219-4760-a21e-a03a151156f0,200,1,1,320,Shopify,Shoppe Twelve: Fashion-Forward Women&#39;s Boutique with Fast Shipping,good,,2026-06-22T18:14:11+00:00
7dacfc36-f2fe-42b8-ba5d-849eba2507ab,200,1,1,924,Shopify,"Opulent Gurlz | Bold, Curated Fashion for Women",good,,2026-06-22T18:14:11+00:00
507c5a28-06a9-446d-872b-262dd22dd0c5,200,1,1,839,Shopify,Rise and Redemption Trendy Clothing Boutique in Vacaville,good,,2026-06-22T18:14:11+00:00
32b60e5c-7d5a-4902-bc1b-62297ee91dbc,200,1,1,532,Shopify,Tay &amp; Grace is a contemporary women’s clothing store located in Napa &ndash; Tay and Grace,good,,2026-06-22T18:14:11+00:00
c7a2e1de-1a95-4cb2-bd6f-3246ef61f162,200,1,1,2640,WordPress,Home | Strala Vineyards - Boutique Winery,good,,2026-06-22T18:14:12+00:00
875de50e-f516-483d-9020-685b961fdcc9,200,1,1,645,Squarespace,Akasha Yoga,good,,2026-06-22T18:14:12+00:00
7ea5b603-7af3-45fa-a835-9c98c091504b,200,1,1,303,GoDaddy,Ebb &amp; Flow Yoga Studio | Vacaville&#039;s premiere Yoga and Barre studio,good,,2026-06-22T18:14:12+00:00
5874724f-c99c-453d-b31d-985076c7b990,200,1,1,475,,Benicia Fitness Studio | Join Now & Get Exclusive Deals,good,,2026-06-22T18:14:12+00:00
764a7b93-0054-4abc-8614-f62dc6edd0af,200,1,1,2658,WordPress,"Tench Vineyards | Oakville, Napa Valley",good,,2026-06-22T18:14:12+00:00
acbcecbe-ff99-4380-9f0e-506c52885235,0,0,0,118,,,broken,connection failed,2026-06-22T18:14:12+00:00
be5873b0-9fc9-47b9-9c76-9c5d5ced42c3,0,0,0,104,,,broken,connection failed,2026-06-22T18:14:12+00:00
a6aa713e-534e-47e7-922a-e2ded4624fd4,200,1,1,208,WordPress,Napa Valley Yoga Center: The Heart of Yoga in Napa Valley,good,,2026-06-22T18:14:12+00:00
2854b3c3-34f7-4d6b-9bf7-22613d7ecec7,200,1,1,673,Squarespace,EAST SIDE STUDIO,good,,2026-06-22T18:14:12+00:00
c53fcbd7-4a12-43ed-9eb7-9cbd3d28c26c,200,1,1,3745,WordPress,Shed Creek Cellars,good,,2026-06-22T18:14:12+00:00
e117aa54-eda0-4daa-a56f-2fc04f2599e1,200,1,1,243,,Client&#039;s service - WellnessLiving Systems,good,,2026-06-22T18:14:12+00:00
cef4e61e-1272-4e69-9432-49f3d46891ea,0,0,0,108,,,broken,connection failed,2026-06-22T18:14:12+00:00
300e99de-6852-414f-9838-f6da3bc11c30,0,0,0,109,,,broken,connection failed,2026-06-22T18:14:12+00:00
39647fa0-4584-41e5-9dc5-02212da20d18,200,1,1,319,Squarespace,The Mat - Infrared Heated Studio | Join the Movement Today!,good,,2026-06-22T18:14:12+00:00
74e45e3b-e04a-4d76-af25-1da410392cfc,0,0,0,32,,,broken,connection failed,2026-06-22T18:14:12+00:00
c5f6c0ba-2739-4a48-aa6d-8a461d9a15d0,200,1,1,373,Squarespace,"The Elevate Company | Yoga Studio Benicia, CA",good,,2026-06-22T18:14:12+00:00
58b70253-60eb-4484-8092-4fea2a773f44,200,1,1,442,Wix,"TUPP YOGA FITNESS Yoga-Fitness-Soundbath- American Canyon, CA",good,,2026-06-22T18:14:13+00:00
4269bc52-2764-432d-bbfa-608c0a0bec0f,200,1,1,11479,GoDaddy,"Winery, Wine, Wine Tasting - BackRoad Vines - Fairfield, California",weak,,2026-06-22T18:14:13+00:00
55f38d20-4168-4a42-95f6-f65e190f1280,404,1,1,382,,404 Not Found,broken,,2026-06-22T18:14:13+00:00
92336696-4392-48fe-b297-c91e188f0fb8,200,1,1,619,,Wine Country Movement,good,,2026-06-22T18:14:13+00:00
e6eb025b-e448-423d-abb4-0e8bd2980709,200,1,1,222,Squarespace,BRIDGING TIME GALLERY AND ANTIQUES,good,,2026-06-22T18:14:13+00:00
a59c3d66-6d11-4517-8062-9eb84880b50d,200,0,0,158,,,weak,,2026-06-22T18:14:13+00:00
b19f7d84-a747-4ce8-b570-ecde066da0d9,404,0,1,592,,404 Not Found,broken,,2026-06-22T18:14:13+00:00
e00ae775-9ff8-4a7b-8a83-4fcaa3b53079,200,1,1,726,WordPress,"YogaMaya &#8211; Hot Yoga &amp; Wellness &#8211; Hot Hatha, Vinyasa Yoga, &amp; More",good,,2026-06-22T18:14:13+00:00
d0169ebd-458e-437d-b7ce-22f2d2420e05,0,0,0,126,,,broken,connection failed,2026-06-22T18:14:13+00:00
666793cf-7607-4fe9-b5ec-36bc443f9edd,403,0,0,642,,,broken,,2026-06-22T18:14:13+00:00
3c8efe22-0ea9-41ba-b5f4-ba1ec1f079e2,200,1,1,288,,"Auto Repair in Napa, CA - AJ's Auto Repair",good,,2026-06-22T18:14:13+00:00
6897a3a0-da89-4ac5-b88a-5f2694b348e1,200,1,1,662,,"Sutter Solano Medical Center | Hospital in Vallejo, CA | Sutter Health",good,,2026-06-22T18:14:13+00:00
b334d8b6-3992-4fe3-bb01-1000030d06f5,0,0,0,46,,,broken,connection failed,2026-06-22T18:14:14+00:00
042f4368-e727-42a5-96c0-30530bdf4c14,0,0,0,110,,,broken,connection failed,2026-06-22T18:14:14+00:00
1e3ad165-8093-4d98-b3bd-fda95c63b2c4,500,0,0,542,,,broken,,2026-06-22T18:14:14+00:00
95a20dd4-dd25-4fd9-83f1-b64e9d29311f,200,1,1,465,,"THE SHOP (C AND C) - Repair Center in BENICIA, CA | 2362332",good,,2026-06-22T18:14:14+00:00
7532667a-3e73-47d5-b6b3-f54a7bb81a28,0,0,0,14,,,broken,connection failed,2026-06-22T18:14:14+00:00
220406a3-9816-439e-9335-2f71b9254e43,202,0,0,147,,,weak,,2026-06-22T18:14:14+00:00
15f0cdda-836f-4604-9750-2b06d422e2ea,0,0,0,208,,,broken,connection failed,2026-06-22T18:14:14+00:00
7ea25246-a041-4e22-95ec-004261cb9b35,0,0,0,110,,,broken,connection failed,2026-06-22T18:14:14+00:00
898de9ab-e076-4855-a484-f2ae4c56baae,200,1,1,1153,WordPress,"Affordable Auto Care, Dixon &#8211; (707) 693-0780",good,,2026-06-22T18:14:14+00:00
336fbec6-61c9-4837-985a-70add843cab3,200,1,0,163,,,weak,,2026-06-22T18:14:14+00:00
74e294c7-e8d6-44b1-923f-2939f4d55e77,0,0,0,47,,,broken,connection failed,2026-06-22T18:14:14+00:00
23487af9-d340-413c-a69e-ee58f1e791d3,200,1,1,2862,Wix,Yoga Studio | Busy Bee Yoga | Dixon,good,,2026-06-22T18:14:14+00:00
e789c796-bf34-4065-a2f7-ea8a34697e8c,200,1,1,720,,Baja XL 2027 - The Ultimate Desert Rally,good,,2026-06-22T18:14:14+00:00
d1cf47ff-6b26-4ead-afac-dda078e95dd5,0,0,0,44,,,broken,connection failed,2026-06-22T18:14:14+00:00
31d3b726-8af2-4733-b803-e11759c503a1,200,1,1,222,,Auto Repair Services | Ryan's Automotive Service Center,good,,2026-06-22T18:14:14+00:00
84c0f19c-cc3e-4352-a819-6fb623fa2685,0,0,0,39,,,broken,connection failed,2026-06-22T18:14:14+00:00
34ed4868-6807-45f6-b86c-7ec368f3937d,0,0,0,41,,,broken,connection failed,2026-06-22T18:14:14+00:00
876e3dbd-7c8a-450c-a25f-eb288e035bf7,500,1,0,633,,Server Error,broken,,2026-06-22T18:14:15+00:00
d6d52c93-a4da-411e-b852-c670e92cdd16,0,0,0,10013,,,broken,connection failed,2026-06-22T18:14:15+00:00
742aaa6d-b91b-4e02-b462-21ce796c419d,502,0,0,246,,502 Server Error,broken,,2026-06-22T18:14:15+00:00
dcc880c6-fd33-407b-b724-75b6aee6e342,403,1,0,163,,,broken,,2026-06-22T18:14:15+00:00
cbfb400e-db6d-4e55-a932-5d6b4933b506,0,0,0,145,,,broken,connection failed,2026-06-22T18:14:15+00:00
930b5f04-ed3e-4af2-8fca-b23261cd3bbe,200,0,1,494,,,weak,,2026-06-22T18:14:15+00:00
b729da25-3ccb-45c7-bc25-9c1bb1fafe9f,200,1,1,514,Shopify,Whipt Cookies,good,,2026-06-22T18:14:15+00:00
2ae5e0be-b414-4237-bb5b-ce5840a2c310,200,1,1,306,Squarespace,better hair.,good,,2026-06-22T18:14:15+00:00
8d4db03b-c2a5-4bf8-bfa5-492266ea9f4a,200,1,1,2501,GoDaddy,Awakening Body Wisdom - Acupuncture Clinic of Napa,good,,2026-06-22T18:14:15+00:00
aa909f8b-d938-4aa9-9db7-556433f3ee49,200,1,1,291,,Klarity Clinic | Ketamine Therapy &amp; Wellness Retreats,good,,2026-06-22T18:14:15+00:00
654b8a20-938b-401f-b8d5-cfc9847aad5d,423,1,0,183,Shopify,This store is unavailable,broken,,2026-06-22T18:14:15+00:00
bb75ddd9-4492-4ee7-b42f-db27f2c0986d,200,0,0,180,,,weak,,2026-06-22T18:14:15+00:00
24eab7be-c8d9-4fb1-87e5-f17f35f0abb5,200,1,1,355,,From Schedulicity to Vagaro | Smarter Scheduling &amp; Business Growth,good,,2026-06-22T18:14:15+00:00
f51b721e-1e80-4aca-b134-d046172cee49,0,0,0,115,,,broken,connection failed,2026-06-22T18:14:15+00:00
f5f9f7c7-d00c-4742-a0b6-c7ecedaec74b,200,1,1,491,,"Linda Valdez Artistry | Health &amp; Beauty in Dixon, CA",good,,2026-06-22T18:14:15+00:00
e30b842d-0715-429d-aff4-da8697a3aa94,200,1,1,366,,"Home | The Blind Butler | Vacaville, CA",good,,2026-06-22T18:14:15+00:00
0955fa19-a4aa-4ede-9e6b-2d657eeafb1f,0,0,0,146,,,broken,connection failed,2026-06-22T18:14:15+00:00
ca0bff87-a1fa-4250-9e4d-547b435f0e2b,200,1,1,525,,"The Lash Desire By Natalie Faenzi | Health &amp; Beauty in VACAVILLE, CA",good,,2026-06-22T18:14:15+00:00
c5dc6276-984d-415b-9612-1289a3902509,200,1,1,386,,"Rug Cleaning | Napa, CA | Napa Rug Co.",good,,2026-06-22T18:14:16+00:00
0c58f2eb-ab9c-460f-8243-6aa1e167a012,0,0,0,128,,,broken,connection failed,2026-06-22T18:14:16+00:00
2bed83ff-5f94-466f-8f10-0e9de9703a0a,0,0,0,173,,,broken,connection failed,2026-06-22T18:14:16+00:00
30b7e068-eb48-47b7-9dbe-055dd33224c6,404,1,0,281,Squarespace,Squarespace - Website Expired,broken,,2026-06-22T18:14:16+00:00
9b171d55-59b0-432e-adcb-a0222f01bad8,200,1,1,659,,"Kids, Toddler &amp; Baby Clothes | Gymboree",good,,2026-06-22T18:14:16+00:00
a5b3e3d5-ddcf-4a0f-bded-37083bad5d1b,200,1,1,534,,Hot Topic | The Pop-Culture Merch &amp; Clothing Store,good,,2026-06-22T18:14:16+00:00
dfd76b6a-2156-44ec-9fea-f6f86a40e163,200,1,1,359,Squarespace,Specialty Coffee Roasters | Napa Valley Coffee Roasting Company,good,,2026-06-22T18:14:16+00:00
0d75d023-de24-4cbf-8512-8953b3b34f50,200,1,1,5900,WordPress,Main Home - Wedgewood Vinters,weak,,2026-06-22T18:14:16+00:00
84c6d6f2-d533-469a-9e04-b7bd690f3229,0,0,0,75,,,broken,connection failed,2026-06-22T18:14:16+00:00
21252e50-0a64-44f0-b82c-dc45583a3b6f,0,0,0,101,,,broken,connection failed,2026-06-22T18:14:16+00:00
9a1719e4-0dad-40a9-983d-4096942b5431,0,0,0,106,,,broken,connection failed,2026-06-22T18:14:16+00:00
197c869d-f409-4c1e-9850-e12319213359,0,0,0,95,,,broken,connection failed,2026-06-22T18:14:16+00:00
cfacb2aa-4792-4159-be27-9bf330da60a5,200,1,1,1428,WordPress,Premium Hair and Skincare Products | MONAT Global - MONAT GLOBAL,good,,2026-06-22T18:14:16+00:00
eefcf930-8558-4834-a32c-8e8adb3fe0de,200,1,0,492,,,weak,,2026-06-22T18:14:16+00:00
e01fa316-ead9-4861-ae88-76cd53f18f75,200,1,1,1168,,El Titi,good,,2026-06-22T18:14:16+00:00
b68e8b1c-1267-4e13-973f-a62d1848fbb7,200,1,1,363,,1699 Dental Implant & Emergency Care - Dental Clinic | Vallejo,good,,2026-06-22T18:14:16+00:00
b5891213-0062-4c23-b9c0-63af9f62f713,404,1,0,553,,,broken,,2026-06-22T18:14:16+00:00
847ba304-9471-491b-a6c1-47b94bf965c6,200,0,0,499,GoDaddy,Home,weak,,2026-06-22T18:14:16+00:00
9f79aa5b-8aaa-4d26-92fe-e07a26e86f9a,200,1,1,920,,"Steel Building Erection Contractor: Quality Erectors & Construction, Inc.",good,,2026-06-22T18:14:17+00:00
0ceaa80b-71e5-4184-8e1c-470977f304b0,0,0,0,116,,,broken,connection failed,2026-06-22T18:14:17+00:00
40bad43e-99c2-4602-a658-93e65f6561bd,404,0,1,189,,404 Not Found,broken,,2026-06-22T18:14:17+00:00
e559da03-3854-4b73-9b2b-e0feb6cbbf6d,200,1,1,374,Webflow,"Oral Surgeon Vallejo, CA | Implants &amp; Wisdom Teeth",good,,2026-06-22T18:14:17+00:00
d4c2ada0-039b-47cc-9178-b30aa7dee895,200,1,1,503,Webflow,"Oral Surgeon Fairfield, CA | Implants &amp; Extractions",good,,2026-06-22T18:14:17+00:00
c993d73b-554d-4967-bbf0-50505dc78b90,200,1,1,314,,PWR!Moves Exercise Classes for Parkinson's Disease,good,,2026-06-22T18:14:17+00:00
cb5796de-07e9-4c02-a476-71eaa8e4006d,200,1,1,290,WordPress,Family Justice Center Solano &#8211; Safety | Healing | Community,good,,2026-06-22T18:14:17+00:00
23125ba0-dadf-4cb4-93e2-5e3ae39489f6,200,1,1,582,Wix,Arden Road Napa Gifting Company in Napa &amp; Sonoma County | Premium Gifts and Flowers,good,,2026-06-22T18:14:17+00:00
710d8825-f073-4587-897b-e281afaade98,200,1,1,645,GoDaddy,WitchGang Apothecary,good,,2026-06-22T18:14:17+00:00
9aceed51-6417-4604-bfd3-a6d6af51cb8c,200,1,1,328,GoDaddy,Food is Free Bay Area,good,,2026-06-22T18:14:18+00:00
6386ca65-a78b-4fc4-b408-6467a6384333,404,1,0,263,,,broken,,2026-06-22T18:14:18+00:00
ff56a1c5-dce7-4871-89b7-806ebedd4baa,0,0,0,121,,,broken,connection failed,2026-06-22T18:14:18+00:00
79919f94-cc53-45c8-9210-a43ef8edaae1,404,0,0,175,,Not Found,broken,,2026-06-22T18:14:18+00:00
7952ab96-f80b-426b-ba4e-6769ec95256e,200,1,1,5175,WordPress,ReStore &#8211; Solano Habitat for Humanity,weak,,2026-06-22T18:14:18+00:00
09952309-5422-4e87-b6c9-a8fa7ff3e755,200,1,1,613,,Flooring for Every Room &amp; Budget | Carpet One Floor &amp; Home,good,,2026-06-22T18:14:18+00:00
d2fbb02b-dfcb-462c-a09d-3de502ec8b74,200,1,1,410,,,good,,2026-06-22T18:14:18+00:00
b311f586-f04b-45be-a20a-e80f38700b9a,0,0,0,40,,,broken,connection failed,2026-06-22T18:14:18+00:00
5002bccf-c463-43bd-aa69-e01737e312bf,0,0,0,116,,,broken,connection failed,2026-06-22T18:14:18+00:00
e8cf8bb4-e7f8-4dd3-806c-567c0b15b613,403,0,0,169,,Access Denied,broken,,2026-06-22T18:14:18+00:00
e1103360-e8b5-4076-bfe3-daa400fe6402,200,1,1,261,Shopify,IH fitness &ndash; IH Fitness LLC,good,,2026-06-22T18:14:18+00:00
0c578599-5813-4dac-aef4-93e1a52f72cf,0,0,0,111,,,broken,connection failed,2026-06-22T18:14:18+00:00
20d899de-0a0b-4231-a829-82bd327c7af1,0,0,0,109,,,broken,connection failed,2026-06-22T18:14:19+00:00
fbf02235-3412-4394-8cc9-85dec3355399,0,0,0,28,,,broken,connection failed,2026-06-22T18:14:19+00:00
9782a43c-9df3-45e3-949c-37b6756e12ab,200,1,1,1165,,Custom Glassware Engraving Napa Custom Bottle Engraving,good,,2026-06-22T18:14:19+00:00
51731b73-edce-4d84-8034-c408792c4df8,200,1,1,585,Wix,HOME | Mysite,good,,2026-06-22T18:14:19+00:00
1d6ad689-26d2-4dbe-9d90-a2da8f2491aa,200,1,1,2374,Wix,"Roxie's Floral Co. | Local Florist | 505 East Street, Winters, CA, USA",good,,2026-06-22T18:14:19+00:00
ca712cca-6efe-48a3-aa59-d5425cf0ecd0,200,1,1,3308,WordPress,Axelrode Orthodontics | Family Orthodontic Care in the Bay Area,good,,2026-06-22T18:14:19+00:00
0b30f7c1-49cc-400a-acdb-47030fa35801,0,0,0,115,,,broken,connection failed,2026-06-22T18:14:19+00:00
e417cc4a-65b6-4420-9439-54da99395131,0,0,0,40,,,broken,connection failed,2026-06-22T18:14:19+00:00
a2f17082-9a62-46d6-91d9-19665f4d43ed,200,1,1,594,,The Cottages of Napa Valley: Romantic Boutique Hotel in Napa CA,good,,2026-06-22T18:14:19+00:00
a217bda2-8e53-490d-bb78-36c51c62f75a,200,1,1,450,,Home | Eco Torarica,good,,2026-06-22T18:14:19+00:00
8c2361b4-f7c9-4320-b3a9-9af2853c48d2,0,0,0,101,,,broken,connection failed,2026-06-22T18:14:19+00:00
eb22fd4a-1bcd-4d4c-a3d9-5e4f1789772d,0,0,0,117,,,broken,connection failed,2026-06-22T18:14:20+00:00
8cc00281-c4e1-4a9f-94b7-befe1b2fa18d,200,1,1,473,,Americas Best Value Inn,good,,2026-06-22T18:14:20+00:00
b313d8d7-3bdf-48dd-98f1-0c0f7cb5ffcd,200,1,1,518,WordPress,La Strada Cucina Italiana - The Culinary Heart of Napa,good,,2026-06-22T18:14:20+00:00
fca2ab25-bbf9-48b5-807b-f2a75af401b0,403,1,1,436,,Just a moment...,broken,,2026-06-22T18:14:20+00:00
dde1df72-5bbf-429a-83ee-c160b00f6a49,200,1,1,380,Wix,"Robert and sons' lawn service | lawn care | 190 N Alamo Dr, Vacaville, CA, USA",good,,2026-06-22T18:14:20+00:00
ccbdc02c-1beb-47e1-8110-c9c6c7f722ab,200,1,1,305,Squarespace,Attorneys &amp; Legal Counsel to the Wine Industry | DP&amp;F Law,good,,2026-06-22T18:14:20+00:00
bcdd09be-3b84-4983-8157-e1aaf278e200,403,0,1,298,,DNS points to prohibited IP | solanocountylawyer.com | Cloudflare,broken,,2026-06-22T18:14:20+00:00
7af64b03-9631-4611-9730-cba29752ae7d,200,0,1,300,,,weak,,2026-06-22T18:14:20+00:00
b5d6b06a-add3-449e-8944-805a69a5c887,200,1,1,4494,WordPress,"North Bay Periodontics &#8211; Periodontist in Napa County, CA",weak,,2026-06-22T18:14:21+00:00
3052f21d-49ac-4998-8335-069872c95bdf,0,0,0,15186,,,broken,connection failed,2026-06-22T18:14:21+00:00
577879a1-ae4e-41ac-adea-47747a081c1e,200,1,1,190,,"Residential &amp; Commercial Asphalt Sealcoating, Driveway Paving Contractor Napa, Vacaville, Fairfield CA &amp; Surrounding Area - SAS PAVING",good,,2026-06-22T18:14:21+00:00
d1f8d408-c881-4c1e-9118-d82cec8966ab,200,1,0,649,,Ronda L. Connor Attorney at Law,weak,,2026-06-22T18:14:21+00:00
a36087a9-0f99-4812-9a83-a254bb6a69ce,202,0,0,147,,,weak,,2026-06-22T18:14:21+00:00
498ec619-d8fe-44ed-bd1f-64577b8179f2,0,0,0,100,,,broken,connection failed,2026-06-22T18:14:21+00:00
1808e0ad-7cb6-45ea-a123-11ef8b69b46d,200,1,1,416,Wix,Home | Napa Therapeutic Mas,good,,2026-06-22T18:14:21+00:00
8b9f1fd7-98ef-4d88-95ea-aac7feb4ac14,200,1,1,1230,Wix,Reconnect Your Domain | Wix.com,good,,2026-06-22T18:14:21+00:00
ae591408-816d-499e-8ffc-fd257ff657b5,200,1,1,646,Wix,Looking for Massage Therapist | Booking Calendar | You Knead This | Wellness Arrangements,good,,2026-06-22T18:14:22+00:00
56f3044b-6863-49b0-a05a-129e04f40eb7,200,0,0,279,,Redirecting...,weak,,2026-06-22T18:14:22+00:00
7160f089-fcab-45e0-963d-cc1521cd4d52,200,1,1,709,,"JuJuâs Mediterranean Kitchen | Napa, CA",good,,2026-06-22T18:14:22+00:00
d2c8e7e7-056b-4fee-9c60-7f1292e81134,200,1,1,784,,Kelly Hagler's MySite | CMG Home Loans,good,,2026-06-22T18:14:22+00:00
6495d08c-8ef0-4522-b154-00171a14df98,200,1,1,4719,,HOME,weak,,2026-06-22T18:14:23+00:00
862555e1-1e22-469d-9292-a5365cc743fa,200,1,1,2700,WordPress,"Myers, Jameson &amp; Myers, LLP | Wine Country&#039;s Business Lawyers",good,,2026-06-22T18:14:23+00:00
c5e496f7-d6c5-4b6f-bc2e-f5323971176b,200,1,0,226,,Find a Loan Officer | Search loanDepot Mortgage Originators,weak,,2026-06-22T18:14:23+00:00
d165735f-a8ce-47ce-898c-629fb2b5ec57,200,1,1,1993,WordPress,OTS Bodywork &#8211; Empowering People to Improve Their Health and Lives,good,,2026-06-22T18:14:23+00:00
7ebc20b7-c3b6-4720-bdc4-ce102e734d9d,0,0,0,172,,,broken,connection failed,2026-06-22T18:14:23+00:00
5452eac1-4e12-466e-a975-6eb094feadfd,0,0,0,10014,,,broken,connection failed,2026-06-22T18:14:23+00:00
38bea13d-930c-4a5f-86de-3841a6e04e0c,200,1,1,798,WordPress,Mortgage Broker | Mortgage Masters Lending Inc,good,,2026-06-22T18:14:24+00:00
a0f6f317-5905-4bde-a14d-167d13f899d6,404,1,1,1178,WordPress,Page not found | CrossCountry Mortgage,broken,,2026-06-22T18:14:24+00:00
e04ab5c8-ddbe-42cf-8429-0886c0d9136c,200,0,1,1134,WordPress,Mark Gelow | NMLS #311485 | Petaluma CA Mortgage Lender,weak,,2026-06-22T18:14:24+00:00
9a8cebca-5d78-41bd-bf2d-5d606c551136,404,1,1,1092,,,broken,,2026-06-22T18:14:24+00:00
ce377521-888a-4226-967b-96a586acf3d3,200,1,0,994,,404 Dallas TX Mortgage Lender | Marketing Team,weak,,2026-06-22T18:14:24+00:00
65e807c9-0c13-42bb-8e48-245ad44249de,403,1,0,162,,,broken,,2026-06-22T18:14:24+00:00
c26f42f2-c276-4c1f-ab96-0fe72a1f9bf5,200,1,1,916,,Search Results,good,,2026-06-22T18:14:24+00:00
d1dd86af-2a8e-48c9-9ebc-e4ec79e570c6,202,0,0,238,,,weak,,2026-06-22T18:14:25+00:00
91e5e8a4-b144-446c-bce0-d26bdaf3f807,200,1,1,561,,Green Polish Nail and Spa - Professional and Best nail salon in Napa,good,,2026-06-22T18:14:25+00:00
02953b50-8b08-4807-8d4c-83b35838fbc9,200,0,1,266,WordPress,"asktheanimals.net &#8211; &quot;Ask the animals, for they will teach you&#8230;&quot;",weak,,2026-06-22T18:14:25+00:00
9b8d4340-714f-49c7-8349-5fd3558a730f,404,1,1,355,Wix,,broken,,2026-06-22T18:14:25+00:00
ce9c6da8-5e2a-41dd-ac68-40a60e92e13b,200,1,1,517,Squarespace,Bubbly Bulldog Grooming,good,,2026-06-22T18:14:25+00:00
bdfca77d-8556-4b2e-a016-1591ba75d9ce,0,0,0,73,,,broken,connection failed,2026-06-22T18:14:25+00:00
052e7aec-0119-4ef6-a872-a377147c91ae,0,0,0,15130,,,broken,timeout,2026-06-22T18:14:25+00:00
8a25d07b-cbd4-406c-8d15-3918260db9d5,200,1,1,987,,California Board of Barbering and Cosmetology,good,,2026-06-22T18:14:25+00:00
f4837710-db87-4962-b088-773d7024c34e,0,0,0,105,,,broken,connection failed,2026-06-22T18:14:25+00:00
4ab39fc3-54a2-47c6-88eb-2c4c63785c1a,0,0,0,29,,,broken,connection failed,2026-06-22T18:14:25+00:00
6db3919a-e02c-44e7-ae4d-3f971530c6c1,0,0,0,112,,,broken,connection failed,2026-06-22T18:14:26+00:00
4401c320-1308-43f3-90cb-5a7da51b1e48,200,1,1,396,Wix,"Pet Services in Napa | Napa, CA | Napa Pet Care",good,,2026-06-22T18:14:26+00:00
dd236ab0-e1c7-45f4-85c8-4f90facdc9d4,200,1,1,4154,WordPress,Mexican Food With Pelayo | Pelayo&#039;s Mexican Food California,weak,,2026-06-22T18:14:26+00:00
be61f0ff-9e07-45b3-92a9-481aa8456123,200,1,1,588,Wix,Home | Tails Of The City Do,good,,2026-06-22T18:14:26+00:00
434bbda5-1645-4f9c-b9d8-13ef92457718,0,0,0,221,,,broken,connection failed,2026-06-22T18:14:26+00:00
771eb624-8e85-4d3e-aa70-020988314c3a,200,1,1,2173,,Exquisite Beauty - Dixon CA | Vagaro,good,,2026-06-22T18:14:26+00:00
321c06cc-d728-4d2b-aeda-2254d02a2dab,200,0,0,174,,"Web hosting, domain name registration and web services by 1&amp;1 Internet",weak,,2026-06-22T18:14:26+00:00
ae149bc6-6bd0-4b94-bc2b-6b9a5e8770eb,200,0,0,334,,,weak,,2026-06-22T18:14:26+00:00
01f5d4ce-e338-44ae-96f0-583d3b9adbf7,200,1,1,968,,"Vallejo Pizza - Best Pizza in Vallejo, CA",good,,2026-06-22T18:14:27+00:00
4d144c4d-f0e8-4d84-a6f7-2ed17fea4de0,0,0,0,42,,,broken,connection failed,2026-06-22T18:14:27+00:00
a1f5c4df-e6d5-4ced-a838-d019dea047ad,202,1,0,170,,,weak,,2026-06-22T18:14:27+00:00
34f09fab-d8de-46ff-ba51-171bfe2183f6,200,1,1,1637,Wix,Benicia Pizza | Mangia Squared | Benicia,good,,2026-06-22T18:14:27+00:00
8bbe9c29-ca0d-4af6-ad65-feca6e5b3580,200,1,1,1646,WordPress,Home - Angela Vest Moore,good,,2026-06-22T18:14:27+00:00
58d8840e-72d7-4674-9f9e-60d0a875015c,200,1,1,1279,WordPress,Home - Brandon Cherry,good,,2026-06-22T18:14:27+00:00
aa6344ce-7a10-42bf-8939-09c76e67bb2e,403,0,0,684,,,broken,,2026-06-22T18:14:27+00:00
25bee14a-665c-4fe6-b703-9e4f911c6660,200,1,1,893,,Coldwell Banker Kappel Gateway Realty,good,,2026-06-22T18:14:27+00:00
ab0c4069-24f0-4c95-a83e-0546123a92c8,404,0,0,179,,404 Not Found,broken,,2026-06-22T18:14:28+00:00
9d8e8cde-f97c-41b5-8837-bde8b15da74c,200,1,1,369,,eXp Realty of California Inc. and CA DRE#01878277,good,,2026-06-22T18:14:28+00:00
35e3d54f-8578-4ec6-b0bb-b1a59f014ea7,200,1,1,347,Webflow,Expert Property Management Services in Reno,good,,2026-06-22T18:14:28+00:00
402ac8b0-bba2-4be8-8af5-d185a0f9390a,200,0,0,131,,,weak,,2026-06-22T18:14:28+00:00
d56c846e-b550-4a3a-933f-9802f8268fd5,403,1,0,400,,403 Forbidden,broken,,2026-06-22T18:14:28+00:00
8f2976b0-a1d1-4193-b390-365ddf9cdfc8,200,1,1,386,WordPress,"Solano, Yolo and Napa County Real Estate :: Intero Real Estate Services | Serving your real estate needs in Solano, Yolo and Napa Counties",good,,2026-06-22T18:14:28+00:00
f63ed319-01a8-405d-9ef5-9426c5e3fc36,200,1,1,2042,WordPress,Home - Beatrice Sorenson,good,,2026-06-22T18:14:28+00:00
406b775e-00e1-473a-a8b1-27b7b738cecd,200,1,1,286,,"Vacaville Real Estate Agent | Lynn Farris, REALTORÂ®",good,,2026-06-22T18:14:28+00:00
dc7d75d4-8f1f-4e06-a567-46275c2560ce,200,1,1,490,,Home Page,good,,2026-06-22T18:14:28+00:00
541e6c62-0482-4cdd-a5c1-cb03e39e8882,200,0,0,320,,,weak,,2026-06-22T18:14:29+00:00
e7c33610-810f-49f5-9d5a-62d2916584dd,200,1,1,812,WordPress,Napa Real Estate | Magliocco Group Coldwell Banker,good,,2026-06-22T18:14:29+00:00
9afc00d3-ee0f-4846-ab7c-1fa1ce8aaed9,200,1,1,555,Squarespace,NAPA VALLEY REALTOR,good,,2026-06-22T18:14:29+00:00
b7be37f5-c181-4860-8329-6e5fc6767d1a,0,0,0,287,,,broken,connection failed,2026-06-22T18:14:29+00:00
39c03a69-a9af-476f-b704-1f115dd397dd,404,1,0,150,,,broken,,2026-06-22T18:14:29+00:00
a0092848-abbd-4751-a999-0358fb6f3763,200,0,1,299,,Home,weak,,2026-06-22T18:14:29+00:00
88b4428d-b427-448a-9155-6e026d1c6381,200,1,1,457,,"Olson Realty, Inc. | Real Estate Services in Benicia, CA",good,,2026-06-22T18:14:29+00:00
a9945419-1c3e-448f-80c0-e1fdf80cc452,200,1,1,250,,Fairfield CA Real Estate & Homes for Sale | REMAX Gold,good,,2026-06-22T18:14:29+00:00
6e3ff6e2-e479-4ea0-9fcb-8ebcc7bc8c3d,403,1,1,119,,Access to this page has been denied,broken,,2026-06-22T18:14:29+00:00
de1b8e74-9c27-42e6-8f79-d78db2d3cec8,403,0,0,190,,,broken,,2026-06-22T18:14:30+00:00
c8ee846f-8f98-4744-90ea-1442eb01405e,200,0,1,9515,WordPress,FSKA PREMIER HOME PAGE | FSKA,weak,,2026-06-22T18:14:30+00:00
34753c05-aa71-4b45-ae58-d3ea88af56a9,200,0,0,263,,,weak,,2026-06-22T18:14:30+00:00
ea400e25-8316-4e88-8742-693bae283b55,403,1,1,180,,Access to this page has been denied,broken,,2026-06-22T18:14:30+00:00
2d4eaf31-1e15-4266-8df4-65f4e3c91e5d,403,1,1,217,,Just a moment...,broken,,2026-06-22T18:14:30+00:00
a0d41d46-87d3-4b0c-89b5-1fb0f83c34a4,403,1,0,295,,Request Rejected,broken,,2026-06-22T18:14:30+00:00
007b9d61-8cb5-4947-bcc7-139fc2131f93,0,0,0,91,,,broken,"ssl: HTTPSConnectionPool(host='www.melaniemuters.evusa.com', port=443): Max retries exceeded with url: /w",2026-06-22T18:14:30+00:00
ac2ec771-c508-4685-9683-3e93f2d3393e,0,0,0,158,,,broken,connection failed,2026-06-22T18:14:30+00:00
0f13c5a6-0b7d-4762-9340-cd429576011f,0,0,0,103,,,broken,connection failed,2026-06-22T18:14:31+00:00
86e4bd41-1492-46e6-8f7b-e9efe9250e92,200,1,1,1313,,Sell | Buy | Invest | Close with Shai Prasad,good,,2026-06-22T18:14:31+00:00
9161b3c6-e86f-41f4-aaf4-8143b3cc5c9b,200,1,1,439,,eXp Realty of California Inc. and CA DRE#01878277,good,,2026-06-22T18:14:31+00:00
0a8d60c4-9935-4bde-ad10-86f883b9395f,401,0,1,167,WordPress,Flywheel - Password Required,broken,,2026-06-22T18:14:31+00:00
caebcc53-4a94-4851-a4f3-433cfa99b3d5,0,0,0,112,,,broken,connection failed,2026-06-22T18:14:31+00:00
56164ddd-dcc5-4ce7-b35e-f1344851597a,403,1,1,156,,Just a moment...,broken,,2026-06-22T18:14:31+00:00
13609377-89b5-41cd-ad83-213937ddcde4,200,1,1,446,GoDaddy,Home - SLZ Wholesale | Restaurant Supply Distributor &amp; Food Packaging Delivery in California,good,,2026-06-22T18:14:31+00:00
ab8302d8-60be-4e88-bde1-1cad12be9431,0,0,0,85,,,broken,connection failed,2026-06-22T18:14:31+00:00
ae6420e7-7758-4f46-b53f-e8ad4ee965d0,401,1,1,512,Squarespace,Napa Lash Studio &mdash; Secure,broken,,2026-06-22T18:14:31+00:00
076ee8ce-c36d-4e6c-9941-b56c9782569b,403,1,0,147,,seatgeek.com,broken,,2026-06-22T18:14:31+00:00
2687ec36-03d7-4947-8d83-2d5e4a38bb34,429,0,1,109,,Just a moment...,broken,,2026-06-22T18:14:31+00:00
3e22db8d-8209-4c1e-86c9-9803fb5ede2c,200,1,1,545,,Hello Nail &amp; Spa,good,,2026-06-22T18:14:31+00:00
aa80728e-0944-4288-a69d-09963b68c1ac,0,0,0,15089,,,broken,connection failed,2026-06-22T18:14:31+00:00
657fd487-8d08-4be9-8c5b-de633bbc308a,0,0,0,15139,,,broken,connection failed,2026-06-22T18:14:31+00:00
491109ec-c0b1-436f-b06a-6340843a372b,403,1,1,100,,Just a moment...,broken,,2026-06-22T18:14:32+00:00
477114da-be83-416c-a03a-68ab7f6fa37c,200,1,1,329,Wix,Home,good,,2026-06-22T18:14:32+00:00
ea6a42f6-5e23-495e-8bdd-260a6f7d1553,200,1,1,396,WordPress,"Nth Degree Tutoring | Higher Ed Tutoring &amp; Test Prep in Solano County, CA",good,,2026-06-22T18:14:32+00:00
4278c723-c8dc-4c43-98ff-8795f11041af,200,1,1,387,,"Animal Advocates Veterinary Hospital - Veterinarian in Vallejo, CA US",good,,2026-06-22T18:14:32+00:00
8237c6d9-ac42-425f-8763-ab454313c88b,200,1,1,282,WordPress,Carpe Diem Restaurant &amp; Bar - Carpe Diem Restaurant &amp; Bar,good,,2026-06-22T18:14:32+00:00
ebdcb533-fa62-4ddb-855e-e813a8124934,200,1,1,425,WordPress,"Foodie - Live a Delicious Life: Kitchen Tips, Culinary History, Restaurant Recs",good,,2026-06-22T18:14:32+00:00
dffcbeb7-b3fd-486c-acc0-a649c5d66e14,200,1,0,259,Squarespace,Makana Cellars,weak,,2026-06-22T18:14:32+00:00
8d110148-6c9c-4776-a13f-cf48e444c6df,200,1,1,358,WordPress,Peter Franus Wines &#8211; Iconic Mount Veeder Cabernet and Zinfandel,good,,2026-06-22T18:14:32+00:00
df7a0cd4-1034-4b26-8542-853b0db3efc9,202,0,0,251,,,weak,,2026-06-22T18:14:32+00:00
c6bfca30-0b0d-4a29-8dac-dd09d31f1d50,200,1,1,383,Wix,Altamura Vineyards &amp; Winery,good,,2026-06-22T18:14:33+00:00
8b88564a-22e8-4d2c-8363-95033dc989e5,200,1,0,9138,GoDaddy,HOME,weak,,2026-06-22T18:14:33+00:00
8f4c182c-8533-452d-8f1a-f07d183f4cf5,200,1,0,472,,,weak,,2026-06-22T18:14:33+00:00
72553812-3cee-4167-b073-c2a33d939942,0,0,0,150,,,broken,connection failed,2026-06-22T18:14:33+00:00
428151e3-9df0-45d8-9e18-ad2d445cb385,200,1,1,893,Shopify,Arrow&Branch &ndash; Arrow&amp;Branch,good,,2026-06-22T18:14:33+00:00
ba57d7d7-8922-46cb-9564-e99a53dc1ffa,200,1,1,907,Shopify,Arrow&Branch &ndash; Arrow&amp;Branch,good,,2026-06-22T18:14:33+00:00
7bd75a23-6935-424c-b5b9-83f2226f54fc,200,1,1,2286,WordPress,Best Insurance Agency Dublin OH - Haughn Insurance,good,,2026-06-22T18:14:34+00:00
f6f4ce29-f912-4c6b-9f63-0c9af51c2df0,200,1,1,651,,Darioush,good,,2026-06-22T18:14:34+00:00
a814a1a4-6ce7-489f-88d1-56dd60c872fa,404,1,1,312,Wix,,broken,,2026-06-22T18:14:34+00:00
6e86f86b-fa49-40b4-8120-f503430e62d7,202,0,0,434,,,weak,,2026-06-22T18:14:34+00:00
71ad8036-065a-4315-954a-1226ee536417,0,0,0,15139,,,broken,timeout,2026-06-22T18:14:34+00:00
ee71ae56-0996-4cca-b648-fb5c61a08159,200,1,0,645,,Napa Valley Winery Cave Tastings - Jarvis Estate,weak,,2026-06-22T18:14:34+00:00
e196da2e-ae31-41f7-a0e5-06df153dffe7,200,1,1,457,Squarespace,St. Clair Brown Winery &amp; Brewery,good,,2026-06-22T18:14:34+00:00
846c1037-2dcf-48a7-8072-133fdb756f59,404,1,0,529,Squarespace,Squarespace - Website Expired,broken,,2026-06-22T18:14:34+00:00
151b04a0-090d-4f52-81c4-40f9e5d4bb82,200,1,1,513,Shopify,Experience Napa Valley Fine Wine &ndash; Robert Mondavi Winery,good,,2026-06-22T18:14:34+00:00
5de993a5-8654-4ea4-8d15-35b4aaf64e91,200,1,1,447,,Velcorin Services | VinPure,good,,2026-06-22T18:14:34+00:00
6c3906b6-baab-48bc-a414-aac50fba6b86,0,0,0,114,,,broken,connection failed,2026-06-22T18:14:34+00:00
897cd3d7-0188-4373-bb81-46e31f61c826,0,0,0,112,,,broken,connection failed,2026-06-22T18:14:34+00:00
54177438-c055-49b6-9e95-89a965c2a086,200,1,1,389,Squarespace,VIRGIL&#39;S VINEYARD,good,,2026-06-22T18:14:34+00:00
99f557b1-1b7f-486d-b189-81b93924a404,200,1,1,637,Weebly,,good,,2026-06-22T18:14:34+00:00
fb0d5875-fc41-4627-98e0-a2f0a1b0eb63,200,1,1,3037,WordPress,"Veterinarian in Dixon, CA | Aggie Animal Clinic",good,,2026-06-22T18:14:34+00:00
3b649093-f160-4501-87f6-eeed0ebcb9d6,0,0,0,115,,,broken,connection failed,2026-06-22T18:14:35+00:00
476193f8-aa89-4c4c-95df-456e4f64374a,200,1,1,513,,VintEdge Winery - Enabling Wineries To Reach Their Full Potential,good,,2026-06-22T18:14:35+00:00
f40bb9dc-4d57-4c3c-9746-c5de770b5b85,200,1,1,143,Webflow,"Paragon Tax Service, Tax Return Preparation, 17900 Sherman Island East",good,,2026-06-22T18:14:35+00:00
036b4e93-e3c8-4a48-b4e8-da9b42169b80,200,0,0,145,Weebly,Magical Holiday Moments - Home,weak,,2026-06-22T18:14:35+00:00
53ec0e01-bb85-479c-95cd-253d022c8070,0,0,0,95,,,broken,connection failed,2026-06-22T18:14:35+00:00
f7f557de-6980-4422-9c41-e40841d19ec9,0,0,0,135,,,broken,connection failed,2026-06-22T18:14:35+00:00
72d11029-b3d0-458d-a20f-088a7f70fc7c,200,1,1,872,,"vinSUITE - Winery eCommerce, Wine Clubs &amp; POS",good,,2026-06-22T18:14:35+00:00
b97fa765-b828-4656-b1d3-b87346fa212d,0,0,0,275,,,broken,connection failed,2026-06-22T18:14:35+00:00
d0a7ef04-7c2a-4f83-9d9e-ad441401d235,200,1,1,480,WordPress,76 Gas Stations| Quality Fuel Near You | 76®,good,,2026-06-22T18:14:35+00:00
2a1787e1-8fb4-47e8-aa7c-7c779e5d0634,200,1,1,619,GoDaddy,Auto Restoration Service | Herb Reed&#x27;s Auto Body and Restoration,good,,2026-06-22T18:14:35+00:00
724b2d15-2e57-4add-b582-942630298b8d,0,0,0,75,,,broken,connection failed,2026-06-22T18:14:35+00:00
b7eed90c-edc7-45d5-aa29-fe6c928cc3d2,0,0,0,69,,,broken,connection failed,2026-06-22T18:14:35+00:00
80dfedb4-dcc6-42f0-9e86-6dee81d90dc5,200,1,1,1509,WordPress,Home - Delicato Family Wines,good,,2026-06-22T18:14:35+00:00
a91ec92d-e28e-4b2e-9a2e-71c05a36c63d,0,0,0,146,,,broken,connection failed,2026-06-22T18:14:35+00:00
960f3c90-4d3c-418a-a24e-06d0c0c49e97,200,1,1,373,,Med-Ink Paramedical Tattoo,good,,2026-06-22T18:14:36+00:00
d34c23e6-36df-4be0-bd62-bcfcafd6dae6,200,1,1,344,GoDaddy,Buy powerscryo.com – Premium Expired .com Domain on GoDaddy | ExpiredDomains.com,good,,2026-06-22T18:14:36+00:00
36d21100-6c9c-4588-8b3a-a90d807f61ea,200,1,1,539,Shopify,Cindy O&#39;Brien Aesthetics &ndash; LIV + GRACE SKINCARE by Cindy O&#39;Brien,good,,2026-06-22T18:14:36+00:00
e282dd3f-9ca5-49cb-9e93-69ce469c16f3,0,0,0,82,,,broken,connection failed,2026-06-22T18:14:36+00:00
98eb6af7-6587-45a6-97b4-e3e7f02f0963,200,1,1,1124,Shopify,Matt's Classic Bowties &ndash; Matt&#39;s Classic Bowties,good,,2026-06-22T18:14:36+00:00
98d59727-7062-4a94-813c-5f68eacd33cb,0,0,0,57,,,broken,connection failed,2026-06-22T18:14:36+00:00
8eb7d807-c3a8-49c5-b4fa-429433c007bb,200,1,1,913,Shopify,Duncan&#39;s Lo-Ca Breads and More,good,,2026-06-22T18:14:36+00:00
cfef45c2-4c4a-414b-a0b8-e8ab5779f266,0,0,0,86,,,broken,connection failed,2026-06-22T18:14:36+00:00
9bd2bdb7-b9c5-44b3-866a-46ab2b808492,200,1,1,140,Webflow,"Kids Carousel Cuts, Barber, 639 Elmira Rd",good,,2026-06-22T18:14:36+00:00
88f86ca0-caa6-4ff3-bbc3-a5dc0b437871,0,0,0,40,,,broken,connection failed,2026-06-22T18:14:36+00:00
ad261e97-7a53-4cba-8c79-43f28f5f4b1a,200,1,1,291,GoDaddy,PurgeLabs.com is for sale | HugeDomains,good,,2026-06-22T18:14:36+00:00
64725b49-3d0e-4851-a6ee-da3c611aa5ce,0,0,0,7,,,broken,connection failed,2026-06-22T18:14:36+00:00
746b2ad8-d4eb-4b93-8d84-b13951e0f61e,0,0,0,41,,,broken,connection failed,2026-06-22T18:14:36+00:00
e1f7f8b0-d336-4007-b6bf-ce64a907e3d3,200,1,1,1646,WordPress,Bay Area Auto Detailing &amp; Ceramic Coatings | Bithell&#039;s Detailing,good,,2026-06-22T18:14:36+00:00
7c11d8a7-aa12-48d0-8898-32fdc64be3ca,403,1,0,399,,Access Denied,broken,,2026-06-22T18:14:36+00:00
0a56764d-1ffb-4c40-beee-17c7b942d0a8,0,0,0,15203,,,broken,connection failed,2026-06-22T18:14:37+00:00
d71e5841-0c4f-417b-8d93-449aa944cdc2,0,0,0,102,,,broken,connection failed,2026-06-22T18:14:37+00:00
e4fa227d-69ea-408f-82fa-d0aef4f45173,200,1,1,951,Squarespace,Schedule Appointment with PureKaiBeauty,good,,2026-06-22T18:14:37+00:00
0790830f-734c-43a0-89be-ae30d7a94d97,200,1,1,781,,Affordable Fashion Jewelry | Paparazzi Accessories,good,,2026-06-22T18:14:37+00:00
e0091b6c-2c27-4c5a-8f6a-97b9219def27,410,1,1,1100,,"Shear Design, 639 Trancas Street, Napa, CA - Groupon",broken,,2026-06-22T18:14:37+00:00
019c6ba5-b8d6-4d98-b06f-9497d7bf1bdb,200,1,1,892,Shopify,Tanks For Wine,good,,2026-06-22T18:14:37+00:00
fa7fa36b-d609-4b8b-8f22-2fd780752d51,200,1,1,278,,"C E L Insulation | Home Insulation in Benicia, CA",good,,2026-06-22T18:14:37+00:00
473d77c6-f243-42e8-914b-7b8e3f8cbcf5,0,0,0,109,,,broken,connection failed,2026-06-22T18:14:37+00:00
8195ad46-f315-492b-b7b9-bc67dc7d2159,402,1,1,552,Shopify,Store unavailable,broken,,2026-06-22T18:14:37+00:00
b0ddde77-d1ee-4e11-95a9-e8da7228c6a9,200,0,1,993,,One-Day Bathroom Remodel Vacaville Benicia and Napa,weak,,2026-06-22T18:14:38+00:00
dde49aab-5b86-4ed2-8d30-fd5a109b2bb2,200,1,1,948,,Home | H Tile,good,,2026-06-22T18:14:38+00:00
34f39078-9871-4160-9b29-13eba2954635,200,1,1,1097,,Delta Painting &amp; Coatings: Professional Painting Services,good,,2026-06-22T18:14:38+00:00
83a454ff-aea6-45b3-826c-55abcb455617,500,0,0,1367,,,broken,,2026-06-22T18:14:39+00:00
09ccb688-4ac2-4c75-9aae-b99882790495,200,1,1,321,Wix,Price Is Right Construction Excavation | Demolition Contractor,good,,2026-06-22T18:14:39+00:00
7303bcbf-57ef-4063-a3e4-91afbebab8ce,0,0,0,110,,,broken,connection failed,2026-06-22T18:14:39+00:00
a33f32d7-fe18-4a69-8769-7786403114c7,0,0,0,10012,,,broken,connection failed,2026-06-22T18:14:39+00:00
769e3694-21f5-41b4-abc9-4a6ff00eda29,200,1,1,1074,WordPress,Spradcon Builders | Custom Home Builder | Home Remodeling,good,,2026-06-22T18:14:39+00:00
f835a8bb-b7b1-4e5f-8157-1624bdc06c9c,200,1,1,798,,"Senior Relocation, Downsizing & Estate Sales in Benicia, CA",good,,2026-06-22T18:14:40+00:00
26d228fd-9fec-43ae-b3c6-5f512ec006f1,0,0,0,131,,,broken,connection failed,2026-06-22T18:14:40+00:00
f6e4752f-018b-499e-91ce-865e87b01ab5,200,1,1,211,GoDaddy,"Electrical Contractor in Napa, CA",good,,2026-06-22T18:14:40+00:00
374047a5-52b7-465a-9f7a-2d92105600d7,200,1,1,4378,WordPress,Napa Valley Medium Psychic Medium,weak,,2026-06-22T18:14:40+00:00
a581c24b-fbd6-4574-b037-5300fba9123f,200,1,1,579,GoDaddy,Lighting for Special Events - Creative Lighting Design,good,,2026-06-22T18:14:40+00:00
e6902366-3fe0-4fd7-b831-5e6116d33261,200,1,1,220,WordPress,The Barrel Cellar &#8211; &quot;A toast to the finer things in life.&quot;,good,,2026-06-22T18:14:40+00:00
bc31ea37-50b2-4bd4-9305-3ba773ea3c43,200,1,1,702,,"McDonald's: Burgers, Fries & More. Quality Ingredients.",good,,2026-06-22T18:14:41+00:00
4b04bc8d-8867-4d15-8df6-6eb7f15633aa,200,0,1,335,Squarespace,Floradanica,weak,,2026-06-22T18:14:41+00:00
47044095-a1d5-4abe-868e-888893234f57,200,1,1,342,Wix,Breakfast Food | Lucas Breakfast Bistro | Napa,good,,2026-06-22T18:14:41+00:00
d4168c3c-67bd-437a-9dbf-451b0b6b1a1a,0,0,0,142,,,broken,connection failed,2026-06-22T18:14:41+00:00
8065c53d-62a0-4418-a1eb-b85e39c561ba,200,1,1,343,Wix,Handmade Iron Beds - Made In The USA - Benicia Foundry &amp; Iron Works,good,,2026-06-22T18:14:41+00:00
369f07ca-979a-4c91-8179-4e96ef48b428,200,1,1,520,Shopify,Buy Metal Bed Frames | Metal Bed With Under-bed Storage Online &ndash; Golden Gate Beds,good,,2026-06-22T18:14:41+00:00
926f621c-8e1d-43a4-8192-6810a3f8732a,403,1,1,3078,,Just a moment...,broken,,2026-06-22T18:14:41+00:00
0323dcbb-f59c-44d2-a967-2f8b5a874a55,404,1,0,223,,Error 404 (Not Found)!!1,broken,,2026-06-22T18:14:41+00:00
e94b7b0f-9d21-457f-82d8-557ff9d85f2d,0,0,0,37,,,broken,connection failed,2026-06-22T18:14:41+00:00
989ad7a9-36d5-48fd-9e93-82a2365cd4e0,200,1,1,267,Webflow,"CrossFit Solano | CrossFit Gym in Fairfield, CA",good,,2026-06-22T18:14:41+00:00
36d90f7f-6a0a-477d-bdb6-bd119a4d157f,0,0,0,38,,,broken,connection failed,2026-06-22T18:14:41+00:00
d755317c-f20e-42da-a527-8e8c5b2da6f2,404,1,0,388,Squarespace,Squarespace - Website Expired,broken,,2026-06-22T18:14:41+00:00
e5c8774e-5c96-4603-a290-b14f83d41f03,403,0,0,223,,403 Forbidden,broken,,2026-06-22T18:14:42+00:00
43afe386-8b22-414a-a3fc-e9832ba5b30e,404,0,0,82,,404 Not Found,broken,,2026-06-22T18:14:42+00:00
c256524e-51e7-4ae8-9616-93d3171c5b29,200,1,1,1038,Webflow,Dentist Vacaville CA | Local Family Dentistry | Best Dental Office,good,,2026-06-22T18:14:42+00:00
4cd8b737-7e55-4a54-9934-f989292127b9,200,1,1,876,Weebly,,good,,2026-06-22T18:14:42+00:00
0c1e8b0a-0b85-4b0d-878b-f60f23e7f099,0,0,0,78,,,broken,connection failed,2026-06-22T18:14:42+00:00
b73ac47e-9122-4230-8684-0d5235ffd814,200,1,1,651,Webflow,"John Muir Inn, Party Facility, 1998 Trower Ave",good,,2026-06-22T18:14:42+00:00
69c1a961-a9b1-4cd5-9c31-2f90378fc5a3,200,1,1,6341,WordPress,SpaSalon Manager &#8211; Adding to the Simplicity and Depth of Salon Software since 1985,weak,,2026-06-22T18:14:42+00:00
351c461a-8385-44c8-87de-ae633dadb8b8,200,1,1,285,WordPress,California Personal Injury Lawyers | Millions Recovered | Wells Call Injury Lawyers,good,,2026-06-22T18:14:42+00:00
b724c9fd-7f4a-4ae7-8b30-a339e747da98,200,1,0,567,,,weak,,2026-06-22T18:14:42+00:00
50c9111e-72f0-4c0d-b727-ef304b24363f,404,1,0,229,,Error 404 (Not Found)!!1,broken,,2026-06-22T18:14:42+00:00
8af8b948-9663-4853-8dce-e993a4914765,403,1,1,607,,Just a moment...,broken,,2026-06-22T18:14:43+00:00
e82df3a7-959b-4eed-bc5d-2f153f127101,404,1,0,226,,Error 404 (Not Found)!!1,broken,,2026-06-22T18:14:43+00:00
1cc1128d-23e4-4bcb-99fc-63900ca08ab4,403,1,0,251,,403 Forbidden,broken,,2026-06-22T18:14:43+00:00
e9e54622-cc96-49f3-89d7-77fa2aa4a86d,0,0,0,15557,,,broken,connection failed,2026-06-22T18:14:43+00:00
f0732f83-b864-4f55-830a-12734debba29,0,0,0,15137,,,broken,connection failed,2026-06-22T18:14:43+00:00
b1fbe450-7324-4e2f-91ee-6b1abb4975f6,403,1,1,36,,Just a moment...,broken,,2026-06-22T18:14:43+00:00
b1b3d5d8-0317-449b-b566-25ece0e1763f,200,1,1,468,Wix,"Therapeutic Massage | Annie Twist Lubke, CMT, BCTMB | Benicia &amp; SF Bay Area, California",good,,2026-06-22T18:14:43+00:00
fab4afe0-5ce3-4e5a-b57f-9e202b168969,404,1,1,425,,404 - Not Found,broken,,2026-06-22T18:14:43+00:00
97f6228a-3fd3-4957-9d6f-1347903d4566,200,1,1,209,WordPress,Mortgage Broker | Mortgage Masters Lending Inc,good,,2026-06-22T18:14:43+00:00
6fe39f9d-d8d2-4b97-a087-6df74e3b401e,200,0,1,189,,Checking your browser...,weak,,2026-06-22T18:14:43+00:00
789ce874-5830-4df6-8c69-dbd04e2b2671,0,0,0,38,,,broken,connection failed,2026-06-22T18:14:43+00:00
ec3a9e17-ba35-4d01-937c-a83ca9939ee9,200,1,1,904,WordPress,Serene Medspa,good,,2026-06-22T18:14:43+00:00
3bd38126-3d0c-4c29-870e-09638843687d,200,1,1,973,WordPress,Site is undergoing maintenance,good,,2026-06-22T18:14:44+00:00
e56d3ab3-bcd3-4921-873d-5663eb9822a3,200,1,1,1732,WordPress,Nursing Home &amp; Elder Abuse Law Center | NoElderAbuse in California,good,,2026-06-22T18:14:44+00:00
87b55182-0131-41b0-8755-a6ebd8a36fdc,0,0,0,15881,,,broken,connection failed,2026-06-22T18:14:44+00:00
230fb52c-614d-4dd3-9ba3-8b779a0d4a51,0,0,0,47,,,broken,connection failed,2026-06-22T18:14:44+00:00
fcb4cd26-39d5-4add-8f8e-df17ff6ab005,0,0,0,109,,,broken,connection failed,2026-06-22T18:14:44+00:00
1f78a0e5-129e-42ba-a4e1-d29d814e0c75,200,1,1,585,Wix,"Pet Services in Napa | Napa, CA | Napa Pet Care",good,,2026-06-22T18:14:44+00:00
5b6a3a5b-6416-4008-9ad9-2b2e71eaa21d,200,0,0,4970,WordPress,,weak,,2026-06-22T18:14:44+00:00
4ed40d52-c1a0-4a5c-abf0-48326b8cf631,200,0,0,181,,,weak,,2026-06-22T18:14:44+00:00
9bfb41f5-ab93-4e38-ae7e-0b06c28e925a,404,0,0,195,,Error 404 (Not Found)!!1,broken,,2026-06-22T18:14:44+00:00
9cbc9d69-7d65-41d0-a961-a108c5ade9fe,200,1,1,350,Wix,Links &amp; Contact | Bloom Health Physica,good,,2026-06-22T18:14:44+00:00
ea4761b5-83fc-4fef-925f-0de2610be7a7,200,1,1,632,GoDaddy,Cool Dawgs Company,good,,2026-06-22T18:14:44+00:00
bb02b128-3ece-4619-b607-4f9d39f98cb6,403,1,1,178,,Just a moment...,broken,,2026-06-22T18:14:44+00:00
323a249f-f10d-407d-9533-7d8556d0ec3b,200,1,1,620,Wix,Senior Real Estate Specialist Benicia CA | Legacy and Lifestyle Homes,good,,2026-06-22T18:14:45+00:00
4a494f0e-4f7a-43bd-91f5-045db2f29e21,200,1,1,486,WordPress,Home - Tamara Hansen,good,,2026-06-22T18:14:45+00:00
e80fac0c-7ef4-4dc7-997a-c38f73308b36,200,1,1,697,,Napa Homes | Wine Country Real Estate,good,,2026-06-22T18:14:45+00:00
11dd2beb-e6c1-46a4-945a-11e557033737,200,1,1,185,,Angela Meisenheimer | Northern California Real Estate Agent,good,,2026-06-22T18:14:45+00:00
bbe691e3-8ef0-48ec-bdda-80973b7d5ac1,200,0,1,2342,WordPress,Blue Tiger Wellness &#8211; Your Friendly Neighborhood Wellness Professional,weak,,2026-06-22T18:14:45+00:00
38cc3bef-6f5a-4ba2-9899-33b378f211ff,200,1,1,1745,Wix,Green Door Document Preparation Service Rio Vista Janith Norman,good,,2026-06-22T18:14:45+00:00
7db1826f-ede8-47a1-b959-a8c04db7f828,200,1,1,1366,WordPress,The Michael Ellis School for Dog Trainers,good,,2026-06-22T18:14:45+00:00
7ab2f370-5f6b-4592-95dc-bd84403eb955,403,1,0,275,,Request Rejected,broken,,2026-06-22T18:14:45+00:00
b8b54e2e-2de8-41e9-a67c-ed279e967ae8,200,1,1,253,,Carla Shaheed: Solano County's Premier Real Estate Agent,good,,2026-06-22T18:14:45+00:00
f16bb040-ccb2-4357-8cc8-a91b75273c1c,200,1,1,1163,WordPress,Home - Jim Smith,good,,2026-06-22T18:14:45+00:00
78127d81-f30e-4921-8938-d0b2ef7c8ae0,0,0,0,111,,,broken,connection failed,2026-06-22T18:14:45+00:00
c0fc17a8-196c-453a-a7b3-eea37260f563,0,0,0,111,,,broken,connection failed,2026-06-22T18:14:45+00:00
cf09345b-9ce3-46bd-9543-83b9688fc189,403,1,0,230,,,broken,,2026-06-22T18:14:45+00:00
5d0c8917-a621-4e62-93d6-99e52ec0f079,0,0,0,33,,,broken,connection failed,2026-06-22T18:14:46+00:00
9945671e-ec29-4111-93de-4907362e2133,200,1,1,2956,WordPress,"Foundation Lending Partners | 795 Alamo Drive, Vacaville, CA - Best Home Loans",good,,2026-06-22T18:14:46+00:00
397478ff-9c0c-4952-be29-6caca39b8825,403,0,0,315,,403 - Forbidden: Access is denied.,broken,,2026-06-22T18:14:46+00:00
667e1ac2-4421-4665-9cc0-146d9293d6dd,200,1,1,1079,WordPress,Home - Barrett Adams,good,,2026-06-22T18:14:46+00:00
d18f000f-d988-4a0e-9a11-f1da8a0f91c4,0,0,0,111,,,broken,connection failed,2026-06-22T18:14:46+00:00
273464a6-4b1c-4e20-9327-ba3227158016,200,1,1,211,WordPress,"Your Napa, Sonoma &amp; Solano Experts | Edwin &#038; Miguel Alvarado",good,,2026-06-22T18:14:46+00:00
7649b542-e17c-4c91-b6c0-f42e219cb6c4,0,0,0,112,,,broken,connection failed,2026-06-22T18:14:46+00:00
0b222fb8-550d-4dfb-9eac-91c365c58fa2,200,1,1,761,,Napa CA Real Estate | EO&A – Elizabeth Olcott & Associates,good,,2026-06-22T18:14:47+00:00
0bdba5e2-05bf-4257-8ef6-eb454ab08ead,0,0,0,90,,,broken,connection failed,2026-06-22T18:14:47+00:00
a25d62d4-fd0f-4f02-9220-6ca365c17b93,404,1,1,326,,404: This page could not be found.,broken,,2026-06-22T18:14:47+00:00
1bccc8eb-08c3-423f-8e6b-086833929041,0,0,0,10344,,,broken,"ssl: HTTPSConnectionPool(host='mezafloors.com', port=443): Max retries exceeded with url: / (Caused by SS",2026-06-22T18:14:47+00:00
05c046e8-4720-4a2e-8602-a825096997d4,403,1,1,243,,Just a moment...,broken,,2026-06-22T18:14:47+00:00
b976bf2f-2b21-4422-99ec-fa6284007677,200,1,1,2352,WordPress,Cathy Khan,good,,2026-06-22T18:14:47+00:00
38a0046c-78f7-436a-972e-0ffa74828ecb,403,1,1,214,,Just a moment...,broken,,2026-06-22T18:14:48+00:00
83f86424-e41a-4855-8cd0-68ad1e804c9b,200,1,1,261,,Branden Connors Real Estate,good,,2026-06-22T18:14:48+00:00
dd6343d1-4c20-4ad2-a082-8cac24c55adb,200,1,1,2799,WordPress,Home - Bonnie Falk,good,,2026-06-22T18:14:48+00:00
bba22428-92c0-491f-a37d-7e48130fdeb4,200,1,1,3323,,Suisun City Apartments | Arrive Suisun City,good,,2026-06-22T18:14:48+00:00
4bdc9c80-84aa-48d1-8f2b-d83cb855ff22,200,1,1,558,,eXp Realty of California Inc. and CA DRE#01878277,good,,2026-06-22T18:14:48+00:00
00ad0c7c-e502-45ac-91ea-6ae1a15b0a3b,200,1,1,543,,"Real Estate, Homes for Sale, Home Values, Agents and Advice | REMAX",good,,2026-06-22T18:14:48+00:00
5a44dce7-0bc3-48b2-82a7-7fa1ffa7a086,0,0,0,148,,,broken,connection failed,2026-06-22T18:14:48+00:00
3b2c08c3-d3fe-454b-ba70-382d6522cf6f,403,1,0,501,,Request Rejected,broken,,2026-06-22T18:14:49+00:00
3e5d4e00-5fc8-4cf1-80d4-66127fcd91a9,410,1,1,771,,AgentFire &rsaquo; Error,broken,,2026-06-22T18:14:49+00:00
a60a5a92-b6c7-44c5-8e23-faff55716d16,200,1,1,1149,WordPress,Home - Janet Ryden,good,,2026-06-22T18:14:49+00:00
376ae920-230d-46a1-954d-04c689076a02,0,0,0,107,,,broken,connection failed,2026-06-22T18:14:49+00:00
cac22bef-0abb-4cb7-97b3-6710f283a803,200,1,1,2159,WordPress,Gary Prince,good,,2026-06-22T18:14:49+00:00
a6c225e9-ab44-4579-b760-19422530f60b,200,1,1,272,,Karin Argoud Morrisey | Top California Real Estate Agent,good,,2026-06-22T18:14:50+00:00
a20806e8-0e95-4d21-8ba1-c1c060f3c057,200,1,1,1031,WordPress,Home - Jessie Kelly,good,,2026-06-22T18:14:50+00:00
899ee586-845f-4553-b8a0-a2d298907762,200,1,1,977,,Engel &amp; Völkers Americas: Global Recognition. Local Expertise.,good,,2026-06-22T18:14:50+00:00
2cc6be9d-d417-42ce-9955-17aa7f371006,403,1,1,721,,Just a moment...,broken,,2026-06-22T18:14:50+00:00
32071a53-a2e7-4f80-a69b-94281e299814,403,0,0,3833,,403 - Forbidden: Access is denied.,broken,,2026-06-22T18:14:50+00:00
59276e30-2fe0-458f-b90f-e37b85c812dd,200,1,1,408,,"Napa Valley Luxury & Vineyard Real Estate | Kim Caterino, REALTORÂ®",good,,2026-06-22T18:14:50+00:00
40531117-3232-4c8d-8fea-e2ba60f8f87d,0,0,0,147,,,broken,connection failed,2026-06-22T18:14:50+00:00
7d10c38d-859e-414a-8057-5a74f7ef929a,0,0,0,133,,,broken,"ssl: HTTPSConnectionPool(host='leslieunverferth_copy.myrealestateplatform.com', port=443): Max retries ex",2026-06-22T18:14:50+00:00
5e63367b-c93e-426c-906e-644509cb979c,0,0,0,124,,,broken,connection failed,2026-06-22T18:14:50+00:00
1b120d56-4a47-4e93-babb-b6567a3c3802,200,1,1,423,,"The Peterson Lawson Group | Napa, California REALTORÂ®",good,,2026-06-22T18:14:50+00:00
48f40cef-7ca4-4724-b5a4-4ab2c1055ec4,200,0,1,492,,,weak,,2026-06-22T18:14:51+00:00
47fe20c6-8014-4a2f-b2f9-9412d27f07d7,202,1,0,269,,,weak,,2026-06-22T18:14:51+00:00
d413e42f-99be-4005-b290-3e67a39739cc,0,0,0,203,,,broken,"ssl: HTTPSConnectionPool(host='manzonegroup.com', port=443): Max retries exceeded with url: /contact-us/ ",2026-06-22T18:14:51+00:00
7095fa10-6783-4f9e-8f70-117e93061631,0,0,0,15672,,,broken,connection failed,2026-06-22T18:14:51+00:00
f39c47f6-6c7d-41a9-b494-1e5f4a462eb2,0,0,0,213,,,broken,"ssl: HTTPSConnectionPool(host='masiel.sanchez.myrealtyonegroup.com', port=443): Max retries exceeded with",2026-06-22T18:14:51+00:00
24fafc83-8be2-4613-a53c-cab298822253,200,1,1,1074,,Benicia CA Real Estate & Homes for Sale | Berkshire Hathaway HomeServices Drysdale Properties - Benicia,good,,2026-06-22T18:14:51+00:00
be16c6fc-a9c0-4992-9476-2f963c576f3d,0,0,0,1866,,,broken,connection failed,2026-06-22T18:14:51+00:00
29285109-4e1d-4db0-bb94-60f29a06bcf3,200,1,1,526,,The Real Journey,good,,2026-06-22T18:14:52+00:00
6831cfae-d3de-4705-a86e-829c35057d5a,0,0,0,142,,,broken,connection failed,2026-06-22T18:14:52+00:00
1d248974-4ca3-445b-b6c4-0409d532e54a,200,1,1,1060,WordPress,Mary Reyff,good,,2026-06-22T18:14:52+00:00
a2931644-44eb-4210-858e-81e06eb7e969,202,0,0,244,,,weak,,2026-06-22T18:14:52+00:00
5a539c65-a4df-4e97-b5e9-95d33cd0ebdf,403,1,0,327,,Request Rejected,broken,,2026-06-22T18:14:52+00:00
11e7006f-2638-45f5-8f60-8adb4b7792c3,200,1,1,328,WordPress,Real Estate Concierge | Napa Valley,good,,2026-06-22T18:14:52+00:00
a0ec2f5d-8af1-43b8-864b-8d2b53a673c9,0,0,0,139,,,broken,connection failed,2026-06-22T18:14:52+00:00
bf74996c-4ad6-4498-849a-62ffa6fd5e36,403,1,0,473,,Request Rejected,broken,,2026-06-22T18:14:53+00:00
df5d6889-3ed8-4925-81fc-a3cddd12e19c,200,1,1,919,,Jonna Lewis,good,,2026-06-22T18:14:53+00:00
0e5241e8-f1b4-4c12-8d79-d8eadb1b9d3b,200,1,1,326,,Real Estate | Ofelia Vargas | SF North Bay,good,,2026-06-22T18:14:53+00:00
575f32ed-6ab9-45f1-83d0-18d2c31a5f9a,403,0,0,496,,,broken,,2026-06-22T18:14:53+00:00
9f3e7035-e1df-44c4-b6d8-b68d049ee019,0,0,0,10030,,,broken,connection failed,2026-06-22T18:14:54+00:00
91f63557-ea36-438d-8808-abe589560f92,0,0,0,15269,,,broken,connection failed,2026-06-22T18:14:54+00:00
ce6c400e-6373-4a24-aeca-c6ccf7e84ef5,200,1,1,282,,Pippin Dew RE/MAX Gold | California Real Estate,good,,2026-06-22T18:14:54+00:00
166ea5e7-18c7-4566-8c7d-186185eaf6d7,404,0,1,1126,,Site inactive,broken,,2026-06-22T18:14:54+00:00
62cce81b-5af2-4d95-8b04-23b48b8ae549,403,1,1,46,,Just a moment...,broken,,2026-06-22T18:14:54+00:00
a6dc172a-a653-4403-9474-8e1192f23e11,200,1,1,1347,WordPress,Home - Paul Ponitkoff,good,,2026-06-22T18:14:54+00:00
4a42f106-44d8-48bc-88c0-2d39c66104bc,403,0,0,221,,403 - Forbidden: Access is denied.,broken,,2026-06-22T18:14:54+00:00
78b55551-c50d-49aa-a777-351d7a461c43,200,1,0,476,,Page Not Found,weak,,2026-06-22T18:14:55+00:00
626dea3e-a9c4-49e0-876e-0def87389a5e,202,1,0,331,,,weak,,2026-06-22T18:14:55+00:00
900467db-7f0f-4fb3-8efd-83e18d868b6b,200,1,1,1532,WordPress,Philip R Williams,good,,2026-06-22T18:14:55+00:00
425a132e-6cba-4be4-8f6c-f5491d5e809a,200,0,0,212,,,weak,,2026-06-22T18:14:56+00:00
f6d7432c-9884-4497-bd19-19bcba76a599,0,0,0,10015,,,broken,connection failed,2026-06-22T18:14:56+00:00
3a3a5f93-c1b1-4f74-bcfe-7201cf5929df,403,1,1,98,,Just a moment...,broken,,2026-06-22T18:14:56+00:00
ffd563b0-6e96-49d2-9f0c-a6c7802b5ec2,200,1,1,760,,Vacaville Real Estate,good,,2026-06-22T18:14:56+00:00
c349c189-21f5-4ad6-bf0b-fb40e481ce72,200,1,1,401,Wix,HOME | Stef Thompson Fairfield Realtor®,good,,2026-06-22T18:14:56+00:00
5e3884ad-a998-4ae0-b2a3-5a7fe53a0671,403,1,1,163,,Just a moment...,broken,,2026-06-22T18:14:56+00:00
38d3bc65-ab13-4ece-b531-6a8a99755289,200,1,1,481,,"Stephanie Aven | Premier Napa, CA Real Estate Agent",good,,2026-06-22T18:14:56+00:00
baf081b5-cef8-47e5-946d-4d4c7ef7cd9c,200,1,1,2209,WordPress,REALTOR (Ron) - RON HAMMONS (REALTOR),good,,2026-06-22T18:14:57+00:00
6cec24d7-f322-4959-acca-8188e2790a25,403,1,0,219,,Request Rejected,broken,,2026-06-22T18:14:57+00:00
f8414081-4af5-46b9-9d69-4b09282a8413,202,1,0,343,,,weak,,2026-06-22T18:14:57+00:00
abbf0e68-5723-4cb9-8845-cbfd8ffedda3,0,0,0,138,,,broken,connection failed,2026-06-22T18:14:57+00:00
bcbbfe5c-9b5c-454c-ae82-71fe7ab92455,200,0,0,230,,,weak,,2026-06-22T18:14:57+00:00
0607e7ce-6db4-451c-b78d-468dd51e3c2a,403,1,0,238,,Request Rejected,broken,,2026-06-22T18:14:57+00:00
01bbb029-3a35-4c11-b2c1-6e8332bf3042,0,0,0,41,,,broken,connection failed,2026-06-22T18:14:57+00:00
e6446cde-c2b3-4836-9c62-0a67044b805f,403,1,0,165,,Access Denied,broken,,2026-06-22T18:14:57+00:00
1ac3e0ec-1d0a-476d-9770-4f9f55a097f1,0,0,0,136,,,broken,connection failed,2026-06-22T18:14:57+00:00
b836448b-f3a4-4e65-890d-67862f0055bc,200,1,1,385,,4Ks Delivery,good,,2026-06-22T18:14:57+00:00
7dc18352-c54c-4c8e-97de-8c6d5eefad10,200,1,1,6528,,Home - Your Trusted California Real Estate Expert | Mariam Khugiani,weak,,2026-06-22T18:14:57+00:00
251a555a-fef0-4fdd-8672-6a712fe97ada,0,0,0,700,,,broken,connection failed,2026-06-22T18:14:58+00:00
73d69e63-3ff9-400c-b3da-96e3c497bf74,200,1,1,1051,GoDaddy,Rosa&#x27;s Senior Placement,good,,2026-06-22T18:14:58+00:00
9304a526-b4d3-462e-8b08-09a5ba5cc7bf,200,1,1,1030,Wix,Let's Roll-Jiu Jitsu and Wrestling Club (Vallejo),good,,2026-06-22T18:14:58+00:00
007c4352-880a-4d50-b2e2-b8200862d839,200,1,1,10753,GoDaddy,Home Buying or Home Selling - Sell Solano - Heather Estebez,weak,,2026-06-22T18:14:58+00:00
a3a5c596-36aa-435f-a891-b6923804497e,200,1,1,253,Squarespace,Bottoms Up Tanning &amp; Wellness,good,,2026-06-22T18:14:58+00:00
843188fb-21e3-4d71-9ead-2550dda9fddd,200,1,1,504,GoDaddy,Brad Pursell General Engineering Inc - Home,good,,2026-06-22T18:14:58+00:00
e89e1172-b054-49b2-b8b1-9b919dca2128,0,0,0,116,,,broken,connection failed,2026-06-22T18:14:58+00:00
acc6e0bc-57c2-4123-b565-416122f3cf4e,200,1,1,34,WordPress,"BAY AREA ROBOTIC HERNIA INSTITUTE &#8211; Faster return to Work, Play and Family&#8230;",good,,2026-06-22T18:14:58+00:00
aa312522-b86c-4560-bce6-6254aa540ee1,0,0,0,173,,,broken,connection failed,2026-06-22T18:14:59+00:00
c59715d2-a91e-4e11-a132-183945037759,200,1,1,1956,Wix,Home | Tattoo Beauty Lounge,good,,2026-06-22T18:15:00+00:00
c9474b1f-84a4-49cd-ac19-e0223386b5b8,0,0,0,15377,,,broken,connection failed,2026-06-22T18:15:01+00:00
1b9e36c2-73c9-4405-b0db-1d2852083eee,200,1,1,2397,,Cherry: The Smarter Way to Pay,good,,2026-06-22T18:15:01+00:00
769c942c-2412-4dd1-9a70-ef609d77578d,0,0,0,15184,,,broken,connection failed,2026-06-22T18:15:01+00:00
36294bfc-22d1-4a19-bdd1-7c6f7580105e,202,0,0,159,,,weak,,2026-06-22T18:15:01+00:00
18afde7c-909a-4e34-8370-fea1572d2049,404,1,0,226,,Error 404 (Not Found)!!1,broken,,2026-06-22T18:15:01+00:00
293b9aa9-b54d-4a89-bb55-fb05da0112a4,200,1,1,2316,WordPress,Best Insurance Agency Dublin OH - Haughn Insurance,good,,2026-06-22T18:15:01+00:00
df50d980-a750-4eac-8b3b-8fbcd8fd3568,404,1,0,325,,Error 404 (Not Found)!!1,broken,,2026-06-22T18:15:01+00:00
b055bf43-7606-4631-bd8d-5d9589df4519,0,0,0,128,,,broken,connection failed,2026-06-22T18:15:01+00:00
dc9846bd-878f-4ade-b035-fe3a0d997e62,0,0,0,38,,,broken,connection failed,2026-06-22T18:15:01+00:00
a70ee1f4-34c4-456c-bd98-a5daa326460f,403,1,1,686,,Just a moment...,broken,,2026-06-22T18:15:01+00:00
a0fc1f03-554d-4ac4-8b8b-cd0491147b8b,200,1,1,279,WordPress,Fore Family Wines,good,,2026-06-22T18:15:01+00:00
7a388f15-2b5d-4184-832a-d33a51bb7267,200,1,1,1025,,"The Main Grape - Vacaville, CA",good,,2026-06-22T18:15:02+00:00
248a6312-b64d-4f05-a91e-65ccecdda9e6,200,1,1,388,Wix,Winery | Identity Wine Company,good,,2026-06-22T18:15:02+00:00
baced026-18b8-4a1f-87ec-ac46ebec35d4,200,1,1,1813,,www.pitstoptiresandwheels.com,good,,2026-06-22T18:15:02+00:00
ffc3165c-e235-4312-a112-f2b77cc9f9fb,404,1,1,436,,Oakville Winegrowers - Page not found (404),broken,,2026-06-22T18:15:02+00:00
221dfb53-f116-450f-afd4-b7141ef8a4c1,200,1,1,591,Wix,Uniqueness from Vineyard to Glass | Trahan Winery - Napa Valley,good,,2026-06-22T18:15:02+00:00
79cd0b5e-8ac3-45d3-8354-9ccd0859a527,404,1,1,298,Shopify,404 Not Found &ndash; Sterling Vineyards,broken,,2026-06-22T18:15:03+00:00
d7fafe42-8e55-4310-8eb4-cc5bad2e53dd,200,1,1,255,Shopify,The Yount Room,good,,2026-06-22T18:15:03+00:00
5e8b8653-e552-48ef-97f1-77a6ed788689,200,1,1,480,Squarespace,POLEMONIUM WINES | Discover Our Unique Wines,good,,2026-06-22T18:15:03+00:00
5f9adc10-a356-4232-9888-43ef1edd7ccb,403,0,1,57,,Just a moment...,broken,,2026-06-22T18:15:03+00:00
6c692188-ded0-4ca6-9b47-106d363427cd,200,1,1,5645,,,weak,,2026-06-22T18:15:04+00:00
b5b996c6-f0e7-4e64-b94d-29e8fe52f5db,200,1,1,1934,WordPress,"Designer Fashion, Accessories &amp; More - Shop Online At Macbella | Macbella",good,,2026-06-22T18:15:05+00:00
ce35b46b-58b7-48d6-a07a-0f4ab5d9aa0e,200,1,1,654,GoDaddy,Quantum Financial &#8211; Elevate Your Financial Future,good,,2026-06-22T18:15:05+00:00
e3d21f24-4fa3-465b-a575-015653e91c8a,0,0,0,119,,,broken,connection failed,2026-06-22T18:15:05+00:00
84c8dbfc-6672-402a-81ae-e6f2890f4dd7,404,0,0,102,,Not Found,broken,,2026-06-22T18:15:05+00:00
f32753e7-c8d1-40d9-b585-d42833086bdc,403,1,0,234,,etsy.com,broken,,2026-06-22T18:15:05+00:00
6e25e4f3-d7be-4533-811d-4ebb26c9031f,200,1,1,357,,Find Estate Sales,good,,2026-06-22T18:15:05+00:00
5628b9c5-c574-456b-baf0-61a50721d348,200,1,1,4091,WordPress,Home - Grigsby Vineyard,weak,,2026-06-22T18:15:05+00:00
ec18514a-94f9-4438-9c91-fadd31f2618b,0,0,0,15074,,,broken,connection failed,2026-06-22T18:15:06+00:00
47a6e791-5dab-4b2b-8679-7e7e930e3a88,404,1,1,428,,,broken,,2026-06-22T18:15:06+00:00
0fa97310-9529-4fd6-acb8-465eaa77cc63,0,0,0,10014,,,broken,connection failed,2026-06-22T18:15:06+00:00
ac9a9eb3-a406-4d9b-bff7-afc9edc20961,200,1,0,764,,,weak,,2026-06-22T18:15:06+00:00
6049a998-93c2-4ff4-9394-38087a48fa00,200,1,1,172,Squarespace,DRE&#39;S MOBILE DETAILING SERVICES,good,,2026-06-22T18:15:06+00:00
84bb4167-1b52-4033-994b-da6e9dc51458,0,0,0,103,,,broken,connection failed,2026-06-22T18:15:06+00:00
e7e3b2ec-0efe-4f48-9072-ab5289b89bff,0,0,0,162,,,broken,"ssl: HTTPSConnectionPool(host='www.1800radiator.com', port=443): Max retries exceeded with url: / (Caused",2026-06-22T18:15:06+00:00
e1d72526-839b-4524-82cb-c16d311406ad,0,0,0,48,,,broken,connection failed,2026-06-22T18:15:06+00:00
119dca22-8d10-4267-a053-782288647342,0,0,0,110,,,broken,connection failed,2026-06-22T18:15:06+00:00
86a6ba8e-f9eb-459b-8fa6-0cb3286e3faa,200,1,1,222,Webflow,"Azn Motorsport, Auto Maintenance, Repair, 600 Lincoln Rd E",good,,2026-06-22T18:15:06+00:00
00fc5221-3422-431e-9666-f6a69951ae9d,200,1,1,359,Wix,"Paint Protection Films, Coatings &amp; Car Detailing | Robust Auto Detailing | Napa &amp; Surrounding Bay Area",good,,2026-06-22T18:15:06+00:00
7f41f1e3-4e36-4ccc-aba3-620b970bdd6f,200,1,0,304,,,weak,,2026-06-22T18:15:06+00:00
0dab2977-d5c8-4c32-a086-25e11aa3bd8d,200,1,1,9315,GoDaddy,RAB CONSRUCTION - Home,weak,,2026-06-22T18:15:06+00:00
a222ee89-24c6-4a5a-bd24-1cb469163404,0,0,0,15283,,,broken,connection failed,2026-06-22T18:15:07+00:00
dc13d2d8-1220-4406-a92b-e577051b5f45,0,0,0,124,,,broken,connection failed,2026-06-22T18:15:07+00:00
bd996cd1-f17a-4b60-8bb0-f209ad78254a,403,0,0,540,,403 Forbidden,broken,,2026-06-22T18:15:07+00:00
a0e990e0-bd3f-481f-af9b-d681a33f4174,200,1,1,4010,WordPress,Laydee&#039;s 1st Boutique,weak,,2026-06-22T18:15:07+00:00
9201add8-3066-41bf-8d46-10ccf0c5dd6c,200,1,1,552,WordPress,Site Title,good,,2026-06-22T18:15:07+00:00
ff1fcad1-fbd2-4553-9e73-41d24d81ae9a,403,0,1,189,,Attention Required! | Cloudflare,broken,,2026-06-22T18:15:07+00:00
4bad2b0d-bcb9-435d-bbb6-1d7e4bbfd199,0,0,0,15044,,,broken,connection failed,2026-06-22T18:15:07+00:00
939e0adb-596c-4cd2-bc81-62cd88f22431,200,0,0,51,,Redirecting...,weak,,2026-06-22T18:15:07+00:00
96168791-f0c2-4ef4-ab78-343523d13ec5,0,0,0,133,,,broken,connection failed,2026-06-22T18:15:07+00:00
601224b8-8a1f-4d8c-842c-15903674c668,404,1,1,811,WordPress,"Appliance Repair in Chicago, IL | Local Appliance Repair Services | Appliance Appointment",broken,,2026-06-22T18:15:07+00:00
a15f6ec8-0a7b-489c-a974-ea9c4d482bca,200,1,1,1243,,Superior Auto Body,good,,2026-06-22T18:15:07+00:00
0151141e-aa89-453c-86b5-89de0a96dc5a,200,0,1,1104,,eslsmt.com&nbsp;-&nbsp;This website is for sale!&nbsp;-&nbsp;eslsmt Resources and Information.,weak,,2026-06-22T18:15:08+00:00
a433f575-6d6d-4708-bbd8-81aa3dd8b2bb,0,0,0,111,,,broken,connection failed,2026-06-22T18:15:08+00:00
758a99c5-eaf1-4a80-9d41-745d725b497f,200,1,1,775,,We’re sorry. We can’t find the page you’re looking for.,good,,2026-06-22T18:15:08+00:00
31bc73d2-4e8e-4804-b5dc-df651b6d25ae,200,1,1,458,Shopify,Zodiac Tracks ©,good,,2026-06-22T18:15:08+00:00
947d8b29-b4b1-43c2-9d6f-28b648b48142,200,1,1,156,WordPress,Setting Inn Homepage - The Setting Inn,good,,2026-06-22T18:15:08+00:00
a22fc2b9-6ff0-49ae-b497-45f13eb1390e,200,1,1,169,Webflow,"Bay Area Window Tinting - Suite A8, Glass Coating, Tinting, 536 Soscol",good,,2026-06-22T18:15:08+00:00
041c37ab-2cff-451e-b2a6-63cc2648d6b2,200,1,1,1947,Wix,Home | Palmer Bread Co.,good,,2026-06-22T18:15:09+00:00
b99182a9-439e-48c1-879f-f35ed88e1a5a,0,0,0,111,,,broken,connection failed,2026-06-22T18:15:09+00:00
999114df-5091-45b9-a5b2-ebf29d8587c6,0,0,0,49,,,broken,connection failed,2026-06-22T18:15:09+00:00
a99f62ca-556d-46b1-84f8-d0b13a34983e,0,0,0,111,,,broken,connection failed,2026-06-22T18:15:09+00:00
f38e9e12-a46d-4c77-b891-bef3481c710c,200,1,1,1511,Wix,Home | Moss And Moon Aesthe,good,,2026-06-22T18:15:09+00:00
8fb0c1ab-b6b7-42b7-b462-3dea3d89960d,200,1,1,1876,Shopify,Rekomendasi Prediksi SDY Lotto Paling Jitu: Bocoran SDY Live Akurat 100% Anti Rungkad Terpopuler Hari Ini,good,,2026-06-22T18:15:09+00:00
c6b7224a-2ed9-41df-b12d-a313e3d9b57a,404,1,0,176,,Error 404 (Not Found)!!1,broken,,2026-06-22T18:15:09+00:00
d3ccc46d-176c-427d-95a6-12e2cfdac325,0,0,0,44,,,broken,connection failed,2026-06-22T18:15:09+00:00
8ac4ac47-7be5-4976-a7c7-d642974b631d,0,0,0,42,,,broken,connection failed,2026-06-22T18:15:09+00:00
bd3a8154-d7bb-4afc-a06e-5c3bf5045d16,200,1,1,214,WordPress,Child Start Inc &#8211; Child Start Inc of Napa,good,,2026-06-22T18:15:09+00:00
e1c5109a-64d9-4a1a-850d-1972cd863ae8,0,0,0,32,,,broken,connection failed,2026-06-22T18:15:09+00:00
b6a7f6da-c338-47dd-a09f-5f7ccd0ebda8,200,1,1,1008,,The Napa Inn & Spa | TOP-RANKED HOTEL in Downtown Napa,good,,2026-06-22T18:15:09+00:00
de588620-248f-456f-b2da-1a029b31667f,403,1,1,129,,Just a moment...,broken,,2026-06-22T18:15:09+00:00
bbc92544-6d75-4bd5-98b9-94d304b7e09d,200,1,1,472,Wix,Napa Private Chef - Chef Aaron LeRoi,good,,2026-06-22T18:15:09+00:00
9938f6d1-b661-4f93-8a3a-64243f421339,0,0,0,105,,,broken,connection failed,2026-06-22T18:15:09+00:00
b74dd70d-aaf4-4555-9f10-fdfd3f26e18b,403,1,1,213,,Just a moment...,broken,,2026-06-22T18:15:10+00:00
6c660e08-6b21-43a6-8d9d-5800260246f6,0,0,0,52,,,broken,connection failed,2026-06-22T18:15:10+00:00
ad0a5a32-855e-4f96-b81e-144bdaccbb98,200,0,0,1105,,,weak,,2026-06-22T18:15:10+00:00
1d622ee1-1b32-4ddd-b29d-6323de1dfdbc,0,0,0,15136,,,broken,connection failed,2026-06-22T18:15:10+00:00
44184e54-cb70-4960-8289-fe3dec7b1dfb,0,0,0,153,,,broken,connection failed,2026-06-22T18:15:10+00:00
a48ef634-53d9-42bd-995b-f4830f8cbfc6,200,1,1,367,Squarespace,Angeleri Property Solutions | Handyman &amp; Property Repair Napa Valley,good,,2026-06-22T18:15:10+00:00
7f4b36d6-0a25-4e28-9d44-cece9d7c63d7,200,1,1,716,Squarespace,Very Brave Coffee,good,,2026-06-22T18:15:10+00:00
da17783b-1a71-4ca1-96fd-8ce567d28fc4,200,1,1,420,Squarespace,B4 PRECISION BUILDER,good,,2026-06-22T18:15:10+00:00
2c60ad4f-07b7-4257-9796-486c3699afc5,0,0,0,40,,,broken,connection failed,2026-06-22T18:15:10+00:00
8b3ad58e-192c-4bde-bb08-ee8f0c706ff2,0,0,0,105,,,broken,connection failed,2026-06-22T18:15:10+00:00
a38fcc7f-c534-49a2-a312-f8a48fb99b25,200,1,1,296,Squarespace,EzFloors&amp;More,good,,2026-06-22T18:15:10+00:00
346283c8-2606-4c34-a4eb-0c71d8ff1545,200,1,1,227,Squarespace,John Laverty Construction,good,,2026-06-22T18:15:10+00:00
50f7ad67-956a-477a-b628-48567b1c6082,200,1,1,540,,Home | EPT Expert Builders Inc.,good,,2026-06-22T18:15:10+00:00
7515a00d-8ba1-4b6d-bc3a-0303076669b4,0,0,0,38,,,broken,connection failed,2026-06-22T18:15:10+00:00
28610d80-77a3-4996-8703-32c31ab05ca8,0,0,0,4195,,,broken,connection failed,2026-06-22T18:15:10+00:00
c5125daf-10b1-4a7d-b5b8-0c632cf42071,200,1,1,380,WordPress,Home - Water Well Drilling Experts | Huckfeldt Well Drilling,good,,2026-06-22T18:15:10+00:00
e01e1839-d55c-42fc-8b29-b2202bc12743,0,0,0,81,,,broken,connection failed,2026-06-22T18:15:10+00:00
9f82e8e0-77cf-48c4-9535-960951bc46c4,200,0,0,186,,,weak,,2026-06-22T18:15:10+00:00
3fc874d2-4aaf-4514-9e2c-9671f477b4a5,200,1,1,98,WordPress,ADU Builders in California | Prefab ADU Construction,good,,2026-06-22T18:15:11+00:00
133f9a41-811d-4739-b69f-fb56974f6a9a,200,0,0,261,,,weak,,2026-06-22T18:15:11+00:00
909a760d-4c73-4d4d-a848-c7a004ab0068,200,1,1,306,Webflow,Inactive Business,good,,2026-06-22T18:15:11+00:00
16be1083-4fd3-4a81-8eb4-a0f57a639a34,200,1,1,540,,CSLB-Home -CSLB,good,,2026-06-22T18:15:11+00:00
2a109e82-81ba-402c-9192-3ad9d4a14323,404,1,1,450,Wix,404 Error: Page Not Found,broken,,2026-06-22T18:15:11+00:00
8067ce5b-5487-4e2b-a693-3aa8c13bf0ec,200,1,1,484,Wix,Home | NEXT LEVEL,good,,2026-06-22T18:15:11+00:00
480791cb-3ecb-411f-acd9-15e49019daea,200,1,1,403,Wix,HOME | Omega Construction &amp; Handyman Services | General Contractor Services &amp; Remodeling,good,,2026-06-22T18:15:11+00:00
bca8f13d-7796-4081-97f4-5d3c0e38a5e1,0,0,0,159,,,broken,connection failed,2026-06-22T18:15:11+00:00
6eea7511-9703-4ecd-85be-9468e912e6a2,200,0,1,260,GoDaddy,"Concrete Contractor | Driveways, Patios & More | Call (855) 321-3655",weak,,2026-06-22T18:15:11+00:00
f10da8d8-2e4c-4bc2-9b10-377681c6fb7a,403,0,1,67,,Access denied | www.rh1construction.com used Cloudflare to restrict access | www.rh1construction.com | Cloudflare,broken,,2026-06-22T18:15:11+00:00
97ada065-9efd-41a9-ad57-9b17430d6408,0,0,0,115,,,broken,connection failed,2026-06-22T18:15:12+00:00
4f44b68f-6489-43a6-a089-861b3e40edef,200,1,1,2251,WordPress,Home - Dm vazquez landscaping deck an fence,good,,2026-06-22T18:15:12+00:00
59832a1f-6129-4f10-a065-abd99d81e8e5,200,0,1,606,,Concrete Construction Specialist - R & R Maher Construction Co,weak,,2026-06-22T18:15:12+00:00
43ee442a-7e28-4891-a0e8-6db7c6716f3b,200,1,1,381,Wix,Countertop Repair | TopRepair,good,,2026-06-22T18:15:12+00:00
efe3ace5-47f0-499d-b3e4-62a9a7b08250,404,1,1,184,Wix,,broken,,2026-06-22T18:15:12+00:00
d8f9e17b-a6c0-4d11-9586-70523fde508f,403,1,1,74,,Attention Required! | Cloudflare,broken,,2026-06-22T18:15:12+00:00
c9fd1be9-9935-4f66-99d1-da3fd349f321,200,1,1,1065,WordPress,Pacific Coast Concrete &#8211; Construction Contractor,good,,2026-06-22T18:15:12+00:00
0c05085a-52bb-4bdb-b8c7-f21a531ef08c,0,0,0,112,,,broken,connection failed,2026-06-22T18:15:12+00:00
2702d662-5cff-43a5-b0b1-86b32ac6b876,200,1,1,167,,,good,,2026-06-22T18:15:12+00:00
172ca6a2-8426-4c78-a46e-ca4b1713207c,200,1,1,415,WordPress,"Bare Beauty Rituals | Esthetician in Vacaville, CA",good,,2026-06-22T18:15:13+00:00
7e3dc7ba-9788-4f77-8631-9855874b19ca,200,1,1,619,,"Mi casita home daycare - Suisun City, CA - Wonderschool",good,,2026-06-22T18:15:13+00:00
05811387-dcd4-4f81-a619-edf2cf4bd6e7,200,1,1,492,,About â¢ @dentistrysupport â¢ Milkshake Website Builder,good,,2026-06-22T18:15:13+00:00
0d44ff6f-ed8b-47ce-a6f5-c7c8508aa5da,0,0,0,100,,,broken,connection failed,2026-06-22T18:15:13+00:00
43ef42a7-380d-4ec1-aeb9-2c78d6f634a9,200,1,1,397,GoDaddy,Pine River Dental Hygiene LLC,good,,2026-06-22T18:15:13+00:00
235813f1-0660-4af1-bf16-eae4eda778ef,200,1,1,564,,"Meet Our Team - Pediatric Dentists in Fairfield, CA",good,,2026-06-22T18:15:13+00:00
bc7a0678-5e8e-4b36-92e1-25a736c061ae,200,1,1,529,WordPress,Home - Lighthouse Dentistry - Vallejo,good,,2026-06-22T18:15:13+00:00
e8066fd0-3e05-4dcb-8db4-4c66db9363c9,200,1,1,427,Squarespace,Caroline Campbell Dermatology,good,,2026-06-22T18:15:14+00:00
ac9f1389-0412-47cd-aa5b-b44cd8fb3125,200,1,1,1704,Wix,HOME | essenzasalon,good,,2026-06-22T18:15:14+00:00
2989b88e-47e0-4ff1-acdf-84704ffcaa28,0,0,0,87,,,broken,connection failed,2026-06-22T18:15:14+00:00
34671b37-4f8a-4a81-9ad3-6a49a1785760,200,1,1,368,WordPress,"AAA Academy Truck Driving | Dixon, CA 95620",good,,2026-06-22T18:15:14+00:00
2c4a2fb7-4bc3-40a7-b5be-1a42a82d8a9d,200,1,1,261,WordPress,"Electrician Vacaville, CA | Davis Electric &amp; Systems Vacaville CA",good,,2026-06-22T18:15:14+00:00
07368f66-106e-41c5-8351-0e65ad8954d9,200,1,1,791,,NorCal Wedding DJ - DJ Barnett Entertainment | DJ Barnett Entertainment,good,,2026-06-22T18:15:14+00:00
ec440329-6fe4-486a-b0e8-57d5f3e58edb,200,1,1,446,,CSLB-Home -CSLB,good,,2026-06-22T18:15:14+00:00
f4bdce2c-12f8-4996-a6c2-d90b4becf139,200,1,1,448,,CSLB-Home -CSLB,good,,2026-06-22T18:15:15+00:00
c17475d7-7f5d-4399-885e-997d96ae43aa,200,0,1,445,GoDaddy,Electrician Service | Professional & Fast | Call (877) 753-1521,weak,,2026-06-22T18:15:15+00:00
e8ceb566-e04f-4e21-80eb-bd3300ed0b1d,200,1,1,339,Squarespace,FlutterShot Media - Real Estate Marketing Solutions | Fly-Through Video Tours | Social Media Management,good,,2026-06-22T18:15:15+00:00
b1edbec2-385e-4a42-928f-d70ce28a19b6,0,0,0,111,,,broken,connection failed,2026-06-22T18:15:15+00:00
e5fad2eb-bd4b-41a7-b90b-c11767c88c23,200,1,1,179,,"Benicia Guide: Things to Do, Downtown &amp; Best Restaurants",good,,2026-06-22T18:15:15+00:00
ddb0d359-7c2b-4dae-b705-0a173dd48fa7,200,1,1,624,GoDaddy,PanGORa&#x27;s Box: An Oddities Market,good,,2026-06-22T18:15:16+00:00
c9734169-fbfe-4a71-be39-8c1b998dca15,200,1,1,552,,"Winged Migration Expo Tickets, Saturday, January 31-Sunday, February 1 • 10 AM-4 PM | Eventbrite",good,,2026-06-22T18:15:16+00:00
13e5978d-1983-4ab2-bc50-c37bf5e58038,200,1,1,1737,WordPress,Electrician in Vallejo CA | Bayside Electric Service - Bayside Electric,good,,2026-06-22T18:15:16+00:00
8bee82cc-57f2-4bf0-94ed-2dc7bbff1376,200,0,0,290,,,weak,,2026-06-22T18:15:16+00:00
3baa5198-f938-4e8c-aa17-96b253d0538e,202,0,0,179,,,weak,,2026-06-22T18:15:16+00:00
b7953413-75f6-4cc3-8141-f6acd684d02b,0,0,0,15175,,,broken,connection failed,2026-06-22T18:15:16+00:00
426fa5bc-7f3f-42ba-a7f2-5b79d30a3a18,200,1,1,154,,"Residential & Commercial Carpet/Upholstery Cleaning Vacaville, CA",good,,2026-06-22T18:15:16+00:00
a6e20c85-4a77-402a-bc1b-5f7f987a4fcc,0,0,0,44,,,broken,connection failed,2026-06-22T18:15:16+00:00
f5a44dba-9ca2-42f2-83c3-b4bc11de3227,0,0,0,213,,,broken,connection failed,2026-06-22T18:15:16+00:00
07138d57-7df9-4db9-bd59-1ee64780e608,200,1,1,11185,GoDaddy,Mobile Repair Services | Home,weak,,2026-06-22T18:15:16+00:00
e7e5d202-888a-49f0-bcea-4ddb4d394292,404,1,0,480,Squarespace,Squarespace - Website Expired,broken,,2026-06-22T18:15:17+00:00
c0061c21-dafb-4eb7-b0a2-2c0dfe7f5697,0,0,0,329,,,broken,"ssl: HTTPSConnectionPool(host='1800flowersankeny.flowerama.com', port=443): Max retries exceeded with url",2026-06-22T18:15:17+00:00
d9383b28-e345-4d13-9169-97bd5e1453bd,0,0,0,107,,,broken,connection failed,2026-06-22T18:15:17+00:00
7f29a728-9c3b-430e-aa1e-c5abd3ce5986,200,0,1,264,,,weak,,2026-06-22T18:15:17+00:00
cfe3c3ba-158d-45da-83e3-bc85aec9d59b,200,1,1,295,GoDaddy,Buy vallejocityfloral.com – Premium Expired .com Domain on GoDaddy | ExpiredDomains.com,good,,2026-06-22T18:15:17+00:00
d2bd4e64-e896-43eb-82fc-cc72abe61b71,0,0,0,108,,,broken,connection failed,2026-06-22T18:15:17+00:00
3a1b1ba1-90ca-4931-8276-d733c6ab9f2a,200,1,1,9958,GoDaddy,My Barberologist,weak,,2026-06-22T18:15:17+00:00
47ec3cf5-2510-4e0a-bd41-0bb70cddac28,200,1,1,1846,WordPress,"Manzoni Trucking &amp; Excavating, Inc. | Dependable Hauling and Trucking Services - Northern California",good,,2026-06-22T18:15:17+00:00
1043f217-5bdf-4f02-a469-db87ff7f1123,0,0,0,31,,,broken,connection failed,2026-06-22T18:15:17+00:00
1d565951-9607-4443-8263-92bef921e9e2,200,1,1,1504,Shopify,Melody Farms Online,good,,2026-06-22T18:15:18+00:00
d2e21afa-ccbd-46bf-becc-cec40a6d19db,200,1,1,1377,Shopify,Curated Lifestyle Goods for Intentional Living &ndash; Rill,good,,2026-06-22T18:15:18+00:00
a3b4ad4a-1910-49e5-ab4c-06035f060e9c,200,0,0,94,,Redirecting...,weak,,2026-06-22T18:15:18+00:00
86403525-3ba9-4c9f-93e8-2b1de099286e,200,1,1,585,GoDaddy,THE THIRSTY DOG,good,,2026-06-22T18:15:18+00:00
8136b6a5-9797-4467-943b-d50cb2575556,0,0,0,117,,,broken,connection failed,2026-06-22T18:15:18+00:00
ab400bd2-0bba-4896-937f-c4fcf7088e59,0,0,0,15052,,,broken,timeout,2026-06-22T18:15:18+00:00
e74c87fa-dc8a-4717-bb33-39268975352b,403,1,1,118,,Just a moment...,broken,,2026-06-22T18:15:18+00:00
78bb271c-d7a6-4911-9e75-6d2fbb675c89,404,1,1,205,Wix,,broken,,2026-06-22T18:15:18+00:00
07c1e164-1e10-4be2-8636-066737684c74,0,0,0,119,,,broken,connection failed,2026-06-22T18:15:18+00:00
ad1cac91-f2bf-4c7c-824e-cd03b1548b56,403,0,1,245,,Attention Required! | Cloudflare,broken,,2026-06-22T18:15:18+00:00
fc2e5d53-58c8-44d8-9931-5596d468cecd,200,1,1,387,Squarespace,Vonsaal Design,good,,2026-06-22T18:15:18+00:00
366d53f7-c0a5-4488-b255-29c4d25b8543,0,0,0,47,,,broken,connection failed,2026-06-22T18:15:18+00:00
06b1aff0-7a60-4c71-b382-f60c85a793e1,200,1,1,487,WordPress,Professional Cleaning Services in California | Maids 2 Sparkle,good,,2026-06-22T18:15:18+00:00
4ab6187e-3e6d-4213-baa9-9c080ff3b7af,200,1,1,9106,GoDaddy,Cary Drain Services,weak,,2026-06-22T18:15:18+00:00
a926fb43-7b88-4649-af2e-d829a182d898,200,1,1,1595,Shopify,www.zangelscharm.co &ndash; Z Angels Charm,good,,2026-06-22T18:15:18+00:00
2ecfc19d-2ce4-4879-ba5e-3e4c4139d275,403,0,0,495,,,broken,,2026-06-22T18:15:18+00:00
4d7bcae9-63e9-41e4-af35-0006b816f664,0,0,0,109,,,broken,connection failed,2026-06-22T18:15:19+00:00
3fa3b754-9b04-47f4-8dcf-c20a53c7acbe,200,1,1,265,,ALLTHINGSQUEENIE.NHQ.LLC,good,,2026-06-22T18:15:19+00:00
b6cea252-3083-4fbf-84f2-93d78fd43109,0,0,0,109,,,broken,connection failed,2026-06-22T18:15:19+00:00
70d94175-7ea5-4eec-85fc-1f005b91c880,0,0,0,110,,,broken,connection failed,2026-06-22T18:15:19+00:00
601dad93-25bd-4d05-99b5-fccef40d44a5,200,1,1,462,,Webs.com has been shut down: Find out more,good,,2026-06-22T18:15:19+00:00
9d8594d8-e173-4832-8ad2-0d3f9e04ca55,200,1,1,1041,,Jeffrey Larson,good,,2026-06-22T18:15:19+00:00
d722a07b-7df6-4d11-b904-a394d58f93fa,0,0,0,107,,,broken,connection failed,2026-06-22T18:15:19+00:00
b6521979-1632-40ab-9937-3f7e8d6e3dbd,200,0,0,58,,Redirecting...,weak,,2026-06-22T18:15:19+00:00
8336e9cf-3e98-44a7-93f8-2a944b607fe4,200,1,1,990,Squarespace,Schedule Appointment with THEMELTQUEEN,good,,2026-06-22T18:15:19+00:00
3d5a9b53-7f9a-4681-b73b-406c01ee30b5,200,1,1,341,,"GlowUp Hair Studio | Hair Salon in Pittsburg, CA | Book on Booksy",good,,2026-06-22T18:15:19+00:00
b13db26d-279e-404c-b9eb-98b75bcc2981,0,0,0,104,,,broken,connection failed,2026-06-22T18:15:19+00:00
ee0827b0-8b27-4ea1-a5bc-4846f4bf6ecb,0,0,0,120,,,broken,connection failed,2026-06-22T18:15:19+00:00
9b9c347e-77d6-4554-81de-3d3a047e61d1,200,1,1,479,Wix,Home | Braids by Florence,good,,2026-06-22T18:15:19+00:00
efe8becd-1aa3-439a-a07b-4cdcdaebefeb,0,0,0,105,,,broken,connection failed,2026-06-22T18:15:19+00:00
ed1802be-8ace-44ba-8109-9d79b2ca89a0,200,1,1,339,,Filthy Clean Bins LLC | Trusted Exterior Cleaning | Fairfield CA,good,,2026-06-22T18:15:19+00:00
f49f5d71-74e0-4b2e-b6da-491c107b60a8,0,0,0,106,,,broken,connection failed,2026-06-22T18:15:19+00:00
799480f6-e972-4eb8-8c82-2dd15eb81165,0,0,0,112,,,broken,connection failed,2026-06-22T18:15:19+00:00
d19874c5-952d-4c5e-812d-18a72af94592,0,0,0,74,,,broken,connection failed,2026-06-22T18:15:19+00:00
6364108c-99fc-4caf-9959-a6da6bcaecbe,0,0,0,39,,,broken,connection failed,2026-06-22T18:15:19+00:00
fadc24a6-9943-46af-8c19-af3c666d17a5,200,1,1,8862,GoDaddy,Napa Home and Landscape Show,weak,,2026-06-22T18:15:19+00:00
bed0fa8a-5d10-46cc-bc22-ecdf73f1444f,200,1,1,1566,WordPress,"The Best Gym in Solano County, CA - Trinity Forged Fitness",good,,2026-06-22T18:15:20+00:00
20f4cf2b-2dcd-43f2-a1df-74b65a6c7690,0,0,0,148,,,broken,"ssl: HTTPSConnectionPool(host='airconditionerrepairdixon.com', port=443): Max retries exceeded with url: ",2026-06-22T18:15:20+00:00
3adf083c-208b-4c09-8eb0-f2a28cc19e5b,200,1,1,245,Wix,"Heating and Air Conditioning Services, HVAC System, Furnace &amp; Air Conditioner, AC Repair, Installation &amp; Maintenance Services Benicia, Concord &amp; Vallejo CA",good,,2026-06-22T18:15:20+00:00
83ea9e11-a68f-4d23-a7b6-72ad9b6d288e,404,0,1,159,,Page not found,broken,,2026-06-22T18:15:20+00:00
cb5414b5-6100-463a-9406-74c095afc5e1,200,1,1,863,,California Board of Barbering and Cosmetology,good,,2026-06-22T18:15:20+00:00
73054cd9-abef-471d-a3ed-741709de200a,200,1,1,762,WordPress,First Priority &#8211; Commercial | Residential Cleaning,good,,2026-06-22T18:15:20+00:00
7360b464-be4e-4688-af28-d4bb841b0955,200,0,1,318,WordPress,Julie Parker Studio &#8211; Design That Feels Like Home.,weak,,2026-06-22T18:15:20+00:00
ae66924e-7b15-4d1d-805b-f411e75b60b8,200,1,1,355,Wix,HOME | ML Interior Design,good,,2026-06-22T18:15:20+00:00
21e8dbd8-d2c7-44fd-aea4-a30df2d5f833,0,0,0,106,,,broken,connection failed,2026-06-22T18:15:20+00:00
0f44d321-63c2-46f5-882f-ce1253485c6c,200,1,1,784,Drupal,Steve's Heating & Coling | Napa | California | US Aircon,good,,2026-06-22T18:15:20+00:00
421fbcff-5122-4477-8561-71b591a3c13f,200,1,1,679,,Christie&#x27;s Staging &amp; Design,good,,2026-06-22T18:15:20+00:00
cf9fb5ee-568b-4daf-aa31-753ceee5a6c2,200,0,1,2400,,"Home | Pilates Napa Valley | Napa, CA 94558",weak,,2026-06-22T18:15:20+00:00
f1763b9e-49e4-4da0-ab13-c4752e6be220,200,1,0,900,,,weak,,2026-06-22T18:15:20+00:00
6c939c3d-65a0-4ad6-a1b0-983b15d3b07f,200,1,1,270,,Locksmith in Benicia CA - Change Home Keys - Car Lockout Service,good,,2026-06-22T18:15:21+00:00
a63f93d6-4661-40f3-9f5d-5b5972727f0f,200,1,1,369,GoDaddy,Reliable Mobile Locksmith Available 24/7,good,,2026-06-22T18:15:21+00:00
c8af4302-28c9-4bda-9ec2-8c75867e3452,0,0,0,613,,,broken,connection failed,2026-06-22T18:15:21+00:00
9b04dedc-4d08-484e-99d0-e8c454a47fec,200,1,1,395,,Home | Bernardo Godoy Landscaping &amp; Hauling,good,,2026-06-22T18:15:21+00:00
884fc19b-ce8c-4bc6-9359-1f55f1c7f428,0,0,0,126,,,broken,connection failed,2026-06-22T18:15:21+00:00
d86af7f1-0afe-4c14-b7fc-62b11f3c6af3,200,1,1,555,,Napa Valley Estate Landscape Management | Clerici Landscape,good,,2026-06-22T18:15:21+00:00
7f5ce67f-45b7-4c18-a59d-2618a9c5ffc1,0,0,0,39,,,broken,connection failed,2026-06-22T18:15:21+00:00
b41282ad-cd21-417d-9ccf-3025501fbfcd,0,0,0,45,,,broken,connection failed,2026-06-22T18:15:21+00:00
8b6ced6f-8a84-4ea9-9519-045440222cae,0,0,0,39,,,broken,connection failed,2026-06-22T18:15:21+00:00
080d97b7-9815-442a-80dd-9c3d6ec3e370,200,1,1,578,,Jardinería Prime ( tips profesionales y guías personalizadas) - WhatsApp channel,good,,2026-06-22T18:15:22+00:00
0b132f45-3bc7-46a6-9012-c49bc98c7a56,200,1,1,315,,Webs.com has been shut down: Find out more,good,,2026-06-22T18:15:22+00:00
cecaea3e-f7f7-40d8-bcde-73a7cb6563a8,200,1,1,1027,WordPress,"Landscape Design in Napa, CA | Keystone Yards",good,,2026-06-22T18:15:22+00:00
042c347a-c071-4756-9e15-8f0361a5a8a2,0,0,0,113,,,broken,connection failed,2026-06-22T18:15:22+00:00
c26463f8-56db-49b3-93c1-d61b5df6daec,0,0,0,339,,,broken,"ssl: HTTPSConnectionPool(host='www.camposkarate.com', port=443): Max retries exceeded with url: / (Caused",2026-06-22T18:15:22+00:00
6c19e725-963a-41f9-a27c-9766c4b76e2d,0,0,0,15206,,,broken,connection failed,2026-06-22T18:15:22+00:00
4884e353-a513-49e5-ab45-e887edd3a813,200,1,1,368,Squarespace,Carlson Gracie Vacaville,good,,2026-06-22T18:15:22+00:00
b30d1533-43b0-41e5-b191-a7f7d8736294,200,1,1,1277,,Square Booking Flow,good,,2026-06-22T18:15:23+00:00
2282a420-e866-4354-bd1b-1d4999112901,200,1,1,2494,Wix,"Wrap&amp;Slurp Co. | Gimbap and Ramen in Solano County | 4455 Central Way, Fairfield, CA, USA",good,,2026-06-22T18:15:23+00:00
7f8dbbfd-d701-4d4b-928e-a0cddad1df76,200,1,1,2142,,Landscape Design Build Napa Sonoma Solano,good,,2026-06-22T18:15:23+00:00
588cb8ed-d02f-4fab-8e00-3b5b6e0ebf0e,0,0,0,209,,,broken,connection failed,2026-06-22T18:15:23+00:00
c185ff70-e72e-42c9-9cf1-98d77b9f5486,0,0,0,68,,,broken,connection failed,2026-06-22T18:15:23+00:00
43317a80-460d-42e0-a2a8-15c218f155cd,404,1,1,477,Wix,,broken,,2026-06-22T18:15:23+00:00
e71e0a2f-693b-46a4-a664-a022f36ed5dd,200,1,1,1594,WordPress,Expert Paving Stone Installer | Dynasty Pavers &amp; Design Inc.,good,,2026-06-22T18:15:23+00:00
6b13398b-ff77-4430-81c0-6f7a451d578e,200,1,1,386,Squarespace,"Vacaville, CA Medical Spa | Luxe Aesthetics Co",good,,2026-06-22T18:15:24+00:00
f0294d16-ced1-48e3-acdf-8b0308cfccba,200,1,1,202,Webflow,"Mi Jacalito Restaurant, Restaurant, 105 Couch St",good,,2026-06-22T18:15:24+00:00
3aa60a2e-47df-413a-9211-956fa13c4a64,200,1,1,440,,Gusto al Gusto Fairfield | Home,good,,2026-06-22T18:15:24+00:00
160684dc-a389-4b87-ad41-1cb24c7ddb86,200,1,1,756,,Branch Locations | New American Funding,good,,2026-06-22T18:15:24+00:00
e4afc243-e32f-4d6d-8176-439f8194f8fe,200,1,1,956,,"orchid nails &amp; spa | Best nail salon in ST. PETERSBURG, FL 33704",good,,2026-06-22T18:15:25+00:00
c1e4b351-15a8-460e-84cb-b0a92737b9c7,200,1,1,1143,WordPress,California Mortgage Broker | Mortgage Masters of California,good,,2026-06-22T18:15:25+00:00
e0c41a25-7d57-423f-ad18-f05232c203e4,200,1,1,314,WordPress,All-Star Asphalt &amp; Maintenance,good,,2026-06-22T18:15:25+00:00
4f8628fd-cca1-4f64-b9a2-cf4750ab7fe1,200,1,1,200,WordPress,Kast Pest Control - Home,good,,2026-06-22T18:15:25+00:00
abfdcbba-8c99-4414-90ec-c7bca762eb4d,0,0,0,15172,,,broken,connection failed,2026-06-22T18:15:25+00:00
bedde293-fb62-49cd-9467-150752c3e5fe,200,1,1,3214,,MassageBook,good,,2026-06-22T18:15:25+00:00
bc8e794e-ef67-4cff-bed2-08c21ed9ece5,429,0,1,118,,Just a moment...,broken,,2026-06-22T18:15:25+00:00
dfef3f5d-b238-4060-9bac-4104d2e7ac71,0,0,0,113,,,broken,connection failed,2026-06-22T18:15:25+00:00
dd426007-ed47-4085-990b-e884fb5e8cd0,200,1,1,226,WordPress,Clip-N &amp; Groom-N &#8211; Clip-N &amp; Groom-N,good,,2026-06-22T18:15:26+00:00
6ec61c73-3f81-401b-9628-ea6e01f532e1,200,0,1,559,GoDaddy,Pest Control Service | Professional & Fast | Call (888) 995-0325,weak,,2026-06-22T18:15:26+00:00
8731ebd8-351e-4bb5-b6fe-c00ff572b367,200,0,0,143,,Shamrockdogs.com,weak,,2026-06-22T18:15:26+00:00
bb9980e2-8aa3-4aa9-a725-8aff960eb3e3,200,1,1,474,WordPress,Casa do Pet Bay Area - Casa do Pet Bay Area,good,,2026-06-22T18:15:26+00:00
0056a64b-a934-4513-8566-cf02eea0abff,200,1,1,857,,Instagram,good,,2026-06-22T18:15:27+00:00
e0d9fbce-4a85-4b92-bb38-68a910e017ea,200,1,1,2594,WordPress,"Notary Public Mobile service, Free Estimates - Legal Mind",good,,2026-06-22T18:15:27+00:00
e94d54bf-8dbd-4e10-baae-527a3835496a,0,0,0,28,,,broken,connection failed,2026-06-22T18:15:27+00:00
a6409dec-cd19-48c6-8087-f70373a013ad,200,1,1,1333,WordPress,"Vallejo Pet Services &#8211; Professional, Dependable, Trustworthy",good,,2026-06-22T18:15:27+00:00
f3cd25b9-d659-4f1b-a535-796ce4d7129f,0,0,0,36,,,broken,connection failed,2026-06-22T18:15:27+00:00
16560bf1-eef1-45c1-845d-a81ca0c20c68,0,0,0,40,,,broken,connection failed,2026-06-22T18:15:27+00:00
924fccaf-c5c2-4573-9a2a-c2c0dc4d9a25,200,0,1,873,Weebly,"By Powell Bros., One-Stop Shop for Premium Pet Supplies & Accessories | Mugsy's Pet Supply & Barkery",weak,,2026-06-22T18:15:27+00:00
9a94a21b-d75b-46e1-802d-dc4762408c49,200,1,1,574,Wix,House of Classical Pilates Studio Napa,good,,2026-06-22T18:15:28+00:00
632898b2-edc5-49f0-9851-2012306a3fb5,200,1,1,240,,S/K Plumbing | local plumbers | plumbing company,good,,2026-06-22T18:15:28+00:00
e6cb6fe4-213f-4cb1-bc7c-f04e56a87b8d,200,1,1,8399,GoDaddy,Law Office of Fabian Giatti,weak,,2026-06-22T18:15:28+00:00
6877d13d-6b76-4fe3-9f62-b79afe72c7fe,0,0,0,108,,,broken,connection failed,2026-06-22T18:15:28+00:00
5e614023-4bc3-43c7-9294-8ea5a434247f,0,0,0,108,,,broken,connection failed,2026-06-22T18:15:28+00:00
9a968655-32b0-43a4-aca4-6eb14e97f1a1,0,0,0,15152,,,broken,connection failed,2026-06-22T18:15:28+00:00
8dda88e9-d9aa-4f59-a119-5d597556172b,200,1,1,367,Webflow,TFH Preschool,good,,2026-06-22T18:15:28+00:00
dc34e091-2be0-4aca-84ae-c57e3ed82984,200,1,1,1040,GoDaddy,Allen Plumbing Company,good,,2026-06-22T18:15:28+00:00
abc980d1-a1f1-4564-8705-ae614c619639,409,0,1,36,,DNS resolution error | alejandra.martinez.remax.com | Cloudflare,broken,,2026-06-22T18:15:28+00:00
a43027f3-178c-49e8-998d-5ec3d4f8714e,0,0,0,124,,,broken,connection failed,2026-06-22T18:15:28+00:00
82626cdc-ce39-4420-9ec6-7950a7780637,404,1,0,474,,404 Not Found,broken,,2026-06-22T18:15:28+00:00
4f331085-3dc6-432c-b1ad-ac717cd8bd1f,200,1,1,3898,WordPress,Helena&#039;s #1 Trusted Pest Control Experts | Farmers Pest Control,good,,2026-06-22T18:15:29+00:00
8648016e-c86a-4b3b-bffd-210af5a4eec0,404,0,0,306,Squarespace,Squarespace - Domain Not Claimed,broken,,2026-06-22T18:15:29+00:00
96ec051e-68b1-4eda-a876-6e636f3498a2,403,0,1,223,,Just a moment...,broken,,2026-06-22T18:15:29+00:00
9cae09cd-c931-4897-9937-0b9ad2167df7,218,1,0,408,,,weak,,2026-06-22T18:15:29+00:00
2c872a09-1989-4802-9d15-2103d7b1383e,200,1,1,517,Wix,Home | Home with Alisha,good,,2026-06-22T18:15:29+00:00
2f7c5f3f-4465-4de0-8cf3-c0268a431d4a,200,1,1,9190,GoDaddy,Historic Estate Los Angeles: Villa Romano,weak,,2026-06-22T18:15:29+00:00
a879cbbc-27e8-46d7-84a1-a3a6d669e8eb,0,0,0,44,,,broken,connection failed,2026-06-22T18:15:29+00:00
0e2ed170-5042-4b9f-9ef8-547e2ad33550,0,0,0,190,,,broken,"ssl: HTTPSConnectionPool(host='beth.eoanda.com', port=443): Max retries exceeded with url: / (Caused by S",2026-06-22T18:15:29+00:00
0ec0ec8b-4f4d-426e-acc5-24924e8b1814,0,0,0,116,,,broken,connection failed,2026-06-22T18:15:29+00:00
ac16b72b-12c7-4ff8-95a6-d350f92b6772,200,0,0,284,,Scott Seibel - Real Estate and Loans,weak,,2026-06-22T18:15:29+00:00
d4e2e950-a3a5-409d-92e7-a23e89996db7,403,1,1,56,,Just a moment...,broken,,2026-06-22T18:15:29+00:00
88275eff-5885-4e90-b69f-3773b1d6d300,0,0,0,45,,,broken,connection failed,2026-06-22T18:15:29+00:00
e6e2bdd2-ab2a-462f-8a21-5bbd52417541,200,1,1,489,,Bart Moore | Napa Valley Real Estate Agent,good,,2026-06-22T18:15:29+00:00
b3bd8cc2-6b3b-43b9-81b0-ec95c7b57b7f,403,1,1,1779,,Just a moment...,broken,,2026-06-22T18:15:29+00:00
9ad38598-e6b5-4f60-a8b4-b0f1629048f0,403,1,1,294,,Just a moment...,broken,,2026-06-22T18:15:29+00:00
77d77381-e162-4a1e-8a45-a3cb8fe1c6f0,403,1,0,196,,Request Rejected,broken,,2026-06-22T18:15:29+00:00
477dbfd1-fb4e-4d5f-86a1-c6f55788d5d5,403,1,1,114,,Just a moment...,broken,,2026-06-22T18:15:29+00:00
090ccae9-570d-4826-a757-53dd263a0ec9,200,1,1,255,Squarespace,"Debbie Ball Real Estate | Napa Valley, CA | Click Me!",good,,2026-06-22T18:15:29+00:00
37ec4367-7819-4c74-aab9-11b148a07d5c,0,0,0,111,,,broken,connection failed,2026-06-22T18:15:29+00:00
e9fa3970-11c9-4804-ae09-23185d2ece8f,200,1,1,1143,WordPress,Home - Alicia Barron,good,,2026-06-22T18:15:30+00:00
50324a41-d923-4ed6-a93d-ec0c40ecefed,403,0,1,516,,Human Verification,broken,,2026-06-22T18:15:30+00:00
59eb6477-5318-4d67-b19d-63d5b0da08e6,0,0,0,121,,,broken,connection failed,2026-06-22T18:15:30+00:00
5a01bb91-a8af-4be8-91c0-d2df647898be,200,1,1,372,Squarespace,Ken Garvey Real Estate,good,,2026-06-22T18:15:30+00:00
d78270c7-adc7-4102-b2b9-62f919643c34,403,1,1,65,,Just a moment...,broken,,2026-06-22T18:15:30+00:00
5d5d7fdc-1c1c-414f-a547-12213c2cfc1a,0,0,0,111,,,broken,connection failed,2026-06-22T18:15:30+00:00
a426feae-274c-4ffc-86a1-6e9946d2fa72,0,0,0,214,,,broken,connection failed,2026-06-22T18:15:30+00:00
c313806d-619b-4e4b-9ad1-f6a69b6a7256,200,1,0,424,,,weak,,2026-06-22T18:15:30+00:00
26947b87-1a69-4757-9dca-edc96d1d2abd,200,1,1,563,,Elk Grove CA Real Estate & Homes for Sale | VELASCO TEAM,good,,2026-06-22T18:15:30+00:00
702a1fea-a5d8-441a-be74-523c2d1aa900,0,0,0,116,,,broken,connection failed,2026-06-22T18:15:30+00:00
b71c675e-2400-4e05-b663-967bf73e48f8,200,1,1,446,,Alexander Petty & Real Estate,good,,2026-06-22T18:15:30+00:00
0ce440fb-da7a-4232-a39f-b2654b82c528,200,1,1,280,,Fairfield CA Real Estate & Homes for Sale | Team Michelle Perez,good,,2026-06-22T18:15:30+00:00
afbfb2c7-397e-4d79-ad83-cd1108a518d1,0,0,0,151,,,broken,connection failed,2026-06-22T18:15:30+00:00
e030db91-b0a4-4598-9e44-b8c8c8db96ea,200,1,1,633,,Napa CA Real Estate | EO&A – Elizabeth Olcott & Associates,good,,2026-06-22T18:15:30+00:00
2aebc2eb-df58-43e5-acb0-086fbd105b5f,403,1,1,103,,Access to this page has been denied,broken,,2026-06-22T18:15:31+00:00
b2a70319-0c57-4fa0-9e57-1cef64a35b43,0,0,0,104,,,broken,connection failed,2026-06-22T18:15:31+00:00
2a7b9c36-9852-4a88-b1af-b91975e30d50,200,0,0,112,,,weak,,2026-06-22T18:15:31+00:00
c53430d6-3af9-4c7e-bb63-c90a52079cd6,0,0,0,119,,,broken,connection failed,2026-06-22T18:15:31+00:00
e5d4899e-390d-4bab-9395-fada7a3916a3,0,0,0,110,,,broken,"ssl: HTTPSConnectionPool(host='mathisestates.com', port=443): Max retries exceeded with url: /contact (Ca",2026-06-22T18:15:31+00:00
ccfdba2f-bf81-4a4e-8526-2f4f184634b3,218,1,0,230,,,weak,,2026-06-22T18:15:31+00:00
e5c7e430-332f-4199-aff8-19207774e755,200,1,1,8862,GoDaddy,Horse Well - Equine Massage &amp; Holistic Care,weak,,2026-06-22T18:15:32+00:00
7c837253-632b-49be-b063-d7bff51b2f63,202,1,0,186,,,weak,,2026-06-22T18:15:32+00:00
d537d57e-b166-4b89-a7b0-52dd8ffeec58,200,1,1,734,,Engel &amp; Völkers | Megan Mehlhope,good,,2026-06-22T18:15:32+00:00
0e090c20-1106-4421-8fc6-ed83902907a5,0,0,0,15158,,,broken,connection failed,2026-06-22T18:15:32+00:00
4a329790-dfdf-470e-a6ef-a604dc3dec41,0,0,0,277,,,broken,connection failed,2026-06-22T18:15:32+00:00
c5395878-86f6-459d-8dc0-c6a614512889,200,1,1,1843,,Elk Grove CA Real Estate & Homes for Sale | VELASCO TEAM,good,,2026-06-22T18:15:32+00:00
853f7a07-e44f-4f02-9a3a-2c4b486faed3,403,1,1,93,,Just a moment...,broken,,2026-06-22T18:15:32+00:00
7407b244-a520-4cb1-b0a8-4179026bd249,200,1,1,791,WordPress,Michael Bardales &#8211; NextHome,good,,2026-06-22T18:15:33+00:00
dedb34bb-c8da-413d-874c-eb344de709aa,200,1,1,801,,Engel &amp; Völkers | Nikki Gonsalves,good,,2026-06-22T18:15:33+00:00
cc6fddee-c6ec-4f21-a50f-ae982578e4ab,200,1,1,3688,WordPress,Nicole Bendickson - Twin Oaks Real Estate,good,,2026-06-22T18:15:33+00:00
d897fa15-2d56-4bbb-9413-46c8fac39a99,0,0,0,32,,,broken,connection failed,2026-06-22T18:15:33+00:00
d83eb1cc-9457-43d9-85bd-606639a258e5,404,1,1,3381,WordPress,Page not found,broken,,2026-06-22T18:15:34+00:00
320304b0-7a24-42a1-9fa2-2ca620d39719,0,0,0,110,,,broken,connection failed,2026-06-22T18:15:34+00:00
48ea09d7-822b-4b56-83f8-1455e0c90d3c,404,1,0,561,Squarespace,Squarespace - Website Expired,broken,,2026-06-22T18:15:34+00:00
a60eea8a-8d2d-49b4-8c98-f48d1ff5d4c5,200,1,1,806,,All American Home Buyers,good,,2026-06-22T18:15:34+00:00
cdd9fd8a-d0fb-4e01-8903-f409fb818bbb,0,0,0,554,,,broken,"ssl: HTTPSConnectionPool(host='www.sidra.eoanda.com', port=443): Max retries exceeded with url: / (Caused",2026-06-22T18:15:34+00:00
a5d1608d-719d-4edb-bacd-d652e7ac6ccc,200,1,1,2189,WordPress,Omar Easley - Twin Oaks Real Estate,good,,2026-06-22T18:15:35+00:00
3276d284-6f0e-49ec-8ee2-d0b7beddee86,200,1,1,2820,WordPress,Home - Nicole Booth,good,,2026-06-22T18:15:35+00:00
fb4c665a-1aeb-4d92-9666-b6e559c721ac,0,0,0,44,,,broken,connection failed,2026-06-22T18:15:35+00:00
3c3e6aad-df21-499b-afd6-c9830b0d5e0a,0,0,0,15071,,,broken,connection failed,2026-06-22T18:15:35+00:00
516a2e61-ac1a-433d-8a3c-d68094a9061a,200,1,1,347,,eXp Realty of California Inc. and CA DRE#01878277,good,,2026-06-22T18:15:36+00:00
22dbd244-8031-4e7d-b3ae-7ba5a61f8ee9,0,0,0,113,,,broken,connection failed,2026-06-22T18:15:36+00:00
edbf2f2a-c55f-4527-884b-f9b82b4e868a,200,1,1,1503,WordPress,Sandy Stewart,good,,2026-06-22T18:15:36+00:00
8f9f3031-a68e-4914-ae62-39b98971857f,200,1,1,3580,WordPress,Mike Bertolucci,good,,2026-06-22T18:15:36+00:00
29fac18e-cba2-4a61-853a-1e31c1ede03a,200,1,1,269,Squarespace,The Morning Bun Cafe,good,,2026-06-22T18:15:36+00:00
ee71a667-c909-46d2-b6f1-18cbe1a061f9,403,1,0,501,,rh.com,broken,,2026-06-22T18:15:36+00:00
19983ba4-0d23-46e3-85ac-998724fddd00,200,1,1,336,,About Us,good,,2026-06-22T18:15:36+00:00
98fa0c51-3b9b-4ab2-b059-2d5874b26c0a,200,1,1,313,Wix,"Assisted Living, Memory Care &amp; Hospice Waiver in Vacaville, CA | Truthville",good,,2026-06-22T18:15:37+00:00
a540a7cb-56a5-4fb5-a953-eecebb47dc30,200,1,1,355,,"Roofing Contractor Napa, Best Roofers Napa, Roofers Near Napa, CA",good,,2026-06-22T18:15:37+00:00
8739f765-6fea-41f6-89c5-fa3b63d4b4bc,0,0,0,15153,,,broken,connection failed,2026-06-22T18:15:37+00:00
15aaac81-b81d-469c-bc67-ca1eb62e1a9b,404,1,1,3536,WordPress,Page not found - Twin Oaks Real Estate,broken,,2026-06-22T18:15:37+00:00
5c1456f8-cc84-4168-a886-dafd14a41403,200,1,1,441,GoDaddy,The Bright Group - Quality Building Materials Solutions,good,,2026-06-22T18:15:37+00:00
e984b1ad-fedb-4da1-ac34-cc872e1085dd,200,1,1,1571,,bkassistedliving.com,good,,2026-06-22T18:15:37+00:00
1e8a97ad-d380-41af-a1fe-a57cbb191d3c,0,0,0,116,,,broken,connection failed,2026-06-22T18:15:38+00:00
36282229-cd53-4181-b7ae-840931b2f535,200,0,0,188,,,weak,,2026-06-22T18:15:38+00:00
0a78ba0d-8109-4029-8344-57f3f2334e50,200,1,1,105,GoDaddy,PielMedSpa.com is for sale | HugeDomains,good,,2026-06-22T18:15:38+00:00
efc4c583-d805-4b7b-9156-31a27d0bc718,0,0,0,268,,,broken,connection failed,2026-06-22T18:15:38+00:00
930a138a-fa2c-4d2c-85cf-30dc0a605a08,0,0,0,109,,,broken,connection failed,2026-06-22T18:15:38+00:00
da0d45a6-ec55-4af4-985e-17d3ae09f395,404,1,0,323,Squarespace,Squarespace - Website Expired,broken,,2026-06-22T18:15:38+00:00
19c1b6a0-8cbf-4de2-bc35-ea9e16b27eb6,404,1,1,136,,Goldie | Online Booking,broken,,2026-06-22T18:15:38+00:00
b98fb2a7-bf95-4008-a525-574f264011d6,200,1,1,1511,WordPress,Govea Roofing Company,good,,2026-06-22T18:15:39+00:00
dd62de5f-6106-4dbc-b71e-37662e6d6a1d,202,0,0,198,,,weak,,2026-06-22T18:15:39+00:00
ba4414cb-539a-40e2-9616-862e280ec76f,0,0,0,116,,,broken,connection failed,2026-06-22T18:15:39+00:00
18a6a924-5e0d-4e1f-a953-7854271f8efe,202,0,0,219,,,weak,,2026-06-22T18:15:39+00:00
6005abd7-766e-443f-bb48-e7faad82db0c,200,1,1,892,Squarespace,Napa Acupuncture Practice,good,,2026-06-22T18:15:39+00:00
6c8225d1-129c-49f6-9ef1-695b27e1613a,403,1,1,80,,Just a moment...,broken,,2026-06-22T18:15:39+00:00
e6b804c0-d201-4905-9c11-8aa7994f07e2,200,1,1,170,Webflow,Project Footballer — The podcast about how to make a footballer,good,,2026-06-22T18:15:39+00:00
c6ec3879-a843-4ace-b893-24f71053c41b,0,0,0,39,,,broken,connection failed,2026-06-22T18:15:40+00:00
1b15b623-5ec1-46a8-81af-63efcbba324a,0,0,0,125,,,broken,connection failed,2026-06-22T18:15:40+00:00
53f4a4a5-f133-4339-bb41-d319a9347590,200,1,1,313,Squarespace,Fun Track Dayz,good,,2026-06-22T18:15:40+00:00
eced0a8a-3f46-4852-92db-b2b4d5e6a095,0,0,0,100,,,broken,connection failed,2026-06-22T18:15:40+00:00
adb42436-5c89-4758-8931-3f2df1fbb9ef,200,1,1,10724,GoDaddy,Experienced Listing Agent in Bay Area | Derek Williams,weak,,2026-06-22T18:15:40+00:00
51422de2-fac2-4c0a-bd5d-34ccf9e95cf5,0,0,0,122,,,broken,connection failed,2026-06-22T18:15:40+00:00
3d0629b6-426e-442e-ba82-a1e5e10e326b,200,1,1,604,,Gmail,good,,2026-06-22T18:15:40+00:00
74db9e41-1e41-40e2-932b-0c4f4c7377fe,200,1,1,2866,WordPress,"Home Solar &amp; Energy Efficiency Solutions in Napa, CA",good,,2026-06-22T18:15:41+00:00
47e3ab15-43d5-4968-bbff-39178438e894,200,1,1,4129,WordPress,Home - AWT Roofing,weak,,2026-06-22T18:15:41+00:00
d7366b4d-85b0-41dd-b41b-dfc623034712,200,0,0,265,,,weak,,2026-06-22T18:15:41+00:00
bf6f3c69-7eb7-44ad-bced-aa221c7d2ba7,200,1,1,1160,Wix,The Inn at Benicia Bay,good,,2026-06-22T18:15:41+00:00
3fb7c983-a825-4040-b92c-8cacd489bb4d,200,1,1,110,WordPress,Home - Amizetta Estate Winery,good,,2026-06-22T18:15:41+00:00
fc74ed4c-d928-45bb-a651-4a58f5a9b969,200,1,1,1094,WordPress,"Principled Pooch Mobile Grooming - Vallejo, CA",good,,2026-06-22T18:15:41+00:00
fa42c598-549c-40cf-9411-b8c747394fbd,200,1,1,415,Shopify,Last Bottle Wines,good,,2026-06-22T18:15:41+00:00
4b6d50e0-ab35-4efc-8f46-ee63d0515f3d,200,1,1,527,Squarespace,"The Barrel Room | Visit, Taste, Connect Today",good,,2026-06-22T18:15:41+00:00
195bc931-23e9-47e1-a871-ccdd11969b70,409,0,1,179,,DNS resolution error | www.elkevineyards.com | Cloudflare,broken,,2026-06-22T18:15:41+00:00
c11ec9bd-e6db-4745-9868-50f2fadb116b,0,0,0,15278,,,broken,connection failed,2026-06-22T18:15:41+00:00
2914c82c-0f62-4f1c-a64d-fb41bb833259,200,1,1,300,Shopify,Caldwell Vineyard,good,,2026-06-22T18:15:41+00:00
be8f5601-4f23-4f9f-b0a0-240f9eece0db,200,1,1,528,WordPress,Home - Antinori Napa Valley,good,,2026-06-22T18:15:41+00:00
326b18fa-532e-43c6-806e-38378b5dea04,200,1,1,490,GoDaddy,"Winery, Wine, Wine Tasting - BackRoad Vines - Fairfield, California",good,,2026-06-22T18:15:41+00:00
0edc33b0-d2c3-4498-a9c7-9be2de14e813,200,0,0,256,,InMotion Hosting,weak,,2026-06-22T18:15:42+00:00
fc335662-493c-4f87-86ef-86a555e55724,200,1,1,548,,"Hendry Ranch Wines - Napa Valley, CA",good,,2026-06-22T18:15:42+00:00
6bea40a5-22d9-40b5-a6ef-0d15d89b51b8,200,1,1,488,,"Post &amp; Beam Wines | Cabernet Sauvignon, Pinot Noirs &amp; Chardonnay",good,,2026-06-22T18:15:42+00:00
d3a7c35e-a928-4c57-b2d1-574924a10173,0,0,0,119,,,broken,connection failed,2026-06-22T18:15:42+00:00
7a855f60-b951-4749-be56-dc2302cc3fa9,403,1,1,612,,Just a moment...,broken,,2026-06-22T18:15:42+00:00
7a3f09dc-08f3-422d-8665-4a7aae4d4a1f,0,0,0,78,,,broken,connection failed,2026-06-22T18:15:42+00:00
31459346-156b-4992-b092-8f196368a04b,404,0,0,84,,Not Found,broken,,2026-06-22T18:15:42+00:00
40d891de-422a-439d-b875-03a696e436f0,403,0,0,706,,,broken,,2026-06-22T18:15:42+00:00
3d6d6a6b-3054-4bb8-865e-765089655371,200,1,1,447,WordPress,Volker Eisele Family Estate &#8211; Napa Valley,good,,2026-06-22T18:15:42+00:00
ea9f70d0-d8d4-438e-a145-bdbddc81c116,200,1,1,599,,Steltzner,good,,2026-06-22T18:15:42+00:00
9c9a7bcc-1535-4e42-bfe8-8fbdb4ebc2c2,0,0,0,15,,,broken,connection failed,2026-06-22T18:15:42+00:00
53199543-6ea2-4497-b950-598ecb321c75,200,1,0,131,,Vacaville CA Tires & Auto Repair Shop | Aegean Tire Center,weak,,2026-06-22T18:15:42+00:00
5fe59ff7-33d1-4c38-959c-e0b95b8c552a,200,1,1,8412,GoDaddy,"Lisa H. McGee Real Estate - Real Estate, Homes in Solano County",weak,,2026-06-22T18:15:43+00:00
35cff677-7b44-4a3c-b36a-cc5a4b54b90c,200,1,1,350,,Coming soon!,good,,2026-06-22T18:15:43+00:00
7183ceae-0c24-459a-ac4f-55ccedc6a5ad,200,1,1,959,,"Best American Restaurant in Napa, CA | Fume Bistro &amp; Bar",good,,2026-06-22T18:15:43+00:00
2b476a47-6a0d-461c-a4b3-6333340034ce,200,1,1,424,,About GCR Commercial Tires &amp; Service | Bridgestone Commercial Tires,good,,2026-06-22T18:15:43+00:00
02484478-ce92-48d2-8562-5eb517f74b22,200,1,1,1135,,7 Flags Car Wash,good,,2026-06-22T18:15:43+00:00
7e471a83-c1a5-44fe-8ce6-a3c62cc721f2,200,1,1,729,,Kyron&#039;s Body Shop | Suisun City CA,good,,2026-06-22T18:15:43+00:00
16abc34e-dd89-479b-b94f-4057977e6b7c,500,1,1,466,WordPress,WordPress &rsaquo; Error,broken,,2026-06-22T18:15:43+00:00
bd0b45f8-03c2-40d7-9fa2-b16718f0410a,200,1,1,1400,WordPress,Contact Us - JLS Diamond,good,,2026-06-22T18:15:43+00:00
1f1900f8-87df-4e1c-abae-8bae423f7675,200,1,1,240,WordPress,Moorhead Auto Care &amp; Tires,good,,2026-06-22T18:15:43+00:00
ce22c15f-566c-4dfd-8d27-d7b49503fe22,200,1,1,1167,WordPress,Auto Perfectionists Ltd. | Auto Body Shop &amp; Complete Auto Refurbishing,good,,2026-06-22T18:15:43+00:00
b4d0f59e-47da-4f69-9a09-581f8f15fa35,403,0,1,181,,Just a moment...,broken,,2026-06-22T18:15:44+00:00
cb6bfb37-fcf0-4af6-ad36-4e2737d22923,0,0,0,52,,,broken,connection failed,2026-06-22T18:15:44+00:00
7bacdbf5-8d84-4014-969d-93c4b676604f,202,1,0,412,,,weak,,2026-06-22T18:15:44+00:00
cc9871f4-d65b-49cb-be06-96a9941bdbd7,200,1,1,525,WordPress,"European Mechanics in Vacaville, CA | Motoring Specialists",good,,2026-06-22T18:15:44+00:00
1b979cbb-b6d3-4e14-82cf-bad0545111c3,200,0,0,419,GoDaddy,Home,weak,,2026-06-22T18:15:44+00:00
f1483bdf-23dc-44cb-9ce2-9c3dfedab285,200,0,0,176,,,weak,,2026-06-22T18:15:44+00:00
e08a9326-946c-4bd3-93a3-9e60fa44f40f,200,1,1,3015,WordPress,Home - Farang Wine,good,,2026-06-22T18:15:44+00:00
aa37aae0-f98f-49bb-bf9d-50d63f55a04c,200,1,1,298,,"Drain Clearing | Vallejo, CA | Sergio's Plumbing",good,,2026-06-22T18:15:44+00:00
c609eebf-a9fd-472a-9e45-89f381a628b4,404,0,0,476,,,broken,,2026-06-22T18:15:44+00:00
e9ef4d47-2cf7-45c0-9298-d095f8afcb8f,200,1,1,1395,,Car Audio & Window Tint Fairfield CA | 707 Livewire Customs,good,,2026-06-22T18:15:44+00:00
a5db1a14-46ea-4784-a656-6a3f96458a24,200,1,1,406,WordPress,Galp&atilde;o Gaucho - Brazilian Steakhouse - Galpao Gaucho,good,,2026-06-22T18:15:44+00:00
eb680f51-8f4a-4433-b9e3-da7c807f8227,200,1,1,1017,,SG Smog Check Center | Service | Smog Test Only,good,,2026-06-22T18:15:44+00:00
e0ab7fa1-6e8d-43b9-a3c7-ef6dd1a638a6,200,1,0,334,,Frank-Lin Distillers Products,weak,,2026-06-22T18:15:44+00:00
c6adbdc6-2875-469c-b485-61ffa00310d6,200,1,0,395,,Frank-Lin Distillers Products,weak,,2026-06-22T18:15:44+00:00
b565cc43-a15d-45bf-a8d7-79aa54bfee0b,0,0,0,39,,,broken,connection failed,2026-06-22T18:15:44+00:00
cbe65365-a28e-4633-a8ad-1cc4187e0643,404,1,0,229,,Error 404 (Not Found)!!1,broken,,2026-06-22T18:15:45+00:00
032f48c0-45c8-43b4-9466-834d215b6e08,200,0,1,577,,Menu | Junction Brewery &amp; Grill,weak,,2026-06-22T18:15:45+00:00
3b087ed9-7e94-494c-8446-7d9c26a06fc1,404,0,1,350,,404 - Page Not Found,broken,,2026-06-22T18:15:45+00:00
dd82a272-f1f9-4d6e-b15d-9e9da030b1ba,0,0,0,10012,,,broken,connection failed,2026-06-22T18:15:45+00:00
4361a26b-2ac2-4a4f-a5cc-810ba1d1802b,403,0,1,236,,Just a moment...,broken,,2026-06-22T18:15:45+00:00
9941c28b-b33a-42c0-a592-b8d459fc23b5,200,1,1,456,,South Villa Chinese Restaurant,good,,2026-06-22T18:15:45+00:00
63754d5a-7970-4731-b3f7-6c9b3b2fee8f,200,1,1,474,,Maui Wowi Hawaiian Coffees &amp; Smoothies,good,,2026-06-22T18:15:45+00:00
f1b47d12-7aed-4de6-b0c2-c3332978abb3,0,0,0,102,,,broken,connection failed,2026-06-22T18:15:45+00:00
d24d54bd-fafb-4b16-bb62-9e232fd9d8be,200,0,1,312,WordPress,Home Mpa Construction Napa - MPA constructions Napa Valley,weak,,2026-06-22T18:15:45+00:00
f08d76b1-bf5d-4e17-add3-6f338a0c0a80,200,1,1,804,WordPress,"The Drapery Source - Custom Design Serving Solano, Napa, Contra Costa",good,,2026-06-22T18:15:45+00:00
f1866ca9-f67b-4f73-a8fb-8055f5589c06,200,1,1,145,WordPress,Sacramento Dermatology - Pacific Skin Institute,good,,2026-06-22T18:15:45+00:00
cb2e4bad-d475-4e9e-9f5a-c31110c59350,404,1,1,321,,404 Page Not Found,broken,,2026-06-22T18:15:45+00:00
9ac3a38d-50f2-4dfe-8400-dae86c3aae8d,200,0,0,409,,Five Star Construction. - HOME,weak,,2026-06-22T18:15:45+00:00
8e27773b-d24b-40d0-8470-1a00d9494bc3,0,0,0,15160,,,broken,connection failed,2026-06-22T18:15:45+00:00
01881e4b-e13a-4f7d-96e8-4b818d156ad8,200,1,1,499,Squarespace,Coming Soon,good,,2026-06-22T18:15:45+00:00
fac8cf8d-046d-46db-855d-59da0b999d85,0,0,0,100,,,broken,connection failed,2026-06-22T18:15:45+00:00
9ab755ab-3bf5-4917-8c93-c6d4989cd6af,0,0,0,103,,,broken,connection failed,2026-06-22T18:15:45+00:00
4490add9-4ae5-4a75-8060-ba90059e52ea,0,0,0,109,,,broken,connection failed,2026-06-22T18:15:45+00:00
6047971b-2015-4170-946c-153f0ca1b63a,0,0,0,56,,,broken,connection failed,2026-06-22T18:15:45+00:00
db461164-f3bf-4f12-823c-0a47ae7f288d,202,0,0,317,,,weak,,2026-06-22T18:15:45+00:00
975431be-614f-4d6a-b509-a38afe7370b8,200,1,1,371,,DJ3 Electric | Vacaville's #1 Electrician,good,,2026-06-22T18:15:46+00:00
faa6970e-772e-4f84-9cb2-575673045728,0,0,0,44,,,broken,connection failed,2026-06-22T18:15:46+00:00
fb2dddf6-2565-4aca-ab83-eaaa17fe1287,0,0,0,254,,,broken,connection failed,2026-06-22T18:15:46+00:00
37122628-b207-441e-81c4-69f41b7c4224,200,1,1,377,Squarespace,"Visit Vallejo, CA",good,,2026-06-22T18:15:46+00:00
d90c7547-9bc7-4ca5-a241-277720648f9c,200,1,1,361,WordPress,Home - Tack and Textile Bay Area Reupholstery,good,,2026-06-22T18:15:46+00:00
89b4c9a0-19df-44f4-9fac-064f7012d3c6,200,1,1,168,WordPress,"Jazzercise Dance Fitness Classes | Strength, Cardio &amp; Fun",good,,2026-06-22T18:15:46+00:00
274006c4-426e-4246-bc13-c6068cdc32b7,200,1,1,94,WordPress,CrossFit | CrossFit: The Path to Better Health | CrossFit,good,,2026-06-22T18:15:46+00:00
1e61a8d0-e668-4112-af8b-ad2132b31f8e,200,1,1,32,WordPress,CrossFit | CrossFit: The Path to Better Health | CrossFit,good,,2026-06-22T18:15:46+00:00
511d7148-7b38-4f02-8119-4e1d7a129b0a,200,1,1,589,,Vallejo Florist - Flower Delivery by B & B Floral,good,,2026-06-22T18:15:46+00:00
41acda06-e782-41e2-8e4e-4485617545cc,200,0,0,267,,,weak,,2026-06-22T18:15:46+00:00
030d9a7f-7675-4a0d-a346-6ba91356ba8c,200,1,1,1021,,|||| Vibrata Chromodoris ||||,good,,2026-06-22T18:15:46+00:00
8882365a-1ebe-4f7e-b2c0-5594caab0ecf,0,0,0,33,,,broken,connection failed,2026-06-22T18:15:46+00:00
c3d8f63d-3738-43b8-9bce-15a08c1a060c,200,1,1,337,GoDaddy,Griffin Fitness,good,,2026-06-22T18:15:46+00:00
a39ff97f-a44a-4a19-9441-e06ac73255c1,200,1,1,1265,Joomla,Wedding Venue in Napa | Napa Valley Wedding Packages | Banquet Hall | Event Space,good,,2026-06-22T18:15:47+00:00
47c6abbc-453d-4d61-ad15-64b4773f0d72,200,1,1,502,,"Children's Athletics Center | Pacific Edge Sports Academy | Fairfield, CA",good,,2026-06-22T18:15:47+00:00
c15d5ceb-f6b5-41c2-9637-658a13bfa0d9,200,0,1,819,,Checking your browser...,weak,,2026-06-22T18:15:47+00:00
14333eed-b5b2-4c4c-a569-bfa00a5666df,200,0,1,494,,the bay's brush,weak,,2026-06-22T18:15:47+00:00
5fae3812-af65-490b-a811-2254bd2794b8,200,1,1,1908,WordPress,Home - Blue Ridge Kennels,good,,2026-06-22T18:15:47+00:00
2183fa84-1b1d-4681-80ec-cfdaa02e6f1f,200,1,1,756,Shopify,Fully Customized Ready to Wear Glueless Closure Wigs &ndash; Been A Boss Beauty,good,,2026-06-22T18:15:47+00:00
6c3abe8e-1c76-4f14-9029-32f64cb3cce0,200,1,1,584,Wix,The Inn at Benicia Bay,good,,2026-06-22T18:15:47+00:00
701f4fd0-d9f2-41a1-aa20-99d20efd18ae,200,1,1,70,WordPress,Home - Bay Area Tree Pro,good,,2026-06-22T18:15:47+00:00
f2566392-1cf8-4286-b4d1-fb7340bb1778,200,1,1,256,WordPress,DeBartolo &amp; Co. |,good,,2026-06-22T18:15:47+00:00
366e584f-06cc-4a9c-8d58-58747da90df4,200,0,1,540,WordPress,West End Napa,weak,,2026-06-22T18:15:47+00:00
f4f6936e-b334-4db9-ae2a-65be4a1aeb4e,200,1,1,313,,Google Maps,good,,2026-06-22T18:15:48+00:00
b40cc14e-a018-4e4c-afde-10d4e721dd27,200,1,1,405,,Donate to make a difference,good,,2026-06-22T18:15:48+00:00
824dde71-6cf5-45a6-9aa3-1f5217918661,200,1,1,661,WordPress,Golden Hills Landscaping Services - Golden Hills Bay Area Landscaping Services,good,,2026-06-22T18:15:48+00:00
fa3bb37b-8849-4f11-bdae-146b06c7406e,0,0,0,126,,,broken,connection failed,2026-06-22T18:15:48+00:00
74397906-4293-4776-97d9-6571c107b575,200,1,1,334,Wix,Green Door Document Preparation Service Rio Vista Janith Norman,good,,2026-06-22T18:15:48+00:00
522229e0-8ed5-426c-b7e8-7d812619af00,200,1,1,596,Wix,"Pet Adoption Near Me | Saving Dogs Lives Rescue – Vallejo, CA",good,,2026-06-22T18:15:48+00:00
1b8c7922-045b-4275-8a38-510cd69e7499,200,1,1,3529,,"Coworking, Offices, and Meeting Rooms at 222 Schilling Circle (21031) | Spaces",good,,2026-06-22T18:15:49+00:00
fc6c62ea-0610-42ab-9961-32dbc6c13102,0,0,0,107,,,broken,connection failed,2026-06-22T18:15:49+00:00
6c3640b5-bc08-415a-a154-56ced15a087f,200,1,1,437,,"| Vacaville, CA | Alan's Canine Training and Kennels",good,,2026-06-22T18:15:49+00:00
45a19089-b5d4-4609-a9fb-389cbc3ed191,200,1,1,315,Wix,Home | Aardvarks Adventure,good,,2026-06-22T18:15:49+00:00
6b84baed-7add-43bf-9259-64028d424575,200,1,1,1788,WordPress,"AceLock — Car Lockout & Key Fob Programming | Fairfield, CA | (707) 410-0459",good,,2026-06-22T18:15:49+00:00
edc861ca-9353-4b1e-9e35-2626f4919c1a,200,1,1,213,,"Licensed Daycare, Child Care Center &amp; Preschool | Childtime",good,,2026-06-22T18:15:49+00:00
b23b1693-0aac-4921-b8ad-6e33b7dd57a8,403,1,0,250,,ERROR: The request could not be satisfied,broken,,2026-06-22T18:15:49+00:00
07d385f4-8686-430c-b574-db2da464cb96,200,0,1,1574,WordPress,"Awaken Massage Spa &raquo; Best Massage Day Spa Napa Valley, CA",weak,,2026-06-22T18:15:49+00:00
1ef60c4e-d646-40cf-8ff6-47b44c8a88cf,200,1,1,311,,"Napa, Downtown Napa, & Napa Valley Real Estate | Joe Brasil",good,,2026-06-22T18:15:49+00:00
e0fd3d40-c824-4d49-a8d8-277afcc4ef9a,200,1,1,2602,WordPress,US Air Conditioning Distributors California Arizona Nevada Idaho Utah,good,,2026-06-22T18:15:49+00:00
8b076f36-426c-4c0a-8436-6a813800ace1,200,1,1,12220,GoDaddy,The Bright Group - Quality Building Materials Solutions,weak,,2026-06-22T18:15:49+00:00
1e586b52-381b-4664-a8a5-4ee7d1f92d7f,200,1,1,691,Wix,Roca Plumbing | Water heater repair San Rafael,good,,2026-06-22T18:15:49+00:00
51dcf99f-305e-4e9c-8c01-a7f57680204e,200,1,1,174,WordPress,Home Section | The Hidden Advantage | Benicia and Beyond,good,,2026-06-22T18:15:49+00:00
334a025f-4ce6-4251-a7d7-6ded963d071c,200,1,1,3054,WordPress,Narcissus Salon &#8211; Love your Image,good,,2026-06-22T18:15:49+00:00
5dd529ed-06e2-4ee6-ad7c-9c8968fd3705,200,1,1,172,Webflow,"Gallery Nails &amp;amp; Spa, Day Spa, 210 Peabody Rd Ste C",good,,2026-06-22T18:15:49+00:00
73c7b715-3653-4bd4-ab3a-584d89ded022,202,0,0,230,,,weak,,2026-06-22T18:15:50+00:00
d5082914-f5bd-4e39-8ffa-d49ec725b4dc,200,0,0,183,,,weak,,2026-06-22T18:15:50+00:00
296b95fa-3704-475a-b441-8dc171f8dda4,403,1,1,410,,Just a moment...,broken,,2026-06-22T18:15:50+00:00
02ec0d35-be12-411b-84ac-d36c511b6369,0,0,0,20146,,,broken,connection failed,2026-06-22T18:15:50+00:00
d9b0cef1-bf05-4859-8926-6a88983e34d2,404,1,1,354,Squarespace,Not Found,broken,,2026-06-22T18:15:50+00:00
7105e39e-6d86-4d50-9569-0f39e884419c,0,0,0,45,,,broken,connection failed,2026-06-22T18:15:50+00:00
5b1ffb66-3ffd-4e6e-923d-8e6e3b4bba45,200,0,0,133,,Home,weak,,2026-06-22T18:15:50+00:00
f88e18a3-8f1a-47b7-90be-10e1b0f07725,200,1,1,336,,"Oil Change, Tires, Service &amp; Repair | Quick Lane® Tire &amp; Auto Center",good,,2026-06-22T18:15:50+00:00
418ebd8d-224b-4523-acb3-8fcc3e818d4f,200,1,1,396,,"Oil Change, Tires, Service &amp; Repair | Quick Lane® Tire &amp; Auto Center",good,,2026-06-22T18:15:50+00:00
bab57adb-bffa-4120-a2fd-c72e82c01de9,200,0,0,738,,milktea.com | index,weak,,2026-06-22T18:15:50+00:00
83281460-c23c-4891-ab7a-9560c2b74ec3,200,1,1,249,WordPress,Caymus Vineyards,good,,2026-06-22T18:15:50+00:00
3ad398a5-8831-4dc1-b115-a4f5a9967275,200,1,1,846,,"Massage Association for Massage &amp; Bodywork Professionals, Students &amp; Educators | ABMP",good,,2026-06-22T18:15:50+00:00
d5e8c806-6edd-4eeb-b8c0-06dfa16d0a15,200,1,1,285,Squarespace,Free Flow Wines – Saving the World One Keg at a Time,good,,2026-06-22T18:15:50+00:00
f909fa1b-e70c-4438-adca-791325284a42,202,0,0,286,,,weak,,2026-06-22T18:15:50+00:00
7ee34b0d-3855-4ef9-bb80-1d7dfd4b766c,200,0,0,288,,,weak,,2026-06-22T18:15:50+00:00
07900753-7312-4e2b-be7f-db2c563b86a8,202,1,0,229,,,weak,,2026-06-22T18:15:50+00:00
c6a449e1-06b2-4ada-8855-d1e61f99b0ce,200,1,1,625,,"Yountville, CA | Official Website",good,,2026-06-22T18:15:50+00:00
39e7269d-ae2f-4802-ab02-302d8658c465,200,1,1,667,,Napa Valley Wine & Cigar,good,,2026-06-22T18:15:50+00:00
c300eab1-0103-4d8a-b2ec-29db4ed5b2ff,200,0,0,302,,Release Winery,weak,,2026-06-22T18:15:51+00:00
f1cbabf1-293b-4361-b1d5-c77a56f1e84b,0,0,0,234,,,broken,connection failed,2026-06-22T18:15:51+00:00
38a5a021-198b-4d3b-be98-1a157c762b5f,0,0,0,121,,,broken,connection failed,2026-06-22T18:15:51+00:00
5200731c-733a-45eb-b870-73692f17020e,200,1,1,662,WordPress,Lloyd Cellars,good,,2026-06-22T18:15:51+00:00
585c6c66-9a87-405a-b77b-41368dfde150,200,1,1,837,WordPress,Vezer Family Vineyards | Vezer,good,,2026-06-22T18:15:51+00:00
f177b377-bd85-43c9-9844-ff1ccce8b6f6,200,1,1,206,Wix,HOME | mysite,good,,2026-06-22T18:15:51+00:00
c2332774-39b2-4b99-b0eb-d2fe47dfa0fd,200,1,1,1026,WordPress,"Winery, Wine Country, Vineyards &amp; Cave Tours, Wine Tasting Sonoma CA - Nicholson Ranch LLC",good,,2026-06-22T18:15:51+00:00
36d0bfc7-0f55-432a-bf85-eeb4aa123406,200,1,1,200,Squarespace,Regiis Ova Caviar | Shop Premium Caviar Online | Regiis Ova by Chef Thomas Keller,good,,2026-06-22T18:15:51+00:00
d724cb42-b671-4cf3-8e34-aaa10903170a,404,1,0,197,,Error 404 (Not Found)!!1,broken,,2026-06-22T18:15:51+00:00
56d2c2d2-dd6e-446f-97ba-320041579d3e,200,1,1,508,,Home | Blue Fern Ink,good,,2026-06-22T18:15:52+00:00
cd7f0eea-0b49-432f-b5e1-32b53d5992e6,200,1,1,1011,Wix,Home | A.1 REGISTRATION SVC,good,,2026-06-22T18:15:52+00:00
8797c449-c15e-4ebd-bb28-14e47885d3a2,200,0,0,172,,Hauling Express Junk Removal,weak,,2026-06-22T18:15:52+00:00
18871e12-35f3-46dc-aabd-92297e17ab06,200,1,1,593,Shopify,DirtFood | Alkalize Any Cup Of Coffee &amp; Heal Your Gut,good,,2026-06-22T18:15:52+00:00
571cc1d7-a8c7-4e7c-b786-4a4392be1845,200,0,1,249,,Pamela C Jackson - Landlord Tenant Evictions Attorney,weak,,2026-06-22T18:15:52+00:00
bf9a4dda-9d0b-4bb1-beb8-9fd25b6bba92,200,1,1,3143,WordPress,Rainbow Early Learning Preschool | Suisun City Childcare,good,,2026-06-22T18:15:52+00:00
3dffbca0-bd8c-4766-9d73-b640f76d6a8b,404,1,0,190,,Error 404 (Not Found)!!1,broken,,2026-06-22T18:15:52+00:00
825ca214-92dd-406d-b16b-7bba21a0db00,200,1,1,2981,WordPress,"Best Real Estate Agent in Fairfield, CA",good,,2026-06-22T18:15:52+00:00
106c1cda-a97c-470d-afa4-3ac2689729f1,200,1,1,467,,Schedule your pet,good,,2026-06-22T18:15:52+00:00
57fcb208-5847-4a61-8728-0f1d5dcc0cd4,404,1,0,182,,Error 404 (Not Found)!!1,broken,,2026-06-22T18:15:52+00:00
e93cf340-ff99-48ce-abad-76450553b97b,200,1,1,597,Wix,"Home | Premium Wines | 1467 Cellars | Napa Valley, CA, USA",good,,2026-06-22T18:15:53+00:00
935d006c-a13e-479b-b258-a077031eaea7,200,1,1,594,Shopify,Asalai Boutique- Official Online Retail Shop,good,,2026-06-22T18:15:53+00:00
3fde7083-ed07-4c00-b83c-d450a86c80cc,200,1,1,994,,Noelle Joy​ | House of Joy,good,,2026-06-22T18:15:53+00:00
b779fa47-23b5-4a24-879d-8b3cd69924d8,200,1,1,2649,WordPress,Secret Door Winery &#8211; Exclusively Cabernet Sauvignon Winery in Napa Valley California by Donald Patz Wine Group,good,,2026-06-22T18:15:53+00:00
8a9ef871-e32f-4c0b-98fc-c713fd178601,200,1,1,1180,Wix,HOME | chrisstowing,good,,2026-06-22T18:15:53+00:00
1d116f76-8457-4deb-9618-c147d3775533,0,0,0,374,,,broken,connection failed,2026-06-22T18:15:53+00:00
72355a8b-6156-4fd1-9fb5-6174e480768a,0,0,0,151,,,broken,connection failed,2026-06-22T18:15:53+00:00
2d7480eb-40b9-4e12-9e4a-c37a44d34369,200,1,1,769,Weebly,Home | YaYa,good,,2026-06-22T18:15:53+00:00
887abbaa-45a6-4e4f-bac0-76db6761e3f1,404,1,1,355,Wix,,broken,,2026-06-22T18:15:53+00:00
f53af902-6cfb-4320-af8e-36fdf8a2e24b,200,1,1,336,Squarespace,Oak Design &amp; Build | Begin Your Home Transformation Today,good,,2026-06-22T18:15:53+00:00
1dd3f4e6-0eba-42d3-a345-608097f49840,404,1,0,219,,Error 404 (Not Found)!!1,broken,,2026-06-22T18:15:54+00:00
94119479-3bea-4d15-9845-574d0e3d627e,200,1,1,199,,Photography &amp; Videography | Memoria Studios | Solano Co.,good,,2026-06-22T18:15:54+00:00
111c6ce1-6c56-45e4-ac4c-1d92d909f68a,0,0,0,10020,,,broken,connection failed,2026-06-22T18:15:54+00:00
63c05dc7-f882-40f6-902c-7b91fc29aa46,200,1,1,3111,Wix,Request your appointment online now with Vanessa,good,,2026-06-22T18:15:54+00:00
cd54e22a-f310-4205-b9f8-819da632629f,0,0,0,143,,,broken,connection failed,2026-06-22T18:15:54+00:00
d2798a65-338f-468a-aec1-a8b7e8e34d74,200,1,1,113,WordPress,Home - Electrify My Home,good,,2026-06-22T18:15:54+00:00
3c56a5c0-492d-4d06-a7c5-affb0caef67d,200,1,1,881,WordPress,Top-Rated General Contractor S.F. Bay Area | Ed Neir Construction,good,,2026-06-22T18:15:54+00:00
98ec3a40-67af-4d6f-a4d0-697924651929,200,1,1,1326,Shopify,Love Park Pretzels,good,,2026-06-22T18:15:54+00:00
0981a99b-eed2-4301-9de0-11faf8537ead,200,1,1,1893,Wix,HOME | Tender Therapeutic,good,,2026-06-22T18:15:54+00:00
b284e12d-05a4-4a4c-a7ae-f3d86717c861,200,1,0,115,,Redirecting...,weak,,2026-06-22T18:15:54+00:00
48f885b6-d275-4075-ad2b-36ff49e4fcad,429,0,1,200,,Just a moment...,broken,,2026-06-22T18:15:54+00:00
cc5b9eb0-76e6-46d5-8268-276d57f41dd8,200,0,1,813,WordPress,OG Electric &#8211; Free Estimates (510) 778-3344,weak,,2026-06-22T18:15:54+00:00
e851237c-afe5-449f-a13e-e33178fbccc1,200,0,0,669,,Domain Suspended,weak,,2026-06-22T18:15:54+00:00
a7023e5f-f91b-4068-89cd-37bf91a819dd,0,0,0,76,,,broken,"ssl: HTTPSConnectionPool(host='www.liz-shoes-llc.business.site', port=443): Max retries exceeded with url",2026-06-22T18:15:54+00:00
468dd291-022d-4b6c-a6bd-0001e4da593c,200,1,1,2198,Wix,HOME | Vacaville Day Spa,good,,2026-06-22T18:15:54+00:00
5e3ceca4-5597-4b30-a15c-11c0f7001fa4,429,0,1,88,Weebly,Just a moment...,broken,,2026-06-22T18:15:54+00:00
f3a3fa18-d2d8-428f-8f17-22e818e3e900,200,1,1,334,,"Britney Greiner, Real Estate Agent - Compass",good,,2026-06-22T18:15:54+00:00
88f18e9b-8e06-4c71-b437-d9a8ffd1f854,200,1,1,506,,,good,,2026-06-22T18:15:54+00:00
213a3930-548b-4a9e-8110-154deba68ac4,200,1,1,395,Wix,Prestige Landscaping | Lawn Care | Commercial &amp; Residential,good,,2026-06-22T18:15:54+00:00
138d2957-fdf6-4151-bab9-bb2b1d745438,200,1,1,837,,California Board of Barbering and Cosmetology,good,,2026-06-22T18:15:54+00:00
045abee0-97bb-40b2-84ef-0eea53d004f5,200,1,1,213,,Yoga con Har Anand | Har Anand Kundalini Yoga,good,,2026-06-22T18:15:54+00:00
3566e8df-c4bd-48de-b244-856a4061b467,0,0,0,108,,,broken,connection failed,2026-06-22T18:15:54+00:00
c94c9126-c021-4026-9389-c8b81fccda3a,200,1,1,162,,"Laurel Larson, CPA — Small Business Consulting &amp; Tax Preparation",good,,2026-06-22T18:15:55+00:00
0c071d94-e8b6-4c6b-bb5b-635d7c64f569,200,0,1,101,Squarespace,Ironwood American Bistro,weak,,2026-06-22T18:15:55+00:00
d3db0a3d-cc7a-405c-80cd-e9537c60bbaf,200,0,0,253,GoDaddy,Home,weak,,2026-06-22T18:15:55+00:00
de19a9d0-5fbc-4465-9349-dd3d1aab4f64,200,1,1,254,WordPress,Northwest Phoenix Golf Course | Arizona Public Golf | Peoria AZ,good,,2026-06-22T18:15:55+00:00
18372fc9-d094-4700-ac4a-0f83b73af8ac,200,1,1,741,Weebly,Home | Munchie’z shoe boutique,good,,2026-06-22T18:15:55+00:00
ab07f9c3-e971-48dc-b136-66c8b554be66,0,0,0,519,,,broken,"ssl: HTTPSConnectionPool(host='www.myspace.com', port=443): Max retries exceeded with url: /happyharbor (",2026-06-22T18:15:55+00:00
8d957858-fe28-4099-8df7-f431726600b6,200,1,1,354,Squarespace,The Q Restaurant &amp; Bar | Casual Dining in Napa Valley,good,,2026-06-22T18:15:55+00:00
b809aaea-761a-4e8f-9cac-de978daa659a,200,1,1,475,WordPress,Home - Marie Callender&#039;s Restaurant &amp; Bakery,good,,2026-06-22T18:15:55+00:00
bcca8e3a-ec7c-4189-8e6a-197d996822ea,200,1,1,550,,Best American Restaurant in Vacaville | Heritage House Cafe,good,,2026-06-22T18:15:55+00:00
c079e0fc-b211-4550-b7e7-25101c9f296e,0,0,0,37,,,broken,connection failed,2026-06-22T18:15:55+00:00
d7b6e1da-7a69-49ea-9670-dc9935495dcb,200,1,1,1231,WordPress,Renner HVAC &#8211; Heating and Air Conditioning Services,good,,2026-06-22T18:15:55+00:00
668f64e0-fc2d-42fd-b403-ee79224ab0be,404,1,1,693,,Page not found,broken,,2026-06-22T18:15:55+00:00
840eecc0-aea2-4f44-a7a4-2d640e72749d,200,1,1,692,,Auberge du Soleil Resort in Napa Valley | Auberge Collection,good,,2026-06-22T18:15:55+00:00
c5ee751e-450b-4b99-b68b-9f472965a862,500,0,0,197,,509 Bandwidth Limit Exceeded,broken,,2026-06-22T18:15:55+00:00
fec37c10-ed29-49eb-a1f9-42611e8d4f9c,0,0,0,20082,,,broken,connection failed,2026-06-22T18:15:55+00:00
be5ed02b-a8f0-4100-b720-2e0d4767bb00,200,0,0,218,GoDaddy,Home,weak,,2026-06-22T18:15:55+00:00
615f76e3-568d-4197-a45e-446c9ff0a352,200,1,1,367,WordPress,"Form Studio | Architects Napa CA, Commercial &amp; Residential",good,,2026-06-22T18:15:55+00:00
73903e5e-e85d-4580-800b-1181fb3eb96f,0,0,0,38,,,broken,connection failed,2026-06-22T18:15:55+00:00
696a417c-eb69-4352-bd9c-e464949c5c1f,200,1,1,432,,Baron&#039;s Boardwalk,good,,2026-06-22T18:15:55+00:00
68b1797a-09d2-4692-a256-2c6ab1dffcc6,0,0,0,51,,,broken,connection failed,2026-06-22T18:15:55+00:00
b34785c8-aff1-405f-9292-a0ff0423c1f1,200,1,1,222,GoDaddy,"Home - Regal Collision Repair, Inc.",good,,2026-06-22T18:15:55+00:00
1bc0955c-5b8c-432b-a506-6980f7409ee4,0,0,0,161,,,broken,connection failed,2026-06-22T18:15:56+00:00
11c7f4f2-cdae-4d07-a3de-8356786de420,200,1,1,690,Wix,Architecture Design | Kroeger | Janev Architects,good,,2026-06-22T18:15:56+00:00
e46aa209-7794-450e-92bb-23c1345379fa,200,1,1,232,,Pick-n-Pull,good,,2026-06-22T18:15:56+00:00
e611bf6f-3f1b-453b-9cfe-ff149e0c9c84,200,1,1,562,Wix,Phantom Mobile Detailing | car detailing vacaville,good,,2026-06-22T18:15:56+00:00
3d5bdce5-b058-4d09-8d55-e20b3aec301b,200,1,1,540,,Carsforsale.com,good,,2026-06-22T18:15:56+00:00
ee6c6824-c988-42b8-b9bf-35ecdb7180a5,200,1,1,185,Webflow,"Azn Motorsport, Auto Maintenance, Repair, 600 Lincoln Rd E",good,,2026-06-22T18:15:56+00:00
c3effc5b-1908-492c-b81d-659496773057,0,0,0,63,,,broken,connection failed,2026-06-22T18:15:56+00:00
2b5ab380-5b5c-48fb-9d97-2b301a7a892d,200,1,1,98,WordPress,Best European Auto Repair - Benicia Motorworks,good,,2026-06-22T18:15:56+00:00
854cfaef-d993-450b-82b5-1427612e4b21,0,0,0,144,,,broken,connection failed,2026-06-22T18:15:56+00:00
9a806de7-5c2e-4f49-b7db-71139e64e6f7,0,0,0,39,,,broken,connection failed,2026-06-22T18:15:56+00:00
0584a52b-f7eb-4496-b7b8-48c37b69448c,200,1,1,1427,WordPress,10Cric Live Casino Review – India’s Best Live Betting Site 🎲🏆,good,,2026-06-22T18:15:56+00:00
0af8ed24-57d1-424b-aeef-5462619b18de,200,1,1,975,WordPress,Carquest Auto Parts &#8211; Your SUPER-powered WP Engine Site,good,,2026-06-22T18:15:56+00:00
d461ea2d-79df-4006-9124-603831ecae9b,200,1,1,138,Webflow,"Contra Costa Radiator, Emission Control Repair, 160 River Rd",good,,2026-06-22T18:15:56+00:00
3d0d40cc-9826-490b-92cd-8debe2dfc8c2,0,0,0,76,,,broken,"ssl: HTTPSConnectionPool(host='myspace.com', port=443): Max retries exceeded with url: /dandfautobody (Ca",2026-06-22T18:15:56+00:00
a33b8b06-a2ee-4623-87ec-e496f812b8a1,200,0,1,1440,WordPress,,weak,,2026-06-22T18:15:57+00:00
72271304-27ea-4fd1-9e09-636b9c893280,404,0,1,181,,The page you were looking for doesn’t exist (404 Not found),broken,,2026-06-22T18:15:57+00:00
e174a5a2-7af6-441b-8b81-533fc00d06ff,200,1,1,831,WordPress,Advanced Muffler &#8211; (707) 448-6991,good,,2026-06-22T18:15:57+00:00
9575e87b-08c2-4df0-858f-e09d61751770,200,1,1,1029,,Protective Asset Protection | F&I Solutions from Protective Life,good,,2026-06-22T18:15:57+00:00
4c3d45df-22ba-4107-9a19-ae5845a7b4de,404,1,1,266,Wix,,broken,,2026-06-22T18:15:57+00:00
743b8aba-89fc-4969-8621-cce3f9491fa5,0,0,0,14,,,broken,connection failed,2026-06-22T18:15:57+00:00
f87ce07d-ee15-4b90-a218-569cf0cd07ba,200,1,1,238,WordPress,"Quality Transmission Repair in Fairfield, CA, 94533",good,,2026-06-22T18:15:57+00:00
39a978f7-ca0b-446c-944d-f10a8801615c,200,1,1,374,GoDaddy,Buy factoryspecific.com – Premium Expired .com Domain on GoDaddy | ExpiredDomains.com,good,,2026-06-22T18:15:57+00:00
c0a8f817-588a-4853-8a8e-20f91f332849,200,0,1,459,,"Auto Repair Shop Vacaville, CA | Auto Repair Services - Mechanic",weak,,2026-06-22T18:15:57+00:00
bf5cf487-5175-4b2b-bcae-a613a95b817a,200,0,0,1069,,"Auto Repair Shop in Napa, CA | Chuck's Auto Repair",weak,,2026-06-22T18:15:57+00:00
f0a3446d-aae6-4318-9d3b-01609c7d8a11,200,1,0,508,,"Auto Repair & Tire Shop in Napa, CA | Hilario's Wheels & Tires",weak,,2026-06-22T18:15:57+00:00
f44613af-5d5d-4696-b78f-f856b81aafe4,0,0,0,110,,,broken,connection failed,2026-06-22T18:15:57+00:00
02b93f9b-e7fb-4fba-b4a2-5b12c15c3f7f,0,0,0,13,,,broken,connection failed,2026-06-22T18:15:57+00:00
f41c6576-975a-4e7d-b8d3-7aef408acade,200,1,1,573,,"Joe's Body Shop 401 E Main St, Fairfield, IL 62837 - superpages.com",good,,2026-06-22T18:15:58+00:00
73d82b4f-97cb-4467-972b-519da50ad51c,503,0,0,161,,,broken,,2026-06-22T18:15:58+00:00
33366e40-8ad8-42b2-8f8c-435be7554a59,200,1,1,438,,NAPA Auto Care for Service &amp; Repair | NAPA Auto Parts,good,,2026-06-22T18:15:58+00:00
dd3b815c-7ac8-40c3-8c8f-3131f5b4db4c,202,0,0,136,,,weak,,2026-06-22T18:15:58+00:00
9fad64e8-dd9f-4fde-9458-deb10d1d8784,0,0,0,116,,,broken,connection failed,2026-06-22T18:15:58+00:00
336d740a-14a3-449b-b8c1-c877ee7ce488,200,1,1,196,Webflow,"Vaca Valley Auto Care, Auto Maintenance, Repair, 1130 E Monte Vista Av",good,,2026-06-22T18:15:58+00:00
e797d565-ae30-4321-8549-d7bededbcad0,200,1,1,731,,"NAPA Auto Parts - 1425 N Texas St, Fairfield, CA",good,,2026-06-22T18:15:58+00:00
6f00fb5c-f7af-4930-8f16-8ce0fd0937c9,200,1,0,161,,Redirecting...,weak,,2026-06-22T18:15:58+00:00
0fd9d787-f49d-4565-b9ee-855f2de363a5,200,1,1,293,WordPress,"Local Restaurant, Pie Shop, &amp; Bakery | Bakers Square",good,,2026-06-22T18:15:58+00:00
f515eee1-1a22-46cc-ba5d-3742a39356b2,403,1,1,144,,Just a moment...,broken,,2026-06-22T18:15:58+00:00
baa92b32-9b7e-4a25-b450-b392b5a1f36f,0,0,0,70,,,broken,connection failed,2026-06-22T18:15:58+00:00
8adee3aa-4115-4bce-9409-245dfdb62ebb,200,1,1,179,Webflow,"Lucy&amp;#39;s Bakery, Bakery, 2414 Jefferson St",good,,2026-06-22T18:15:58+00:00
38b9dc85-df23-48ca-8ef5-d82e881037c9,200,1,1,2479,WordPress,"Dick's Muffler Shop - Fairfield, CA - Mufflers and Towing Items",good,,2026-06-22T18:15:59+00:00
769367e3-93a7-48a8-8bf3-a32a0852b8fa,200,1,1,125,,"The Fink | Bar in Napa, CA",good,,2026-06-22T18:15:59+00:00
c70f3293-f987-4c7e-aec4-e5ae9f68057e,410,1,1,1027,,"Judy&#x27;s Wild Wrangler Saloon, 4823 Midway Road, Vacaville, CA - Groupon",broken,,2026-06-22T18:15:59+00:00
38682b4f-354f-4031-85ae-606be76d3341,500,1,1,293,WordPress,WordPress &rsaquo; Error,broken,,2026-06-22T18:15:59+00:00
ddca936c-2b12-4c2e-83f9-ba058ad77a43,202,1,0,529,,,weak,,2026-06-22T18:16:00+00:00
17000fd7-9f28-48a3-a5bb-33861d608436,0,0,0,120,,,broken,connection failed,2026-06-22T18:16:00+00:00
98f48180-63b6-40ab-a9dd-ba671654d39d,200,1,1,154,,Home | Mongolian Bar-B-Q-Wahsing,good,,2026-06-22T18:16:00+00:00
18dc6451-c230-4fec-a4e3-e729bad33161,0,0,0,192,,,broken,"ssl: HTTPSConnectionPool(host='www.grillcity.com', port=443): Max retries exceeded with url: / (Caused by",2026-06-22T18:16:00+00:00
f8905623-e3ca-4bba-bbb2-4c44fce62fba,200,1,1,1906,,华体会体育-足球篮球直播平台,good,,2026-06-22T18:16:00+00:00
53f7ec70-f4d5-4ff4-b8a3-173cf6e779a6,0,0,0,41,,,broken,connection failed,2026-06-22T18:16:00+00:00
917bce03-0565-48f7-9555-2abfae61a954,200,1,1,10637,GoDaddy,Plough Family Vineyards,weak,,2026-06-22T18:16:01+00:00
2b146ef8-410d-48ce-99e1-49ea143aae05,200,1,1,147,Webflow,"Coats Barber Shop, Barber, 601 Railroad Ave",good,,2026-06-22T18:16:01+00:00
7d8e16ef-295a-42c3-bf21-32c9ea23a1c1,200,1,1,199,Webflow,"Cut Creators, Barber, 1690 W Texas St Ste 5w",good,,2026-06-22T18:16:01+00:00
e3c76f8c-accb-417b-a965-105c7df0d592,200,0,1,357,,,weak,,2026-06-22T18:16:02+00:00
e6475df0-a692-49fd-8087-8b9d1588ad2e,0,0,0,15214,,,broken,timeout,2026-06-22T18:16:02+00:00
9c6ff29d-c26a-4544-9bc4-498ecd2dd824,200,1,1,182,GoDaddy,Gcuts.com is for sale | HugeDomains,good,,2026-06-22T18:16:02+00:00
7bd1f27c-1f3b-49fc-806e-ddb811f6b154,200,1,0,745,,,weak,,2026-06-22T18:16:02+00:00
b5645abe-eab4-4689-aa75-e6bb459e37d8,200,1,1,2595,WordPress,Ohana Ahu BBQ &#8211; Best BBQ in USA,good,,2026-06-22T18:16:02+00:00
19f1964e-cb74-43a9-8617-1e65d9f14ac1,200,1,0,136,,"Hairworks Company Profile -Sales, Contacts, Competitors &#x2013; Buzzfile",weak,,2026-06-22T18:16:02+00:00
6e62a65d-59f4-49a1-82cd-b8c46790e3ed,403,1,0,162,,,broken,,2026-06-22T18:16:03+00:00
48ea3efa-0c0c-423c-a9fd-497da9d0de70,200,1,1,7149,,Duncan Performance,weak,,2026-06-22T18:16:03+00:00
917c23c0-090d-4f1a-bd03-2f9f326b26b3,500,0,0,692,,,broken,,2026-06-22T18:16:03+00:00
58a2e723-39a8-4730-bcf5-9f8a7b324b5c,200,1,1,160,Webflow,"King&amp;#39;s Cuts Barber Shop, Beauty Salon, 819 Davis St Ste E",good,,2026-06-22T18:16:03+00:00
83dbf670-bec9-4f21-9131-2e8ba365d305,200,1,1,244,Wix,Home | Moonlight BarberShop,good,,2026-06-22T18:16:03+00:00
ac3da4ba-9238-43a8-9b21-9b6cbfd4e9c4,200,1,1,523,Wix,Home | Kingdom Cuts,good,,2026-06-22T18:16:03+00:00
a3efd2e8-c7a5-4d5a-9039-f9bdc7258a07,200,1,1,427,Wix,Barber | Olde Town Barbershop | Napa Ca,good,,2026-06-22T18:16:03+00:00
1b2d375a-9dc1-42cb-b6cb-b2b24bba0405,403,1,1,3295,,Just a moment...,broken,,2026-06-22T18:16:03+00:00
ac92f51c-559a-4731-a833-23bcfaa40e75,200,1,1,223,Wix,Best Barbershop In Solano County | Prestige Barbershop | Fairfield,good,,2026-06-22T18:16:03+00:00
7b43636a-9aa0-41ee-8734-8d9de7e9d472,200,1,1,140,Webflow,"Prime Time Barber Shop, Barber, 115 E A St",good,,2026-06-22T18:16:03+00:00
b37f4051-fba9-4361-8690-479ad2afdf5f,200,1,1,644,GoDaddy,Men&#039;s Haircuts | O&#039;Grady&#039;s Barber Shop,good,,2026-06-22T18:16:03+00:00
d1a1babd-8750-460b-be63-361761585d59,200,0,0,275,,,weak,,2026-06-22T18:16:03+00:00
1018969f-2903-42d0-b4eb-30aca83d2dbf,0,0,0,172,,,broken,"ssl: HTTPSConnectionPool(host='www.rudythebarber1.booksy.com', port=443): Max retries exceeded with url: ",2026-06-22T18:16:03+00:00
ed367e8d-d1b3-4321-b9fb-0bbc887ddabc,403,1,0,236,,,broken,,2026-06-22T18:16:03+00:00
61276340-e6b6-460d-9b68-b8486575989c,200,1,1,176,Webflow,"Scott&amp;#39;s Barber Shop, Barber, 917 Missouri St",good,,2026-06-22T18:16:03+00:00
7f1edeaf-47e5-4b51-804a-9815659a500a,0,0,0,110,,,broken,connection failed,2026-06-22T18:16:04+00:00
e7dd2168-56db-4719-965a-fdf11eb27837,200,1,1,725,,"Tadhana Barber Studio Jimmel C | Health &amp; Beauty in Benicia, CA",good,,2026-06-22T18:16:04+00:00
d7c8af2a-36c7-4104-8417-7edffe09ce73,200,0,0,130,,,weak,,2026-06-22T18:16:04+00:00
0faf1fd5-8e03-43df-84f3-c71ab848f237,410,1,1,877,,"Simply the Best Barber Shop, 706 Ohio Street, Vallejo, CA - Groupon",broken,,2026-06-22T18:16:04+00:00
986ca89b-1464-46f5-927e-7742f88147cd,404,0,0,431,Squarespace,Squarespace - No Such Website,broken,,2026-06-22T18:16:05+00:00
12a0b6d3-8ec4-45c6-82fe-e2d1b1576d7a,0,0,0,50,,,broken,connection failed,2026-06-22T18:16:05+00:00
079cfae5-0b20-4616-9649-641ba1b13440,0,0,0,44,,,broken,connection failed,2026-06-22T18:16:05+00:00
c105d4d9-9474-4b40-b2cf-16430fbb0473,200,1,1,1116,,"Talented Barber Services in Vallejo, CA | Versus Barber &amp; Hair Salon | VERSUS BARBER &amp; HAIR SALON",good,,2026-06-22T18:16:05+00:00
3772aaab-76b6-43ae-9c2a-983d901218a2,0,0,0,114,,,broken,connection failed,2026-06-22T18:16:06+00:00
aa492dd1-af1e-41a7-bd16-fc02c37e795c,200,1,1,209,Squarespace,"Vacaville Beauty Lounge &amp; Spa | Relax, Rejuvenate, Book Now",good,,2026-06-22T18:16:06+00:00
0ce849c7-8ba4-49de-84bf-891eaa9f733a,403,1,0,148,,,broken,,2026-06-22T18:16:06+00:00
3d048e20-45a2-447b-9f7e-1007b8eff3bf,0,0,0,32,,,broken,connection failed,2026-06-22T18:16:06+00:00
f0651d6d-d37c-4268-956f-39fa21e379b3,200,1,1,3197,,"Patrons Barbershop - Fairfield - Book Online - Prices, Reviews, Photos",good,,2026-06-22T18:16:06+00:00
4532f46a-34fb-480f-bc5e-86e224f63e35,403,1,0,193,,,broken,,2026-06-22T18:16:06+00:00
de899d12-b1a7-45d9-a3c9-8789494d28bc,200,1,1,1466,,Blissful Esthetics by Kimberly - Vacaville CA | Vagaro,good,,2026-06-22T18:16:06+00:00
4bc016fd-d292-4f77-93c3-00806be9795d,200,1,1,367,,"Cynde&#x27;s Place in Dixon, CA – Reviews, Hours, and Contact Details",good,,2026-06-22T18:16:06+00:00
b8397518-ad8d-4213-91b5-4b2e0f9b975f,200,1,1,143,Webflow,"Estetica America, Beauty Salon, 1652 Fairgrounds Dr",good,,2026-06-22T18:16:06+00:00
df63713c-5de1-4741-b5f1-0f16dc4a8e8d,200,1,1,3142,,"The ButterShop Grooming Parlor - Vacaville - Book Online - Prices, Reviews, Photos",good,,2026-06-22T18:16:07+00:00
1cabcdaa-0138-4631-bf4a-67caf70a3ab1,200,1,1,167,GoDaddy,EyebrowArt.com is for sale | HugeDomains,good,,2026-06-22T18:16:07+00:00
0294148e-293b-40c8-814c-54a756202023,404,0,1,318,WordPress,Page not found - Local.com,broken,,2026-06-22T18:16:07+00:00
87667c40-a762-4c08-85f8-411c044fab55,0,0,0,127,,,broken,connection failed,2026-06-22T18:16:07+00:00
c88a558b-2d15-4bbd-815b-00061eddb83b,200,1,0,11885,,Indiana Antique Trail - Directory of Antique Shops and Antique Malls,weak,,2026-06-22T18:16:07+00:00
2004edc6-8171-49eb-ac0a-49e63324cc03,410,1,1,912,,"Erasmo&#x27;s Studio, 430 Boyd Street, Vacaville, CA - Groupon",broken,,2026-06-22T18:16:07+00:00
62c2780d-c3ec-4df7-b266-f78f4627a683,0,0,0,294,,,broken,connection failed,2026-06-22T18:16:07+00:00
98613826-e295-4942-9987-9615df1e330d,200,1,0,637,,"Welcome to JD Nail Spa &amp; Salon | Home | A Hair &amp; Nail Salon at Vallejo, California.",weak,,2026-06-22T18:16:07+00:00
c5d7f0bd-60ca-4045-a45a-b01a631881d6,200,1,1,799,,California Board of Barbering and Cosmetology,good,,2026-06-22T18:16:08+00:00
42736a56-4a4c-4511-b9c3-102c0231973e,0,0,0,136,,,broken,connection failed,2026-06-22T18:16:08+00:00
c122f502-9fdb-41f8-9749-98cfb76b5bd8,200,1,1,156,Webflow,"Modern Hair, Beauty Salon, 3325 Sonoma Blvd Ste 80",good,,2026-06-22T18:16:08+00:00
a4f22828-e179-417e-82e7-03f99261ee5c,0,0,0,10013,,,broken,connection failed,2026-06-22T18:16:08+00:00
a1a6e9c8-93ef-406b-8cf4-f325d2a97491,200,1,1,1187,Shopify,"Eyebrow Station at Napa Premium Outlets&#174; - A Shopping Center in Napa, CA - A Simon Property",good,,2026-06-22T18:16:08+00:00
92908ad2-9bef-4c62-add9-083c4c5ae9e7,200,1,1,213,Webflow,"Purcelli Salon, Beauty Salon, 821 Coombs St",good,,2026-06-22T18:16:08+00:00
38805e3b-74be-4481-9354-d67dd0efa58b,0,0,0,100,,,broken,connection failed,2026-06-22T18:16:08+00:00
2b9589ae-7768-4054-8d15-ef6b709800ca,200,1,1,393,GoDaddy,Buy naturalnailsspaamericancanyon.com – Premium Expired .com Domain on GoDaddy | ExpiredDomains.com,good,,2026-06-22T18:16:08+00:00
2466cca8-d0a2-47aa-b6d0-7b1cf8bbcec8,200,1,1,290,,"Salon in the City in Vacaville, CA – Reviews, Hours, and Contact Details",good,,2026-06-22T18:16:08+00:00
e52ee419-3ddb-42f9-aad6-9d50b16d0c8f,200,1,1,609,,From Schedulicity to Vagaro | Smarter Scheduling &amp; Business Growth,good,,2026-06-22T18:16:08+00:00
0ab6895a-2764-40fc-9875-942bec407e4e,0,0,0,10020,,,broken,connection failed,2026-06-22T18:16:08+00:00
f53255e3-3d6d-4996-9c60-08b04994a42d,200,1,1,140,Webflow,"The Cutting Edge, Beauty Salon, 1407 Elliott Dr",good,,2026-06-22T18:16:08+00:00
0c0f71d8-af64-49be-8c8c-53361f24ba70,200,1,1,481,,Sense Salon,good,,2026-06-22T18:16:08+00:00
3b94d501-646b-474a-92d8-9b9b62f140b4,200,1,1,184,Webflow,"Tina Haircuts, Beauty Salon, 3344 N Texas St Ste D",good,,2026-06-22T18:16:08+00:00
024f3d73-1072-48e8-a3ad-cac6b90aa04a,200,1,1,260,,From Schedulicity to Vagaro | Smarter Scheduling &amp; Business Growth,good,,2026-06-22T18:16:09+00:00
3e5d9472-03ef-4bca-a725-6339debd9666,429,0,1,232,,Just a moment...,broken,,2026-06-22T18:16:09+00:00
12dae746-0749-4bad-8a16-597983e79da5,200,1,1,939,WordPress,Home - Vargo,good,,2026-06-22T18:16:09+00:00
43cef10a-e99e-45a5-af66-5d19d663feb7,402,1,1,355,Shopify,Store unavailable,broken,,2026-06-22T18:16:09+00:00
6eec54e2-8676-4642-95cf-ead01f1b474b,0,0,0,38,,,broken,connection failed,2026-06-22T18:16:09+00:00
e264c825-0e60-4947-b3f1-580a47d7c555,404,1,1,616,,Vagaro | Page not found,broken,,2026-06-22T18:16:09+00:00
cf8ad482-4bdb-4b5a-8085-c093917da1d3,403,0,1,127,,Attention Required! | Cloudflare,broken,,2026-06-22T18:16:09+00:00
9f37934e-3834-48c4-95d0-fbfc445dff61,403,0,0,334,,403 - Forbidden: Access is denied.,broken,,2026-06-22T18:16:09+00:00
646dbdbb-45bf-4cae-a4b2-30012787ccd3,200,1,1,852,Wix,"5th &amp; Main | Rio Vista Bed and Breakfast | Rio Vista, CA, USA",good,,2026-06-22T18:16:09+00:00
41e6f0a0-49d3-4777-b8d5-c2cb65968043,200,1,1,447,,Best Brewery in Winters | Green River Brewing &amp; Taproom,good,,2026-06-22T18:16:09+00:00
f9878fbc-7be0-4029-b44d-470bb17a7497,0,0,0,118,,,broken,connection failed,2026-06-22T18:16:09+00:00
30afde57-a9e0-4df3-9c33-9412936d60b3,404,1,1,265,Wix,,broken,,2026-06-22T18:16:09+00:00
8b02ee9c-67c3-4dfe-aa80-f735ed33380e,200,1,1,2332,WordPress,Home &#8211; NV Brows,good,,2026-06-22T18:16:10+00:00
effcbe8a-e33d-49fa-a247-71f08905b080,200,0,0,239,,DsGiantBurgers,weak,,2026-06-22T18:16:10+00:00
c5c77f2e-3cc3-4127-8a74-c22da44d30d8,0,0,0,15187,,,broken,connection failed,2026-06-22T18:16:10+00:00
d192ae30-e3d4-4eab-806a-ffa02b59c43d,200,1,1,1407,Joomla,Home - Petit Soleil Napa | Breakfast and Lunch in South Napa,good,,2026-06-22T18:16:10+00:00
3c3f036f-21fb-412f-b410-9eed2e50b9b6,500,1,1,837,,Database Error,broken,,2026-06-22T18:16:10+00:00
686c4cf6-d537-4b76-a017-869d555891fe,410,1,1,893,,"Burgerlicious, 650 Highway 12, Rio Vista, CA - Groupon",broken,,2026-06-22T18:16:10+00:00
1235c5f3-4c42-43c7-a890-3779c078b863,200,1,1,259,GoDaddy,TheSqueezeInn.com is for sale | HugeDomains,good,,2026-06-22T18:16:10+00:00
2d48f7bf-d524-4a8e-a4be-8bab5c8b9516,200,1,1,168,Webflow,"Joy of Eating Cafe, Waffles Restaurant, 535 Solano St",good,,2026-06-22T18:16:11+00:00
50454c08-da75-4cb9-b615-16f0352bf5be,200,0,0,169,,,weak,,2026-06-22T18:16:11+00:00
fe999ca8-e5b3-4549-aa1b-8ddc958981fc,200,1,1,706,Wix,Velvet Brew Coffee Online Store,good,,2026-06-22T18:16:11+00:00
36e1e087-8644-41ff-be2c-766edcb7194d,403,1,1,119,,Just a moment...,broken,,2026-06-22T18:16:11+00:00
6633f1fd-7234-47da-95ac-e2cb5a8ea077,400,1,1,562,Wix,400 Error: Bad Request,broken,,2026-06-22T18:16:11+00:00
323dd942-84c7-47bc-bd5f-7eb7b304e587,410,1,1,896,,"Jefferson Cafe, 3070 Jefferson Street, Napa, CA - Groupon",broken,,2026-06-22T18:16:11+00:00
661409aa-d093-4163-9e1e-960f809393d5,200,1,1,671,Shopify,Rosemarys Farm to Fork Organic Paleo Meal Prep Restaurant Delivery,good,,2026-06-22T18:16:11+00:00
f77dfff9-57e5-490f-b2a6-379bc3b47e73,403,1,0,189,,ERROR: The request could not be satisfied,broken,,2026-06-22T18:16:11+00:00
a78da9dc-887e-4013-a37d-2c97a84d816a,200,1,1,256,,"Fire Wings Near Me, Best Chicken Wings in California, Wing Locations",good,,2026-06-22T18:16:11+00:00
ccb6226c-52bc-4a75-8d8f-96b358cb9bfd,0,0,0,15280,,,broken,connection failed,2026-06-22T18:16:11+00:00
d447fe28-f2c8-4ce5-a0d5-f98de083f2c0,200,1,0,202,,,weak,,2026-06-22T18:16:11+00:00
c11a963a-beaa-4d72-8988-c4b41787cbfe,200,1,0,11606,GoDaddy,Home,weak,,2026-06-22T18:16:11+00:00
41326ddb-2b17-4e86-9e8a-00f98852fea2,0,0,0,40,,,broken,connection failed,2026-06-22T18:16:11+00:00
dc1932c2-f49a-495b-a68c-2da3b62cd479,0,0,0,210,,,broken,connection failed,2026-06-22T18:16:11+00:00
cf8646b9-1b4f-4b37-a2c0-d7529ab86408,403,1,1,82,,Just a moment...,broken,,2026-06-22T18:16:11+00:00
ca604002-8d92-4285-90db-c74fe7976ebc,200,0,0,109,,,weak,,2026-06-22T18:16:12+00:00
81ef3ab0-0d07-4b8c-bd80-51cb2d1c100c,200,0,0,146,,,weak,,2026-06-22T18:16:12+00:00
533671bf-3904-4226-b9c9-29492cca1a90,200,1,1,153,Webflow,"Hong Kong Seafood Restaurant, Seafood Restaurant, 217 Main St",good,,2026-06-22T18:16:12+00:00
6d954801-518d-4be3-b04b-81396655165b,200,0,1,176,Weebly,Home,weak,,2026-06-22T18:16:12+00:00
10b4e306-9cdc-47e0-a393-5d8a73bff299,200,1,1,2380,Wix,Home | Vallejo Brewing Company,good,,2026-06-22T18:16:12+00:00
1c4f158d-c878-472b-918e-702d57402580,0,0,0,38,,,broken,connection failed,2026-06-22T18:16:12+00:00
24f6fa4b-709e-4d9d-8747-6a6c2498e8d3,200,1,1,156,Webflow,"Kwongnan Restaurant, Restaurant, 405 York St",good,,2026-06-22T18:16:12+00:00
d7f9ab01-d524-4e57-bbee-9f7df1e6c0ce,0,0,0,3146,,,broken,"ssl: HTTPSConnectionPool(host='www.sofiagraceboutique.com', port=443): Max retries exceeded with url: / (",2026-06-22T18:16:12+00:00
89ff6840-13fd-494d-9e8a-1534df727903,0,0,0,21,,,broken,connection failed,2026-06-22T18:16:12+00:00
87a2228f-36f9-4c70-9a04-d24729fa11b9,200,1,1,164,WordPress,Neighborhood Kitchen å°å¨å¤§æ¢ - Chinese Restaurant | Online Order | Fairfield | CA,good,,2026-06-22T18:16:12+00:00
3290ec02-bf2f-42f1-ae7b-7a4a6c48a874,200,1,1,297,,Home - Szechuan Chinese Cuisine,good,,2026-06-22T18:16:12+00:00
982da715-87b9-48cf-a3d4-7ade072c1594,410,1,1,995,,"Capital China Restaurant, 1285 Stratford Avenue, Dixon, CA - Groupon",broken,,2026-06-22T18:16:12+00:00
d882aae9-8092-48cb-9b81-b68522825351,200,1,1,1303,,Its Just Wings&#x27;s Delivery &amp; Takeout Near You - DoorDash,good,,2026-06-22T18:16:13+00:00
2cf9ac82-831f-4fa2-89d3-240d0873f88a,200,1,1,341,WordPress,MediaNews Group,good,,2026-06-22T18:16:13+00:00
e02eb690-c2b8-425f-96d0-a4a019049748,200,1,1,882,,Order Authentic Chinese Online | Stir Fry Chinese Food - Pickup or Delivery Available,good,,2026-06-22T18:16:13+00:00
ee00b01a-3836-4e17-845d-12cc9999f5d6,200,1,1,1673,WordPress,ZOOKZON24 รับแทงเลขวิ่ง เลขรูด พร้อมสูตรแม่นๆ,good,,2026-06-22T18:16:13+00:00
2d33b359-7f37-4af5-8f16-91e9a52f686d,200,1,1,636,,Order Authentic Chinese Online | Wah Sing - Pickup or Delivery Available,good,,2026-06-22T18:16:13+00:00
53441327-d847-4bbf-9260-ff18b1142db8,200,1,1,1775,WordPress,ZOOKZON24 รับแทงเลขวิ่ง เลขรูด พร้อมสูตรแม่นๆ,good,,2026-06-22T18:16:13+00:00
ddadf3d9-ce01-4e86-8be0-e7c590f9d8c4,403,1,1,264,,Access Denied,broken,,2026-06-22T18:16:13+00:00
ac8ac606-acbb-4549-bdab-9496eaf52ffb,200,1,0,3140,,Redirect...,weak,,2026-06-22T18:16:13+00:00
6af67b98-6983-476a-a044-63ce40f8eb0a,0,0,0,150,,,broken,connection failed,2026-06-22T18:16:14+00:00
2219d0a3-b104-4768-b12d-b8fe4cdb04b9,200,1,1,144,Webflow,"Petrie Chiropractic Clinic, Chiropractor, 2250 Tennessee St",good,,2026-06-22T18:16:14+00:00
d11926bc-9cb3-4b2a-9229-5c4d0b9598d9,200,1,1,317,Shopify,Charlotte Russe,good,,2026-06-22T18:16:14+00:00
48f4220f-1a93-4602-8439-536585d210d4,200,1,1,334,WordPress,Chiropractor in Napa,good,,2026-06-22T18:16:14+00:00
96f4b7fc-6fdf-4eae-9546-89d4630f03d6,404,1,0,1185,,404 Not Found,broken,,2026-06-22T18:16:14+00:00
429414a4-bfdd-459c-9cc1-669e85efd2a2,403,1,1,84,,Jockey.com | Challenge,broken,,2026-06-22T18:16:14+00:00
c2836f8f-20bb-4e9b-a2f0-571a1466d1f6,0,0,0,224,,,broken,connection failed,2026-06-22T18:16:14+00:00
f3094cf7-7b80-4013-9ac3-d38e2da2d33e,200,1,1,279,Shopify,"Kenneth Cole New York | Shoes, Watches, Bags &amp; Clothing",good,,2026-06-22T18:16:14+00:00
a7a8b2a7-aebd-4f47-8160-fd41f851e1a9,200,1,1,321,Shopify,Rainbow Shops | Affordable Plus Size &amp; Women’s Fashion,good,,2026-06-22T18:16:14+00:00
a363776c-cbaf-4c88-9adb-37a9d3da9fe4,200,1,1,588,,Women&#39;s Men&#39;s &amp; Kids Clothing &amp; Accessories | Cotton On USA,good,,2026-06-22T18:16:14+00:00
12a77e38-168f-4c28-a4fb-53ba1c2cffee,200,1,0,275,,,weak,,2026-06-22T18:16:15+00:00
a4d0f1a8-9cca-4120-94af-fb7fd3da8860,200,1,1,1591,,Chiropractor in Napa | Giles Chiropractic | $69 New Patient Special,good,,2026-06-22T18:16:15+00:00
7c1d8d7b-cc0b-4570-828c-e5aabc420dbf,0,0,0,63,,,broken,connection failed,2026-06-22T18:16:15+00:00
cf565b8f-5799-40c6-811a-84322c688fcf,200,1,1,277,WordPress,MediaNews Group,good,,2026-06-22T18:16:15+00:00
31eb6cbf-14c4-4fb8-8b43-4cb1f96f9522,403,1,0,170,,seatgeek.com,broken,,2026-06-22T18:16:15+00:00
59ba2ba3-4276-4010-abf1-3630183573d6,200,1,1,345,,"Benicia Boxing &amp; Martial Arts in Benicia, CA – Reviews, Hours, and Contact Details",good,,2026-06-22T18:16:15+00:00
4b220fd3-dde2-419a-a52a-ad0d43cd5e2b,0,0,0,114,,,broken,connection failed,2026-06-22T18:16:15+00:00
60179a89-8f22-401c-a6dd-e6d1c103e72f,200,1,1,853,Weebly,Order Online | Common Grounds,good,,2026-06-22T18:16:16+00:00
7b2c8038-092b-4424-af70-efee8afcf76e,200,1,0,18996,GoDaddy,Home,weak,,2026-06-22T18:16:16+00:00
60202619-42cb-4f37-83ae-851a5ee02246,200,1,1,1452,,Shop Army &amp; Air Force Exchange Service,good,,2026-06-22T18:16:16+00:00
4c9a2d7b-2c99-4069-9510-a07cc3cbae76,0,0,0,108,,,broken,"ssl: HTTPSConnectionPool(host='nicksroastingco.com', port=443): Max retries exceeded with url: /?y_source",2026-06-22T18:16:16+00:00
c6ea30ea-a40d-4103-aac9-37c4f4f1a4fc,200,0,0,213,,Quickly USA,weak,,2026-06-22T18:16:16+00:00
aff49b40-6a1f-4bce-84dc-d9d2c1e67f51,200,1,1,723,Shopify,Journey Coffee Co.,good,,2026-06-22T18:16:17+00:00
08c2280a-73b0-481e-9063-9dd7246ed285,200,1,1,646,Shopify,Brewed | Napa Coffee Shop and Homemade Cookies &ndash; brewed. napa,good,,2026-06-22T18:16:17+00:00
ab3dccaf-1c83-4e94-9e77-7417b4655518,200,1,1,231,Squarespace,C. E. Toland &amp; Son,good,,2026-06-22T18:16:17+00:00
4c5f39fa-4571-4ba6-9bc3-7d2630dbeccc,0,0,0,100,,,broken,connection failed,2026-06-22T18:16:17+00:00
5a4b3725-200f-47ae-aa7a-7a4a575f5bde,200,1,1,1193,WordPress,The Coffee Curb | Great Coffee Great Location,good,,2026-06-22T18:16:17+00:00
960a6e32-0686-4ad7-ae9d-ab12b2e5175d,200,1,1,314,WordPress,Home - Benchmark Civil Construction,good,,2026-06-22T18:16:17+00:00
a1eb4c60-253b-41fc-bd85-e445751784b5,200,0,1,113,,Checking your browser...,weak,,2026-06-22T18:16:17+00:00
e7b73976-d5e4-47ab-a5bf-19e4111b1f34,404,1,1,13759,,The page you were looking for doesn't exist (404),broken,,2026-06-22T18:16:17+00:00
daa92f39-bd02-41de-9d58-9eac13444ce2,200,1,1,324,WordPress,Home Remodeling Vacaville CA | Residential Construction Services,good,,2026-06-22T18:16:18+00:00
6edbedc7-541c-4f65-a2c9-22aaef4574ec,200,1,1,319,WordPress,Professional Painting Services | Prevail Painting,good,,2026-06-22T18:16:18+00:00
76a4ded6-d31a-49b7-9100-81d5083f6563,200,1,1,859,Joomla,Home,good,,2026-06-22T18:16:18+00:00
0470be1a-05fb-4ff2-949f-8cf362da6e5d,200,1,1,575,WordPress,Concrete Contractor | Kapono Meyer Concrete Inc,good,,2026-06-22T18:16:18+00:00
e3684c44-e75d-4016-9078-71019ff5bd21,200,1,1,216,Webflow,"R Magday Builders, Builder, 1019 Delwood St",good,,2026-06-22T18:16:18+00:00
0c392e9c-f9d5-4b5a-885a-a26a55f8c427,200,1,1,170,Webflow,"Lucy&amp;#39;s Nails, Manicurists, Pedicurist, 78 Solano Sq",good,,2026-06-22T18:16:18+00:00
de4ee094-857e-4b5e-a800-5d03e5ddf496,0,0,0,53,,,broken,connection failed,2026-06-22T18:16:18+00:00
e1d2d620-4f8f-40ff-ab57-3f7acbf00ea6,200,1,1,335,Webflow,High-Quality Epoxy &amp; Polyaspartic | Rhynopoxy Coatings,good,,2026-06-22T18:16:18+00:00
c9705895-9102-4d34-b73a-5dd53a5244cf,200,1,1,452,,"Custom Home Building &amp; Remodeling | Napa, Lafayette, Orinda, Walnut Creek",good,,2026-06-22T18:16:18+00:00
7cb6d1c6-b650-41d2-9697-65b3be942428,200,0,1,164,,Golden Island Day Spa - Napa,weak,,2026-06-22T18:16:18+00:00
eec2805d-13ae-4a17-a728-c60f0dc3d8d7,200,1,1,483,Wix,Child Friendly Parenting Classes | Care4em | United States,good,,2026-06-22T18:16:18+00:00
370bd61a-b076-4050-80c7-13ef8802ac4a,0,0,0,115,,,broken,connection failed,2026-06-22T18:16:19+00:00
0f8fd3da-2114-4a3d-8be8-fd861b7294fc,404,1,1,760,Drupal,Page Not Found | Cosmetics Company Store,broken,,2026-06-22T18:16:19+00:00
f68bb431-2e72-4c1e-bb38-ee8e1cbefa0d,404,1,1,507,,,broken,,2026-06-22T18:16:19+00:00
f7ea9427-0ba0-4923-b3e0-32f96889b1fd,200,1,1,223,,"Family &amp; Cosmetic Dentistry | Vacaville, CA | Alamo Dental Office",good,,2026-06-22T18:16:19+00:00
d8094a76-2ccc-4dc5-a52a-d72963e2a34e,200,1,1,343,,"Dentist in Vallejo, CA | Crossroads Dental Care",good,,2026-06-22T18:16:19+00:00
6b244e51-7bef-4f3e-972c-355904512a55,200,1,1,197,WordPress,"Plaza Dental Care | Dentist in Vallejo, CA",good,,2026-06-22T18:16:19+00:00
dd87903a-ad89-45e5-83ed-ec50d905731a,200,1,1,911,,"Dr. Angela Dominguez, DDS - Write a Review - Vallejo, CA | Healthgrades",good,,2026-06-22T18:16:19+00:00
16753541-6dd3-418b-a779-b336b0b03fa7,200,1,1,136,Webflow,"Caro Janet Dds, Dentist, 1660 Broadway St",good,,2026-06-22T18:16:19+00:00
bca02593-f551-4df2-a1fc-f301d9293f41,0,0,0,76,,,broken,connection failed,2026-06-22T18:16:20+00:00
35e94ed3-c27c-4fde-ad56-c17a266a8467,200,1,1,151,Webflow,"Escobar Portia Dmd, Dentist, 3772 Sonoma Blvd",good,,2026-06-22T18:16:20+00:00
91bffd3d-17ef-4f72-baec-30517e78d154,200,1,1,824,,Dental Care Centre Canterbury,good,,2026-06-22T18:16:20+00:00
dc8bb772-8387-4d1d-8a70-dd721b5f26ba,200,1,1,199,Squarespace,Froilan Tafalla DMD Inc.,good,,2026-06-22T18:16:20+00:00
b010e072-f809-4b44-abbf-9a50ce2ea05c,0,0,0,116,,,broken,connection failed,2026-06-22T18:16:20+00:00
258f28d8-3d3a-4d5f-88c0-16416888ac2d,0,0,0,39,,,broken,connection failed,2026-06-22T18:16:20+00:00
981e1892-af78-448c-ba84-f343fa796a2e,200,1,0,405,,"Emrah Basaran, DDS",weak,,2026-06-22T18:16:20+00:00
80b8fa86-265b-4596-9204-a85fc2ad1834,200,1,1,710,,"Dentist in Vallejo, CA | Restorative & Family Dentistry",good,,2026-06-22T18:16:20+00:00
8efb5b7c-f640-485f-9938-915e8a4eda77,200,1,1,544,,"Dentist in Napa CA, Cosmetic Dentistry, Smile Makeover 94558",good,,2026-06-22T18:16:20+00:00
553189f2-a855-431f-b56d-c8f6ed729946,200,1,1,150,Webflow,"Mark Wah K Dds, Dentist, 195 Glen Cove Marina Rd E Ste 100",good,,2026-06-22T18:16:21+00:00
b3d75dfa-cccb-40bc-a878-b7f3552f4ae3,200,1,1,414,,"General and Cosmetic Dentist Fairfield, CA Dentist - Lum Dental - General Dentist",good,,2026-06-22T18:16:21+00:00
67bf2336-00a7-4222-95a0-5755d2a9d0ee,200,1,1,627,WordPress,"Kuzma DDS Cosmetic and Implant Dentistry | Dentist | Fairfield, CA",good,,2026-06-22T18:16:21+00:00
6035df99-995d-4fee-ab5f-59d17a8d8d37,200,1,1,201,GoDaddy,BeltranDentalCare.com is for sale | HugeDomains,good,,2026-06-22T18:16:21+00:00
2b4d770e-806e-49cc-b037-d9f616241267,200,1,1,526,,Healthgrades | Find a Doctor - Doctor Reviews - Online Doctor Appointments,good,,2026-06-22T18:16:21+00:00
18aefe32-20e3-4f81-8078-1f800450d872,200,1,1,321,,"Dentist Vallejo, CA - Cosmetic & Family Dental 94591",good,,2026-06-22T18:16:21+00:00
799b05ef-8291-4a68-b33d-e2af3c5fd768,200,1,1,175,Webflow,"Young Michael D Dds, Dentist, 3150 Beard Rd Ste A",good,,2026-06-22T18:16:21+00:00
ccc40b4a-b5ca-4c35-a0b4-10c4a84b487c,200,1,1,166,Webflow,"New Millennium Dentistry, Dentist, 1363 Oliver Rd",good,,2026-06-22T18:16:21+00:00
e811056f-a5de-4b89-a6ef-ac63d28b6a8b,200,1,1,442,Squarespace,"Redwood Family &amp; Cosmetic Dentistry - Eva Marie Largoza, D.D.S.",good,,2026-06-22T18:16:22+00:00
282d30d1-e63c-4ce3-8a44-81f55b462f7e,200,1,1,534,WordPress,"Top-Rated Dentist in Fairfield, Vallejo, &amp; San Francisco - Tan Thai Dental Studios",good,,2026-06-22T18:16:22+00:00
67d6444c-b5b9-4f3a-9814-a6de95f92372,200,1,1,448,,Dentist in Vacaville CA - Cosmetic Dentistry | Robert Hekking DDS,good,,2026-06-22T18:16:22+00:00
260690a7-a9e4-4ca8-ba6b-8fcaa7d13876,0,0,0,15127,,,broken,connection failed,2026-06-22T18:16:22+00:00
e38f9c4b-ea19-462a-9b79-1ba59a234401,200,1,1,292,,"Dentist in Dixon, CA | James D. Sanderson, DDS",good,,2026-06-22T18:16:22+00:00
d64acbdb-b951-4943-b1e1-18eb01e139a8,200,0,1,439,GoDaddy,Emergency Dental Service | Professional & Fast | Call (888) 643-0461,weak,,2026-06-22T18:16:22+00:00
52b40d2c-9997-4122-9118-2d349d19366c,200,1,1,509,,"Dr. Ruth De Joya, DMD - 2 Reviews - Vallejo, CA | Healthgrades",good,,2026-06-22T18:16:22+00:00
a1326ebd-2f6f-4f89-bb95-5224fa3914ba,0,0,0,40,,,broken,connection failed,2026-06-22T18:16:22+00:00
0915cad6-5a2e-471e-b282-2073a1e5fe2b,0,0,0,33,,,broken,connection failed,2026-06-22T18:16:22+00:00
d750fb81-f5cd-49ee-9df1-4a9ca75295d5,200,1,1,409,,Find Free Dental Clinics Near You | DentalClinics.org,good,,2026-06-22T18:16:22+00:00
fac7f6d2-f6a2-4d5d-8a54-b3274bc3d7dc,200,1,1,235,,"Dentist In Fairfield, CA | Waterview Dental Care",good,,2026-06-22T18:16:23+00:00
f3b2d0d2-615c-4360-80ab-fc3001d26199,500,1,0,565,,,broken,,2026-06-22T18:16:23+00:00
17b9a78a-701c-4e94-bf37-78122cea1f5c,403,0,0,67,,Access Denied,broken,,2026-06-22T18:16:23+00:00
7dee60d1-90ee-40d9-8e4e-5f0fac2ccc97,0,0,0,10012,,,broken,connection failed,2026-06-22T18:16:23+00:00
a9c12022-3217-43fb-8c4c-b05aa82050f2,200,1,1,851,WordPress,"Top-Rated Dentist in Fairfield, Vallejo, &amp; San Francisco - Tan Thai Dental Studios",good,,2026-06-22T18:16:23+00:00
bea92a57-40d5-44f9-8e3c-4761d387acab,200,0,1,88,Squarespace,Warehouse Cafe,weak,,2026-06-22T18:16:23+00:00
401739dc-3308-4dd6-9e4d-315d6cfed4e3,200,1,1,445,Wix,HOME | Windsmile Dental,good,,2026-06-22T18:16:23+00:00
5c279490-9a93-4d27-8db5-e63dcfbab09b,404,0,1,218,,404 Not Found,broken,,2026-06-22T18:16:23+00:00
d612d0d8-2e93-473e-8b8c-59046b8316cb,0,0,0,116,,,broken,connection failed,2026-06-22T18:16:23+00:00
17dca5cd-70a9-46a1-997c-c865bfd359b2,403,0,1,122,,Just a moment...,broken,,2026-06-22T18:16:23+00:00
b4d399dc-8a51-4fcb-9971-a554b4daa092,200,1,1,777,,Worldwide Restaurant Directory | DiningGuide,good,,2026-06-22T18:16:24+00:00
cb515231-14c4-4afb-848e-3c8a8a56c9f1,404,1,0,322,,404 - Page not found,broken,,2026-06-22T18:16:24+00:00
d09773e1-abcf-4364-bc10-1b190947d726,200,1,1,922,,Homepage Greater Vallejo Recreation District,good,,2026-06-22T18:16:24+00:00
c7592341-4e6f-4b1d-8c70-8766edb8b631,200,0,1,2419,WordPress,"Dental Services in Benicia, CA | Tosch Dental",weak,,2026-06-22T18:16:24+00:00
b749d74f-7839-44c2-b1d4-072dd94de27c,200,1,1,170,Webflow,"Springbrook Masonic Temple, Party Facility, 101 Temple Way",good,,2026-06-22T18:16:24+00:00
131f678f-1488-4a84-b69e-1a043aea4caf,404,1,1,393,Wix,404 Error: Page Not Found,broken,,2026-06-22T18:16:24+00:00
29446533-4712-47c2-9268-35755d53c563,200,1,1,219,,Fast Food in Vallejo American Burgers Chicken Tenders Root Beer Floats by A&amp;W,good,,2026-06-22T18:16:25+00:00
8a40cb7f-bafe-463a-9f2b-d881c3606e2e,200,1,1,967,,"Community Services - Benicia, California",good,,2026-06-22T18:16:25+00:00
5ab73984-8e28-45fc-94d9-06b1767c3916,200,1,1,1103,WordPress,Alamo Plaza Shopping Center | EDENS,good,,2026-06-22T18:16:25+00:00
41156982-2a16-4833-8cee-bc311f45db5a,200,1,1,222,,Del Taco - Home,good,,2026-06-22T18:16:25+00:00
f21bcf17-1d76-46ba-beef-c1c9d989f5d4,404,1,1,847,,Page not found | Superior Court of California | County of Solano,broken,,2026-06-22T18:16:25+00:00
7a7d1e1f-d890-4c67-89bf-742e30343b38,307,0,0,301,,You are being redirected...,weak,,2026-06-22T18:16:25+00:00
3e9b3bd4-ec60-45cf-9591-b4c4b0152f5d,200,1,1,170,Squarespace,Flowers Fresco,good,,2026-06-22T18:16:25+00:00
2fdf0ef1-3dc6-4d7c-815d-f5ce58350578,404,1,0,465,Squarespace,Squarespace - Website Expired,broken,,2026-06-22T18:16:25+00:00
ca81d24c-20fa-4208-b792-dcd78d69f8f7,200,1,1,402,,California Hallmark Store Locator | Find Locations & Directions,good,,2026-06-22T18:16:25+00:00
aeecd89a-2bc0-4b97-abc2-7e45de18a775,0,0,0,131,,,broken,connection failed,2026-06-22T18:16:25+00:00
e5ff6c74-2941-4478-b771-408ddd462a7f,0,0,0,116,,,broken,connection failed,2026-06-22T18:16:25+00:00
86f4e289-c064-41ee-a8d9-e9d13ffb11b5,200,1,1,332,Squarespace,Intervine Inc.,good,,2026-06-22T18:16:26+00:00
5f30b5b8-6a62-4898-942a-d0026e165b8f,200,1,1,516,Shopify,Theatre of Dreams Online Store &ndash; Wendy Addison Studio,good,,2026-06-22T18:16:26+00:00
d9f7c93c-5817-422d-9a8a-51375a613224,200,1,1,907,Shopify,Le Sparkly Chateau ~ Gifts ~ Decor ~ Apothecary ~ Clothing ~ Jewelry,good,,2026-06-22T18:16:26+00:00
c1d8841c-7dec-4e1a-a051-b050fec7d504,200,1,1,342,Squarespace,Best Food Truck Ever by Heritage Eats,good,,2026-06-22T18:16:26+00:00
37b8887e-1ed4-4b1f-aec5-2b653383a5af,404,1,0,436,,,broken,,2026-06-22T18:16:26+00:00
8a34495c-97fe-4667-ac4f-152d24b247aa,403,1,1,83,,Access to this page has been denied,broken,,2026-06-22T18:16:26+00:00
f144789a-5568-4ae9-82be-576bfd34052f,200,1,1,1439,,Makers Market | American Made + Handcrafted + Handmade Gifts Made in the USA,good,,2026-06-22T18:16:26+00:00
62cc6d72-3425-4bd2-b219-c81d2efd85d3,0,0,0,120,,,broken,connection failed,2026-06-22T18:16:27+00:00
fbf8f0cf-13fc-4f76-b880-3d26faf85dba,200,0,0,49,,Redirecting...,weak,,2026-06-22T18:16:27+00:00
48fd48a5-874d-49e5-877f-b12e84d37f90,0,0,0,39,,,broken,connection failed,2026-06-22T18:16:27+00:00
a39fca2f-dc4c-42d9-8577-bc597ef17ae6,403,1,1,482,,Just a moment...,broken,,2026-06-22T18:16:27+00:00
89d1c4fd-9f76-43fc-9472-7d7ae1dfc927,200,1,1,1024,,Leading Food Tech & Distribution Across Europe | Selecta International,good,,2026-06-22T18:16:27+00:00
87705b0f-2088-4876-8252-16ab9124d881,200,1,1,326,,Dentist in Northern California | Thrive Dental - 5 Locations,good,,2026-06-22T18:16:27+00:00
7190b3e0-dfe5-414e-a538-1252c2372f9a,200,1,1,303,Squarespace,Napa CA Dentist | Karl E. Biernath D.D.S. (707) 265 9005 Restorative | Cosmetic,good,,2026-06-22T18:16:27+00:00
df6fc6c9-34e2-41fe-9351-0904985ffa9d,200,0,1,673,WordPress,google,weak,,2026-06-22T18:16:27+00:00
97134f9a-ae24-4f0a-b34c-2602f8b37367,0,0,0,15219,,,broken,connection failed,2026-06-22T18:16:27+00:00
824f0fda-585c-4b9d-8126-b83aa0649cd5,200,1,1,460,Squarespace,"Kristina L Wiley, DDS",good,,2026-06-22T18:16:27+00:00
439f70eb-6cd3-4a68-b5d4-c50b9173fd95,200,1,1,194,WordPress,"Vacaville Dental Studio | Dentist in Vacaville, CA",good,,2026-06-22T18:16:27+00:00
6ebbe50e-63bb-4ccd-bd4a-1204a3db05e9,200,1,1,291,Squarespace,Mazza Dental Care Mazza Dental Care,good,,2026-06-22T18:16:27+00:00
428a8ac0-aeb6-42e1-808a-7d1c9133cd3a,0,0,0,15600,,,broken,timeout,2026-06-22T18:16:27+00:00
42030d54-8a08-47c2-a972-aeb903c88a06,0,0,0,52,,,broken,connection failed,2026-06-22T18:16:27+00:00
d4162ed7-874d-491d-b784-e347a83dfbfe,200,1,1,411,Squarespace,Robert R Martin DDS,good,,2026-06-22T18:16:27+00:00
8031fb90-08a5-496e-9f29-17431583fbb9,200,1,1,375,,Solano Family Dentistry,good,,2026-06-22T18:16:27+00:00
64bf9464-a657-491c-98da-2a60fb4d5a55,0,0,0,120,,,broken,connection failed,2026-06-22T18:16:27+00:00
7a166b9d-1ab4-4095-a161-9923eb39d71a,200,1,1,193,WordPress,Women&#039;s Health &amp; Fitness Clubs | Curves,good,,2026-06-22T18:16:27+00:00
347989ec-dc4e-40c7-89a7-fed050b7da38,0,0,0,15212,,,broken,timeout,2026-06-22T18:16:28+00:00
c221eee5-9d92-4865-86db-9bd580bbc35a,200,1,1,151,Webflow,"Pal Boxing Club, Health Clubs, Gymnasium, 917 Marin St",good,,2026-06-22T18:16:28+00:00
eddf385d-5749-4c05-88e3-edb17e520ed9,200,1,1,412,,"Drop In Sports @ City Gym - Sports - Benicia, California",good,,2026-06-22T18:16:28+00:00
0e72f46b-3f81-47c1-8be0-872a61ff5a9b,403,1,0,282,,Access Denied,broken,,2026-06-22T18:16:28+00:00
9907f260-937e-4b85-ad6e-2fba69be4c83,200,1,1,418,Squarespace,Trial Built CrossFit,good,,2026-06-22T18:16:28+00:00
981fa3df-36b2-419b-bc2f-130969a9d4d6,200,1,1,676,Wix,Home | MINISO,good,,2026-06-22T18:16:28+00:00
7f4d498d-cbb3-4585-95b5-e4dd4e77cd62,200,1,1,578,WordPress,OAC | Seattle&#039;s Premier Health &amp; Fitness Club,good,,2026-06-22T18:16:28+00:00
d18b25c7-333d-4927-9b59-bb9cca2531c3,200,1,1,590,,WELCOME,good,,2026-06-22T18:16:28+00:00
7fbda626-5bc8-4fc8-9f83-6d25b2e825f4,200,1,1,229,Wix,Home | Junior The Barber | United States,good,,2026-06-22T18:16:28+00:00
8e785fb1-3f45-4f4f-a44e-f3b45dfe109b,0,0,0,104,,,broken,connection failed,2026-06-22T18:16:28+00:00
9e972b9c-d304-4d00-a1e2-d81f6e6d2178,0,0,0,37,,,broken,connection failed,2026-06-22T18:16:28+00:00
200c508d-32f7-41a0-b4f3-a0f9d174972c,0,0,0,15049,,,broken,connection failed,2026-06-22T18:16:28+00:00
798ab913-8e5f-4fad-abca-26f85a9408d8,0,0,0,110,,,broken,connection failed,2026-06-22T18:16:28+00:00
b7dc38d3-6637-4b7b-a3d7-c5facff7b1ba,200,1,1,631,Wix,Home | BareBronzedBeautiful 2.0,good,,2026-06-22T18:16:28+00:00
ad2ef412-2255-4652-843c-678fec30b101,200,1,1,666,,"Anh&#39;s Salon in Benicia, CA",good,,2026-06-22T18:16:29+00:00
6ea27bfc-2fd5-46da-815e-c0c4955764a4,202,0,0,249,,,weak,,2026-06-22T18:16:29+00:00
ae020b7d-bb8c-42ec-bae5-4f44a471e6c0,0,0,0,110,,,broken,connection failed,2026-06-22T18:16:29+00:00
080998fc-7b05-406d-b4ba-9afd248c540f,0,0,0,107,,,broken,connection failed,2026-06-22T18:16:29+00:00
f8545f55-dfc2-4c3f-a3ae-ebe9f6acc6aa,200,1,1,524,Wix,HOME | CaliberStylingStudio,good,,2026-06-22T18:16:29+00:00
fbecad0e-df0f-4530-a696-cbe49d4cfc07,200,1,1,766,Webflow,"Bello Fiore Salon, Beauty Salon, 311 Merchant St",good,,2026-06-22T18:16:29+00:00
c2f220ce-12ce-4d32-91a7-92b34f91f02f,403,1,0,65,,,broken,,2026-06-22T18:16:29+00:00
87ceaa63-6998-4d55-a05f-98fb00343727,0,0,0,114,,,broken,connection failed,2026-06-22T18:16:29+00:00
6cd07701-01cd-439e-8514-1838a460f156,0,0,0,37,,,broken,connection failed,2026-06-22T18:16:29+00:00
793e8eeb-626c-4ad6-9216-322a7d9bf944,200,1,1,305,Shopify,OliveBrain | Take The Quiz | Olive Tree People,good,,2026-06-22T18:16:29+00:00
0c238a62-d612-4560-bbe5-6f37679c2cfa,0,0,0,114,,,broken,connection failed,2026-06-22T18:16:29+00:00
c32b22c7-5d28-4db9-87f2-9ddea79a7ea9,200,1,1,362,Squarespace,PLATINUM,good,,2026-06-22T18:16:29+00:00
8602cca5-9187-44f4-8613-65540828af04,200,1,1,557,Wix,Home | jenelleantonio.com,good,,2026-06-22T18:16:29+00:00
c459878e-3491-49e9-907a-17ea16d3647c,0,0,0,15156,,,broken,connection failed,2026-06-22T18:16:29+00:00
a29b9d80-82a3-431c-93dc-0c267d7a36f4,200,1,1,226,,,good,,2026-06-22T18:16:29+00:00
e4aba0dd-bb0a-42bc-bba3-aca32026c32a,200,1,1,391,,Booksy,good,,2026-06-22T18:16:30+00:00
f0c93d45-f932-49dc-9694-a8a8986101e3,200,1,1,185,,Sue&#039;s Golden Cut,good,,2026-06-22T18:16:30+00:00
040e9d8c-161d-4a71-b347-180c6e99707d,0,0,0,125,,,broken,connection failed,2026-06-22T18:16:30+00:00
d826877c-5545-44c9-9449-1fab71b0ccdb,503,1,1,2450,WordPress,"Power Crush Training Center | Napa Valley, CA",broken,,2026-06-22T18:16:30+00:00
fc1d5ee2-8bc0-4830-81fb-e1fb30d67c03,0,0,0,107,,,broken,connection failed,2026-06-22T18:16:30+00:00
cfae5fc4-b2d7-4d1a-bae0-1d3d4b8e5917,0,0,0,40,,,broken,connection failed,2026-06-22T18:16:30+00:00
688f37f8-83ba-41bb-8eac-c014e716f2c1,200,1,1,946,Weebly,Pure Hair Studios | PURE,good,,2026-06-22T18:16:30+00:00
8ffa8b95-dacf-4e3c-9ea3-3996e55b0e5e,200,1,0,753,,,weak,,2026-06-22T18:16:30+00:00
85c25e8d-99d2-4b31-aeed-da5f39fd1428,0,0,0,101,,,broken,connection failed,2026-06-22T18:16:30+00:00
3a47f802-09dd-4a29-a33a-6cc1b0539724,200,1,1,528,Shopify,Glamour Beauty Center - Professional Hair Styling Supplies,good,,2026-06-22T18:16:30+00:00
82f52792-222d-41e0-ad02-7b8eac664522,404,1,0,188,,404 Not Found,broken,,2026-06-22T18:16:30+00:00
2c01970f-5f31-4a2e-a717-f408ac803bd7,200,0,0,131,,,weak,,2026-06-22T18:16:30+00:00
2c5b9ecf-4e43-4e75-ac28-73f96c4720c9,0,0,0,115,,,broken,connection failed,2026-06-22T18:16:30+00:00
244ccc11-5466-483a-91f9-2c3129b37bc6,0,0,0,15040,,,broken,timeout,2026-06-22T18:16:30+00:00
f94ac5b6-428b-4e7b-813c-e99749c3ccfe,200,1,1,488,WordPress,"Pleasure Cove Marina, Lake Berryessa, California&#039;s Napa Valley | Suntex",good,,2026-06-22T18:16:31+00:00
558d7a1b-b37b-45c3-85c0-9f5f8943bd30,404,1,1,532,,Account,broken,,2026-06-22T18:16:31+00:00
d0e2b72f-527f-4def-aa12-b3ea555358c5,403,1,1,90,,Just a moment...,broken,,2026-06-22T18:16:31+00:00
d1ce5c5d-716c-4372-8227-490e9374b0a3,0,0,0,119,,,broken,connection failed,2026-06-22T18:16:31+00:00
c07b6d74-92f2-40d1-a897-352b3d7cb94e,200,0,1,313,,,weak,,2026-06-22T18:16:31+00:00
66f38aec-16db-430e-b7e5-ac52b23e6d17,200,0,1,220,Squarespace,Barbara Colvin &amp; Co.,weak,,2026-06-22T18:16:31+00:00
66472c45-eac1-4ea8-b024-947534e09f38,200,1,1,688,Weebly,Vacaville's Finest Indian Cuisine | Essence Indian Cuisine,good,,2026-06-22T18:16:31+00:00
f65e5fcb-92a6-4885-ac0e-234d56d2ba34,403,1,1,43,,Just a moment...,broken,,2026-06-22T18:16:31+00:00
890d6ac8-ca13-487f-a8eb-0ef166d26ee6,200,1,1,439,Wix,Interior Designer | Miretti Design | United States,good,,2026-06-22T18:16:31+00:00
5b780a3f-a1c1-4951-ab9f-38b77d34c6d3,200,1,1,288,Squarespace,Bottega,good,,2026-06-22T18:16:31+00:00
5e1ce671-cb85-4576-9e0f-78729dd8f5dd,0,0,0,134,,,broken,connection failed,2026-06-22T18:16:31+00:00
53520efd-3ca8-4d48-82dc-056574a50f3f,200,1,0,1014,,Air Force Inns,weak,,2026-06-22T18:16:31+00:00
8276dc7b-edea-4033-ac6f-3029acecdd2d,404,1,1,324,,,broken,,2026-06-22T18:16:32+00:00
6ca51290-f05e-40c7-aa81-acd10486a9dd,0,0,0,231,,,broken,connection failed,2026-06-22T18:16:32+00:00
3cc00f64-a889-408c-9152-1f510cd28f0c,0,0,0,162,,,broken,connection failed,2026-06-22T18:16:32+00:00
b7bdf0ca-89a8-482f-8bf2-6368d811da2e,200,0,1,476,WordPress,Borç Veren Bahis Siteleri Güvenilir Mi? - En İyi Bahis Sitesi 2021,weak,,2026-06-22T18:16:32+00:00
a1aef44e-c74d-4464-9f75-ff9d19a9ebf5,200,0,1,413,WordPress,Borç Veren Bahis Siteleri Güvenilir Mi? - En İyi Bahis Sitesi 2021,weak,,2026-06-22T18:16:32+00:00
338cc0a0-b04f-4fbc-a604-8544c6a5350b,200,1,1,203,,,good,,2026-06-22T18:16:32+00:00
2ec53c3b-1e92-4b0b-8e78-0c0c49f7e28c,200,1,1,159,Squarespace,Diamonds Forever,good,,2026-06-22T18:16:32+00:00
d92d5f91-727e-47cf-887d-78e59bb9b3ce,200,1,1,772,Weebly,Hibachi & Sushi | Koi Express Vacaville,good,,2026-06-22T18:16:32+00:00
2ff2eb02-54a9-4cfc-805f-88aca4c51c19,200,1,1,130,,"Kay | Wedding, Engagement &amp; Fashion Jewelry",good,,2026-06-22T18:16:33+00:00
6fc8ecd2-2a1d-4f00-b2cb-381a9ab7601b,200,1,1,1932,Wix,"Barzar Eatery | Indonesian, Singaporean &amp; Malaysian Food in Vacaville, CA",good,,2026-06-22T18:16:33+00:00
3cb2af2d-dd6b-4fbb-8cfd-ad2934588c21,0,0,0,119,,,broken,connection failed,2026-06-22T18:16:33+00:00
2e0b41d8-016c-49ec-879d-4149db4f6e15,200,1,1,153,Webflow,"Sam&amp;#39;s Teriyaki, Teriyaki Restaurant, 1657 N Texas St",good,,2026-06-22T18:16:33+00:00
a3e9505a-46c3-487b-8529-d3ad51637577,0,0,0,15063,,,broken,connection failed,2026-06-22T18:16:33+00:00
471370d1-d6b1-4b6a-9828-708c86d0c860,404,1,1,1337,,Goope（グーペ）で作成されたページは見つかりませんでした。,broken,,2026-06-22T18:16:33+00:00
5be3b2c7-9ba6-41d2-903c-0f36b759cea4,429,0,1,71,,Just a moment...,broken,,2026-06-22T18:16:33+00:00
7db90e58-5d73-4a0c-a806-0a2f4f0828fb,202,1,0,292,,,weak,,2026-06-22T18:16:33+00:00
b7395f66-2b3c-4a78-a56c-0df5d7bb58a5,200,0,0,211,,,weak,,2026-06-22T18:16:33+00:00
5a3896b2-da69-4d10-bfc9-a6d5a4158fe1,200,1,1,1777,Shopify,ROYAL22: Situs Game Online Terbaik Dengan Sistem Modern Paling Dicari,good,,2026-06-22T18:16:34+00:00
d438bf56-63b7-481d-932b-b138d0966ab2,200,1,1,718,,Delta Landscaping,good,,2026-06-22T18:16:34+00:00
85f64f86-ddb6-454b-b673-3acca8746ab6,200,0,0,630,GoDaddy,Home,weak,,2026-06-22T18:16:34+00:00
949920d5-26fd-478a-b258-12a4533fd115,0,0,0,42,,,broken,connection failed,2026-06-22T18:16:34+00:00
fa93688b-d49f-452a-b52a-8292e87500e2,0,0,0,111,,,broken,connection failed,2026-06-22T18:16:34+00:00
36c23a0e-7c74-43e7-8ad4-fa5bf88aae45,403,1,0,274,,,broken,,2026-06-22T18:16:34+00:00
0be8e162-d066-43a3-a6e7-2bbc5eee2507,404,1,1,160,,Old Republic Title,broken,,2026-06-22T18:16:34+00:00
8c38271e-88aa-4cc8-876c-819fc2b8c3a9,0,0,0,47,,,broken,connection failed,2026-06-22T18:16:34+00:00
708447ca-4cd9-4e63-bd0e-17d32f787fd3,200,1,0,477,,"David T Gracia Law Offices - Providing Competent, Professional, Personal and Honest Legal Services for a Reasonable Fee",weak,,2026-06-22T18:16:34+00:00
5918cc65-8763-4da4-9aab-4117224d3ca7,200,1,1,178,Squarespace,JCMA Kajukenbo,good,,2026-06-22T18:16:35+00:00
71486c34-03d7-4247-9114-343702e38305,200,1,1,349,Squarespace,Gracie Fighter Vacaville,good,,2026-06-22T18:16:35+00:00
a8a11f5c-cd20-4adf-a438-28c4b7ae9dff,200,1,1,656,WordPress,"Napa &amp; Solano County Criminal Law Attorney - Laina T. Chikhani, Attorney at Law",good,,2026-06-22T18:16:35+00:00
034bfdfd-1f25-4db0-9b47-fa13f65553ea,404,0,0,295,,,broken,,2026-06-22T18:16:35+00:00
111dfb40-7fe8-4d7e-9029-9ff9a608e276,404,1,1,552,,MassageBook,broken,,2026-06-22T18:16:35+00:00
6c5a1ad8-7549-458d-81d0-be4714c18bad,403,0,0,648,,å¯çè¯·æ±æ¦æªéç¥,broken,,2026-06-22T18:16:36+00:00
231e7214-445e-4b77-af9f-e4a0b64f0d17,200,1,0,631,,,weak,,2026-06-22T18:16:36+00:00
73f8e851-412d-47b1-b518-985bc77b0e80,200,1,1,1194,Wix,Massage Therapy | United States | Dynamic Healing Massage Therapy,good,,2026-06-22T18:16:36+00:00
d9079c3c-5196-434f-b7ec-ee02fe601cf6,200,1,1,631,,Lifeworks-ACS,good,,2026-06-22T18:16:36+00:00
79a50bab-b91d-416a-a90c-972d59afa490,200,1,1,178,,"Little Summer | Mediterranean Cuisine in Napa, CA",good,,2026-06-22T18:16:37+00:00
2ff059e7-2ee3-4b67-85d9-cad72b117879,200,1,1,1154,,"Best Massage Napa, Massage Napa, Couples Massage Napa",good,,2026-06-22T18:16:37+00:00
35ad66aa-6d05-4c7b-acee-2112807dd64b,0,0,0,83,,,broken,"ssl: HTTPSConnectionPool(host='www.alibertosmexicanfood.com', port=443): Max retries exceeded with url: /",2026-06-22T18:16:37+00:00
4c8aef98-4a0a-4868-b12f-cb72e83041bf,403,1,1,204,,Just a moment...,broken,,2026-06-22T18:16:37+00:00
bd41a47d-fc13-4fb3-88da-324dea8fddd2,0,0,0,58,,,broken,"ssl: HTTPSConnectionPool(host='www.alibertosmexicanfood.com', port=443): Max retries exceeded with url: /",2026-06-22T18:16:37+00:00
62f52032-af99-49e7-8db7-8157d6751b5f,0,0,0,111,,,broken,connection failed,2026-06-22T18:16:37+00:00
1a47b1b2-8b11-4d63-918c-3ac0baf58696,200,1,1,494,WordPress,Best Mexican Food in Napa &amp; St. Helena | Azteca Market,good,,2026-06-22T18:16:37+00:00
68085fcd-fbd4-4cf9-a46a-910a6e43efa0,403,1,0,428,,yelp.com,broken,,2026-06-22T18:16:37+00:00
6fa374f6-64fb-4296-b1f1-29815aed673b,200,1,1,1792,WordPress,OTS Bodywork &#8211; Empowering People to Improve Their Health and Lives,good,,2026-06-22T18:16:38+00:00
d45c59a5-1649-4f0f-b59d-28e5306d4539,403,1,1,88,,Just a moment...,broken,,2026-06-22T18:16:38+00:00
6cd00f2f-4ba3-4067-8d69-11aa1680114a,0,0,0,10033,,,broken,connection failed,2026-06-22T18:16:38+00:00
24fc3f8d-4900-42f5-a057-7161491a5748,0,0,0,219,,,broken,"ssl: HTTPSConnectionPool(host='www.el-pitayo-mexican-restaurant.top-cafes.com', port=443): Max retries ex",2026-06-22T18:16:38+00:00
e88c06e8-59f8-4b2c-8986-734def46314e,200,1,1,528,,El Rancho Grande – Must-Visit Mexican Restaurant in Napa,good,,2026-06-22T18:16:38+00:00
151118ec-b047-42eb-951d-52f21a3068cc,0,0,0,15124,,,broken,connection failed,2026-06-22T18:16:38+00:00
4aca7c52-38aa-4a5c-8777-59ba5806918e,0,0,0,142,,,broken,connection failed,2026-06-22T18:16:38+00:00
eed185e8-c232-4dad-b04a-81c11f2a8416,0,0,0,33,,,broken,connection failed,2026-06-22T18:16:38+00:00
d39b9bba-0411-4cec-b87d-2c1ca5ee6bd0,410,1,1,971,,"El Patron Mexican Food, 506 Main Street, Vacaville, CA - Groupon",broken,,2026-06-22T18:16:38+00:00
b0d9b17d-7e74-4a65-bc6b-8aacf361458e,404,1,1,293,,Meseras Mexican Food Delivery. - Pagenotfound,broken,,2026-06-22T18:16:39+00:00
b852d193-cdf5-4b3e-a597-011c947015b0,403,1,1,219,,Just a moment...,broken,,2026-06-22T18:16:39+00:00
923a317e-8386-4e86-b12e-a038367c9595,403,1,1,188,,Just a moment...,broken,,2026-06-22T18:16:39+00:00
ebcb6a61-de8a-4112-9e11-333c9c07d487,200,0,0,182,,Redirecting...,weak,,2026-06-22T18:16:39+00:00
7924c6a0-e849-4959-844d-a454842dfd13,200,1,1,139,Webflow,"Lupitas Kitchen, Restaurant, 470 N Adams St",good,,2026-06-22T18:16:39+00:00
36a6332b-81dd-481f-9196-2e2f2b5cced5,200,0,1,278,,Taqueria Del Sol,weak,,2026-06-22T18:16:39+00:00
4d211bfe-62ff-4fcb-92f5-f6336736153a,200,1,1,426,,Browse The Best Restaurants &amp; Deals Near Chicago,good,,2026-06-22T18:16:39+00:00
7949a7e4-4874-4f2c-85a6-0a7c10c63119,403,1,1,150,,Just a moment...,broken,,2026-06-22T18:16:39+00:00
ae6e42c3-25a7-4296-a159-e4e051f74b87,200,1,1,1856,WordPress,El Nopal Mexican Restaurant &#8211; Mexican cuisine,good,,2026-06-22T18:16:39+00:00
8c59b4b9-86ef-41fd-a09d-d1fb19248e85,0,0,0,40,,,broken,connection failed,2026-06-22T18:16:39+00:00
143b8548-56dc-4480-a373-c634327c1a15,404,1,1,654,Wix,404 Error: Page Not Found | Wix.com,broken,,2026-06-22T18:16:39+00:00
02873d14-280d-4123-81f4-2763fd13733a,0,0,0,9,,,broken,connection failed,2026-06-22T18:16:39+00:00
4526e77d-6b07-4d81-9b11-f74b52354698,403,1,1,277,,Just a moment...,broken,,2026-06-22T18:16:39+00:00
f80b124d-ac9b-4fa6-ba92-49b696d74f43,200,1,1,405,,Pedros Cocina,good,,2026-06-22T18:16:40+00:00
9816c5ed-5483-42e6-87c7-b2e4b2a40a21,200,1,1,1059,,Groupon® Official Site - Find Local Deals Near You,good,,2026-06-22T18:16:40+00:00
c907133d-9fd4-4522-8c19-1e22bbf930b7,0,0,0,44,,,broken,connection failed,2026-06-22T18:16:40+00:00
7b6ef727-f3ae-495c-84d8-c305f3fac15a,404,1,0,262,,,broken,,2026-06-22T18:16:40+00:00
e0b26f61-3b9b-41a6-971d-6d734014a5d5,200,1,1,1076,,Mexican Food Vallejo Seafood Restaurant Burritos Vallejo,good,,2026-06-22T18:16:40+00:00
dfc5b8a3-405b-4c15-bc45-1ff1abc408a7,403,1,1,251,,Just a moment...,broken,,2026-06-22T18:16:40+00:00
ed202966-aa17-4f34-96fd-3fffae8b7bfd,500,0,0,482,,,broken,,2026-06-22T18:16:40+00:00
2f07612c-466b-40c1-8a50-114670233ae7,200,1,1,280,Squarespace,Tannya&#39;s Taqueria,good,,2026-06-22T18:16:40+00:00
5d566537-ad7e-46c7-b9f5-df92372ef069,429,1,1,184,,Just a moment...,broken,,2026-06-22T18:16:40+00:00
af15c861-16a8-4c86-81ff-e01f8f1f5f70,0,0,0,110,,,broken,connection failed,2026-06-22T18:16:40+00:00
c80ecc71-254c-4a1b-8d9d-110a58eeff42,200,1,1,980,WordPress,Sandovals Benicia &#8211; Mexican Restaurant,good,,2026-06-22T18:16:40+00:00
0af0dadd-6b49-439c-ac12-39b8c5536598,403,1,1,601,,Just a moment...,broken,,2026-06-22T18:16:41+00:00
d5467cdb-7db8-4c5a-8d89-903f000bc268,200,1,1,723,WordPress,myNetWaiter - Search - My NetWaiter,good,,2026-06-22T18:16:41+00:00
06415ba2-6eb7-42ec-a4ae-323b4500097f,200,1,0,295,Weebly,Dixon Club Motel &amp; RV,weak,,2026-06-22T18:16:41+00:00
55a314c0-08e1-4868-80ee-29858ffd89ad,200,1,1,167,GoDaddy,Nail Salon Vacaville - AJ Nails Spa,good,,2026-06-22T18:16:41+00:00
70ed5a3b-fbd2-4f9b-83c0-89445966e646,0,0,0,7,,,broken,connection failed,2026-06-22T18:16:41+00:00
21d42409-0715-44fb-b562-8b795fde1854,200,1,1,892,,Newrez | Mortgages | Home Refinance | Newrez,good,,2026-06-22T18:16:41+00:00
9b84fe63-d1df-4937-bf62-65f1a35c8f76,403,1,0,102,,,broken,,2026-06-22T18:16:41+00:00
a2a4db51-c763-405e-b091-4a32b369aab4,200,0,1,366,,Home - Diamond Nails &amp; Spa,weak,,2026-06-22T18:16:42+00:00
36bd8071-6511-4d64-8377-3855ea3543f6,200,1,1,387,,"FIONA NAILS | #1 Vallejo&#x27;s favorite nail salon | manicure &amp; pedicure in Vallejo, CA 94591",good,,2026-06-22T18:16:42+00:00
629976af-911e-4687-bc9c-649852f1041a,503,1,1,262,,Newzen Website Builder,broken,,2026-06-22T18:16:42+00:00
4f81e450-3cf8-41c0-b3f8-d716914c2412,200,1,1,347,,Gallery Nails &amp; Spa,good,,2026-06-22T18:16:42+00:00
c1298a83-7902-482d-a9fb-3abf6789bb28,200,1,1,3172,WordPress,Tacos Mexico | Para Tacos - Tacos Mexico y Ya...,good,,2026-06-22T18:16:43+00:00
bbd25edc-0187-43f1-b280-0a744545cc89,200,1,1,166,Webflow,"K &amp;amp; J Nails, Manicurists, Pedicurist, 1601 Solano Ave",good,,2026-06-22T18:16:43+00:00
259966d9-87ef-4d02-9574-448708f670e2,0,0,0,15114,,,broken,connection failed,2026-06-22T18:16:43+00:00
8add330e-60e8-467b-a50a-9a7e999f9711,200,1,1,423,,Le Nails Spa - Nail Salon in Vacaville CA 95688,good,,2026-06-22T18:16:43+00:00
a5d368c5-2ac0-40c8-9886-72c25258f617,0,0,0,15182,,,broken,connection failed,2026-06-22T18:16:43+00:00
34c24907-8a82-4e20-9b0e-0e701c04d303,403,1,0,146,,,broken,,2026-06-22T18:16:44+00:00
232bddf5-76da-4e08-9b7d-44b23867d4e1,403,1,0,170,,,broken,,2026-06-22T18:16:44+00:00
d5ee88ba-23e1-4025-9d80-440827d2b531,0,0,0,63,,,broken,connection failed,2026-06-22T18:16:44+00:00
7b23ebc0-3637-4fcf-8170-88fdd525f076,200,0,1,635,,,weak,,2026-06-22T18:16:44+00:00
46f73c20-a036-4cae-9afe-a57ad248fabd,200,0,0,213,,Redirecting...,weak,,2026-06-22T18:16:44+00:00
4a786f13-9e00-4e58-8dc6-99f76bd40c85,200,1,1,2202,WordPress,HOME SPA NAILS SALON,good,,2026-06-22T18:16:44+00:00
d0d0c794-3b2e-490e-90ee-0925c420ba72,200,1,1,839,,California Board of Barbering and Cosmetology,good,,2026-06-22T18:16:44+00:00
555f30be-4033-4bc5-8788-3087a34a01bb,200,1,1,324,,Nice Nails & Spa - Tulip Nails - Best Nail Salon in Vacaville,good,,2026-06-22T18:16:44+00:00
56f09ff8-28f0-4f27-8507-3cfa5cd9bade,0,0,0,15220,,,broken,connection failed,2026-06-22T18:16:45+00:00
6f333b45-8c90-4fd4-a3d2-0c396af16ca7,200,1,1,804,,,good,,2026-06-22T18:16:45+00:00
b28f9feb-65a8-4425-86f6-f54961671b9f,200,1,1,548,WordPress,Ombre Nails,good,,2026-06-22T18:16:45+00:00
a99fb600-f347-4794-bb1d-1016b0d96790,403,1,0,64,,,broken,,2026-06-22T18:16:45+00:00
bec624a0-642f-40e0-93b0-c9034d6d3062,403,1,1,86,,Just a moment...,broken,,2026-06-22T18:16:45+00:00
d162dc56-cc64-4941-bffd-1d8d59276f38,200,1,1,16268,WordPress,Home - The Perfect Wig,weak,,2026-06-22T18:16:45+00:00
f9e2438a-e5ea-484e-be1f-cfc84fbcaea5,200,1,1,1097,,Groupon® Official Site - Find Local Deals Near You,good,,2026-06-22T18:16:45+00:00
018801ba-38ae-4495-9c6c-6e67329e712f,403,1,1,130,,Just a moment...,broken,,2026-06-22T18:16:45+00:00
972f96d6-6051-484b-88a2-b735a202c2e2,200,1,1,157,Webflow,"Special Nails, Manicurists, Pedicurist, 5089 Business Center Dr",good,,2026-06-22T18:16:45+00:00
a4ff2176-2d70-4cb8-91d4-f3ca7ee0181b,404,0,0,243,,Not Found,broken,,2026-06-22T18:16:45+00:00
feb15d48-544d-4c13-bae0-dbe6369a2c5c,503,0,1,290,,Newzen Website Builder,broken,,2026-06-22T18:16:45+00:00
240ce693-b528-45f8-a803-bb0d0783f570,200,1,1,502,WordPress,Welcome - thepedicuresanctuary.com,good,,2026-06-22T18:16:46+00:00
70f3fa16-1af8-4f7f-9ce9-74c2bfd6cf56,200,1,1,547,Squarespace,Menufy: The Easiest Way To Grow Your Restaurant Online,good,,2026-06-22T18:16:46+00:00
2a58e4b0-9a45-47b1-8bbd-91e6b0ee77b0,200,1,1,845,,California Board of Barbering and Cosmetology,good,,2026-06-22T18:16:46+00:00
2b060e31-3ba4-4368-a85c-301c35b1260a,200,1,1,487,GoDaddy,Dr. Richard Joyce &#8211; Optometrist,good,,2026-06-22T18:16:46+00:00
1c1d71e2-61c2-4d6b-b2dc-e9abc3698dab,410,1,1,1736,,"Odyssey Nails, 1440 Ary Lane, Dixon, CA - Groupon",broken,,2026-06-22T18:16:46+00:00
20f32ece-2052-4f2b-81e7-70c9540455ba,200,1,1,337,,"Fratto Optometry, provider of Eyexam of CA | Trusted Eye Doctors in Fairfield, CA",good,,2026-06-22T18:16:46+00:00
8d2b414a-69f2-4bb7-b22c-d48cc8f746f0,429,0,1,211,,Just a moment...,broken,,2026-06-22T18:16:46+00:00
d402eef6-2878-44af-932c-9c5f79c5fda5,404,1,1,699,,Page Not Found,broken,,2026-06-22T18:16:46+00:00
71651d29-8fa3-49bb-9a0e-393173813ad0,200,1,1,216,WordPress,Children’s Choice Pediatric Dentistry | Choice Healthcare Network,good,,2026-06-22T18:16:46+00:00
ac54609a-c65d-4ee0-8303-4a26524974b5,500,0,1,479,WordPress,"Mark R Christensen, OD",broken,,2026-06-22T18:16:46+00:00
45e09d22-1ef1-49d4-97bd-1d6abeec7222,200,1,1,467,,"Vallejo Optometry Group | Comprehensive Eye Care · Vallejo, CA",good,,2026-06-22T18:16:47+00:00
beb57a69-b311-425c-8e79-d94da72d4853,200,1,1,385,,Terminix Exterminators: Termite and Pest Control in Suisun City,good,,2026-06-22T18:16:47+00:00
cef0c1f9-5f36-4d94-b857-0301e0ab3ee1,200,1,1,521,,,good,,2026-06-22T18:16:47+00:00
15394ef3-e98d-4840-8b19-d765a4ddc4f4,200,0,0,250,,,weak,,2026-06-22T18:16:47+00:00
1222b78c-959c-40bd-b50e-80bf7d53a5c8,200,1,0,412,,Loading...,weak,,2026-06-22T18:16:47+00:00
587f3619-1a8a-42db-a957-68a5c314b3d9,0,0,0,15078,,,broken,connection failed,2026-06-22T18:16:47+00:00
3be11de3-9729-4a0b-b0f2-1c3ed6206015,0,0,0,18,,,broken,connection failed,2026-06-22T18:16:47+00:00
8c66b5be-41b8-4239-a381-08400b907888,0,0,0,116,,,broken,connection failed,2026-06-22T18:16:47+00:00
b9c4faca-7cfe-419a-a9c7-a9386afe0cb9,0,0,0,116,,,broken,connection failed,2026-06-22T18:16:47+00:00
adcaf12b-71ac-45cc-90d5-ba61a4cb8e9b,200,1,1,203,WordPress,Kaiser Permanente Hearing Centers of Northern California,good,,2026-06-22T18:16:47+00:00
f5790325-ff47-4782-8a50-f4a961295954,200,1,1,435,,Home - Jameson Humane - Napa Valley,good,,2026-06-22T18:16:47+00:00
d7a42a8a-501e-479c-be3b-c633bab45895,200,0,0,340,,,weak,,2026-06-22T18:16:47+00:00
e78fa3a9-282a-44b1-bdfd-92f2f0bdec96,200,1,1,447,,PRN | Physical Rehabilitation Network,good,,2026-06-22T18:16:47+00:00
7d8375fa-b346-4a1b-82bd-a04df736aa71,200,1,1,418,,Pacific Rehabilitation | Physical Therapy in California,good,,2026-06-22T18:16:48+00:00
77d0c74c-73f4-4735-84b8-47ff51b43fa8,0,0,0,382,,,broken,"ssl: HTTPSConnectionPool(host='www.cpk.com', port=443): Max retries exceeded with url: / (Caused by SSLEr",2026-06-22T18:16:48+00:00
8cb89473-2310-4a46-b496-261e820ef1bf,200,1,1,455,Wix,Quality Pizza | Cenario's Pizza,good,,2026-06-22T18:16:48+00:00
58f643b6-c084-43a1-b1f9-6a75998197f1,0,0,0,15187,,,broken,connection failed,2026-06-22T18:16:48+00:00
2fa6016f-a78e-458a-9b18-43423103eb03,200,1,1,696,,,good,,2026-06-22T18:16:48+00:00
0be908dd-2006-48d3-95cb-e57e4de5bf50,200,1,1,1782,,Home - Scissor Me Pretty Dog Grooming and Boutique,good,,2026-06-22T18:16:48+00:00
a00060c0-992e-4ded-ab79-7192ee15e2e8,200,1,1,461,GoDaddy,RedBrick® Pizza | Brick-Oven Pizza &#8211; Fire-Roasted Fresh,good,,2026-06-22T18:16:48+00:00
f7d0eff3-088c-4ba4-88cc-d370f302d8c9,200,1,0,572,,,weak,,2026-06-22T18:16:48+00:00
c96304fd-effb-4920-a3ab-acbd77ac65e5,0,0,0,110,,,broken,connection failed,2026-06-22T18:16:48+00:00
564f9b56-e187-49e8-88bc-5284ee54eec8,200,1,1,203,,Plumbing Services | JB Plumbing Services,good,,2026-06-22T18:16:48+00:00
b0b71256-1a69-4e21-8116-211260cf5ecb,200,1,1,451,,CSLB-Home -CSLB,good,,2026-06-22T18:16:48+00:00
c9fa5d5e-9827-44ab-9e01-da11f8bc1890,0,0,0,15151,,,broken,connection failed,2026-06-22T18:16:48+00:00
33effdf2-20d0-4a4a-afbc-70e455f363a5,0,0,0,111,,,broken,connection failed,2026-06-22T18:16:49+00:00
7312970b-9e13-4a08-a138-9c7cda72eeb7,200,1,1,261,GoDaddy,Edixon.com is for sale | HugeDomains,good,,2026-06-22T18:16:49+00:00
4dc40d8a-43c4-4ce8-beed-ffb9ba8bbe8e,200,1,1,612,WordPress,"Trusted Expert Plumbers in Vallejo, CA - Royal Vallejo Plumbers",good,,2026-06-22T18:16:49+00:00
d0b73f39-f021-47be-8ec7-74239cb2be63,200,1,1,381,WordPress,My Little Orchard &#8211; A Place Where I Can Grow,good,,2026-06-22T18:16:49+00:00
9e0e53b0-35aa-4e83-9869-91dca3358147,200,1,1,272,,"Daycare, Preschool &amp; Early Learning Childcare | Tutor Time",good,,2026-06-22T18:16:49+00:00
5661e012-53a4-4f23-9838-d60ce1c4883b,200,1,1,178,,CitySearch - Your local city guide,good,,2026-06-22T18:16:49+00:00
83430847-b196-457d-b3d2-c1a11fa7ec09,0,0,0,111,,,broken,connection failed,2026-06-22T18:16:49+00:00
619f3aa6-1ab4-4c68-a590-45ded027ab91,200,1,1,269,Webflow,"Realty ONE Group | A Modern, Lifestyle Real Estate Brand",good,,2026-06-22T18:16:49+00:00
5f932246-f189-49e7-998a-3477a7ecfb11,200,1,1,910,,"Head Start Programs, Early Head Start Programs and Information",good,,2026-06-22T18:16:49+00:00
6ece9ca6-af30-463c-abf7-d69e786eb19d,202,1,0,208,,,weak,,2026-06-22T18:16:49+00:00
e762eeb2-59b3-45df-a077-e0cc6c27d33f,200,1,1,2958,WordPress,"Rumoro Jazz Academy - Guitar Lessons in Chicago | Learn jazz voicings, soloing, harmony, and improvisation in downtown Chicago",good,,2026-06-22T18:16:50+00:00
c6cc4923-411c-4765-8776-e32b479b4c50,403,1,1,104,,Just a moment...,broken,,2026-06-22T18:16:50+00:00
dd8bbfc3-49ac-466a-b338-619b0dc30e2e,200,1,1,491,,Expert Realtor in California,good,,2026-06-22T18:16:50+00:00
9f97b88e-d403-4ea8-a7c2-8d1f628ec2a1,0,0,0,10018,,,broken,connection failed,2026-06-22T18:16:50+00:00
ada445ad-f5b1-4cdd-8796-7c7395acf785,200,1,0,1871,WordPress,Browns Valley Preschool,weak,,2026-06-22T18:16:50+00:00
c88612e8-7d75-4c30-82ef-8df4b0fff68b,200,1,1,1015,WordPress,Home - Chanell Tyhurst,good,,2026-06-22T18:16:50+00:00
0c8384d4-31a9-4620-90ed-0ff1e4cf7cff,0,0,0,15,,,broken,connection failed,2026-06-22T18:16:50+00:00
0f3be917-efd4-482c-8ec6-c05b1d5f082b,200,1,1,2730,WordPress,Home - Luigi&#039;s Pizzeria,good,,2026-06-22T18:16:50+00:00
580134d2-78dc-42ea-98a6-acfdcae8356d,200,1,1,1034,WordPress,Christine Beck,good,,2026-06-22T18:16:50+00:00
74ff7c6d-0ddc-4bf2-9350-a70ac2b54971,200,1,1,922,,"Benicia Property Management, Benicia Homes for Rent and Sale, Benicia Real Estate",good,,2026-06-22T18:16:50+00:00
aa759814-738c-4f7a-8f6b-3a43369b6a27,403,1,1,120,,Just a moment...,broken,,2026-06-22T18:16:50+00:00
1cee7f34-eb12-4c3b-bd8e-b9b7dceaec08,403,1,1,166,,Access to this page has been denied,broken,,2026-06-22T18:16:51+00:00
77309e5a-6351-4943-8696-7444bbcc810f,200,1,1,478,,Homebot – Helping Homeowners Maximize their Wealth,good,,2026-06-22T18:16:51+00:00
c439c2cf-ff31-4606-b420-eeec30c6061e,0,0,0,10016,,,broken,connection failed,2026-06-22T18:16:51+00:00
161af47a-f6f4-4fc8-b89b-71f1f5cf7494,403,1,0,352,,ERROR: The request could not be satisfied,broken,,2026-06-22T18:16:51+00:00
d0597cb9-ecba-47b9-866b-74eda5a231a5,200,1,1,399,WordPress,Jennifer Moore Realtor Team,good,,2026-06-22T18:16:51+00:00
bf5bbce4-11a8-4c33-9637-012edc2fcbff,202,1,0,275,,,weak,,2026-06-22T18:16:51+00:00
ab2cf55d-1a3a-4a98-8a1f-e66c4035df24,202,1,0,394,,,weak,,2026-06-22T18:16:51+00:00
7447c15c-b615-4505-8402-1083602f4093,200,1,1,260,,Chiliâs Restaurant &amp; Online Ordering | Chiliâs Grill and Bar,good,,2026-06-22T18:16:51+00:00
3cc6b16b-de66-40bb-967d-4acd8efd522e,200,1,1,255,WordPress,MrBeast Burger,good,,2026-06-22T18:16:51+00:00
d5146c9d-d55d-4047-a0b5-18727a55a72f,200,1,1,273,GoDaddy,,good,,2026-06-22T18:16:51+00:00
3aaaf53d-3465-44b9-81ca-e6ba5a107467,200,1,1,471,WordPress,Napa’s Premier Steakhouse | Ember Steak,good,,2026-06-22T18:16:51+00:00
5a10d376-45ef-47d2-a0e5-d7f013af57e1,0,0,0,152,,,broken,connection failed,2026-06-22T18:16:51+00:00
8b53c28a-4439-4d84-adc6-391870f319fc,200,0,0,121,,Redirecting...,weak,,2026-06-22T18:16:51+00:00
187fe455-de4a-4b14-a092-86a5f2c2d465,200,1,1,624,,Charlotte Flower Delivery | Same-Day Flowers | Flowers of Charlotte,good,,2026-06-22T18:16:51+00:00
3fdb8159-0a9d-48ae-903f-2638bf98a1d8,200,1,1,452,Wix,Home | Crestwood Behavioral Health,good,,2026-06-22T18:16:51+00:00
d313d8e4-96eb-4f12-ad71-cbec7d1001bb,200,1,1,601,WordPress,"Senior Living in Vallejo &amp; American Canyon, CA | North Bay",good,,2026-06-22T18:16:52+00:00
cc281f18-ccc7-4b3f-b8cf-dcd84c65cdbb,200,1,1,1196,WordPress,Home - Robin Stucker,good,,2026-06-22T18:16:52+00:00
4469ae33-b982-4a7c-8996-091846c46f97,200,1,1,671,WordPress,"Senior Living Community in Vacaville, CA",good,,2026-06-22T18:16:52+00:00
335b242a-306f-4d40-9b8f-ae368c46c68f,0,0,0,196,,,broken,"ssl: HTTPSConnectionPool(host='www.legacyatsonoma.com', port=443): Max retries exceeded with url: / (Caus",2026-06-22T18:16:52+00:00
f41f5755-3927-4489-8782-167ca3d29996,200,1,1,449,Wix,Home | Greenhills Care Home,good,,2026-06-22T18:16:52+00:00
23ac259c-2d83-4e76-b61c-bd8ce6ff13b9,200,1,1,351,Squarespace,Nazareth Enterprises,good,,2026-06-22T18:16:52+00:00
d5dcf72f-d38f-4170-9ea8-5d75973f11ba,200,1,1,4668,WordPress,Pizza Vallejo Order Best Pizza Delivery Near Me Vallejo,weak,,2026-06-22T18:16:52+00:00
87b899d3-20f0-401f-aa76-84ff9de0a517,200,1,1,272,,Worldwide Restaurant Directory | DiningGuide,good,,2026-06-22T18:16:52+00:00
6e24a604-8a18-45fd-b440-4a3a01cc7105,200,1,1,620,WordPress,Ivy Park at Rockville | Assisted Living in Solano County,good,,2026-06-22T18:16:52+00:00
5bcece84-9610-4552-a34b-ffbaaf227ee5,200,1,1,741,,#1 Flower Delivery | Free Delivery,good,,2026-06-22T18:16:52+00:00
2981fb5a-ef70-4e64-908a-7567b361fdfd,0,0,0,116,,,broken,"ssl: HTTPSConnectionPool(host='fishermens-catch.com', port=443): Max retries exceeded with url: /market-%",2026-06-22T18:16:52+00:00
5db229d2-c6b8-43e0-94b8-5c3d3093635a,200,1,1,196,,Online Ordering | Clover,good,,2026-06-22T18:16:52+00:00
2a0704d2-dc1c-4537-8299-7ae400a86996,404,1,1,305,,Sharky&#x27;s Chicken and Fish - Vallejo,broken,,2026-06-22T18:16:53+00:00
20e8bfaf-3dcc-4c1c-9d06-7f1bdcb00996,200,1,1,279,Squarespace,Blue Aura Beauty,good,,2026-06-22T18:16:53+00:00
de4343d6-ab87-40be-98f8-cc4d657ea97f,200,1,1,882,Joomla,"The Inn on Villa Lane | A Memory Care Center | Napa, CA",good,,2026-06-22T18:16:53+00:00
226f2bbb-dea5-468d-b20e-15f11683d805,404,1,1,1250,WordPress,Page Not Found - The John Stewart Company,broken,,2026-06-22T18:16:53+00:00
b20a3192-ce42-48e1-a59f-1348717e01ec,200,0,1,1434,,,weak,,2026-06-22T18:16:53+00:00
fd408bf7-d8ec-4128-8182-37f8a8138763,200,1,1,376,GoDaddy,savorlyholistic.com,good,,2026-06-22T18:16:53+00:00
83e43830-1e5d-4765-91b5-c20961bdf104,200,1,1,185,,Rodney Worth | Californian Restaurant in CA,good,,2026-06-22T18:16:53+00:00
02e0c31b-ee04-4949-9ad0-cc4673f60819,200,1,1,10970,GoDaddy,Imola Nail Spa,weak,,2026-06-22T18:16:53+00:00
31c7801d-802c-432d-b461-84f8a38e81e0,200,0,0,199,,,weak,,2026-06-22T18:16:53+00:00
a994896a-8d4e-4470-8a80-262acdbc4a45,0,0,0,40,,,broken,connection failed,2026-06-22T18:16:53+00:00
d1c23964-d58d-4290-972a-99cf8e42137e,200,0,0,288,,,weak,,2026-06-22T18:16:53+00:00
3bca7d3c-fcf3-419a-a9f7-3003768354a4,403,1,0,202,,,broken,,2026-06-22T18:16:53+00:00
64fe9d89-c49c-4379-9142-17892127ab47,200,1,1,1024,,"Tugboat Fish &amp; Chips, 1989 Peabody Road, Vacaville, CA - Groupon",good,,2026-06-22T18:16:53+00:00
6e554d44-1633-468a-a24b-ca63fad67d2f,403,1,1,164,,Just a moment...,broken,,2026-06-22T18:16:53+00:00
95af8781-8858-424d-b374-6de495979637,0,0,0,156,,,broken,connection failed,2026-06-22T18:16:53+00:00
7acb989b-0ed6-4344-b99a-8eb3b8f0b574,200,1,1,785,,Surf City Squeeze - The Best Smoothies in,good,,2026-06-22T18:16:54+00:00
95ef6653-b624-45d1-a2de-75e111841869,200,1,1,820,Shopify,"Healthy Café in Vacaville, CA | Juice, Coffee &amp; Smoothies | Virtue",good,,2026-06-22T18:16:54+00:00
624a2456-84d1-4bf3-a255-8acfd7d11282,200,1,1,270,Weebly,Hibachi & Sushi | Koi Express Vacaville,good,,2026-06-22T18:16:54+00:00
89138e69-ebc6-4cd7-b0b3-3185c36b93ae,200,1,1,385,Wix,Home | Matsuri sushi,good,,2026-06-22T18:16:54+00:00
1cf36e1c-04f2-4978-984d-811fffa885dd,200,1,1,532,GoDaddy,Kaigan Sushi Benicia,good,,2026-06-22T18:16:54+00:00
32596dcb-3423-4026-9dc2-7e314c822bca,200,1,0,391,,,weak,,2026-06-22T18:16:54+00:00
7e4c3f17-63dd-47f5-a907-12d5db318f21,200,1,1,607,,Order Authentic Thai Online | Bangkok Garden Thai Cuisine &amp; Sushi Bar - Pickup or Delivery Available,good,,2026-06-22T18:16:54+00:00
5141f769-9cb8-44c9-b713-3b698825ce1b,0,0,0,113,,,broken,connection failed,2026-06-22T18:16:54+00:00
4953fd19-695b-49eb-a427-4aa09149c427,200,1,1,470,,The Frying Pan - Dixon :: Sushi & Asian Fusion,good,,2026-06-22T18:16:54+00:00
90030af5-8b6f-4dc3-9f66-28e2a3f0f994,0,0,0,32,,,broken,connection failed,2026-06-22T18:16:54+00:00
20c45c52-f74e-497d-ad07-eac394c7f015,200,1,0,208,,,weak,,2026-06-22T18:16:54+00:00
1f588597-c968-47b4-8194-a0c237b42d10,200,1,1,9340,GoDaddy,Organic Nail Bar &amp; Spa,weak,,2026-06-22T18:16:54+00:00
7b30f276-8963-42ca-8f47-95531165128d,0,0,0,115,,,broken,connection failed,2026-06-22T18:16:54+00:00
997b7759-e6f5-4cb6-9077-21358b7f9998,0,0,0,361,,,broken,"ssl: HTTPSConnectionPool(host='tattooshopreviews.com', port=443): Max retries exceeded with url: /listing",2026-06-22T18:16:54+00:00
9d629f9b-ce04-4393-8c5e-92d476c176db,0,0,0,179,,,broken,connection failed,2026-06-22T18:16:54+00:00
8984ed38-e26a-4259-94fd-8c763c8003d2,0,0,0,51,,,broken,connection failed,2026-06-22T18:16:54+00:00
dc5775ef-38e0-4455-b4e1-7a10379caba3,200,1,1,354,Wix,"Bangkok Island Thai Fusion | Thai Restaurant in Vallejo, CA",good,,2026-06-22T18:16:54+00:00
c1ea93a3-5c0c-4d40-9575-de21a7e45fca,200,1,1,863,WordPress,Home - Carnitas Michoacan - Mexican Restaurant Los Angeles,good,,2026-06-22T18:16:55+00:00
043a8610-9d11-4c53-8100-a92317f61a1a,200,1,1,192,Webflow,"La Raza Tire Sales, Tire Wholesale, Retail, 205 Benicia Rd",good,,2026-06-22T18:16:55+00:00
7fad4cfc-2088-4460-baa4-b67834b34af0,0,0,0,229,,,broken,connection failed,2026-06-22T18:16:55+00:00
186ffd5e-cb35-42e9-83c4-19d1aaf38373,403,1,1,171,,Just a moment...,broken,,2026-06-22T18:16:55+00:00
61acd175-73b2-4907-89b7-ca41f21a973b,404,1,1,964,WordPress,404 Not Found | Travis AFB,broken,,2026-06-22T18:16:55+00:00
d3c4118b-43dc-49e8-a6a9-dcea942c0c6f,0,0,0,3311,,,broken,connection failed,2026-06-22T18:16:56+00:00
7fe5f5c3-0280-41a5-95c9-1e059b0b0be5,200,1,0,722,,Loading...,weak,,2026-06-22T18:16:56+00:00
2e58d8b5-246d-41bd-924b-6319f6b6cef3,200,1,1,1911,Wix,"Natural Tans | Tanning, Spray Tanning &amp; Spa | Best Tanning Salon In Vacaville",good,,2026-06-22T18:16:56+00:00
257623e5-8921-4364-b42a-4da44f0ddb09,200,1,1,571,Wix,Mill Station Veterinary Service,good,,2026-06-22T18:16:56+00:00
6411917a-5246-4c18-9980-ee08add776c0,200,1,1,3415,,Orange Julius,good,,2026-06-22T18:16:56+00:00
457f232b-896a-409f-82a9-bf7bde010b87,200,1,0,109,,Redirecting...,weak,,2026-06-22T18:16:56+00:00
3b66a7a7-40a8-4946-8f75-d24c065d0e03,200,1,1,2254,,Taquitos La Bombonera,good,,2026-06-22T18:16:56+00:00
c8f80880-d6e7-4f9a-a984-e0d4d15b0438,403,1,1,55,,Just a moment...,broken,,2026-06-22T18:16:56+00:00
ce910258-7ddc-438e-b459-151d4f0b6504,0,0,0,38,,,broken,connection failed,2026-06-22T18:16:56+00:00
0bdeaebc-1e05-434a-ac01-ce6bfd6b9e2a,200,1,1,1003,WordPress,Promoting Companion Animal Welfare | Napa Humane,good,,2026-06-22T18:16:57+00:00
06ddb67d-8234-49d7-8a9c-dff44ebc13bb,200,1,1,996,,"Welcome to Oak Animal Hospital, Your Trusted Veterinarians | Oak Animal Hospital",good,,2026-06-22T18:16:57+00:00
5202841a-c15a-448f-8ccb-ecd2899a1cb5,200,1,0,711,,Pho Huong Viet Restaurant,weak,,2026-06-22T18:16:57+00:00
ad15223f-ab11-401c-b834-d2bf340610af,200,1,1,213,Shopify,DECANT Bottle Shop | Your Favorite Wine Shop and Wine Bar &ndash; DECANTsf,good,,2026-06-22T18:16:57+00:00
7251e123-9b6d-40ae-aa45-13e62b08264b,200,1,1,828,Squarespace,Schedule Appointment with Glorious Wax Pot,good,,2026-06-22T18:16:57+00:00
364a3424-ea4e-4816-952e-dfd87f861166,200,0,0,134,,,weak,,2026-06-22T18:16:57+00:00
1bfe05ea-aaf3-47e2-a61a-93d5f882ac8c,307,0,0,184,,You are being redirected...,weak,,2026-06-22T18:16:57+00:00
97903658-36aa-44d1-8973-ffd5b2abbd0d,200,1,1,680,,Amuse Bouche Wines - Limited Production Napa Valley Wines,good,,2026-06-22T18:16:57+00:00
3e3cde37-b07c-4e3b-8fc6-e9f19449381b,200,1,1,519,WordPress,Home - Vin En Noir,good,,2026-06-22T18:16:58+00:00
3b9385ba-856a-4537-85c3-407c6cf4e234,200,0,0,148,,,weak,,2026-06-22T18:16:58+00:00
086cc8da-a3f3-4b86-bb9d-458a0c268a0a,200,1,1,1658,,,good,,2026-06-22T18:16:58+00:00
0f4e335f-513c-471a-8c25-07ec0f88ea92,200,1,1,258,Shopify,Beringer Vineyards,good,,2026-06-22T18:16:58+00:00
93b80089-a093-4405-ad39-34d2b5b98ed5,403,0,0,1551,,403 Forbidden,broken,,2026-06-22T18:16:58+00:00
c88548df-bd84-4d49-8cf2-d514548cad4d,202,1,0,372,,,weak,,2026-06-22T18:16:58+00:00
4249a851-38cf-42ef-b01a-f1c8c7ca77da,202,0,0,93,,,weak,,2026-06-22T18:16:58+00:00
e0d11df9-e141-4b6f-bb42-8fd1ca86b456,200,1,1,849,WordPress,Alta Winery &#8211; Family Owned Napa Valley Winery,good,,2026-06-22T18:16:58+00:00
b52fe1d6-e39f-419b-a7bf-57e9ee365204,200,1,1,461,WordPress,Homepage - Gentleman Farmer Wines,good,,2026-06-22T18:16:59+00:00
509a4d14-44b8-45a1-adc1-54aab0b58e4f,200,1,1,189,WordPress,Girard Winery | Premium Wine Tasting in Napa Valley,good,,2026-06-22T18:16:59+00:00
f2e71f69-b11b-4492-918b-b8f65b1bf612,404,1,1,810,Shopify,404 Not Found,broken,,2026-06-22T18:16:59+00:00
06126a3f-63ff-43cd-875e-139ac5f5c7a2,200,1,1,1696,WordPress,Home - Ackerman Family Vineyards,good,,2026-06-22T18:16:59+00:00
c7087b6f-5b9f-4af9-b394-f3935d51e9ec,200,1,1,35,,Shop Napa Valley Wine | Tours and Tastings | Napa Valley | HALL Wines,good,,2026-06-22T18:16:59+00:00
908b996d-e6a8-4535-a9ec-821e6332ca0e,200,0,0,223,,,weak,,2026-06-22T18:16:59+00:00
a92ac154-e892-46c6-81d7-9884ac9adbe7,202,0,0,212,,,weak,,2026-06-22T18:16:59+00:00
20d0e8b1-5139-4f34-bb92-2fd827790a95,200,1,1,329,,HALL Rutherford Reservations | Napa Valley | HALL Wines,good,,2026-06-22T18:16:59+00:00
5ec16dc2-9aaa-4972-86b2-3e6a45e61baa,200,1,1,1641,WordPress,Homepage - Blue Oak Vineyard,good,,2026-06-22T18:17:00+00:00
37ca789c-bd2a-4bba-a857-9b8125d781e3,200,1,1,390,WordPress,Husic Vineyards - Realizing the Dream of Beautiful Wines,good,,2026-06-22T18:17:00+00:00
9925947a-9064-41de-9452-31e3d81fd2da,200,1,1,427,,Index of /,good,,2026-06-22T18:17:00+00:00
4bd1544a-33ec-4d7d-8daa-2a8d9c390525,200,1,1,8995,GoDaddy,brightpathcarehome.com,weak,,2026-06-22T18:17:00+00:00
6785d23f-e315-4654-b02d-310cafcb7bc9,200,1,1,788,Wix,Honrama Cellars | Sonoma &amp; Napa Valley,good,,2026-06-22T18:17:00+00:00
40533ebe-f805-4edd-b06e-fcfc3332cf0e,202,1,0,305,,,weak,,2026-06-22T18:17:00+00:00
a5c960c7-2452-43c0-b136-92d53e1a12e7,200,1,1,603,GoDaddy,"Jean Edwards Cellars - Napa Valley, Cabernet Sauvignon, We Are Located at the Tasting Barn Near Silverado Resort",good,,2026-06-22T18:17:00+00:00
0096a43d-4c27-463a-9366-c84c257cff36,200,1,1,203,WordPress,Kuleto Estate - wines that echo the spirit of Burgundy and Tuscany,good,,2026-06-22T18:17:00+00:00
059e697e-7652-4dfa-ac1d-d827d8479006,200,1,1,618,WordPress,"Joel Gott Wines: Food Friendly Wines from California, Oregon and Washington",good,,2026-06-22T18:17:00+00:00
fa82c774-00d7-4c0a-91ff-2389e61ba8f2,200,1,1,11467,GoDaddy,"Yellow Brick Road-Preschool &amp; Child Care Center -Anaheim, CA",weak,,2026-06-22T18:17:00+00:00
e9517344-5b11-4aee-b487-e3e8dda81f31,200,1,1,154,WordPress,Home - Mayacamas Vineyards,good,,2026-06-22T18:17:00+00:00
fd82ea7f-6183-4ca7-a91e-1efb1b07beb8,200,1,1,613,,Kubani Wines | Top Rated Premier Wine,good,,2026-06-22T18:17:01+00:00
cde58792-330b-44e6-8cb1-4b000b775a7f,200,1,1,235,Squarespace,Mount George Winery,good,,2026-06-22T18:17:01+00:00
2a49c678-1373-4a86-8921-716f8ad8c381,200,0,0,263,,,weak,,2026-06-22T18:17:01+00:00
5bb1adcf-f8cc-486f-bf00-0e45765817ab,200,1,0,476,,Oakville Cross Wines :: Fine Cabernet Sauvignon,weak,,2026-06-22T18:17:01+00:00
efc9cc43-3ef8-47eb-acea-cac23e162bb8,200,0,0,744,,【开云电子登陆】中国有限公司,weak,,2026-06-22T18:17:01+00:00
b70164d4-3797-400d-b0db-c17ebfba7cfd,0,0,0,62,,,broken,connection failed,2026-06-22T18:17:01+00:00
f56be72b-ee54-4be5-a551-baf426470760,0,0,0,113,,,broken,connection failed,2026-06-22T18:17:01+00:00
2d2202bc-e07e-44a0-8de9-77e2838cc921,200,1,1,777,Shopify,Padis Vineyards,good,,2026-06-22T18:17:01+00:00
6bdd7695-d29a-4b53-94df-c2df0a5c9d1f,0,0,0,125,,,broken,connection failed,2026-06-22T18:17:01+00:00
f41cda37-fc12-49e4-9ad1-590138454930,200,1,1,689,,Brown Estate - Napa Valley,good,,2026-06-22T18:17:02+00:00
39328d29-3370-4f19-9ba5-4a7e108adea7,200,1,1,389,GoDaddy,Second Line Wines | Napa Wines with a New Orleans Spirit. Laissez le bon temps rouler!,good,,2026-06-22T18:17:02+00:00
e3be8a4c-d8f9-4429-9af9-d128673076f9,0,0,0,50,,,broken,connection failed,2026-06-22T18:17:02+00:00
7dc4c74e-2df4-44f2-a5d0-0d99ebe0b84b,200,1,1,1757,,Kenzo Estate Winery Napa Valley Fine Wine Home Page,good,,2026-06-22T18:17:02+00:00
c02cf606-5182-4319-a211-2755f707e3ba,200,1,1,71,WordPress,Volker Eisele Family Estate &#8211; Napa Valley,good,,2026-06-22T18:17:02+00:00
f5276381-a417-49cf-b786-b932c1c5b49f,200,1,1,146,WordPress,Creekside Bar and Grill,good,,2026-06-22T18:17:02+00:00
19c6af64-d969-4cd5-b8be-d20b95567d4a,200,1,1,279,WordPress,Trefethen Family Vineyard – Napa Valley Winery,good,,2026-06-22T18:17:02+00:00
c72bbd77-b596-4dd7-9bef-3cfb0c33f55d,202,1,0,307,,,weak,,2026-06-22T18:17:02+00:00
7bc98914-04b8-4700-a4b0-f15f43244a36,200,1,1,3934,WordPress,Home - Favia Wines,good,,2026-06-22T18:17:02+00:00
d034179c-d40f-4360-a4a8-fe1cb49f0946,0,0,0,217,,,broken,connection failed,2026-06-22T18:17:02+00:00
a3f35789-f9e4-4c6c-aee2-4fa3861fb53c,200,1,1,321,Squarespace,Coming Soon,good,,2026-06-22T18:17:02+00:00
e3fecc49-0ab5-4916-a308-43cb4efaa860,200,1,1,1811,WordPress,The Winemaking Alchemy of Pulido~Walker,good,,2026-06-22T18:17:03+00:00
318c62ef-7431-4fba-acb7-c50bf586941f,200,1,1,8826,GoDaddy,"A1 TIRE AND WHEEL - Tire Shop, Tire Shop, Tires, Wheels",weak,,2026-06-22T18:17:03+00:00
fde0a514-b278-45e9-adde-e4d92df4edf6,500,1,1,2795,WordPress,WordPress &rsaquo; Error,broken,,2026-06-22T18:17:03+00:00
854534f5-ad85-4f5b-b2ec-12854b0da81b,0,0,0,45,,,broken,connection failed,2026-06-22T18:17:03+00:00
3f453390-4ff6-48d4-a8a9-e421de92b584,200,1,1,189,Webflow,"Cesar&amp;#39;s Taller Iviecanico, Racing Equipment, 301 State St Ste B",good,,2026-06-22T18:17:03+00:00
994dd87d-3cc3-4bb0-ae69-2132fe3c6e81,0,0,0,153,,,broken,connection failed,2026-06-22T18:17:03+00:00
d4a7ecfa-e649-434f-89fc-e1828a5974f1,200,1,1,1217,,One Snap Apply Lease,good,,2026-06-22T18:17:04+00:00
a6b362ad-2224-4398-9f01-a8528462f8ce,200,1,1,443,,NAPA Auto Parts - Buy Car &amp; Truck Parts Online | Auto Supply Stores Near Me,good,,2026-06-22T18:17:04+00:00
75252d7b-5369-47f2-8bed-a30fb63e4f90,200,1,1,138,Webflow,"Budget Tune Lube &amp;amp; Smog - Soscol@silverado, Automobile Smog Brake,",good,,2026-06-22T18:17:04+00:00
27bd9556-15da-48ea-b33c-025bb7bbe103,200,1,1,1778,WordPress,"Cheveto Window Tint Napa &#8211; Welcome to Cheveto Window Tint, your go-to shop for window tint services in Napa, CA. Our team specializes in providing high-quality window tinting services",good,,2026-06-22T18:17:04+00:00
b0425f3e-f2f0-4d83-ab60-7952c56178f2,0,0,0,118,,,broken,connection failed,2026-06-22T18:17:04+00:00
8792e279-adf0-449c-a4d5-96b6174e346d,200,1,1,1325,WordPress,"Home | Fairfield, Vacaville and Sacramento",good,,2026-06-22T18:17:05+00:00
ac7974f9-8df1-4314-bd90-4fbc75de861a,200,1,1,554,,âKi Ho'alu Inn - Album by Paul Togioka - Apple Music,good,,2026-06-22T18:17:05+00:00
be084466-f225-4186-89c5-04b045102565,403,1,1,180,,Just a moment...,broken,,2026-06-22T18:17:05+00:00
372d58ed-bc29-4b52-a361-b0ecb680b0c0,0,0,0,57,,,broken,connection failed,2026-06-22T18:17:05+00:00
70376d3a-fbc0-47f6-b596-7d7c566274ad,0,0,0,110,,,broken,connection failed,2026-06-22T18:17:05+00:00
274c7471-db42-406e-9152-a30bab0af568,200,1,1,1204,,Roofing Supply Company in Northern California | California Shingle & Shake,good,,2026-06-22T18:17:05+00:00
9988a349-c3c6-4b12-bc14-b1734c6b2c68,403,1,1,99,,Just a moment...,broken,,2026-06-22T18:17:05+00:00
6d8d4f44-3796-4c45-81e8-7e16a0ae811e,200,1,1,1601,WordPress,Velocity Auto Glass &#8211; Windshield and Auto Glass Mobile Repair,good,,2026-06-22T18:17:05+00:00
d63c2e00-2b67-4bbf-b4ba-7dfe339ef49d,0,0,0,59,,,broken,connection failed,2026-06-22T18:17:05+00:00
ea336451-5e80-4333-8ddd-08cea1a2caf1,0,0,0,217,,,broken,"ssl: HTTPSConnectionPool(host='www.gopanache.com', port=443): Max retries exceeded with url: /pro/bareish",2026-06-22T18:17:05+00:00
04310f77-f5ad-46f1-8d8b-8cb16e46b7d5,0,0,0,56,,,broken,connection failed,2026-06-22T18:17:05+00:00
f761eb30-dae6-4d95-abe5-90f2472646cd,0,0,0,256,,,broken,connection failed,2026-06-22T18:17:05+00:00
4f05fa48-3ca6-47fa-a3c3-08491574ac43,200,1,1,131,Webflow,"Shear Bliss Salon, Beauty Salon, 20 N 3rd St",good,,2026-06-22T18:17:05+00:00
f4e64db6-6d70-495c-9592-be68b46caf7b,0,0,0,105,,,broken,connection failed,2026-06-22T18:17:05+00:00
74d8d437-0561-4b7d-b6d8-48d6e1f777c8,200,1,1,456,,"Massage Association for Massage &amp; Bodywork Professionals, Students &amp; Educators | ABMP",good,,2026-06-22T18:17:06+00:00
23ad3d56-f87d-4fec-97db-4655407f42aa,0,0,0,15450,,,broken,connection failed,2026-06-22T18:17:06+00:00
2c47d82c-bb72-4978-b25c-00dcd5c2ae1d,200,1,1,464,,Webs.com has been shut down: Find out more,good,,2026-06-22T18:17:06+00:00
71da447b-6193-4549-a2dd-1bb37d2b4934,202,0,0,65,,,weak,,2026-06-22T18:17:06+00:00
1eac3274-460e-4315-996e-1159a00222e7,0,0,0,46,,,broken,connection failed,2026-06-22T18:17:06+00:00
515934b6-9569-4c82-b8c0-5abbcfdbdf2d,403,1,1,150,,Attention Required! | Cloudflare,broken,,2026-06-22T18:17:06+00:00
88de3c0c-0606-463e-b890-5a70fe93b0c1,200,1,1,529,Wix,The Inn at Benicia Bay,good,,2026-06-22T18:17:06+00:00
252656c5-8ab3-4d49-9086-5b80b8559fe9,200,0,1,324,,AKUNBOS: Situs Slot Gacor Pragmatic Resmi &amp; Link Agen Slot777 Terbaru Gampang Menang,weak,,2026-06-22T18:17:06+00:00
865db0cb-d47a-46df-bcc6-e9ade91e1ff1,200,1,1,561,,Best Pub in Danville | EJ Phair Alehouse &amp; Pub: Alamo,good,,2026-06-22T18:17:06+00:00
f96a6463-e73d-4e67-9101-ae14c3f4ee2b,202,1,0,343,,,weak,,2026-06-22T18:17:06+00:00
51ce85ca-2f9d-4591-ade5-f68b193ae2b3,0,0,0,23,,,broken,connection failed,2026-06-22T18:17:06+00:00
d1db605a-1725-4d70-bc02-897a0658f63e,0,0,0,14,,,broken,connection failed,2026-06-22T18:17:06+00:00
d88bb8b0-ac80-49c7-ac3c-c517346118be,404,0,0,268,,,broken,,2026-06-22T18:17:06+00:00
e6f103d0-da34-427a-ad3d-d396879be6a5,200,1,1,252,,"Outerwear, Sportswear &amp; Footwear | Columbia Sportswear",good,,2026-06-22T18:17:06+00:00
f063af8a-f50a-4fdc-8a2f-56895f9a23eb,0,0,0,132,,,broken,connection failed,2026-06-22T18:17:07+00:00
06b8009a-c316-4c1c-9877-fd88d6343cd1,200,1,1,640,WordPress,Home - Asian Garden,good,,2026-06-22T18:17:07+00:00
8b0ad453-5ab7-44c1-8044-78788f6f5889,200,1,1,922,,Custom Care &amp; Coverage Just For You | Kaiser Permanente,good,,2026-06-22T18:17:07+00:00
6dae241d-8375-4da0-9efa-7564a6585242,0,0,0,45,,,broken,connection failed,2026-06-22T18:17:07+00:00
b5002db7-17c1-47ba-a6d2-f13a7164a8df,200,1,1,885,,"Nautica - The Official Site For Apparel, Accessories, Home & More.",good,,2026-06-22T18:17:07+00:00
771c842c-b461-4789-ac55-2266c2835557,200,1,1,654,Shopify,Glamour Beauty Center - Professional Hair Styling Supplies,good,,2026-06-22T18:17:07+00:00
abb5f60b-872e-4942-ab63-45bf655253c9,0,0,0,13,,,broken,connection failed,2026-06-22T18:17:07+00:00
987f1d43-0da0-4ba7-addd-5a794ff9653b,404,1,0,482,,,broken,,2026-06-22T18:17:08+00:00
820f7eca-ccce-47ce-8598-bc819aa4fd3c,200,1,1,13428,GoDaddy,Vacaville Magazine,weak,,2026-06-22T18:17:08+00:00
7f5b1f58-8087-40d4-9146-c7c05396766a,200,1,1,1270,WordPress,Floating Dock Systems Installation | Bellingham Marine,good,,2026-06-22T18:17:08+00:00
3d52340d-bca6-446a-9716-477821ae6581,200,1,1,133,Webflow,"Dentists in American Canyon, CA | Affordable Dental Care",good,,2026-06-22T18:17:08+00:00
a143fed3-cb3b-442f-a3b3-e02409c922b1,200,1,1,502,WordPress,Cooke Ortho | Dr. Mary Cooke,good,,2026-06-22T18:17:08+00:00
57a119e7-f786-43e2-8be2-6459d7cb8652,200,1,1,160,Webflow,"Dacasin Dental, Dentist, 96 Springstowne Ctr Ste A",good,,2026-06-22T18:17:09+00:00
99d7a2f4-b181-4ddb-8c2e-4b794a44c817,200,1,1,7267,WordPress,M.S. Torun Winery &#8211; Napa Valley,weak,,2026-06-22T18:17:09+00:00
e778e3d6-4487-450b-ba24-339553dd4db8,200,1,1,221,,U.S. Air Force,good,,2026-06-22T18:17:09+00:00
eff2c192-4ece-4d6f-a161-da2b88b0c09c,403,1,1,3276,,Just a moment...,broken,,2026-06-22T18:17:09+00:00
13f43671-f31f-44cb-b69d-31aeee79726d,200,1,1,345,WordPress,The Leading Glass Bottle Manufacturer O-I,good,,2026-06-22T18:17:09+00:00
8e0761ab-509b-4100-8068-8b6e927cd218,202,1,0,187,,,weak,,2026-06-22T18:17:09+00:00
d789f021-977b-43e6-86c9-6c8f00822f9f,200,1,1,1458,WordPress,"Dentist in Napa, CA - Silverado Dental Care",good,,2026-06-22T18:17:09+00:00
96db04b4-f628-4718-a340-2214f88d9c17,200,1,1,154,WordPress,Home | Delicious Chicken Sandwiches &amp; More for Pickup or Delivery | Chick-fil-A,good,,2026-06-22T18:17:09+00:00
fa78bd89-be92-41b6-84ff-83aff9fab578,0,0,0,15072,,,broken,connection failed,2026-06-22T18:17:10+00:00
eac15cdf-8017-417e-b39a-8e5548e326d8,0,0,0,15,,,broken,connection failed,2026-06-22T18:17:10+00:00
7925c70d-e9c0-4230-acfb-3dcbe554845f,0,0,0,109,,,broken,connection failed,2026-06-22T18:17:10+00:00
eef04489-a3d3-47a0-9b9f-5f31a08d0c5d,200,1,1,70,WordPress,Los Agaves Napa,good,,2026-06-22T18:17:10+00:00
963420fd-c8dc-42d3-98d4-3e26cc110980,404,1,1,439,,Westfield,broken,,2026-06-22T18:17:10+00:00
62f6968e-fd05-40a4-a8f7-73b196a11809,200,1,1,538,,Welcome Aboard the Official Napa Valley Wine Train,good,,2026-06-22T18:17:10+00:00
48174f07-8679-4ce0-8ac7-36b991a2d3b6,0,0,0,122,,,broken,connection failed,2026-06-22T18:17:10+00:00
3ac840b5-d5c6-4aa5-ae14-d816af32f0b6,200,1,1,1493,WordPress,Trusted Oral Surgeons in Solano County - Waterman OMFS,good,,2026-06-22T18:17:10+00:00
bf25d4ae-56c6-44ba-a644-ba2a59b5ca31,404,1,1,1000,Shopify,Page not found &#8211; Community Action of Napa Valley,broken,,2026-06-22T18:17:10+00:00
66d1d86c-87f3-43cd-b45a-975edc7f8c1e,200,1,1,3883,WordPress,High Quality Concrete Products - Basalite,good,,2026-06-22T18:17:10+00:00
dca0fc5e-e05d-4223-9214-5fe1775d80d4,200,1,1,608,Wix,HOME | CrossFit Redux Vallejo,good,,2026-06-22T18:17:11+00:00
8c27cba8-6764-4946-bf65-d497cccdc593,200,1,1,202,Webflow,"Hair Place Plus, Beauty Salon, 1819 N Texas St Ste H",good,,2026-06-22T18:17:11+00:00
29a91841-7582-4d60-8f20-6ad421f7b4d1,200,1,0,580,,Arrangement Salon a Napa Beauty and Hair Salon,weak,,2026-06-22T18:17:11+00:00
2c2515ba-161f-44c5-9e97-b1b7841197a9,200,0,0,736,,Welcome fit707.com - BlueHost.com,weak,,2026-06-22T18:17:11+00:00
0245d879-8a6d-4d8b-9b08-b2223f17ffc3,200,1,1,502,Squarespace,Crowned N&#39; Curls,good,,2026-06-22T18:17:11+00:00
10660959-db1b-46f0-a97c-46de3a4edd52,0,0,0,15205,,,broken,connection failed,2026-06-22T18:17:11+00:00
9a23976f-434b-4231-a251-c6e7bca70095,403,0,0,70,,Access Denied,broken,,2026-06-22T18:17:11+00:00
026c6cfe-4805-4139-a127-b03203ad0194,403,1,0,225,,Hyatt Hotels and Resorts,broken,,2026-06-22T18:17:11+00:00
60e17969-3b11-43c5-8da5-7322f4c73057,403,1,0,83,,bestwestern.com,broken,,2026-06-22T18:17:11+00:00
7f8e921e-0c5f-4922-946b-446c8986ad63,403,1,1,492,,Hilton Page Reference Code,broken,,2026-06-22T18:17:11+00:00
cbaeb264-abc6-4d75-8b63-8d2bbbddb143,200,1,1,670,,Barbershop Harmony Society,good,,2026-06-22T18:17:11+00:00
7e14f2b8-dc9a-4e1a-8b62-e422dcfe6c7b,200,1,1,265,,Meritage Resort &amp; Spa | Napa Valley Vineyard Getaways,good,,2026-06-22T18:17:11+00:00
de5aaa5a-b9f7-4f62-bcb6-d6cfefc6efc4,200,0,1,191,,WoolRover Crew Merino Wool Hiking Socks | Strategic Reinforcement Technology,weak,,2026-06-22T18:17:11+00:00
7f610056-17ed-4f4a-9430-de00a52d8c37,0,0,0,48,,,broken,connection failed,2026-06-22T18:17:11+00:00
f25adfbf-8b48-4b2f-8b57-dad854088663,200,1,1,1541,,,good,,2026-06-22T18:17:11+00:00
18fe7718-e47e-4578-96f3-1221da830707,200,1,0,282,,,weak,,2026-06-22T18:17:12+00:00
7214fe43-5145-415a-b9c0-132e7292d475,200,1,1,151,Webflow,"Tacos El Verdusco, Mexican Restaurant, 1005 Adams Ln",good,,2026-06-22T18:17:12+00:00
2379302d-ab51-4960-9ecd-0d11549586c5,200,1,1,282,GoDaddy,KClocks.com is for sale | HugeDomains,good,,2026-06-22T18:17:12+00:00
949084f9-6823-463d-a29d-092e9512ce15,0,0,0,159,,,broken,connection failed,2026-06-22T18:17:12+00:00
2f56b799-96ed-498f-9f75-40b89cf6dcd4,0,0,0,108,,,broken,connection failed,2026-06-22T18:17:12+00:00
dee5aa48-84aa-4d0d-9c01-a5c3f0e2ffca,404,1,0,306,,,broken,,2026-06-22T18:17:12+00:00
008a804b-c82f-4a99-ab7d-b5e271a65a42,200,1,1,261,,Google Maps,good,,2026-06-22T18:17:12+00:00
462756c7-e6bb-430c-b595-5771e13b2d08,0,0,0,42,,,broken,connection failed,2026-06-22T18:17:12+00:00
ab5c7f9a-7ea1-4a33-b79e-99f4f565d4f0,200,1,1,669,,"Real Estate, Homes for Sale, MLS Listings | Movoto",good,,2026-06-22T18:17:12+00:00
5f0c2d9f-6f2e-41a2-b107-e99a4a19d39b,200,1,1,459,,Bay Equity Home Loans | We’re Here To Get You Home,good,,2026-06-22T18:17:12+00:00
2fd9b625-b6d2-4605-8758-3f0c624d5ba2,0,0,0,27,,,broken,connection failed,2026-06-22T18:17:12+00:00
03ea15f4-47a4-4f50-8886-02a40e23b612,0,0,0,118,,,broken,connection failed,2026-06-22T18:17:12+00:00
8f89499d-8702-4040-9135-a350321fdb4e,200,1,1,293,,Pacific Rehabilitation | Physical Therapy in California,good,,2026-06-22T18:17:12+00:00
256375fb-b988-4eee-84a2-9abe63c96ea7,0,0,0,130,,,broken,connection failed,2026-06-22T18:17:12+00:00
dd53c284-a027-42dd-ac44-ca6a36c3d7f5,200,1,1,240,,Home | Cal Poly Maritime Academy,good,,2026-06-22T18:17:13+00:00
8421517d-9c40-4acc-9e8b-e7e7fbbe2997,200,1,1,489,,Account Suspended,good,,2026-06-22T18:17:13+00:00
520e5bd2-5030-412d-8f8b-6eb6666697af,0,0,0,38,,,broken,connection failed,2026-06-22T18:17:13+00:00
5d295289-7ac3-4082-8b32-4a21fd0da333,200,1,1,142,Webflow,"Ali&amp;#39;i Sushi &amp;amp; Bbq, Chinese Restaurant, 2126 Columbus Pkwy",good,,2026-06-22T18:17:13+00:00
dfd79c01-c417-4e7b-8c6e-201e82120298,200,1,1,568,GoDaddy,"Essential Wellness by Shawna Radford - Wellness - Benicia, California",good,,2026-06-22T18:17:13+00:00
517674eb-f3b9-4de4-931c-0f238246a740,200,1,1,712,Squarespace,Services 3 &mdash; Bloom Hair &amp; Beauty Studio Vacaville Hair Salon,good,,2026-06-22T18:17:13+00:00
105f6fa5-b1fd-48b7-a850-1b1651c3aae4,200,1,1,152,Webflow,"Electric Voodoo Tattoo, Tattooing, 34 Union Way Ste A",good,,2026-06-22T18:17:13+00:00
d507201f-7164-4e29-9f94-72a356bdb7cb,403,1,1,117,,Just a moment...,broken,,2026-06-22T18:17:13+00:00
a45ca853-9172-46cf-bbe7-783836e4d590,200,1,1,512,GoDaddy,"Jean Edwards Cellars - Napa Valley, Cabernet Sauvignon, We Are Located at the Tasting Barn Near Silverado Resort",good,,2026-06-22T18:17:14+00:00
0a7a55fc-c1d3-4a67-851c-d910d9af554e,200,1,1,949,,Pho#1 Noodle House Vietnamse Restaurant in Vallejo Vietnamse Food Vallejo Best Vietnamse Food and Restaurant Vallejo,good,,2026-06-22T18:17:14+00:00
6f7252c1-e8fc-4b4e-9e5a-2835b633c19b,200,1,1,132,WordPress,Alpha Omega Winery | Napa Valley,good,,2026-06-22T18:17:14+00:00
91304c55-204b-4b2c-8065-e646f7cf41c7,200,1,1,463,WordPress,Home - Beckstoffer Vineyards,good,,2026-06-22T18:17:15+00:00
79a6f7db-d034-474d-bb7c-b8005b71e15b,200,1,1,7977,WordPress,"Dentist in Fairfield, CA | Thomas E Toolson, DDS | General Dentist",weak,,2026-06-22T18:17:16+00:00
1dc0d1dd-ec9c-4e45-b568-c3987112408c,200,1,1,4226,WordPress,"Bianca Velasco, Senior Loan Officer, NMLS ID #921674",weak,,2026-06-22T18:17:16+00:00
e209a723-1fd9-459d-b05e-1428dd143bb4,403,1,1,88,,Just a moment...,broken,,2026-06-22T18:17:16+00:00
bece1c65-3f67-48eb-9835-8ddb1ca8540d,200,1,1,247,Webflow,Bronco Wine Co. - Welcome,good,,2026-06-22T18:17:16+00:00
964ad70a-c3c6-485d-9397-3d0275eb8824,200,1,1,599,,Brown Estate - Napa Valley,good,,2026-06-22T18:17:17+00:00
332d7d83-05fc-42dc-89e2-902ca71de2cd,0,0,0,15123,,,broken,connection failed,2026-06-22T18:17:17+00:00
e387c3e5-b051-476a-9ac2-ce453a180c65,200,1,1,149,Webflow,"Calplans Vineyards, Grape Vineyard, 1595 Wooden Valley Rd",good,,2026-06-22T18:17:17+00:00
84a621c9-1e6e-4678-933d-9e00ee9b83aa,0,0,0,15141,,,broken,connection failed,2026-06-22T18:17:17+00:00
51555bbc-3cd8-4c23-9b7b-85248debecc1,200,0,0,307,,,weak,,2026-06-22T18:17:17+00:00
7df7a5ab-0663-47ed-b180-53e88efe4b34,200,1,1,303,,Welcome to Colgin Cellars - Home - Colgin Cellars,good,,2026-06-22T18:17:17+00:00
be80c249-1cc4-4818-a907-69ad68ccb4f0,200,1,1,988,,Bryant Estate | Home,good,,2026-06-22T18:17:17+00:00
a5b5ed55-7159-4d2d-8f73-87ddbc2ea70d,200,1,1,176,,Gallo,good,,2026-06-22T18:17:17+00:00
02f956cc-6066-41dd-a888-a93b56f48805,0,0,0,10014,,,broken,connection failed,2026-06-22T18:17:17+00:00
eb04ec7b-2878-4197-9421-4c71d810b53b,200,1,1,81,,Shop Napa Valley Wine | Tours and Tastings | Napa Valley | HALL Wines,good,,2026-06-22T18:17:17+00:00
099bcdb0-4bcf-45ad-952f-0f7272784c70,0,0,0,245,,,broken,connection failed,2026-06-22T18:17:17+00:00
290a7225-77f8-4b55-b20b-696e41950799,200,1,1,162,Squarespace,Gagnon-Kennedy Vineyards,good,,2026-06-22T18:17:17+00:00
ab7f0dff-7565-40f8-9096-a3abb95b9dc2,0,0,0,120,,,broken,connection failed,2026-06-22T18:17:17+00:00
0651afcf-3084-47aa-b31f-0e83ca09d8ea,200,1,1,210,WordPress,HdV Wines Hyde de Villaine California winery visit Napa Valley,good,,2026-06-22T18:17:17+00:00
87bde4ec-cb3f-4929-9c83-907f7388c000,0,0,0,15176,,,broken,timeout,2026-06-22T18:17:18+00:00
456cae22-e1cb-4838-b9d5-97e81317f9d9,200,1,1,367,Shopify,Luna Vineyards,good,,2026-06-22T18:17:18+00:00
96522949-2665-46b5-9ac2-b6807d9a2f57,200,1,1,703,Drupal,"Kendall-Jackson Wines | California-Grown, Family-Owned",good,,2026-06-22T18:17:18+00:00
d3deb04b-2235-48cd-b65f-abfbf1812ee5,200,1,1,182,WordPress,Home - Ménage à Trois Wines,good,,2026-06-22T18:17:18+00:00
ac132123-16eb-4228-b532-fdf8a4d8808d,0,0,0,149,,,broken,connection failed,2026-06-22T18:17:18+00:00
f5d59a98-7a54-485e-895a-a9691389c904,0,0,0,4377,,,broken,connection failed,2026-06-22T18:17:18+00:00
b43d5b11-296a-47bc-ab31-ee319513130e,200,1,1,224,GoDaddy,Contact Us - Piña Vineyard Management,good,,2026-06-22T18:17:18+00:00
ff681b9f-f914-4e3d-a443-9f737ae1fb3c,200,1,1,306,,"Welcome to Pott Wine - World-renowned winemaker Aaron Pott's eponymous wine label, featuring Pott's Mt. Veeder estate wines, single-vineyard designates from appellations in Napa and beyond.",good,,2026-06-22T18:17:18+00:00
3c843ff3-31b3-4857-9aae-f07d6b8c6422,200,1,1,1585,WordPress,Home | Covenant Wines,good,,2026-06-22T18:17:19+00:00
2eacca00-6787-4974-b405-a97eba947247,200,1,1,638,WordPress,OVID Napa Valley | Organically Farmed Pritchard Hill Wine,good,,2026-06-22T18:17:19+00:00
e823c541-8f17-43f6-8246-817317f46084,200,0,0,191,,InMotion Hosting,weak,,2026-06-22T18:17:19+00:00
e4323fed-83c0-46f1-a85c-b52cb79b7a8b,200,1,1,1453,WordPress,Larkin Wines - Napa Valley Wines In Bottles and Cans,good,,2026-06-22T18:17:19+00:00
68358c30-965b-48c3-bfa8-fbd4ed42557c,200,1,1,944,WordPress,Mount Veeder Magic Vineyards &#8211; Premium Cabernet from the Napa Valley,good,,2026-06-22T18:17:19+00:00
6ae47693-7775-41b9-93ce-c0cbd31037d3,0,0,0,86,,,broken,connection failed,2026-06-22T18:17:19+00:00
cd482c26-e3a0-4abc-be73-7433f63451ff,0,0,0,46,,,broken,connection failed,2026-06-22T18:17:19+00:00
f4855775-b398-4e07-8bc7-94947babc003,200,1,1,363,WordPress,"Red Wines, Sweet Wines &amp; White Wines | Sutter Home Family Vineyards",good,,2026-06-22T18:17:19+00:00
d06e3693-3d4f-4cbb-b76c-0a54938eb514,0,0,0,39,,,broken,connection failed,2026-06-22T18:17:19+00:00
0ff2031b-b5ca-4f2b-92ae-092d607d5105,200,1,1,356,WordPress,Trinitas Cellars | Christian Wine Brand | Napa Valley,good,,2026-06-22T18:17:19+00:00
c4ce37a4-385e-493a-aa1b-87d40c2c4d16,0,0,0,118,,,broken,connection failed,2026-06-22T18:17:19+00:00
f2eab444-c93d-47f5-999d-9f59afb2e303,200,0,1,854,,乐鱼网页版登录入口-乐鱼(中国),weak,,2026-06-22T18:17:19+00:00
44fb10d3-02e4-45c9-99ce-a8e58917ce6a,200,0,0,263,,,weak,,2026-06-22T18:17:19+00:00
4c954cbb-9638-4852-84b6-30358ae665cc,200,1,1,413,GoDaddy,TaylorsRefresher.com is for sale | HugeDomains,good,,2026-06-22T18:17:19+00:00
d6c65fef-7d64-4e28-9ee9-15a57c307327,403,1,1,226,,Just a moment...,broken,,2026-06-22T18:17:19+00:00
887c3cdb-23e3-45dd-812f-5532be037e60,200,1,1,649,Webflow,Home - Usibelli Vineyards,good,,2026-06-22T18:17:19+00:00
26576797-8947-44ff-ac15-8b6bc29f09b4,0,0,0,141,,,broken,connection failed,2026-06-22T18:17:19+00:00
39038f67-3fb7-4988-8dc6-92520e35ab1d,200,1,1,590,Shopify,Yount Ridge,good,,2026-06-22T18:17:19+00:00
aeb305e7-5080-4fbd-9130-b26aafd22b8a,0,0,0,36,,,broken,connection failed,2026-06-22T18:17:19+00:00
8de94549-0de1-4b39-bd82-1bfb3f0581e1,200,1,1,2126,WordPress,Lobo Wines Napa - Artisanally Crafted,good,,2026-06-22T18:17:19+00:00
a4b4abef-14f6-4bbf-a158-e73a169ca772,200,1,1,183,Webflow,"Taqueria Durango Bbq, Mexican Restaurant, 520 Parker Rd",good,,2026-06-22T18:17:19+00:00
9512d341-e299-4653-b1a6-b695c62f8201,200,1,0,393,,,weak,,2026-06-22T18:17:20+00:00
e6d193b4-3639-4886-a2d4-0ff007b9623c,0,0,0,102,,,broken,connection failed,2026-06-22T18:17:20+00:00
136b9585-1f4f-4d64-b635-dbf8814756c3,200,1,0,399,,allstarshairsaloncom,weak,,2026-06-22T18:17:20+00:00
9d2d5b44-7a59-4472-bf64-ac314e00973e,200,1,0,384,,Flair Salon,weak,,2026-06-22T18:17:20+00:00
96cea933-3cb1-4cd1-b530-fe168b330efa,404,1,1,575,Squarespace,Not Found,broken,,2026-06-22T18:17:20+00:00
e4d1bc35-0f2c-42d9-93de-8371a58633af,0,0,0,144,,,broken,"ssl: HTTPSConnectionPool(host='perarug.com', port=443): Max retries exceeded with url: / (Caused by SSLEr",2026-06-22T18:17:20+00:00
7d6bba11-164c-48b3-b4e1-b583d4b377de,200,1,0,329,Weebly,Monticello Hardwood Flooring - Home,weak,,2026-06-22T18:17:20+00:00
08a29714-6109-4d1e-b85a-52cedbcb8e23,200,1,1,214,WordPress,Digital &amp; Print Marketing Solutions | Buy Local Media Group | CA,good,,2026-06-22T18:17:20+00:00
57b722da-3335-474f-9b59-620c23c5aef7,200,0,1,379,Squarespace,Gourmet Faire,weak,,2026-06-22T18:17:20+00:00
a11a7ad3-7929-4a97-8b96-2ec4bbe7f956,404,1,1,1104,Shopify,MRC Global,broken,,2026-06-22T18:17:20+00:00
d52a5ac5-ea3e-4439-87c2-95e4e3ed41fa,200,1,1,246,GoDaddy,TrueCoffeeCo.com is for sale | HugeDomains,good,,2026-06-22T18:17:20+00:00
c03a6ab7-cf04-4f97-b741-a2ab9cf0ae38,403,1,1,179,,Access denied | johnnyonthespotnapa.com used Cloudflare to restrict access | johnnyonthespotnapa.com | Cloudflare,broken,,2026-06-22T18:17:20+00:00
713fd4d9-7fbb-4b18-8e55-9db3bf23e2e8,200,1,1,827,,California Board of Barbering and Cosmetology,good,,2026-06-22T18:17:21+00:00
147a032b-7cfd-4d7a-a02c-682a724bfde0,410,1,1,1150,,"Perfect Nails Spa, 110 West American Canyon Road, American Canyon, CA - Groupon",broken,,2026-06-22T18:17:21+00:00
b8c12cd1-4ef8-4d6a-9d6b-dbd0f504728c,0,0,0,121,,,broken,connection failed,2026-06-22T18:17:21+00:00
1f3cd806-daa4-45a5-8e53-c7d2cbe3bf67,403,1,0,268,,ERROR: The request could not be satisfied,broken,,2026-06-22T18:17:21+00:00
3719ad62-b080-486c-ad76-8a528738994d,0,0,0,101,,,broken,connection failed,2026-06-22T18:17:21+00:00
834a0087-0410-487e-bddb-b40a7c81ae61,0,0,0,10021,,,broken,connection failed,2026-06-22T18:17:21+00:00
b7e3719d-037a-40f9-a480-e9c41cb5847c,200,1,1,260,,"Oral Surgery in Napa, CA | Oral Surgeon",good,,2026-06-22T18:17:21+00:00
d8bdcabc-c25e-4b84-a629-e25022315297,0,0,0,217,,,broken,connection failed,2026-06-22T18:17:21+00:00
1e479e2d-cf19-4d9b-a753-6f80a0bc2c80,403,1,0,106,,Access Denied,broken,,2026-06-22T18:17:21+00:00
64f9678c-526e-4d68-b008-7a3f482d144b,0,0,0,576,,,broken,connection failed,2026-06-22T18:17:21+00:00
9e14049b-985a-43c6-a904-30706fc296e3,0,0,0,230,,,broken,connection failed,2026-06-22T18:17:21+00:00
7bc4b277-7f4e-40a2-ab11-e8e6efb9720a,200,1,1,733,Webflow,Trusted Family Dental Care in Vacaville - Sunset Dental,good,,2026-06-22T18:17:21+00:00
7c36b002-5f1b-4223-8b10-cfe8bc704487,200,1,1,558,Wix,Westmore | Private Domain Asset Principal &amp; Advisors,good,,2026-06-22T18:17:21+00:00
ccfc53bb-1976-4c7c-9536-f8724dbe01ef,200,0,1,296,,GACOR25 # Pusat Situs Game Online Provider Paling Lengkap 2026,weak,,2026-06-22T18:17:21+00:00
2eb26787-efe1-422c-a4e4-bdd4ccf23cf6,0,0,0,68,,,broken,connection failed,2026-06-22T18:17:22+00:00
7510c166-0048-4d52-bc17-4095f1cdde6d,200,1,1,555,,"Stunning Napa Wedding Illuminates The Garden - MODwedding | Long table greenery wedding, Wedding table decorations long, Wedding table flowers long tables",good,,2026-06-22T18:17:22+00:00
47f5b85a-a11c-46db-b571-adebf0f8c6e5,200,0,1,1628,,Home,weak,,2026-06-22T18:17:22+00:00
df4e1655-5e47-4a78-8c63-9b00ce8bd3b9,200,0,0,276,,,weak,,2026-06-22T18:17:22+00:00
40851989-e193-46ad-ac58-52d2efc930c9,0,0,0,115,,,broken,connection failed,2026-06-22T18:17:23+00:00
dbe33808-e983-4815-8408-cb159fb077b7,404,1,1,2772,,Ничего не найдено для Vallejo Shopping Poi Sylvia S Fashion Jewelry 918185,broken,,2026-06-22T18:17:23+00:00
d7fe8117-5ecf-403a-aa97-d8f5731a016b,200,1,1,446,Wix,Home | Elements of Style,good,,2026-06-22T18:17:23+00:00
962e0288-c11e-4547-b8a0-64c346c1f1bf,200,1,1,1179,Shopify,Mercantile 12 - Napa California,good,,2026-06-22T18:17:23+00:00
762b2812-b94f-4bf9-a0f0-8251d9af28ab,200,0,0,178,,NameBright - Coming Soon,weak,,2026-06-22T18:17:23+00:00
20a975af-969f-46f8-8904-fdf501b679a3,0,0,0,201,,,broken,connection failed,2026-06-22T18:17:23+00:00
34d67f21-764c-4143-93da-12ee6e9b7c0f,0,0,0,0,,,broken,InvalidURL: Failed to parse: http://www.​vrbo.​com,2026-06-22T18:17:23+00:00
20645ad4-708f-4e3b-bf0d-dc9ddabc41ea,0,0,0,62,,,broken,connection failed,2026-06-22T18:17:23+00:00
4f2194b6-1b22-41c3-ba22-dd0d722a4eee,0,0,0,41,,,broken,connection failed,2026-06-22T18:17:23+00:00
9719fb8b-a7a7-42f4-bbc0-3926ad7a4b6a,200,1,1,2541,WordPress,Solano Dermatology Associates &#8211; A Medical Corporation Established 1949,good,,2026-06-22T18:17:23+00:00
66635918-bc1d-4276-a09b-34e3281c1198,200,1,1,438,Squarespace,This.Is.Phoebe.Olivia,good,,2026-06-22T18:17:23+00:00
621b58d2-30ff-435b-956b-5bbb249ac516,403,1,1,360,,Hilton Page Reference Code,broken,,2026-06-22T18:17:24+00:00
8de0b781-5129-468e-b1ed-63dc568ebb4a,200,1,1,366,Wix,HOME | ML Interior Design,good,,2026-06-22T18:17:24+00:00
b0ff0df7-c9c8-415d-8b55-8ae1af3dff8d,0,0,0,31,,,broken,connection failed,2026-06-22T18:17:24+00:00
c3a1343b-8f95-413f-8185-fbbcf1b04e3b,200,0,1,316,,extraeyessecurity.com&nbsp;-&nbsp;extraeyessecurity Resources and Information.,weak,,2026-06-22T18:17:24+00:00
2ee42d5b-d005-4600-aae0-96b370eb5e3a,404,1,0,266,,,broken,,2026-06-22T18:17:24+00:00
84c9c72f-372f-4122-a1db-db9c5720bbe6,200,1,1,185,,Choose Your Nail &amp; Spa Services – Nails Salon – Go booking | Booking Nails | booking.gocheckin.net,good,,2026-06-22T18:17:24+00:00
3c630cb2-08be-4d07-9662-286ca5770347,200,1,1,148,Webflow,"Pancha&amp;#39;s of Yountville, Pub, 6764 Washington St",good,,2026-06-22T18:17:24+00:00
c64234d6-3ec2-4882-b265-88dc3e1d737d,503,1,1,464,,"503 | BRB, weâre upgrading",broken,,2026-06-22T18:17:24+00:00
b554a31e-9dcd-47e6-9d61-5140444a3250,200,1,1,420,WordPress,"Vacaville, CA Real Estate | Dawn French",good,,2026-06-22T18:17:24+00:00
8b145e72-a3b0-4ebf-8879-9763954df796,200,1,1,892,,Homepage Solano County Mosquito Abatement District,good,,2026-06-22T18:17:25+00:00
a4284abf-8a47-45be-ba22-310a06d74da1,404,0,1,461,,404 Not Found,broken,,2026-06-22T18:17:25+00:00
673baf5a-cdeb-4c94-b3be-36de8d38825d,0,0,0,10016,,,broken,connection failed,2026-06-22T18:17:25+00:00
581a34a9-3edf-4534-b666-e6098cc19808,0,0,0,77,,,broken,connection failed,2026-06-22T18:17:25+00:00
17665cb1-8c43-4b3d-846a-d536e2566dda,0,0,0,35,,,broken,connection failed,2026-06-22T18:17:25+00:00
6b8afe9f-30db-4bc4-8038-681b64844352,200,0,0,309,,Solano County Property Value Calculator. Remax. Jason Francis Real Estate.,weak,,2026-06-22T18:17:25+00:00
30a68bf3-8601-4566-9e3a-465332dcfadd,200,1,1,219,Webflow,"Casa DE Vilarrasa Senior Apartment, Property Management, 28 Riverhill",good,,2026-06-22T18:17:25+00:00
1711870f-5279-4336-a3e2-1f817b84f114,200,1,1,353,Wix,Home | WillieBHomes.com,good,,2026-06-22T18:17:25+00:00
f0923cf5-0052-4319-af58-521457fd021a,0,0,0,141,,,broken,connection failed,2026-06-22T18:17:25+00:00
55f422a2-3608-4ee1-9061-157f58c6b76d,200,1,1,439,,"Roto-Rooter® | Plumbing, Drains &amp; Water Cleanup",good,,2026-06-22T18:17:25+00:00
2fd3abe4-f491-4f7e-b400-1532f0e9cda2,0,0,0,221,,,broken,connection failed,2026-06-22T18:17:25+00:00
aad7de62-e960-4248-9832-20d852a695f0,0,0,0,15070,,,broken,connection failed,2026-06-22T18:17:25+00:00
f8ef8e0d-2057-49b1-a55f-5b5520acd067,0,0,0,38,,,broken,connection failed,2026-06-22T18:17:25+00:00
d66a8209-eee0-4252-9128-260488261393,200,0,0,254,,,weak,,2026-06-22T18:17:26+00:00
8f166a7d-c924-4be8-a89c-7fbbf9170695,0,0,0,4158,,,broken,connection failed,2026-06-22T18:17:26+00:00
bfc01fe7-7ee0-4fd2-a88b-3e8c2e17d6a0,200,1,1,4212,WordPress,Home - SafeQuest Solano,weak,,2026-06-22T18:17:26+00:00
a7561d3d-758a-4b86-9c1a-dd073d5d6d12,404,1,1,590,,Vagaro | Page not found,broken,,2026-06-22T18:17:26+00:00
d44b9396-9fc9-42e8-b29e-8294d0d36f9a,0,0,0,155,,,broken,connection failed,2026-06-22T18:17:26+00:00
096d243e-a36e-4ecf-84ad-aa06d1461ef9,0,0,0,215,,,broken,connection failed,2026-06-22T18:17:26+00:00
e03d2ee6-5b9f-48c0-be01-c430ee81251f,200,1,1,445,GoDaddy,"The Golden Owl Tattoo and Gallery | Napa, CA",good,,2026-06-22T18:17:26+00:00
9f1cc358-cf92-42c5-ae2b-721c80120796,200,0,1,586,,ÐÐ¾Ð¼ÐµÐ½ Ð½Ðµ Ð¿ÑÐ¸Ð»Ð¸Ð½ÐºÐ¾Ð²Ð°Ð½ Ð½Ð¸ Ðº Ð¾Ð´Ð½Ð¾Ð¹ Ð¸Ð· Ð´Ð¸ÑÐµÐºÑÐ¾ÑÐ¸Ð¹ Ð½Ð° ÑÐµÑÐ²ÐµÑÐµ!,weak,,2026-06-22T18:17:26+00:00
c7d375b0-2c17-432f-a918-e86fe57fdd0e,200,1,1,384,GoDaddy,24/7 Taxi Service &amp; Airport Rides - Yellow Cab Vancouver Taxi Service,good,,2026-06-22T18:17:26+00:00
b16b8c48-6f6e-42d6-9437-6b6ce1a4a2e8,200,0,1,300,WordPress,Parked Domain name on Hostinger DNS system,weak,,2026-06-22T18:17:26+00:00
2f2a0660-47d7-4caf-a9f9-e0d7221f7c38,200,1,1,1816,,Heli Sairanen - Real Estate Agent - Coldwell Banker,good,,2026-06-22T18:17:26+00:00
131661ea-5da4-4bc8-910b-8df4cadf8ef1,0,0,0,226,,,broken,connection failed,2026-06-22T18:17:26+00:00
3cbb9db7-356d-45dd-b4af-8c5e74574b10,200,1,1,464,,DogDoc.com,good,,2026-06-22T18:17:26+00:00
337d83b6-6810-4100-9d47-e7a300e773e2,404,0,0,467,,404 Not Found,broken,,2026-06-22T18:17:26+00:00
e3f279b6-68cf-4ab8-ab4d-7f945fe5237c,200,1,1,84,WordPress,Napa Valley Winery - Baldacci Family Vineyards,good,,2026-06-22T18:17:26+00:00
19df9769-263e-4385-85ef-e437f3037a3f,404,1,1,484,,,broken,,2026-06-22T18:17:26+00:00
957282e7-ec64-4cf6-a777-2d74d0d229ef,200,1,1,178,GoDaddy,Home - Euclid Wines,good,,2026-06-22T18:17:27+00:00
f9a8ab24-1bd9-4def-9e05-b5fffb51aeb2,200,1,1,459,Drupal,ELITE LIMOUSINE | San Francisco Limo | Executive Limo | Chauffeur services | Airport Limo | SF Limo Service | Elite Limousine,good,,2026-06-22T18:17:27+00:00
f027e01e-59ec-447a-8c83-9fb98c5588d3,403,1,1,140,,Just a moment...,broken,,2026-06-22T18:17:27+00:00
887467f2-6a77-4394-b0a8-a9261c41d678,0,0,0,109,,,broken,connection failed,2026-06-22T18:17:27+00:00
c70d3151-4b3e-4f12-9c22-3458757daeb5,200,1,1,853,WordPress,The Napa Wine Project -,good,,2026-06-22T18:17:27+00:00
ef8c7414-a93d-49e9-8525-90a21a97146d,200,1,1,574,Wix,Warren Winiarski | Warren Winiarski,good,,2026-06-22T18:17:27+00:00
78ace50f-bf9a-4b41-8158-7e0c2c580e99,404,1,0,264,,404 - Page Not Found,broken,,2026-06-22T18:17:27+00:00
86814eed-4488-44d3-aa18-db745f0edb70,307,1,0,293,,You are being redirected...,weak,,2026-06-22T18:17:27+00:00
7ef0e8e1-668e-47c5-a93b-e150cf6d2003,200,1,1,555,WordPress,Home Page - PEJU Winery,good,,2026-06-22T18:17:27+00:00
e54e3040-5504-46b0-bc78-e937671cc52d,0,0,0,308,,,broken,connection failed,2026-06-22T18:17:27+00:00
7b7412bd-7d26-4115-9d6e-8bf43b317285,200,1,1,275,Squarespace,Rafael et Fils Wine,good,,2026-06-22T18:17:27+00:00
35c01d48-0334-4f68-9bc5-8798d02b6c0a,200,0,1,15447,,,weak,,2026-06-22T18:17:27+00:00
4f15b2fb-3a58-45b8-9742-ad31a58a6d41,200,1,1,239,Squarespace,Contact &mdash; Nord Vineyard Services,good,,2026-06-22T18:17:27+00:00
e2f2985e-40ba-4c27-8a6d-a8929381e25c,202,1,0,1024,,,weak,,2026-06-22T18:17:27+00:00
8568a301-37c4-4c14-a242-91a7f26fcead,0,0,0,109,,,broken,connection failed,2026-06-22T18:17:27+00:00
92329ef2-487a-424f-9a3d-7453d3d40c85,200,1,1,763,WordPress,,good,,2026-06-22T18:17:27+00:00
9271d597-f644-4499-b443-6d9c2e0b874c,200,1,1,689,Shopify,Melanson Vineyard,good,,2026-06-22T18:17:28+00:00
805f54c2-dbb3-48b9-b501-7f467017e651,200,0,1,410,,Rubio's Vineyard Management - Napa,weak,,2026-06-22T18:17:28+00:00
2e23db3e-bb2c-45e6-83c0-0c97faec0930,0,0,0,74,,,broken,connection failed,2026-06-22T18:17:28+00:00
956da547-7122-4475-97ed-f7b385725ea7,200,0,0,283,,,weak,,2026-06-22T18:17:28+00:00
1767210b-3fa6-4043-b253-4f8943c5ca88,200,1,1,957,WordPress,Lions Head Collection,good,,2026-06-22T18:17:28+00:00
7eebba3d-f9e1-4b1c-9889-5a29d126449f,200,1,1,967,WordPress,"Madonna Estate Winery | Organically Grown Wine in Napa, CA | Home",good,,2026-06-22T18:17:28+00:00
eeed9ffe-2935-40f3-88e4-1d3101f873b1,200,1,1,607,WordPress,Shed Creek Cellars,good,,2026-06-22T18:17:28+00:00
50359ab5-5eaa-4fa9-89f4-c5ed4b698239,200,1,1,8476,GoDaddy,High-Quality Haircuts at Elite Cuts,weak,,2026-06-22T18:17:28+00:00
7fcd9211-67e0-4d29-b649-1f92b9e2609e,200,1,1,243,WordPress,"Tax, Advisory, and Accounting Firm | BPM",good,,2026-06-22T18:17:28+00:00
150310cc-6947-41da-bb9c-25d4eecce6ca,404,1,0,575,,404 Not Found,broken,,2026-06-22T18:17:28+00:00
dbfa2d3e-082d-49c6-894e-cfb91dda03de,0,0,0,101,,,broken,connection failed,2026-06-22T18:17:28+00:00
57e5f6e9-0800-4ff7-9038-fac0bc649aea,200,1,1,244,Squarespace,"Anita M Larrow, ND",good,,2026-06-22T18:17:28+00:00
0457ffcf-a19d-4240-9891-7d79c38b111a,200,0,0,386,,,weak,,2026-06-22T18:17:28+00:00
04e61820-1732-4bc5-8b38-e74bac204d7c,200,1,1,785,Wix,Napa Valley Wines | Wineplayground,good,,2026-06-22T18:17:28+00:00
d7487575-e4fc-4f10-8650-837d482333de,403,1,1,223,,Just a moment...,broken,,2026-06-22T18:17:28+00:00
35d8f27a-144d-4c72-855b-4c8bac302ca0,200,1,1,235,GoDaddy,BeniciaGrill.com is for sale | HugeDomains,good,,2026-06-22T18:17:28+00:00
a8e77f7a-b5f1-4caf-9c3e-0c1300de2e60,200,1,1,90,WordPress,Black Bear Diner – Breakfast Served All Day!,good,,2026-06-22T18:17:28+00:00
80a96dab-abc3-439c-ab4f-a600a1514b0a,0,0,0,15599,,,broken,timeout,2026-06-22T18:17:28+00:00
74cdc186-2cd8-4236-a4d0-618a98db6720,200,1,1,219,GoDaddy,BeniciaGrill.com is for sale | HugeDomains,good,,2026-06-22T18:17:28+00:00
9eb47db3-7ece-4f31-9408-b612c9d22447,200,1,1,982,,Hancock &amp; Faller CPAs California Tax experts | Hancock &amp; Faller CPAs,good,,2026-06-22T18:17:29+00:00
5f0912c1-ffd4-4928-8fd1-09159917e429,200,1,1,979,WordPress,Transforming Touch Acupuncture |,good,,2026-06-22T18:17:29+00:00
a33a09a4-4a89-43fd-8100-64f782efa8d4,0,0,0,424,,,broken,"ssl: HTTPSConnectionPool(host='locations.buffet.com', port=443): Max retries exceeded with url: /CA/VACAV",2026-06-22T18:17:29+00:00
07b903ca-1015-4641-a826-bc7afc70ed6c,200,1,1,621,,Cast Iron Grill and Bar - Best Restaurant in Suisun City,good,,2026-06-22T18:17:29+00:00
6b926b43-ebee-4fa3-a40b-e540f60be42b,200,1,1,1209,,"California | Advisory, Tax and Assurance | Baker Tilly",good,,2026-06-22T18:17:29+00:00
228e64a1-42fa-4240-a9a2-e55d223f7b67,200,1,1,602,WordPress,Huckleberrys - Southern Cookin’ with a California Twist!,good,,2026-06-22T18:17:29+00:00
a9347e6b-6d70-4321-a52e-3556ae1d0071,0,0,0,383,,,broken,"ssl: HTTPSConnectionPool(host='www.hurleysrestaurant.com', port=443): Max retries exceeded with url: / (C",2026-06-22T18:17:29+00:00
463c5894-a45f-4db8-b84b-c05865a6b405,200,1,1,889,,Canlı Bahis Siteleri Adresleri - 2026 Yılının Güvenilir Siteleri,good,,2026-06-22T18:17:29+00:00
c408aae4-83b8-495a-93fe-62dde0edfaa4,202,0,0,93,,,weak,,2026-06-22T18:17:29+00:00
8cc68d44-8c2c-4e3b-aca7-b591dd084e4c,200,0,0,211,,Courtyard by Marriott Vallejo | Home Page,weak,,2026-06-22T18:17:29+00:00
8d47d00f-c113-44c4-94cf-74426096fab6,200,1,0,1184,,Carpe Diem Wine Bar | Casual dining experience,weak,,2026-06-22T18:17:29+00:00
2304b24e-a848-4998-b305-be25420613ce,0,0,0,102,,,broken,connection failed,2026-06-22T18:17:30+00:00
a42d4bea-2fa2-4d4e-8d90-85ec0c6de3ab,200,1,1,925,Wix,Mobile Food Trailer | Imagination on Fire | Napa,good,,2026-06-22T18:17:30+00:00
7fe6de4e-a574-4e61-bf5d-01f5b5acd357,200,1,1,457,,The Original Red Onion Restaurant,good,,2026-06-22T18:17:30+00:00
b196b811-53de-45ab-8d89-94595ca8f448,0,0,0,113,,,broken,connection failed,2026-06-22T18:17:30+00:00
fb306764-9e28-4bfe-9f80-7822f569af1a,200,1,1,346,Squarespace,Clipper Cargo,good,,2026-06-22T18:17:30+00:00
d81e92df-7152-432f-92ac-b50c950cb2a7,0,0,0,139,,,broken,connection failed,2026-06-22T18:17:30+00:00
8a9105dd-d72a-4418-bcff-f4238b82a634,200,1,1,327,,"Data SGP: Pengeluaran SGP Prize, Togel Singapore Pools, Keluaran SGP Hari Ini",good,,2026-06-22T18:17:30+00:00
f7e861c9-6232-4dba-9177-ce21df5b811a,200,1,1,192,WordPress,"John&#039;s Hauling - Solano County Hauling &amp; Trash Service, A Full Service Hauling Company",good,,2026-06-22T18:17:30+00:00
8e46ee6f-54d2-4509-83f1-d2040c09feaa,200,1,1,510,Shopify,"Vintage Furniture, Accessories, &amp; Fine Art San Francisco Bay Area &ndash; Erin Lane Estate",good,,2026-06-22T18:17:30+00:00
b2a04b62-107b-4045-ac14-193e46d8c814,0,0,0,119,,,broken,connection failed,2026-06-22T18:17:30+00:00
d6f556c8-a799-48f9-90c1-388ccf34056b,200,1,1,407,GoDaddy,Vintique Marketplace,good,,2026-06-22T18:17:31+00:00
f9ce81bd-c95b-48be-a45a-074ebfb01012,200,1,1,1743,WordPress,Your trusted guide to the world of wine | ReddNapa,good,,2026-06-22T18:17:31+00:00
710d86e3-514c-4987-8c07-cccb0b21aacb,200,1,1,1899,WordPress,è¨æ¶ã«æ®ãä¼ç¤¾ãä¼æ¥­ã®ã­ã´ä½æã®ã³ãããã¤ã³ã,good,,2026-06-22T18:17:31+00:00
d7d495ae-71dd-412d-a5df-b693f03ee908,200,1,1,2134,Joomla,Page Not Found,good,,2026-06-22T18:17:31+00:00
7e5cac9f-8621-4d7a-849a-53a1d5286b4a,0,0,0,82,,,broken,connection failed,2026-06-22T18:17:31+00:00
46eafedb-5f80-41d3-ab63-46abf84fa582,200,1,1,761,,AGENOLX 🏆 Pelopor Viral terbaru Situs Slot Online Resmi Paling Gacor,good,,2026-06-22T18:17:31+00:00
e67632fc-bef2-4f78-aa46-c8980c412010,200,1,1,782,WordPress,A2R Architects &#8212; Architectural Design Expertise,good,,2026-06-22T18:17:31+00:00
cdfbcc1e-134d-43e3-9d09-c250a85fe74d,200,1,1,451,Squarespace,High End Residential Architecture | Custom &amp; Luxury Home,good,,2026-06-22T18:17:31+00:00
ae5d51cf-3f91-484c-b437-98a9a8943efa,403,1,1,165,,Just a moment...,broken,,2026-06-22T18:17:31+00:00
582669f3-e0a7-4a2e-931a-18a307ce7d54,200,1,1,365,Squarespace,"JAMES JEFFERY ARCHITECTS AIA, inc - Napa Valley, CA",good,,2026-06-22T18:17:31+00:00
a3f2c35f-b7dc-437b-a827-8c421ed91222,0,0,0,120,,,broken,connection failed,2026-06-22T18:17:31+00:00
f1ed997a-2dbb-4aa2-b20f-9467e51a5f61,200,0,0,338,,Web Server's Default Page,weak,,2026-06-22T18:17:31+00:00
a07a27de-b169-49e0-ab05-dc254ed11fa4,200,1,1,680,,"PM Design, Inc.",good,,2026-06-22T18:17:32+00:00
962d1f02-8480-4fab-8aee-04efcc68fa95,200,1,1,547,WordPress,The Most Certified Shop in San Francisco - Alioto&#039;s Auto Body,good,,2026-06-22T18:17:32+00:00
b7e1c1d4-4670-422c-a2cd-edac8b21d6ad,200,1,1,216,,"Napa, CA | Crash Champions",good,,2026-06-22T18:17:32+00:00
00841813-e46c-46fe-bb97-9078f33be5f3,200,1,1,780,Squarespace,Menufy: The Easiest Way To Grow Your Restaurant Online,good,,2026-06-22T18:17:32+00:00
4d8e95bf-abe7-4703-ba18-231ac3076bd7,200,1,1,198,,"Fairfield, CA | Crash Champions",good,,2026-06-22T18:17:32+00:00
3471b8bd-5bdb-495b-99ac-01b794caaa53,200,1,1,713,,"Vallejo, CA | Crash Champions",good,,2026-06-22T18:17:32+00:00
9efa0346-e301-4c4f-8c10-044b2ca8ef1c,200,1,1,335,,"Collision Repair in Fairfield, CA | FAIRFIELD BECK | Crash Champions Store",good,,2026-06-22T18:17:32+00:00
7f876acb-13a9-4ad1-a60d-5c7d2d4539d4,200,1,1,1034,,Inspired Architecture that Elevates Everyday Life | Signum Architecture,good,,2026-06-22T18:17:32+00:00
a9025370-ec4e-41ac-9da6-7d953ae31546,200,1,1,453,GoDaddy,"Dent Solution FX - Napa Valley Auto Protection, Correction And Restoration | Napa Paint Protection Films, Colored Films, Window Tint And Detailing",good,,2026-06-22T18:17:32+00:00
89ed0bd5-ff7a-45c9-be66-82ab63d0d993,0,0,0,111,,,broken,connection failed,2026-06-22T18:17:32+00:00
e9184ff2-81e8-4398-bc22-2e98083cac7e,200,1,1,349,WordPress,"Klimisch&#039;s - Klimisch&#039;s Collision Repair | Auto Body Repair Vallejo &amp; Fairfield, CA",good,,2026-06-22T18:17:32+00:00
5d4502bc-17c6-4135-ab3b-0747b2357de4,200,1,1,397,,Davis CA Collision Repair,good,,2026-06-22T18:17:32+00:00
bc316359-3079-4601-aabe-f112c0ab2c57,404,1,1,292,,This page could not be found | Maaco,broken,,2026-06-22T18:17:32+00:00
4da5cd8d-183d-495d-b53c-1ef714a926c7,202,0,0,223,,,weak,,2026-06-22T18:17:32+00:00
30985900-c683-4bcf-abb8-a98b7abe0f70,403,1,1,173,,Just a moment...,broken,,2026-06-22T18:17:32+00:00
b79d4ca4-a24d-4347-ba76-28aea4a4bf64,200,1,1,359,,AllAmericanDivers.com - Sports Domains for Sale - Buy Premium Athletics &amp; Fitness Domain Names | Domain for Sale. Call 888-694-6735.,good,,2026-06-22T18:17:33+00:00
8444870d-1e08-4edd-b5ab-2eccce9d05ad,200,1,1,953,,"Dixon Auto Body is an Auto Body Shop in Dixon, CA 95620",good,,2026-06-22T18:17:33+00:00
d160039c-f412-4009-adb2-56037413e79e,200,1,1,306,,"THE SHOP (C AND C) - Repair Center in BENICIA, CA | 2362332",good,,2026-06-22T18:17:33+00:00
70a6fcd5-54aa-4d5c-a79f-bf8e102ffd09,200,1,1,162,WordPress,"24 Hour Roadside Assistance American Canyon, CA | 24-Hour Services!",good,,2026-06-22T18:17:33+00:00
d02a33f6-bac7-44cf-8563-018892779f67,200,1,1,693,WordPress,Home | Auto-Chlor,good,,2026-06-22T18:17:33+00:00
d1e5b6c7-9a5d-4c7f-9729-b71634684d28,0,0,0,113,,,broken,connection failed,2026-06-22T18:17:33+00:00
cc38fdb8-cdde-463c-87f8-7ea179acd3b5,0,0,0,26,,,broken,connection failed,2026-06-22T18:17:33+00:00
17d9fc7d-6a3c-4d71-b5a8-c1ddb405d568,200,1,1,887,Drupal,"Auto Repair Fairfield, CA | AAA",good,,2026-06-22T18:17:33+00:00
d5bf8706-efe4-4b34-ac13-c132cd22e163,200,1,1,854,,"BMW Dealership in Napa Valley, CA | BMW of Napa Valley",good,,2026-06-22T18:17:33+00:00
fa5575b6-6ff7-4391-9ef7-00f0c0c2c442,200,1,0,229,,,weak,,2026-06-22T18:17:33+00:00
6aea8de1-c67a-4390-873b-c286f5ab4022,200,1,1,719,WordPress,"Fairfield CA Motorcycle, Home, &amp; Life Insurance | Big Cory insurance",good,,2026-06-22T18:17:33+00:00
138dd004-d83e-4db6-a96e-e38c930a916a,0,0,0,130,,,broken,connection failed,2026-06-22T18:17:33+00:00
1f380e41-2c33-4e83-aa18-bd93a98b2f03,403,1,1,191,,Dealer Website,broken,,2026-06-22T18:17:33+00:00
cd657bad-f3eb-4539-947b-d369157b33e0,200,1,1,335,,"Oil Change &amp; Automotive Services | The Oil Connection | Fairfield, CA",good,,2026-06-22T18:17:33+00:00
fab5cfea-1803-437d-a8dd-4317f28e1d40,200,1,1,336,,"Vallejo Hyundai | New &amp; Used Hyundai Dealer in Vallejo, CA",good,,2026-06-22T18:17:33+00:00
6baa9331-4e21-4da9-b100-343bdd447693,200,1,1,262,,RIO VISTA Chevrolet Dealer in Rio Vista CA | Dixon California Oakley Chevrolet Dealership California,good,,2026-06-22T18:17:33+00:00
9c9aaf36-45c0-4504-b498-aee02de0af24,200,1,1,674,,Lopez Auto Service,good,,2026-06-22T18:17:34+00:00
bb19ba77-e938-4a4e-9fd8-3ae13c4ae77a,200,1,1,214,Webflow,"Aj&amp;#39;s Auto, Auto Maintenance, Repair, 451 Ryder St Ste 4",good,,2026-06-22T18:17:34+00:00
4680f1fc-261f-4ed5-a251-eb9212b27123,200,1,1,533,,"A &amp; T Custom Golf Cars - New &amp; Used Golf Carts, Service, and Parts in Napa, CA, near Green Valley and Atlas",good,,2026-06-22T18:17:34+00:00
d8ae9559-f60a-4128-b1e8-774099bf0211,200,1,1,373,WordPress,Turnkey Industrial Solutions | DenTech Industrial,good,,2026-06-22T18:17:34+00:00
2cdf943d-6c38-4e25-9134-6d8153bb17c4,200,1,1,716,,Home page - Bureau of Automotive Repair,good,,2026-06-22T18:17:34+00:00
07765343-dab4-415e-a9ae-115fc75c198b,0,0,0,107,,,broken,connection failed,2026-06-22T18:17:34+00:00
dc41d79d-e4ee-413d-b6e6-b6a18e8c9dd8,200,1,1,635,,B & B Foreign Car Repair - Auto repair in Napa,good,,2026-06-22T18:17:34+00:00
580c21a0-af50-44c4-98c0-8cf3d079a7ab,403,0,0,337,,403 Forbidden,broken,,2026-06-22T18:17:34+00:00
de112309-1020-479e-aba2-b19cadd53dd5,200,1,0,969,,"Steve Hopkins Honda | New & Used Honda Dealer Fairfield, CA",weak,,2026-06-22T18:17:34+00:00
6ebaf30d-6fbf-4c1d-9396-0899b888cd51,200,1,1,133,,PRIMOS TIRES AND AUTO REPAIRS,good,,2026-06-22T18:17:34+00:00
31e28de7-c907-4abd-a51f-ecdbeb9a7d2b,200,1,1,869,WordPress,"Carter&#039;s Auto Body Shop - Vallejo, CA | (510) 228-6627",good,,2026-06-22T18:17:34+00:00
8f375419-e7d4-4aec-80eb-45dc67b1a036,0,0,0,39,,,broken,connection failed,2026-06-22T18:17:35+00:00
2ae3a387-8caf-459f-9c7c-b9d7d73db175,200,0,0,110,,,weak,,2026-06-22T18:17:35+00:00
75855f34-dfbe-419e-9131-6353f4219b19,200,0,1,185,,大资本210cc(有限责任公司)·Welcome,weak,,2026-06-22T18:17:35+00:00
4fe1ed56-6b9b-43a0-acfa-80754935a8d7,200,0,0,220,,,weak,,2026-06-22T18:17:35+00:00
4359a2bd-85da-4c7d-a735-2936868f19a9,200,1,1,1629,,"Toyota Dealership Vacaville, CA | Ammaar&#039;s Toyota Vacaville",good,,2026-06-22T18:17:35+00:00
d61e2a42-5301-41be-8672-36688b991ba3,404,1,1,788,Squarespace,Red&#39;s Auto Service,broken,,2026-06-22T18:17:35+00:00
3df89ff4-c700-431b-983e-68e8421329e4,200,1,1,374,,"Junk Removal in Napa, CA | Napa Valley Hauling | Home",good,,2026-06-22T18:17:36+00:00
c88a8918-3bcf-487a-9d05-304749bb6876,200,1,1,595,WordPress,"Medical Waste Services in Vallejo, CA | Medical Waste Pros",good,,2026-06-22T18:17:36+00:00
365f46a8-5069-468e-b9fc-27494f7e05b6,200,1,1,1102,,Martinez Junk Removal | Home,good,,2026-06-22T18:17:36+00:00
59b9bbab-7449-422f-ae7f-a663bd43be9f,200,1,1,417,WordPress,"Discover Einstein Bros. Bagels In Napa,CA | Bagels, Coffee &amp; Breakfast",good,,2026-06-22T18:17:36+00:00
f2a6017b-e026-4ad5-977d-bd925d41a15b,200,1,1,1785,,Robot or human?,good,,2026-06-22T18:17:36+00:00
5166ef0f-2bf7-4451-95b2-6ffaf3b5be25,200,1,1,749,Squarespace,Menufy: The Easiest Way To Grow Your Restaurant Online,good,,2026-06-22T18:17:36+00:00
17ebc951-6786-43e2-b145-a1dc4f1b791d,200,1,1,1765,WordPress,Biohazard Cleanup Crime Scene Cleanup Hoarder Cleanup Services in the United States Worldwide - Bio Hazard Plus,good,,2026-06-22T18:17:36+00:00
ccb46f2c-42a2-4c8e-b2b7-43981190fda0,0,0,0,127,,,broken,connection failed,2026-06-22T18:17:36+00:00
6028d6d6-c371-43ce-bf83-92bb788cc4ae,409,0,1,163,,DNS resolution error | www.nooniesplace707.com | Cloudflare,broken,,2026-06-22T18:17:36+00:00
b026883f-720a-42fb-bc9c-0a81acf8d49b,0,0,0,15146,,,broken,connection failed,2026-06-22T18:17:37+00:00
029bdd26-85f2-40eb-8ca0-25511154df8d,200,0,1,181,,Checking your browser...,weak,,2026-06-22T18:17:37+00:00
c99dc3ac-c9d9-46b5-baa2-535cfdc4f565,403,0,1,138,,Attention Required! | Cloudflare,broken,,2026-06-22T18:17:37+00:00
92c8fc3b-0e6d-4bab-a29b-292b88b8518a,200,1,1,530,Wix,"One House Bakery | Benicia, CA | Bread",good,,2026-06-22T18:17:37+00:00
b3291d43-7159-47c6-a462-63afae288c69,0,0,0,47,,,broken,connection failed,2026-06-22T18:17:37+00:00
a6d94970-ea3a-4cbb-a53f-661bf5a94087,200,1,1,235,,SweetFinale.com — Premium Domain For Sale | Atom,good,,2026-06-22T18:17:37+00:00
85d986f6-9a99-47f0-bbc2-b9901011660c,0,0,0,105,,,broken,connection failed,2026-06-22T18:17:37+00:00
ba5d2318-e28f-4ebf-8f04-080f88ad5053,200,1,1,1204,WordPress,Home - Napa Baking Co.,good,,2026-06-22T18:17:37+00:00
8c6d3e25-4ca4-42c2-b8d3-1a29af5c827d,0,0,0,10013,,,broken,connection failed,2026-06-22T18:17:38+00:00
f0964a20-710f-4048-b856-ba2b74b5b9fd,200,1,1,1179,Weebly,Rory's Bakehouse,good,,2026-06-22T18:17:38+00:00
c0d0a7a7-013b-467f-8228-f93edae21028,200,1,1,805,WordPress,"Vallejo Lawyers | Personal Injury, Estate Planning & Elder Law in CA",good,,2026-06-22T18:17:38+00:00
c80443ea-28b7-43e9-9f75-bed922e8c9f4,0,0,0,37,,,broken,connection failed,2026-06-22T18:17:38+00:00
5b2d4420-4df8-4f06-b519-ad5c1956a8c1,200,1,1,637,WordPress,"Vallejo Lawyers | Personal Injury, Estate Planning & Elder Law in CA",good,,2026-06-22T18:17:38+00:00
1c7a2aa0-9607-4dfa-92bd-3932511a994e,200,0,1,583,WordPress,"Bankruptcy Attorney Fairfield, CA – Hughes Financial Law",weak,,2026-06-22T18:17:38+00:00
2c731340-b8cc-44f3-a37c-d8e4ed54f307,404,0,0,230,,,broken,,2026-06-22T18:17:38+00:00
8a59dcb7-0c88-4fb8-83e3-223a0c383943,200,0,0,179,,Chris' Club - Home,weak,,2026-06-22T18:17:38+00:00
b4363093-4408-4d82-8c14-79939256214e,0,0,0,15144,,,broken,connection failed,2026-06-22T18:17:38+00:00
d9c396f6-029d-4dc0-b5fd-fb61b77da725,200,1,1,1718,,Sam&#x27;s Club - Wholesale Prices on Top Brands,good,,2026-06-22T18:17:39+00:00
064bc318-3b68-4822-ad77-c1ddacc39850,200,0,0,121,,,weak,,2026-06-22T18:17:39+00:00
13f55878-194e-4218-be66-0ca318b79080,200,1,1,251,,Napa Store | Whole Foods Market,good,,2026-06-22T18:17:39+00:00
535ba3d3-366d-4139-a3f9-d6d52ab9516d,0,0,0,110,,,broken,connection failed,2026-06-22T18:17:39+00:00
7da695cb-a2bc-4080-a93d-aba56532b453,0,0,0,157,,,broken,connection failed,2026-06-22T18:17:39+00:00
07dd37f9-7c9e-4f94-a4de-f08c34248644,200,1,1,387,Squarespace,Kitchen Door Napa Restuarant,good,,2026-06-22T18:17:39+00:00
53c323fd-2524-4e5a-af37-dcf07d1c12e4,200,1,1,712,WordPress,Mexican Restaurant Fresh Dining Experience | Chevys,good,,2026-06-22T18:17:39+00:00
a3d5a973-bd7b-449f-bbae-72f765e753aa,0,0,0,117,,,broken,connection failed,2026-06-22T18:17:39+00:00
64cca85a-f180-4e3b-832e-7c0296788fba,0,0,0,10010,,,broken,connection failed,2026-06-22T18:17:39+00:00
87134198-4ddd-47c6-be42-733db4272319,0,0,0,122,,,broken,connection failed,2026-06-22T18:17:39+00:00
3c0f01c6-c00d-4ebc-a616-7cd341e47e85,0,0,0,223,,,broken,connection failed,2026-06-22T18:17:39+00:00
ce79881d-faed-425f-851b-7047f383f3c2,200,1,1,490,,Dickey&#x27;s Barbecue Pit | BBQ Near Me | Lunch Near Me,good,,2026-06-22T18:17:39+00:00
c561fe42-d736-49f6-9dd8-fb9ecf6e4a99,200,1,1,451,,Dickey&#x27;s Barbecue Pit | BBQ Near Me | Lunch Near Me,good,,2026-06-22T18:17:39+00:00
1958e507-3802-47a5-a992-339aefa7d797,200,1,1,405,,Dickey&#x27;s Barbecue Pit | BBQ Near Me | Lunch Near Me,good,,2026-06-22T18:17:39+00:00
7b00a544-5538-43ab-af66-f0e240c96e27,0,0,0,213,,,broken,connection failed,2026-06-22T18:17:39+00:00
0326f494-15a4-4c1d-bfa3-68981c13410e,200,1,1,3133,WordPress,"Javies.com - Manualidades, reciclaje, ideas interesantes",good,,2026-06-22T18:17:39+00:00
3de7128d-48c2-4beb-b9d3-52d44a81cba8,0,0,0,37,,,broken,connection failed,2026-06-22T18:17:39+00:00
eb305353-7107-4fe3-afbb-3b85f6f6a808,403,0,0,61,,Access Denied,broken,,2026-06-22T18:17:39+00:00
47f706bf-1307-4833-9666-b2ccc977ece1,0,0,0,10013,,,broken,connection failed,2026-06-22T18:17:39+00:00
88134df8-5834-49a3-b9d7-8620d4c953dc,202,1,0,300,,,weak,,2026-06-22T18:17:39+00:00
e5205154-ba35-43b5-b0af-aff3bb1f5ffd,0,0,0,381,,,broken,"ssl: HTTPSConnectionPool(host='www.hisimagebarbershop.com', port=443): Max retries exceeded with url: / (",2026-06-22T18:17:39+00:00
c1417e96-9ab5-409c-9466-a032f76f3d29,0,0,0,49,,,broken,connection failed,2026-06-22T18:17:39+00:00
01793479-3a4e-4af9-865d-bdbec07852c4,200,1,1,389,,Haircuts for Men | Haircuts Near Me | Sport Clips,good,,2026-06-22T18:17:39+00:00
8076df66-d030-4a2b-a90b-53f1545a0f94,0,0,0,78,,,broken,connection failed,2026-06-22T18:17:39+00:00
ec6ad85e-421d-4cc1-b17b-58f1092d1c9f,0,0,0,36,,,broken,connection failed,2026-06-22T18:17:40+00:00
3aa80978-7eb0-4e6c-9ee9-0bb45707da85,0,0,0,138,,,broken,connection failed,2026-06-22T18:17:40+00:00
8c4202a6-58f5-4990-8c3c-b7f02aaafc62,200,1,1,323,,Elms Beauty,good,,2026-06-22T18:17:40+00:00
5ecf2a9c-798c-434f-9fef-298045431951,0,0,0,151,,,broken,connection failed,2026-06-22T18:17:40+00:00
86051406-0405-49ae-b07c-e14273b80c02,200,1,1,589,Wix,HOME | Kelly Chiropractic - Dr. Jennifer Kelly,good,,2026-06-22T18:17:40+00:00
cbff9c85-8bba-49cd-be75-c736a2b662dd,200,1,1,582,,"NorthBay Health | Solano County | Fairfield, Vacaville",good,,2026-06-22T18:17:40+00:00
1858dd72-0c2e-4b64-9c77-e616e86ca3c3,200,1,1,584,Squarespace,"Ben Ringler, MFT",good,,2026-06-22T18:17:40+00:00
b028306d-32b9-4e56-9a02-c9b4a271cb83,404,1,1,165,,Error | Younique,broken,,2026-06-22T18:17:40+00:00
a26c510b-1abc-4fad-a971-c961e4874074,200,1,1,245,,"Travelodge by Wyndham Vallejo | Vallejo, CA Hotels",good,,2026-06-22T18:17:40+00:00
d79e4f30-3659-4b04-9c62-110b9f4e4c58,200,1,1,221,,"Travelodge by Wyndham Vallejo | Vallejo, CA Hotels",good,,2026-06-22T18:17:40+00:00
a1448567-28fd-44de-88da-0a23be610b4f,0,0,0,100,,,broken,connection failed,2026-06-22T18:17:40+00:00
2ee6b1aa-c270-40f6-9f40-cccf0fdb3e54,200,1,0,253,,,weak,,2026-06-22T18:17:40+00:00
54fc19b4-bc4f-4d81-8c00-aad739da2fd8,404,1,1,505,Wix,,broken,,2026-06-22T18:17:40+00:00
c094d5ca-f31e-4e62-b480-c7d7ab4e8523,200,1,1,514,WordPress,Brand Strategy &amp; Design for Alcohol Beverages | CF Napa Brand Design,good,,2026-06-22T18:17:40+00:00
9257dd30-5904-435f-8b0e-cafe8e545818,200,0,1,625,,JellyWalk - Admin,weak,,2026-06-22T18:17:40+00:00
6bef9d1d-ab38-41fd-a96c-f0148b6568cc,200,1,1,275,Squarespace,Pampas Brazilian Steakhouse,good,,2026-06-22T18:17:41+00:00
bb94d0e5-bfe1-416d-a0f0-a855a7a99589,200,1,0,1117,WordPress,About Us | Karina&#39;s Hair Salon in Carytown,weak,,2026-06-22T18:17:41+00:00
d8633719-ee2e-471a-adba-3d53ce07b082,0,0,0,469,,,broken,"ssl: HTTPSConnectionPool(host='www.napadowntown.com', port=443): Max retries exceeded with url: / (Caused",2026-06-22T18:17:41+00:00
bf585921-9538-49e0-821b-db5a916b0949,200,1,1,1151,,"The Inn On First | Top-Rated Hotel In Napa, CA",good,,2026-06-22T18:17:41+00:00
9cd26480-9227-48fa-9a79-236341586336,200,1,0,398,,,weak,,2026-06-22T18:17:41+00:00
a5c4937a-cc0d-4c99-920c-beff45c15d72,200,1,1,802,,Home | Kool Kids Inc.,good,,2026-06-22T18:17:41+00:00
9e3c7ba3-3157-4d8b-b5e8-072d3c96e35a,200,1,1,347,,California | Locations | Denny&#x27;s,good,,2026-06-22T18:17:41+00:00
b7065f61-93bf-44b4-add6-b5dcc9d4c070,200,1,1,289,WordPress,Huckleberrys - Southern Cookin’ with a California Twist!,good,,2026-06-22T18:17:41+00:00
d12506fb-3505-42da-a93e-f967dbe56d35,200,1,1,143,Webflow,"Levee Cafe, Cafe Restaurant, 501 2 St",good,,2026-06-22T18:17:41+00:00
2061104d-414f-4db9-aee8-d001d216702e,200,1,1,1255,Weebly,Homepage | Eco Chic Life,good,,2026-06-22T18:17:41+00:00
ab424eec-0a49-432b-9e4c-87f29c287397,200,1,1,209,,Home | Anheuser-Busch,good,,2026-06-22T18:17:41+00:00
5bceb46f-bba5-49f9-84f2-bf63182ce5f6,404,1,0,388,,Page not found,broken,,2026-06-22T18:17:41+00:00
5d9f8c05-34bd-4c1b-9522-f42c9f82995f,200,1,1,500,,Meritage Resort &amp; Spa | Napa Valley Vineyard Getaways,good,,2026-06-22T18:17:42+00:00
93f5f604-f06b-43e4-92e5-9a619002a50d,404,1,1,507,,,broken,,2026-06-22T18:17:42+00:00
ca161275-1903-44a1-b32c-7abbc44d7c20,200,1,1,338,,Home | Anheuser-Busch,good,,2026-06-22T18:17:42+00:00
c67bc565-58bc-4adb-acd8-2867ad9468fe,200,1,1,401,,Best Pub in Danville | EJ Phair Alehouse &amp; Pub: Alamo,good,,2026-06-22T18:17:42+00:00
d35e4114-b4fb-4c31-8097-92ac6b529cf7,200,1,1,236,GoDaddy,BSMT - Ruhstaller Farm,good,,2026-06-22T18:17:42+00:00
be26e76e-5b57-4e7f-a878-0a8879a95de5,200,1,1,516,Shopify,Hanabi Lager Co.,good,,2026-06-22T18:17:42+00:00
795915dc-73dc-4eb5-b34f-f41b6df353f3,200,1,1,346,Squarespace,Hooby&#39;s Brewing,good,,2026-06-22T18:17:42+00:00
e77ef35f-f272-4233-8665-6a81b262081b,200,0,0,149,,Default Web Page,weak,,2026-06-22T18:17:42+00:00
b476f851-c11d-43e7-a453-59ff2e295934,200,1,1,2965,,Stags Barbershop,good,,2026-06-22T18:17:42+00:00
40f9197e-9dba-4ff4-818e-bf5a5f5b0237,200,1,1,1663,Shopify,UANGTOGEL âï¸ Platfom Bandar Slot Resmi & Togel 4D Pasti Langsung Cair,good,,2026-06-22T18:17:42+00:00
496a3a81-78fa-424b-aa12-09f2c1f3b5c3,0,0,0,35,,,broken,connection failed,2026-06-22T18:17:42+00:00
c5f19c76-6b35-4105-a347-71b6dce23227,200,1,1,739,Webflow,Redirect | BentoBox,good,,2026-06-22T18:17:42+00:00
67ee001b-4c4d-4788-929b-29c01a141129,200,1,1,460,,Tannery Bend Beerworks,good,,2026-06-22T18:17:42+00:00
bf674927-1272-43da-b53b-7f7d0a1c4825,403,1,1,385,,Just a moment...,broken,,2026-06-22T18:17:42+00:00
12dd581b-cdb4-4b89-8eb2-25416888a96b,403,0,1,145,,Just a moment...,broken,,2026-06-22T18:17:42+00:00
458756fc-b7fe-485c-9605-6452ec32a9d6,200,1,1,467,,Home &amp; Business Cleaning Services,good,,2026-06-22T18:17:43+00:00
db41ea13-e163-463b-91e9-6612d7e4ba61,200,1,1,6677,WordPress,FAMOUS CREATIONS | MAKING MAGIC HAPPEN,weak,,2026-06-22T18:17:43+00:00
f78db6be-4ae1-4620-acc8-be0d93692d30,403,1,1,75,,Attention Required! | Cloudflare,broken,,2026-06-22T18:17:43+00:00
4ccc744d-2a9c-4fe1-8f8a-5db87172f4b3,0,0,0,48,,,broken,connection failed,2026-06-22T18:17:43+00:00
bf4ae64c-833a-4b35-9128-b2feae278aa3,200,1,1,730,WordPress,"Napa Valley Hearth - Full Service Hearth Shop - Napa, CA 94559",good,,2026-06-22T18:17:43+00:00
691c0167-7bdf-473d-90d8-fc1ad2cbddb0,200,1,1,421,,"Big Deal Burger - Burger Restaurants | [ADDRESS_LINE_1], Napa, [ST]",good,,2026-06-22T18:17:43+00:00
f302ce64-5960-4f5e-90f3-e3efbf49e0f6,200,1,1,234,Squarespace,Burgers &amp; Half Bottles,good,,2026-06-22T18:17:43+00:00
d2248ffc-8694-413f-91d2-6874aad33689,0,0,0,112,,,broken,connection failed,2026-06-22T18:17:43+00:00
016c84f2-b785-4ebb-8772-9c94096d48e3,200,1,1,389,WordPress,Download the BurgerFi App &amp; Get Free Fries | BurgerFi,good,,2026-06-22T18:17:43+00:00
800e4d62-fbc7-4441-a1bb-dd7805126234,200,1,1,330,,Carl&#x27;s Jr. Locations in the United States,good,,2026-06-22T18:17:43+00:00
f18483ad-f840-4d30-8aea-7569777885e3,0,0,0,15174,,,broken,connection failed,2026-06-22T18:17:43+00:00
d585e97f-a0bb-441e-80a6-81d6bc41f13c,200,1,1,343,WordPress,Johnny Rockets,good,,2026-06-22T18:17:43+00:00
5fd52d79-0ffd-4f06-a2bf-d5915c9c88b8,200,1,1,207,WordPress,Bank Cafe Napa » In the Westin Verasa,good,,2026-06-22T18:17:43+00:00
17c131fc-6c34-42d2-892b-69703a5cf38a,200,1,1,126,,Meritage Resort &amp; Spa | Napa Valley Vineyard Getaways,good,,2026-06-22T18:17:43+00:00
fda40b41-acca-4e07-b563-719c65f942b7,403,1,1,254,,Just a moment...,broken,,2026-06-22T18:17:43+00:00
87b5c101-4767-4e42-9098-39c5f1e4fee2,200,1,1,193,,POS System & Credit Card Readers | Clover,good,,2026-06-22T18:17:43+00:00
9cfb308e-3f83-430b-a4e1-e377b561c224,404,0,0,169,,Site Not Configured | 404 Not Found,broken,,2026-06-22T18:17:43+00:00
efdacca1-dc86-4081-a07e-b6f1427d4d21,200,1,1,196,,Worldwide Restaurant Directory | DiningGuide,good,,2026-06-22T18:17:43+00:00
4ecde781-022a-44ec-857b-57e394d501ea,200,1,1,8610,GoDaddy,"Californiabearhauling - Junk Removal, Trash Removal, Junk Hauling",weak,,2026-06-22T18:17:43+00:00
710ececb-926a-4d00-8cdc-73b8da2c4759,200,1,1,1493,,Stone Brewing | Craft Beer &amp; Brewery Tours,good,,2026-06-22T18:17:43+00:00
35030102-505a-4cfa-bf61-eadcf667fcae,0,0,0,100,,,broken,connection failed,2026-06-22T18:17:43+00:00
bac60ed3-9bd3-4354-a0e3-40a7ee08af66,0,0,0,229,,,broken,connection failed,2026-06-22T18:17:43+00:00
b7e76c07-0cfa-4953-a5af-0c438a5dc61e,200,1,1,597,Wix,Home | aungmaylika,good,,2026-06-22T18:17:43+00:00
8de752b4-d66e-40fb-8f16-15af9b776efc,200,1,1,473,Shopify,"Store Directory for Vacaville Premium Outlets&#174; - A Shopping Center In Vacaville, CA - A Simon Property",good,,2026-06-22T18:17:43+00:00
3f1a28dc-6b21-4a5d-9325-0e7507389670,200,1,0,197,,,weak,,2026-06-22T18:17:43+00:00
b8d21b2d-c035-4a64-8600-ca1ffbd2f1f6,0,0,0,147,,,broken,connection failed,2026-06-22T18:17:43+00:00
fcc600d4-2162-400c-abba-d419fcb29dfe,404,1,1,725,,Coming Soon | Jelly Belly,broken,,2026-06-22T18:17:44+00:00
75be91c4-e099-4551-a645-4119d6619874,200,1,1,488,Squarespace,Southside Napa,good,,2026-06-22T18:17:44+00:00
e10dc384-fad3-43f3-ba05-0db672503ed8,200,1,1,521,Squarespace,Southside Napa,good,,2026-06-22T18:17:44+00:00
ca80c08c-017f-423e-acf9-a4e241d76e6a,0,0,0,215,,,broken,connection failed,2026-06-22T18:17:44+00:00
4c3adc2c-c8ec-4f53-844c-47e7eb8c37e7,200,0,0,246,,,weak,,2026-06-22T18:17:44+00:00
0f007710-9af2-411b-a5fc-6b1635710555,0,0,0,687,,,broken,"ssl: HTTPSConnectionPool(host='www.westcoastnutritionroseville.com', port=443): Max retries exceeded with",2026-06-22T18:17:44+00:00
7f043b78-8a48-4591-ab0a-4746dc25658c,200,1,0,631,,Professional Carpet and Upholstery Cleaning in Napa CA,weak,,2026-06-22T18:17:44+00:00
70df5f1f-a291-4be7-ae1b-de90e28e1c47,0,0,0,8,,,broken,connection failed,2026-06-22T18:17:44+00:00
eec8a3d6-5cbc-4493-8af5-274994033535,404,1,0,460,,,broken,,2026-06-22T18:17:44+00:00
a6c5b361-1baf-451a-a83e-255dde410462,200,1,1,517,,Heaven's Best Carpet Cleaning - Dry in 1 Hour,good,,2026-06-22T18:17:44+00:00
6f579f60-cdaa-4253-9c72-5b20ef49368e,200,1,1,246,Wix,Pickup and Delivery Services | Graze Provisions – United States,good,,2026-06-22T18:17:44+00:00
b3bd465f-7277-4605-a29a-9cb2ea7a17d2,404,0,0,297,,Microsoft Azure Web App - Error 404,broken,,2026-06-22T18:17:44+00:00
ac510ab9-8a9e-412d-81d3-1afbc903f6eb,200,1,1,804,,Heaven's Best Carpet Cleaning - Dry in 1 Hour,good,,2026-06-22T18:17:44+00:00
1c871bd8-b048-419b-9fc9-5824236e24a8,200,1,1,650,Wix,Chef Rozanna Catering | Event Planning | San Francisco,good,,2026-06-22T18:17:44+00:00
6e0fa46f-4f4b-4bd3-b181-d9dce205e34c,200,1,1,1243,WordPress,Carpet Cleaning Napa CA | 2 Rooms Cleaned for $139 | National Multi Steam,good,,2026-06-22T18:17:45+00:00
2d79913c-d0d0-4a1d-b9cc-51af54623117,200,1,1,659,Wix,Angry Chickz | Nashville Hot Chicken | California,good,,2026-06-22T18:17:45+00:00
62709ac3-849d-475e-a674-4624dabc5d6a,200,1,1,276,,Top-Rated early care and education provider in Fairfield &amp; Vallejo,good,,2026-06-22T18:17:45+00:00
45adb23e-bbf8-48b4-bcd8-45d5a832850b,200,1,1,984,WordPress,America&#039;s Best Philly Cheesesteak Restaurant | Charleys,good,,2026-06-22T18:17:45+00:00
9c5eba41-2283-4bbf-815e-31a4a59f021d,200,1,1,805,,"Jollibee - Fried Chicken, Burgers &amp; Pies - 1450 Travis Blvd | Fast Food Restaurant",good,,2026-06-22T18:17:45+00:00
4a424ce3-11e2-4001-9a1b-64076dc54ad6,200,1,1,1508,WordPress,United Carpet & Upholstery Cleaning | Carpet Cleaning Services,good,,2026-06-22T18:17:45+00:00
af5ee5f4-178a-49fc-9651-adb64d40c2f3,200,1,1,858,,All Locations | Wing Boss,good,,2026-06-22T18:17:45+00:00
cd4c16d5-785f-4119-a7a6-683581ea268d,200,1,1,800,,"Bright Beginning Daycare Home Preschool - Vacaville, CA 95687 | Upwards",good,,2026-06-22T18:17:45+00:00
a0a6a6c5-7997-4e4d-b1e4-98963751790f,200,1,1,919,,"1 Step At a Time Childrens Programs Daycare Home Preschool - Fairfield, CA 94533 | Upwards",good,,2026-06-22T18:17:45+00:00
b69026d6-0683-4147-a468-fdd68b868782,0,0,0,108,,,broken,connection failed,2026-06-22T18:17:45+00:00
640f9980-7986-4af4-bf98-4a960016cb18,200,0,0,214,,Under Construction,weak,,2026-06-22T18:17:45+00:00
ceed8b47-bcdd-4c9e-aea7-ff0ba7c5c283,200,1,1,766,,Search for child care providers near you | Upwards,good,,2026-06-22T18:17:46+00:00
c2c80698-4bfd-40ca-9e67-d5de1763d198,200,1,1,734,,Search for child care providers near you | Upwards,good,,2026-06-22T18:17:46+00:00
3f2b47ea-72d0-498e-be8b-81c07db8ccab,200,1,1,828,,Search for child care providers near you | Upwards,good,,2026-06-22T18:17:46+00:00
b1b189b1-c2ce-4f5a-871b-20326a9928c3,200,1,1,802,,"Little Yankee Daycare Home Preschool - Vacaville, CA 95687 | Upwards",good,,2026-06-22T18:17:46+00:00
aedaaec5-e10d-4751-a5ce-915b0678229d,0,0,0,15,,,broken,connection failed,2026-06-22T18:17:46+00:00
7f1d047d-1e02-452e-937b-aa6bab8cf2a6,200,1,1,806,,"Perkins Family Home Preschool - Vallejo, CA 94590 | Upwards",good,,2026-06-22T18:17:46+00:00
a2938356-df0c-4703-ab05-9e4e30289b03,0,0,0,268,,,broken,"ssl: HTTPSConnectionPool(host='stores.shopjustice.com', port=443): Max retries exceeded with url: / (Caus",2026-06-22T18:17:46+00:00
3eaa97ba-a029-41d3-9fcc-93732c354651,200,1,1,1690,,Locations - Wing Boss (Order Online),good,,2026-06-22T18:17:46+00:00
a9a76645-9bdb-469d-bc21-4094fd0cc90f,0,0,0,41,,,broken,connection failed,2026-06-22T18:17:46+00:00
b96336f4-16a6-4320-83b5-0059cb70a50a,200,1,1,214,,Home | Peking Express,good,,2026-06-22T18:17:46+00:00
112f9db1-ff16-42a1-93e9-3457e62e78d5,200,1,1,8406,GoDaddy,"Bankruptcy, Attorney - LAW-PRO-9, P.C. - Vacaville, California",weak,,2026-06-22T18:17:46+00:00
deee12bc-2c04-4b70-99e3-f27bdd6437b0,200,1,1,223,,Napa Family Chiropractor | Jackson &amp; Vieyra Chiropractic,good,,2026-06-22T18:17:46+00:00
c94d8e48-a9b2-44b1-8314-2fc55e05db98,200,1,0,643,,"Chinese carry out, Best Chinese food, Tyson�s Vienna Va | China Express | Chinese cuisine, egg roll, Chinese Cafe, Szechuan dishes, Human cuisine, Carry Out, Pick-up, Catering Service, cuisine Szechua",weak,,2026-06-22T18:17:46+00:00
74cda78d-cfc8-4188-bd24-80c0491a1273,0,0,0,490,,,broken,"ssl: HTTPSConnectionPool(host='www.vacavillechiropractor.net', port=443): Max retries exceeded with url: ",2026-06-22T18:17:46+00:00
fd172c67-d1db-4258-a9a2-6a18a5df84dc,0,0,0,104,,,broken,connection failed,2026-06-22T18:17:46+00:00
976b5843-5b11-45bc-9f80-3bd26e977fb5,200,1,1,192,GoDaddy,Expert Chiropractic Care in Napa Valley,good,,2026-06-22T18:17:46+00:00
3ecf3a13-acc0-4b5a-9a17-677c1915a8ec,403,1,1,241,,Just a moment...,broken,,2026-06-22T18:17:46+00:00
4c605264-4868-44c0-a601-88de480b046e,200,1,1,882,,Hop Hing&#039;s Kitchen,good,,2026-06-22T18:17:47+00:00
cf872578-88f4-4021-aace-cf3412fd3df1,200,0,1,439,,,weak,,2026-06-22T18:17:47+00:00
820c95de-d5eb-4a6a-83f0-617a61edbc98,200,1,1,539,,Domain For Sale,good,,2026-06-22T18:17:47+00:00
2e88fe52-672b-48fb-a23e-0804c2b7e884,200,1,1,1815,,Carter&#x27;s Vacaville Premium Outlets | Baby &amp; Kids Clothing Store,good,,2026-06-22T18:17:47+00:00
6c97db02-81ef-4d99-bca2-dbf10b970b91,200,1,1,1843,,Carter&#x27;s Vacaville Premium Outlets | Baby &amp; Kids Clothing Store,good,,2026-06-22T18:17:47+00:00
327af087-241b-4967-8d69-2c7eb402ad3f,200,1,1,213,,"Lands' End: Quality Clothing, Swimwear, Outerwear and Footwear",good,,2026-06-22T18:17:47+00:00
7bbf56a9-4949-46d1-a194-840f46069ff9,200,1,1,699,Shopify,Women's Casual &amp; Elegant Clothing | EILEEN FISHER,good,,2026-06-22T18:17:47+00:00
c2725691-94ae-4c54-a32b-ee25d002fab1,200,1,1,1526,,Chiropractor in Napa | Giles Chiropractic | $69 New Patient Special,good,,2026-06-22T18:17:47+00:00
7f4201c0-d308-4644-a4b0-048cd31edcde,200,1,1,664,Shopify,FORTY FIVE TEN,good,,2026-06-22T18:17:47+00:00
8dee79da-a367-49f3-b497-192e904e8e68,307,1,1,94,,Access to this page has been denied,good,,2026-06-22T18:17:47+00:00
d4a4f357-2d59-4fc4-a7ea-f60b6950a328,200,1,1,436,WordPress,"AUDIO XPERTS &#8211; Vacaville, CA Ignition Interlock Services | Low Cost Interlock",good,,2026-06-22T18:17:47+00:00
15ca7065-2ef3-42f4-9101-8d1359af089f,0,0,0,109,,,broken,connection failed,2026-06-22T18:17:47+00:00
2a024a04-75d0-43ec-8f97-a81d8795996b,200,1,1,441,WordPress,"AUDIO HOUSE &#8211; Napa, CA Ignition Interlock Services | Low Cost Interlock",good,,2026-06-22T18:17:47+00:00
015da635-92b2-45c1-9720-7630dd926d0a,200,1,1,495,WordPress,"PANCHOCISCO TUNES &#8211; Vallejo, CA Ignition Interlock Services | Low Cost Interlock",good,,2026-06-22T18:17:48+00:00
dee925e5-0397-4ac0-ab90-63583b7ef2db,200,1,1,1721,,"Heckard Chiropractic: Chiropractic Care for Back Pain in Napa, CA",good,,2026-06-22T18:17:48+00:00
bb624205-f61d-4d81-8a2c-ee259eeb04fc,200,1,1,156,WordPress,Ross Dress For Less,good,,2026-06-22T18:17:48+00:00
57a02f7c-eb85-467f-bcd3-7a8e69187575,200,1,1,1244,Shopify,"Carnival costumes, samba costumes, samba shoes, wire farme &ndash; BrazilCarnivalShop",good,,2026-06-22T18:17:48+00:00
2dafe99c-252a-4afa-8aca-612a40580348,200,1,1,2497,,Carter&#x27;s Napa Premium Outlets | Baby &amp; Kids Clothing Store,good,,2026-06-22T18:17:48+00:00
c1c75a6a-ba14-4d5d-bc09-69c65affbdee,200,1,1,491,,"Old Navy | Affordable Clothing for Women, Men, Kids &amp; Baby",good,,2026-06-22T18:17:48+00:00
7b56e345-c227-4365-861e-f30f5de357ec,200,1,1,316,,Gano Excel US â Enriching Lives Through Ganoderma,good,,2026-06-22T18:17:48+00:00
d34bbd83-14ba-4135-9df1-a512e0c6dbfc,200,0,0,202,,,weak,,2026-06-22T18:17:48+00:00
0e7f1383-34f4-400d-a6fd-0a6a50008fb8,403,1,1,347,,Just a moment...,broken,,2026-06-22T18:17:48+00:00
8b20026c-a7a1-4d57-bd6e-dcbadcb79255,200,1,1,247,Shopify,"Gloria Jean’s Coffees: Gourmet Flavors, Flavor Famous",good,,2026-06-22T18:17:48+00:00
4e0554f0-a821-444f-ab36-891aa87feb8c,0,0,0,187,,,broken,connection failed,2026-06-22T18:17:48+00:00
6916fffb-5ae0-4be4-a4bb-bca8bb1bed0f,200,1,1,575,WordPress,|,good,,2026-06-22T18:17:48+00:00
0e3a8a70-419d-4faa-b005-cc0db716b3a7,0,0,0,30,,,broken,connection failed,2026-06-22T18:17:48+00:00
0ab833cc-f5b2-468f-950b-a48285c86b35,200,1,1,271,Shopify,Journey Coffee Co.,good,,2026-06-22T18:17:48+00:00
e051f2fb-281a-4a74-9586-a06eb3723c0f,200,1,1,277,,"Saxbys | For Students, By Students with a Mission to Make Life Better",good,,2026-06-22T18:17:48+00:00
e2c025cd-922e-46e9-a920-39cdc72c98d8,0,0,0,80,,,broken,connection failed,2026-06-22T18:17:48+00:00
62f0ba89-52fe-44a1-855b-c2541139460f,0,0,0,38,,,broken,connection failed,2026-06-22T18:17:48+00:00
2e28a9c9-b222-4d23-bcae-784a635bd213,200,1,1,785,WordPress,Ignition Interlock Device Installation Locations | Find a Location Near You,good,,2026-06-22T18:17:48+00:00
d6a96706-0056-4d8d-a3a5-82d0034db5d1,200,1,1,290,Squarespace,The Quarters Coffee House,good,,2026-06-22T18:17:48+00:00
0a173aff-1bad-4fdc-89ed-f8ca369b2e23,200,1,1,370,WordPress,Ghilotti Construction Company,good,,2026-06-22T18:17:48+00:00
b6544afe-b7d8-43cf-ad62-ab3f743f7bf5,0,0,0,183,,,broken,connection failed,2026-06-22T18:17:48+00:00
d316161a-46c3-4bb4-a7bb-4ac550c5a90b,200,1,1,978,,BayAreaCoffeeInc.com,good,,2026-06-22T18:17:48+00:00
b85a34a6-c276-48ce-ab56-7de6bf6dc83f,200,1,1,467,,CSLB-Home -CSLB,good,,2026-06-22T18:17:49+00:00
5e4a68e9-893e-49d2-ac86-3293a0d5f131,200,0,0,289,,"Marsey Bros Construction, Inc",weak,,2026-06-22T18:17:49+00:00
8ce0a17b-4865-49e0-974b-e7b795413fbc,200,1,1,456,,CSLB-Home -CSLB,good,,2026-06-22T18:17:49+00:00
9aee089a-26a6-402a-aaed-259f5a1bd7a3,200,1,1,674,Webflow,"In Service Builders | Interior, Exterior &amp; ADU Construction in Northern California",good,,2026-06-22T18:17:49+00:00
4cb69b11-4a1a-4787-b8d2-b5d23177814f,403,1,0,779,,403 Forbidden,broken,,2026-06-22T18:17:49+00:00
c2f94e22-b1fc-45bb-aeb2-ab87e37b4f34,200,1,1,439,,CSLB-Home -CSLB,good,,2026-06-22T18:17:49+00:00
e717feb8-d496-44c5-a05d-e009333676fd,200,1,1,330,,"Napa Resort | Luxury Spa, Golf, Tennis, Pickleball, &amp; Suites",good,,2026-06-22T18:17:49+00:00
064f4c32-f157-44f5-a78a-da053af5f55e,0,0,0,751,,,broken,connection failed,2026-06-22T18:17:49+00:00
f9ebe40a-fc05-4622-a40f-2eaf9079a0f3,0,0,0,617,,,broken,connection failed,2026-06-22T18:17:49+00:00
55ec54df-e9f4-4fe5-b193-652857ed9aac,202,0,0,440,,,weak,,2026-06-22T18:17:49+00:00
4bcf4d01-d91b-4c08-8659-a58b83eebafa,0,0,0,154,,,broken,connection failed,2026-06-22T18:17:49+00:00
64400c4f-24a9-4899-b1ec-d3de19d270f7,200,1,0,1710,,Redirect...,weak,,2026-06-22T18:17:49+00:00
7745a76c-974d-48fc-a00f-e988486a15eb,200,1,1,365,,"TNK Construction in Northbrook, IL",good,,2026-06-22T18:17:49+00:00
4e5612f3-3eb8-4185-9e15-759ac128f7e9,200,1,1,245,WordPress,Naturcolor - Herbal Based Haircolor,good,,2026-06-22T18:17:49+00:00
4fb8dfc7-e2c3-4e06-8ae6-ac81645c79b9,200,1,1,326,Shopify,,good,,2026-06-22T18:17:50+00:00
6285c7e4-5ce5-4e75-9f0d-fcc3ca320e03,200,1,1,433,Drupal,MAC Cosmetics | Beauty and Makeup Products - Official Site,good,,2026-06-22T18:17:50+00:00
3ceda9c5-3658-404e-bcf8-dfcbd94ac10b,0,0,0,16,,,broken,connection failed,2026-06-22T18:17:50+00:00
c129695f-5551-47dc-bf09-532baf1cb1fe,200,1,1,487,,LUSH Fresh Handmade Cosmetics | Vegetarian &amp; Cruelty Free | LUSH,good,,2026-06-22T18:17:50+00:00
fca428e6-8dd3-4c18-b41b-a8ba1d6d281d,200,1,1,450,WordPress,Home - Naturally Vibrant Organics,good,,2026-06-22T18:17:50+00:00
69189e55-99d8-40d5-aee1-c337c73bfd02,200,1,1,3578,WordPress,"Experienced &amp; Reliable Cleaning Services in Fairfield, CA | Sunset Cleaning Services",good,,2026-06-22T18:17:50+00:00
0d708c3a-e1a4-4345-9db7-0d753610098c,403,0,0,298,,,broken,,2026-06-22T18:17:50+00:00
9521296c-0050-402e-bc26-adb4c00dbc7b,200,1,1,738,,Mary Kay® | Empowering Women Since 1963,good,,2026-06-22T18:17:50+00:00
ef4c9755-8970-418c-96e5-5f881f20d951,200,1,1,313,Wix,Vacaville Dental Smiles | Quality Dental Care | Cosmetic Dentistry,good,,2026-06-22T18:17:50+00:00
bef865ff-f277-47ab-ba25-679be9bace6e,200,1,1,2194,WordPress,"Camenzind Dredging, Inc. &#8211; Mechanical &amp; Portable Hydraulic Suction Dredging.",good,,2026-06-22T18:17:50+00:00
cf3cc22c-59b8-4854-8622-18796f7c40bb,200,1,1,1047,,"Kate Beauty | Health &amp; Beauty in Benicia, CA",good,,2026-06-22T18:17:50+00:00
79e569b5-016c-441c-9946-172575be07b2,0,0,0,217,,,broken,connection failed,2026-06-22T18:17:50+00:00
99bc71bf-3a44-4943-b571-4cddbcf673a9,200,1,1,557,,UPS Authorized Shipping Outlet in PAK MAIL US695 at 3069 ALAMO DR,good,,2026-06-22T18:17:51+00:00
7d47d9e7-0ead-49f8-a763-aca70ec8b6c9,200,1,1,530,,UPS Authorized Shipping Outlet in CARTONS & CRATES at 3250 CALIFORNIA BLVD,good,,2026-06-22T18:17:51+00:00
a57d3dda-b415-4d6e-adb8-b05d5c6176cc,200,1,1,816,WordPress,Dental care,good,,2026-06-22T18:17:51+00:00
d33cab99-a290-4eb1-acc5-0fc85b7b835d,200,1,1,154,Shopify,"Bluemercury Bel Aire Plaza | Napa, CA",good,,2026-06-22T18:17:51+00:00
47c58121-98a6-4d27-82ab-940b0954ab8f,200,1,1,351,WordPress,"PCI: Performance Contracting, Inc. | Top Specialty Contractor",good,,2026-06-22T18:17:51+00:00
27d3d824-b184-43bb-b250-cc5a482a05a1,200,1,1,409,,Motorcycle Gear | Shop Online & Stores Near You! - Cycle Gear,good,,2026-06-22T18:17:51+00:00
69b01640-d757-4bf3-9f88-f73b851d0f56,200,1,1,1503,,"Rio Vista, CA Dentist - Dentistry of the Delta - General Dentist",good,,2026-06-22T18:17:51+00:00
d257cb4d-d0f3-4992-9d26-3b7a7d596fe2,403,0,1,153,,Just a moment...,broken,,2026-06-22T18:17:51+00:00
ea5db2a0-034c-46dd-b9c9-6df39844e255,200,1,1,144,,Meritage Resort &amp; Spa | Napa Valley Vineyard Getaways,good,,2026-06-22T18:17:51+00:00
9bed482b-66da-4b42-9efe-d5fd0d45cfa3,200,1,1,370,,"Relax Nails &amp; Spa in Fairfield, CA 94533 | Beauty, Nail, Hair, Facial",good,,2026-06-22T18:17:52+00:00
4d912d8e-73d6-43cc-9708-35bb869dee47,200,1,1,395,,"Spa Terra | The Meritage Resort and Spa | Napa, CA",good,,2026-06-22T18:17:52+00:00
6c02e90d-9877-4fbd-b3bf-1c74fb7691bf,200,1,1,1876,WordPress,"Center for Contemporary Dentistry | Dentist Vacaville, CA",good,,2026-06-22T18:17:52+00:00
733c0ca5-e20b-4917-88a0-7511b40442de,200,1,1,1638,WordPress,"Center for Contemporary Dentistry | Dentist Vacaville, CA",good,,2026-06-22T18:17:52+00:00
9b1f0416-2aed-4e39-bac5-bae84c451d2d,200,1,1,861,,Asian Massage Vallejo Asian Massage Vallejo Asian Massage near Me Best Asian and Adult Massage Vallejo,good,,2026-06-22T18:17:52+00:00
33d7ea90-15b3-4828-aa4a-21cf92f64e4b,200,1,1,3177,WordPress,INICIO - Pretty Woman Center,good,,2026-06-22T18:17:53+00:00
cadf2702-4aec-4fdc-8bf1-4ab994f9ac0e,0,0,0,15182,,,broken,connection failed,2026-06-22T18:17:56+00:00
1fbd23f7-4488-4e56-9d82-013182884807,200,1,1,6277,WordPress,"Home - Quality Over Quantity - Cosmetic, General Dentistry",weak,,2026-06-22T18:17:57+00:00
800ff0ba-542d-4a11-b559-341ad536cd96,0,0,0,15307,,,broken,connection failed,2026-06-22T18:17:58+00:00
761ecfb2-b814-457b-8d5e-3127a4bda609,0,0,0,10028,,,broken,connection failed,2026-06-22T18:17:58+00:00
ae1185d6-129f-40b5-9ffd-2614e69259da,0,0,0,15288,,,broken,connection failed,2026-06-22T18:18:04+00:00
0753235c-d3c0-47b3-94d1-06f862394e2c,0,0,0,15412,,,broken,timeout,2026-06-22T18:18:07+00:00
