id,http_status,https,mobile,load_ms,builder_live,title,audit_grade,error,checked_at
7c94abf0-8e47-4027-99ae-6af3a6b46220,404,1,0,242,,Error 404 (Not Found)!!1,broken,,2026-06-22T12:51:06+00:00
fcad85b8-bf7f-4c4f-ba76-d35c88e9c7df,404,1,0,249,,Error 404 (Not Found)!!1,broken,,2026-06-22T12:51:06+00:00
8610f94b-727d-4bda-9c00-08e89e27ed1b,404,1,0,265,,Error 404 (Not Found)!!1,broken,,2026-06-22T12:51:06+00:00
4c901045-7b80-4432-993a-1f962599f552,404,1,0,268,,Error 404 (Not Found)!!1,broken,,2026-06-22T12:51:06+00:00
8ac5f98b-c166-4140-8a78-0bc04296dbb4,404,1,0,279,,Error 404 (Not Found)!!1,broken,,2026-06-22T12:51:06+00:00
67f62c39-910e-4699-9828-81f978925242,404,1,0,281,,Error 404 (Not Found)!!1,broken,,2026-06-22T12:51:06+00:00
b6b8f241-641c-4023-98a6-73146f9deb11,200,0,1,304,,"Richard Olmsted, CPA",weak,,2026-06-22T12:51:06+00:00
d22ebcff-3a13-4a23-91e3-263936213657,200,0,1,313,Webflow,CHUCKLES GARAGE,weak,,2026-06-22T12:51:06+00:00
7a31eb9e-3e70-4059-adc9-97b5e70e25cc,200,1,1,142,Weebly,Home,good,,2026-06-22T12:51:06+00:00
a3c40e1a-f1c5-42d4-94e9-2af12137a8b1,404,1,1,417,Wix,,broken,,2026-06-22T12:51:06+00:00
8b7c1dd3-d237-44c6-8ff4-fa3e58bc8d19,404,1,0,188,,Error 404 (Not Found)!!1,broken,,2026-06-22T12:51:06+00:00
40b7115b-0864-40a1-adff-3392f156943f,200,1,1,256,,Square Booking Flow,good,,2026-06-22T12:51:06+00:00
0e15d94f-9888-4fac-8b8c-c54fb2f01bfb,200,1,1,355,Weebly,GROOMSMITHS BARBERSHOP - Home,good,,2026-06-22T12:51:06+00:00
8d1df371-ef2c-4ea9-8694-9050884331a1,404,1,0,189,,Error 404 (Not Found)!!1,broken,,2026-06-22T12:51:06+00:00
c8fe104a-a795-4538-a206-cfcf79a2f1e9,404,1,1,229,Wix,404 Error: Page Not Found | Wix.com,broken,,2026-06-22T12:51:06+00:00
37c3bf63-9eba-476f-b456-3cfee70da89b,429,0,1,19,Weebly,Just a moment...,broken,,2026-06-22T12:51:06+00:00
039f99a9-73a7-450d-9a20-b21023733993,200,1,1,581,Weebly,,good,,2026-06-22T12:51:07+00:00
bfdfddbd-47c4-4541-a893-b8befccb20cb,200,1,1,869,Squarespace,Home | My Site,good,,2026-06-22T12:51:07+00:00
e57212df-94f5-4f7c-ac1b-2cd78fc15819,200,1,1,597,Weebly,Shop All | ISABELA DUAIN BEAUTY,good,,2026-06-22T12:51:07+00:00
64168c4f-71a4-4da5-be90-bd4d3a892b27,200,1,1,434,Weebly,,good,,2026-06-22T12:51:07+00:00
1516e5ed-e765-4937-aaa5-d3c0154d07a7,200,1,1,898,Weebly,Home | Delicious Delightful,good,,2026-06-22T12:51:07+00:00
382c457e-2ac1-4046-ae41-a83b81594bda,200,1,1,656,Weebly,,good,,2026-06-22T12:51:07+00:00
1a56665e-91c7-407f-95f9-d30c20cb3674,200,1,1,650,Weebly,,good,,2026-06-22T12:51:07+00:00
b2b9c4b3-4942-4c57-af24-4f76daef3ca8,200,0,1,114,Weebly,Cuppa - Home,weak,,2026-06-22T12:51:07+00:00
c4b5f1cf-5c46-488b-845f-c177f6c628ef,404,1,0,169,,Error 404 (Not Found)!!1,broken,,2026-06-22T12:51:07+00:00
b74dc3e6-1f8a-4ef5-bd5f-56b6f703cbef,200,1,1,389,Weebly,,good,,2026-06-22T12:51:07+00:00
25e3570e-c2f4-4068-a32e-5116f8353de3,404,1,0,247,,Error 404 (Not Found)!!1,broken,,2026-06-22T12:51:07+00:00
2df1c5ec-df72-43e2-8c4b-cdc25aaee3a2,200,1,1,674,Weebly,Appointments | Lashes by Lauren Holster,good,,2026-06-22T12:51:07+00:00
7245987e-e8db-495d-9021-1932f5a5d0ea,200,1,1,477,GoDaddy,LocalQ 707 at the LAB,good,,2026-06-22T12:51:07+00:00
2186b49a-e3a4-4e58-966a-81aa69f5dac5,404,1,1,357,,Page Not Found,broken,,2026-06-22T12:51:07+00:00
d17b6b47-46a4-4afe-bc72-345843bce96d,200,1,0,43,WordPress,"Robin&#039;s Nest DayCare | Child care with an emphasis on consistency, parental involvement and nurturing!",weak,,2026-06-22T12:51:07+00:00
d9a4ecb6-64d5-41ca-a4ec-f2ce615b110d,404,1,0,183,,Error 404 (Not Found)!!1,broken,,2026-06-22T12:51:07+00:00
b1e54eeb-fbe4-4a77-bfe4-19ef4dbc6d9c,200,1,1,661,,Square Booking Flow,good,,2026-06-22T12:51:07+00:00
a4d722c7-27c5-47b6-9e26-79edea501250,200,1,1,828,Weebly,,good,,2026-06-22T12:51:07+00:00
39d4508b-1549-40c9-9205-b8e1d3e22978,404,1,0,183,,404 - Page Not Found,broken,,2026-06-22T12:51:07+00:00
c599d359-7f5a-460a-aeb6-7fa59aa9731f,404,0,1,238,Weebly,404 - Page Not Found,broken,,2026-06-22T12:51:07+00:00
4d8dac54-ee9c-4387-80a6-1e865d6de393,200,1,1,630,Weebly,,good,,2026-06-22T12:51:07+00:00
e30e5317-3241-4bee-96c7-d2147393a5c7,404,1,0,207,,Error 404 (Not Found)!!1,broken,,2026-06-22T12:51:07+00:00
35ccb3cc-aa7e-4b7e-8137-f46fcb67fc6a,404,1,1,221,Wix,,broken,,2026-06-22T12:51:07+00:00
cfe7acf3-37ae-4988-927f-2068c36d93ae,200,1,0,290,Weebly,Fetrow Family Child Care - Welcome,weak,,2026-06-22T12:51:07+00:00
d3e65567-a483-4a15-9040-52e972f01800,200,1,1,71,Weebly,,good,,2026-06-22T12:51:07+00:00
30cabae2-a4a2-47db-8970-21fddb45efdc,200,1,1,772,Weebly,"RIVERTOWN CHIROPRACTIC (DR.WENDY STAPLES HICKS, DC, QME) - Dr. Wendy Staples Hicks, D.C.",good,,2026-06-22T12:51:07+00:00
042ba4d2-d5df-4931-9f47-5b0092f8ca77,404,1,0,179,,Error 404 (Not Found)!!1,broken,,2026-06-22T12:51:07+00:00
7bc8134f-5b6f-4cc5-ba90-3ee03ba111c6,200,1,0,415,WordPress,Contact Us | Purple Island Smoke Shop,weak,,2026-06-22T12:51:07+00:00
e9593fc4-3df9-41a6-b27e-178418088a38,200,1,1,287,Weebly,Victoria Salon - Home,good,,2026-06-22T12:51:08+00:00
8ef6dbd4-bfe8-4aa0-bb08-bfa2856b4052,200,1,1,1314,Wix,Brittani Spyrka/ extensions/california,good,,2026-06-22T12:51:08+00:00
8226163d-5f81-4940-b78c-033fc7cc4574,404,0,0,141,,Error 404 (Not Found)!!1,broken,,2026-06-22T12:51:08+00:00
e785150c-04f2-4554-b12e-fd181311468d,404,1,0,172,,Error 404 (Not Found)!!1,broken,,2026-06-22T12:51:08+00:00
a718426d-605e-4eb7-ac79-675410bb05d9,200,1,0,46,WordPress,Monte Rio Cabin,weak,,2026-06-22T12:51:08+00:00
226abb2f-b982-4266-bd8e-83eda0e675f3,200,1,1,353,Weebly,"Home | Heal Thyself, Inc",good,,2026-06-22T12:51:08+00:00
95790ac2-4789-4990-8929-9090c0e63fbc,404,1,0,162,,404 - Page Not Found,broken,,2026-06-22T12:51:08+00:00
6c295ae0-e15e-402d-a64c-560a1a23e2da,200,0,1,204,,Massage/Bodywork by Colin Godwin,weak,,2026-06-22T12:51:08+00:00
106f72de-3f90-4f95-9951-b6456d072b77,200,1,1,615,Weebly,Main | Artesana,good,,2026-06-22T12:51:08+00:00
d7e813b6-2f14-4460-8d08-648baa40125d,404,1,1,238,Wix,,broken,,2026-06-22T12:51:08+00:00
0f428781-5c4d-4f35-9830-e31f3d8029c4,200,1,1,866,,Square Booking Flow,good,,2026-06-22T12:51:08+00:00
2141d6f6-28c7-448b-8520-1b334e68d7e9,200,1,1,359,GoDaddy,SoCo Aesthetics: Premier Medical Spa for Skin Rejuvenation,good,,2026-06-22T12:51:08+00:00
3c250d6c-ab92-4930-89bf-63525e70c0bf,429,1,1,63,Weebly,Just a moment...,broken,,2026-06-22T12:51:08+00:00
8532a77e-12e7-4680-aca1-cd5f58a79389,200,1,1,659,,Square Booking Flow,good,,2026-06-22T12:51:08+00:00
4ea24378-5a47-4ebe-a9fc-b65a00c8715d,404,0,0,149,,Error 404 (Not Found)!!1,broken,,2026-06-22T12:51:08+00:00
521a71ff-3897-413d-aabd-db2b09024dd0,200,1,1,915,Wix,Home | Pink Diamond Clean 1,good,,2026-06-22T12:51:08+00:00
1605c13b-696b-40f7-88e5-3adcc5bc358b,200,1,1,677,Weebly,Appointments | Healing Hands Therapeutic Massage,good,,2026-06-22T12:51:08+00:00
3ea80495-9dce-43bf-a995-a0ddad4fc622,200,1,1,617,Weebly,,good,,2026-06-22T12:51:08+00:00
5bdf6e2e-1f43-457e-8331-dbcbf1e7a106,0,0,0,97,,,broken,"ssl: HTTPSConnectionPool(host='www.sonomanails.wix.com', port=443): Max retries exceeded with url: /sonom",2026-06-22T12:51:08+00:00
eee374d0-3b96-47e2-8ad1-d0980fe15ea7,0,0,0,116,,,broken,"ssl: HTTPSConnectionPool(host='www.angelnailss.wix.com', port=443): Max retries exceeded with url: /angel",2026-06-22T12:51:08+00:00
a67571f9-b1b6-4b18-87e5-282b474a8f33,200,1,1,1187,Weebly,,good,,2026-06-22T12:51:08+00:00
92d645a9-967f-4319-8503-61f9f4c2ecda,200,1,1,629,Weebly,,good,,2026-06-22T12:51:08+00:00
c4cf94bd-88ca-4f28-9881-6d048d5f99d5,429,0,1,28,Weebly,Just a moment...,broken,,2026-06-22T12:51:08+00:00
cd070053-8737-42f4-9086-6541f9ba8fc5,0,0,0,148,,,broken,"ssl: HTTPSConnectionPool(host='www.fideaux.myshopify.com', port=443): Max retries exceeded with url: / (C",2026-06-22T12:51:08+00:00
a1fe175f-c67e-44e3-a98f-74116e1af772,404,1,0,214,,Error 404 (Not Found)!!1,broken,,2026-06-22T12:51:08+00:00
71cf5c80-8758-4525-b05f-7763d180e846,200,1,1,667,Weebly,Tacos Mexican Food Food near me Restaurant | FREAKING TACOS,good,,2026-06-22T12:51:08+00:00
9a2f336e-8ec7-464f-97f4-57eaf2dadf4f,404,1,1,179,Wix,404 Error: Page Not Found | Wix.com,broken,,2026-06-22T12:51:08+00:00
2946170f-3df0-4c49-800f-f9a36d00c016,200,1,1,1520,Wix,HOME | bayside,good,,2026-06-22T12:51:09+00:00
2849441a-5813-4fb4-b60e-278b1d9e522d,404,1,0,163,,Error 404 (Not Found)!!1,broken,,2026-06-22T12:51:09+00:00
856dfce0-a8dc-4f4e-8d83-73ec3f488c35,200,1,1,350,,Square: Sign in to Your Dashboard & Manage your Business,good,,2026-06-22T12:51:09+00:00
db1ac2bb-36da-4a87-9fe7-2e57ef52634d,200,1,1,293,Weebly,Home | My Site,good,,2026-06-22T12:51:09+00:00
485033ed-0e61-4fe1-9096-b308244e5dbd,404,0,0,148,,Error 404 (Not Found)!!1,broken,,2026-06-22T12:51:09+00:00
5d64dc12-92b2-4a13-af60-4384ab5c3495,404,1,0,214,,Error 404 (Not Found)!!1,broken,,2026-06-22T12:51:09+00:00
a3faa6e5-ff1b-4f29-92c3-0ee1d2718e83,404,0,0,166,,Error 404 (Not Found)!!1,broken,,2026-06-22T12:51:09+00:00
d60f9198-e97b-4dca-87b8-6cde9a1d5110,200,1,1,618,Weebly,Order Online | AdoboS N' More,good,,2026-06-22T12:51:09+00:00
ee8aa273-5390-4745-a9da-842132446b56,200,1,1,585,Weebly,,good,,2026-06-22T12:51:09+00:00
5f99fcd2-3542-43fd-a579-a0e5ed9387a0,404,0,0,148,,Error 404 (Not Found)!!1,broken,,2026-06-22T12:51:09+00:00
85086d70-7873-4c32-8c28-5f3b3852d046,404,1,0,176,,Error 404 (Not Found)!!1,broken,,2026-06-22T12:51:09+00:00
61c8c969-4772-4726-8366-67ba8da320e4,200,1,1,625,Weebly,,good,,2026-06-22T12:51:09+00:00
9be63342-88cc-453b-8f5a-c90b5891a783,200,1,1,602,Weebly,Pantalla de pedidos personalizados | El huerto,good,,2026-06-22T12:51:09+00:00
f35ad575-ad3c-4d97-b2da-1ab86edaf48e,200,1,1,412,Weebly,Rohnert Park Lash & Brow Artist | Ashley Nicole Beauty,good,,2026-06-22T12:51:09+00:00
d36eec14-458d-4f7d-a724-077b61fb10fd,200,1,1,689,Weebly,,good,,2026-06-22T12:51:09+00:00
e5df739f-9cd3-4764-8dbd-15d7bbda7dd0,404,1,0,171,,Error 404 (Not Found)!!1,broken,,2026-06-22T12:51:09+00:00
a0139579-d509-47f0-96a3-366a61473532,404,1,0,176,,Error 404 (Not Found)!!1,broken,,2026-06-22T12:51:09+00:00
52fabb72-9246-460a-a981-4957225ff529,0,0,0,102,,,broken,"ssl: HTTPSConnectionPool(host='www.olsenfamilykenpo.wix.com', port=443): Max retries exceeded with url: /",2026-06-22T12:51:09+00:00
5b1ff9bc-f79b-438a-bf7d-bd3f0efdb113,200,1,1,205,Wix,"What a Chicken | The best Grilled Chicken of Sonoma | 706 East Washington Street, Petaluma, CA, USA",good,,2026-06-22T12:51:09+00:00
512492b2-13e1-4aa9-94ff-d811368ef560,404,1,0,181,,Error 404 (Not Found)!!1,broken,,2026-06-22T12:51:09+00:00
547b3171-2e9a-4e7e-99d7-e4a7a6047d34,404,1,0,168,,Error 404 (Not Found)!!1,broken,,2026-06-22T12:51:09+00:00
bff79d61-1a34-4298-b30b-6b8324478fdb,200,1,1,326,WordPress,KC Salon | Welcome to Novato KC Salon,good,,2026-06-22T12:51:09+00:00
c8c02d57-d0c1-4feb-b578-757a657b3b4e,404,1,0,175,,Error 404 (Not Found)!!1,broken,,2026-06-22T12:51:09+00:00
71d2b150-beaa-4fd6-90f0-46a001ee6c91,200,1,1,353,Weebly,OUR SITE HAS MOVED,good,,2026-06-22T12:51:09+00:00
7ade32dc-98bb-49d5-a5ae-2e61b35b5f0e,200,1,1,2405,Wix,Home,good,,2026-06-22T12:51:09+00:00
b41ed852-8ff0-4b80-a2ad-a4b0719fd59f,404,0,1,157,Weebly,404 - Page Not Found,broken,,2026-06-22T12:51:09+00:00
822bb431-0545-42c9-8856-3edd4a1df17d,404,1,0,183,,Error 404 (Not Found)!!1,broken,,2026-06-22T12:51:09+00:00
8a8c3dcd-7a2c-4182-8add-6d874217a8c5,200,1,1,39,WordPress,"Petaluma Tire Source &#8211; Your Petaluma Tire Professionals, Always Prompt, Courteous Service",good,,2026-06-22T12:51:09+00:00
e4429ef1-fbac-486a-a0fa-d72efe21d586,404,1,0,265,,Error 404 (Not Found)!!1,broken,,2026-06-22T12:51:09+00:00
aa877eb0-b04c-41c5-bebc-464c0e5f0232,200,1,1,40,WordPress,Christine Body Shop &#8211; Piezas de carro y réplicas,good,,2026-06-22T12:51:09+00:00
8be87e78-eef4-4ac2-bfe1-0bccce3766a2,200,1,1,1248,Wix,"Dog-Cat-Exotic Pet Grooming | Dirty Dog Salon | Santa Rosa, Ca.",good,,2026-06-22T12:51:10+00:00
f708fe90-d696-457c-b4e8-01ae102a61f8,200,1,0,317,Weebly,Home,weak,,2026-06-22T12:51:10+00:00
7941317f-d665-4171-a7eb-25b77ad57356,200,1,1,595,Weebly,,good,,2026-06-22T12:51:10+00:00
5979bfdc-9107-4d29-b2dd-eba89f35b9da,200,1,0,507,Weebly,Lori's Shear Style - Home,weak,,2026-06-22T12:51:10+00:00
64843f6a-317d-4e2b-910a-2accf6400772,404,1,1,187,Wix,,broken,,2026-06-22T12:51:10+00:00
49d8e545-c73c-4bb4-b5e2-60e40c6d1c5e,0,0,0,97,,,broken,"ssl: HTTPSConnectionPool(host='www.laurasardinaatstud.wix.com', port=443): Max retries exceeded with url:",2026-06-22T12:51:10+00:00
fe87312f-5285-4ffa-a6fb-611688006b7b,200,0,0,269,Weebly,Seika Ryu Martial Arts Novato - Home,weak,,2026-06-22T12:51:10+00:00
0313f724-b726-4472-b14c-6ad75fa81db1,404,0,0,141,,Error 404 (Not Found)!!1,broken,,2026-06-22T12:51:10+00:00
6aeed820-b007-4c5e-ba29-ed14261f162b,200,1,1,340,WordPress,Windrush Farm &#8211; more than just a sheep farm,good,,2026-06-22T12:51:10+00:00
70c34a10-7457-43b8-a03d-eb620b998903,404,0,0,137,,Error 404 (Not Found)!!1,broken,,2026-06-22T12:51:10+00:00
c06ecc1c-768a-4a5e-89e1-f1d3700f64b3,404,1,0,168,,Error 404 (Not Found)!!1,broken,,2026-06-22T12:51:10+00:00
974dd174-a863-49dc-9bf9-1ac8ae54dfa5,404,1,0,178,,Error 404 (Not Found)!!1,broken,,2026-06-22T12:51:10+00:00
2111b05c-302f-4909-9bc0-fbf79598e2e0,404,1,0,142,,Error 404 (Not Found)!!1,broken,,2026-06-22T12:51:10+00:00
165aabd3-0ce7-4afe-a93c-23ef670f4bb9,404,1,1,137,Wix,404 Error: Page Not Found | Wix.com,broken,,2026-06-22T12:51:10+00:00
f226df30-1c2d-4469-a019-3de28a10fa23,200,1,1,735,Wix,Home | website,good,,2026-06-22T12:51:10+00:00
4f42a93d-a00d-4b21-b34c-350d980c1d89,404,0,1,154,Weebly,404 - Page Not Found,broken,,2026-06-22T12:51:10+00:00
744203f3-956f-4369-9bdc-e61ce2ec9310,404,1,1,144,Wix,404 Error: Page Not Found | Wix.com,broken,,2026-06-22T12:51:10+00:00
1c8978bd-27d0-490b-aef7-af3d3ea4459d,404,1,0,180,,Error 404 (Not Found)!!1,broken,,2026-06-22T12:51:10+00:00
e53dda0c-fa35-4dd3-9bac-ba09d563c1d1,404,1,1,131,Wix,404 Error: Page Not Found | Wix.com,broken,,2026-06-22T12:51:10+00:00
06705d74-214b-47f2-825f-2d099618365c,404,1,0,169,,Error 404 (Not Found)!!1,broken,,2026-06-22T12:51:10+00:00
c4c313c0-5ae9-489b-b3c5-d52b485c8668,200,1,1,663,Weebly,Body Sculpting Appointments | Sonoma Body Sculpting,good,,2026-06-22T12:51:10+00:00
dd993080-d57a-43e3-9dc9-a8e1923d00be,200,1,1,542,Weebly,,good,,2026-06-22T12:51:10+00:00
8a7e5eec-c2aa-44a4-a13e-2dd0b5c285b7,200,1,1,713,Weebly,Order Online | Shop Co.,good,,2026-06-22T12:51:10+00:00
9de1fa92-1b19-4856-8df0-a2cafd0d99ef,404,1,0,168,,Error 404 (Not Found)!!1,broken,,2026-06-22T12:51:10+00:00
83264677-9766-45fb-835d-d5f79c2ec721,404,1,0,174,,Error 404 (Not Found)!!1,broken,,2026-06-22T12:51:10+00:00
051d50a2-2e00-4468-a509-addacce072f0,200,1,1,32,WordPress,"El Palomar Mexican Food &#8211; Mexican Food Restaurant in Santa Rosa, California",good,,2026-06-22T12:51:10+00:00
f831f548-455f-4cdf-af97-c9ddde8fe9a8,200,1,1,306,Wix,"Magnolia Reflexology and Massage | Asian Massage | 800 Mendocino Ave #2, Santa Rosa, CA 95401, USA",good,,2026-06-22T12:51:10+00:00
c1d1facb-d222-4e45-9996-ce2569b19b3f,200,1,1,366,Weebly,Home,good,,2026-06-22T12:51:10+00:00
41e02ba7-2946-48f2-81b4-751bee9d1463,200,1,1,339,Weebly,Appointments | HHMT,good,,2026-06-22T12:51:10+00:00
03208ee2-c1e7-46e7-b3b7-b93923fd7b41,200,1,1,135,Weebly,SANTA ROSA PET CARE - Home,good,,2026-06-22T12:51:10+00:00
052d81e5-7c22-4e01-9198-f7e8584512cc,200,1,1,88,Weebly,Order Online | Shop Co.,good,,2026-06-22T12:51:10+00:00
068ffb61-d651-4e0d-9f1d-63d614ea2e05,200,0,0,171,,Bundocks Kennels,weak,,2026-06-22T12:51:10+00:00
acf87ebd-c27a-453a-8b56-cd07fc1c074a,429,0,1,18,Weebly,Just a moment...,broken,,2026-06-22T12:51:11+00:00
3e4788a9-d412-445d-9eae-c5422e80e486,0,0,0,39,,,broken,"ssl: HTTPSConnectionPool(host='www.jamsjoybungalow.square.site', port=443): Max retries exceeded with url",2026-06-22T12:51:11+00:00
4692f668-de65-403f-8f4b-918a9f52d5f4,200,1,0,36,WordPress,"Art Honors Life | The Gallery at FUNERIA® | &quot;The nation&#039;s first art gallery dedicated to cremation urns and personal memorial art&quot; (The New York Times, January 18, 2007)",weak,,2026-06-22T12:51:11+00:00
899c0015-a12c-49dc-ab68-7224e0431667,200,1,1,814,Weebly,,good,,2026-06-22T12:51:11+00:00
6c0beb27-6f8c-47fe-8007-f478a1354496,200,0,0,120,Weebly,Quality Sport Planes - Home,weak,,2026-06-22T12:51:11+00:00
bf64fb28-622b-41c6-9477-2b4aefce8c4d,404,1,0,178,,Error 404 (Not Found)!!1,broken,,2026-06-22T12:51:11+00:00
590eecd0-6a2e-465b-8366-8a442be22fd8,404,0,0,139,,Error 404 (Not Found)!!1,broken,,2026-06-22T12:51:11+00:00
0bb64d18-12a7-45ac-ab43-7ca35d35a171,200,1,1,446,WordPress,Contact &#8211; Zosia Cafe and Kitchen,good,,2026-06-22T12:51:11+00:00
9c698acd-e2a4-4d65-8ad6-2c52c8e6bccd,200,1,1,248,,Home | Cycle Chvrch Cycles,good,,2026-06-22T12:51:11+00:00
120a3487-4ec0-4469-9af8-66384b0ce17e,200,1,1,400,Weebly,Yoga 101 - Home,good,,2026-06-22T12:51:11+00:00
335870a2-b945-436d-b81d-9107a2707060,404,1,1,230,Shopify,Store unavailable,broken,,2026-06-22T12:51:11+00:00
c026e312-2f19-4188-a464-3fe5e0281216,200,1,0,245,Weebly,Oriental Community Hall ~ Geyserville - Home,weak,,2026-06-22T12:51:11+00:00
9a01f6c5-4f06-4640-acbb-65ac7d37fb3d,0,0,0,104,,,broken,"ssl: HTTPSConnectionPool(host='www.heartandsoulmentor.wix.com', port=443): Max retries exceeded with url:",2026-06-22T12:51:11+00:00
c652c022-f997-4a48-bc19-25deaafffb0d,200,1,0,780,WordPress,Bio | Bohemian Tattoo - 214 E Street Eureka 95501 707-273-5000 | Specializing in custom/realistic tattoo work. Walk-ins welcome,weak,,2026-06-22T12:51:11+00:00
490d263d-0b30-4e43-9c29-96fac0dc525b,200,1,0,402,Weebly,Oriental Community Hall ~ Geyserville - Home,weak,,2026-06-22T12:51:11+00:00
7957fbdb-0abd-4c6c-9850-f4aeab290fca,200,1,1,1838,Wix,ABOUT | Mysite,good,,2026-06-22T12:51:11+00:00
f5c5f782-9e24-4dd3-9b9c-6d3a2626f2e6,200,1,1,562,Weebly,,good,,2026-06-22T12:51:11+00:00
49f69f50-66bf-488a-941f-57d6a3595da1,200,0,0,144,Weebly,3D 4D Ultrasound&nbsp;in Napa County!&nbsp;Tiny Miracles&nbsp;Prenatal Imaging - 3D 4D Tiny Miracles Prenatal Ultrasound Imaging - Napa County,weak,,2026-06-22T12:51:11+00:00
a263b471-e86a-4562-834c-7591444df347,404,1,0,179,,Error 404 (Not Found)!!1,broken,,2026-06-22T12:51:11+00:00
80d06cb5-1954-4b13-acfc-a663a8de569b,200,1,1,1439,Wix,HOME | Green Organic Constr,good,,2026-06-22T12:51:11+00:00
8de072db-96d9-42fe-9b10-16d326296928,200,1,1,1298,Wix,Home | Healthmassage,good,,2026-06-22T12:51:11+00:00
0e6b85cb-8847-4f0f-929a-08ab5369e67a,404,1,0,179,,Error 404 (Not Found)!!1,broken,,2026-06-22T12:51:11+00:00
f162fa21-8057-46e5-aa2a-93267629f003,404,1,0,183,,Error 404 (Not Found)!!1,broken,,2026-06-22T12:51:11+00:00
196db9a4-da76-4bbd-ba55-8fe11f01afe2,404,0,0,154,,Error 404 (Not Found)!!1,broken,,2026-06-22T12:51:11+00:00
ab56a268-579e-4414-ae33-34e0bd678de8,429,1,1,63,Weebly,Just a moment...,broken,,2026-06-22T12:51:12+00:00
361867e1-c924-44f6-8af4-d4a46065a91d,404,1,0,181,,Error 404 (Not Found)!!1,broken,,2026-06-22T12:51:12+00:00
9cd34fc9-3402-4dd3-a525-770c4452b6eb,200,1,0,32,WordPress,murrayrockowitz | Just another WordPress.com site,weak,,2026-06-22T12:51:12+00:00
6c51dc62-34c0-4cad-86de-f49510b0dc78,200,1,1,176,Wix,Home | Cafe San Marco,good,,2026-06-22T12:51:12+00:00
2ec6f9c0-2717-4dd2-b111-a64033c3a548,404,1,0,168,,Error 404 (Not Found)!!1,broken,,2026-06-22T12:51:12+00:00
2ae976ff-31dc-4559-9124-624f0a2bd738,200,1,1,761,Weebly,Home | Mountain Lions Club,good,,2026-06-22T12:51:12+00:00
0027ff33-05fb-4e61-9534-1d2954a37618,200,1,1,204,GoDaddy,DANDY SANDOS,good,,2026-06-22T12:51:12+00:00
19079579-aff0-453c-8608-80d7bd83450e,200,1,1,162,Wix,"Baxman Livestock &amp; Trailer Sales | trailers for sale | Petaluma, CA, USA",good,,2026-06-22T12:51:12+00:00
0bc73492-a24a-4bd5-baf7-e87cc6717c2a,200,1,1,262,Weebly,Breal - Home,good,,2026-06-22T12:51:12+00:00
0452a32d-034d-457f-bccd-b718bb5b1b59,404,1,1,336,,404 Not Found,broken,,2026-06-22T12:51:12+00:00
6c953698-1364-4494-b8cb-46bfbf7c6b36,200,1,0,290,Weebly,FLAMENCO! LIVE! - Shows,weak,,2026-06-22T12:51:12+00:00
e40fb5ee-3b8c-40eb-bf53-7c28da473b74,200,1,1,931,Wix,Computer Repair | Rohnert Park | JR's Computers,good,,2026-06-22T12:51:12+00:00
dd00ac97-34c7-4bee-8364-1542da31c7f4,200,1,1,1703,Wix,Home | My Site,good,,2026-06-22T12:51:12+00:00
76420de6-bea0-48b7-afa8-454fcf726248,200,1,1,558,GoDaddy,Permanent Makeup,good,,2026-06-22T12:51:12+00:00
d13dc85d-293f-4e03-8ebd-8d50fb13723f,200,0,1,185,,studio428,weak,,2026-06-22T12:51:12+00:00
d5c5ce2a-1167-4f6a-b39f-def65f36818a,404,1,0,178,,Error 404 (Not Found)!!1,broken,,2026-06-22T12:51:12+00:00
d58b85d1-df83-4b74-8786-2f381db77661,200,1,1,365,WordPress,Oasis Community Farm Buzz,good,,2026-06-22T12:51:12+00:00
c45a1e21-1bfb-433f-a5b0-61993cf29a74,200,1,1,306,Weebly,SUPERIOR TINT - Home,good,,2026-06-22T12:51:12+00:00
8709ab91-c694-42a8-b340-90f100e6ec5a,0,0,0,137,,,broken,connection failed,2026-06-22T12:51:12+00:00
04ca3274-b536-4c39-b189-978eed973270,403,1,1,210,,403 - Forbidden,broken,,2026-06-22T12:51:12+00:00
5a0dc15b-53d1-43e6-8d69-b6fa0cb9a977,200,1,1,390,GoDaddy,Bronson Medical: Efficient Billing Solutions,good,,2026-06-22T12:51:12+00:00
ac95681d-4a40-492e-89c2-364b1355fe5a,0,0,0,37,,,broken,connection failed,2026-06-22T12:51:12+00:00
8fcec65c-ea4c-42c6-afd3-5e75cdee8de2,200,1,1,469,Wix,"Aho &amp; Associates Financial Forensics | forensic accountant | 780 West Napa Street, Sonoma, CA, USA",good,,2026-06-22T12:51:12+00:00
28afa46b-7b4d-41ca-b52f-9a0ca30afff7,200,1,1,1056,Weebly,"David Austin Roses & Garden Decor | Petaluma Nursery - DEW Gardens | E D Wilson Roses, Oddities & Amazing Things at DEW Gardens",good,,2026-06-22T12:51:13+00:00
59a986a9-1c44-49e8-92fa-dad96fec2663,200,1,1,654,Weebly,"David Austin Roses & Garden Decor | Petaluma Nursery - DEW Gardens | E D Wilson Roses, Oddities & Amazing Things at DEW Gardens",good,,2026-06-22T12:51:13+00:00
a8394b25-01a1-4ad0-b53c-357dd0f34998,404,0,0,263,,,broken,,2026-06-22T12:51:13+00:00
4ff9f595-cec4-4d18-aba5-4726b02c150c,200,1,1,405,Webflow,Specializing In Bookkeeping &amp; Accounting Services For Construction Companies,good,,2026-06-22T12:51:13+00:00
7193ff82-5f3b-481d-94a0-677bee2a96a1,200,1,1,617,WordPress,Munc CPA | A Professional Accountancy Corporation,good,,2026-06-22T12:51:13+00:00
4eeb006a-087a-48f0-ad5b-66d23c9b01c8,404,1,1,302,Wix,,broken,,2026-06-22T12:51:13+00:00
3960f152-78c7-4ed5-8272-710812fa8d2b,200,1,1,1318,Weebly,,good,,2026-06-22T12:51:13+00:00
991e987f-a97d-4ed7-866a-ed925dc8f74e,200,1,1,361,WordPress,Welcome - (we)pac,good,,2026-06-22T12:51:13+00:00
565ad2e3-76a4-4125-be6f-a2f48ca262ff,200,0,1,617,,Whoops!,weak,,2026-06-22T12:51:13+00:00
92a40886-09e2-455a-a074-60231290d797,0,0,0,374,,,broken,"ssl: HTTPSConnectionPool(host='www.bruceboldon.net', port=443): Max retries exceeded with url: / (Caused ",2026-06-22T12:51:13+00:00
c7489727-920e-48b4-84ca-98cf469d0e7e,429,1,1,364,,Just a moment...,broken,,2026-06-22T12:51:13+00:00
8ea18651-c0f7-4329-8643-2f6ac59ba6bb,200,1,1,200,WordPress,"Dr Csilla Veress - Transforming Body, Mind, and Spirit",good,,2026-06-22T12:51:14+00:00
f400a561-512b-4898-a0b8-27a5b0b36288,200,0,1,1569,WordPress,Elephant Ear Systems,weak,,2026-06-22T12:51:14+00:00
14177ddc-dfa1-4c37-bb7e-68a036e1c454,200,1,1,318,WordPress,"Santa Rosa CA Acupuncture, Holistic Health Care, Pain &amp; Stress Relief | Deena Stapleton Acupuncture",good,,2026-06-22T12:51:14+00:00
601afc93-3351-4c7b-92ea-575a78a7f03a,200,1,0,1182,,"Wine Country Payroll Processing Services, Sonoma County, Healdsburg, CA, USA",weak,,2026-06-22T12:51:14+00:00
3456c0c6-40d4-4ac6-81ac-de872355ba3e,200,1,1,287,WordPress,"megan rauch acupuncture | Acupuncture, Herbal Medicine, &amp; Massage for more vibrant health",good,,2026-06-22T12:51:14+00:00
daa9029d-98de-4c54-ac3a-95b43848ac08,200,1,1,2076,WordPress,Accounting and Bookkeeping Services - Protea Financial - California,good,,2026-06-22T12:51:15+00:00
2de1ed11-989f-4775-aa5a-0cac6167abaa,200,1,1,861,,"Select a Location | Joshua Margolis LAc, DOMTP",good,,2026-06-22T12:51:15+00:00
379d7c73-2fe6-49cf-9b08-f8b5bd450fdc,200,1,1,1160,WordPress,Four Seasons Herbs&amp; Acupuncture | providing quality herbs since 1996 Four Seasons Herbs&amp; Acupuncture Four Seasons Herbs&amp; AcupunctureFour Seasons Herbs&amp; Acupuncture | providing quality ,good,,2026-06-22T12:51:15+00:00
ebc31284-aaea-41b7-97b7-c1228ec841e0,200,1,1,452,WordPress,Home - Moongate Acupuncture,good,,2026-06-22T12:51:15+00:00
f57d85eb-bbc2-4ab8-8452-fba3f3dd7b23,200,1,1,2311,WordPress,Home Page - Linkenheimer LLP CPAs &amp; Advisors,good,,2026-06-22T12:51:15+00:00
d19d222f-0699-4778-b163-b0432a76994c,200,1,0,326,,Welcome - California Acupuncture Board,weak,,2026-06-22T12:51:15+00:00
5c0f8732-6284-41ae-a597-6f03d76e6973,200,1,1,261,Squarespace,Still Life Acupuncture,good,,2026-06-22T12:51:15+00:00
f0df2851-902d-445d-972b-73da7ed5ca32,200,1,1,485,Squarespace,Sonoma Valley Acupuncture &amp; Herb Center,good,,2026-06-22T12:51:15+00:00
9860994e-a5e8-4680-94f5-2273f00cdfb2,200,1,1,207,WordPress,"Santa Rosa Acupuncture with Christina Ness-Hawks, L.Ac.",good,,2026-06-22T12:51:15+00:00
8328a58e-53d1-4dd4-8f82-c71ca8bb7ac3,200,1,1,1545,Wix,Home | Health Through Acupuncture | Elke Gmirr,good,,2026-06-22T12:51:15+00:00
f1eb3cb2-b5bb-402e-a29c-5b06eb836f5f,200,1,1,662,,Redwood Needle Acupuncture,good,,2026-06-22T12:51:16+00:00
f58d75d4-8c76-4c1e-bb79-450928e6aa32,200,1,1,502,Wix,"Windsor Community Acupuncture | Acupuncture in Sonoma County | 2759 Lakewood Drive suite 26b, Windsor, California, USA",good,,2026-06-22T12:51:16+00:00
d4659bad-9f81-4cad-9af4-ce00b42f22a3,200,1,1,1105,,Welcome,good,,2026-06-22T12:51:16+00:00
5745cb78-5cbb-455c-b483-223949667e6d,0,0,0,110,,,broken,connection failed,2026-06-22T12:51:16+00:00
1578f2a0-9d94-46d5-a799-cb4a6c1ff286,200,1,1,581,GoDaddy,Buy truenatureheals.org – Premium Expired .org Domain on GoDaddy | ExpiredDomains.com,good,,2026-06-22T12:51:16+00:00
f7d2376c-89af-4877-acbe-4172c008c675,200,1,1,121,,"Auro | New American Restaurant in Calistoga, CA",good,,2026-06-22T12:51:16+00:00
df83e138-7070-457e-90ca-7c57ef956a0a,200,1,1,621,Drupal,Addendum | Thomas Keller Restaurant Group,good,,2026-06-22T12:51:16+00:00
b51d0f3a-a258-4bff-a27c-c2edafadcc9f,200,1,1,4634,Wix,ホーム | Sleeping Life MURATA,weak,,2026-06-22T12:51:16+00:00
7b268f03-7465-4ff0-82dc-e2190bf0dee2,403,0,1,361,,403 - Forbidden,broken,,2026-06-22T12:51:16+00:00
51d6f61c-7e22-4f7f-a08b-668d8343f9ac,200,1,1,2657,WordPress,"Acupuncture &amp; Chinese Medicine: Daulton Wellness, Santa Rosa",good,,2026-06-22T12:51:16+00:00
004f8f3a-43ea-4176-9c7d-ac6a2d594c5b,403,1,1,398,,Just a moment...,broken,,2026-06-22T12:51:16+00:00
b38ef8b6-0bba-4617-96b2-6d40e63119eb,200,1,1,3354,WordPress,Abundance Acupuncture Healing Clinic,good,,2026-06-22T12:51:16+00:00
d35a3130-45ab-4269-88fe-0c5676c102ea,200,1,1,469,Squarespace,Backyard Forestville,good,,2026-06-22T12:51:16+00:00
bbad69a0-415e-4ee7-8db7-ec4c83c644e3,403,0,0,185,,å®å¡ç½ç«é²ç«å¢å è´¹ç,broken,,2026-06-22T12:51:16+00:00
7a47cfb7-4f16-43b1-b54b-189aa9407650,200,1,0,434,,"Home - Cafe Bellini - Petaluma, California",weak,,2026-06-22T12:51:16+00:00
ca8ba913-ed8b-429c-8949-d7c9803fe44c,404,1,1,10776,,404 Not Found,broken,,2026-06-22T12:51:16+00:00
cb38b59a-335e-4be5-8430-bd6fab1420be,200,1,1,379,Squarespace,Goldfinch,good,,2026-06-22T12:51:16+00:00
3e7105b0-cb76-45aa-a19a-633220e5c3db,403,1,1,263,,Just a moment...,broken,,2026-06-22T12:51:17+00:00
7e849ba2-24a2-4c4a-8932-a3c7e14fcb6b,200,1,1,373,Squarespace,Pat&#39;s International,good,,2026-06-22T12:51:17+00:00
2ce9d5d6-8045-42be-a92b-8b9ae3269bbf,200,1,1,39,,"Napa Valley Restaurant & Bar In Calistoga, CA | TRUSS",good,,2026-06-22T12:51:17+00:00
19c2a284-917c-4df8-b354-e5c83c5b991e,200,0,1,466,Squarespace,Nimble &amp; Finn&#39;s,weak,,2026-06-22T12:51:17+00:00
2d1aecb0-5629-4cce-9320-630dd00e3b1d,200,1,1,498,,Ozzie&#39;s Grill,good,,2026-06-22T12:51:17+00:00
4b40647f-93dc-4764-9e6c-559857714e8c,200,1,1,255,Squarespace,.,good,,2026-06-22T12:51:17+00:00
b28e9a75-1da5-4fef-bc8a-d190d190b15f,200,1,1,476,,Home - The Twins Restaurant,good,,2026-06-22T12:51:17+00:00
8ded881b-efc9-40c0-a174-1d283eb2bc29,403,0,1,695,,403 - Forbidden,broken,,2026-06-22T12:51:17+00:00
00eb9f1e-da6b-4d46-80b9-c6c10ef40e4b,200,1,1,959,WordPress,1Win Online Casino &amp; Sportsbook | Official Site in Indonesia,good,,2026-06-22T12:51:17+00:00
fe37b14e-1a86-4145-b68e-1552863dfb23,200,1,1,541,GoDaddy,The Wurst,good,,2026-06-22T12:51:17+00:00
e7d98a53-f238-432c-ab78-bbabd229871a,404,0,0,175,,,broken,,2026-06-22T12:51:17+00:00
887313aa-ebfb-410c-a9c5-3da54fa80f91,200,1,1,135,,"Wit and Wisdom | American Restaurant in Sonoma, CA",good,,2026-06-22T12:51:17+00:00
6b475a1d-05a2-42b5-bc33-616e0dd758fa,200,0,0,189,,,weak,,2026-06-22T12:51:17+00:00
0ec04560-b92e-44f9-a1a1-f9fcae87c6b0,200,1,1,1018,,"Sax&apos;s Joint - Petaluma, CA",good,,2026-06-22T12:51:17+00:00
7ce78e9a-25ec-4615-ab11-19bfa512612e,200,1,1,1150,,Gacor99 : Nikmati Permainan Sweet Bonanza Terbaru 2026,good,,2026-06-22T12:51:18+00:00
d70a928c-5f0e-4f26-9d13-291c029060a8,200,1,1,1543,WordPress,Sistem Bahis Kuponları Nedir? Sistem Kupon Hesaplama Nasıl Yapılır?,good,,2026-06-22T12:51:18+00:00
a4b0a501-86de-4076-aea0-afc890b433ac,200,1,1,437,,BENSU4D | Nuansa Togel Resmi Klasik Unggah Toto Togel Online Hadiah Terbesar & Terpercaya,good,,2026-06-22T12:51:18+00:00
3a5ae3ff-3cdf-44ec-b217-2f7f1c969bd2,200,1,1,254,GoDaddy,TheAntiqueHarvest.com is for sale | HugeDomains,good,,2026-06-22T12:51:18+00:00
09e373cb-5264-4c85-a1b9-8ea0c97388fc,406,1,0,233,,,broken,,2026-06-22T12:51:18+00:00
c4c93416-839f-4d0b-ac81-345c6e5a974f,200,1,1,297,GoDaddy,HOME,good,,2026-06-22T12:51:18+00:00
e819be14-25be-4cec-b7f4-8d19ab7d10e6,200,1,1,725,,Page Not Found,good,,2026-06-22T12:51:18+00:00
dd479dea-0a88-415e-8dc2-2da4ac634a94,200,1,1,472,WordPress,เซียนหวย 789 | เว็บเซียนหวย หวยไทย หวยยี่กี หวยลาว มีหมด,good,,2026-06-22T12:51:18+00:00
c3fdf9a1-64bb-4957-b859-c4bb38912214,200,1,0,420,,,weak,,2026-06-22T12:51:18+00:00
71ae4248-37c9-4545-a9a1-45d93c34b04a,200,1,1,618,WordPress,Home - Caractere - Antiques &amp; Things,good,,2026-06-22T12:51:18+00:00
1f667704-ce42-430f-a42b-a101532640b9,0,0,0,196,,,broken,connection failed,2026-06-22T12:51:18+00:00
ec1f1e57-fccf-487d-ab43-5c1c37b1b118,200,1,1,1337,,CPGTOTO: Portal Gaming Online dengan Info Togel 4D Terkini,good,,2026-06-22T12:51:18+00:00
2cce8587-8046-42e2-8f6f-dd9b71605bc4,0,0,0,10,,,broken,connection failed,2026-06-22T12:51:18+00:00
4a10f094-0791-4037-85f5-59956612da4c,409,0,1,145,,DNS resolution error | www.roamantiques.com | Cloudflare,broken,,2026-06-22T12:51:18+00:00
bf4b2203-92cd-45cd-a01d-b8ed701e0f4c,200,1,1,466,GoDaddy,Janakos and Company | Vintage &amp; Modern Antiques,good,,2026-06-22T12:51:18+00:00
d2d0d140-b75e-4f05-8f17-84ec111a6fe5,200,1,1,966,,"the girl & the fig | French Restaurant in Sonoma, CA",good,,2026-06-22T12:51:18+00:00
f5105385-b06b-4e49-ae08-cda9ad2e59a3,0,0,0,106,,,broken,connection failed,2026-06-22T12:51:18+00:00
790455a4-85d3-442d-a04c-67797a189ee0,200,1,1,525,GoDaddy,"Reclaimed Antiques - Estate Sales, Antiques, Collectibles Stores",good,,2026-06-22T12:51:19+00:00
20de599a-18d6-4712-812d-290aa8f8cea6,200,1,1,565,Wix,"Forgotten Felines of Sonoma County | spay neuter clinic | 1820 Empire Industrial Court suite e, Santa Rosa, CA, USA",good,,2026-06-22T12:51:19+00:00
dc0d3b03-c196-4272-ae32-f58f5ec0da7f,0,0,0,416,,,broken,"ssl: HTTPSConnectionPool(host='www.sonomacountryantiques.com', port=443): Max retries exceeded with url: ",2026-06-22T12:51:19+00:00
6a509bc5-ffea-4c68-a345-c6ba916f5167,200,1,1,343,WordPress,Home - AplosGroup - Architecture,good,,2026-06-22T12:51:19+00:00
63aa16ab-a7e2-47cb-96e9-39a099679636,200,1,1,514,WordPress,"Twice as Nice | Duncans Mills, California",good,,2026-06-22T12:51:19+00:00
8949cbbc-b991-46d2-86f2-00ba92323090,0,0,0,104,,,broken,connection failed,2026-06-22T12:51:19+00:00
8c43e958-f6a5-45ea-b052-e9efddfafcb5,200,1,1,399,Squarespace,Backen &amp; Backen Architecture,good,,2026-06-22T12:51:19+00:00
ac4c253e-d497-41b3-b76e-045104d49269,200,1,1,399,WordPress,"Baumgardner Architecture &#8211; Joel Baumgardner, Architect, Sonoma County, AIA, LEED AP",good,,2026-06-22T12:51:19+00:00
986988a7-84e1-4089-912f-44fa63320a37,200,1,1,509,Wix,"DANIEL MACDONALD AIA ARCHITECTS | NOVATO, CA | HOME",good,,2026-06-22T12:51:19+00:00
0dded228-51ca-4c47-a95f-2733624e5096,200,1,1,9783,GoDaddy,Gradney&#x27;s Custom Upholstery,weak,,2026-06-22T12:51:19+00:00
7741f9ad-98e1-4d1c-800f-923038da56d3,200,1,1,245,WordPress,Ned Forrest Architects - Leslie Whitelaw Interior Design,good,,2026-06-22T12:51:19+00:00
c9d7fbb2-a073-4f75-9198-d136ba7a78b3,200,1,1,1259,Wix,"Home | Petaluma Vintage Market | Monthly Outdoor Market | Petaluma, CA, USA",good,,2026-06-22T12:51:19+00:00
dffdb0c6-8bb8-423a-a111-af104eae71da,200,1,1,181,GoDaddy,Drafting Service Santa Rosa CA - Rick Bolduc Designer Draftsman,good,,2026-06-22T12:51:19+00:00
4f881eda-a20c-42b4-98f8-26074727745a,200,1,1,268,WordPress,QKA &#8211; Quattrocchi Kwok Architects,good,,2026-06-22T12:51:19+00:00
507aa128-8633-4c8b-8874-ce31dda647c0,403,0,1,771,,403 - Forbidden,broken,,2026-06-22T12:51:19+00:00
ac335d53-aebd-460a-9f69-0c8f6024e7c8,200,1,1,219,WordPress,TLCD Architecture and Interior Design,good,,2026-06-22T12:51:20+00:00
936276df-4405-4309-8195-fd08249f7cbe,200,1,1,4869,WordPress,Acupuncture in Santa Rosa &#187; Sonoma Acupuncture,weak,,2026-06-22T12:51:20+00:00
bac15bf4-f9fc-40c8-800d-9fcf03f3d823,200,1,1,498,,California Architects Board,good,,2026-06-22T12:51:20+00:00
7ba25494-9136-4417-b7a2-bcf857b556f1,200,0,1,191,Squarespace,Host &mdash; Sim Van der Ryn,weak,,2026-06-22T12:51:20+00:00
88d9bca7-5a14-4240-92c9-6a6f0f7bed25,403,1,1,172,,Just a moment...,broken,,2026-06-22T12:51:20+00:00
fa62bc20-8e17-4f19-8a1f-9ab3debe5e78,200,0,1,116,WordPress,Best Santa Rosa Auto Body Shop In Town,weak,,2026-06-22T12:51:20+00:00
79e7ec49-686a-4324-8144-c0da60d27ef6,404,0,0,534,Squarespace,Squarespace - Website Expired,broken,,2026-06-22T12:51:20+00:00
b2d94004-435d-4230-ad0f-9cc3bb39c2c6,200,1,1,555,Squarespace,Moy Architecture Co,good,,2026-06-22T12:51:20+00:00
5e178da9-1968-4464-8a30-e3345b733556,0,0,0,38,,,broken,connection failed,2026-06-22T12:51:20+00:00
8240688f-452c-458d-90a2-dd28b81256de,200,1,1,1977,Wix,Antiques | United States | Saving Grace Antiques,good,,2026-06-22T12:51:20+00:00
62058559-9d0b-47e9-aab1-1fd6721b6c30,0,0,0,116,,,broken,connection failed,2026-06-22T12:51:20+00:00
8774c631-196b-4ef8-b7e2-0f818360993b,200,1,1,487,GoDaddy,Eddies Paint Works,good,,2026-06-22T12:51:20+00:00
09141fc0-befe-4d36-925e-9d730d4c6d81,200,1,1,719,WordPress,"Auto body shop Cotati, Sonoma County",good,,2026-06-22T12:51:20+00:00
b485b82b-395f-4a1e-8d19-a5126ca63b22,200,1,1,338,,"Auto Body Shop in St. Helena, CA | Fulton Body Shop LLC",good,,2026-06-22T12:51:20+00:00
eb6f71c0-6bc6-4986-a2ff-7efc31a3d99e,200,1,1,1554,WordPress,Marcus &amp; Willers Architects | Sonoma Architects Since 1990,good,,2026-06-22T12:51:20+00:00
d61093cc-7c5c-4dac-9d65-2d74e4bf1667,200,0,0,305,GoDaddy,"RV Collision Repair Center | Ken's RV Collision Center | Santa Rosa, CA | 707-586-7966",weak,,2026-06-22T12:51:20+00:00
f29fdf0b-1f9e-40e7-b42a-7898f8ed2a6f,200,1,1,491,,GMC Dealership in Healdsburg CA | Serving Healdsburg and Cloverdale | Silveira Healdsburg,good,,2026-06-22T12:51:21+00:00
314559f5-e640-4e99-b6bb-a56ce69f6621,200,1,1,467,WordPress,Auto Body Shop Near Me Santa Rosa CA | Sonoma County Collision,good,,2026-06-22T12:51:21+00:00
13774cb8-5944-4a9a-a4c7-7346605e20c7,200,0,1,357,Weebly,Home,weak,,2026-06-22T12:51:21+00:00
e95cc142-4d4c-491a-8156-d7cff2119630,0,0,0,43,,,broken,connection failed,2026-06-22T12:51:21+00:00
80d9444d-b3e7-4d56-bb4a-cd6403fef75c,200,1,1,343,Squarespace,EDGAR AUTO DETAILING,good,,2026-06-22T12:51:21+00:00
23ccac08-388e-4d44-b439-22209f8cb3bf,200,1,1,751,GoDaddy,Dry Creek Valley Auto Spa - Home,good,,2026-06-22T12:51:22+00:00
752093ec-f260-44bf-ab86-9c49135f315d,200,1,1,1471,Shopify,Sedang Trending! Supertogel : Daftar Supertogel | Login Supertogel | Bandar Togel Online Super,good,,2026-06-22T12:51:22+00:00
7832aa24-1ffe-427d-b353-3ddf719641b7,200,0,1,1928,WordPress,Welcome to EuroCal - EuroCalEuroCal | European Quality Repairs for EVERY make and model,weak,,2026-06-22T12:51:22+00:00
d77acf07-03fe-4b84-aa7f-139d09a8f1fa,200,1,1,231,Squarespace,"Skinn&#39;s Kustoms Auto, Truck RV, aircraft and Marine Detailing in Santa Rosa CA",good,,2026-06-22T12:51:22+00:00
ccef7988-f08c-430d-81d7-bb69f7e2bbbf,200,1,1,3630,WordPress,Yankee Girl Antiques - Shop Petaluma,good,,2026-06-22T12:51:22+00:00
1bf158c6-12cf-4271-b2cb-3f9caaafaac2,0,0,0,117,,,broken,connection failed,2026-06-22T12:51:22+00:00
3955160d-4a41-4098-ac95-533c51468d69,200,1,1,522,GoDaddy,Home - Regenix Detailing,good,,2026-06-22T12:51:22+00:00
65d9b03f-e118-464f-a450-a3a1eeb8e6f9,200,1,1,237,Squarespace,kooglewerks,good,,2026-06-22T12:51:22+00:00
00bf1c2c-62a3-4adb-a89e-5793e4350521,200,1,1,1133,,Precision Auto Detail — Professional Auto Detailing,good,,2026-06-22T12:51:22+00:00
a208c0e6-e51e-49fd-9226-51ec953bb7e6,200,1,1,1854,WordPress,Mobile Car Detailing in,good,,2026-06-22T12:51:22+00:00
b6206cab-39db-4cf6-8d1f-769b22b1f371,200,1,1,169,GoDaddy,RobinAutomotive.com is for sale | HugeDomains,good,,2026-06-22T12:51:22+00:00
39cda59b-e9a2-4f88-b62e-c4ee57284a44,403,0,1,187,,403 - Forbidden,broken,,2026-06-22T12:51:23+00:00
14cfcf29-7a61-491f-8b12-92def5f7541e,200,1,1,486,,Launchctrl1,good,,2026-06-22T12:51:23+00:00
b773511e-9931-4c03-bad7-233ba9be9f7c,200,1,1,773,WordPress,Carquest Auto Parts Locations,good,,2026-06-22T12:51:23+00:00
1bee311d-9259-4b55-acfa-a7bdb27eb232,200,1,1,335,Squarespace,Wicked Kreations,good,,2026-06-22T12:51:23+00:00
3bcb7623-35d8-49ed-8c4f-9dcae317b524,0,0,0,43,,,broken,connection failed,2026-06-22T12:51:23+00:00
f9b38c71-ef40-419d-9d07-76e43b2a8482,200,1,1,526,,"Automotive Detailing in Santa Rosa, CA | APE Luxury Auto Spa",good,,2026-06-22T12:51:23+00:00
82cac3f9-cb6d-415f-985c-8b6bbe044215,0,0,0,109,,,broken,connection failed,2026-06-22T12:51:23+00:00
ca275b93-3141-4317-a35f-6b619ed0e780,200,1,1,358,WordPress,"Muffler Repair Santa Rosa | Diesel Exhaust Services Santa Rosa &amp; Rohnert Park, CA | A1A Exhaust Tech",good,,2026-06-22T12:51:23+00:00
bf7198b2-c394-48b2-8f35-4ca6c78a835b,200,1,1,498,,A AND D MOBILE AUTO REPAIR,good,,2026-06-22T12:51:23+00:00
155d2ea3-b192-4408-907d-536576060e02,200,1,1,938,WordPress,Thorson&#039;s Extreme Off-Road &#8211; Off-Road Parts and Fabrication &#8211; Thorson&#039;s Racing #666,good,,2026-06-22T12:51:23+00:00
96aec25b-5682-41ad-b84c-19f92876dd96,0,0,0,38,,,broken,connection failed,2026-06-22T12:51:23+00:00
889cf2c7-8824-456d-b8b2-c5ee8cd5997c,200,1,1,177,GoDaddy,altonsperformance,good,,2026-06-22T12:51:23+00:00
b08bc5bd-3aa0-4872-86ca-caaabdb25c29,0,0,0,52,,,broken,connection failed,2026-06-22T12:51:23+00:00
8252fcec-4e81-467f-9713-db218f4278b2,200,1,1,11572,GoDaddy,Expert Farm Equipment Repair Service,weak,,2026-06-22T12:51:23+00:00
118eed52-8c64-424e-8248-db4b4392ab63,200,0,0,184,,:::Auto Spa:::,weak,,2026-06-22T12:51:24+00:00
8853a58f-a542-4b88-9434-41169480c8a0,200,0,0,323,,,weak,,2026-06-22T12:51:24+00:00
1ddad9d5-12b7-4eba-809b-efc46bd56b45,0,0,0,109,,,broken,connection failed,2026-06-22T12:51:24+00:00
17e14900-f850-44db-9164-d3660f11e7c4,429,1,1,329,,Vercel Security Checkpoint,broken,,2026-06-22T12:51:24+00:00
cbaa63d0-1ee9-4cc6-90ee-4e5ec55c138d,0,0,0,159,,,broken,"ssl: HTTPSConnectionPool(host='www.autobodyalliance.com', port=443): Max retries exceeded with url: /shop",2026-06-22T12:51:24+00:00
67d334bd-0c27-4633-ba3c-945403f2cf1e,200,1,1,3572,WordPress,Homepage 1 - J &amp; J Auto Body,good,,2026-06-22T12:51:24+00:00
ff94e079-d02a-4256-b080-c8f013ac9afb,200,1,1,423,WordPress,Home - Capricorn Automotive,good,,2026-06-22T12:51:24+00:00
6651f107-f4a4-4de1-8e02-c499ec753df2,0,0,0,38,,,broken,connection failed,2026-06-22T12:51:24+00:00
a3f0f9c2-1873-4a2a-8505-34e59808067a,200,1,1,314,Squarespace,CHR,good,,2026-06-22T12:51:24+00:00
29a38fa4-1dd4-4bbb-974a-343f4f369092,0,0,0,106,,,broken,connection failed,2026-06-22T12:51:24+00:00
16bab56a-a755-4016-8252-631926ce6b13,0,0,0,107,,,broken,connection failed,2026-06-22T12:51:24+00:00
7eedba03-d8b9-445b-a620-63df0dc44a87,200,1,1,683,GoDaddy,Boulevard Automotive,good,,2026-06-22T12:51:24+00:00
02326ce0-2999-427e-bc25-9b56597a0acd,200,1,1,530,Squarespace,"3110 Santa Rosa Ave, Santa Rosa, CA",good,,2026-06-22T12:51:24+00:00
548132cb-90a6-4d3c-892f-42037874d3fe,0,0,0,44,,,broken,connection failed,2026-06-22T12:51:24+00:00
9258644c-82f2-4ae2-b1d0-574900973c5e,0,0,0,108,,,broken,connection failed,2026-06-22T12:51:24+00:00
a1d87966-f753-47f0-8fbc-be4ba269d19e,0,0,0,106,,,broken,connection failed,2026-06-22T12:51:24+00:00
35205380-e284-4c54-b5d8-519e3ea3305a,200,1,1,829,,Santa Rosa Auto Repair | Callagy Automotive & Smog,good,,2026-06-22T12:51:24+00:00
dcab18f3-8766-487b-997a-ede84eddfefc,200,1,1,317,,"Auto Repair in Santa Rosa, CA - Dibble's Auto Center",good,,2026-06-22T12:51:24+00:00
aac93695-22f7-4a94-bdaa-120ae027682c,200,0,0,102,,eric leonardon: sound thinking,weak,,2026-06-22T12:51:25+00:00
9e13045a-6de8-4c7f-b8d8-7072101be62d,0,0,0,109,,,broken,connection failed,2026-06-22T12:51:25+00:00
49b4623f-bba8-49d4-a6f3-259bece92957,200,1,1,514,WordPress,"Reliable Novato, CA car service - DNA Automotive, your trustworthy choice!",good,,2026-06-22T12:51:25+00:00
d5aea61f-7124-4bfd-b3fb-bc1da25205e0,404,1,1,346,,404: This page could not be found,broken,,2026-06-22T12:51:25+00:00
4b6a7649-dd4a-4389-b974-cee7e9c2081f,0,0,0,37,,,broken,connection failed,2026-06-22T12:51:25+00:00
2ee62611-27f5-4a5f-b405-6442830f49be,200,1,1,395,,"Auto Repair in Sebastopol, CA | Golden Gear Automotive",good,,2026-06-22T12:51:25+00:00
7d6d764a-ca19-4a5d-8e9b-42a3660d628c,200,0,0,309,,Coming Soon page,weak,,2026-06-22T12:51:25+00:00
75021079-7923-45bb-a25c-be596daf2e47,200,1,1,142,GoDaddy,JAAS Automotive LLC - Technician Owned and Operated,good,,2026-06-22T12:51:25+00:00
d4a5c928-2b65-4dc2-a3d8-afc3ea87dd1d,200,1,1,471,Wix,"JEV Automotive | Auto repair | 170 Ford Way, Novato, CA, USA",good,,2026-06-22T12:51:25+00:00
d520cc7f-7e45-46d0-895b-d8d5c1a4034f,200,1,1,314,,Services by Johnny Franklin's Muffler,good,,2026-06-22T12:51:25+00:00
be9b0b49-8436-4c94-b0f1-34dc3d8f18ec,0,0,0,40,,,broken,connection failed,2026-06-22T12:51:25+00:00
f6bd2b97-1c32-4e20-b7e1-d6c21a836a11,0,0,0,41,,,broken,connection failed,2026-06-22T12:51:25+00:00
7ea172fc-9b90-458e-9043-7633778fc171,200,1,1,3655,Wix,"PropJet 210 Aviation, Used Cessna Sales &amp; Maintenance. Santa Rosa, CA",good,,2026-06-22T12:51:25+00:00
0bb01883-52ff-42bb-a817-b52c072c9724,200,0,0,1892,,"Auto Repair & Tire Shop in Sonoma, CA | Broadway Auto Care",weak,,2026-06-22T12:51:25+00:00
441d3e0e-626c-40ae-bb04-62399b5001e6,0,0,0,57,,,broken,connection failed,2026-06-22T12:51:25+00:00
dd283aee-6211-44b8-8683-7709320f55e9,0,0,0,112,,,broken,connection failed,2026-06-22T12:51:25+00:00
6a25de06-91d5-471a-a315-a650365b2f80,200,0,1,395,,Rohnert Park Auto Repair Volvo Subaru Volkswagen Repair and Service Center Near Me KP Motorworks,weak,,2026-06-22T12:51:25+00:00
7844155c-688c-4b60-a205-c166c7dbc3af,0,0,0,107,,,broken,connection failed,2026-06-22T12:51:26+00:00
f6d7d647-592b-4503-a5ec-ca35f43fc92a,200,0,0,92,,Redirecting...,weak,,2026-06-22T12:51:26+00:00
3d6bba47-a934-4949-9d0e-e1f7d6d8cf44,0,0,0,41,,,broken,connection failed,2026-06-22T12:51:26+00:00
10b05d57-30a5-4822-837f-e3104bbc95bd,200,0,1,408,,,weak,,2026-06-22T12:51:26+00:00
c18f77d3-366c-45b9-96ed-e6cc5252b852,200,1,1,277,,"Local Auto Repair Shop in Santa Rosa, CA | Parker Performance",good,,2026-06-22T12:51:26+00:00
508cd343-29c1-46d1-9c7c-f5da530c2a3e,200,1,1,1369,Wix,Hans' Foreign Car Repair,good,,2026-06-22T12:51:26+00:00
797357c9-f476-47f7-9d28-05f5e34ff1e1,200,1,1,5113,WordPress,Automobile Detailing Done Right | JC Detailing | CA,weak,,2026-06-22T12:51:26+00:00
867d3d41-1a90-4b7c-8dcf-2cdfda7d80a8,200,1,1,1856,Wix,HOME | Dunleavy Automotive,good,,2026-06-22T12:51:26+00:00
60e1f84d-979b-422f-a003-7b3f03a8f19a,200,1,1,303,,Sebastopol Auto Repair - Pauline's Automotive,good,,2026-06-22T12:51:26+00:00
1989811a-db3a-45b6-a522-245825d9a3be,200,1,1,382,,"Auto Repair Shop – Santa Rosa, CA – Peet’s Foreign Car",good,,2026-06-22T12:51:26+00:00
f18d8cea-2b75-450f-8fe6-d860cb75fb07,403,1,1,274,,Access to this page has been denied,broken,,2026-06-22T12:51:26+00:00
ad7466b5-dcfe-49bd-b068-01281852865c,200,1,1,772,Joomla,"Home - Oliver Automotive | Novato, CA",good,,2026-06-22T12:51:26+00:00
bf69b99d-b637-46be-8e04-6421f5676b97,200,1,1,270,Squarespace,Quattro Care - Audi Service,good,,2026-06-22T12:51:26+00:00
69f67ce0-aed9-4b2c-9fd6-f6e403ba98c1,200,1,0,112,,Sanchez Auto Repair | Mecánica en General,weak,,2026-06-22T12:51:26+00:00
1b1fd0de-b3b6-49ee-a3b0-3d1ec20ad3a5,0,0,0,110,,,broken,connection failed,2026-06-22T12:51:26+00:00
6410d038-fb1a-43aa-8798-fa6260ea9116,0,0,0,37,,,broken,connection failed,2026-06-22T12:51:26+00:00
4616bac4-120f-42e6-9743-0859895ea821,0,0,0,29,,,broken,connection failed,2026-06-22T12:51:26+00:00
5a3a34b5-aad9-42ec-bf1e-190490da1d17,0,0,0,104,,,broken,connection failed,2026-06-22T12:51:27+00:00
64f159a7-eb27-41d4-b761-2a179b57a5d7,403,1,1,174,,Yelp,broken,,2026-06-22T12:51:27+00:00
ea709716-7e2f-45d2-b43a-cf3e8d2a568d,200,1,1,314,,Windsor Auto Repair - Ryan's Automotive,good,,2026-06-22T12:51:27+00:00
f13e5f11-ec38-4301-a903-db3495433346,0,0,0,38,,,broken,connection failed,2026-06-22T12:51:27+00:00
36a23737-0cb8-4961-ace3-08af565f4711,200,1,1,1177,WordPress,PACIFIC RESTORATION OnePage 1 - Pacificrestoration,good,,2026-06-22T12:51:27+00:00
710adf6b-5807-4d88-bd57-f67325964e7e,200,1,1,297,GoDaddy,"Garage Door Company Santa Rosa, Installation, Repairs, Openers",good,,2026-06-22T12:51:27+00:00
34bb8959-f3d5-47ad-9502-25ae143b267b,200,0,0,243,,Temporarily Disabled,weak,,2026-06-22T12:51:27+00:00
55da4334-454a-4131-9dfd-39b30617c59b,200,0,0,428,,"The Garage - Petaluma, CA (707) 762-0272 Service / Repair: BMW, Mercedes, VW, Volvo",weak,,2026-06-22T12:51:27+00:00
aee4880b-8a9a-4ca6-9383-a8c614782522,200,1,1,439,,"Auto Repair Experts In Sebastopol, California | The Neighbor&#x27;s Kid Auto Repair",good,,2026-06-22T12:51:27+00:00
782dc0f9-cdca-4f01-a9a0-a0633ccdb16b,200,1,1,913,,Rick's Complete Automotive Repair,good,,2026-06-22T12:51:27+00:00
b8aab3c5-588b-454d-ac49-0ad61d8894d5,200,1,1,640,Shopify,"Suspension, Brake, Differential &amp; Leaf Spring Repair in Santa Rosa, CA &ndash; Spring Works",good,,2026-06-22T12:51:27+00:00
175f14d1-9cfb-47de-adf8-10ce98144c01,200,0,1,311,Squarespace,Wayland Motorsports,weak,,2026-06-22T12:51:27+00:00
231a1e40-b9b7-41a4-85d0-eb02d25d7c7c,200,1,1,339,,Home | Vaughans Transmission &amp; Complete Auto Care,good,,2026-06-22T12:51:27+00:00
485e607b-ce53-4c61-a3d5-60e67bad8219,0,0,0,51,,,broken,connection failed,2026-06-22T12:51:27+00:00
ea7da700-1b67-4e14-b691-2c49af69ed92,403,1,1,348,,Just a moment...,broken,,2026-06-22T12:51:27+00:00
a4382d41-1e79-4ae7-ac8b-64ec21bf6030,200,1,1,271,Squarespace,Coastline Vans | Discover Your Perfect Van Conversion,good,,2026-06-22T12:51:27+00:00
3a024096-9b13-490b-9610-6166e3fa8bc4,200,1,1,159,Webflow,"Andy&amp;#39;s Donuts and Bagels, Bakery, 1784 Piner Rd",good,,2026-06-22T12:51:27+00:00
7be3948c-f0f4-4178-9926-29533179a6e6,200,1,1,230,GoDaddy,Desserts and Catering - A Piece of Cake &amp; Confections,good,,2026-06-22T12:51:27+00:00
1c2631fe-0892-4e01-a9e2-c2578245d33c,200,1,1,468,,"C.J. Electric - Electrician | El Verano, CA",good,,2026-06-22T12:51:28+00:00
21f1e456-14c2-40e2-80f5-0db8da0d70ef,200,0,1,2222,WordPress,McCoy&#039;s German Automotive | Foreign and domestic auto repair since 1980.,weak,,2026-06-22T12:51:28+00:00
fa871eb6-fcbc-49f6-b856-4bc86cd1ca97,200,1,1,448,GoDaddy,Home - Automotive Air Conditioning Repair Service - SCAAC,good,,2026-06-22T12:51:28+00:00
8026ad3b-5b4e-4ede-a640-a01ea6ab6822,403,1,1,171,,Just a moment...,broken,,2026-06-22T12:51:28+00:00
06f96b45-ad3d-4fb2-9446-48af67c9ed28,403,1,1,245,,403 - Forbidden,broken,,2026-06-22T12:51:28+00:00
226004c7-87ba-477b-8fd7-e082146202e5,200,1,0,344,Weebly,Home,weak,,2026-06-22T12:51:28+00:00
9d76969f-edd9-404a-b017-5fa133357a52,200,0,0,259,,,weak,,2026-06-22T12:51:28+00:00
c6374824-c962-4387-8b4b-8c3f4dece490,200,1,1,423,Squarespace,Blooms End,good,,2026-06-22T12:51:28+00:00
21b843d6-b54b-4424-a873-f9da719358d8,403,1,1,87,,Just a moment...,broken,,2026-06-22T12:51:28+00:00
e0cba3f7-d2e6-43a1-9ed0-9f8b52f670e1,0,0,0,102,,,broken,connection failed,2026-06-22T12:51:28+00:00
95e559cf-cc70-4fe9-b59e-3c4a8d0aee54,200,1,1,230,Squarespace,Downtown Bakery and Creamery,good,,2026-06-22T12:51:28+00:00
c4d159d4-44d4-4483-bf9e-df1e7e1cf90d,200,1,1,441,Weebly,Home | College Confectionista,good,,2026-06-22T12:51:28+00:00
5a4c1fe6-9ca1-474c-bca8-04c7c7007b4f,200,1,1,761,,Home | Santa Rosa Junior College,good,,2026-06-22T12:51:28+00:00
49c6c88c-adf0-40c9-869a-1d3ddffe947f,200,0,1,473,,Elpasobakerycotati.com,weak,,2026-06-22T12:51:29+00:00
af700ea5-8227-4e3f-b463-8367c9873599,200,1,1,411,Squarespace,Mad Batter Cakery Company,good,,2026-06-22T12:51:29+00:00
d49b26bd-5eae-4b84-be66-05c4123cf763,200,1,1,489,Squarespace,Link Tree &mdash; Keith Giusto Bakery Supply,good,,2026-06-22T12:51:29+00:00
d682fdb9-038f-4662-bf84-d110ff4dd3a8,200,0,1,2042,,åå-SSLè¯ä¹¦-ç½ç«ååè¶ è¿æå¡ææé,weak,,2026-06-22T12:51:29+00:00
19a05d3a-0deb-4705-bea5-c12648e1c812,403,1,1,1736,,Just a moment...,broken,,2026-06-22T12:51:29+00:00
49d8dd74-297c-4c25-b831-33dd734d9a67,200,1,1,369,Squarespace,Nightingale Breads,good,,2026-06-22T12:51:29+00:00
f2769290-6ed9-476a-801b-ee6a482ec2bb,200,1,1,538,Shopify,Mama Mel&#39;s Bread,good,,2026-06-22T12:51:29+00:00
a258eb14-c070-499a-a62c-81421b7f8ef0,200,1,1,281,Squarespace,"Quail &amp; Condor | Artisan Bakery &amp; Cafe | Healdsburg, CA",good,,2026-06-22T12:51:29+00:00
328e6cfe-7f6c-4886-a782-0e1a2f1bc7ea,200,1,1,9973,GoDaddy,Buddy&#x27;s Auto body &amp; Restoration,weak,,2026-06-22T12:51:30+00:00
c0050f3b-d178-43cb-b176-cca93014cbf4,200,1,1,681,Shopify,Petaluma Pie Company,good,,2026-06-22T12:51:30+00:00
c2ec2ea0-c722-4a9e-b3b2-68b3b9e75963,200,1,1,279,Squarespace,"Sarmentine | French Artisan Bakery, Pastries, Crepes, &amp; Baking Workshops in Sonoma County",good,,2026-06-22T12:51:30+00:00
c1094620-2130-46d6-8fb9-7737b6c4bc2b,200,1,1,453,Squarespace,Elim Grove Cottages,good,,2026-06-22T12:51:30+00:00
14b42edb-97fd-4f14-bb73-cda122b842c7,403,1,1,193,,Just a moment...,broken,,2026-06-22T12:51:30+00:00
1bec4176-9b73-4442-b89b-9b422647c63c,0,0,0,475,,,broken,"ssl: HTTPSConnectionPool(host='simply-strudels.com', port=443): Max retries exceeded with url: / (Caused ",2026-06-22T12:51:30+00:00
35f1bc50-3068-46f6-b5f5-74c2c47fef13,409,0,1,248,,DNS resolution error | www.sonomacreamery.com | Cloudflare,broken,,2026-06-22T12:51:30+00:00
25f7cfac-fd8b-4fec-b6f5-35c0fea2ad65,525,1,1,648,,sebastopolcookies.com | 525: SSL handshake failed,broken,,2026-06-22T12:51:30+00:00
744ebbdf-dbd5-4953-9f2f-8fced35cdcc0,200,1,1,1578,GoDaddy,Once Bitten Bakery - Custom Cookies,good,,2026-06-22T12:51:31+00:00
cbf5d9ee-19bc-4d53-9ef8-ecbbb06f4dda,200,1,1,386,Wix,Home | Sweet Cs Cake Shoppe,good,,2026-06-22T12:51:31+00:00
0787036b-5a44-4020-8ef2-78a1e4ec2af0,200,1,1,2248,Wix,"Macarons &amp; Crepes | Madeleine's Macarons | bakeries Napa Valley, Yountville, Napa County",good,,2026-06-22T12:51:31+00:00
574b8390-1ce0-4b82-b8d4-c9ae2ca3379e,200,1,1,1765,Wix,"Nom Nom Cakes | Custom cakes in Bodega Bay and Sonoma County, CA",good,,2026-06-22T12:51:31+00:00
a8095141-56a3-44af-99f0-282e36f19e62,0,0,0,37,,,broken,connection failed,2026-06-22T12:51:31+00:00
ecc6d634-611d-472b-bf4d-8fc7e21f9292,200,0,0,220,,,weak,,2026-06-22T12:51:31+00:00
675f1176-793e-47ea-9df9-de6577879616,200,1,1,2307,,UNITOGEL: Bandar Dengan Diskon Harian Dan Mingguan Dari 30% Hingga 70% Di Uni Togel,good,,2026-06-22T12:51:31+00:00
cdf337e2-e427-4cdc-8bea-0169598d995e,0,0,0,15122,,,broken,timeout,2026-06-22T12:51:31+00:00
9750901e-e8a2-44b0-88d5-cdbf6bb7d624,200,1,1,390,Squarespace,"VILLAGE BAKERY - Award Winning Sonoma County Bakery, based in Montgomery Village, Santa Rosa, CA",good,,2026-06-22T12:51:31+00:00
a2c0e0af-6270-4f21-8163-691975be8a45,200,1,1,575,GoDaddy,Twofish Baking Cafe - Fresh Pastries and More,good,,2026-06-22T12:51:31+00:00
c72368db-f233-4bc5-95ae-bdb54a32d12a,200,1,1,300,Squarespace,The 40/40 Club,good,,2026-06-22T12:51:31+00:00
bfd6abad-e494-4c6b-a97a-2c81a3963265,0,0,0,112,,,broken,connection failed,2026-06-22T12:51:31+00:00
5ddb521b-4293-40b1-9829-6886cdffa004,200,1,1,527,Wix,Home | Sweet Cs Cake Shoppe,good,,2026-06-22T12:51:31+00:00
1b6c2dab-a256-444b-952d-87a2976aa0de,403,0,1,181,,403 - Forbidden,broken,,2026-06-22T12:51:32+00:00
87abd4b8-7e3e-4a25-be8f-6ad44725d50b,200,1,1,1275,Weebly,,good,,2026-06-22T12:51:32+00:00
57bfdb17-7283-464c-bd74-4274a072211c,200,1,1,908,Weebly,hello | Wooden Petal Pretzel Parlor,good,,2026-06-22T12:51:32+00:00
2050f251-04ad-4f44-8426-227c46c2c908,200,1,1,185,Weebly,Dolan's Den - Home,good,,2026-06-22T12:51:32+00:00
f3cd2295-92bc-478a-b23f-a9bed6667d15,200,1,0,472,,Index of /,weak,,2026-06-22T12:51:32+00:00
431dfae1-95a7-48c8-bb17-a7a4a537803f,500,0,0,245,,500 Internal Server Error,broken,,2026-06-22T12:51:32+00:00
416bed85-8d5a-45d7-aa53-939c44869cbb,200,1,1,4564,WordPress,Brickmaiden Breads,weak,,2026-06-22T12:51:32+00:00
7d39a151-1501-4744-ab48-05cacf8ffbba,200,1,1,274,Squarespace,LO &amp; BEHOLD,good,,2026-06-22T12:51:32+00:00
50e553f4-2d75-4c08-90e9-29d46e056061,200,1,1,240,Squarespace,RAILROAD STATION BAR AND GRILL,good,,2026-06-22T12:51:33+00:00
7ff41490-9301-4686-9681-efe40d80e4a3,200,1,1,2298,Wix,Cafe | Stellina Pronto | Petaluma,good,,2026-06-22T12:51:33+00:00
aa770607-b1c0-41a3-8936-08386d88ef81,200,1,1,500,Wix,Craft Cocktails | Luma Bar &amp; Eatery | Petaluma,good,,2026-06-22T12:51:33+00:00
425bbb71-3c90-4bc5-a7bc-a60d867d2194,200,0,1,1252,,tradewinds bar,weak,,2026-06-22T12:51:33+00:00
1eca11b4-9289-423f-8b30-0c9ebddc067d,0,0,0,1615,,,broken,connection failed,2026-06-22T12:51:33+00:00
0bc3301d-3dc9-433f-a8ff-b84cfb5aa801,200,1,1,232,GoDaddy,Greenview Bar &amp; Grill,good,,2026-06-22T12:51:33+00:00
fb12860b-bfe0-4cb9-878d-686453bb720a,403,1,1,486,,Attention Required! | Cloudflare,broken,,2026-06-22T12:51:33+00:00
4e238b19-9ef9-491c-acad-3985b373a244,200,1,1,571,Squarespace,Street..Social,good,,2026-06-22T12:51:33+00:00
482f669a-33a3-41c4-95d9-cc47bfa8b7a7,200,1,1,271,Squarespace,The Washoe House,good,,2026-06-22T12:51:33+00:00
2a81e4a5-fff3-44bd-b951-0e693013e0ef,200,1,1,562,WordPress,Events &#8211; The Press Democrat,good,,2026-06-22T12:51:33+00:00
90e977be-b38a-4a58-8737-226370cc9fd6,200,1,1,338,Squarespace,Waterhawk | Discover Lakeside Dining – Reserve Now,good,,2026-06-22T12:51:33+00:00
8ac95c94-8439-413e-a580-ccc6bc813655,200,1,1,100,GoDaddy,Triple B&#039;s Barbecue By Biasotti &#8211; Smokehouse and Catering,good,,2026-06-22T12:51:33+00:00
02313191-86b9-4431-9d40-17a6a6a18d16,200,1,1,629,,Hotel | The Rooftop - Harmon Guest House,good,,2026-06-22T12:51:34+00:00
951955c5-e6c5-421b-a9b0-62a505d90ab5,200,1,1,529,GoDaddy,"Windsor Bar &amp; Grill in Windsor, California",good,,2026-06-22T12:51:34+00:00
a247e1f3-4bc9-4f13-9172-003a70d204f5,200,1,1,436,Squarespace,Hamburger Ranch and BBQ | BBQ,good,,2026-06-22T12:51:34+00:00
2ac0da8e-3586-49ba-bd5d-08e64340190e,200,1,1,1814,WordPress,MOLCAJETES &#8211; Bar &amp; Grill,good,,2026-06-22T12:51:34+00:00
bc4265f9-df23-483f-b029-b721c031b68a,200,1,1,524,,"Must-Try BBQ in Santa Rosa, CA | Downtown Barbecue",good,,2026-06-22T12:51:34+00:00
5ace8d4b-7947-421a-8173-8f07cc594d35,0,0,0,102,,,broken,connection failed,2026-06-22T12:51:34+00:00
2bc289e3-dfcb-4ef2-be54-5846e87bc9f4,200,1,1,685,GoDaddy,Buster&#x27;s Original Southern BBQ,good,,2026-06-22T12:51:34+00:00
0bbdc977-819f-41ee-bd60-206ccc9eba83,200,0,1,436,Squarespace,War Pigs Craft Kitchen,weak,,2026-06-22T12:51:34+00:00
5682abd7-4786-4394-8a2a-0446b9d25208,200,1,1,533,Shopify,First Class Barbershop,good,,2026-06-22T12:51:34+00:00
d336edf3-9d5a-40b8-968b-10fcf748bc3f,200,1,1,438,Squarespace,Authentic&#39;s Barber Shop in Petaluma | Men&#39;s Haircuts &amp; Grooming,good,,2026-06-22T12:51:34+00:00
b9dbda93-2417-4fc7-b474-8f3638fd8b6b,0,0,0,15121,,,broken,timeout,2026-06-22T12:51:34+00:00
99520d23-153b-44e8-82d5-9fda295d8532,200,1,1,393,,Fine Lines Barbershop,good,,2026-06-22T12:51:34+00:00
f299aa84-da05-4ba7-a675-386279f16431,403,1,1,2531,,Attention Required! | Cloudflare,broken,,2026-06-22T12:51:34+00:00
844b197c-35c1-4389-8bce-323b9505c399,0,0,0,43,,,broken,connection failed,2026-06-22T12:51:34+00:00
06d386ec-d077-467f-8ea5-425cbc792d3f,200,1,1,319,Squarespace,The Male Room,good,,2026-06-22T12:51:35+00:00
6e69671b-0039-4637-a429-1d43c8cf560b,200,1,1,463,,MannyG 415-858-4773,good,,2026-06-22T12:51:35+00:00
b89ec596-edb5-4973-bf2e-47b3cb6b4f21,200,1,1,252,WordPress,"Mel Ditty &#8211; Santa Rosa, CA Barber",good,,2026-06-22T12:51:35+00:00
e55187db-e0b8-4fdb-a616-3ed8fd9759a3,200,1,1,356,Squarespace,Santa Rosa&#39;s &quot;Better Than A Barber Shop&quot; | The Shoppe Hair Salon,good,,2026-06-22T12:51:35+00:00
2ca4d739-44e5-4cc5-8c0c-9c817dd58acf,0,0,0,103,,,broken,connection failed,2026-06-22T12:51:35+00:00
57e54c70-0c37-4cc3-aad9-6b84d07e9917,0,0,0,103,,,broken,connection failed,2026-06-22T12:51:35+00:00
1c0078a6-11ae-493c-9858-0e64896360f4,0,0,0,8,,,broken,connection failed,2026-06-22T12:51:35+00:00
091f1461-5195-424b-a982-f608c3ba4c4e,0,0,0,214,,,broken,connection failed,2026-06-22T12:51:35+00:00
d8e0c6e5-4b47-472e-b425-54513bb98087,200,1,1,352,Squarespace,Sonoma Taps,good,,2026-06-22T12:51:35+00:00
44b89720-ec45-4266-84c6-06b807fea672,200,1,1,406,,Natalie Damiano Home,good,,2026-06-22T12:51:35+00:00
df884865-45cc-4cfc-9458-d4dc16b8b456,200,1,1,1264,,"Booksy - hair stylists, barbers, beauticians... book appointments online!",good,,2026-06-22T12:51:35+00:00
fed1e068-5703-4e17-b5ba-59af36986d2f,200,1,1,387,Webflow,"All-In-One Salon, Spa &amp; Medspa Software | GlossGenius",good,,2026-06-22T12:51:35+00:00
099a7cd8-27c6-4f92-bf37-a697988f8dbb,200,1,1,4780,Shopify,"Authentic Italian Biscotti, Crunchy, Not Too Hard, Perfect with Coffee",weak,,2026-06-22T12:51:36+00:00
e4f0d4f5-1a27-4713-bd13-cac229100397,200,0,1,1595,WordPress,Homepage - JimBarber.com,weak,,2026-06-22T12:51:36+00:00
7815e663-b3fe-4ad9-8a43-d049a6b94c0a,0,0,0,42,,,broken,connection failed,2026-06-22T12:51:36+00:00
cc133277-1f2f-4239-95e1-273ec3d7d933,0,0,0,109,,,broken,connection failed,2026-06-22T12:51:36+00:00
c444c1a7-358a-42ab-a8d1-431118b60907,200,1,1,407,,Home,good,,2026-06-22T12:51:36+00:00
bfb47a50-d474-44b5-8f5a-900ba3a50c71,200,1,1,1825,,All Star Barbershop - Santa Rosa CA | Vagaro,good,,2026-06-22T12:51:36+00:00
37856099-629a-4037-9ad7-f843869c1c8f,200,1,1,172,Webflow,"Avenue Salon, Beauty Salon, 804 Grant Ave Ste A",good,,2026-06-22T12:51:36+00:00
7744fa69-7af2-4205-870a-73fd3a82e196,0,0,0,110,,,broken,connection failed,2026-06-22T12:51:36+00:00
15120f54-13b3-4a65-9c0b-03bc6f63f758,200,1,1,835,WordPress,"Curlture Salon: the Best Curly Hair Salon in Santa Rosa, CA",good,,2026-06-22T12:51:36+00:00
891818d5-98a2-4c18-a10a-a09626ea0528,200,1,1,1599,,Book A Service with Daredevils Barbershop DAREDEVILS&QUEENS - Santa Rosa CA | Vagaro,good,,2026-06-22T12:51:36+00:00
2e9d8c89-d38a-4e3e-b13b-6f1693a67e2f,200,1,1,300,GoDaddy,Beauty by Cristy,good,,2026-06-22T12:51:36+00:00
e3e2294a-2c42-4c7c-ac82-6dec6b9d6cdb,200,1,1,680,Squarespace,"Alexandria Lash Studio | Eyelash Extension Boutique | Petaluma, CA",good,,2026-06-22T12:51:36+00:00
417c33d0-4cf4-4150-ae47-7cb8da48e40d,200,1,1,259,,Luxury Hand Tied Hair Extensions in Sonoma County | Bella Deva Beauty Scene,good,,2026-06-22T12:51:36+00:00
4bfee5cd-d6d3-46b6-a96c-aa7fdecdf8e4,200,1,1,427,,Webs.com has been shut down: Find out more,good,,2026-06-22T12:51:36+00:00
35ff91b0-1935-4969-a31f-79abf0c7dc2b,403,1,1,885,,Just a moment...,broken,,2026-06-22T12:51:36+00:00
03076a0e-eee5-48fd-8b0e-c325cb5610f1,200,1,1,430,,Portfolio,good,,2026-06-22T12:51:36+00:00
748d130d-4bb7-4d78-9bc9-e4b545189ec7,200,1,1,448,Squarespace,Birch &amp; Branch Salon,good,,2026-06-22T12:51:36+00:00
68bcd847-b05e-46f6-85c9-11415844c534,200,1,1,346,,Capelli&#8217;s Barbershop,good,,2026-06-22T12:51:36+00:00
190fecc6-f4f1-447d-abc4-3584d579d6ef,200,1,1,1659,Wix,Home | Daily Wellness,good,,2026-06-22T12:51:36+00:00
555bcecc-86cb-4635-83a3-73beb55d5ce4,200,1,1,406,Squarespace,MOXIE &amp; CO,good,,2026-06-22T12:51:36+00:00
4567549e-f630-469c-8f53-6e7e4f4f7895,0,0,0,65,,,broken,connection failed,2026-06-22T12:51:37+00:00
80de4266-6d18-43ec-8c45-11781812745c,0,0,0,104,,,broken,connection failed,2026-06-22T12:51:37+00:00
d0ca95ee-3b80-41fa-9a8c-281ce5d8d366,0,0,0,107,,,broken,connection failed,2026-06-22T12:51:37+00:00
bdd4005d-05eb-4df8-b4ab-9347455a63af,200,1,1,521,,"Chateau de Beauty | Health &amp; Beauty in santa rosa, CA",good,,2026-06-22T12:51:37+00:00
6b42dd72-7445-4bb5-9370-d3c9bec78303,200,1,1,471,Squarespace,Christina Flach | Celebrity Makeup Artist San Francisco Bay Area,good,,2026-06-22T12:51:37+00:00
2012c63d-3f8e-4aaa-a37d-5f06f2e9042b,200,0,0,180,,Frankie's BeeHive Salon,weak,,2026-06-22T12:51:37+00:00
e6671232-bed6-45b2-a90e-fe4158fed29a,0,0,0,118,,,broken,connection failed,2026-06-22T12:51:37+00:00
3ddd7b76-d9ab-4a3e-bd73-bc80a0ef377d,200,1,1,160,Webflow,"Heart and Soul Salon, Beauty Salon, 312 B St",good,,2026-06-22T12:51:37+00:00
88cd3dc4-57cc-4884-9c38-5214e2e70329,200,1,1,658,Wix,Sonoma Makeup artist and hairstylist | Devotion Studio,good,,2026-06-22T12:51:37+00:00
f26de1e3-da74-444d-b747-1cdf96d4b0db,0,0,0,116,,,broken,connection failed,2026-06-22T12:51:37+00:00
f46bd1c0-c2ac-4dfa-b018-21fcfadfff42,200,1,1,327,Squarespace,H+Co salon,good,,2026-06-22T12:51:37+00:00
d5be92bd-71f6-4056-b20d-56c595565e64,403,1,0,192,,,broken,,2026-06-22T12:51:37+00:00
8a1dabb2-1845-45f6-b80b-a75749faf037,200,1,1,339,Squarespace,Inspire Salon and Boutique,good,,2026-06-22T12:51:37+00:00
f5454e42-d0f3-4779-b87e-47c3ee9dc1c1,200,1,1,709,Webflow,"All-In-One Salon, Spa &amp; Medspa Software | GlossGenius",good,,2026-06-22T12:51:37+00:00
ee9efcf0-01c5-4ce2-92c3-57209865aeb4,0,0,0,15140,,,broken,connection failed,2026-06-22T12:51:38+00:00
25b0d046-2fa1-4d7d-a32d-0fb1f2ad438b,200,1,1,312,Wix,Home | Le Reve Salon,good,,2026-06-22T12:51:38+00:00
63a3c4f1-9c39-40ec-8c12-e84d9a412c4d,200,1,1,617,Weebly,Home | Lash Lounge,good,,2026-06-22T12:51:38+00:00
07f7f50b-c6b2-4fab-9f96-e35784fb9b11,403,0,1,272,,403 - Forbidden,broken,,2026-06-22T12:51:38+00:00
ec02196d-160f-4c79-9b7c-efc39cbcace3,200,1,1,1211,,Dukes and Dolls,good,,2026-06-22T12:51:38+00:00
840b051b-c6b5-445f-abff-b2220f6eef2a,0,0,0,106,,,broken,connection failed,2026-06-22T12:51:38+00:00
f9f9f8d4-926d-45f3-a0d3-99b3081a4b81,200,0,0,256,,,weak,,2026-06-22T12:51:38+00:00
ef0f8b9c-4903-4b09-91aa-0422c3231d61,200,1,1,1976,,Brows & Balayage (Tasha Harrison) - Cotati CA | Vagaro,good,,2026-06-22T12:51:38+00:00
bf01fbe2-6461-48f3-8a73-721d1b846b70,200,1,1,1164,Wix,Home | Kellyglassbeauty,good,,2026-06-22T12:51:38+00:00
3448b58b-af0b-4fe3-9891-efd4dd70b43e,200,1,1,2175,Wix,"Cosmetic Tattoo Services in Rohnert Park, CA | My Site",good,,2026-06-22T12:51:38+00:00
f2900a7d-147a-48e1-8bb3-a56f12a29c1f,200,1,0,178,,Redirecting...,weak,,2026-06-22T12:51:38+00:00
c8004cca-995b-44c3-8f74-ef5a0f8731e5,0,0,0,52,,,broken,connection failed,2026-06-22T12:51:38+00:00
a817e71b-fd2b-4859-9f0e-78eeb96505d7,200,1,1,849,,California Board of Barbering and Cosmetology,good,,2026-06-22T12:51:38+00:00
d144cc39-2305-4090-9d1b-b75fb3a497c4,200,1,1,2757,Wix,"Becca Fiala Studio | Hair &amp; Brow Salon in Windsor, CA",good,,2026-06-22T12:51:39+00:00
34fae9f8-96eb-4c47-a450-cf8e9a6d4150,200,1,1,425,Wix,"Skincare and Hair Removal | Pearl Essence Beauty | Sonoma County Esthetician Services | DMK Specialist, Skinscript Facials, Sugar Wax Hair Removals, Eyebrow Waxing &amp; More",good,,2026-06-22T12:51:39+00:00
6725cc6a-7f56-4959-9e17-78285bdb4175,200,0,0,1196,,,weak,,2026-06-22T12:51:39+00:00
2b6ee7c6-da9a-4972-969b-3bdfeca69564,200,1,1,1048,Weebly,,good,,2026-06-22T12:51:39+00:00
aa304edf-a6d9-4c0e-afce-a36a438d9ed3,200,1,1,1213,,Moonstone Lash Studio - Rohnert Park CA | Vagaro,good,,2026-06-22T12:51:39+00:00
95028c09-f75a-4015-9396-95456955548a,200,1,1,160,Webflow,"Radici Hair Studio, Beauty Salon, 847 4th St",good,,2026-06-22T12:51:39+00:00
69007450-9f0f-420d-a72a-b6bc3dece32e,200,1,1,457,Squarespace,"Purley Sonoma | Clean Hair &amp; Beauty Salon in Sonoma, CA",good,,2026-06-22T12:51:39+00:00
8f3ba961-7663-422f-b6de-3347f3180d85,0,0,0,103,,,broken,connection failed,2026-06-22T12:51:39+00:00
c30af4ee-4314-4cf9-a42e-bd4437e60d7f,404,1,1,202,,Find local service providers and contractors on Yahoo Local.,broken,,2026-06-22T12:51:39+00:00
b59f64d0-634d-4328-819a-12a7381e8572,200,0,0,391,,,weak,,2026-06-22T12:51:39+00:00
19fba109-d824-435d-a550-9f94153f8105,200,1,1,1353,WordPress,Home - OutLaw Barber &amp; Beauty,good,,2026-06-22T12:51:39+00:00
9cabb89c-c7fe-4bc6-a36a-ab74810e25ac,200,1,1,601,,"Driving Backwards, Looking Forward by Rebels Glam Sound Lab | Suno",good,,2026-06-22T12:51:39+00:00
2c62bec3-b8bb-43c3-9e8d-cd6f29d825ce,200,1,1,1021,,Plush Salon,good,,2026-06-22T12:51:39+00:00
27790015-b7a4-48fb-bf2d-a939fb6b5697,404,1,1,400,Wix,,broken,,2026-06-22T12:51:39+00:00
dc21dafb-c5b1-4d47-b827-0d653b707723,200,1,1,2334,Wix,Lash and Brow Bar | Sonoma County | Eyebrow Lamination | Lash Lift | Eyebrow Waxing Service | Eyelash Extension Service,good,,2026-06-22T12:51:39+00:00
d47b26d4-b0bd-4c9b-989a-6937dd2694d4,0,0,0,41,,,broken,connection failed,2026-06-22T12:51:39+00:00
5802c18d-592c-4d99-9b3b-cb9f5cacfed6,200,1,1,327,Squarespace,Sweet Soul Beauty Bar,good,,2026-06-22T12:51:40+00:00
3a0b2731-c841-49fe-b54b-34a74fd83317,200,1,1,514,Squarespace,SHADE | Luxury Hair Extensions and Color Services,good,,2026-06-22T12:51:40+00:00
46a4c25c-178a-43d1-a8e1-8c03b8db1f42,404,1,1,431,,,broken,,2026-06-22T12:51:40+00:00
5fd316d6-5ad3-49c4-8d54-db379ba7633e,200,1,1,403,Squarespace,St. James Salon,good,,2026-06-22T12:51:40+00:00
c4613623-390b-493c-ad28-2989a0407be2,404,1,1,512,Wix,,broken,,2026-06-22T12:51:40+00:00
55481f4b-9b37-44f6-8c7a-0d99e4ca9f85,200,0,0,272,,,weak,,2026-06-22T12:51:40+00:00
50aa285b-2e4d-496d-9414-b82f6672d441,200,1,1,800,,California Board of Barbering and Cosmetology,good,,2026-06-22T12:51:40+00:00
8464051e-efba-47d9-8408-6f4c86d22c81,200,1,1,303,,Luxury Eyelash Extensions and Body Waxing | The Lux Haven,good,,2026-06-22T12:51:40+00:00
29ce33b7-f388-4487-814c-4e7189dfa616,200,1,1,505,Squarespace,"The Moon Room I Clean Hair and Beauty Salon Petaluma, CA.",good,,2026-06-22T12:51:40+00:00
8d940f0a-96d8-42c8-9e22-72c972b6d124,200,1,1,260,,17hats,good,,2026-06-22T12:51:40+00:00
b5e1dde7-530e-4987-a1c5-b76ce57b4443,200,1,1,1403,,Sarah Jasmine Shind at Uptown salon,good,,2026-06-22T12:51:40+00:00
ecf35fcf-f28f-4455-85c5-f9b34b4a09e9,0,0,0,104,,,broken,connection failed,2026-06-22T12:51:41+00:00
d965ab2a-00bc-4035-b59f-2fd8007bb0b4,0,0,0,45,,,broken,connection failed,2026-06-22T12:51:41+00:00
ed2e807f-a5d9-49da-b343-343a43e432c1,200,1,1,290,Squarespace,Wash &amp; Brushup Co.,good,,2026-06-22T12:51:41+00:00
affcbf6b-cd97-4f01-b782-0a3db332061d,200,1,1,668,Wix,Home | Twyla &amp; Co.,good,,2026-06-22T12:51:41+00:00
3ab3c936-cb88-4ab7-9c7b-91f9f942419c,200,1,1,309,,"Participating Telehealth Provider | Weiss Orthopaedics: Orthopaedic Surgeon: Sonoma, CA &amp; Northern Marin Novato, CA",good,,2026-06-22T12:51:41+00:00
d9843797-d162-4243-9cfc-8d7a546f0648,200,1,1,252,GoDaddy,Acalistogaenchantedcottage,good,,2026-06-22T12:51:41+00:00
23b2dbce-47a1-485c-bc08-53a9b7e1dba6,200,1,1,1230,,"The Beauty Alchemist | Health &amp; Beauty in Novato, CA",good,,2026-06-22T12:51:41+00:00
07c7e92a-b42b-440e-a674-2580e6dea588,200,1,1,3213,WordPress,New Image Beauty Salon Inc | Hair stylist &amp; More,good,,2026-06-22T12:51:41+00:00
4c4619fe-74ba-4cde-ba2d-a68f3f4c18a9,0,0,0,49,,,broken,connection failed,2026-06-22T12:51:41+00:00
5b3a52df-6899-4da9-bcac-b77b5b8b8aff,0,0,0,15143,,,broken,connection failed,2026-06-22T12:51:41+00:00
b3935250-f4f5-4300-83e6-bea0342ae044,0,0,0,10009,,,broken,connection failed,2026-06-22T12:51:41+00:00
7af0c29f-ab2e-4ef4-86a9-abdec68f2ef6,200,1,1,722,WordPress,AppleGarden Farm &amp; Cottage | Tomales Lodging | Pt Reyes B&amp;B Inn,good,,2026-06-22T12:51:41+00:00
74480938-f1b5-492a-b5b5-c565e4409fee,200,1,1,1732,,The Blossom Salon | Scheduling and Booking Website,good,,2026-06-22T12:51:42+00:00
8685c1aa-2ad0-41d4-964d-6d09117ebc90,200,1,1,332,Squarespace,Danehill Manor,good,,2026-06-22T12:51:42+00:00
8be94b7d-4a9a-437a-8dcc-3867a0c7c892,0,0,0,220,,,broken,"ssl: HTTPSConnectionPool(host='embracecalistoga.com', port=443): Max retries exceeded with url: / (Caused",2026-06-22T12:51:42+00:00
2d634088-d18c-4fdc-9748-67f1d0cf341f,200,0,0,231,,,weak,,2026-06-22T12:51:42+00:00
ea0e410b-0a2d-4261-8bd0-9dd90f087acd,200,1,1,1012,,Avalon Luxury Inn,good,,2026-06-22T12:51:42+00:00
4a3b8bed-c7e9-4e4d-98d3-dbe3375572f8,200,0,1,3356,,新奥2025新澳门原料网-免费完整资料,weak,,2026-06-22T12:51:42+00:00
9a1d516b-faa8-4666-bb21-12c47c8cf530,200,1,1,233,WordPress,Homepage - Haydon Companies,good,,2026-06-22T12:51:42+00:00
cfb6cc11-6044-485b-ab1a-61b11af47627,403,1,0,150,,tripadvisor.com,broken,,2026-06-22T12:51:42+00:00
f159bfda-4b4d-4ad4-b2dd-54238d4884d9,400,1,0,223,,400 Bad Request,broken,,2026-06-22T12:51:42+00:00
7463d88e-786b-4068-9b00-a54d918aa3f8,200,1,1,2099,WordPress,Home - UR Beauty Salon,good,,2026-06-22T12:51:42+00:00
8e009127-3a42-402b-b9c1-8eea675c6033,200,1,1,374,Squarespace,Embrace Calistoga,good,,2026-06-22T12:51:42+00:00
a156a8fc-c49f-4087-917a-887c4b49f64a,200,1,1,297,WordPress,Okaeri - Okaeri,good,,2026-06-22T12:51:42+00:00
dce7d65a-2490-40df-b952-23571ee725f3,0,0,0,119,,,broken,connection failed,2026-06-22T12:51:42+00:00
865f747b-6fd5-4661-809d-02a761fa0b79,200,1,1,215,GoDaddy,Healdsburg Guest House &#8211; Luxury &amp; Tranquility,good,,2026-06-22T12:51:42+00:00
86ccd4fa-ba8e-47b7-9675-9333c6f53087,200,1,1,530,WordPress,"The Madrona Hotel | Luxurious Rooms in Healdsburg, CA",good,,2026-06-22T12:51:42+00:00
d48968f4-d44a-4a4d-ba31-7737f94df73e,200,0,1,327,,,weak,,2026-06-22T12:51:43+00:00
2f0f6ec0-da2f-4a81-82fc-4e3de255da7b,0,0,0,110,,,broken,connection failed,2026-06-22T12:51:43+00:00
cbb99486-cde8-479a-ba9a-2f021981d21f,200,1,1,453,Webflow,The Francis House | Best Luxury Boutique Hotel in Calistoga,good,,2026-06-22T12:51:43+00:00
97e901c1-4769-4fbb-bbaf-4dc8859603c6,200,1,1,1247,Wix,About Knowlton Farms | knowltonfarms,good,,2026-06-22T12:51:43+00:00
d0b2c73d-905a-4967-98ea-8edb4656b267,200,0,0,187,,,weak,,2026-06-22T12:51:43+00:00
7af89489-c1f8-4505-aefc-9ec074494141,200,1,1,1049,,"Comfy Santa Rosa B&amp;B in the Trees - Guesthouses for Rent in Santa Rosa, California, United States - Airbnb",good,,2026-06-22T12:51:43+00:00
b9ccb708-bb66-4a60-80e3-efcb76644b96,0,0,0,15,,,broken,connection failed,2026-06-22T12:51:43+00:00
e9d60b36-8bb1-45d5-a482-da8f7712c9d3,200,1,1,1330,,"A Charming Lodge in the Heart of Inverness - Houses for Rent in Inverness, California, United States - Airbnb",good,,2026-06-22T12:51:44+00:00
891437f4-049b-4023-a27f-3ead8b48dc1d,200,0,1,546,,Trailside Inn - Calistoga Bed and Breakfast in Napa Valley Wine Country,weak,,2026-06-22T12:51:44+00:00
8e898522-2450-420d-9cfa-9b62603593ef,200,0,1,582,,Trailside Inn - Calistoga Bed and Breakfast in Napa Valley Wine Country,weak,,2026-06-22T12:51:44+00:00
67843eaf-29a2-42e1-aeb5-86fda72806e3,200,1,1,241,Squarespace,WineBerry Lodge,good,,2026-06-22T12:51:44+00:00
637af81d-af02-44f5-9b41-2ad7801b675a,200,0,0,845,,Pink Mansion Calistoga,weak,,2026-06-22T12:51:44+00:00
185fe698-b505-45b7-9038-c8ebf39c1c50,200,0,1,216,Squarespace,Barley &amp; Bine Beer Cafe,weak,,2026-06-22T12:51:44+00:00
4dd591ae-d82b-446b-a8b5-9319e83c9908,200,1,1,3097,WordPress,AppleGarden Farm &amp; Cottage | Tomales Lodging | Pt Reyes B&amp;B Inn,good,,2026-06-22T12:51:44+00:00
0b9c75e5-092c-46cd-a4f8-a980b71adcde,200,1,1,3170,WordPress,An Inn To Remember - An Inn To Remember,good,,2026-06-22T12:51:44+00:00
c9c05c95-a4ae-421e-b092-b11785e908a3,0,0,0,103,,,broken,connection failed,2026-06-22T12:51:44+00:00
66fccc78-25f3-4fae-97bf-ed7773a84cfc,200,1,1,2945,,Home,good,,2026-06-22T12:51:44+00:00
2783cee7-51f0-4707-b19e-29e0dad353b1,200,1,1,408,Wix,"Angelique Boutique | Women's Fashion | 452 1st Street East, #D, Sonoma, CA, USA",good,,2026-06-22T12:51:44+00:00
be865d45-fc3f-461c-b58d-4c0dba5c06e0,200,1,1,429,Wix,Bespoke Napa Valley | St. Helena,good,,2026-06-22T12:51:44+00:00
0bc49b7c-3eb1-4bba-a2fc-c8de174f2313,200,1,1,366,Shopify,"Cochineal - Fine Jewelry, Art, and Homegoods Boutique",good,,2026-06-22T12:51:44+00:00
4b207921-3cdf-411c-a737-f501daac36af,200,1,1,415,Shopify,Favorites Consignment,good,,2026-06-22T12:51:45+00:00
0fa1233a-b034-45f3-b8ef-a8881fb91265,200,1,1,800,Shopify,B Boutique,good,,2026-06-22T12:51:45+00:00
3bc8dc41-ee29-4e5e-9608-8ac70ed38a24,404,0,0,149,,404 Not Found,broken,,2026-06-22T12:51:45+00:00
d79aee26-4daf-48dc-b620-01e4757c540d,200,1,1,940,Wix,HOME | bella,good,,2026-06-22T12:51:45+00:00
aedce788-cd84-4d25-9815-aecc36e2aa67,200,1,1,866,,Instagram,good,,2026-06-22T12:51:45+00:00
558d1ed5-58ac-4f20-97c3-28c227307228,0,0,0,106,,,broken,connection failed,2026-06-22T12:51:45+00:00
09be2fb8-e261-4d80-83e6-1e3017680048,0,0,0,514,,,broken,"ssl: HTTPSConnectionPool(host='www.gatheredwildeflowers.com', port=443): Max retries exceeded with url: /",2026-06-22T12:51:45+00:00
505a93b9-35b3-441e-9474-5d2c9d85717c,200,1,1,1226,Weebly,BeerCraft Bottle Shop & Taproom | BeerCraft,good,,2026-06-22T12:51:45+00:00
bd14fd11-df80-4263-aec6-a258716a57c0,200,0,1,199,Squarespace,One-O-One Healdsburg,weak,,2026-06-22T12:51:45+00:00
b267c3b9-c01b-47eb-ac82-65597fa7eb4a,0,0,0,107,,,broken,connection failed,2026-06-22T12:51:45+00:00
6c73ad03-564f-41b3-ac65-642803254bec,200,1,1,3971,WordPress,Chelsea Vineyard Wines | Napa Valley Estate Wine | Calistoga Award Winning Wines,good,,2026-06-22T12:51:45+00:00
b8481ec6-9e37-441f-8320-d34216e06da4,404,1,0,579,Shopify,This store is unavailable,broken,,2026-06-22T12:51:45+00:00
28b17daf-f51d-43c6-b909-490d988e0467,0,0,0,110,,,broken,connection failed,2026-06-22T12:51:45+00:00
c3fd9e32-43cd-4702-9794-f3a0d4a8a086,404,1,1,286,Wix,,broken,,2026-06-22T12:51:45+00:00
8b451eac-df88-43b2-aaa5-f95f3cc0dc79,200,1,0,1377,,My Chic Boutique of Windsor | eBay Stores,weak,,2026-06-22T12:51:45+00:00
a44aa610-2142-47d7-a270-d429411a2419,200,1,1,281,WordPress,Concordp2c | Law Blog for Clear. Credible. Complete.,good,,2026-06-22T12:51:45+00:00
ec5413c3-fe2b-4329-8dca-3ce60b294633,200,1,1,895,Shopify,Mad Mod Shop™- Vintage-inspired Fashion + Pretty Things,good,,2026-06-22T12:51:45+00:00
f0ee2bc8-a4d0-409a-8441-99c46265b729,0,0,0,7106,,,broken,"ssl: HTTPSConnectionPool(host='www.relsalon.com', port=443): Max retries exceeded with url: / (Caused by ",2026-06-22T12:51:46+00:00
efb37466-5142-42c8-a3d9-ec835a27b158,200,1,1,662,Shopify,"Boutique and DIY Classes in Santa Rosa, CA - Shangri-La Lane LLC",good,,2026-06-22T12:51:46+00:00
2f7986c5-7264-4055-b843-5733e944e9f3,200,1,1,1583,Shopify,Hush Up Clothing Boutique,good,,2026-06-22T12:51:46+00:00
34fa6dae-ddf9-45dd-963a-cb5d8260c637,200,1,1,933,Weebly,,good,,2026-06-22T12:51:46+00:00
076c5bab-3209-4243-bada-434119b0ddff,200,1,1,747,Webflow,new home,good,,2026-06-22T12:51:46+00:00
a2652b71-1c77-403a-8730-57453b1278d2,200,1,1,82,Squarespace,Barrel Brothers Brewing Company — Bio Sites,good,,2026-06-22T12:51:46+00:00
53d8de7e-03c3-4959-8105-ac0ba2f455da,404,1,0,564,Squarespace,Squarespace - Website Expired,broken,,2026-06-22T12:51:46+00:00
27d0558b-4fb0-422d-bd1b-000e937ce266,200,1,1,245,Squarespace,Ethic Cider,good,,2026-06-22T12:51:46+00:00
9f9dad63-eecc-4741-b224-f048c0e6e818,200,1,1,622,,Acre and Spade | Strategic Advisory,good,,2026-06-22T12:51:47+00:00
f5eeb3d7-b4cb-436f-b689-9650552481d2,200,1,1,265,Squarespace,Old Caz Beer Logo | Join the Celebration Today,good,,2026-06-22T12:51:47+00:00
9d3a9b1f-38ef-4314-bc6d-5faef77a3702,200,1,0,1526,,,weak,,2026-06-22T12:51:47+00:00
773cbb3d-fd42-4ae1-99f5-68b7dfd8f6b7,200,1,1,685,Weebly,Home | CUVER Belgian Brewers,good,,2026-06-22T12:51:47+00:00
a8efd31a-c5a8-4643-948d-ce98ba64028a,200,1,1,2067,WordPress,Red Stella &#8211; Dress * Shoe * Gift * Home,good,,2026-06-22T12:51:47+00:00
3167dd3c-96a6-4334-aca7-d0423c330887,200,1,1,857,Shopify,Hoocha Hard Kombucha,good,,2026-06-22T12:51:47+00:00
5758bff0-60f2-4662-8afe-357df6e39233,200,1,1,848,Shopify,Moonlight Brewing Company,good,,2026-06-22T12:51:47+00:00
6b5b911c-ca64-4402-a7d2-19e743663ec6,200,0,1,392,Squarespace,Shady Oak,weak,,2026-06-22T12:51:47+00:00
ea24ac24-7348-4664-bf1e-9c92e90e8adc,404,0,0,397,,,broken,,2026-06-22T12:51:47+00:00
a07e2ecf-5011-4c9c-9eae-d6b3ae78cc48,200,1,1,815,,Old Possum Brewing Co.,good,,2026-06-22T12:51:47+00:00
9ca2b021-1ad5-43d8-9a4d-2c50fa357071,404,0,0,348,Squarespace,Squarespace - Website Expired,broken,,2026-06-22T12:51:47+00:00
d55d4b16-2fe5-48bb-a0cf-40e1f543d191,0,0,0,37,,,broken,connection failed,2026-06-22T12:51:47+00:00
bfe35e5a-974e-47a3-931a-7c13877450d2,200,1,1,241,GoDaddy,FBI Burgers,good,,2026-06-22T12:51:48+00:00
7157bfe7-9d65-4d4d-873b-1c8ca1391017,200,1,1,464,,Acme Burger | American Restaurant in CA,good,,2026-06-22T12:51:48+00:00
af2a4443-eb76-4b9b-92c0-d230e3fcb3fa,200,1,1,297,,ImposterBurgers.com — Premium Domain For Sale | Atom,good,,2026-06-22T12:51:48+00:00
f27ea15d-2413-411c-959d-acc2630e8014,0,0,0,100,,,broken,connection failed,2026-06-22T12:51:48+00:00
d45a9941-dd0e-4068-9922-3383b3f80e76,403,0,1,173,,403 - Forbidden,broken,,2026-06-22T12:51:48+00:00
a2f7d605-f49a-4dbb-964f-9396e5f69a68,200,1,1,3269,WordPress,Home - New Locations - Roost General Store,good,,2026-06-22T12:51:48+00:00
6a9d424c-dddd-45bb-901c-484ba136fbba,200,1,1,759,Wix,Delicious Burgers And Fries | Flavor Burger Café | United States,good,,2026-06-22T12:51:48+00:00
a1a5c7ac-2f89-4e6b-9985-3c394267fd94,200,0,1,3712,Shopify,Perle Sonoma,weak,,2026-06-22T12:51:49+00:00
6b370b90-2e23-4c5b-8cbf-71c0050acae5,200,1,1,255,Squarespace,Acorn Cafe,good,,2026-06-22T12:51:49+00:00
63de3546-a7bb-4822-aa84-1ac6ea992b2a,200,1,1,2090,WordPress,#1 CRAFT BEER | WOLF HOUSE BREWING COMPANY | CLOVERDALE CA,good,,2026-06-22T12:51:49+00:00
4c5dc233-a0b4-4032-af00-c4e0c6b44cad,200,1,1,1705,,Warga88 ð§ Bandar Toto Togel Macau Dan Toto Slot Demo Resmi Bet Kecil,good,,2026-06-22T12:51:49+00:00
ed75b602-3b5b-4bf8-a9e8-516c6fcd88bf,200,1,1,528,,Bia Cafe,good,,2026-06-22T12:51:49+00:00
9fe6e892-a1c2-4b6c-ad4b-bf73422db654,200,1,1,1800,,Warga88 ð§ Bandar Toto Togel Macau Dan Toto Slot Demo Resmi Bet Kecil,good,,2026-06-22T12:51:49+00:00
90a3c10c-2a93-4236-bec1-9e253d60e017,200,1,1,415,WordPress,GaVangTV | Trá»±c tiáº¿p bÃ³ng ÄÃ¡ hÃ´m nay - Link GÃ VÃ ng TV HD,good,,2026-06-22T12:51:49+00:00
7d62761d-d095-4f80-b84f-7a4fb2fc729f,404,0,0,97,,Error 404 (Not Found)!!1,broken,,2026-06-22T12:51:49+00:00
24bc6117-de8f-4d22-87cf-7ea59eace519,200,1,1,240,Squarespace,Cafe Apae,good,,2026-06-22T12:51:49+00:00
eade413d-16cf-4e4e-8d6e-ac9a6ba13b70,200,1,1,251,Squarespace,Little Deer | Your Favorite Neighborhood Café,good,,2026-06-22T12:51:49+00:00
5e8f49d0-3a95-4926-8ff4-03be1a715d07,403,0,1,296,,403 - Forbidden,broken,,2026-06-22T12:51:49+00:00
ccf6c55e-15ee-4848-a36f-759432b75414,200,1,1,2815,Shopify,NEGOBET88 â Platform Situs Terlengkap Dengan RTP Tertinggi,good,,2026-06-22T12:51:50+00:00
53c690bb-c5f7-4f7f-aea9-42490f68bd10,200,1,1,540,Webflow,New Home,good,,2026-06-22T12:51:50+00:00
57f7d607-def0-4499-a3db-212367f58ecf,200,0,0,101,,,weak,,2026-06-22T12:51:50+00:00
3e7c9cc3-6417-40cc-9255-c9d79ab45eba,404,1,1,500,Wix,,broken,,2026-06-22T12:51:50+00:00
ebde5d2b-4ce1-411a-b9bc-8f509fce276f,200,1,1,177,Webflow,"Pepper&amp;#39;s Cafe, Coffee, Espresso, 1451 Southwest Blvd #123",good,,2026-06-22T12:51:50+00:00
e4c2dd50-7cb9-4a20-8045-4c73982058d5,200,1,1,483,Weebly,Home | Kitchen,good,,2026-06-22T12:51:50+00:00
2aae1057-0ba6-49d3-812a-40c7fba64aaa,200,1,1,558,Shopify,Grand Central Petaluma,good,,2026-06-22T12:51:50+00:00
52728f8a-3b77-4b54-8a23-c98614982591,0,0,0,12,,,broken,connection failed,2026-06-22T12:51:50+00:00
15e8b5c3-b719-4bcd-a936-b1ca62b3dfc0,200,1,1,2786,WordPress,Homepage - Russian House #1,good,,2026-06-22T12:51:50+00:00
d56ff7b9-fff1-4883-92bd-35155a59a6e2,0,0,0,4538,,,broken,TooManyRedirects: Exceeded 30 redirects.,2026-06-22T12:51:50+00:00
877cb3e8-d9fc-4f7e-901a-a5b3c93c62ce,200,1,1,619,Weebly,"Order Online, catering, lunch catering, santa rosa, sandwich, salad | MoMo's",good,,2026-06-22T12:51:50+00:00
a18ece8f-fb31-4a28-b374-06e7ababfa15,200,1,1,272,WordPress,REDWOOD CAFE &#8211; Delicious Fine Foods and Live Music,good,,2026-06-22T12:51:50+00:00
b974ed32-07f6-420f-95ed-24bada7a7ef2,200,1,1,317,,Sam's For Play Cafe - Serving American Home Style food in Santa Rosa,good,,2026-06-22T12:51:50+00:00
7e68be41-3ceb-4f82-9415-d342e842d552,200,1,1,1846,Wix,"Machado Burgers | Your Hometown Burger Joint | Santa Rosa and Windsor, CA",good,,2026-06-22T12:51:50+00:00
e4e07495-3ec4-4cf1-9b7d-e2615d20195c,200,1,1,193,,"Trailhead | Cafe in Novato, CA",good,,2026-06-22T12:51:50+00:00
cf69acaf-472a-4cf4-9dc7-e8777816fa52,200,1,1,604,Wix,Home | Piner Cafe,good,,2026-06-22T12:51:50+00:00
4dce567e-bc59-4888-9528-4548dd6f9f42,200,0,1,337,,The Birds Cafe,weak,,2026-06-22T12:51:50+00:00
81d74b04-e639-4020-8738-24c3c69b2ab7,200,1,1,200,,"Village Cafe - Santa Rosa, CA - Full Menu, Reviews, Photos",good,,2026-06-22T12:51:50+00:00
50c0f87f-a6d9-4d71-a8eb-599b3c0202c0,0,0,0,628,,,broken,connection failed,2026-06-22T12:51:50+00:00
7a4ce7d4-38b9-48a7-8ed2-5e52bd62e6ae,200,1,1,381,Squarespace,Verano Cafe,good,,2026-06-22T12:51:50+00:00
dc26f691-a800-4a4e-a170-97504386c8a1,200,1,1,662,Wix,Ice Cream | Squatch's Gourmet Ice Cream Sandwiches and Coffee | United States,good,,2026-06-22T12:51:50+00:00
f4ea8f27-ab02-42e7-8906-2c1957ea729e,200,1,1,636,Wix,Home | cmnaturalfoods,good,,2026-06-22T12:51:51+00:00
7539ee54-5bac-4216-9a2f-53deef87c755,200,0,0,362,,,weak,,2026-06-22T12:51:51+00:00
77955bd9-8716-47da-aee4-e1c9e5da9c49,200,1,1,466,Squarespace,Café Benedict,good,,2026-06-22T12:51:51+00:00
1a70c3f2-abe2-42f6-b90d-4578c08889b2,404,1,1,342,Wix,,broken,,2026-06-22T12:51:51+00:00
c62d9bf8-8f54-475c-b755-666ecf8a0aec,200,0,0,246,Weebly,Brandon Carpet Co. - Home,weak,,2026-06-22T12:51:51+00:00
73a27e63-285c-451f-a7d4-0438f6f13e61,200,1,1,583,Wix,Snoopy's Home Ice | Ice rink,good,,2026-06-22T12:51:51+00:00
04fa329f-103d-44dd-8c4d-513bfe57cee1,200,0,1,151,,"Hardwood Floors in Marin, Sonoma, Napa, and San Francisco&nbsp; |&nbsp; Install New Hardwood or Refinish Your Existing Floor&nbsp; |&nbsp; Campbell and Company, since 1976",weak,,2026-06-22T12:51:51+00:00
2019d125-a195-4a85-8d8e-b12bee3e25a6,200,1,1,490,WordPress,Home - Fiber Protector,good,,2026-06-22T12:51:51+00:00
3d96f133-e4d1-435d-a00a-9798e498743a,200,1,1,333,Squarespace,CSC Flooring &amp; Design,good,,2026-06-22T12:51:51+00:00
1ef23343-c64d-4b48-a43b-3ca5e68902fa,200,1,1,197,,"The Hardwood Floor Specialist in Sonoma, Marin, and Napa Counties",good,,2026-06-22T12:51:51+00:00
402c4f43-c177-45bc-9aed-1d9b4064e044,403,1,0,308,,ERROR: The request could not be satisfied,broken,,2026-06-22T12:51:51+00:00
3e311e22-8f0e-47d0-ad4d-047b5f1a8424,200,1,1,465,Squarespace,Valley of the Moon Flooring,good,,2026-06-22T12:51:51+00:00
09005783-77bf-447a-9d4b-a930db25ff79,200,1,1,567,Squarespace,Paradise Oriental Rugs | Beautiful Tribal Rugs!,good,,2026-06-22T12:51:51+00:00
20138b9a-0935-4a3d-ba8d-e6ff9cc32bf4,200,1,1,329,GoDaddy,SANTA ROSA ORIGINAL CERTIFIED FARMERS MARKET - THE SANTA ROSA ORIGINAL CERTIFIED FARMERS MARKET,good,,2026-06-22T12:51:52+00:00
da9a216b-dab5-4e6c-a991-b654f29a1ee8,200,1,1,1039,,Entrance Systems &amp; Commercial Flooring Solutions | Portico Systems,good,,2026-06-22T12:51:52+00:00
09e42406-b369-4971-a511-204c348322bd,200,1,1,194,Squarespace,Goodness Gracious Private Chef and Catering- Sonoma Chef,good,,2026-06-22T12:51:52+00:00
37304a4d-5b40-4cfc-9a82-4668c756d6c0,0,0,0,106,,,broken,connection failed,2026-06-22T12:51:52+00:00
d65459f5-2566-457a-98a2-31b24f2e99c2,200,0,1,1089,,星空体育·(China)官方网站-登录入口,weak,,2026-06-22T12:51:52+00:00
2d2d35bd-2058-46c6-8bc5-2bf14d51d518,0,0,0,109,,,broken,connection failed,2026-06-22T12:51:52+00:00
ba9c45bc-04d9-47f6-83bd-4d1567f8ab30,200,1,1,80,Squarespace,— Bio Sites,good,,2026-06-22T12:51:52+00:00
0f3a26ef-52dc-433f-9c55-d2000ced5398,200,1,1,675,,Classic Culinaire - Catering & Personal Chef & Event Services,good,,2026-06-22T12:51:52+00:00
3becf222-64c7-4271-b184-8b1e9ae44b9f,200,1,1,1799,,"All Pro Floors | Your Flooring Store in Santa Rosa, CA",good,,2026-06-22T12:51:52+00:00
ddf6a090-2180-4187-bf17-14ade0878096,200,1,1,1551,,Carpet Center CA Windsor,good,,2026-06-22T12:51:52+00:00
c9b580df-a1d6-4825-b714-8b8e8973e20e,200,1,1,274,,"Catering Company | The Henny Penny Catering Company | Lake, Sonoma, Napa, Mendocino Counties",good,,2026-06-22T12:51:52+00:00
a59c3918-25cd-4a2f-84ca-1f2ce263fbbe,0,0,0,32,,,broken,connection failed,2026-06-22T12:51:52+00:00
464d0c21-4f78-4700-b48d-370cb09504d6,200,1,0,1801,,Flooring in Oakland CA | French Bros. Flooring America,weak,,2026-06-22T12:51:52+00:00
636d74af-9276-4eff-b704-7d7cec861f22,200,1,1,307,,"Chicken Wings, Beer, Wing Restaurants Near Me, Happy Hour | Fire Wings",good,,2026-06-22T12:51:52+00:00
c3ee36e8-8ac4-4ce4-9365-1d3f7c54ab7e,200,1,1,664,Squarespace,"OTL Fine Catering | Petaluma, California",good,,2026-06-22T12:51:52+00:00
f768de03-ca52-4d82-a8e5-62c71cf2c61f,200,0,0,164,,,weak,,2026-06-22T12:51:53+00:00
95649f5e-4faa-49cc-b9a4-550fa1ad06b3,0,0,0,8,,,broken,connection failed,2026-06-22T12:51:53+00:00
26f198e2-3f54-4726-ac58-cac909f3378e,200,1,1,801,WordPress,Sonoma Crust &#8211; Neo Neapolitan Pizza,good,,2026-06-22T12:51:53+00:00
9fac1e01-b351-424d-9588-02403a8e3db6,200,1,1,1844,Wix,Chef Carlo Cavallo Corporate Catering | Napa &amp; Sonoma Valley | Wedding Catering,good,,2026-06-22T12:51:53+00:00
629580d0-ed8b-4375-8835-09d1bfc27490,404,0,0,372,,,broken,,2026-06-22T12:51:53+00:00
f5d86453-a44f-4170-8ba6-877a7d8ed8ba,200,1,1,276,Wix,Hunan Village at Petaluma,good,,2026-06-22T12:51:53+00:00
b6c42661-50af-4478-9b39-e162ca9df483,200,1,1,151,Webflow,"Ming Yen, Restaurant, 1624 Grant Ave",good,,2026-06-22T12:51:53+00:00
01865485-2834-49b5-bd40-a18a24a82dbd,200,1,1,585,,Share on WhatsApp,good,,2026-06-22T12:51:53+00:00
918cb9a1-0f30-47d8-8af2-af6e74c56126,200,1,1,1122,WordPress,Home,good,,2026-06-22T12:51:53+00:00
f15528ea-281b-4424-97f8-ab7c6bd0afeb,0,0,0,113,,,broken,connection failed,2026-06-22T12:51:53+00:00
e3e4bed1-0653-4270-914a-0ec22343391e,200,1,1,186,,Home | O & C China Bistro,good,,2026-06-22T12:51:53+00:00
bf2a3141-a844-4142-9ba6-22feb0a341ad,200,1,1,684,Shopify,Bon Ton Studio,good,,2026-06-22T12:51:53+00:00
467ba21c-a84b-4f11-862f-43a62a709b9d,0,0,0,44,,,broken,connection failed,2026-06-22T12:51:53+00:00
3146ea71-6a7d-4fe8-964e-342648179a96,200,1,1,378,Wix,HOME | Mandarin Kitchen,good,,2026-06-22T12:51:53+00:00
4c0b7299-771e-4d65-9c75-edc716259a0f,0,0,0,131,,,broken,connection failed,2026-06-22T12:51:53+00:00
c752139c-67af-4ab8-895c-560b42d33449,200,0,0,244,,,weak,,2026-06-22T12:51:54+00:00
3a50b1a9-6595-4ead-9c7e-93dea854dbe7,403,1,1,503,,Just a moment...,broken,,2026-06-22T12:51:54+00:00
92beaad1-2cbd-47a0-a483-767481ce9052,0,0,0,110,,,broken,connection failed,2026-06-22T12:51:54+00:00
7d9741d5-6d3c-4c39-8379-6136dc56a6f4,200,1,1,714,,"Ting Hau Restaurant, Santa Rosa CA",good,,2026-06-22T12:51:54+00:00
c47943ed-bc07-4095-affb-97c8298bfef4,200,1,1,663,GoDaddy,Gualala Coast Chiropractic,good,,2026-06-22T12:51:54+00:00
d2c64b12-3775-4306-a04e-1a47f00a7519,404,1,1,395,Wix,,broken,,2026-06-22T12:51:54+00:00
4aebc50b-4417-41fd-bf27-6b747875f5e7,200,1,1,1201,,Chiropractor in Calistoga CA - Walk-Ins | Calistoga Chiropractic,good,,2026-06-22T12:51:54+00:00
f46e1544-21c2-42f5-a1ea-52a68a7f7817,200,1,1,866,Wix,Hartman Chiropractic | Hartman Chiropractic: Craig S. Hartman D.C. | Santa Rosa,good,,2026-06-22T12:51:54+00:00
0a9737d2-6ee7-4777-ab99-79fac681526c,200,1,1,1455,WordPress,,good,,2026-06-22T12:51:55+00:00
2c79963f-d3f6-4819-99b3-6aa082cf9dd0,0,0,0,108,,,broken,connection failed,2026-06-22T12:51:55+00:00
9d5adfbc-287e-4d58-a800-4bc4da210fe9,200,1,1,890,,Petaluma Chiropractor Chiropractic Petaluma California Chiropractors CA 94954,good,,2026-06-22T12:51:55+00:00
c7198ac0-8b23-4eb4-bb65-c9895dffa770,200,1,1,374,Webflow,Chiropractor in Sonoma | Peak Performance &amp; Posture,good,,2026-06-22T12:51:55+00:00
8da4fc3c-66da-4ef8-916f-9e2fda6d0394,200,1,1,388,GoDaddy,Peak Chiropractic Windsor,good,,2026-06-22T12:51:55+00:00
5e416244-664f-4761-840a-cc25ae3b2dcd,0,0,0,103,,,broken,connection failed,2026-06-22T12:51:55+00:00
8196c48e-6ec3-41bc-ad3a-d7da86239c19,200,1,1,429,Squarespace,TOPO CHIROPRACTIC,good,,2026-06-22T12:51:55+00:00
d3f5c67a-2ed7-471c-97bd-20419c6feb95,401,1,1,381,Squarespace,Private Site,broken,,2026-06-22T12:51:55+00:00
1b4a05f8-9fb5-41a8-8bc2-8d3a1c456e16,200,0,0,120,,,weak,,2026-06-22T12:51:55+00:00
37797b40-1c2d-4c43-98bc-650db30ba9de,0,0,0,13,,,broken,connection failed,2026-06-22T12:51:55+00:00
1e169049-23de-4ef3-8d59-dc5205f651af,0,0,0,44,,,broken,connection failed,2026-06-22T12:51:55+00:00
7473ed1d-a272-4b69-88db-4303a30a0b7c,200,1,1,2507,WordPress,8 Daftar Game Slot Gacor Online Terbesar &amp; Terpercaya - jennielow.com,good,,2026-06-22T12:51:55+00:00
57fb8635-dcac-4f4f-a2df-8e897e035a85,200,1,1,430,Squarespace,Weso Postures Chiropractic Care,good,,2026-06-22T12:51:55+00:00
ffdd842e-4a58-41c2-8f8d-3ee485069d02,429,0,1,153,,Just a moment...,broken,,2026-06-22T12:51:55+00:00
538d5e9c-4078-4054-b6b4-cf4b2ce4ab8e,200,1,1,779,Wix,Home | The Chiropractic Center,good,,2026-06-22T12:51:55+00:00
06cf5297-86a6-4df6-bec6-0710f15b5594,200,1,1,245,,XOXO CAKE NIGHT | Partiful,good,,2026-06-22T12:51:55+00:00
34d36336-9d96-42ed-82b5-19f855d87f5f,0,0,0,104,,,broken,connection failed,2026-06-22T12:51:56+00:00
469ad9ad-3739-43a3-a6f5-878289a710ab,200,1,1,318,Squarespace,Erin Mavis Clothing,good,,2026-06-22T12:51:56+00:00
997a265f-0a4f-4f4b-9d49-7ba43b873f74,200,1,1,246,Squarespace,Good Gray,good,,2026-06-22T12:51:56+00:00
0a51404d-6366-40bd-850b-652a1bb89bb3,200,1,1,238,Shopify,Halfpint Sonoma,good,,2026-06-22T12:51:56+00:00
25300813-e4d4-4c02-82aa-26a8e7014d18,200,1,1,577,Wix,Home | Buck Lucky,good,,2026-06-22T12:51:56+00:00
1f0d749f-ab98-4fb3-b71a-d79a33e207cf,200,1,1,2091,WordPress,New Patient Special | Chiropractor Petaluma CA,good,,2026-06-22T12:51:56+00:00
c45695eb-8cac-44b3-8ac4-f02a0ceb03e1,200,1,1,382,GoDaddy,Vintage Native American Western Hawaiian - Lonesome Cowboy Ranch,good,,2026-06-22T12:51:56+00:00
ac16cac8-2dad-4ff5-9b3d-ea5a7f2d1306,200,1,1,147,Webflow,"Out of the Past, Collectible, 16365 Main St",good,,2026-06-22T12:51:56+00:00
3f3c5533-4f68-47c2-943e-fc975aa03642,0,0,0,15171,,,broken,connection failed,2026-06-22T12:51:56+00:00
0a8168f2-3a77-47eb-8c4d-75e6889e5a90,200,1,1,407,Shopify,Patrick James Men&#39;s West Coast Classic Quality Men&#39;s Clothing,good,,2026-06-22T12:51:56+00:00
47c2692a-fbf3-4046-ac41-1653ddd10284,200,1,1,692,Shopify,"Nomad Chic..Concept store apparel, jewelry, furniture &amp; home accessory",good,,2026-06-22T12:51:56+00:00
153cfd63-126e-4dd4-a419-7835880d1730,200,1,1,827,Shopify,LEAVEN CLOTHING CO &ndash; Shop Leaven,good,,2026-06-22T12:51:56+00:00
dde1acb3-51c9-4d40-80ec-c7b3a8c9af92,200,1,0,389,,,weak,,2026-06-22T12:51:57+00:00
659df6ed-0dc8-4fb6-a0bf-df9bbe05926e,403,1,1,41,,Just a moment...,broken,,2026-06-22T12:51:57+00:00
6bffeff3-131b-4252-b0b1-3103f65dc738,200,1,1,1018,Shopify,Legends Clothing Co.,good,,2026-06-22T12:51:57+00:00
3118f26d-834b-4ac3-bef8-bbb3ede3f165,200,1,1,642,WordPress,Tuxedo Suit for Wedding | Men Suits - The Tuxedo Gallery,good,,2026-06-22T12:51:57+00:00
7f3665b8-6723-403e-ba4a-e99056e0d323,0,0,0,12,,,broken,connection failed,2026-06-22T12:51:57+00:00
3c675aae-e6a1-4a93-aa5f-260088571204,200,1,1,282,Squarespace,The Forestville Club,good,,2026-06-22T12:51:57+00:00
b543e88a-805d-45b9-a551-accf0ee7d94e,200,1,1,182,,Online Ordering by Genius,good,,2026-06-22T12:51:57+00:00
98d0f82e-8eb4-43a4-914b-50824eec1ef9,200,1,1,613,Shopify,Tweed &amp; Vine,good,,2026-06-22T12:51:57+00:00
6efb5d8b-430d-4ebf-bb88-a87bc41f931f,200,1,1,459,Squarespace,Fern Bar Events,good,,2026-06-22T12:51:57+00:00
4dc8beb4-f3c2-4fce-9ca8-5cfb778af56d,200,1,0,292,,"4820 Wagon Wheel Lane, Santa Rosa, CA 95409 - Homesnap",weak,,2026-06-22T12:51:57+00:00
5ee267cc-0f12-4446-8151-d5d70dca22eb,0,0,0,15137,,,broken,connection failed,2026-06-22T12:51:57+00:00
332338e9-12bc-4c83-8502-e97554501b61,0,0,0,204,,,broken,connection failed,2026-06-22T12:51:57+00:00
0f53dae4-ff63-4365-a6ab-b0fddb37f7ac,404,1,1,364,Squarespace,Sonoma Farm Tots,broken,,2026-06-22T12:51:57+00:00
a83017da-816b-4bb2-a57f-c48dd0bd8e55,200,1,1,425,Wix,"Visit Caffeine Inc. | Artisan Pastries Near Me | Handcrafted Coffee | Petaluma, CA",good,,2026-06-22T12:51:57+00:00
0a993350-ba2c-48a6-bacf-89e052f972dd,200,1,1,917,Shopify,VISIONS,good,,2026-06-22T12:51:57+00:00
c4660e6e-9759-434b-bec8-0dccbb5d795f,200,1,1,218,Webflow,"Hardcore Espresso, Coffee &amp;amp; Tea, 81 Bloomfield Rd",good,,2026-06-22T12:51:57+00:00
c7568177-a449-4751-90c9-694d0144fce9,200,1,1,392,Shopify,Espressioso's Coffee,good,,2026-06-22T12:51:57+00:00
52413c5a-3bd0-4e38-abee-221bfdd45349,200,1,1,205,Shopify,Land and Water Coffee - Santa Rosa Specialty Coffee Roasting Company,good,,2026-06-22T12:51:57+00:00
753851cf-35b2-4305-8352-48ba1cd694d6,403,0,1,153,,Just a moment...,broken,,2026-06-22T12:51:57+00:00
74c9f0de-4dd3-4a2d-94bb-20e9f1c3e880,200,1,1,289,Shopify,Land and Water Coffee - Santa Rosa Specialty Coffee Roasting Company,good,,2026-06-22T12:51:57+00:00
8482b93d-e017-4df6-8540-fbb0dea2e096,200,1,1,883,,Toto Macau | Pengeluaran Macau | Data Macau | Keluaran Macau,good,,2026-06-22T12:51:58+00:00
dfcb080a-8126-4e22-ad16-94353ff6eb90,410,1,1,989,,"Crystal&#x27;s Corner, 1185 Yulupa Avenue, Santa Rosa, CA - Groupon",broken,,2026-06-22T12:51:58+00:00
e9c55f84-4ba7-4c48-b9f7-68c3b0987624,200,1,1,531,Shopify,PLANK Coffee &amp; Roastery &ndash; Plank Coffee,good,,2026-06-22T12:51:58+00:00
ba114ec0-bbe1-42c1-a3be-db115e2a7aa6,200,1,1,1086,Shopify,TOP1TOTO âï¸ Mr Singh Bermain 5 Situs Toto Togel Tertua & Bandar Togel Online Slot 777 Curry Pizza,good,,2026-06-22T12:51:58+00:00
459f482d-25db-484a-a589-56d53a6f1d58,200,1,1,450,Wix,Espresso Cart | Subconscious Coffee | Sonoma and Napa,good,,2026-06-22T12:51:58+00:00
5c187444-a1d6-47ee-96dc-a4821775abb6,200,1,1,870,Shopify,Smastad Coffee Roasters - BDR,good,,2026-06-22T12:51:58+00:00
5e1ffcb0-2350-4265-87ac-bced7b1fec73,200,1,1,414,GoDaddy,Custrom Home Building - Benjamin Bryant Construction Inc,good,,2026-06-22T12:51:58+00:00
ca752f77-b902-466d-95c4-d4ba9b5bfeca,200,1,1,397,,"Trusted Contractors in Petaluma, San Rafael &amp; Sonoma, CA",good,,2026-06-22T12:51:58+00:00
27205c98-958f-44b3-a4a4-23ff0323a481,200,1,1,592,Shopify,Taylor Lane: Premium Organic Coffee | Sonoma County,good,,2026-06-22T12:51:58+00:00
5fb8041e-ef51-4e3d-991e-b6bfdca7f091,0,0,0,178,,,broken,connection failed,2026-06-22T12:51:58+00:00
cb38d0e0-44ac-496e-b59a-24185a3cccad,200,1,1,1342,,"Pillowfight Coffee | Kenwood, CA | Artisan Coffee in Sonoma Wine Country",good,,2026-06-22T12:51:59+00:00
ef7f4969-4e50-409a-89af-3d589e6fab6e,200,1,1,330,,Ceativo Construction,good,,2026-06-22T12:51:59+00:00
4d8e1fc4-e1ce-499f-b2f5-9fd6936e65e8,200,1,1,1691,WordPress,"Flying Goat Coffee – Buy Weekly, Drink Daily",good,,2026-06-22T12:51:59+00:00
cb232449-5236-4f67-90ee-12bdbf2ffa2b,200,1,1,366,,Building Contractor | Get Free Quote Today â Call Now!,good,,2026-06-22T12:51:59+00:00
7cb39223-c2de-4019-bc66-5329efa570cd,200,0,0,224,,,weak,,2026-06-22T12:51:59+00:00
81c3d9a5-b599-41d5-a4b3-39634460902d,200,1,1,385,Squarespace,"Eames Construction, Inc.",good,,2026-06-22T12:51:59+00:00
a484a612-2b0d-4f57-9778-80a81eb6476d,403,1,1,196,,403 - Forbidden,broken,,2026-06-22T12:51:59+00:00
6c21cbe8-81ac-4e28-993f-6e5cdea00f9e,200,1,1,330,Squarespace,Jubilee Building Company | General Contractor in Sonoma County,good,,2026-06-22T12:51:59+00:00
30148ce8-5014-492d-8746-e7d1a0a91b9b,200,1,1,288,WordPress,Leos Construction | Happy Builders,good,,2026-06-22T12:51:59+00:00
cd5e4b56-e23c-4848-becc-7f93b2f8fbd5,0,0,0,1638,,,broken,"ssl: HTTPSConnectionPool(host='sococoffee.net', port=443): Max retries exceeded with url: / (Caused by SS",2026-06-22T12:51:59+00:00
8ca792ef-9b95-47b2-a542-7c179d5e4f9b,200,1,1,170,Webflow,"Northwest General Engineering, Engineer &amp;amp; Architect, 5492 Old Redw",good,,2026-06-22T12:51:59+00:00
75e074e9-ba6c-4994-bedc-36710242c9fd,200,0,1,398,,McIntosh Builders,weak,,2026-06-22T12:51:59+00:00
4aa99562-1baf-45ed-87da-1e16489ff08e,200,0,1,257,,Marin General Contractor | Rigo Fernandez Co.,weak,,2026-06-22T12:51:59+00:00
86b82195-78b8-4793-9ca3-0f506329556a,429,0,1,85,,Just a moment...,broken,,2026-06-22T12:51:59+00:00
233ffa88-e81f-4a81-8f46-5c617510a7b6,200,1,1,525,Webflow,"Public Infrastructure Construction Experts in Northern California | M3 Integrated Services, Inc.",good,,2026-06-22T12:51:59+00:00
e6ad71d8-29e6-4ab4-b64d-314f057efe22,0,0,0,138,,,broken,connection failed,2026-06-22T12:51:59+00:00
f9768499-2e2f-48fd-9a8f-11c6604c89b6,200,1,1,194,GoDaddy,Sonoma County General Contractor | Tanoak,good,,2026-06-22T12:52:00+00:00
decbba37-9052-4e8c-8a07-37bba45f06dc,404,1,0,470,Squarespace,Squarespace - Website Expired,broken,,2026-06-22T12:52:00+00:00
eb9370c3-feca-4c15-9d46-ed1e57346d24,200,1,1,517,Squarespace,ROTTMAYER DESIGN,good,,2026-06-22T12:52:00+00:00
23ec5797-451d-4293-af05-85e4e52289a8,200,1,1,178,GoDaddy,Home - Thrive Construction,good,,2026-06-22T12:52:00+00:00
8f39e949-3954-4ea5-9740-998f720a8955,200,1,1,413,Wix,Concrete Contractor | Strong Hold Development | Santa Rosa,good,,2026-06-22T12:52:00+00:00
973f6fcd-4c92-4ca4-b482-86e7e3cb50df,200,0,0,176,,Von Renner | Home,weak,,2026-06-22T12:52:00+00:00
97bf7e61-016b-4a62-ab74-75e3c6d9fe3e,200,1,0,272,,,weak,,2026-06-22T12:52:00+00:00
023dd746-ddc1-4c3a-8116-1c8d32ed324a,500,1,1,392,,Database Error,broken,,2026-06-22T12:52:00+00:00
1df7ab56-fd25-42e4-8fa9-33595f2381aa,200,1,1,1790,WordPress,golden,good,,2026-06-22T12:52:00+00:00
4e92dadd-43a7-40d8-b739-275d529ddb5e,200,1,0,217,,Google Search,weak,,2026-06-22T12:52:00+00:00
5a7e417a-13b9-4d20-b380-6e1461e3e888,200,1,1,677,,Advance Concrete,good,,2026-06-22T12:52:00+00:00
d203d127-9c2a-4c99-bb4c-f7b43b8e3b1d,200,1,1,307,Squarespace,BCC GCI,good,,2026-06-22T12:52:01+00:00
41248886-cad8-4af4-8ca9-9e1f21ef3d83,200,1,1,1614,WordPress,Home - Stockham Construction,good,,2026-06-22T12:52:01+00:00
f18c59b8-d20f-4298-9f5f-ee141e507676,200,1,0,172,,,weak,,2026-06-22T12:52:01+00:00
631ea5ee-0639-4d20-87d2-fd1b1d6293b0,200,1,1,926,,"Azevedo Construction | General Contractor, Kitchen &amp; Bath Remodeling – Sonoma County",good,,2026-06-22T12:52:01+00:00
f0abfe2d-0351-437c-97c6-8d198893913e,200,1,1,652,GoDaddy,Licensed Electrical Contractors | Cotati &amp; Sonoma County CA,good,,2026-06-22T12:52:01+00:00
c177b63d-34ce-4e9b-978c-6862df018e4b,404,0,0,200,,,broken,,2026-06-22T12:52:01+00:00
84d31083-2e4c-4062-afea-3a4c0b20befb,200,1,1,2682,WordPress,Construction Companies Santa Rosa | McNeil Construction &amp; Remodeling,good,,2026-06-22T12:52:02+00:00
9f5bcf05-56d0-47fa-a001-be1645ee9831,200,1,1,206,GoDaddy,CulverTopps.com is for sale | HugeDomains,good,,2026-06-22T12:52:02+00:00
00174d55-8149-4a0c-814d-31426a47ba21,200,1,1,3429,WordPress,Bielefield Construction,good,,2026-06-22T12:52:02+00:00
de13a0bf-c286-42f1-a10d-6a2f9b67c886,0,0,0,107,,,broken,connection failed,2026-06-22T12:52:02+00:00
57f7d689-4b67-44c7-8ec6-24702478bea3,200,0,0,627,,"Cimino Electric, Inc. | California Electrical Contractor | California Underground Construction",weak,,2026-06-22T12:52:02+00:00
829de177-211f-447e-8f38-93963164ce5b,200,1,1,424,WordPress,Crystal Construction Consulting | Building Consultant &amp; Contractor,good,,2026-06-22T12:52:02+00:00
723ef2c9-5b5c-4bb8-b1d8-09f5c9e322e9,0,0,0,142,,,broken,connection failed,2026-06-22T12:52:02+00:00
86e2a920-3c91-4f4c-a9c7-72f6d7ad1911,200,1,0,162,,,weak,,2026-06-22T12:52:02+00:00
e76ff944-526d-4f1e-a130-d72b4237fe2f,200,0,1,362,,"Devincenzi - Quality in Concrete, From Concept to Creation",weak,,2026-06-22T12:52:02+00:00
0b20b323-6f93-47d9-9079-1d71157e3390,404,1,1,442,Wix,,broken,,2026-06-22T12:52:02+00:00
06c22bae-f076-4041-9983-a3832841bf44,0,0,0,37,,,broken,connection failed,2026-06-22T12:52:02+00:00
5d28ba2c-269c-4c21-a894-23160bc69fe5,403,1,1,1718,,Just a moment...,broken,,2026-06-22T12:52:02+00:00
f6ea2daf-8ab5-4866-ae6c-e218e434fa6b,200,1,1,410,Wix,Home | Mysite,good,,2026-06-22T12:52:02+00:00
4f523e4d-f306-4ea1-becd-8d1fde43805e,200,1,1,11541,GoDaddy,Belfare,weak,,2026-06-22T12:52:02+00:00
c8eb9331-66a4-447c-b55a-479ba8f02f1e,200,0,0,364,,Welcome to Majestic Builder&#39;s website,weak,,2026-06-22T12:52:03+00:00
158ea363-a11c-4db6-897d-0fc96ad6bb4f,200,1,1,762,Squarespace,Fermo Concrete Services - Commercial &amp; Residential | Bay Area &amp; Walnut Creek,good,,2026-06-22T12:52:03+00:00
15c94d9e-7949-4024-9551-12de0ebdee32,200,0,0,104,,"design build, Max Design & Construction The Bay Area (Northern California), CA Home",weak,,2026-06-22T12:52:03+00:00
fe835750-ea3c-4195-8f4f-93c9c89cb8b8,200,1,1,876,Wix,Home | engelke-construction,good,,2026-06-22T12:52:03+00:00
367cec42-fabe-40a0-85b3-fed5947e2c83,0,0,0,65,,,broken,connection failed,2026-06-22T12:52:03+00:00
306afd89-08bd-421a-b20b-f04b3162829f,200,1,1,664,,Sonoma County New Home Build and Remodeling… | LEFF Design Build,good,,2026-06-22T12:52:03+00:00
11c7a6d5-f58d-4b61-9f33-e85b21ad052d,0,0,0,199,,,broken,connection failed,2026-06-22T12:52:03+00:00
395899bc-22d1-4701-a2f6-efc87928d948,200,1,1,446,,"Door Installations | Santa Rosa, CA | Mick's Door Shop",good,,2026-06-22T12:52:03+00:00
f4edaf25-2d45-454f-b6aa-ad7e7c54198c,200,1,1,1144,WordPress,"Gallery 41 Kitchen Bath &amp; Design | Santa Rosa, CA Remodeling Showroom",good,,2026-06-22T12:52:03+00:00
e034622e-3d29-4038-8f89-c1dff420aa2d,200,1,1,512,Squarespace,Millennial Development | Build Your Dream Today - Contact Us,good,,2026-06-22T12:52:03+00:00
0bd98acd-bca6-43e5-85fa-78c84d573c7e,200,1,1,694,WordPress,Merciari Construction + Design - Sonoma County Contractor,good,,2026-06-22T12:52:03+00:00
e0322da0-6047-496e-8466-220f4c55f0b6,526,1,1,239,,nbbmaintenance.com | 526: Invalid SSL certificate,broken,,2026-06-22T12:52:03+00:00
49c6c2f4-be55-4dcb-b014-1af24c3c18e8,0,0,0,15143,,,broken,connection failed,2026-06-22T12:52:03+00:00
37a4506a-a870-451a-9f33-6c784329498c,200,0,0,240,Weebly,Paris Construction Service - Welcome,weak,,2026-06-22T12:52:03+00:00
14723e01-1074-4903-a402-92859a9e3a57,200,1,1,645,WordPress,"Professional Painters in Santa Rosa, Windsor, Healdsburg, and Rohnert Park - Nordic Colors",good,,2026-06-22T12:52:04+00:00
58e624fd-4c56-4833-b381-a31635df3512,403,1,1,589,,403 - Forbidden,broken,,2026-06-22T12:52:04+00:00
d82c1153-b3bb-4ce9-aca4-e9cb4a404674,200,1,1,495,Squarespace,O2 Treehouse,good,,2026-06-22T12:52:04+00:00
4f1dce5c-e50a-4cc1-accd-a8295705c898,200,1,1,231,Squarespace,Redwood Builders,good,,2026-06-22T12:52:04+00:00
8f9c1468-7420-4bca-b543-5a4c45cdef77,200,1,1,1115,,MoonDance Painting | Marin County Contractor,good,,2026-06-22T12:52:04+00:00
8f7d6d8b-d6a8-4c18-9b2c-9e99eadc1b3d,200,1,1,417,,"Affordable Drywall &amp; Insulation – Novato, CA – Robert",good,,2026-06-22T12:52:04+00:00
e664e7e5-9014-49ee-b0f6-9d3faae86232,200,1,1,188,,"Asphalt Paving | Santa Rosa, CA | Shawn's Paving Services",good,,2026-06-22T12:52:04+00:00
5cd1afb1-6e1c-4869-8f1b-b759d56be9f9,200,1,1,296,WordPress,Home - Serres Ranch Wine - Serres Ranch Wine,good,,2026-06-22T12:52:04+00:00
55aa13f2-61f2-415e-bad2-4746b89a7d9f,200,1,1,446,GoDaddy,Robison Construction,good,,2026-06-22T12:52:04+00:00
49bb2149-d90f-4c70-abaa-02b9f78e4045,0,0,0,39,,,broken,connection failed,2026-06-22T12:52:04+00:00
df8904fe-7329-4e2d-ae5f-b278cd4e29f8,200,1,1,223,Webflow,"Shoreline Builders, Builder, 651 Portal St Ste 3",good,,2026-06-22T12:52:04+00:00
c4ebf7c3-c0d7-44aa-9b8a-6c17fa3d4a65,200,0,0,163,,Von Renner | Home,weak,,2026-06-22T12:52:04+00:00
87dd0b7e-5138-459a-93cc-7efb12836708,200,1,1,577,WordPress,General Contractor Santa Rosa | Ruiz Construction &amp; Management,good,,2026-06-22T12:52:04+00:00
16047b3f-cd3d-4538-8432-559341b50eb9,200,1,1,295,,"Ready-Mix Concrete | Santa Rosa, CA | Superior Supplies Inc.",good,,2026-06-22T12:52:04+00:00
1aabd27a-cd4d-4dad-a1da-b673955a205f,200,1,1,4690,Squarespace,Vierra Fine Homes,weak,,2026-06-22T12:52:04+00:00
83c3b8e4-f075-421a-953d-c8706bcfa81c,200,1,1,222,Shopify,Beauty Store | Natural Skincare - Beauty Heroes,good,,2026-06-22T12:52:04+00:00
076b5827-9c1d-4c5a-a04a-ff7fe4a72258,403,0,1,204,,403 - Forbidden,broken,,2026-06-22T12:52:04+00:00
e2907c2d-5fe3-417b-a19b-6b8c1223775d,403,0,0,302,,,broken,,2026-06-22T12:52:04+00:00
fc9347c0-5546-46c3-96ec-091c2ce8745a,200,1,1,265,Webflow,"Dentist In Santa Rosa, CA | SOCO Dental Studio",good,,2026-06-22T12:52:05+00:00
dc29d367-5fea-4b28-aada-488709697f86,200,1,1,273,Squarespace,"CEREC™ Training for Dentists | Online, Virtual &amp; In-Person Courses by Dr. James Klim",good,,2026-06-22T12:52:05+00:00
4dd7f61b-85b1-4031-8c81-33cc9ad8914d,403,1,1,182,,Just a moment...,broken,,2026-06-22T12:52:05+00:00
b7421696-43b5-4237-a152-57ddb74180dc,200,1,1,233,WordPress,"Mark S. Frey, DDS",good,,2026-06-22T12:52:05+00:00
8c165ae5-a401-43c8-80bc-f0ff4925e042,200,1,1,171,WordPress,Santa Rosa Criminal Defense | Law Office of Amy Chapman,good,,2026-06-22T12:52:05+00:00
1d1d16fc-d558-49f9-896c-1121ef308087,200,1,1,527,Webflow,"Grace Dental: Family Dental Care in Santa Rosa, CA",good,,2026-06-22T12:52:05+00:00
2d4bab8a-aba7-4355-9121-13fb0a901111,200,1,1,1534,,Probe,good,,2026-06-22T12:52:05+00:00
6fb70cc2-70e8-49f2-8ebf-1005ee39e6e6,200,1,1,1238,,"Salf Flores Drywall (lic# 1083487) | Drywall in Rohnert Park , Ca",good,,2026-06-22T12:52:05+00:00
7b4c0375-c014-4d3a-a8db-0a312ce619b6,0,0,0,52,,,broken,connection failed,2026-06-22T12:52:05+00:00
23eb1947-c679-4d54-be59-312617a3eb84,200,1,1,64,WordPress,Hearts &amp; Stars Child Care &#8211; Home Child Care located in the Friendly City,good,,2026-06-22T12:52:05+00:00
3933ee00-418f-4ca3-bc59-55f401bb5a8d,200,1,1,1029,Shopify,Inner Sunrise | Bold. Balanced. Beautiful.,good,,2026-06-22T12:52:05+00:00
e77d39fb-0df3-4654-a1d6-ca5819dbb2ef,200,1,1,692,,Heather Wise | Attorney at Law | Santa Rosa | Sonoma County,good,,2026-06-22T12:52:05+00:00
03287818-216a-4efe-97e2-e4ee7bba0347,0,0,0,113,,,broken,connection failed,2026-06-22T12:52:05+00:00
16c4ee25-506d-43a0-bb00-8949c9a39945,200,1,1,529,,"Baby Blossom Daycare | Licensed Home Daycare in Santa Rosa, CA",good,,2026-06-22T12:52:05+00:00
4033923a-6c34-4a72-84f1-c7c1d848fca0,0,0,0,107,,,broken,connection failed,2026-06-22T12:52:05+00:00
c174899e-1092-46a9-a3c0-9556e5c72e78,200,1,1,785,,"Santa Rosa Criminal Defense Lawyers | Wilber Law Offices, P.C.",good,,2026-06-22T12:52:05+00:00
5fa008e8-a59c-47aa-9467-1ea1dae7b9c2,200,1,1,3127,,"Make It Right Construction | Home Remodeling, Additions &amp; Custom Decks – Bay Area",good,,2026-06-22T12:52:06+00:00
4f941726-266a-492b-8e8b-ae1e055e1a92,200,1,1,744,Drupal,Affordable Home Daycare Newborn Infants & Toddlers Novato| Best Friends Daycare Novato,good,,2026-06-22T12:52:06+00:00
f9c89830-12e4-4168-8c7b-5c106b7fc6ed,0,0,0,77,,,broken,"ssl: HTTPSConnectionPool(host='www.moeseaglesnestdeli.com', port=443): Max retries exceeded with url: / (",2026-06-22T12:52:06+00:00
280c69d0-8ec8-4d55-8ec5-d7c57eadf2be,200,1,1,11629,GoDaddy,Expert Sports Chiropractor for Sports Injuries,weak,,2026-06-22T12:52:06+00:00
dd0c7628-4b3f-4dca-9bc2-233d50dc1dc3,200,1,1,1215,WordPress,Criminal Defense Attorney Santa Rosa | DUI &amp; Murder Lawyer,good,,2026-06-22T12:52:06+00:00
2a6c5322-71c6-4a0f-bd19-75d1d723abc4,200,1,1,224,,Online Ordering by Genius,good,,2026-06-22T12:52:06+00:00
93bf6a98-d644-4848-8b8b-40e73e183ca9,200,1,1,354,,Oakmont Market | Fresh Deli & Homemade Potato Salad,good,,2026-06-22T12:52:06+00:00
ac62459a-aec0-4f18-8183-226207ce5762,0,0,0,40,,,broken,connection failed,2026-06-22T12:52:06+00:00
9b8c4202-af79-458b-9dc8-cdcf382ce862,200,1,1,1479,WordPress,"Santa Rosa, CA Criminal Defense Attorney &amp; Law Firm - Law Office of Jonathan Steele",good,,2026-06-22T12:52:06+00:00
f7c30f79-8a70-4fb6-94f3-4c8194188514,200,1,1,856,Weebly,,good,,2026-06-22T12:52:06+00:00
c182a568-42a1-4564-b520-8fa1a618effa,200,1,1,1111,,"Bungalow Five Beauty | Health &amp; Beauty in Santa Rosa, CA",good,,2026-06-22T12:52:06+00:00
5ce88a6e-6070-41ae-a6c9-6d9b53e31510,200,1,1,842,Wix,Day Spa in Santa Rosa | Facials| Clinical Skin Care| SR Skin Studio,good,,2026-06-22T12:52:06+00:00
93f88c93-e546-42e4-abdd-cc4aa7fc8d32,200,1,1,246,,"Alin N. Chera, DDS | Gentle Dentistry in Santa Rosa, CA",good,,2026-06-22T12:52:07+00:00
20e56f31-17da-41e6-b167-c8e9b744efe5,200,1,1,432,Wix,Deli | TheFarmhand | United States,good,,2026-06-22T12:52:07+00:00
f913fd33-aa4b-4e91-a478-0c28b86f0b3c,200,1,1,432,WordPress,Contact A Quality Dentist In Santa Rosa CA,good,,2026-06-22T12:52:07+00:00
b34ebb88-9534-49ed-9738-dfdd4bda94a6,200,1,1,959,Shopify,Napa Valley Olive Oil,good,,2026-06-22T12:52:07+00:00
17e6624a-cf32-4858-8636-68e53b1036ed,200,1,1,162,Webflow,Family Clinic Dental Group in Sonoma County and Santa Rosa,good,,2026-06-22T12:52:07+00:00
30d46626-8d4a-477e-88d3-50fad597920f,200,1,1,361,,Dental Intelligence Booking,good,,2026-06-22T12:52:07+00:00
0c53a9d3-4a1b-4655-95f6-b31c6277ff1d,200,1,1,395,,Santa Rosa Dentist| Amanda Delwiche D.D.S| 707-526-6165,good,,2026-06-22T12:52:07+00:00
4118382c-31a0-4f2e-9116-78cb959be75f,403,0,1,298,,403 - Forbidden,broken,,2026-06-22T12:52:07+00:00
2eefd5c3-af2e-42fd-a935-03ce19c49e34,200,1,1,303,,"Dentist Petaluma, CA | Cosmetic Dentistry | Bob Koenitzer, DDS",good,,2026-06-22T12:52:07+00:00
6dba3079-8c5a-4810-8399-007f3fff88b0,200,1,1,850,,"The Vineburg Market 997 Napa Rd, Sonoma, CA 95476 - superpages.com",good,,2026-06-22T12:52:07+00:00
c5c7a014-1779-47a2-856a-54354d59b3fa,403,0,1,213,,403 - Forbidden,broken,,2026-06-22T12:52:07+00:00
09fa6fad-5b35-4a5a-9260-c0b9f5b9ccfe,200,0,0,324,,"Santa Rosa Dentist|Dr. Robert Alavi|gental care,TMJ dentistry|family dentistry",weak,,2026-06-22T12:52:07+00:00
aaeaf062-bdd0-4857-b1ed-2a8c7026074d,403,1,1,469,,Just a moment...,broken,,2026-06-22T12:52:07+00:00
0bf23e84-50d0-433e-a560-4b64ece55c1d,200,1,1,399,WordPress,Brooks Road Dental Care &#8211; A Trusted and Superior Level of Dental Care!,good,,2026-06-22T12:52:07+00:00
84db3fb5-90dd-4e27-8b85-25a2e0fe003a,200,0,1,340,Weebly,"Christine M. Ford, DDS Periodontics, Implants, and Esthetic Dental Surgery - Santa Rosa Periodontics",weak,,2026-06-22T12:52:07+00:00
7e74c199-79b8-49de-ad3f-7675a783f43b,200,1,1,1709,,Home - Drewish Deli,good,,2026-06-22T12:52:07+00:00
2600067f-658e-40f4-a62c-e7236cfd4bc3,0,0,0,15324,,,broken,connection failed,2026-06-22T12:52:07+00:00
a9c78dce-2ea1-472c-b06c-2a696c6f3538,200,1,1,332,Wix,Cotati Dental Wellness,good,,2026-06-22T12:52:07+00:00
d94fef0e-ca4e-407f-9f8f-1941089c5b91,200,1,1,342,Wix,Cotati Dental Wellness,good,,2026-06-22T12:52:07+00:00
b1add411-9849-43dd-9f5a-fe19d876c8c0,200,1,1,663,WordPress,Dentist in Santa Rosa | Cascade Family Dental Near You in 95407,good,,2026-06-22T12:52:07+00:00
8db8b5c4-569b-496e-8723-843e6d2f069f,200,0,1,336,,"Welcome | Santa Rosa, California | Dr. Debra Araujo",weak,,2026-06-22T12:52:07+00:00
d3a2feda-e3dc-4911-9525-2d35a3b03899,0,0,0,110,,,broken,connection failed,2026-06-22T12:52:07+00:00
39a14712-7813-4793-b4b9-e5c8c6e0df8d,200,1,1,411,Wix,"David Epstein, DDS | Full Dental Implant Specialist | Novato, Marin County, California, United States",good,,2026-06-22T12:52:07+00:00
6b69ac2f-612d-48e3-b009-3b7c796e9e97,200,1,1,469,WordPress,"Dentist in Santa Rosa, CA | Darren Gonzalez DDS",good,,2026-06-22T12:52:07+00:00
8fbc25cd-e38b-46f1-b3e7-cca5c6bbc1da,0,0,0,20,,,broken,connection failed,2026-06-22T12:52:07+00:00
34cb1d38-4378-4ebf-aeea-1709409a2258,200,1,1,329,GoDaddy,Comprehensive Dental Care by Drs. Rajiv Anand and Alex Schmotter,good,,2026-06-22T12:52:08+00:00
1604d381-78d5-451f-a77e-457e455fde35,200,1,1,395,Wix,Home,good,,2026-06-22T12:52:08+00:00
ee2c56d4-6ea7-4d8a-8642-b9200588160f,200,1,1,445,,Empower Digital Dental | Master Your CEREC ROI,good,,2026-06-22T12:52:08+00:00
6461f83c-68c7-4483-851e-b68ac003615c,200,1,1,279,WordPress,"Family & Cosmetic Dentist Santa Rosa, CA | Nicole Le, DDS & John Savko, DDS",good,,2026-06-22T12:52:08+00:00
6a467372-3b0b-43ff-b6cb-57b8cf91e64e,404,1,0,496,,Site Unavailable,broken,,2026-06-22T12:52:08+00:00
c19e742a-4f55-4e2c-a413-d0ab838a33b0,200,1,1,466,WordPress,"Healdsburg Dental Spa - Healdsburg Dentist - Healdsburg, California",good,,2026-06-22T12:52:08+00:00
70864e4e-768f-4307-b46b-ed316c214e55,200,1,1,376,,"Krystle Lim DDS, Santa Rosa Dentist",good,,2026-06-22T12:52:08+00:00
bb7dfe0e-d978-44f1-894f-aa69a08d5a8d,200,1,1,616,,"Santa Rosa, CA Dentist | Kelly A. Elward DDS | Cosmetic, Restorative, Implant Dentistry | 95405",good,,2026-06-22T12:52:08+00:00
736cd4fb-1f11-4707-b130-3fe017eca121,200,1,1,576,,Jeffers Family Dentistry | Dentist Santa Rosa CA |,good,,2026-06-22T12:52:08+00:00
526ee03a-62bc-48ae-ba81-92d93172bbb9,200,1,1,322,WordPress,"Dentist in Santa Rosa, CA | Cosmetic Dentistry | Preventive Dentistry",good,,2026-06-22T12:52:08+00:00
c5848b4f-bdc1-4ccb-b2a2-dd44d001c4b8,200,1,1,557,GoDaddy,Marin Dental Implant Center,good,,2026-06-22T12:52:09+00:00
3c0197f6-e8f8-47d3-81e5-2d59234f5933,200,1,1,708,WordPress,"Home - Matthew Anderson DMD MSD - Santa Rosa, CA",good,,2026-06-22T12:52:09+00:00
3e025344-93d8-4f63-95aa-7ff278e9a89a,200,0,1,1731,,欧美色情节目名称_欧美色情节目磁力链_欧美色情节目系列种子_欧美色情花絮磁力链接_Home,weak,,2026-06-22T12:52:09+00:00
736a5d1c-cb6c-4fa3-91ec-3c7a8a269175,200,1,1,1468,WordPress,Dentists in Santa Rosa | Landeros & Associates Family & Cosmetic Dentistry,good,,2026-06-22T12:52:09+00:00
d53df6c4-829f-4f0a-ae36-b8674a8db345,200,0,0,157,,,weak,,2026-06-22T12:52:09+00:00
8234659d-257d-4486-aa3a-634d1165bb25,200,1,1,141,WordPress,Trusted Dentist Healdsburg CA | Munselle Family Dentistry | Cosmetic Dentistry | Female Dentist,good,,2026-06-22T12:52:09+00:00
55752227-e9a1-4120-85cf-fb45ae802138,200,1,1,463,WordPress,Santa Rosa Dentist | Santa Rosa Dental,good,,2026-06-22T12:52:09+00:00
d57c07c7-b27b-417b-9718-7b59e864e5c3,200,1,1,89,WordPress,"Family & Cosmetic Dentist Santa Rosa, CA | Nicole Le, DDS & John Savko, DDS",good,,2026-06-22T12:52:09+00:00
9bec3776-0d79-4f14-a61f-c35f0058e2d0,200,1,1,1746,WordPress,Luma Dental Health &#8211; Petaluma Dentist and Dental Clinic,good,,2026-06-22T12:52:10+00:00
d9f18bd3-5c57-4649-a95d-5b9f12c200b3,200,0,1,2329,,欧美色情节目名称_欧美色情节目磁力链_欧美色情节目系列种子_欧美色情花絮磁力链接_Home,weak,,2026-06-22T12:52:10+00:00
65c48445-92e5-471a-a735-249845eb9463,200,1,1,846,WordPress,Contact &#8226; New Leaf Rohnert Park,good,,2026-06-22T12:52:10+00:00
4741aa84-2f84-494f-ac79-6bdb73c0c660,200,1,1,660,WordPress,Dentist Petaluma CA - Whole Family Dental Care | North Bay Smiles,good,,2026-06-22T12:52:10+00:00
b6b05569-6937-4aa5-a483-cf5442c6a92a,200,1,1,2524,WordPress,Home - Guerneville Dentist,good,,2026-06-22T12:52:10+00:00
bf274b3f-096a-4cf9-95f3-2e3ebb9dced4,200,1,1,233,Squarespace,Oakmont Dental General and Implant Dentistry,good,,2026-06-22T12:52:10+00:00
e901ba4c-3d1b-40d4-b2e3-5412d5e42589,200,1,1,1919,WordPress,"General &amp; Cosmetic Dentistry Santa Rosa, CA | Michael Hamblin, DDS",good,,2026-06-22T12:52:11+00:00
f5919528-9112-427a-9a31-a9695390ef96,200,1,1,320,,Marin Smiles &mdash; Paul Schafer DDS,good,,2026-06-22T12:52:11+00:00
b8034dd0-30bb-440d-ab1c-509375c00d23,200,1,1,439,Wix,"Home | Oralkure Dental Group, Sebastopol",good,,2026-06-22T12:52:11+00:00
87f2749c-d3c5-4e64-a9c8-7e7770646cb7,200,1,1,71,WordPress,"Dentist in Santa Rosa, CA | Cosmetic Dentistry | Preventive Dentistry",good,,2026-06-22T12:52:11+00:00
24d1c5fd-9517-4a73-9238-0f1cde9d3f88,0,0,0,117,,,broken,connection failed,2026-06-22T12:52:11+00:00
d9f93741-6284-45b1-bf71-4eaa8ce157e4,200,0,0,216,,,weak,,2026-06-22T12:52:11+00:00
8777badb-6d70-4920-9749-052dd54039eb,200,1,1,1253,WordPress,Home - The Smiling Turtle Pediatric Dentistry,good,,2026-06-22T12:52:11+00:00
07e07f51-3761-4673-af6a-60f30a7a605e,200,1,1,418,GoDaddy,Premier Dentists in Santa Rosa | Rincon Family Dental,good,,2026-06-22T12:52:11+00:00
174bd346-fc1c-4fc8-8db7-4cfb92b51802,200,1,1,1497,WordPress,Trusted Sebastopol Dentist | Locally-Owned &amp; 5 Star Rated,good,,2026-06-22T12:52:11+00:00
748ee95d-c6ad-4a6e-8b0d-a6709142c37d,200,1,1,787,WordPress,Petaluma Valley Dental | Dentist &amp; Dental Implants | California,good,,2026-06-22T12:52:11+00:00
c1e45cc7-8cb4-4919-8a32-362e32ebb5c2,200,1,1,11495,GoDaddy,advancedpowersolution.com,weak,,2026-06-22T12:52:11+00:00
3f425ae0-2af4-4ffe-ad85-3d3d6f6b5d9b,200,1,1,2111,WordPress,NorthBay Modern Dentistry &#8211; We will treat you like family!,good,,2026-06-22T12:52:12+00:00
75bbd059-b81e-412b-85fb-76fd504c4434,200,1,1,526,WordPress,"Dentist in Rohnert Park, CA | Blue Apple Dental Group",good,,2026-06-22T12:52:12+00:00
d9d50053-2a35-445f-8112-a9a81de5ca4c,200,1,1,306,Webflow,"Dentist in Santa Rosa, CA | Best Dentist Near You",good,,2026-06-22T12:52:12+00:00
102051ca-d56c-41f4-aa41-ebd1f2dafba2,200,1,1,755,WordPress,Santa Rosa Oral Surgery,good,,2026-06-22T12:52:12+00:00
d3086da5-7529-49da-b89b-20f066d9237d,200,1,1,308,WordPress,"Visit St. Helena, CA | Wine Country Travel, Events &amp; Local Experiences",good,,2026-06-22T12:52:12+00:00
70a06228-5aa1-41a7-84b5-06c0bdc06ff7,0,0,0,8,,,broken,connection failed,2026-06-22T12:52:12+00:00
fe366a0f-6349-4307-be6b-2f9bad46d91c,403,1,1,187,,Just a moment...,broken,,2026-06-22T12:52:12+00:00
18973152-e712-4942-8707-e95c31eb53df,404,0,0,301,,,broken,,2026-06-22T12:52:12+00:00
5351beeb-afc1-4b7e-bae0-b0d094c27118,200,0,0,204,,NameBright - Coming Soon,weak,,2026-06-22T12:52:12+00:00
3770a63f-0ca5-4e66-9da9-929cc3876985,200,1,1,710,WordPress,"Holistic Dentist in Santa Rosa, CA | Stunning Smiles",good,,2026-06-22T12:52:12+00:00
865681c2-cbce-41cc-8b9e-9594392e0cb3,200,1,0,785,,Linnea Westerberg DDS | Santa Rosa Dentist |,weak,,2026-06-22T12:52:12+00:00
a28a2f12-0494-488e-ab44-4678a7a31117,200,1,1,917,WordPress,Santa Rosa Family &amp; Cosmetic Dentists| Wilburn Family Dental,good,,2026-06-22T12:52:12+00:00
8205da94-e446-4af9-8bcc-2c6bb0a2176c,200,0,0,4283,,,weak,,2026-06-22T12:52:12+00:00
27426561-f6b5-49c2-af5c-b6db69e0c349,200,1,1,260,Squarespace,Sonoma Diner,good,,2026-06-22T12:52:12+00:00
325ddee3-36a5-4071-bf7c-7d9f303db612,200,1,1,1236,Wix,St Helena Family Dentistry | Minimally-Invasive Family Dentistry,good,,2026-06-22T12:52:13+00:00
e2e351be-b7e6-4336-bd2b-d1cb3c057da8,200,1,1,154,GoDaddy,ElkFenceDistillery.com is for sale | HugeDomains,good,,2026-06-22T12:52:13+00:00
009e7b46-b3ef-4c00-925d-cdc981945d86,200,1,1,283,Shopify,Golden State Cider,good,,2026-06-22T12:52:13+00:00
9a7dd27b-03fa-46f8-a8c4-e2cbe88ae194,200,1,1,469,Squarespace,"Craft Whiskey, Gin and Spirits Distillery in Healdsburg, California | Alley 6 Craft Distillery",good,,2026-06-22T12:52:13+00:00
16434e97-5f11-4c01-9fba-745afbd58b97,0,0,0,926,,,broken,connection failed,2026-06-22T12:52:13+00:00
97056714-8e8e-405c-af78-bc7b08022d84,200,1,1,544,Shopify,Griffo Distillery - Award winning spirits in Sonoma County,good,,2026-06-22T12:52:13+00:00
228bab39-bcb1-4e95-a107-4d885e352cca,200,1,1,418,Squarespace,Sonoma Brothers Distilling,good,,2026-06-22T12:52:13+00:00
a2ac3c76-9c9a-452a-ab53-7c5290d41a5f,200,1,1,1865,WordPress,"Susie Ryan, DDS: Pediatric Dentist in Santa Rosa, CA - Children&#039;s Dentistry",good,,2026-06-22T12:52:13+00:00
c9599c62-7dd3-4bc5-a6d3-88d43787b3de,200,1,1,1272,,SV388 >> Link Situs Sabung Ayam Online 24 Jam Live Wala Meron No 1 di Filipina,good,,2026-06-22T12:52:14+00:00
7d664e0a-cbad-4d3e-b8e3-58e1c7aee231,200,1,1,639,Shopify,Sipsong Spirits,good,,2026-06-22T12:52:14+00:00
14b125c8-9a1a-43f6-89ef-e3b2918381d8,200,1,1,1030,Shopify,Hanson of Sonoma,good,,2026-06-22T12:52:14+00:00
fbb35447-7d06-49b1-b72e-193192084105,200,1,1,327,Squarespace,"Young &amp; Yonder Spirits | Craft Distillery in Sonoma County, CA",good,,2026-06-22T12:52:14+00:00
b35a3bbe-e7c3-42bb-9715-2b9de332abd4,200,1,1,3692,WordPress,"Holistic Dentist in Santa Rosa, CA | Stunning Smiles",good,,2026-06-22T12:52:14+00:00
5137327d-f889-42e3-b97c-6bdabf371357,200,1,0,483,,,weak,,2026-06-22T12:52:14+00:00
aab33424-1ca7-411d-bc2c-b3c17794c823,200,1,1,400,Wix,"HOME | Noble's Saloon | Middletown, CA",good,,2026-06-22T12:52:14+00:00
a04bbcf0-aae9-4b98-9bd1-ff8af3587da4,200,1,1,693,Shopify,"The Best Dining in Nevada City, Ca. Friar Tuck&#39;s Restaurant &amp; Bar &ndash; friar_tucks",good,,2026-06-22T12:52:14+00:00
eff5dfca-5352-4822-9248-7516e7cafd4d,200,1,1,391,,Family Law Attorney | Santa Rosa | Brian Lanz | The Family Law Office,good,,2026-06-22T12:52:14+00:00
0960be04-d9dc-4fa2-b296-7b2897139fd0,200,1,1,9124,GoDaddy,Calistoga Beauty Salon &amp; Day Spa,weak,,2026-06-22T12:52:14+00:00
14299766-c8c2-4e68-b3e1-1319477d55cc,200,1,1,623,,Best American Restaurant in Novato | The Boardroom Novato,good,,2026-06-22T12:52:14+00:00
6e419b07-0782-4e56-a503-003bb7ae4b26,200,1,1,195,,Home | Heyde Family Law,good,,2026-06-22T12:52:15+00:00
dd1be5a2-7c64-4615-a697-8b70f3b9fb41,200,1,1,2263,WordPress,Barber Lee Spirits,good,,2026-06-22T12:52:15+00:00
15167f25-f2de-40e0-b65f-aa216e21331b,410,1,1,885,,"The Zoo, 527 Barham Avenue, Santa Rosa, CA - Groupon",broken,,2026-06-22T12:52:15+00:00
8554935d-c51f-4049-ba03-3fa67ce6cff3,200,1,1,462,,My State Bar Profile :: The State Bar of California,good,,2026-06-22T12:52:15+00:00
3f8132f7-5c86-4a3f-9519-89989067f9e5,200,1,1,427,Wix,Law Offices of Celeste A. Johansson,good,,2026-06-22T12:52:15+00:00
309423ff-3cee-432f-a155-97ae95a926e0,200,1,1,516,GoDaddy,"Home - The Family Law Office of Jennifer J. Applegate, PC",good,,2026-06-22T12:52:15+00:00
fa042ed8-db2a-420f-b02d-b74f7531c100,200,1,1,1228,WordPress,"Santa Rosa, CA Family Law Attorney &amp; Estate Planning Law Firm",good,,2026-06-22T12:52:15+00:00
45e6b6a2-162a-4832-97cd-19ed2341bc16,200,1,1,992,,Divorce Mediation Santa Rosa,good,,2026-06-22T12:52:15+00:00
e1b964b8-202f-44ee-9cae-f2b54355792b,200,1,1,241,WordPress,"Experienced Divorce And Family Law Attorneys | Santa Rosa, CA",good,,2026-06-22T12:52:16+00:00
fb587746-4182-435f-9b10-f2ea6ce7dcfb,200,1,1,414,WordPress,"Terre Family Law, Inc. | Sonoma County Child Support Attorney",good,,2026-06-22T12:52:16+00:00
08fafafa-7d3c-44f1-9acb-5aa9b24d3447,403,1,1,77,,Just a moment...,broken,,2026-06-22T12:52:16+00:00
d5ed8e78-800b-4e5f-b194-9d88e6d6f5b4,200,1,1,791,WordPress,Home - Law Office of Jackie L. Martens,good,,2026-06-22T12:52:16+00:00
36fac1cd-a60a-4cf9-b7e2-edfb4ed8c68b,404,0,0,437,,Association not found,broken,,2026-06-22T12:52:16+00:00
430a28d4-9da3-4ee4-8f13-456c9fc3944a,200,1,1,3212,WordPress,HOME 1 - Lightning Spirits LLC.,good,,2026-06-22T12:52:16+00:00
d5961b78-3f96-4e03-9d04-3e9d3d6981e9,200,1,1,783,GoDaddy,Expert Dog Training in Rohnert Park - Animal Stars,good,,2026-06-22T12:52:16+00:00
459c8d79-ee73-451b-b48e-9b83708d6ddc,200,1,1,3214,WordPress,"Sonoma Distilling Co. &#8211; Unapologetically robust and full-bodied, these Straight California Bourbon and Rye whiskeys are double distilled in handmade copper pot stills.",good,,2026-06-22T12:52:16+00:00
eafdb2c3-ac43-4fbb-a780-b95dfa0663b0,200,1,1,350,GoDaddy,Dog Training in Santa Rosa - No Limits Service Dog,good,,2026-06-22T12:52:17+00:00
1a1a8992-bc33-4785-bc48-2d58c3f66eba,200,1,1,691,Squarespace,Incredible Canine Training Center,good,,2026-06-22T12:52:17+00:00
68e77688-e6bb-446a-8c7d-e983c6603207,200,1,1,1917,WordPress,Jeanne Browne - Family Law and Mediation Services,good,,2026-06-22T12:52:17+00:00
c0ae917c-c380-455f-bc78-aeff1c135162,200,1,1,1918,WordPress,Home - Levy Carroll LawLevy Carroll Law,good,,2026-06-22T12:52:17+00:00
ad1ac3a4-04f0-4cb7-80ed-28c7f8ef4524,200,1,1,267,Squarespace,dogventures,good,,2026-06-22T12:52:17+00:00
65b9302a-f935-490e-a075-af9b6ab5b12e,200,1,1,506,GoDaddy,That&#x27;s My Dawg,good,,2026-06-22T12:52:17+00:00
2d455abf-abe4-4464-a7c0-921d7acda29c,403,1,1,146,,Just a moment...,broken,,2026-06-22T12:52:17+00:00
e3339f1f-d7fa-46dd-8b7b-e8f686aa7fa0,200,1,1,340,Wix,Class A License | JGC Truck Driving Training | United States,good,,2026-06-22T12:52:17+00:00
e2993c8e-42ed-4a4c-b2a9-1bb6d7e35557,200,1,1,1359,WordPress,Home - Golden Gate K9,good,,2026-06-22T12:52:17+00:00
2570eccc-648a-4ffe-9d57-fa2fc05f38e0,200,1,1,3847,,Moylan&#039;s Whisky &amp; Stillwater Spirits - Moylan's Distilling,good,,2026-06-22T12:52:17+00:00
02c71b73-2343-4283-b474-9019ac7a3297,0,0,0,37,,,broken,connection failed,2026-06-22T12:52:17+00:00
d9925d49-b566-4bf8-b0d2-d768e2e9b11f,200,0,0,368,GoDaddy,Home,weak,,2026-06-22T12:52:17+00:00
d16f3bc3-1687-4040-850f-6884b2902208,200,1,1,369,Wix,Santa Rosa Dry Cleaning | Empire Cleaners | United States,good,,2026-06-22T12:52:17+00:00
f21f8d80-5afe-4c4e-896c-c8ee93ccdc8b,200,1,1,1358,,Find loving pet care with Karen J. on Rover.com,good,,2026-06-22T12:52:17+00:00
275cf132-81bf-4988-bc7f-35ecd4b0bc53,200,1,1,533,,Dry Cleaners Dry Cleaning Services St Helena Wedding Dress and Commercial Dry Cleaning St Helena,good,,2026-06-22T12:52:18+00:00
3824ad04-2055-4e1c-a96f-c1fb855f085a,200,0,1,943,,cheryl&#x27;s driving school,weak,,2026-06-22T12:52:18+00:00
52ad9c18-1bf0-4b2d-8463-939c2a28eaf0,200,1,1,1697,WordPress,The Michael Ellis School for Dog Trainers,good,,2026-06-22T12:52:18+00:00
c79031b1-4b34-46af-b403-437f7793ea44,200,1,1,404,WordPress,Industrial &amp; Commercial Electrical Contractors in Sonoma County &amp; the North Bay,good,,2026-06-22T12:52:18+00:00
10e76d1b-5c2b-4d46-91e2-b3996804f2ed,403,0,1,221,,403 - Forbidden,broken,,2026-06-22T12:52:18+00:00
cb728566-8875-4010-936b-8eee14de9d91,200,1,1,453,GoDaddy,"Sonoma, Marin &amp; Napa Electrician | B.A. Electric",good,,2026-06-22T12:52:18+00:00
fc3bd960-f754-4323-bb8b-39eabbce2492,200,1,1,652,,"DUI &amp; DMV License Hearing Attorney in Santa Rosa, California | DUI Law Firm of Jon Woolsey",good,,2026-06-22T12:52:18+00:00
3b21554b-f56a-4d9c-9d1d-5ef4ccafd7c8,0,0,0,102,,,broken,connection failed,2026-06-22T12:52:18+00:00
fff5a7ca-828a-4190-9c82-a1a6cbfdf522,0,0,0,1091,,,broken,connection failed,2026-06-22T12:52:18+00:00
5b0168a4-835c-4046-86ee-8b2671c94ff6,200,1,1,879,,Maxwell Village Cleaners,good,,2026-06-22T12:52:18+00:00
3bc42888-30d8-4691-b2a8-fa36143ab717,200,1,1,3861,WordPress,"Family Law Attorney in Novato, Marin County, CA | Castro Law Offices, P.C.",good,,2026-06-22T12:52:18+00:00
adc7f3fa-d4b8-461d-ae30-489b6f2ebfbe,200,1,1,315,WordPress,"Kneisler &amp; Schondel Workers Compensation Lawyers | Santa Rosa, CA",good,,2026-06-22T12:52:18+00:00
84be1c65-8866-480b-a578-2ed885b5a3ae,200,1,1,343,Squarespace,Tisza Bistro,good,,2026-06-22T12:52:18+00:00
35a65a33-5b26-4c8f-a451-625291c41a2c,0,0,0,111,,,broken,connection failed,2026-06-22T12:52:18+00:00
c2792798-7887-4acf-a005-570391ed165b,200,1,1,646,,"Sonoma Electrician | Residential Electrical, Commercial, Industrial",good,,2026-06-22T12:52:18+00:00
e4dfda5c-8c6c-458c-8a2b-2b2dd8790320,200,1,1,539,WordPress,"Neumann Law &#8211; Wrongful termination attorney Sonoma County Employment Lawyer – Sonoma County Employment Lawyer, Employment Law Firm",good,,2026-06-22T12:52:18+00:00
67869d88-2b8e-4138-ade8-7dd7bca4a03f,200,0,1,323,Squarespace,Brown Barn Films | Sonoma County Video Production,weak,,2026-06-22T12:52:18+00:00
14beae9f-20f5-4650-b3d6-6e30ba3e8e18,200,1,1,342,GoDaddy,Professional Real Estate Photography Services,good,,2026-06-22T12:52:19+00:00
0c5f534a-3ded-4d14-ae07-a6cd399ac20d,200,1,0,716,,- YouTube,weak,,2026-06-22T12:52:19+00:00
c2b1b277-a246-48f4-94bb-6f741ccfb24e,200,0,0,289,,,weak,,2026-06-22T12:52:19+00:00
42cccc63-0eeb-44b3-b726-23aba04bf696,200,1,1,303,Wix,Wine Country Wedding Planning | Cambria-Events | California,good,,2026-06-22T12:52:19+00:00
aaf880a0-3399-48f3-b27b-37550bef06aa,200,1,1,522,Webflow,Brannan Center,good,,2026-06-22T12:52:19+00:00
359b8d17-8413-408d-8f57-62f8b85d1cfb,200,1,1,392,Squarespace,Cloverdale Grange &mdash; Cloverdale Performing Arts Center,good,,2026-06-22T12:52:19+00:00
ad62a378-a2d7-44be-b495-7b21cd743887,200,1,1,1381,WordPress,Electrician Windsor CA &#8211; Lit Electric,good,,2026-06-22T12:52:19+00:00
cd660de2-d3ee-4d31-9868-5185a5f80daa,404,1,1,290,Wix,,broken,,2026-06-22T12:52:19+00:00
1a20177f-2719-4bc6-8355-c10016f0d42e,200,1,1,299,GoDaddy,About Glen Ellen Gathering - Wellness Business,good,,2026-06-22T12:52:19+00:00
1ecb88ab-eae7-41ce-9571-df7ebe9807be,0,0,0,10,,,broken,connection failed,2026-06-22T12:52:19+00:00
76358742-4bfc-4e61-aa05-0a7f67e9f805,200,1,1,249,Squarespace,"Petaluma Event/Party Venue - Hall of the Above | Sonoma County | Community Event Venue | Petaluma, CA",good,,2026-06-22T12:52:19+00:00
46e67a4b-0a67-4c8e-9389-a84bb6c36872,200,1,1,213,Squarespace,Maysonnave House,good,,2026-06-22T12:52:19+00:00
eb12cea8-3ce4-4c8b-8e4f-16f6cece9254,200,0,0,223,,"OnSite Exhibitor Service | Napa, CA 94558",weak,,2026-06-22T12:52:20+00:00
c5192dac-1da0-4562-a964-9f706b39e06d,200,0,0,213,,,weak,,2026-06-22T12:52:20+00:00
6bc2dbeb-bbeb-4dcb-82b8-78c0ea1704c9,200,1,1,987,WordPress,coLAB Connect - coLAB Connect,good,,2026-06-22T12:52:20+00:00
60e15e95-2f92-46e3-a8df-9bed477d9db8,200,0,1,2213,WordPress,"Denny&#039;s Electric, Inc. &#8211; Commercial &amp; Residential &#8211; Serving the San Francisco North Bay Area",weak,,2026-06-22T12:52:20+00:00
69adda25-471f-465d-8f33-1ae4f845c410,200,1,1,12353,,"Dentist Rohnert Park, CA | Rohnert Park Family and Cosmetic Dentistry | John F. Unguren, D.D.S. Inc",weak,,2026-06-22T12:52:20+00:00
994184a9-4417-44f5-804c-e5c4987d2177,200,1,1,580,Wix,Rosewood Events LLC Petaluma,good,,2026-06-22T12:52:20+00:00
701f1909-dca6-4bd8-af4b-6648101a057c,200,1,1,1572,Wix,HOME | Celebrations 8_2019,good,,2026-06-22T12:52:20+00:00
551bd481-2cca-4a51-a21b-7097deab412a,500,1,1,2825,WordPress,"Electricians in Windsor, Santa Rosa, Sonoma &amp; Napa Counties",broken,,2026-06-22T12:52:20+00:00
74eea052-08ed-4d54-a6f3-4fab4b6db1a7,200,1,1,308,WordPress,"Sonoma SBDC &#x2d; Helping small businesses start, grow, and thrive in Sonoma County",good,,2026-06-22T12:52:20+00:00
17bec816-d1f7-4c18-95c7-8c98338ad98d,404,1,1,1546,,Ничего не найдено для Napa Valley Entertainment Venues Poi Chris Beck Arena 736246,broken,,2026-06-22T12:52:20+00:00
b87f6732-6abf-4cef-bf29-e65ff703a628,404,1,0,248,Squarespace,Squarespace - Website Expired,broken,,2026-06-22T12:52:20+00:00
7499333a-a1be-46ef-9327-c9f93c23bbfd,200,1,1,215,WordPress,Home - TEDxSonomaCounty,good,,2026-06-22T12:52:20+00:00
f8550b0e-7c24-4eef-bd69-0da9a17e518a,200,1,1,713,GoDaddy,Rental Venue - The Saturday Afternoon Club,good,,2026-06-22T12:52:20+00:00
7eaa36d0-03e9-44d9-a7eb-8d6283535e85,200,1,1,851,,Ru&#39;s Farm Weddings - Ru&#39;s Farm Weddings,good,,2026-06-22T12:52:20+00:00
c34e7798-c341-4b94-93b8-b56785d626e2,200,1,1,788,,"Napa, Sonoma, and Bay Area Wedding Planner | So Eventful",good,,2026-06-22T12:52:20+00:00
8049cd3c-3d90-4732-a8df-66279f4beb01,200,1,1,358,Squarespace,The Haven at Tomales | West Marin Natural Farm,good,,2026-06-22T12:52:20+00:00
377fbbcc-a31c-4377-8412-f0e423fcc088,0,0,0,129,,,broken,connection failed,2026-06-22T12:52:21+00:00
a28906bf-13e4-46a5-9e1c-0caedce7df64,200,1,0,438,Weebly,THE MAGNOLIA ROOM NAPA VALLEY - Home,weak,,2026-06-22T12:52:21+00:00
be5b6709-3cc4-4f59-b42e-92774927198f,0,0,0,15525,,,broken,timeout,2026-06-22T12:52:21+00:00
a5bd8d41-1ce4-4ee5-ae9f-1e379c7ec75d,200,1,1,739,,Home | The Backdrop,good,,2026-06-22T12:52:21+00:00
87f9fc81-afd2-4b65-97ae-f07756a74087,200,1,1,2021,Wix,"Event Services Plus - Event Rentals, Golf Carts &amp; Shuttles | Rohnert Park, CA",good,,2026-06-22T12:52:21+00:00
41810823-3b0a-425c-ad77-70ed2637e2be,200,1,1,705,,"Packing, Shipping, Mailing | Santa Rosa, CA | The Central Office",good,,2026-06-22T12:52:21+00:00
4101f2c3-6b4f-4f15-8236-8cc31b02675f,200,1,1,354,GoDaddy,Valley Ford Schoolhouse - Unique Event Venue in Sonoma County,good,,2026-06-22T12:52:21+00:00
da49b6d9-4d90-4675-852a-0f82651acc1e,200,1,1,472,GoDaddy,Tucker Farm Center,good,,2026-06-22T12:52:21+00:00
ad6564a2-d1fb-4bdf-9377-87a6d3168090,200,1,1,796,WordPress,"Events from June 12, 2025 &#8211; December 18, 2025 &#8250; Cooking Class &#8250; | The Key Room",good,,2026-06-22T12:52:21+00:00
8d2e916b-e8e0-4ed4-a13d-efbd75a39fa1,200,0,0,331,,,weak,,2026-06-22T12:52:21+00:00
44881c58-db36-4dad-9b22-576db7fac790,200,0,1,482,,Machado Bros Inc | Excavation Services | Petaluma,weak,,2026-06-22T12:52:21+00:00
d0f9c4a3-fc28-4a72-ae2f-7f2ee3a80d8e,200,1,1,355,GoDaddy,Mel&#x27;s Fish and Chips,good,,2026-06-22T12:52:21+00:00
772a61ed-95cc-4d87-b193-4badbc8f5214,200,1,1,186,Squarespace,CR Functional Fitness,good,,2026-06-22T12:52:21+00:00
a032d139-7809-49d4-9ff6-05fac716f255,0,0,0,176,,,broken,connection failed,2026-06-22T12:52:21+00:00
86b5e917-d9f3-4a8f-947a-d1d57c3946ee,200,1,1,206,GoDaddy,Mel&#x27;s Fish and Chips,good,,2026-06-22T12:52:21+00:00
e629ff78-5eab-4cea-b8d4-53bde9eff851,200,0,1,761,,"The Z Room - Business Facility and Conference Room for Rent in Santa Rosa, CA",weak,,2026-06-22T12:52:21+00:00
71f7785b-3ff8-452a-bba7-6f68e3988bec,403,0,1,193,,403 - Forbidden,broken,,2026-06-22T12:52:21+00:00
31c7dccf-d54e-4129-bc00-e8ae59f995be,0,0,0,107,,,broken,connection failed,2026-06-22T12:52:21+00:00
2cdd9f73-3e5b-4add-9af0-9665fb9aed5b,200,0,0,156,,,weak,,2026-06-22T12:52:21+00:00
0b838f9b-4b57-4eec-ae3b-309eb9899205,200,1,1,412,WordPress,Inform Fitness,good,,2026-06-22T12:52:21+00:00
5580cc7d-256c-4f67-bc2c-a67f1b3b38b9,0,0,0,103,,,broken,connection failed,2026-06-22T12:52:21+00:00
872d0769-e339-45d1-98c4-3b489383de53,200,1,1,257,GoDaddy,Strength for Living – Slow motion high intensity strength training 30 minutes per session,good,,2026-06-22T12:52:21+00:00
ccdfb694-3ed5-4db6-97fb-59ed9548b6bf,403,0,1,425,,403 - Forbidden,broken,,2026-06-22T12:52:21+00:00
8e095757-783f-4418-ac86-56118f93ec5d,200,1,1,337,,Best Florist In California | Bloome Babe,good,,2026-06-22T12:52:21+00:00
600a39b8-246c-4bb5-abe4-33712075774a,200,0,0,179,,,weak,,2026-06-22T12:52:21+00:00
703acbb2-2416-4d46-8c7e-6d590986655e,200,1,1,476,GoDaddy,Au Thentic,good,,2026-06-22T12:52:21+00:00
95e93ba4-9ad3-43e2-baae-2813ff0952ce,0,0,0,153,,,broken,"ssl: HTTPSConnectionPool(host='www.endlessenergycrystals.com', port=443): Max retries exceeded with url: ",2026-06-22T12:52:21+00:00
4f05059e-2f0e-4201-a278-5f32089a7ee2,200,1,1,293,Squarespace,"Dry Creek Flowers | Healdsburg, CA",good,,2026-06-22T12:52:22+00:00
003bd66f-8c8c-4c6f-836c-187381780870,403,1,0,438,,403 Forbidden,broken,,2026-06-22T12:52:22+00:00
17a07d36-282a-454a-9fd1-269406bb1569,200,1,1,458,,CarolinaAndCo.com - Business Domains for Sale - Buy Premium Corporate Domain Names | Domain for Sale. Call 888-694-6735.,good,,2026-06-22T12:52:22+00:00
7c843e1d-f665-4353-9e02-11aa47c674a1,0,0,0,32,,,broken,connection failed,2026-06-22T12:52:22+00:00
97c74b29-48e6-4c48-ad22-f027486f72fd,200,1,1,451,Squarespace,Changing Seasons Novato,good,,2026-06-22T12:52:22+00:00
81a41b0c-6415-4310-abec-8d1273023546,200,1,1,877,Weebly,Home | Sam Perdue Strength Coach,good,,2026-06-22T12:52:22+00:00
bcb3625c-6ff0-414a-9a2f-70be83d94343,200,1,1,390,Squarespace,Field Trip,good,,2026-06-22T12:52:22+00:00
6698fe62-9b7d-43b4-9d3f-cb4ff9fdcf4c,200,1,0,369,Shopify,Gifts from Chef Thomas Keller&#39;s Restaurants and Bakeries,weak,,2026-06-22T12:52:22+00:00
0ce7be99-1f23-4519-a79e-629240fd56c0,200,1,1,233,Squarespace,Full Bloom Flower Farm and Floral Design Full Bloom Flower Farm and Floral Design,good,,2026-06-22T12:52:22+00:00
e4d68091-ea8a-47e6-a413-9ab09c5dab20,0,0,0,117,,,broken,connection failed,2026-06-22T12:52:22+00:00
585d3970-f0c5-4ffe-ab3d-120a51472fcc,200,1,1,401,WordPress,French Florist: Premier Floral Boutique. Same Day Delivery.,good,,2026-06-22T12:52:22+00:00
c9d762cd-9cf7-477a-8d53-085e2bcdba91,200,1,1,458,GoDaddy,Buy gualalaflowers.com – Premium Expired .com Domain on GoDaddy | ExpiredDomains.com,good,,2026-06-22T12:52:22+00:00
86220d80-9507-4485-8216-7785bfacb5bd,200,1,1,1355,WordPress,Paramount Personal Fitness and Nutrition | Personal Fitness Training,good,,2026-06-22T12:52:22+00:00
6e1890f6-6781-4a85-b1c2-a459a1804b86,200,0,0,186,,This site is under development,weak,,2026-06-22T12:52:22+00:00
0306d877-ee31-4686-8e73-e5877b86af96,200,1,1,1843,Wix,"General Engineering Contractor | Peters Excavating, Inc | Sebastopol",good,,2026-06-22T12:52:22+00:00
f83fc94f-8c37-47bc-9059-c7a28edfb1be,200,1,1,548,Shopify,"Eclectic Gift Shop in Occidental, CA &ndash; Galleria",good,,2026-06-22T12:52:22+00:00
920cab6b-90e1-4d44-8647-3c2a00399b54,200,1,1,458,Squarespace,Heritage Farm Florals,good,,2026-06-22T12:52:23+00:00
fdce43fb-04b8-4593-9b84-a222d84231ea,200,1,1,1102,Shopify,Fijian Bula Store,good,,2026-06-22T12:52:23+00:00
73f0d57a-85f6-4019-8c63-b47cb233dabc,402,1,1,476,Shopify,Store unavailable,broken,,2026-06-22T12:52:23+00:00
85b05840-d3a0-4b01-9a63-6b10ea9d780b,200,1,1,258,Squarespace,La Ruche,good,,2026-06-22T12:52:23+00:00
a5e3311e-35ef-460c-a9b3-b4054e0b5bcc,200,1,1,352,Squarespace,LOTUS Boutique &amp; Marketplace,good,,2026-06-22T12:52:23+00:00
1ab83be0-fdd8-492d-a2e7-a3df73885e7a,0,0,0,162,,,broken,"ssl: HTTPSConnectionPool(host='www.luminariumcurated.com', port=443): Max retries exceeded with url: / (C",2026-06-22T12:52:23+00:00
50fa8f0b-be12-4545-88f2-42eb817e0533,200,1,1,771,Shopify,Hartford House,good,,2026-06-22T12:52:23+00:00
ff1c57fb-fd08-4309-badf-524abbf392dd,200,1,1,530,Weebly,"Original Art, Handmade Jewelry, Vintage Glassware, Home Decor & More | Jam Jar Goods",good,,2026-06-22T12:52:23+00:00
1600ea32-d421-49f8-a664-d60ea52c70ff,200,1,1,246,Squarespace,Maison Fiori,good,,2026-06-22T12:52:23+00:00
2f172382-74da-4f50-a71d-efd58ddd9892,200,1,1,747,Shopify,Crystal Energy Magic &ndash; Inner Light Crystals LLC,good,,2026-06-22T12:52:23+00:00
bafb3c8f-66fa-4d66-a503-66f0d4d7552a,200,0,0,301,,"Marisa's Fantasia | Christmas Fantasia | fine gift and holiday decor shops in Petaluma, California",weak,,2026-06-22T12:52:23+00:00
061dcdb3-49ef-4eaf-ab26-755dc5c73c11,200,1,1,2298,,Perez Personal Training | Personal Trainer in Santa Rosa,good,,2026-06-22T12:52:23+00:00
0b94ca20-03ba-4227-b7f5-8f3d5efe27ca,200,1,1,2287,WordPress,Success in Hand &#8211; Tap in to Your Potential,good,,2026-06-22T12:52:23+00:00
27193f8d-aa71-4a28-8c2e-6c3edd673e5e,200,1,1,550,GoDaddy,"Crystals and Spiritual Gifts in Novato and Marin - Novato, California",good,,2026-06-22T12:52:23+00:00
8d7bc2ed-a56c-4820-8b8c-1e4212407ee6,200,1,1,526,GoDaddy,"Muddandgold - Haircuts, Shopping, Gifts",good,,2026-06-22T12:52:23+00:00
324cec7f-815e-45f5-a415-7aa1bbb8ebe7,200,0,0,215,,,weak,,2026-06-22T12:52:23+00:00
8f1bba38-0246-40c9-b1d3-4904c0efbd55,200,1,1,859,Weebly,Well-curated gift store in Healdsburg California wine country. | Lucky Heron,good,,2026-06-22T12:52:23+00:00
9c5bdcbe-8c1f-4e28-9de4-1069b89b6812,200,1,1,469,Squarespace,Petaluma floral,good,,2026-06-22T12:52:24+00:00
f1ed3523-3ce8-4faf-aee4-ce57c34baa55,200,1,1,417,Squarespace,PoppyStone Floral Design - Wedding Florist in Napa California,good,,2026-06-22T12:52:24+00:00
fcf7ca33-dba3-4f9f-a345-2769c3b5c074,200,1,1,909,Weebly,Home | Marmalade Sky Floral Design,good,,2026-06-22T12:52:24+00:00
c2739149-214c-45de-a4b8-ff3906d3e6d1,200,0,1,276,,Coming Soon,weak,,2026-06-22T12:52:24+00:00
24d5558c-2cb1-485a-9af7-bc7a97b4e0c7,200,1,1,820,Shopify,"Papillon Floral - Santa Rosa, CA",good,,2026-06-22T12:52:24+00:00
cda49852-8f8f-4448-9592-e5e4ea7238dc,404,1,1,321,Shopify,Store unavailable,broken,,2026-06-22T12:52:24+00:00
a327f372-dc2b-4839-b2a6-b6bc44ecae2b,200,1,1,289,GoDaddy,St. Helena Florist,good,,2026-06-22T12:52:24+00:00
93cf537a-7fc0-458b-848a-d21614e40cb5,200,1,1,546,Wix,"SoCo In Bloom | Flowers for all occasions | 150 Professional Center Drive, Suite B Rohnert Park, CA, USA",good,,2026-06-22T12:52:24+00:00
c2887050-3966-4a0d-91a9-7244fe38b17a,403,0,1,275,,403 - Forbidden,broken,,2026-06-22T12:52:24+00:00
f5411560-ad32-4fc0-b910-0cad9248135c,200,1,1,270,Squarespace,The Store Next Door,good,,2026-06-22T12:52:24+00:00
827a122a-5abe-4dc2-8071-c76f99e9bd2d,200,1,1,963,Weebly,Online Store | Positively Fourth Street Store,good,,2026-06-22T12:52:24+00:00
678e6e92-2f5b-481e-b35a-bf6bce19fbd0,200,1,1,886,Weebly,Shop Redwood Witchery | Redwood Witchery & Muddy River Conjure,good,,2026-06-22T12:52:24+00:00
5d2f3be9-0c85-4da7-b941-671f9c8a40c0,404,1,0,434,Shopify,This store is unavailable,broken,,2026-06-22T12:52:24+00:00
0f0a07ee-1c0b-4a01-bc3d-c19d1cba355b,0,0,0,107,,,broken,connection failed,2026-06-22T12:52:24+00:00
d0142390-e401-4384-b5c0-9e0c02cb772d,200,0,1,270,,Nexcess,weak,,2026-06-22T12:52:24+00:00
550d6bc8-954d-4f50-b983-8cca1b24d907,200,1,1,638,Shopify,Tides Wharf Gift Shop Bodega Bay California &ndash; Tides Gift Shop,good,,2026-06-22T12:52:25+00:00
3416ad59-8823-431d-bdee-c17e54d80463,200,1,1,985,,Sweet Pea Gift Shoppe,good,,2026-06-22T12:52:25+00:00
0fd7ae03-a89e-4709-9579-d51a9964f72f,200,0,1,1839,WordPress,"Palmgren&#039;s Engravables &amp; The Petaluma Store | One historic building, two great stores!",weak,,2026-06-22T12:52:25+00:00
4d5ae292-0b65-4243-b518-a69413e93de0,200,1,1,525,WordPress,Efficiency Delivery - A Better Way to Ship,good,,2026-06-22T12:52:25+00:00
6220a564-6e15-46c9-a948-ce3d93f92c64,200,1,1,687,GoDaddy,Marin-Sonoma Produce,good,,2026-06-22T12:52:25+00:00
5109554a-0980-464e-84ec-9b25d872e064,200,1,1,362,WordPress,Lucha Sabina,good,,2026-06-22T12:52:25+00:00
78f03d20-bae1-49cf-b625-6ee726eb7faf,200,1,1,85,,SANTE - Restaurant in Sonoma,good,,2026-06-22T12:52:25+00:00
a8fb25f1-955a-4d08-9ba8-f93c99e7c363,200,0,0,289,,,weak,,2026-06-22T12:52:25+00:00
4b119c79-e7ed-4dd9-8606-a8d0fed9ee88,0,0,0,103,,,broken,connection failed,2026-06-22T12:52:25+00:00
33d941c2-52c2-412c-b502-6783c3b97b24,200,1,1,141,Webflow,"Bonniesewgood, Furniture Cover, 15650 River Rd",good,,2026-06-22T12:52:25+00:00
575f1148-b1b1-44d4-a537-d5a98ce1699a,404,1,1,446,,OpenTable,broken,,2026-06-22T12:52:25+00:00
35b83b0a-3c3a-4b5d-9864-599cbe719ac8,200,1,1,1147,Weebly,Home | My Site,good,,2026-06-22T12:52:26+00:00
0300690b-80f5-4b6b-a797-059fb1a22eac,200,1,1,1839,,"Rohnert Park Florist: Sweet Bokays Flower Shop | Local Flower Delivery Rohnert Park, CA, 94928",good,,2026-06-22T12:52:26+00:00
fdc13971-5f0e-487f-8a3d-a2a610c467fa,0,0,0,40,,,broken,connection failed,2026-06-22T12:52:26+00:00
5909f98f-b0f1-44cf-90e8-4f5eed6c18bd,200,0,0,457,,Coordinated Projects - Office Furniture Services,weak,,2026-06-22T12:52:26+00:00
01134483-0fd2-4fdc-9c8f-c10217555124,200,1,1,635,Shopify,Cetohome,good,,2026-06-22T12:52:26+00:00
85c3faaa-3a80-41aa-aa62-07fad6d3dd66,200,1,1,431,Weebly,Dovetail Handmade Furniture and Art | Dovetail Collection,good,,2026-06-22T12:52:26+00:00
c5c89586-766b-4a2f-abc2-0ef3ead62d0a,404,1,0,358,Shopify,This store is unavailable,broken,,2026-06-22T12:52:26+00:00
d73bf6be-44db-4440-92c8-940535aee83a,200,1,1,1455,WordPress,Le blog 100% gourmandise de cuisine et de recettes variées,good,,2026-06-22T12:52:26+00:00
f812bc75-2502-46c8-bab8-12b349719b33,200,1,1,197,GoDaddy,"M4 Specialties - Live Edge Furniture, Picnic Tables",good,,2026-06-22T12:52:26+00:00
6af7f0f3-a4ad-490c-9246-58b6c581c9bb,200,1,1,736,Wix,Home | core audio design Specialty Furniture for the Audiophile,good,,2026-06-22T12:52:26+00:00
fe3f4448-bcb3-4fd3-9a44-34bfdc4e9dc8,200,0,0,184,,,weak,,2026-06-22T12:52:26+00:00
aa32eac4-d319-45d0-abff-a80cb4cb1282,200,1,1,2181,,Redwood Empire Food Bank,good,,2026-06-22T12:52:26+00:00
fccb9ad9-c377-4379-9b6a-c1d669b2403a,0,0,0,54,,,broken,connection failed,2026-06-22T12:52:26+00:00
06c12837-0ddf-44a3-8b28-5da70a691c2f,0,0,0,272,,,broken,"ssl: HTTPSConnectionPool(host='reocart.com', port=443): Max retries exceeded with url: / (Caused by SSLEr",2026-06-22T12:52:27+00:00
5ccbe481-4a52-4fe3-93ec-103e894a7d1a,200,1,1,2235,WordPress,"Meal Prep Services Santa Rosa, California | Sonoma Fit Meals",good,,2026-06-22T12:52:27+00:00
c3eeb98c-f1d6-46ab-a62c-cf5ba5e2a91c,200,1,1,1512,WordPress,Home - Commercial Decor Group,good,,2026-06-22T12:52:27+00:00
a4fecf34-a833-48e0-9a19-d570836cebea,200,1,1,922,Shopify,Hero California,good,,2026-06-22T12:52:27+00:00
4171f199-01c9-468e-ae39-73b8ccaa6abb,403,1,1,74,,Just a moment...,broken,,2026-06-22T12:52:27+00:00
ba60a84a-a9bf-4158-a4be-1e81814f496e,200,1,1,719,WordPress,Custom Wallbeds San Francisco Bay | Hand Crafted Wallbeds CA,good,,2026-06-22T12:52:27+00:00
7fa5048a-4668-4af5-91e5-0e3fd6eccfdc,200,1,1,422,WordPress,Corner Project &#x2d; Ales &amp; Eats,good,,2026-06-22T12:52:27+00:00
3430dc52-10d2-4eb3-aaec-094293dc29e1,200,0,0,268,,,weak,,2026-06-22T12:52:27+00:00
0eb60639-4995-4a1c-9f26-e943174d6c28,200,1,1,215,WordPress,"Dentist in Calistoga, CA | Calistoga Dental Group",good,,2026-06-22T12:52:27+00:00
ebfe8b7a-e11e-45c6-b46b-042f993ffff9,0,0,0,67,,,broken,connection failed,2026-06-22T12:52:27+00:00
44da0f59-c816-49ad-b4f4-ca856372c603,200,1,1,625,WordPress,Home - Tu Casa Furniture,good,,2026-06-22T12:52:27+00:00
be7aef66-d87b-411d-b5a7-aa4f62e6e87d,200,1,1,82,,Designer Smiles Santa Rosa,good,,2026-06-22T12:52:27+00:00
d4d7bbb5-3253-47e8-b670-58daf7db5dbc,200,0,0,149,,,weak,,2026-06-22T12:52:27+00:00
89ce9d05-2e91-459d-ba0a-80ab8b87a4b6,200,0,1,853,WordPress,beyondglory,weak,,2026-06-22T12:52:27+00:00
84c7c57c-bbc2-4e6a-bfad-290d192d32de,200,1,1,1191,Shopify,Organic Erotic,good,,2026-06-22T12:52:27+00:00
01dd2927-7c73-4490-beb7-7ee806c95556,200,0,1,348,GoDaddy,Emergency Dental Service | Professional & Fast | Call (888) 643-0461,weak,,2026-06-22T12:52:27+00:00
4828b10b-4268-480d-8ef5-930532d050a3,0,0,0,108,,,broken,connection failed,2026-06-22T12:52:27+00:00
12c360de-f10c-4247-a198-652601701e95,200,1,1,575,GoDaddy,Hygienease Dental,good,,2026-06-22T12:52:28+00:00
02c0949b-13c8-468b-bf4c-1e06bae02b11,200,1,1,322,WordPress,"Dentist in Santa Rosa, CA | Local Dentist Northbay Dental Care",good,,2026-06-22T12:52:28+00:00
a7af12a3-e1b6-432f-9db4-e83588ded1ca,200,0,1,1331,Wix,"WINE COUNTRY DECOR | custom furniture | 6001 Sonoma Highway, Santa Rosa, CA, USA",weak,,2026-06-22T12:52:28+00:00
3f8cf57f-1988-4d75-81ce-9cd4e25b72f7,0,0,0,43,,,broken,connection failed,2026-06-22T12:52:28+00:00
740937e0-d9f2-4092-be59-844d1935d18e,200,1,1,820,WordPress,"Dentist in Santa Rosa, CA | Local Dentist Kenneth J Bauer DDS &amp; Daniel K Bauer DMD - Kenneth J Bauer DDS, A Professional Corporation",good,,2026-06-22T12:52:28+00:00
dc93db85-a4e7-4f1f-9952-f5f9236b30c6,200,1,1,718,,"Novato, CA Dentist | Myron Donesky, DDS., Inc. | General Dentistry in Novato",good,,2026-06-22T12:52:28+00:00
a581d740-d19d-489f-b893-cb716396d74d,200,1,1,162,WordPress,Sebastopol Dental Care | Dentist Serving Santa Rosa &amp; Surrounding Areas,good,,2026-06-22T12:52:28+00:00
6b90c6cc-11b2-4a9f-81d2-ea61da34d450,200,1,1,1630,WordPress,"Pub Republic - Local, Organic, Fresh",good,,2026-06-22T12:52:28+00:00
7e4edeb3-3456-4216-ba57-c372128ecaec,200,1,1,211,WordPress,Home - Sonoma County Family Dental,good,,2026-06-22T12:52:28+00:00
47ff9bd1-4e59-495d-b457-26a15f7b6597,200,1,1,864,WordPress,"Priceless Dental Group &#8211; Santa Rosa, CA &#8211; (707) 978-2296",good,,2026-06-22T12:52:29+00:00
9802eee3-e7b0-4e50-93d4-d523ba348e7c,200,1,1,1503,WordPress,Neal Patel Dental &#8211; Professional Dental Services,good,,2026-06-22T12:52:29+00:00
713588ab-c791-48e5-b56e-e8427743215a,0,0,0,133,,,broken,connection failed,2026-06-22T12:52:29+00:00
f787c8d9-9f39-4671-ac8b-de3a5e00293c,403,1,0,66,,etsy.com,broken,,2026-06-22T12:52:29+00:00
7eee4c8a-7825-4985-9f34-6a951d8dcf74,200,1,1,1647,Wix,Petaluma Dentist | Permalla Dental Care | Green Dentist | cosmetic dentist | 855 Lakeville St Ste 101 Petaluma California 94952,good,,2026-06-22T12:52:29+00:00
0582a111-7b6b-4294-ae99-83b19302ec0c,200,1,1,2239,WordPress,"Dentist in Rohnert Park, CA | Graton Dental Group",good,,2026-06-22T12:52:29+00:00
88c1a468-bc07-49e1-bad1-59b157402c58,200,1,1,692,Shopify,"Rare Coin Dealer, Jewelry Buyers &amp; Appraisals | Marin County, CA &ndash; Alex &amp; Son Coins",good,,2026-06-22T12:52:29+00:00
a7470cd4-d107-4336-9078-c7674da8191f,200,1,1,1105,,Crafting Beautiful Smiles in Sonoma | Sonoma Springs Dental,good,,2026-06-22T12:52:29+00:00
e9764db0-42d4-4199-9333-17525c62501e,0,0,0,48,,,broken,connection failed,2026-06-22T12:52:29+00:00
0f53a44c-a3d1-4fab-b1e6-43bab3a8c4b4,200,1,1,211,,"Rare Coins, Paper Money, Bullion &amp; Watches | Rinkor Rare Coins",good,,2026-06-22T12:52:30+00:00
289398dd-95b4-4f2c-aa38-3753fd9bd212,0,0,0,106,,,broken,connection failed,2026-06-22T12:52:30+00:00
f0aa98fa-4469-417c-b9b1-5db723c477cc,200,1,1,308,Squarespace,Baseline,good,,2026-06-22T12:52:30+00:00
29bfb313-55b1-4597-a5cc-8c4baddb5eba,200,1,1,1631,WordPress,"Smile Country Dental — Dentist Napa, Dentist Santa Rosa",good,,2026-06-22T12:52:30+00:00
47580d85-58a5-4ed3-a567-f08ef3fac2ee,200,1,1,667,,Instagram,good,,2026-06-22T12:52:30+00:00
255d7543-68b2-4954-8ae1-b9a1cd1c9538,0,0,0,61,,,broken,connection failed,2026-06-22T12:52:30+00:00
4a7e8811-1de6-45df-99e3-f3a8a9286542,0,0,0,108,,,broken,connection failed,2026-06-22T12:52:30+00:00
264f8632-e4b7-4033-a93d-7eebe8d305a2,200,1,1,338,Squarespace,"Collective Barre | Join, Learn, Transform | Novato, California",good,,2026-06-22T12:52:30+00:00
e6480a63-09ca-44b8-bc99-a80e9a288aac,200,1,1,403,Weebly,Chalk It Up Strength - Chalk It Up Strength,good,,2026-06-22T12:52:30+00:00
f55c583f-210d-407c-b77f-14f7928d3480,0,0,0,113,,,broken,connection failed,2026-06-22T12:52:30+00:00
3c9f8ea6-f32a-462c-9ed5-9cb16ae2d304,0,0,0,38,,,broken,connection failed,2026-06-22T12:52:30+00:00
91e1c02b-6582-47d3-94cb-4e7319211172,403,0,1,153,,Just a moment...,broken,,2026-06-22T12:52:30+00:00
39a4dede-d1ab-49b7-a2d5-c91366ee3085,200,1,1,378,Wix,"CrossFit in Windsor, Healdsburg, Santa Rosa | CrossFit Outpace",good,,2026-06-22T12:52:30+00:00
6f042f95-6ede-4df2-975c-2ea471a319e3,200,1,1,510,Shopify,Danny Valencia Fitness,good,,2026-06-22T12:52:31+00:00
6c9b76bf-3d4d-4f6d-a663-af8011d73d06,200,1,1,1261,WordPress,Home - Hunter Lane Equestrian Center,good,,2026-06-22T12:52:31+00:00
deb327ce-397f-4c18-88dc-5505e1838152,200,1,1,420,Squarespace,FitNV,good,,2026-06-22T12:52:31+00:00
8fea2b06-398f-43f2-ac30-0966c270d6b6,0,0,0,9,,,broken,connection failed,2026-06-22T12:52:31+00:00
7644c48d-c13f-4e94-87b1-2b48f0b21d24,0,0,0,110,,,broken,connection failed,2026-06-22T12:52:31+00:00
456b3164-e6db-453c-92d5-cda752b44c67,200,1,1,55,,NASM: Trusted by 1.9M+ Pros | #1 Accredited Fitness Certification,good,,2026-06-22T12:52:31+00:00
bd943eba-7793-471d-9579-4b5a15c43071,200,1,1,380,Squarespace,Fit Home,good,,2026-06-22T12:52:31+00:00
3f922511-f39f-4fdf-8a2e-ac65adb659d3,200,1,0,13605,GoDaddy,Home,weak,,2026-06-22T12:52:31+00:00
7eb26d79-84f9-496c-9625-b3824cb1c378,200,1,1,1014,WordPress,"Youthful Hearts &#8211; Body, Mind, Spirit Fitness Classes For Boomers 50+ and Seniors",good,,2026-06-22T12:52:32+00:00
1ea803cd-466f-4d33-9a96-9aad27dd2c3e,200,1,0,404,,Langermann Health Club,weak,,2026-06-22T12:52:32+00:00
28dbe057-9667-41cf-80dd-61e4504ba354,200,1,1,3436,WordPress,Dentist in Novato | Cosmetic &amp; Family Dentist | Modern Dentistry by Dr. Rafii,good,,2026-06-22T12:52:32+00:00
2bbff0aa-32c2-4989-befe-eee08285e9e8,0,0,0,43,,,broken,connection failed,2026-06-22T12:52:32+00:00
6490c21a-24f4-4698-bcbe-127b00f17d93,200,1,1,310,Wix,Home | Live Well Pilates,good,,2026-06-22T12:52:32+00:00
f999a003-5734-42b2-90b2-ef74639c6824,200,1,1,1745,WordPress,Fierce Cheer Elite &#8211; Fierce Cheer Elite,good,,2026-06-22T12:52:32+00:00
1aa5bc31-ca8a-45cf-9478-6147cd0b2bcb,404,1,0,307,Squarespace,Squarespace - Website Expired,broken,,2026-06-22T12:52:32+00:00
dd7c7559-5778-4ceb-8d3f-b1169d8ac105,200,1,1,411,Wix,HOME | Luma Fitness,good,,2026-06-22T12:52:32+00:00
3c94dcf1-aced-442c-aa7b-7a4bf80a9354,200,1,1,9672,GoDaddy,HOME,weak,,2026-06-22T12:52:32+00:00
456874f6-b631-4379-ab57-5c0cad069bc4,200,1,1,286,,Motion Fitness Healdsburg,good,,2026-06-22T12:52:32+00:00
cab763c4-62d6-4a10-b8c8-397773df0308,200,1,1,213,WordPress,Group Strength Sessions &#8211; Old School Strength,good,,2026-06-22T12:52:32+00:00
dec54522-ef4e-4feb-80bd-7fcde8d14b51,200,1,1,307,Wix,Fitness Classes | Petaluma | North Bay Strength &amp; Conditioning,good,,2026-06-22T12:52:32+00:00
eaa6b51f-714f-4f4b-bad2-91ad52c9a338,200,1,1,336,Squarespace,Resilient Body Gym Santa Rosa,good,,2026-06-22T12:52:33+00:00
69a8ed88-37f5-4a67-a508-a63107e58794,404,1,0,207,,Not Found,broken,,2026-06-22T12:52:33+00:00
8bbb0fc3-d49a-4792-8aa4-91fa6e590ed9,0,0,0,442,,,broken,connection failed,2026-06-22T12:52:33+00:00
9139c3df-f059-4960-bc7c-f0a52e902856,200,1,1,260,Wix,Santa Rosa Strength | World's Best Workout,good,,2026-06-22T12:52:33+00:00
d47e3282-90cd-4441-9f6e-a331a0e4c783,200,1,1,394,Squarespace,SoCo Aerial Collective,good,,2026-06-22T12:52:33+00:00
ac1532f3-e2ca-4c03-a8c7-0dd2ce484e6e,0,0,0,253,,,broken,connection failed,2026-06-22T12:52:33+00:00
fde0ebbf-84b2-4173-8ee0-5a4bd2e58f69,200,1,1,685,Wix,Santa Rosa Strength | World's Best Workout,good,,2026-06-22T12:52:33+00:00
301878ea-93d6-4013-8fef-a02e85a99177,200,1,1,2424,,FMP Fitness - Elite Personal Training,good,,2026-06-22T12:52:33+00:00
ffaa1d40-37a2-46d2-879f-a8d432378801,0,0,0,441,,,broken,connection failed,2026-06-22T12:52:33+00:00
eb333c00-cf92-4a8d-b78d-adcab59fb90c,200,1,1,439,WordPress,Sonoma Zumba | Sonoma Zumba,good,,2026-06-22T12:52:33+00:00
25c6e3b1-0947-4e29-9a09-39a56972d0a0,0,0,0,116,,,broken,connection failed,2026-06-22T12:52:34+00:00
0567af91-5318-4618-a6af-10b9c6b7abd9,200,1,1,628,Webflow,Sonoma Training | Group + Personal Training Gym in Sonoma,good,,2026-06-22T12:52:34+00:00
6b1bc3a7-275b-4bbc-8325-e35b9bcc1f06,200,1,1,1011,WordPress,"somofit &#8211; Premium classes, expert coaching, full-body recovery — everything you need under one roof",good,,2026-06-22T12:52:34+00:00
25b233ae-e53a-461f-830e-5ac68482caca,0,0,0,4207,,,broken,connection failed,2026-06-22T12:52:34+00:00
28c6953b-f0bc-4be3-a707-82f50c8f7ea7,200,1,1,556,,The largest selection of fitness classes and studios near you - Mindbody,good,,2026-06-22T12:52:34+00:00
c16db0e8-ab1c-4262-bb7f-a20139f478fa,403,1,1,141,,Just a moment...,broken,,2026-06-22T12:52:34+00:00
7688da92-230a-434f-a9f5-de49473f2538,200,1,1,231,Squarespace,"Fitness Class Schedule | The Studio, Healdsburg CA &mdash; The Studio Healdsburg",good,,2026-06-22T12:52:34+00:00
165c73ef-f565-491a-be49-6aaef34971ea,200,1,1,229,,YMCA of the USA - A Leading Nonprofit Organization,good,,2026-06-22T12:52:34+00:00
9ce014cc-17d5-4936-994c-220feef084a1,200,1,1,372,Squarespace,Lash Loft,good,,2026-06-22T12:52:34+00:00
7c1e6866-2fe7-4abe-ad95-db1aae901887,0,0,0,52,,,broken,connection failed,2026-06-22T12:52:34+00:00
07788da3-75bd-4829-8e6a-ff80f8fe5565,0,0,0,1350,,,broken,"ssl: HTTPSConnectionPool(host='www.sweatmood.net', port=443): Max retries exceeded with url: / (Caused by",2026-06-22T12:52:34+00:00
495bef26-daad-4227-9a5b-11640dddc729,0,0,0,31,,,broken,connection failed,2026-06-22T12:52:34+00:00
8ee35a5d-1d83-46fa-8cd8-89459bdfb0e3,200,1,1,289,Squarespace,ADORE HAIRDRESSING | Book Your Curl Consultation Today,good,,2026-06-22T12:52:34+00:00
7aa931fe-dae0-4e64-aab1-a96a71361284,200,1,1,1089,Shopify,Everything Hand Tied,good,,2026-06-22T12:52:35+00:00
9d0e6169-5b66-4eab-91f5-ef7bb4ca2148,200,1,1,397,WordPress,Go Local Mendonoma Coast - Supporting Local businesses on the Sonoma Mendocino Coast,good,,2026-06-22T12:52:35+00:00
c25f69d5-48c1-48ef-bfae-a040cf0a2d33,200,1,1,461,Wix,Aura Curl Studio | Curly Haircuts &amp; Color in Santa Rosa,good,,2026-06-22T12:52:35+00:00
df09e939-dd66-49e8-b580-32505407704e,0,0,0,108,,,broken,connection failed,2026-06-22T12:52:35+00:00
cdadecf3-13c3-4f75-806a-477a1ab5bfd0,0,0,0,39,,,broken,connection failed,2026-06-22T12:52:35+00:00
e20963fb-5766-4921-be67-26f3f3672e61,0,0,0,10014,,,broken,connection failed,2026-06-22T12:52:35+00:00
5ce14a61-ea6a-42a5-b075-367669d1e9db,200,1,1,2018,Wix,Home | My Site,good,,2026-06-22T12:52:35+00:00
bb15e638-19fd-4bbb-a786-265c2fecaa59,200,1,1,1607,,Fitness to Feel Good — Torres Fitness,good,,2026-06-22T12:52:35+00:00
b988f79b-2fd1-4ef7-ad64-36bc3cd659fd,200,1,1,344,Squarespace,Beauty House Salon Suites,good,,2026-06-22T12:52:35+00:00
659acb6c-1564-4a73-b426-bab38e00f6b5,200,1,1,340,Squarespace,"Windsor Beauty Salon – Expert Hair &amp; Beauty Services in Windsor, CA",good,,2026-06-22T12:52:35+00:00
352eaa42-316f-4297-b56b-dc5bb1c24c69,0,0,0,189,,,broken,connection failed,2026-06-22T12:52:35+00:00
a1811fb8-206a-48c4-bf1f-04e03b25db54,404,1,0,357,,404 - Page Not Found,broken,,2026-06-22T12:52:35+00:00
c0725766-408b-44d8-8862-da889a891210,200,1,1,542,,CLASSICBEAUTY.COM - For Sale,good,,2026-06-22T12:52:36+00:00
580fedc3-e943-4798-b1d4-aa517d6ac433,200,1,1,429,Wix,Crown Hair Salon | Creating Beautiful Hairstyles in Petaluma CA,good,,2026-06-22T12:52:36+00:00
cdf40802-a5f3-4f95-a12b-4b8a65bd4fac,200,1,1,409,WordPress,"Curlture Salon: the Best Curly Hair Salon in Santa Rosa, CA",good,,2026-06-22T12:52:36+00:00
266290fc-eb42-43c9-9d28-41604092e5d0,200,1,1,336,GoDaddy,Driftwood Salon,good,,2026-06-22T12:52:36+00:00
6c0ed38b-0174-41ac-8577-3c837c142342,200,1,1,271,Squarespace,estela salon – sonoma,good,,2026-06-22T12:52:36+00:00
3dee1277-5d32-4fc3-86f3-5a0287c6b576,200,1,1,2083,WordPress,Progression Gymnastics,good,,2026-06-22T12:52:36+00:00
fbe33793-d4bf-4d80-b94e-428a7c7a92a6,200,1,1,193,GoDaddy,Home - High Society Salon &amp; Boutique,good,,2026-06-22T12:52:36+00:00
c36b1426-a42c-4dc2-820e-2d5058c25b72,200,1,1,161,Squarespace,hue.,good,,2026-06-22T12:52:36+00:00
da91aa19-0491-49a0-919f-71a70c16d0cf,0,0,0,108,,,broken,connection failed,2026-06-22T12:52:36+00:00
a8101c55-b19a-4c16-a029-8ea24ca22ea4,200,1,1,2217,,Wildflower - Cotati CA | Vagaro,good,,2026-06-22T12:52:36+00:00
8a3e0301-2530-4ef7-99d3-6050fe594141,0,0,0,37,,,broken,connection failed,2026-06-22T12:52:36+00:00
db54bc38-9034-4dd5-803d-1ec21b080ca5,200,1,1,578,Weebly,,good,,2026-06-22T12:52:36+00:00
b19ae8e4-907f-49bb-bece-ceaf41896934,200,1,1,518,Squarespace,Honey Salon,good,,2026-06-22T12:52:36+00:00
d144c578-a9c7-4e08-be06-9eedc7812b87,200,1,1,215,Squarespace,Kinfolk Hair,good,,2026-06-22T12:52:36+00:00
562205b7-6c56-412f-b445-d5c34ef0e955,200,1,1,360,Squarespace,Joon Hair,good,,2026-06-22T12:52:36+00:00
b46695dd-e1a2-49d2-9f96-42a92c7b980a,200,1,1,475,Webflow,"All-In-One Salon, Spa &amp; Medspa Software | GlossGenius",good,,2026-06-22T12:52:36+00:00
ec443510-404f-437f-9e82-09ac3937c65c,200,1,1,953,,Pest Control Companies Knoxville TN | Otis Pest Control,good,,2026-06-22T12:52:37+00:00
fd24c7b8-e93f-4352-b3ee-9f40ec7e372c,200,1,1,294,Squarespace,Lighten Up Hair Studio,good,,2026-06-22T12:52:37+00:00
6b35bf9f-f916-4387-b6bf-dd72d52b1fe6,0,0,0,15067,,,broken,connection failed,2026-06-22T12:52:37+00:00
4ae5b052-e949-454e-984a-1a7a2f46fd75,200,0,1,1141,WordPress,Shop - Hair By Monica,weak,,2026-06-22T12:52:37+00:00
206840fc-59e2-4be0-b18f-968824bb8027,200,1,1,1096,Wix,Hulu Salon,good,,2026-06-22T12:52:37+00:00
cf440e89-43c5-4f8e-a726-b7abe2813854,200,1,1,253,Squarespace,Be Beautiful,good,,2026-06-22T12:52:37+00:00
32be2c4b-f532-4ec7-95b4-1dc410bd2514,200,1,1,329,Squarespace,"Mission the Salon | Petaluma, CA",good,,2026-06-22T12:52:37+00:00
44070518-b1d4-47e6-90cf-c4fd12a428c8,0,0,0,38,,,broken,connection failed,2026-06-22T12:52:37+00:00
4460cfee-a4b7-44d7-897d-7bc3e3eb04ce,200,0,0,399,,,weak,,2026-06-22T12:52:37+00:00
5cf37872-d5c8-4b66-9e92-2254df4af5d9,404,1,1,616,,Vagaro | Page not found,broken,,2026-06-22T12:52:37+00:00
5063a924-7a57-455b-aca2-fac804044b0a,200,1,1,176,Squarespace,MOXIE &amp; CO,good,,2026-06-22T12:52:37+00:00
41094573-21f0-4723-9152-b905d201b4f7,200,1,1,291,,New Moon Hair Studio - Book Your Appointment,good,,2026-06-22T12:52:37+00:00
dec22a21-442b-4bd3-91a0-3f75c8eb3e60,200,1,1,844,,California Board of Barbering and Cosmetology,good,,2026-06-22T12:52:37+00:00
bce503b3-ef63-45c6-b574-558090c2b5ea,200,1,1,1195,,KOI Salon : Online Store,good,,2026-06-22T12:52:37+00:00
8415653d-3ec8-4ca7-b633-4fdc9e66ad7d,200,1,1,241,Wix,Hair Color | Oak and Ivy Hair Salon | United States,good,,2026-06-22T12:52:37+00:00
92a48620-0b48-4c5e-ab91-c40de5abc08a,200,0,1,249,Squarespace,Ava Lane Hairdressing,weak,,2026-06-22T12:52:38+00:00
1cf9934f-fc5c-4646-92b1-bf655a0c55ed,200,1,1,721,Wix,Home | Montage Hair Design,good,,2026-06-22T12:52:38+00:00
9f2d2d57-67f3-480e-8800-b44c907f2964,200,1,1,2282,Wix,Home | East,good,,2026-06-22T12:52:38+00:00
597b91db-60ad-4d31-b691-a1a9affdd80f,200,1,1,383,,Hair Salon | Colleen Wagner - Restoration Hair Salon,good,,2026-06-22T12:52:38+00:00
f5510a9f-f4aa-49b5-b5ce-d50d04436ffd,200,1,1,188,Squarespace,ROGELIO PARRA,good,,2026-06-22T12:52:38+00:00
eb956677-2495-40ef-b00f-36f37432050b,0,0,0,102,,,broken,connection failed,2026-06-22T12:52:38+00:00
ce76bd00-4a24-4d97-8fd4-ce87fe575d6b,404,1,1,643,,Vagaro | Page not found,broken,,2026-06-22T12:52:38+00:00
66b4f6ac-4942-4475-9a77-780c5f6888c4,200,1,1,934,Weebly,Home | Nova boutique salon and spa,good,,2026-06-22T12:52:38+00:00
5c3734af-b078-4641-86fa-d32de675a810,200,1,1,1737,Wix,Home | LionsTigersAndHair,good,,2026-06-22T12:52:38+00:00
eb72c6f8-1849-45c3-a79d-ea0e6d159138,200,1,1,819,,California Board of Barbering and Cosmetology,good,,2026-06-22T12:52:38+00:00
1fb248ee-d786-43f2-8b49-176393bce345,200,1,1,140,Webflow,"Solo Hair Design, Beauty Salon, 620 Petaluma Blvd N Ste H",good,,2026-06-22T12:52:38+00:00
6487db15-63f0-42b8-aee8-c35b279a584b,0,0,0,110,,,broken,connection failed,2026-06-22T12:52:38+00:00
85a6de73-7e5f-417c-8cef-0d37a8a466e8,200,1,1,410,Squarespace,Salon Marcel,good,,2026-06-22T12:52:38+00:00
760f0267-7f8f-4d8c-ac1f-ec15eafad352,200,1,1,788,,California Board of Barbering and Cosmetology,good,,2026-06-22T12:52:38+00:00
934f459b-1a65-400d-934d-dd1cdccdb386,200,1,1,593,Squarespace,LORI CORZO | Sacred Beauty + Soulful Care,good,,2026-06-22T12:52:39+00:00
016e1fba-9b39-4841-8cc8-b73c4d0924ce,200,1,1,297,Webflow,"All-In-One Salon, Spa &amp; Medspa Software | GlossGenius",good,,2026-06-22T12:52:39+00:00
49e39a67-556a-4530-96b3-390e9362e4a6,200,1,1,325,Squarespace,The Pine,good,,2026-06-22T12:52:39+00:00
0ab9b854-730b-4ebc-90d3-d1cea9d1fd0c,404,0,0,116,,Error 404 (Not Found)!!1,broken,,2026-06-22T12:52:39+00:00
801689a5-af42-468a-a0b7-2e5cc466927e,200,1,1,551,,Studio 132: Recording Studio in Oakland,good,,2026-06-22T12:52:39+00:00
368ca258-dc3d-4550-acd5-7f0a36ee637c,200,0,1,642,WordPress,Studio 861 | Full-Service Salon | Novato,weak,,2026-06-22T12:52:39+00:00
a0058df6-8af8-4955-aeb8-958f068c2727,200,1,1,246,,Webs.com has been shut down: Find out more,good,,2026-06-22T12:52:39+00:00
3dd78250-dd9e-46da-ae20-b28d7d8a3da1,200,1,1,498,,The Sacred Hive Salon,good,,2026-06-22T12:52:39+00:00
909aaf76-da5d-4b9b-a5a9-93cd1322c2ee,200,1,1,588,Squarespace,Two Women Doing Hair,good,,2026-06-22T12:52:39+00:00
a9b9f1af-4991-4c3b-a12e-6e44e8c2902f,200,1,1,193,WordPress,Home | Hawaiian Grill BBQ,good,,2026-06-22T12:52:39+00:00
63e055aa-5ccc-4ade-adda-5dfda24bca3d,200,1,1,1540,Wix,SUGAR Petaluma | the sweetest hari around | SF North Bay Haircolor Styling and Extensions | Sugar Salon,good,,2026-06-22T12:52:39+00:00
a4c383ba-934f-42c7-b20a-16c761292ad2,200,1,1,429,Wix,"Handyman Services in Petaluma, CA | GottaGuy Services",good,,2026-06-22T12:52:40+00:00
eddf2d1c-3831-41a6-b0a3-a2150a9db860,200,1,1,1948,Wix,"Rock Paper Scissors Salon I Cuts, Color, Best Bridal Hair Sonoma Napa",good,,2026-06-22T12:52:40+00:00
63870eca-9b5d-41d8-972e-67059e8b0a4b,200,1,1,9928,GoDaddy,Core Community Fitness,weak,,2026-06-22T12:52:40+00:00
e429438e-f506-4c3f-bbf7-e3d0a4d77d13,200,1,1,388,Wix,Home | Make the Best Salads,good,,2026-06-22T12:52:40+00:00
fdce4679-b731-493b-a541-c9020e94d975,200,1,1,906,GoDaddy,Sonoma Beauty Supplies &amp; Salon,good,,2026-06-22T12:52:40+00:00
01331e4c-3e32-499f-82f0-6cf98c2da173,403,1,0,247,,amway.com,broken,,2026-06-22T12:52:40+00:00
87394090-3ddd-4db7-811d-808a57d3c458,403,0,1,57,,Attention Required! | Cloudflare,broken,,2026-06-22T12:52:40+00:00
4bba2876-ae94-4e87-8eb3-01ff48e39151,0,0,0,38,,,broken,connection failed,2026-06-22T12:52:40+00:00
b64f5095-15c0-4129-a454-cee30e23cf8e,200,1,1,298,Squarespace,360 Health + Wellness,good,,2026-06-22T12:52:40+00:00
9680adc0-cdff-4e24-8d5d-f1c7517c178b,0,0,0,108,,,broken,connection failed,2026-06-22T12:52:40+00:00
35be462b-929e-407f-9fe5-0091c1bef22c,200,1,1,253,,Home | Himalayan Sherpa Kitchen,good,,2026-06-22T12:52:40+00:00
b4ba79fa-934a-4bbb-9829-90ca8f3ca59d,404,1,0,193,,SITE NOT FOUND,broken,,2026-06-22T12:52:40+00:00
a0b9c5a6-dc46-4bc4-a325-14e596d101e4,200,1,1,540,Wix,Home | Healthy Haven Wellne,good,,2026-06-22T12:52:40+00:00
2b81cc4a-2b6b-4ecb-ba38-6bdc6ddec62e,200,1,1,433,,Home | Everest Restaurant,good,,2026-06-22T12:52:40+00:00
339e41bd-95c8-4396-bc07-2656b630a531,200,1,1,208,WordPress,Art House Santa Rosa – Luxury Hotel Suites in Downtown Santa Rosa,good,,2026-06-22T12:52:40+00:00
a4105101-203a-4172-9a82-3131fb4103e2,200,1,1,1273,WordPress,"Dr Handyman HD &#8211; Yes, we fix that",good,,2026-06-22T12:52:40+00:00
e2c4153c-75a8-4868-bed4-8de6f51bb503,200,1,1,9393,GoDaddy,Self Defense Classes at Krav Maga Revolution,weak,,2026-06-22T12:52:40+00:00
a61c5c1d-2cff-45be-8a23-c994fbee0954,200,1,1,499,,Americas Best Value Inn,good,,2026-06-22T12:52:40+00:00
942427c6-0cec-416a-ba2e-2f65c7a75b22,200,0,1,601,WordPress,Home &amp; Office Cleaners - Sonoma Clean House,weak,,2026-06-22T12:52:40+00:00
7f4f2474-32af-4200-b436-f1d5bc9e8302,200,1,1,159,Webflow,"Continental Inn, Hotels &amp;amp; Motel, 26985 Highway 1",good,,2026-06-22T12:52:41+00:00
e9ee024a-4d1a-4ed9-81be-e843515bb090,200,1,1,573,GoDaddy,Front Page - TAP&#039;D Draft Solutions,good,,2026-06-22T12:52:41+00:00
9e577edf-05a1-4996-bc67-aca684b98d13,0,0,0,598,,,broken,connection failed,2026-06-22T12:52:41+00:00
5f312d1b-4430-42e6-9061-ca104ea11e19,200,1,1,448,WordPress,Casa Secoya | Monte Rio Hotel Near Guerneville &amp; Russian River,good,,2026-06-22T12:52:41+00:00
ada0bcbd-3cd6-4f5b-a215-782cb5c506d8,200,1,1,302,Squarespace,The Duchamp Hotel Healdsburg | Luxury Retreat in Wine Country,good,,2026-06-22T12:52:41+00:00
61b309aa-434f-4148-a382-3bcefe322841,200,1,1,759,Wix,"The Astro | Dog-Friendly Boutique Hotel in Santa Rosa, CA",good,,2026-06-22T12:52:41+00:00
1d2ffb2a-1f33-49c6-9675-162d9f767b07,404,1,1,359,Wix,,broken,,2026-06-22T12:52:41+00:00
f92d9059-1a3b-4fba-9281-68bc59086e08,200,1,1,410,,Home - Harmon Guest House,good,,2026-06-22T12:52:41+00:00
b9f60cad-0808-4df5-8faf-dfbf55c5ed1a,200,1,1,376,,"Oceanfront Lodging &amp; Dining | The Hotel Breakers | Gualala, CA",good,,2026-06-22T12:52:41+00:00
e50c2297-b719-4859-b187-1a2d7a32065f,403,1,0,74,,Access Denied,broken,,2026-06-22T12:52:41+00:00
11f9b692-fc75-4bca-915f-a3b0c3b95b16,200,0,1,190,Squarespace,HOTEL PROJECT SONOMA,weak,,2026-06-22T12:52:41+00:00
4239a995-a125-47e7-8a38-412adbc1043f,200,1,1,342,,Hotel La Rose | Historic Hotel in Santa Rosa,good,,2026-06-22T12:52:41+00:00
1c6ac8fa-a640-4718-8eef-7a99c2ee039f,200,1,1,535,,Hotel Healdsburg,good,,2026-06-22T12:52:41+00:00
b4111853-2ac2-430c-b1ad-cf811428e3b7,200,0,1,240,,Mankas,weak,,2026-06-22T12:52:41+00:00
5694214a-8677-485d-a104-62654863e748,200,0,0,116,,,weak,,2026-06-22T12:52:41+00:00
0afb5cc7-367a-451f-9cff-d82e46bfed7a,200,0,0,333,,Loading...,weak,,2026-06-22T12:52:41+00:00
5947c533-bdc3-4f7f-a779-7193e07aeb7c,429,1,1,376,,Bot or Not?,broken,,2026-06-22T12:52:41+00:00
9e0da789-01dc-49a4-aa4e-1780452d9fef,200,1,1,183,,"Wyndham Hotels &amp; Resorts - Find Hotel Rooms, Rates &amp; Deals",good,,2026-06-22T12:52:41+00:00
a98e9441-1dfd-43ba-9cfa-d751d9b81583,200,1,1,1116,WordPress,Bodega Harbor Inn - Your Bodega Bay Get-Away,good,,2026-06-22T12:52:41+00:00
d0a4dd24-2d0e-48c8-abe9-f44f15c03733,200,1,0,219,,"Calistoga, CA Hotel In Napa Valley - The Bergson",weak,,2026-06-22T12:52:41+00:00
9cda72ff-f765-4b09-aa52-ed30f62fea3e,0,0,0,114,,,broken,connection failed,2026-06-22T12:52:41+00:00
de1a3766-49cf-4582-abd7-98732db097e5,200,1,1,244,,Lodge at Bodega Bay | Bodega Bay Luxury Hotel | Official Site,good,,2026-06-22T12:52:42+00:00
05e0e405-bbd3-42dd-8267-def405c56098,200,1,0,231,,&#65279;,weak,,2026-06-22T12:52:42+00:00
bec691f1-6c70-4eda-bf37-6bf79a56c749,0,0,0,116,,,broken,connection failed,2026-06-22T12:52:42+00:00
422281e0-bec8-4d67-a9f7-fab1e8a4ca18,200,1,1,2294,WordPress,Home - Carmella,good,,2026-06-22T12:52:42+00:00
b7d677d8-0cab-4ff7-8c4a-8797428adf67,200,1,1,314,,Tomales Hotel | Coastal Sanctuary in West Marin,good,,2026-06-22T12:52:42+00:00
83f0f482-f510-4874-b25f-cb8868c66079,0,0,0,114,,,broken,connection failed,2026-06-22T12:52:42+00:00
1eade9fe-714b-419c-bafb-a5206d552c2b,0,0,0,108,,,broken,connection failed,2026-06-22T12:52:42+00:00
c17250ce-9edb-424c-9aa4-06ee6b31989a,200,1,1,348,,"HVAC and Metal Fabrication Services | Santa Rosa, CA",good,,2026-06-22T12:52:42+00:00
875734df-13e1-4740-8c84-d92e252be651,0,0,0,959,,,broken,connection failed,2026-06-22T12:52:42+00:00
0e666d94-b62b-427f-80e2-133579a60f7c,200,1,1,293,Squarespace,"Sonoma County Heating &amp; Air Reliable Furnace, AC &amp; Heat Pump Service You Can Trust",good,,2026-06-22T12:52:42+00:00
1aea7cde-a700-49ee-b54b-1accbcd82697,200,1,1,635,GoDaddy,"Heating and Air Conditioning Rerpair - Petaluma, California",good,,2026-06-22T12:52:42+00:00
ff4843ea-1926-43ba-8054-1178baf0063e,200,1,1,212,Webflow,Home | Hedrick Law,good,,2026-06-22T12:52:42+00:00
e84b59d7-bb2f-49e9-a25a-b2aceac6d085,200,1,1,437,,California Immigration Lawyer | Adjustment Of Status and Immigration Attorney | CaliforniaLawyersPro.com,good,,2026-06-22T12:52:42+00:00
6a414a60-9d35-437f-8be5-110bfbb7fb87,200,1,1,410,GoDaddy,Home - K&amp;G Immigration Law,good,,2026-06-22T12:52:42+00:00
9e3cf8ea-4fba-45ad-af19-13994b54fbdf,200,1,1,1159,,"HVAC Contractor near Novato, CA - raven heating and air",good,,2026-06-22T12:52:43+00:00
bb1b7c41-3a79-47f7-a659-b0511b499d93,200,1,1,353,,Home | Everest Restaurant,good,,2026-06-22T12:52:43+00:00
ae57a690-4d03-4366-b908-c02bdaf22669,0,0,0,104,,,broken,connection failed,2026-06-22T12:52:43+00:00
8e3c36d9-8a54-4e12-bda5-e9f0c8223559,0,0,0,15306,,,broken,connection failed,2026-06-22T12:52:43+00:00
51d68dda-4a09-4366-9a60-6eb03750694e,200,1,1,468,,Himalayan Momo & Kebob Grill - Santa Rosa Plaza Indian TakeOut Restaurant,good,,2026-06-22T12:52:43+00:00
b802e801-6827-4151-82db-35e9456f7e67,200,1,1,1671,WordPress,Coming Soon,good,,2026-06-22T12:52:43+00:00
da6b3a68-f0c8-4933-9106-22971ba0c859,200,1,1,1019,WordPress,Home - Everest Indian Restaurant Santa Rosa,good,,2026-06-22T12:52:43+00:00
e65c7a6c-d178-4434-8481-d3f9348544e2,200,1,1,653,WordPress,Authentic Indian &amp; Goan Home Cooking &#187; Little Goan Cafe,good,,2026-06-22T12:52:44+00:00
016cf530-9bf7-47f1-8f8b-583f31889500,200,1,1,1135,,kafalca.com,good,,2026-06-22T12:52:44+00:00
5e936b0a-b3d1-48be-a072-851d091352e8,200,1,1,885,,Americas Best Value Inn Santa Rosa CA by Sonesta,good,,2026-06-22T12:52:44+00:00
db3a39b6-0b80-4310-981f-e0421a0ca75f,200,1,1,782,,"Castello Victorian Inn | Historic Napa Valley Inn - Calistoga, CA",good,,2026-06-22T12:52:44+00:00
b20b46c9-4d3b-44e1-aad3-bf364a50d262,200,1,1,533,Squarespace,The Cottage Inn + Spa,good,,2026-06-22T12:52:44+00:00
5979fb84-aa6f-457b-8d62-4e8ae781f9b4,200,0,0,323,,,weak,,2026-06-22T12:52:44+00:00
9129829d-1106-466e-bdb1-0022d5ba06d4,403,1,1,175,,Just a moment...,broken,,2026-06-22T12:52:45+00:00
dda2e21b-0338-4b0c-80bb-d5a70b4e80e2,200,1,1,411,,Rancho Caymus Inn | Boutique Napa Valley Hotel,good,,2026-06-22T12:52:45+00:00
eaedbd14-11ed-4ade-aabe-1d78a2eb10a7,200,1,1,477,,Charming Boutique Hotel | Inn on the Russian River,good,,2026-06-22T12:52:45+00:00
c2145646-f203-4d6c-a9fd-8f35ba4f4fa6,200,1,1,243,Squarespace,Calistoga Inn,good,,2026-06-22T12:52:45+00:00
5f0db6b5-7da3-4cbd-b588-6c87af052162,200,1,1,2576,WordPress,"Bollywood Kitchen - Authentic Indian, Nepalese and Tibetan Cusines &#8211; Bollywood Kitchen - Serving Authentic Indian and Nepalese Food",good,,2026-06-22T12:52:45+00:00
212399ff-c38e-474e-9116-4cde99fabae5,200,0,0,183,,,weak,,2026-06-22T12:52:45+00:00
952d056d-8963-4455-b1fe-ee194f3644a6,200,1,1,2784,WordPress,"Darbar Ktichen Santa Rosa - Indian & Nepalese Cuisine | Serving delicious Indian and Nepalese Food in Santa Rosa, CA.",good,,2026-06-22T12:52:45+00:00
07750a9d-d6fa-4b25-8f0e-fe57f6b4c11d,404,1,1,406,Wix,,broken,,2026-06-22T12:52:45+00:00
26bc06c0-d910-444d-8107-c82a4c686e8a,0,0,0,436,,,broken,connection failed,2026-06-22T12:52:45+00:00
17672605-d060-41fc-99a8-1a2f675d4887,403,0,1,155,,Just a moment...,broken,,2026-06-22T12:52:45+00:00
73fa7f85-3d44-4a90-92e8-81ac0dd6d6ea,200,1,1,559,GoDaddy,Cecilia Gunning Interior Design: Personalized Spaces,good,,2026-06-22T12:52:45+00:00
50552c07-2533-4b7c-856e-d6da693233c2,200,1,1,325,Squarespace,"Interior Designer Sonoma County, CA | Fletcher Rhodes",good,,2026-06-22T12:52:45+00:00
14157d4d-f7fe-4520-85dc-34f9479de787,403,0,1,266,,403 - Forbidden,broken,,2026-06-22T12:52:45+00:00
ccf90c60-2deb-48de-a7be-3337736bcfbd,200,0,1,210,Squarespace,Jentry McGraw Design Associates - Interior Design,weak,,2026-06-22T12:52:45+00:00
9b02502c-2acc-4742-a526-c8d50fab76f8,200,1,1,395,Squarespace,Humanity Design Works,good,,2026-06-22T12:52:46+00:00
6a6ef1ca-32c1-4c13-8550-b97f1f9bb99c,200,1,1,4078,WordPress,Home - Comprehensive HVAC Solutions,weak,,2026-06-22T12:52:46+00:00
91d94f12-60fc-4a63-850d-2a4663260fa7,0,0,0,786,,,broken,connection failed,2026-06-22T12:52:46+00:00
ea145c04-c2f8-448e-9a87-43ad73d801d6,0,0,0,107,,,broken,connection failed,2026-06-22T12:52:46+00:00
69cc8f37-0f09-48cd-a074-e21637890c51,200,1,1,878,Shopify,Storia Home,good,,2026-06-22T12:52:46+00:00
e5e50ba8-742c-4dfa-83f3-9004313c33bd,200,1,1,343,Squarespace,SDL Residential Design [] Architecture &amp; Interior Design [] Remodels &amp; Renovations,good,,2026-06-22T12:52:46+00:00
a7a41273-9469-4ef9-b05d-5476ce339fbe,200,1,1,589,Squarespace,McCarthy Design- Residential Design &amp; Drafting - Building Permits,good,,2026-06-22T12:52:46+00:00
112d41b2-c8c2-44e6-986c-e6e5cccd0b36,200,0,1,923,,kathibartsgaleria206.com&nbsp;-&nbsp;kathibartsgaleria206 Resources and Information.,weak,,2026-06-22T12:52:46+00:00
c232243f-1ec8-4970-89a0-9dd1688c0046,200,1,1,289,Wix,"Zeitgeist Sonoma | Architecture + Interior Design | Architect | Residential Design Santa Rosa, CA",good,,2026-06-22T12:52:46+00:00
01198e78-55ca-4203-af23-fd826ddd06e3,200,1,1,8529,GoDaddy,Salon Twelve LLC,weak,,2026-06-22T12:52:46+00:00
d239d270-2e02-4cfa-ad67-3db8967b09f3,403,1,1,44,,Just a moment...,broken,,2026-06-22T12:52:46+00:00
f4dd0a99-2c13-4555-8a19-88bf2b6c4206,200,1,1,484,Squarespace,"ZitoSchmitt Design - Japanese, Arts and Crafts, and mid-century modern influenced interior design.",good,,2026-06-22T12:52:47+00:00
7e186568-7704-48b4-9aaf-a0ff892caaa7,200,1,1,324,Wix,Capo29 Restaurant | C29 | Italian Food and Wine in St Helena | California,good,,2026-06-22T12:52:47+00:00
8416d9f8-2dab-4181-b9e4-067075b0fb34,403,1,1,463,,Just a moment...,broken,,2026-06-22T12:52:47+00:00
8b3329ee-50ad-46d7-a6d7-8363516a87e5,200,1,1,847,,Cabinets in Sonoma County,good,,2026-06-22T12:52:47+00:00
5e6598a6-f596-4ea1-a9e1-78d1b1124bdb,409,0,1,118,,DNS resolution error | www.grataitalianeatery.toast.site | Cloudflare,broken,,2026-06-22T12:52:47+00:00
cd1211ea-733e-45f0-ada8-df688876a72b,200,1,1,692,,Finnegans Marin,good,,2026-06-22T12:52:47+00:00
1ab5d100-41d5-4249-bd50-85fb306fc323,200,1,1,304,,Home - Jacob&#39;s Restaurant,good,,2026-06-22T12:52:47+00:00
150c7db5-ae01-46cb-b841-a4ccbcab8de4,200,1,1,202,,Home - L&#x27;Oro di Napoli - Italian Restaurant in CA,good,,2026-06-22T12:52:47+00:00
81e47d90-89e2-4c99-b9cc-d2b22f9801e2,200,1,1,624,,"Cucina Paradiso, the finest Italian restaurant in Petaluma and Sonoma County",good,,2026-06-22T12:52:47+00:00
f151cbb9-6917-4d27-a9dc-27123fd8ca05,200,1,1,266,,Home - L&#x27;Oro di Napoli - Italian Restaurant in CA,good,,2026-06-22T12:52:47+00:00
2d88dd61-1dd0-4423-9bf5-8f1332ace3f5,0,0,0,40,,,broken,connection failed,2026-06-22T12:52:47+00:00
07f92564-f3d7-4dd9-8f63-b8341432daa8,200,1,1,4113,WordPress,Indian Restaurant | Rohnert Park | Turmeric Cuisine of India,weak,,2026-06-22T12:52:47+00:00
5ff9063b-a6c4-4809-b79e-280c9a2b9310,200,1,1,304,Wix,"Portico:Italian Social Food; Sebastopol, CA; porticosocialfood",good,,2026-06-22T12:52:47+00:00
da5c7097-6b6e-4d84-adcd-59766a2d28eb,200,1,1,707,Wix,"Dinuccis Italian Restaurant and Bar | destination restaurants sonoma county | 14485 Valley Ford Estero Rd, Valley Ford, CA, USA",good,,2026-06-22T12:52:47+00:00
6fa40bfa-6df4-48db-a03d-641e49b2e5ff,200,1,1,628,Weebly,Home | Honey Cuisine,good,,2026-06-22T12:52:48+00:00
447c7ba0-42a1-4ffb-8179-af9a2a9edd52,200,1,1,699,,DK168 &#128123; Daftar Situs Slot Gacor PG SOFT &amp; Link Gacor Slot 168 Terbaru Anti Blokir,good,,2026-06-22T12:52:48+00:00
88ac281e-8221-44ab-987f-ae4a05293127,200,1,1,667,Wix,HOME | Raku Ramen,good,,2026-06-22T12:52:49+00:00
a8b32f10-7825-431c-8283-45097209876b,200,0,0,3250,,,weak,,2026-06-22T12:52:49+00:00
cdf833e0-e74b-4d92-a72f-a357fa37dc2f,200,1,1,1095,WordPress,"Sake 107 | (707) 241-7580 | 107 Petaluma Blvd N in Petaluma, CA",good,,2026-06-22T12:52:49+00:00
07c87fe7-f7a4-4590-927a-2cd05b5c5761,200,1,1,528,,cotatijewelers.com,good,,2026-06-22T12:52:49+00:00
c0b1ed6d-e924-48f7-8612-eadee27d0ff2,200,1,1,1999,,Depo 5k Bonus 5k Situs Slot Bonus New Member 100% Terbaru Hari Ini,good,,2026-06-22T12:52:49+00:00
1730aaec-24e8-4c9f-8d9f-6f7fcc8b8dfd,200,1,1,323,Squarespace,Cypress Gallery &amp; Bazaar,good,,2026-06-22T12:52:50+00:00
a8b7067c-831b-4dc1-b60d-7f65e1c6b813,200,1,1,2394,,Rosso Pizzeria & Wine Bar - Gourmet Pizza Perfection,good,,2026-06-22T12:52:50+00:00
6c1797db-e528-4caf-8d2b-5ceed31d7d54,0,0,0,119,,,broken,connection failed,2026-06-22T12:52:50+00:00
03713134-21d5-4e10-9e45-f57dfaf15fd2,0,0,0,4144,,,broken,connection failed,2026-06-22T12:52:50+00:00
5d1cb8ab-118b-4ad7-92a5-a059d17bfb6e,0,0,0,38,,,broken,connection failed,2026-06-22T12:52:50+00:00
b58f132f-e9f3-4e8f-a8bb-5e9fade10710,403,1,1,534,,403 - Forbidden,broken,,2026-06-22T12:52:50+00:00
3a336d90-e1ab-4c1f-a3ca-097e6d6de7ec,200,1,1,458,,,good,,2026-06-22T12:52:50+00:00
19b8bad7-6be9-4be8-92ae-a14bf36c01a4,200,1,1,635,Shopify,Falling for Dainty Jewelry,good,,2026-06-22T12:52:50+00:00
ad5aae3d-39f3-40ce-b87e-ccd46dffcebf,200,1,1,565,WordPress,Home - Historic Railroad Square Association,good,,2026-06-22T12:52:50+00:00
bfbb8f6f-21c2-4510-bd8a-b14eac481ec4,200,1,1,638,Shopify,Nisha&#39;s Jewelry,good,,2026-06-22T12:52:51+00:00
b56b19a2-f5d4-4f85-bf52-ebbe26ec0ff3,403,1,1,146,,Just a moment...,broken,,2026-06-22T12:52:51+00:00
74d09ed4-8a71-4d05-ae08-c8306fe10d2f,0,0,0,10023,,,broken,connection failed,2026-06-22T12:52:51+00:00
8a4326f8-611a-48c3-a2d2-d7b68fd772a7,0,0,0,109,,,broken,connection failed,2026-06-22T12:52:51+00:00
d3ef0711-c9e3-4aea-a33c-30b300165146,200,1,1,1395,,"Mark Allen Jewelers - Santa Rosa's Home for Fine Jewelry, Diamonds & Engagement Rings",good,,2026-06-22T12:52:51+00:00
b23308ad-8018-4998-bedc-8790f9addecc,200,1,1,1032,Shopify,Palladium Fine Jewelry,good,,2026-06-22T12:52:51+00:00
b6e51a26-4338-4e05-9ba7-0327f50746a4,200,1,1,533,Shopify,Spiral Jewelry &amp; Artisery,good,,2026-06-22T12:52:52+00:00
36c3278c-690f-4fc4-a0c6-a5f6df24e659,200,1,1,971,Shopify,Hartford House,good,,2026-06-22T12:52:52+00:00
a3127428-4ce0-4b1f-b93a-0dea150323ad,0,0,0,104,,,broken,connection failed,2026-06-22T12:52:52+00:00
e3b48dde-3768-455f-be48-d1dee33afa47,200,1,1,1900,Wix,"McDonald's Jewelers | jeweler novato | 908 Grant Avenue, Novato, CA, USA",good,,2026-06-22T12:52:52+00:00
71d28de8-4a60-476a-b868-bd5d776fc2af,200,1,1,396,GoDaddy,EconoLock &#8211; Servicing the North Bay for over 30 years.,good,,2026-06-22T12:52:52+00:00
8e541064-ac43-42a4-b98b-3ba6b4e1c79e,200,1,1,343,Wix,"Lock Stop and Key | Locksmith | 2230 Professional Drive, Santa Rosa, CA, USA",good,,2026-06-22T12:52:52+00:00
9933ee2e-34e7-4953-ace9-84e2d35fb01b,200,1,1,508,,Locksmith Services in Sonoma County | A Plus Locksmith,good,,2026-06-22T12:52:52+00:00
6ba560be-176d-4267-9523-3545d2e991c1,200,0,1,1094,WordPress,"Timothy Patrick Jewelers &#8211; Santa Rosa, CA (707) 544-4713",weak,,2026-06-22T12:52:52+00:00
20a75c41-721a-43a8-b73d-364b03511773,200,1,1,188,Squarespace,"Landscaping Company in Sonoma, CA | BayTerra Landscapes Inc.",good,,2026-06-22T12:52:52+00:00
d15096ff-35fb-4b37-88d5-6c39fdf5c368,0,0,0,103,,,broken,connection failed,2026-06-22T12:52:52+00:00
f523c424-057c-4a25-9b0a-64d46672cbe8,0,0,0,73,,,broken,connection failed,2026-06-22T12:52:52+00:00
50cb8db5-e1c1-40b8-a757-933a84ec0c33,0,0,0,254,,,broken,connection failed,2026-06-22T12:52:53+00:00
3fe37a0b-90d9-42e7-b594-2fb2e8324b4e,200,1,1,490,,"Cervantes Landscape, LLC | Landscaping, Hardscaping &amp; Turf in Sonoma, Serving Sonoma &amp; Marin County, Napa and San Francisco",good,,2026-06-22T12:52:53+00:00
227b7954-c5a2-4a68-a7b5-659060e938a9,200,1,1,244,Squarespace,LUKS landscape architecture,good,,2026-06-22T12:52:53+00:00
d4a900f7-0599-4305-9e9b-1bb0751e4d6e,409,0,1,73,,DNS resolution error | landcoinc.org | Cloudflare,broken,,2026-06-22T12:52:53+00:00
0ebbdde7-ccbd-497e-8f85-8bd2b7faa4bc,200,1,1,580,Wix,"JG Becerra Landscape Management &amp; Tree Services Petaluma, CA",good,,2026-06-22T12:52:53+00:00
6af72884-b708-46e5-9086-8c0330843123,200,1,1,1028,WordPress,"Home - Frank + Grossman Landscape Contractors, Inc.",good,,2026-06-22T12:52:53+00:00
63aefcfc-8149-4db1-b840-e6611a3cb7aa,403,1,1,311,,403 - Forbidden,broken,,2026-06-22T12:52:54+00:00
72d538f0-4197-4720-addc-f55d1349aab9,200,1,1,567,Wix,Landscape Design | Landzen | Sonoma County,good,,2026-06-22T12:52:54+00:00
fe8b732e-8b41-41b8-ba18-3a3ab9e9f6c0,200,1,1,450,Squarespace,PDM Landscape,good,,2026-06-22T12:52:54+00:00
8d0935ce-c09e-4b77-a2de-a56755b814bf,200,1,1,342,Squarespace,Scott Anderson Landscaping | Transform Your Outdoors Today,good,,2026-06-22T12:52:54+00:00
ff6d95c0-97a4-4aeb-abcb-7daa6b08a9f6,200,0,1,121,Squarespace,The Water&#39;s Edge Design/Landscape LLC.,weak,,2026-06-22T12:52:54+00:00
1520d672-034f-4357-998a-f79deabbc84b,200,1,1,1601,,INTEGRA+,good,,2026-06-22T12:52:54+00:00
d48db5a3-dd67-4b13-8794-a68e736765c7,200,1,1,186,WordPress,US Traffic Control West - Wilhelm Traffic Control and Tree Services,good,,2026-06-22T12:52:54+00:00
fda74a1b-7818-4891-a226-f3c64af35981,200,1,1,634,GoDaddy,"Septic Systems, Excavation &amp; Supply Yard | Sonoma Landworks",good,,2026-06-22T12:52:54+00:00
2a40fae1-3e86-4c2d-9266-6e2fbc141cf0,200,0,0,620,WordPress,Sonomarin Landscape,weak,,2026-06-22T12:52:54+00:00
7fc6e573-cf09-482c-9a8d-1c4c694833f5,200,1,1,270,GoDaddy,Laser Fresh Aesthetics,good,,2026-06-22T12:52:55+00:00
546ddb83-e776-46ab-ae04-f6947451f4ec,0,0,0,10014,,,broken,connection failed,2026-06-22T12:52:55+00:00
e772bad0-d41e-4487-81a3-16ea48675dd0,200,1,1,184,,Home | Colibri Grill Cafe,good,,2026-06-22T12:52:55+00:00
e2900f0f-b343-4b82-b6dc-11b9dcb96e49,200,0,1,723,,Zenfulgardens.com,weak,,2026-06-22T12:52:55+00:00
e989de7f-31aa-4abe-9ef8-20b1c025f80e,200,1,1,217,Squarespace,Juanita Juanita,good,,2026-06-22T12:52:55+00:00
a7cbd74b-628c-487a-b658-ea26782e1459,200,1,1,528,,Don Julio's Latin Grill,good,,2026-06-22T12:52:55+00:00
5d998c62-ea81-4b89-875d-afda0b517ce4,200,1,1,368,,California Highway Patrol,good,,2026-06-22T12:52:55+00:00
1dff27f6-add5-46d5-955a-763c5678a17c,200,1,1,468,Webflow,Healdsburg POA,good,,2026-06-22T12:52:56+00:00
414a1204-7866-4d58-8ab3-7a02da80a734,403,0,1,137,,403 - Forbidden,broken,,2026-06-22T12:52:56+00:00
8e2fad8e-8d9e-4cd4-8d88-21eed5cac1fc,0,0,0,115,,,broken,connection failed,2026-06-22T12:52:56+00:00
886e0235-3c99-4c4c-9bef-9fce8fe748f6,200,0,0,108,,,weak,,2026-06-22T12:52:56+00:00
b9bdb792-27cf-4e1a-974b-28fd8f086a39,403,0,1,423,,403 - Forbidden,broken,,2026-06-22T12:52:56+00:00
db15aa6d-4bc7-4563-9447-a5d01c43f9c7,0,0,0,15142,,,broken,timeout,2026-06-22T12:52:56+00:00
0f0ba57d-fa23-4daa-bbf2-b89969ac0f70,200,1,1,4774,WordPress,home2020 - Valentino Fine Jewelers,weak,,2026-06-22T12:52:56+00:00
cf44c04e-3bbd-4df3-a0b2-22b36db780c7,200,1,1,2363,WordPress,Vin and Vin Landscaping | Full Service Landscape Design &amp; Build,good,,2026-06-22T12:52:56+00:00
0a995df9-a662-472b-b4f4-cb5e2414edfa,200,1,1,313,WordPress,"Marin County Personal Injury &amp; Criminal Defense Attorneys | Brownstein Law Group, PC",good,,2026-06-22T12:52:56+00:00
e342bd4b-3d47-4efa-8361-8399aa2002fb,404,0,0,156,,Site Not Configured | 404 Not Found,broken,,2026-06-22T12:52:57+00:00
c00b3dd5-003d-47e0-96ff-7a5edee2d9aa,200,1,1,701,Wix,Home | Siskiyou Attorney,good,,2026-06-22T12:52:57+00:00
499bf5cb-bea4-4fb8-9b64-90186f0e8df7,200,1,1,336,Squarespace,Law Office of Charles J. Leoni,good,,2026-06-22T12:52:57+00:00
03f4fac2-d714-4b45-af71-1eb00e111b76,200,1,1,1589,,"Police | Santa Rosa, CA",good,,2026-06-22T12:52:57+00:00
d7f63379-e706-4c79-9443-33260d50aa48,200,0,1,250,,Emerick Law Offices P.C. Immigration Law and Criminal Defense Law Santa Rosa California,weak,,2026-06-22T12:52:57+00:00
8186985e-4292-44ad-b242-d274cad8ba2a,200,1,1,377,Wix,Contact Dan McCaskell Ph.D | Denied Social Security Benefits?,good,,2026-06-22T12:52:57+00:00
bce13bc5-919d-4bf0-980e-ad6f992a7464,200,1,1,236,Squarespace,Etchebehere Law Group,good,,2026-06-22T12:52:57+00:00
1651b043-a04b-4aee-b01b-ebba285c9457,0,0,0,20292,,,broken,connection failed,2026-06-22T12:52:57+00:00
403aaef3-7229-45c1-a442-17cb32a3d0b5,200,1,1,445,Squarespace,Gary Weiner Mediator,good,,2026-06-22T12:52:57+00:00
e01b9543-3086-4cca-821f-3e7cc8b493b4,0,0,0,10012,,,broken,connection failed,2026-06-22T12:52:57+00:00
4dce9ac2-cb29-42a3-bf46-31917b4c6c25,0,0,0,109,,,broken,connection failed,2026-06-22T12:52:58+00:00
c4e67ca9-0868-45cd-af52-1fdf0ad5e402,200,1,1,262,WordPress,,good,,2026-06-22T12:52:58+00:00
ad6494c0-3f08-495a-b056-c209f7cbea7c,200,1,1,490,Wix,"Lemon Law | Attorney | Hendrickson Law Group, PC",good,,2026-06-22T12:52:58+00:00
6f141377-d080-450a-a597-4dcfb87102d5,200,0,1,232,,CoryLegal,weak,,2026-06-22T12:52:58+00:00
5340a99a-505b-46c3-bb4c-b8261f03227a,0,0,0,13,,,broken,connection failed,2026-06-22T12:52:58+00:00
4be7f3fe-ca6b-4807-9618-5a4786d0a1be,200,1,1,374,Squarespace,Peckham &amp; Daughter,good,,2026-06-22T12:52:58+00:00
53c50ff0-8358-4ab6-b2fc-ca121fc092ad,200,1,1,3293,WordPress,California Child Sexual Abuse attorney - Beck Law P.C.,good,,2026-06-22T12:52:59+00:00
5f18f0bc-c31e-4684-b6fe-ea76071b7fa8,200,1,1,2542,WordPress,Sonoma Organics - Sonoma Organics,good,,2026-06-22T12:52:59+00:00
4b506caf-3751-42a0-a25d-f76a178ed530,200,1,1,2521,WordPress,Friedemann Goldberg Wargo Hess LLP | Santa Rosa Law Firm,good,,2026-06-22T12:52:59+00:00
1b567ec3-dfe0-451c-8401-fc93210bccd8,0,0,0,110,,,broken,connection failed,2026-06-22T12:52:59+00:00
7ce0aa85-1963-42af-b50d-341debbc5476,200,1,1,3458,WordPress,"Home Fritz Law Offices Employment, Business &amp; Bankruptcy Attorneys",good,,2026-06-22T12:53:00+00:00
21b0748f-fa06-4a6e-87eb-8e2bd7ea3979,200,1,1,4833,WordPress,"Birnie Law Office | Practicing Estate Planning and Administration in Sebastopol, CA",weak,,2026-06-22T12:53:01+00:00
a18ac8c4-febf-42fb-a292-8391ebb9849e,200,1,1,2762,WordPress,Phillip M. Mendelson Law &#8211; Law Office of Phillip M. Mendelson,good,,2026-06-22T12:53:01+00:00
548fae62-a900-4031-99de-03537c9da3e2,200,1,1,572,,"Sonoma County Law Firm in Santa Rosa providing services in Family Law, Real Estate Law and Corporate Law - Perry Law",good,,2026-06-22T12:53:01+00:00
c5bd45bc-a80f-47cf-904a-262d52f9457d,403,0,1,190,,DNS points to prohibited IP | www.postlegalgroup.com | Cloudflare,broken,,2026-06-22T12:53:01+00:00
b85ecda2-f044-4a40-af39-ba748d3bc361,200,1,1,313,WordPress,"Home - Raff Law, APC",good,,2026-06-22T12:53:01+00:00
22608a88-70c4-4689-8faa-7794f62f5d34,200,1,1,369,WordPress,"Experienced Criminal Defense &amp; Personal Injury Lawyer | Santa Rosa, CA",good,,2026-06-22T12:53:01+00:00
b50ba80a-5197-4d98-9376-bb658043a4bd,200,1,1,255,,Office of the District Attorney,good,,2026-06-22T12:53:01+00:00
b515d1ae-8ed6-41b1-901e-a4654923b1ff,403,0,1,292,,403 - Forbidden,broken,,2026-06-22T12:53:02+00:00
b3740a73-0a6b-4632-9f69-b3a3562676b6,404,1,1,307,Squarespace,Stephan Passalacqua Law,broken,,2026-06-22T12:53:02+00:00
accd8f0c-63cf-41ac-8976-91061a2b5296,200,1,1,706,,"Steve H. Spiegelman Criminal Law Attorney | Santa Rosa CA, Sonoma County, Northern California, North Bay",good,,2026-06-22T12:53:02+00:00
dfda2e69-1dac-48a0-b975-c0242d4970a7,200,1,1,538,Wix,Legal Services | Strickland Law Group | Petaluma,good,,2026-06-22T12:53:02+00:00
2a43fe6e-e722-4b29-a1e1-202b309a9e87,200,1,0,630,GoDaddy,Home,weak,,2026-06-22T12:53:02+00:00
ef2d750a-6326-421d-aea4-d2f3f943964e,0,0,0,15112,,,broken,connection failed,2026-06-22T12:53:02+00:00
beb8fe65-2af1-47ab-908b-24899d047d36,0,0,0,8,,,broken,connection failed,2026-06-22T12:53:02+00:00
c14500ec-19f6-43e8-ab9a-c5082503c7df,200,1,1,284,,"The Law Offices of Johann Hall | Santa Rosa, CA",good,,2026-06-22T12:53:02+00:00
18412fdc-f84e-464e-9cc5-205328944805,200,1,1,303,Squarespace,Wyatt Law Offices,good,,2026-06-22T12:53:03+00:00
557dc686-c0b2-4540-a72b-28c9ab4b4b69,200,1,1,499,Wix,Employment Lawyer | Santa Rosa | The Law Office of Joseph Gruchawka,good,,2026-06-22T12:53:03+00:00
61edac35-c2f8-4a29-a748-bbe775deeed1,200,1,1,186,,"AKS Affinity Kickboxing &amp; BJJ | MMA Gym in Rohnert Park, CA",good,,2026-06-22T12:53:03+00:00
68062449-338e-4972-b80e-1b1a00ce9b3a,200,1,1,381,Wix,Spread Kitchen | Inspired Lebanese Cooking,good,,2026-06-22T12:53:03+00:00
b635bb2d-187e-4cbb-8dbc-b1def9e83a8f,200,1,1,466,Squarespace,Academy of Jeet Kune Do Sciences - Learn Practical Martial Arts for Self-Defense in Petaluma,good,,2026-06-22T12:53:03+00:00
56dd7072-1ef6-425f-b4ac-dd8751efb93c,200,0,1,374,Squarespace,CAPOEIRA NORTH BAY,weak,,2026-06-22T12:53:03+00:00
9016b436-1800-404a-8fa4-5e069548eafa,200,1,1,5229,WordPress,Law Offices of Kevin McConnell,weak,,2026-06-22T12:53:03+00:00
399392c9-b100-4f2d-87ec-453378fa2240,0,0,0,15173,,,broken,connection failed,2026-06-22T12:53:04+00:00
00b37eaa-2eee-483c-a4ea-af2cb50e2e7a,200,1,1,4521,WordPress,"O&#039;Brien Law, P.C. | A Customer Service Focused Approach to Litigation",weak,,2026-06-22T12:53:04+00:00
b6222b7d-dc06-4182-b008-7fbde7d6f349,200,1,1,591,WordPress,Jiu-Jitsu Training Santa Rosa | Gracie Barra Santa Rosa,good,,2026-06-22T12:53:04+00:00
8cbf7b41-11f5-4d0b-8152-5ef1b06a7d53,200,1,1,287,,Martial arts for children and adults Santa Rosa | MMA | Jiu jitsu | Kickboxing,good,,2026-06-22T12:53:04+00:00
d6deb579-d6b8-49ef-a5ba-a77a58d46deb,200,1,1,748,WordPress,"JSK North Bay Martial Arts &#8211; A Jeff Speakman Training Center | Santa Rosa, CA &#8211; Santa Rosa, CA 95407",good,,2026-06-22T12:53:05+00:00
c2e1be75-6df4-4f1d-9583-d783ea43048e,0,0,0,275,,,broken,connection failed,2026-06-22T12:53:05+00:00
a31b7b57-767f-4964-b85b-dcb99ce4cfcd,200,0,1,627,WordPress,"Resurrection Training Club | MMA Academy in Sonoma County, CA",weak,,2026-06-22T12:53:05+00:00
5bc29025-1c92-4a69-996c-c3985c32643e,200,1,1,1587,WordPress,Cotati Aikido &#8211; Pete &amp; Ginny Breeland Shidoin,good,,2026-06-22T12:53:05+00:00
5a0061cc-2035-465f-996d-a5c68d26e56d,0,0,0,15155,,,broken,connection failed,2026-06-22T12:53:05+00:00
957bf3fe-6b25-419f-878b-cb7949703aef,200,1,1,184,Squarespace,Sonoma County Martial Arts Center,good,,2026-06-22T12:53:05+00:00
4711e9c0-8582-4d6e-a68c-df03ff8c012a,200,1,1,3325,WordPress,Contact Us - Zyromski Konicek LLP,good,,2026-06-22T12:53:06+00:00
24672189-9f04-4095-ba1e-0a15c861fe47,200,1,1,702,GoDaddy,Brazilian Jiu Jitsu Academy - Tech Lab Jiu Jitsu,good,,2026-06-22T12:53:06+00:00
e55c40ad-f2ea-4d9b-994d-bfbf03041edb,0,0,0,8641,,,broken,"ssl: HTTPSConnectionPool(host='www.hvplawoffices.com', port=443): Max retries exceeded with url: / (Cause",2026-06-22T12:53:06+00:00
cec8f0f4-a3ab-4cb3-bf22-bbdc7798740e,200,1,1,1110,,SONOMA VALLEY JIU JITSU | HOME,good,,2026-06-22T12:53:06+00:00
ebbeeaf9-36c3-487e-9885-0ff131eced04,200,1,1,2004,WordPress,Rafa Jiu-Jitsu | Jiu-Jitsu &amp; Self Defense for All Ages,good,,2026-06-22T12:53:06+00:00
c192b03c-8631-4a9d-915d-7bb95c926a1e,200,0,1,315,Squarespace,Two Rock Aikido,weak,,2026-06-22T12:53:06+00:00
c4cd92dd-eed2-477d-974e-05afd1bb36d6,0,0,0,4166,,,broken,connection failed,2026-06-22T12:53:06+00:00
83e9cd78-4ea1-47ce-b90d-def45866be5d,200,1,1,466,,CSLB-Home -CSLB,good,,2026-06-22T12:53:06+00:00
8cb0e861-7b91-4de9-83c4-0f146ab80cf3,200,1,1,354,GoDaddy,Bodega Bay Massage,good,,2026-06-22T12:53:06+00:00
e36debdf-4ae4-400e-80a6-636bcc9f1666,200,1,1,908,,Home,good,,2026-06-22T12:53:07+00:00
32e76247-bf67-4292-a2d9-be129bcfa731,200,1,1,286,Wix,"Elizabeth Lakin | Craniosacral | Classical Homeopathy | 103 Morris St Suite C, Sebastopol, CA, USA",good,,2026-06-22T12:53:07+00:00
b13708cb-dfa2-45aa-a7d8-5c19998c0a66,200,1,1,463,WordPress,Visit Calistoga California | Official Visitor Guide,good,,2026-06-22T12:53:07+00:00
d888fde2-8a1f-46ea-aa7c-5380078498fd,200,0,0,177,,,weak,,2026-06-22T12:53:07+00:00
3a850e6f-4457-4784-bc6d-c6f064f49dc6,200,1,1,3694,WordPress,Rafa Jiu-Jitsu | Jiu-Jitsu &amp; Self Defense for All Ages,good,,2026-06-22T12:53:07+00:00
66833016-c387-48b8-824c-934996f32759,200,1,1,563,WordPress,Essential Massage Therapy,good,,2026-06-22T12:53:07+00:00
499a8e39-923d-459c-a9e9-6d2dc3a168af,0,0,0,119,,,broken,connection failed,2026-06-22T12:53:07+00:00
8d5b0066-dab2-4636-b212-41d1f24a3fa4,200,1,1,249,,Lux Massage &amp; Spa PMA,good,,2026-06-22T12:53:07+00:00
71eefc5d-b4d2-462c-abdb-a17cc50c2fe1,0,0,0,298,,,broken,"ssl: HTTPSConnectionPool(host='www.jlrelaxcenter.com', port=443): Max retries exceeded with url: / (Cause",2026-06-22T12:53:07+00:00
83bebe42-3b42-427b-b964-28194afae8e0,403,0,1,146,,403 - Forbidden,broken,,2026-06-22T12:53:07+00:00
bb3f4dda-8869-448f-912d-acb272345500,200,1,1,711,Wix,Home | Rohnert Park | Hygge Holistic Massage,good,,2026-06-22T12:53:07+00:00
960f4bd4-b69c-41c5-9bad-235c888f2411,200,1,0,1225,,Al Karaama,weak,,2026-06-22T12:53:07+00:00
3c260628-7f11-402e-ae0b-6754b9473a70,0,0,0,110,,,broken,connection failed,2026-06-22T12:53:07+00:00
1c487e2c-1196-4739-817e-a71e118c1a65,200,1,1,319,Squarespace,Redwood Orthopedic Massage: Customized Orthopedic Massage Sessions in Sonoma County,good,,2026-06-22T12:53:07+00:00
557db711-d686-4751-a831-1284536c0068,200,1,1,386,Wix,Radiant Body Sebastopol Holistic Spa | Massage | Ozone Therapy | Facials | Lymphatic Detox | Steam Sauna,good,,2026-06-22T12:53:08+00:00
26e89e03-000e-41f0-95b1-3f9feb4b07cd,200,1,1,1566,WordPress,"Brick, Stone, Concrete Mason Santa Rosa - Masonry by Conrad",good,,2026-06-22T12:53:08+00:00
92f947bb-4f7e-4290-a21c-c57ffe715e1e,200,1,1,335,,Spa Sonoma,good,,2026-06-22T12:53:08+00:00
639557be-b8f4-4061-8f1c-3b89b33bb34e,200,1,1,262,WordPress,"Together We Heal | Together We Heal is for any who suffer from the trauma of childhood sexual abuse. We provide a safe forum for survivors of abuse to share, learn and heal. We work to expose sexual p",good,,2026-06-22T12:53:08+00:00
cf470a54-91f6-443d-bc6a-82bbd5f5493a,200,1,1,3431,Wix,Santa Rosa Judo Club | SRJC,good,,2026-06-22T12:53:08+00:00
d015de75-8669-48ff-a683-5b473b55e9b2,200,1,1,383,WordPress,"Village Therapeutics | Santa Rosa, CA Massage &amp; Energy Work",good,,2026-06-22T12:53:08+00:00
c6d9a8a2-8f54-4dbb-a5fc-6079d4361bd7,200,1,1,1268,,Serenity Massage and Well-Being,good,,2026-06-22T12:53:09+00:00
2ea7db28-c7c9-48bd-95be-733a9987e458,200,1,1,3674,WordPress,Contact - Takemusu Aikido of Sebastopol,good,,2026-06-22T12:53:09+00:00
b9e92dda-c502-4f11-8e6f-4e632692b1c5,200,1,1,502,WordPress,Wildflower Fitness &amp; Massage &#8211; Personal Fitness Training + Therapeutic Massage in Santa Rosa,good,,2026-06-22T12:53:09+00:00
8d0b0037-ddf4-4ade-ac3d-f60248ea4151,200,1,1,918,,Vitality Center Sebastopol,good,,2026-06-22T12:53:09+00:00
cd1fc59e-2b5b-4739-a367-11a95f25913c,200,1,1,1730,WordPress,Sunset Foot Reflexology,good,,2026-06-22T12:53:09+00:00
eb0b1097-a52e-4bc8-aeb9-09f5481d5acb,0,0,0,15091,,,broken,connection failed,2026-06-22T12:53:09+00:00
12f6d49c-f49f-4819-ba59-dbe77c698b58,404,0,0,257,Squarespace,Squarespace - Domain Not Claimed,broken,,2026-06-22T12:53:09+00:00
02a9f9bb-8dc0-40b6-88e2-c4c5026db300,0,0,0,38,,,broken,connection failed,2026-06-22T12:53:09+00:00
7df4ed70-19dc-41b0-9f59-0f765a0d1caa,200,0,1,560,Squarespace,A. Wise Massage,weak,,2026-06-22T12:53:10+00:00
77e9d4c7-52d2-4b20-9e01-de896a6693a1,200,1,1,115,GoDaddy,Best Massage Santa Rosa In California | Book Now |,good,,2026-06-22T12:53:10+00:00
42d7c605-c34e-449c-8123-70eb57d94da6,200,1,1,270,Squarespace,Daniel Spain Massage + Bodywork,good,,2026-06-22T12:53:10+00:00
2f9cdc07-939a-4539-ba38-e69c5a655ee7,200,1,1,1075,WordPress,Santa Rosa Massage School | Santa Rosa Massage Therapy School – Sonoma County Massage School,good,,2026-06-22T12:53:10+00:00
6caa5135-59e0-4ee2-a30f-5b5a44a68f40,0,0,0,110,,,broken,connection failed,2026-06-22T12:53:10+00:00
6424b506-1976-4e76-9796-0facc4e585c0,200,1,1,2446,Wix,SoCo Reflexology | Best Massage &amp; Reflexology in Sonoma County!,good,,2026-06-22T12:53:10+00:00
70d5b4e3-5868-4cf5-8eb7-d791fa6215cf,200,1,1,632,,"Chelsea Parkhurst, CMT",good,,2026-06-22T12:53:10+00:00
467b761d-6944-4e0f-b9ad-d389a3f8e34d,0,0,0,242,,,broken,"ssl: HTTPSConnectionPool(host='www.rolfmethod.me', port=443): Max retries exceeded with url: / (Caused by",2026-06-22T12:53:10+00:00
324455f3-64f2-42c1-b5ae-7a00898c9179,200,1,1,411,Squarespace,"Massage Spa &amp; Therapy Westminster CO | Therapeutic, Hot Stone &amp; Swedish Massage Colorado",good,,2026-06-22T12:53:10+00:00
eb816c65-9dbd-445c-8823-56a7f8a88b2b,200,1,1,397,Weebly,"Massage &amp; Reiki Healing in Santa Rosa, CA | Sacred Lotus Healing",good,,2026-06-22T12:53:10+00:00
4f80b3f8-d800-4419-ac42-4d926063ea93,200,1,1,1786,WordPress,Zen Massage and Spa &#8211; Healdsburg,good,,2026-06-22T12:53:10+00:00
49725610-0c8d-4e62-aa6a-464ff15668da,200,0,0,244,,Home Page,weak,,2026-06-22T12:53:10+00:00
cf89e614-9194-4a50-bd45-5e092878ffa7,200,1,1,541,,Sonoma Deep Tissue Massage,good,,2026-06-22T12:53:11+00:00
10859e7a-5f1f-494f-94fd-57284a6bba6f,200,1,1,481,Squarespace,Sonoma Therapeutic Massage,good,,2026-06-22T12:53:11+00:00
9b44231b-8fe5-4961-8ec6-cde157b51997,404,1,1,217,,Fresha - Instantly book salons and spas nearby,broken,,2026-06-22T12:53:11+00:00
069a66e3-6ec1-4bf1-9b6a-67bd2cdcc7fc,200,1,1,3994,WordPress,Majestic Thai Spa &#8211; Northern California Ultimate Experience,good,,2026-06-22T12:53:11+00:00
5b79d5f4-0721-4897-9eb0-077ce2944b71,0,0,0,108,,,broken,connection failed,2026-06-22T12:53:11+00:00
cdcc44b8-ad48-4521-a1ae-1082a9252e34,200,1,1,3814,WordPress,Renovia Massage Center - Making You Better Through Massage,good,,2026-06-22T12:53:11+00:00
2805916d-39b0-47bf-bf3c-6d0856198828,0,0,0,38,,,broken,connection failed,2026-06-22T12:53:11+00:00
2513d0e6-e63a-4370-b325-3f9061d0b8a9,403,1,1,377,,403 - Forbidden,broken,,2026-06-22T12:53:11+00:00
f1378c13-96b9-4526-bad2-b1ba3b6a21c5,200,1,1,629,,"Thrive Massage | Pain Relief, Mobility & Wellness",good,,2026-06-22T12:53:11+00:00
127b5a0a-9bd4-4612-98b4-fb9cb617ccd2,200,1,1,1114,Wix,About | massage,good,,2026-06-22T12:53:11+00:00
10350bdb-e463-4a7f-a621-434dcff019b0,200,1,1,338,Squarespace,"Jessica Friedman RN, BSN",good,,2026-06-22T12:53:12+00:00
931ab791-0049-4ae6-a34e-fca2f2950f6a,200,1,1,420,Squarespace,Lux Aeterna Aesthetics,good,,2026-06-22T12:53:12+00:00
39fbd5d6-6339-4b08-b6c1-a10b5ed51fa2,200,1,1,416,WordPress,"Med Spa in Santa Rosa and Marin, CA | Morpheus",good,,2026-06-22T12:53:12+00:00
a0ae5393-a5cf-4dec-80aa-d377a1cbb378,200,1,1,996,WordPress,"Aesthetic Physicians in Petaluma, CA | Institute for Health Management Aesthetics",good,,2026-06-22T12:53:12+00:00
3de16e69-4725-46bb-8336-0839a7f260bb,404,0,1,1749,WordPress,Page not found &#8211; Sunrise Foot Reflexology,broken,,2026-06-22T12:53:12+00:00
0a3771c5-5da8-40b4-a97d-3303c7e47705,200,1,1,828,WordPress,Medical Aesthetics Clinic Santa Rosa | Medspa in Santa Rosa,good,,2026-06-22T12:53:12+00:00
0490bf75-aca6-4e8a-b72b-367b672480b8,200,1,1,1278,WordPress,Allume Med Spa,good,,2026-06-22T12:53:12+00:00
bc5a068f-11d4-45f2-807c-9cd9c1157387,200,1,1,195,Squarespace,Sonoma Med Spa by Catalina,good,,2026-06-22T12:53:12+00:00
7dc5b312-4e86-4d5c-bc76-91b1366c54f9,200,1,1,2792,WordPress,"Joe Linn Massage - Petaluma, CA - Certified Massage Therapist",good,,2026-06-22T12:53:12+00:00
a01fcc50-aaf6-486a-ad09-48b421f9a562,200,1,1,660,WordPress,SkinCeuticals SkinLab™ Napa Valley by Duncan Dermatology,good,,2026-06-22T12:53:13+00:00
497f04fa-7e3e-48ce-a7d5-fc6ec1af5941,200,1,1,3034,,GACOR69 : Link Slot Gacor Situs Resmi Hari Ini Slot777 Gampang Maxwin,good,,2026-06-22T12:53:13+00:00
5a6551a7-a438-4d14-98d1-8aea50d8ee51,200,1,1,452,Squarespace,"Sonoma MD Medical Spa - Sonoma MD Medical Spa | Botox, Fillers &amp; Skin Rejuvenation in Sonoma CA",good,,2026-06-22T12:53:13+00:00
5ed40405-5b24-46cc-b96c-ed0f0edf260a,404,1,0,299,Squarespace,Squarespace - Website Expired,broken,,2026-06-22T12:53:13+00:00
77e13576-7e6f-4d48-b501-94d18a946a23,404,1,0,234,Squarespace,Squarespace - Website Expired,broken,,2026-06-22T12:53:13+00:00
5292af9a-03ce-4784-b115-ba677af2c4bd,200,1,1,212,,Levant | Halal Mediterranean Restaurant Petaluma,good,,2026-06-22T12:53:13+00:00
27fb9d06-d9f4-4b31-8ff5-c22999e3900b,200,1,1,2930,WordPress,Serenity Massage Therapy | A calming oasis of massage,good,,2026-06-22T12:53:13+00:00
1861395c-735e-4838-a820-05a026ac34d9,200,1,1,400,Squarespace,thriveMD,good,,2026-06-22T12:53:13+00:00
3fa4c72d-5f7e-4e31-b00f-23cfb6536fdf,0,0,0,114,,,broken,connection failed,2026-06-22T12:53:13+00:00
2854f429-62e6-465d-99e6-ba61d287fb8c,0,0,0,70,,,broken,connection failed,2026-06-22T12:53:13+00:00
c2ba2958-c450-446f-9b4d-88134027b6d5,401,1,1,236,Squarespace,Private Site,broken,,2026-06-22T12:53:13+00:00
11bd414c-29b5-4008-8f90-2a2b5c0c2e2d,200,1,1,386,Squarespace,Del Valle Mexican Restaurant,good,,2026-06-22T12:53:13+00:00
239aa5cd-37a6-4b42-9375-a2320a96d5ec,0,0,0,710,,,broken,"ssl: HTTPSConnectionPool(host='www.kalimerabarandgrill.com', port=443): Max retries exceeded with url: / ",2026-06-22T12:53:13+00:00
4dd8532e-3788-4826-a58e-f4c0d018e0e4,200,0,0,137,,,weak,,2026-06-22T12:53:13+00:00
12dff6f8-8605-4ee0-a4bd-c2f7613f2bc4,200,1,1,392,Squarespace,El Milagro,good,,2026-06-22T12:53:13+00:00
538c5147-dbad-4285-bca9-ce2b8ddd6370,0,0,0,115,,,broken,connection failed,2026-06-22T12:53:13+00:00
f0e38a0a-9a00-4d70-9786-1702791753f0,403,0,1,215,,403 - Forbidden,broken,,2026-06-22T12:53:13+00:00
7e054627-c022-4a40-b56a-36fb83e2c5f2,200,1,0,871,,"Liora Estate | Luxury Hotel In Healdsburg, CA | Healdsburg Boutique Hotel",weak,,2026-06-22T12:53:14+00:00
afad9016-875a-4f49-9be3-a50283fd3a70,200,0,0,166,,La Hacienda Taqueria,weak,,2026-06-22T12:53:14+00:00
4314669c-68de-43d4-9f64-20ad3c42e74d,200,1,1,200,,"Home - La Hacienda del Toro - Mexican Restaurant in Santa Rosa, CA",good,,2026-06-22T12:53:14+00:00
7589cb9b-36f8-4e15-9061-073d62e3cd9b,200,1,1,335,,Home | La Casa Restaurant,good,,2026-06-22T12:53:14+00:00
55bd6ac4-ad9e-4133-abe1-7320ca73b137,200,1,1,2474,Wix,Acne Treatments | Relaxation Skin Spa &amp; Acne Clinic | United States,good,,2026-06-22T12:53:14+00:00
531b7681-8069-4167-8768-7a1f8437f15a,404,1,0,411,,404 Not Found,broken,,2026-06-22T12:53:14+00:00
78122599-ae08-4ab4-a097-a5c641c68b6a,200,1,1,1493,GoDaddy,Barrio Sebastopol &#8211; Fresca Cocina Mexicana,good,,2026-06-22T12:53:14+00:00
842ab096-36fc-42a4-8132-77583b0306ba,404,1,1,664,,Page Not Found,broken,,2026-06-22T12:53:14+00:00
fa91c56d-83e6-476e-a722-cc256f401590,200,1,1,6729,,Sweet Summer Spa,weak,,2026-06-22T12:53:14+00:00
0568adcf-7f88-4fda-9995-bc9d3de5fba5,200,1,1,175,,Online Ordering | Clover,good,,2026-06-22T12:53:14+00:00
70053475-c463-4ee7-a00e-4534024d1089,404,1,1,1133,WordPress,Page Not Found - Chowhound,broken,,2026-06-22T12:53:14+00:00
edbfd14e-b55e-464b-bcf8-bec308d530f5,404,1,1,167,,Page Not Found,broken,,2026-06-22T12:53:14+00:00
5a63d649-c332-4291-9e53-4fe7819479ca,200,1,1,2108,,"Sunshine Body Sculpting | Health &amp; Beauty in Santa Rosa, CA",good,,2026-06-22T12:53:14+00:00
ad0063d1-82de-485f-9735-ebe9d3f1f98e,0,0,0,101,,,broken,connection failed,2026-06-22T12:53:14+00:00
9f5b6d51-9aa1-4bac-971c-eaa44953bb71,0,0,0,15453,,,broken,timeout,2026-06-22T12:53:14+00:00
376dd12b-ae1a-4d19-b106-35defe343123,0,0,0,0,,,broken,InvalidURL: Failed to parse: http://www.​facebook.​com/​TaqueriaLaFiesta,2026-06-22T12:53:14+00:00
4e6d8b37-c62c-4d9d-b8cc-6fcb371c2724,404,1,0,252,Squarespace,Squarespace - Website Expired,broken,,2026-06-22T12:53:15+00:00
bde52a87-40b9-421a-a8cd-d35c1c38f571,200,1,1,473,GoDaddy,"Los Gallos Taqueria, Rohnert Park",good,,2026-06-22T12:53:15+00:00
666bfac1-541f-45e1-8f11-a049df0e1717,200,1,1,264,,âTlahco Mexican Grill App - App Store,good,,2026-06-22T12:53:15+00:00
61c82dca-0410-43a2-924d-601807db1828,200,1,1,195,,"Taqueria Los Potrillos — Authentic Mexican Food in Petaluma, CA",good,,2026-06-22T12:53:15+00:00
8e38cd73-67ca-4263-b6ff-9050b1a5925a,0,0,0,38,,,broken,connection failed,2026-06-22T12:53:15+00:00
6702ce4f-2d8d-490a-96a6-0e834a858107,200,1,1,415,,"Taqueria Las Palmas in Santa Rosa, CA – Reviews, Hours, and Contact Details",good,,2026-06-22T12:53:15+00:00
b7cf0f30-bccd-4714-b21f-6099523e18f5,200,0,1,324,,coffeebarworld.website&nbsp;-&nbsp;This website is for sale!&nbsp;-&nbsp;coffeebarworld Resources and Information.,weak,,2026-06-22T12:53:15+00:00
a566b289-8a7e-41a4-8a5f-23cad59bd682,200,1,1,507,,"Taqueria California â Bold Flavors, Fresh Traditions.",good,,2026-06-22T12:53:15+00:00
2a85f432-347f-4abe-8ca0-03903f1d396e,200,1,1,265,WordPress,"Tommy&#039;s Salsa, Novato Mexican Restaurant. Fresh, authentic food",good,,2026-06-22T12:53:15+00:00
be2b2177-62d9-407c-9f13-c4ebe0c3bb2f,200,1,1,762,Wix,"Quiote Mexican Restaurant | visit petaluma | 121 Kentucky St, Petaluma, CA 94952, USA",good,,2026-06-22T12:53:15+00:00
770f6cc0-4b27-4a68-a83c-5f426eebe9ae,0,0,0,244,,,broken,"ssl: HTTPSConnectionPool(host='www.amh-loans.com', port=443): Max retries exceeded with url: / (Caused by",2026-06-22T12:53:15+00:00
c6eba0e8-8fba-454d-a782-e9c7c800fc21,200,1,1,2685,WordPress,Suit Up Fashion,good,,2026-06-22T12:53:15+00:00
bf86c0d2-49c0-4403-9eef-558af66b163b,200,1,1,546,WordPress,"Foodie - Live a Delicious Life: Kitchen Tips, Culinary History, Restaurant Recs",good,,2026-06-22T12:53:15+00:00
8e03da60-a83b-4ece-bd79-40d4f031aaf5,200,0,0,159,,,weak,,2026-06-22T12:53:15+00:00
56ee1430-48be-4f48-b3a4-9a80a4978c76,404,0,1,1668,WordPress,Page not found - Las Guitarras de Novato,broken,,2026-06-22T12:53:15+00:00
1226f77c-b207-4587-b723-72bd0130d51a,200,1,1,2265,GoDaddy,"Home - El Roy&#039;s Express Mex, Inc.",good,,2026-06-22T12:53:15+00:00
64fe60e9-05ca-4de1-8745-cc20615c8c21,200,1,1,409,,Mortgage Lender & Home Loan Financing | CMG Financial,good,,2026-06-22T12:53:16+00:00
e8c70dde-425f-46f9-8166-f06476926ba8,200,0,0,265,,Clear2Close Brokers,weak,,2026-06-22T12:53:16+00:00
13fcaa35-09b3-4a11-8b06-522c5208acf2,200,1,1,263,WordPress,"Home Loans in Petaluma, CA Branch #4040 | CrossCountry Mortgage",good,,2026-06-22T12:53:16+00:00
d6bb4a5b-0e95-4d20-913a-c72a701e3439,200,1,1,647,Weebly,,good,,2026-06-22T12:53:16+00:00
2d5956d9-8f50-4345-b0a6-699503126903,200,1,1,107,WordPress,"Home Loans in Petaluma, CA Branch #4040 | CrossCountry Mortgage",good,,2026-06-22T12:53:16+00:00
4e6835ed-fa19-4a88-a811-ac3984062ed8,200,1,0,217,,Consumer Access - Browser Warning,weak,,2026-06-22T12:53:16+00:00
14b8522b-3301-4d93-ac21-bd7a8aff9601,200,1,1,867,,"Zapata Taqueria | Halal Mexican Food in Santa Rosa, CA",good,,2026-06-22T12:53:16+00:00
af895494-6691-4650-b19d-4d0c475b82a0,0,0,0,237,,,broken,"ssl: HTTPSConnectionPool(host='advisor.kind-lending.com', port=443): Max retries exceeded with url: /paul",2026-06-22T12:53:16+00:00
600e2ee4-601b-48ab-807d-acc83ec0a1eb,404,1,1,231,,,broken,,2026-06-22T12:53:16+00:00
8c5eb66e-3f74-451f-8c3d-d2d2d1ef62d6,200,1,1,311,,"Nancy Weaver — 4.99★ Mortgage Loan Officer in Santa Rosa, CA",good,,2026-06-22T12:53:16+00:00
14337473-88fe-42be-b5bc-dd864f33d0a7,200,1,1,428,,Nations Lending - home loans made human :),good,,2026-06-22T12:53:16+00:00
b9636daa-18f2-4231-869e-6f272f41f47d,403,0,1,131,,CNAME Cross-User Banned | Cloudflare,broken,,2026-06-22T12:53:16+00:00
65930fc4-b20e-4195-8810-fc7ec7537dd0,0,0,0,121,,,broken,connection failed,2026-06-22T12:53:16+00:00
7d290518-67d4-489e-997e-03826d527551,0,0,0,108,,,broken,connection failed,2026-06-22T12:53:16+00:00
250cd4af-b5d9-45fd-9b61-082fe206b8d7,404,1,1,1023,Webflow,Not Found,broken,,2026-06-22T12:53:16+00:00
8694225f-d7d4-455b-8375-a1f759bfb942,200,1,1,1972,WordPress,Mi Ranchito &#8211; Mexican Cuisine,good,,2026-06-22T12:53:16+00:00
331b889e-6c70-48b8-9b2e-fd4b3769b799,200,1,1,346,WordPress,"Homebridge Financial Services, Inc.",good,,2026-06-22T12:53:16+00:00
8e696bf3-41a3-491c-95f9-f9b826698d37,200,1,1,550,WordPress,Point Reyes Lodging | Motel Inveness | Point Reyes National Seashore Vacation,good,,2026-06-22T12:53:17+00:00
703b1871-1bcf-45c3-be02-13de485728db,200,1,1,592,Squarespace,ARTxDECO Nail Studio,good,,2026-06-22T12:53:17+00:00
1a1ec8d1-3155-417d-b3ca-fd3413471ccd,404,1,1,219,,Page Not Found - MapQuest,broken,,2026-06-22T12:53:17+00:00
e132916d-6fd8-4f58-8516-c60349a0ca7a,200,1,1,860,WordPress,Tony Falbo - Homeowners Financial Group,good,,2026-06-22T12:53:17+00:00
4ee3def3-4f09-41f5-b7b4-15521c50e685,200,1,1,2450,Wix,HOME | Tamales Mana,good,,2026-06-22T12:53:17+00:00
b4a179d6-c41a-4d8e-8f22-4aa2681e27c6,0,0,0,8,,,broken,connection failed,2026-06-22T12:53:17+00:00
849139ae-60a2-4220-bc1e-18287bda9fe2,0,0,0,155,,,broken,connection failed,2026-06-22T12:53:17+00:00
7e06e6ee-77d6-4918-8944-7af17ee89527,0,0,0,107,,,broken,connection failed,2026-06-22T12:53:17+00:00
8bbe9f91-d887-470d-89b7-c93128322d5a,200,1,0,213,,Apache Tomcat Examples,weak,,2026-06-22T12:53:17+00:00
7ab7a42a-d9e4-481d-8c18-2de3f59e4cb8,200,1,1,1067,,VARRIS Mortgage Solutions: The secret to low mortgage rates in Califoria,good,,2026-06-22T12:53:17+00:00
0de2e728-873a-4bb1-8b65-7d2f3ca23ad8,200,1,1,304,Webflow,Luxury Vacation Home Rentals &amp; Private Villas | BeautifulPlaces,good,,2026-06-22T12:53:17+00:00
5f45e534-9d47-4d7f-9869-b126a54518b0,0,0,0,103,,,broken,connection failed,2026-06-22T12:53:17+00:00
44f7a0c3-c2b7-4862-aa2f-5fe5cffdf446,200,1,1,17686,WordPress,"Passalacqua, Mazzoni, Gladden, Lopez &amp; Maraviglia, LLP | Estate Planning, Trusts and Probate, Business Law, Real Estate, Litigation, and Family Law",weak,,2026-06-22T12:53:17+00:00
6f97dd39-d6cd-4bd1-a427-258fb0729a66,200,1,1,138,Webflow,"Divine Spa Pedi, Day Spa, 2770 Stony Point Rd Ste D",good,,2026-06-22T12:53:17+00:00
8335376b-a820-4a92-aac6-880353e05863,404,1,1,1852,Webflow,Not Found,broken,,2026-06-22T12:53:17+00:00
a43adaf0-2995-49b6-a9dc-0148a40e4e93,200,1,1,237,GoDaddy,TheEliteNails.com is for sale | HugeDomains,good,,2026-06-22T12:53:17+00:00
44934cdb-dd9b-4efc-84e0-c4dacd3cd56a,0,0,0,48,,,broken,connection failed,2026-06-22T12:53:17+00:00
60681599-7ece-4085-b219-2ab7838401ed,200,1,1,404,,Classy Nails,good,,2026-06-22T12:53:17+00:00
d26c9539-64ed-4047-aaa1-d83fe0c94b32,200,1,1,260,,"Hi Nails & Spa - Best Nail Salon in Santa Rosa, CA 95409",good,,2026-06-22T12:53:17+00:00
ae140792-d1b4-46f2-9ff9-0a7454ce5dcc,200,1,1,183,Squarespace,KMR Skincare Massage Nails,good,,2026-06-22T12:53:17+00:00
41ae1ce2-e074-45b1-83ae-280cf7be216f,403,1,0,416,,,broken,,2026-06-22T12:53:17+00:00
ef4f7a6d-6542-4cf9-8bcb-46477cf5c569,200,1,1,1538,WordPress,Seacliff Motel,good,,2026-06-22T12:53:18+00:00
75df7e77-a39e-41f6-8ccc-43d4f2bb97d4,200,1,1,157,Webflow,"LA Belle Nail Spa, Manicurists, Pedicurist, 1 Market St",good,,2026-06-22T12:53:18+00:00
0e046dee-7df5-4c8c-a47f-f19530dc65ec,200,1,1,2014,WordPress,"Richard McChinak - Petaluma, CA Mortgage Loan Officer | CrossCountry Mortgage",good,,2026-06-22T12:53:18+00:00
3688edc6-7475-42b1-b398-8283ba819d71,403,1,1,152,,Attention Required! | Cloudflare,broken,,2026-06-22T12:53:18+00:00
3bb30e50-64ab-4434-81f6-e54d7950b30d,0,0,0,170,,,broken,connection failed,2026-06-22T12:53:18+00:00
d656f60a-c45c-4493-bcbd-523b0a55d6be,403,1,0,97,,,broken,,2026-06-22T12:53:18+00:00
03355e85-4857-4407-b2b6-97a6fe8d6ed5,200,0,1,341,,"Nails 4 U | Premier nail salon in Santa Rosa, CA 95401",weak,,2026-06-22T12:53:18+00:00
e9c2debd-4b19-4afb-9a3a-9e1591e94ebb,0,0,0,138,,,broken,connection failed,2026-06-22T12:53:18+00:00
888b1489-d199-4cb9-8963-5c9b3638b299,200,0,0,825,,Indulgence Nails and Day Spa,weak,,2026-06-22T12:53:18+00:00
de825b0a-01c9-497a-a518-52aeb0313cf2,403,1,1,827,,403 - Forbidden,broken,,2026-06-22T12:53:18+00:00
62073413-4804-4e5a-8149-957552259c7c,200,1,1,513,,NEO Nails spa | Petaluma [ Book now ],good,,2026-06-22T12:53:18+00:00
d8c4d017-30a0-494e-9b57-afd5ae51f04f,200,1,1,801,,California Board of Barbering and Cosmetology,good,,2026-06-22T12:53:18+00:00
0c4c2528-561e-446a-af40-61325691d319,200,0,1,364,,"Pure Bliss Nail Spa | Nail salon in Rohnert Park, CA 94928",weak,,2026-06-22T12:53:18+00:00
fa640892-5138-4f54-bc7e-f5c04cc55c7c,200,1,1,1932,WordPress,"Allure Nails &amp; Spa | Nail salon in Petaluma, California &#8211; Best Nail Salon in Petaluma",good,,2026-06-22T12:53:18+00:00
eb93428f-c232-4d9e-a463-08c45aa7b5e1,200,0,1,327,,Rainbow Nails Spa,weak,,2026-06-22T12:53:18+00:00
873d463f-991e-4a0b-93d1-6c69f7dd9ea2,200,1,1,906,,California Board of Barbering and Cosmetology,good,,2026-06-22T12:53:18+00:00
5c80c003-3941-4045-b951-92d9b9cda518,200,1,1,365,Wix,HOME | Quynh's Nail Spa,good,,2026-06-22T12:53:18+00:00
38f0b88e-5a29-48b9-a7b0-fae9b54d6a9e,200,1,1,136,,Shiloh Nails &amp;amp; Spa funnel,good,,2026-06-22T12:53:18+00:00
1ebf6cea-c642-4ebb-8bad-f1e9dacd33d5,200,1,1,2751,WordPress,Guarantee Mortgage | Home Mortgages and Home Loans,good,,2026-06-22T12:53:19+00:00
119dedd8-d96f-4898-98d9-9a1535d541e3,200,1,1,797,,California Board of Barbering and Cosmetology,good,,2026-06-22T12:53:19+00:00
43d4d186-6d87-415a-825e-82280cb7ee3c,200,1,1,273,,"Nail Salon 94931 | Star Salon and Spa Cotati of Cotati, CA | Manicure, Pedicure, Enhancement, Dip Powder, Eyelash & Brows, Waxing",good,,2026-06-22T12:53:19+00:00
1b0ac585-8ca3-4ff0-8781-66ce0d4cd388,200,1,1,1274,,Home - La Belle Nail Lounge,good,,2026-06-22T12:53:19+00:00
7bb24202-ba25-4e3c-b53f-155dad63c4af,200,1,1,457,,LLDTEK Inc.,good,,2026-06-22T12:53:19+00:00
3960e069-284b-49e9-8c7e-1aff8222a642,403,1,1,151,,Just a moment...,broken,,2026-06-22T12:53:19+00:00
4285c4bc-e0c6-423f-a83d-427b9ab0b890,403,1,0,370,,,broken,,2026-06-22T12:53:19+00:00
47b2fb5c-bf30-40d1-8dc2-3394029c8bb7,0,0,0,150,,,broken,connection failed,2026-06-22T12:53:19+00:00
c3f5e919-f433-4aff-80cb-2a4c7a705d9e,200,1,1,599,GoDaddy,Buy rohnertparknailsalon.com – Premium Expired .com Domain on GoDaddy | ExpiredDomains.com,good,,2026-06-22T12:53:19+00:00
8d4c0482-4a78-4f83-994c-3be07c420434,200,1,1,961,,Groupon® Official Site - Find Local Deals Near You,good,,2026-06-22T12:53:19+00:00
9926727e-0596-45cd-9f92-87f854ffd73a,200,1,1,3458,WordPress,"Jennifer Guerra, Senior Loan Officer, NMLS ID #453569",good,,2026-06-22T12:53:19+00:00
483373b9-33b9-4c8f-9a97-dc795d2f70ab,200,1,1,641,,"Super Nails 1525 Farmers Ln, Santa Rosa, CA 95405 - superpages.com",good,,2026-06-22T12:53:19+00:00
9b311ead-b43e-4883-ba73-71f29433adc7,200,1,1,311,Wix,Top Optometrists in Santa Rosa - Empire Optometry,good,,2026-06-22T12:53:19+00:00
718a6435-c5ba-482b-a4e7-45409e3e0482,200,1,1,291,Wix,Top Optometrists in Santa Rosa - Empire Optometry,good,,2026-06-22T12:53:19+00:00
8713ad7d-7fe4-4116-ae70-91bb10576773,200,1,1,315,,Optometrist in North Santa Rosa | North Santa Rosa Eye Doctor | Santa Rosa Eye Doctor,good,,2026-06-22T12:53:19+00:00
463d86bd-79ad-49e8-8034-bf01ed433cec,200,0,1,478,WordPress,Clavey Paddlesports | Kayaks | Stand Up Paddleboards | Rafts,weak,,2026-06-22T12:53:19+00:00
c0cf1f8c-9918-4889-aa0e-bfb6582b128c,200,1,1,142,Webflow,"Eyes On the Green Optometry, Physicians, Surgeon, 820 Mcclelland Dr",good,,2026-06-22T12:53:19+00:00
858f45c9-4c04-4b8b-b82d-af3e7c21aa93,200,1,1,616,GoDaddy,Windsor Nails Spa: Your Best Nails Destination,good,,2026-06-22T12:53:19+00:00
83664b61-6184-4dd7-bde1-18c8ad001757,200,0,0,140,,Default Web Page,weak,,2026-06-22T12:53:19+00:00
a5be0d58-aebc-40e5-8738-5161ab4dd17c,200,0,1,197,,"Eye Doctor | St. Helena, California | Julie M. Perry MD",weak,,2026-06-22T12:53:19+00:00
39dc88a1-b4ff-41ba-93d0-06371815fe23,200,0,1,128,WordPress,"Bales &amp; King Orthodontics | Invisalign &amp; Braces in Novato &amp; Santa Rosa, CA",weak,,2026-06-22T12:53:19+00:00
a7d77963-ce8c-4ebe-bbea-ae83250f4719,200,1,1,270,GoDaddy,Santa Rosa Optometry &#8211; Results you can see,good,,2026-06-22T12:53:19+00:00
b5b174b4-c91b-4f4a-a264-4a8698cbec24,200,1,1,165,WordPress,"Bales &amp; King Orthodontics | Invisalign &amp; Braces in Novato &amp; Santa Rosa, CA",good,,2026-06-22T12:53:19+00:00
79a0bfd9-e73b-4e6c-bc87-cab8c981a2cb,404,0,0,704,WordPress,"Dean Ezaki, O.D. &raquo; Page not found",broken,,2026-06-22T12:53:19+00:00
6f469c44-e950-4545-aa9d-0640f2145477,200,1,1,371,Weebly,Home,good,,2026-06-22T12:53:19+00:00
0de886e9-c4df-499c-8a78-67308033dc32,200,1,1,250,GoDaddy,Optometrist Sebastopol - Expert Eye Care Services | Sebastopol Optometry,good,,2026-06-22T12:53:19+00:00
aeb30a32-ad17-4430-8f84-24a5213de4bc,200,1,1,412,Squarespace,Lyons Optometry,good,,2026-06-22T12:53:19+00:00
c1d70aec-5c4b-4a19-ae96-8171091168e2,429,1,1,514,,Just a moment...,broken,,2026-06-22T12:53:19+00:00
6e78aac0-f1dc-4f66-9c2c-993e021de4d1,200,1,1,278,WordPress,"Orthodontist in Sonoma | Laurent Orthodontics | Braces, Invisalign",good,,2026-06-22T12:53:20+00:00
669c9253-81d3-4c4d-a0a6-4b05bc93e426,200,1,1,1489,WordPress,Tiara Salon,good,,2026-06-22T12:53:20+00:00
2ab68204-48bf-4ce7-beec-b1aa8d6deab9,0,0,0,359,,,broken,"ssl: HTTPSConnectionPool(host='www.sonomacountyorthodontics.com', port=443): Max retries exceeded with ur",2026-06-22T12:53:20+00:00
3f444db8-4c15-4c74-88c3-602f7e728c7c,200,1,1,450,,Nielsen Orthodontics | Novato Orthodontics | Tiburon Orthodontics | Orthodontist | Invisalign | Braces,good,,2026-06-22T12:53:20+00:00
80c0a44b-8bf8-4899-9084-47b6dd44853a,200,1,1,1701,,Shangri-la Nail And Spa,good,,2026-06-22T12:53:20+00:00
12cca648-43ce-4a7f-a86d-ff3724bf8208,0,0,0,502,,,broken,"ssl: HTTPSConnectionPool(host='www.marinbraces.com', port=443): Max retries exceeded with url: / (Caused ",2026-06-22T12:53:20+00:00
2a58ee89-f704-4e4d-9f66-b46d505fbaa0,200,1,1,204,,"Orthodontist in Rohnert Park, CA | Braces & Invisalign | SoulSmile Orthodontics",good,,2026-06-22T12:53:20+00:00
01eb80e9-7baa-4be4-8356-5ecf7c30bdec,0,0,0,418,,,broken,"ssl: HTTPSConnectionPool(host='www.sonomacountyorthodontics.com', port=443): Max retries exceeded with ur",2026-06-22T12:53:20+00:00
f4f206d8-ee7f-4ebd-881c-a40d1787ce9e,403,0,1,110,,403 - Forbidden,broken,,2026-06-22T12:53:20+00:00
b302c91f-ae50-4165-b421-cbd368365451,200,1,1,173,WordPress,Licensed Asphalt Paving General Contractor | Pimentel Paving Inc.,good,,2026-06-22T12:53:20+00:00
ec7dd5d4-0c84-46bb-8d49-b8f9b0dd260a,200,1,1,1623,WordPress,Dedicated Eye Doctors in Petaluma | Bright Eyes Optometry,good,,2026-06-22T12:53:20+00:00
1dc16038-f3f6-4b77-b841-2f2d8ff79e9b,200,1,1,1633,WordPress,Eye Doctors &amp; Comprehensive Eye Exam | Total Vision Novato,good,,2026-06-22T12:53:20+00:00
df61f1ad-dc2a-4f7e-aa4c-00b8f0b854ba,200,1,1,498,GoDaddy,SoCo Dental Group Serving Rohnert Park for Braces &amp; Invisalign,good,,2026-06-22T12:53:20+00:00
4891eb8d-f5dd-49b1-a2e1-13370ee35efb,200,1,1,393,,Dax Entertainment: Sonoma County DJ &amp; Event Services in Santa Rosa &amp; Beyond,good,,2026-06-22T12:53:20+00:00
54b0aa5e-2f58-4436-aaf5-762b3c0e17c3,0,0,0,113,,,broken,connection failed,2026-06-22T12:53:20+00:00
1e186cbd-8982-4471-b09c-d379946c4365,200,1,1,510,WordPress,Orthodontist Novato CA Invisalign Braces | Wilson and Kim Orthodontics,good,,2026-06-22T12:53:20+00:00
97e802fc-9a81-4b1b-84b1-46a245f78a5f,500,0,1,529,WordPress,Database Error,broken,,2026-06-22T12:53:20+00:00
a1bb4b81-7a7d-4d3a-97ee-1fc95e7282bb,200,1,0,1105,WordPress,"Chan Orthodontics - Sebastopol, CA | Chan Orthodontics",weak,,2026-06-22T12:53:20+00:00
cc29dec5-f586-4208-bbc9-56bb67664924,200,1,1,1121,Wix,"Orthodontist in Santa Rosa, CA | Invisalign &amp; Braces | GreenTree Orthodontics",good,,2026-06-22T12:53:20+00:00
e3ddfec3-3fc1-4c8a-8b49-33978fbfefa5,200,1,1,217,Webflow,Pediatric Dentist in Petaluma | Petaluma Kids Dental Care,good,,2026-06-22T12:53:21+00:00
a5621671-d48c-4fb9-b3c6-7380494f5553,200,1,1,1181,WordPress,"Healdsburg Orthodontist | Healdsburg Orthodontics | Healdsburg, CA",good,,2026-06-22T12:53:21+00:00
0e2e91f8-7bdb-49b9-9e02-0e5331c797d6,200,1,1,247,Webflow,"Pediatric Dentist in Novato, CA · Board-Certified | Poppy Kids",good,,2026-06-22T12:53:21+00:00
8dcfc61c-10c8-4da6-ada4-6bf23e3c22aa,400,0,0,199,,400 Bad Request,broken,,2026-06-22T12:53:21+00:00
85914a4c-b51e-4d5a-b0fc-4939e7a19517,200,0,0,253,,Up Valley Pediatric Dentistry - Welcome to Up Valley Pediatric Dentistry!,weak,,2026-06-22T12:53:21+00:00
6f56e995-7e24-48dc-9f02-8afa795da389,0,0,0,524,,,broken,"ssl: HTTPSConnectionPool(host='www.novatopediatricdentistry.com', port=443): Max retries exceeded with ur",2026-06-22T12:53:21+00:00
9ce18786-c056-44ae-a5e6-3b94f72e86bc,200,1,0,670,,United Striping 101 - Your Custom Striping Contractors for Northern California,weak,,2026-06-22T12:53:21+00:00
d3649c37-ccb1-41fe-b5c0-c0ebbd5022ff,403,0,1,200,,403 - Forbidden,broken,,2026-06-22T12:53:21+00:00
8768e7d4-6d89-4585-bc8d-5c4ff75d911c,200,1,1,324,Webflow,Trusted Personal Injury Law Firm - Young Law Group,good,,2026-06-22T12:53:21+00:00
e670ce61-6303-451a-b80e-6e58df08ce6e,403,0,1,158,,403 - Forbidden,broken,,2026-06-22T12:53:21+00:00
14d929e5-55a6-4c8d-b233-4e4029e69952,200,1,1,665,GoDaddy,Home - Sahouria Pediatric Dentistry &amp; Orthodontics,good,,2026-06-22T12:53:21+00:00
cac9d3e9-4da1-41e7-833a-cbaf027ef762,200,1,1,534,,Levitz Legal Group – Novato Work Comp &amp; Injury Lawyer,good,,2026-06-22T12:53:21+00:00
2ae75158-a18a-443b-9d15-d8aaa84bdd9a,200,1,1,511,WordPress,Santa Rosa Personal Injury Lawyer [Top-Rated] Injury Attorneys,good,,2026-06-22T12:53:21+00:00
72f120f2-f3ca-413e-a4f3-baa25cba50d7,200,1,1,747,WordPress,"Pediatric Dentist in Sonoma, CA | Sonoma Pediatric Dentistry",good,,2026-06-22T12:53:21+00:00
b2476195-ab6b-48a1-9123-bd3e36ac4436,403,0,1,331,,403 - Forbidden,broken,,2026-06-22T12:53:21+00:00
d77f8a8e-a730-4239-9aad-20c65aedcba7,200,1,1,578,GoDaddy,Catering Services &amp; Curated Culinary Experiences | Allikai Group Sonoma,good,,2026-06-22T12:53:21+00:00
735da109-fe7f-432b-8069-4562cf979bdb,0,0,0,418,,,broken,"ssl: HTTPSConnectionPool(host='www.quinuarestaurant.com', port=443): Max retries exceeded with url: / (Ca",2026-06-22T12:53:21+00:00
b355bd31-bbca-426a-9d55-e16debf58c84,200,1,1,205,Squarespace,Vintage Dog Ranch,good,,2026-06-22T12:53:21+00:00
c2c72ac1-5610-4038-b0ae-97e86ecf2b87,200,1,1,271,Squarespace,Park-A-Pup,good,,2026-06-22T12:53:21+00:00
b559045f-6d7a-4bdd-9d51-883ee1ca2735,0,0,0,37,,,broken,connection failed,2026-06-22T12:53:21+00:00
26f4276e-35f0-4e53-a8d6-48c341d72c85,200,0,1,305,,,weak,,2026-06-22T12:53:21+00:00
1729068c-0bb9-477d-a8f6-c48aedd64334,0,0,0,14,,,broken,connection failed,2026-06-22T12:53:21+00:00
ce926a10-e8ee-4d02-8601-71c11bb9a02f,200,0,0,200,GoDaddy,Home,weak,,2026-06-22T12:53:22+00:00
b4786e97-1d7e-4d31-ae3f-e0299ba3e238,200,1,1,313,WordPress,MUD HAPPENS | Formerly Our Family Drywall &amp; Painting,good,,2026-06-22T12:53:22+00:00
b38130f8-ec85-400d-9156-134504a8c883,200,1,1,487,GoDaddy,Honey Hill Aussies,good,,2026-06-22T12:53:22+00:00
9aeb9a03-7c24-47bb-ab18-7e7b08707900,200,1,1,182,GoDaddy,Sebastopol Paw Spa,good,,2026-06-22T12:53:22+00:00
a9f46e6e-e04b-466d-a5f9-03aaa3985985,200,1,1,277,,Home,good,,2026-06-22T12:53:22+00:00
9d3fc372-c3d6-430e-ba1e-2cdd0b279729,200,0,0,273,Weebly,Home,weak,,2026-06-22T12:53:22+00:00
e3f4a41d-a01f-4922-a834-9222bb5af0a1,200,1,1,1346,WordPress,"Rush Injury Law, Marin County, San Rafael, Novato",good,,2026-06-22T12:53:22+00:00
2559a51c-0867-4dfc-9fe7-be892cdc1072,0,0,0,32,,,broken,connection failed,2026-06-22T12:53:22+00:00
48474a67-9609-477b-823d-2492fc0bd39e,0,0,0,8,,,broken,connection failed,2026-06-22T12:53:22+00:00
7bdf662f-e07d-4c85-a602-6d94a5ea98ff,200,1,1,700,GoDaddy,"Drooly Dogue Pet Grooming - Custom Hair Cuts, Pet Groomer, Hair Cuts and De-Shed Baths, Custom Hair Cuts",good,,2026-06-22T12:53:22+00:00
5907202f-679e-4662-b43e-e44760be8c09,0,0,0,157,,,broken,connection failed,2026-06-22T12:53:22+00:00
fb2e4dce-29b6-4f16-8ef4-1774992a8e81,0,0,0,102,,,broken,connection failed,2026-06-22T12:53:22+00:00
b6076b86-45be-49e7-9bcf-c900e44550fe,200,1,1,465,,Home,good,,2026-06-22T12:53:22+00:00
39940712-894c-4529-b65f-0897487a40f3,200,1,1,1850,Joomla,"Santa Rosa Personal Injury Lawyers | Attorney Julia J. Parranto | Sonoma County, CA",good,,2026-06-22T12:53:22+00:00
0608134f-8944-49f4-9c49-8f3b692e2456,200,1,1,499,,Online booking - Wags,good,,2026-06-22T12:53:22+00:00
a53108aa-390f-4bc6-9148-d1900a918d98,200,1,1,1467,Wix,"Almost Home Doggie Daycare | dog daycare sebastopol | 4925 Gravenstein Highway North, Sebastopol, CA, USA",good,,2026-06-22T12:53:22+00:00
9c54b3d8-bcbc-4c80-9c65-72cf92f612e3,404,1,1,344,Wix,,broken,,2026-06-22T12:53:22+00:00
e1372e46-0786-4c7e-8cd6-dfb609c6900d,200,1,1,1195,WordPress,Curly Doodle Dog &amp; Sia Meeser Cat Grooming &#8211; Full service grooming in Sonoma County,good,,2026-06-22T12:53:22+00:00
c57a37e0-3185-4a1c-afe1-d85120215cd1,200,0,1,546,,ä¹ç«ä½è²Â·ä¹ç«å®æ¹ç½ç«-ä¹ç«online(ä¸­å½),weak,,2026-06-22T12:53:23+00:00
cc7665d6-fef7-4cd5-9397-0379df875bac,200,1,1,1376,,Home - Bark and Bath Pet Grooming,good,,2026-06-22T12:53:23+00:00
2227dd6e-b71a-423e-a839-8e4ead7dfcee,200,0,0,203,,Hunt &amp; Behrens Home Page,weak,,2026-06-22T12:53:23+00:00
977eda46-80bd-4534-8aa4-82724c19ed8d,200,0,0,232,,,weak,,2026-06-22T12:53:23+00:00
31be7970-2e1c-4bcc-b05e-d103f0cf8a14,200,1,1,326,Squarespace,Fideaux | Discover Pet Essentials Today,good,,2026-06-22T12:53:23+00:00
827245ca-d4d0-48d1-816d-69c73e289d44,200,1,1,728,,Doggonit Pet: Your Local Pet Wash and Supply Store | DogGonit Pet,good,,2026-06-22T12:53:23+00:00
9aa6ec99-27ba-4fd1-b3fa-b7d9eff66ac8,200,1,1,578,Shopify,Performance Equine Nutrition | Well-Being for Performance Horses,good,,2026-06-22T12:53:23+00:00
1fb0f393-377a-421d-a3f8-f4e121795c0f,200,1,1,450,GoDaddy,Wine Country Pet Boutique &amp; Spa - Home,good,,2026-06-22T12:53:23+00:00
4f879cc9-96ca-4341-a1a4-0b71f916e285,403,1,1,1923,,Just a moment...,broken,,2026-06-22T12:53:23+00:00
2d34f21e-073b-4561-b607-fda9e77e9999,200,0,1,1045,WordPress,"Debbies Pet Boutique &#8211; 1129 S. Cloverdale Blvd Cloverdale, CA 95425",weak,,2026-06-22T12:53:23+00:00
28851b82-8331-444c-8b52-27a361ae16e3,0,0,0,43,,,broken,connection failed,2026-06-22T12:53:23+00:00
da586be7-1345-4087-a09b-bdcc0e65c73d,200,1,1,3760,WordPress,Home | Petaluma Braces | Petaluma Dentists | Dentists in Petaluma,good,,2026-06-22T12:53:23+00:00
12405a96-b1d5-40ff-ad9e-3570cc4d4622,200,1,1,663,Shopify,Pet Food and Supplies - Order Online - Village Pets &amp; Supplies,good,,2026-06-22T12:53:23+00:00
b4eb3c0e-b89b-4f21-a2eb-4d411e0c9e20,200,1,1,735,Shopify,Please log in,good,,2026-06-22T12:53:23+00:00
cff90427-cf32-4ed5-82de-0db031ae10e5,200,1,1,290,GoDaddy,Low Back | Pain | Corrective Exercise and Restoration,good,,2026-06-22T12:53:23+00:00
21b3edcc-2df8-4bb2-831b-d8612e3c9ecc,200,1,1,316,Squarespace,KRATOS Performance &amp; Physiotherapy,good,,2026-06-22T12:53:23+00:00
38506c60-e3b5-4743-85ca-fe99b127dac6,200,1,1,406,Squarespace,Woof! Sonoma Dog Boutique,good,,2026-06-22T12:53:23+00:00
f2497db9-ccb9-43cc-9d9b-1d3ddfdc24a4,200,1,1,1261,WordPress,"Grooming &amp; Pet Boutique in Windsor, CA | Dog &amp; Hydrant",good,,2026-06-22T12:53:23+00:00
4dec8277-04ff-4a90-8825-b6208806bc96,403,0,1,231,,403 - Forbidden,broken,,2026-06-22T12:53:23+00:00
f162cda9-e97f-4c6b-bbd1-45b33d404fb9,200,1,1,354,Wix,"Rivertown Physical Therapy | Dr. Justin Weeks, PT, OCS | Petaluma, CA",good,,2026-06-22T12:53:24+00:00
90d81949-6663-4514-bb28-a8c26f001806,200,1,1,246,Squarespace,Calistoga Pilates,good,,2026-06-22T12:53:24+00:00
a8b568af-c0ad-4a63-bfe6-456ed72d731f,200,1,1,2671,WordPress,"Balanced Behavior &#8211; Dog Training, Boarding and Daycare in Windsor, CA",good,,2026-06-22T12:53:24+00:00
18f97870-87f5-4089-9bb8-819e7a9739d9,200,1,1,325,Squarespace,Pilates with Angelina,good,,2026-06-22T12:53:24+00:00
fa42a604-1119-4019-b8c4-f1b439afa14b,200,1,1,338,GoDaddy,Pilates Workout in Petaluma - Luv Pilates,good,,2026-06-22T12:53:24+00:00
a236e085-64d5-4dac-bce0-eb3a33c179f1,200,1,1,518,GoDaddy,Home - Pilates to Move,good,,2026-06-22T12:53:24+00:00
5d633b18-a756-4eea-93be-ab62cb3ca2e7,0,0,0,44,,,broken,connection failed,2026-06-22T12:53:24+00:00
91cbf4c8-5c9a-496b-a38c-bb9eb84ee711,200,1,1,175,Squarespace,Hank&#39;s,good,,2026-06-22T12:53:24+00:00
3608277a-d254-4a46-9c9c-150ac3fe208a,403,1,1,73,,Just a moment...,broken,,2026-06-22T12:53:24+00:00
86c08a3c-0fd6-40cb-90e0-3e19c750c3f6,200,1,1,597,Wix,Powerflow Pilates | Pilates studio in sonoma | California,good,,2026-06-22T12:53:24+00:00
2c2d0bf6-1f2d-455b-8896-a6954d7c78b6,200,1,1,452,Squarespace,Buddies Pizza,good,,2026-06-22T12:53:24+00:00
1a57db4c-ccf0-4c65-bc7a-49e49965aafa,200,1,1,684,WordPress,stay88 สล็อตเว็บตรง โบนัสจัดเต็ม ฝากถอนออโต้ 24 ชั่วโมง,good,,2026-06-22T12:53:24+00:00
aeabde02-160e-4a1d-8c9b-daa52e6317bd,200,1,1,1090,,BaseCamp Performance Collective | Bridging Rehab and Perform,good,,2026-06-22T12:53:24+00:00
8541e9d0-57db-4954-b8d4-0a6e8b0cc59a,200,1,1,624,,"Ausiello&apos;s Homeslice - Santa Rosa - Santa Rosa, CA",good,,2026-06-22T12:53:24+00:00
410b9163-f8cc-43bc-912e-dfb9f6cfb6dd,403,0,1,244,,403 - Forbidden,broken,,2026-06-22T12:53:24+00:00
48265de0-52cd-4420-a32c-cce22d211a09,403,1,1,132,,Just a moment...,broken,,2026-06-22T12:53:24+00:00
5e18e074-8f6a-4099-8865-dc1df972e286,200,1,1,529,,Cobb Mountain Pizza Online Ordering,good,,2026-06-22T12:53:24+00:00
a4adbc4a-3d66-4ccf-8837-112dd9c60025,200,1,1,1963,Wix,"Pawsarotti's | Family owned pet store | 106 Calistoga Road, Santa Rosa, CA, USA",good,,2026-06-22T12:53:24+00:00
b3f7c80d-dad4-4567-a1e6-8373a4276ffe,0,0,0,104,,,broken,connection failed,2026-06-22T12:53:24+00:00
9a55c05e-2a05-447e-80c9-ab80c17fff4c,200,1,1,771,,JAWA88 # Daftar Situs Apk Slot Online Gacor Live RTP Tertinggi Hari Ini,good,,2026-06-22T12:53:24+00:00
73a4b4cf-d52c-4447-9887-6e72cbac60b3,200,1,1,306,Squarespace,PizzaLeah,good,,2026-06-22T12:53:24+00:00
d1314125-7871-46cd-841d-14b5304fc27f,0,0,0,107,,,broken,connection failed,2026-06-22T12:53:25+00:00
17bc3630-6300-4b52-9c0c-50137be5e0d0,0,0,0,89,,,broken,connection failed,2026-06-22T12:53:25+00:00
94a8dfb7-8586-4859-8cec-89a3ec48d539,404,1,0,513,,,broken,,2026-06-22T12:53:25+00:00
156890c8-bf6e-4d35-a85d-46d08a2ba80f,200,1,1,347,Wix,"Stefano's Pizza, Since 1972 because everyone loves pizza!",good,,2026-06-22T12:53:25+00:00
09f04378-a3f0-4e4f-9088-80a29b641bba,200,1,1,412,Wix,"Sonoma Pizza Co. | Pizzeria | Restaurant | Forestville, CA",good,,2026-06-22T12:53:25+00:00
33cd6bb4-cdd7-4a24-8f81-19b02bb10df4,200,1,1,320,Wix,Alpha Trenchless: Expert Sewer Lateral in Marin &amp; Sonoma Counties,good,,2026-06-22T12:53:25+00:00
c6959e5e-16a0-466f-8780-997ab9cef7b0,200,1,1,307,,"Plumbing, Plumber Novato, CA | Baswell Plumbing",good,,2026-06-22T12:53:25+00:00
199a59f1-f437-45d2-8c55-66edb691cfb2,404,1,1,668,Webflow,Red Boy Pizza - Page Not found,broken,,2026-06-22T12:53:25+00:00
cc155aaf-c066-4426-b4e9-72de57559d77,0,0,0,116,,,broken,connection failed,2026-06-22T12:53:25+00:00
b6f8a87e-6830-4b7c-bc68-5a19b0e5545b,200,1,1,482,GoDaddy,Vinny&#039;s Pizza And Cocktails | Best New York Style Pizza,good,,2026-06-22T12:53:25+00:00
32e8badb-9fca-4eff-9f68-be93a7d776d6,200,1,1,1621,WordPress,Breathe Diversity Pilates + Fitness,good,,2026-06-22T12:53:25+00:00
63f730cc-0595-46e0-bbe0-1426b28830c9,200,1,1,356,WordPress,"Plumber Santa Rosa, CA | Elite Plumbing Services (24/7 Emergency)",good,,2026-06-22T12:53:25+00:00
55d29ddd-a38a-4d78-a1cc-f12e5b994104,200,1,0,1201,,LA Pizza | Pizza Takeaway in Barry | Order Food Online,weak,,2026-06-22T12:53:25+00:00
3151a376-9b22-461d-b420-a8485d8abedf,200,1,1,514,GoDaddy,"Desired Plumbing, Inc.",good,,2026-06-22T12:53:25+00:00
39615e9d-44bf-434b-8891-d014e60e8f93,200,0,1,361,GoDaddy,Plumbing Repair Service | Professional & Fast | Call (833) 360-4213,weak,,2026-06-22T12:53:25+00:00
b184dbc4-bdb9-4464-a601-edb6de7c7182,200,1,1,203,WordPress,"SWIMREADY Pool Service - #1 Pool Service in Santa Rosa, CA",good,,2026-06-22T12:53:25+00:00
a7b7a9f7-5597-49f5-8cd1-2abc7f9a2d06,200,1,1,508,,CSLB-Home -CSLB,good,,2026-06-22T12:53:25+00:00
50b5718d-9c6d-4581-90f4-e42845258458,403,0,0,246,,,broken,,2026-06-22T12:53:25+00:00
5294d8e9-b287-4f13-8bce-b9bd717ce103,200,1,1,377,GoDaddy,Monkey Wrench Plumbing,good,,2026-06-22T12:53:25+00:00
35fc7b33-41e4-404d-a339-af3a3868c1be,0,0,0,50,,,broken,connection failed,2026-06-22T12:53:25+00:00
74f8ad24-5bfd-42aa-acc6-e83149bb4a3b,200,1,1,659,Wix,Plumbing Repair | Sonoma County | Exact Plumbing,good,,2026-06-22T12:53:25+00:00
a2f6e53d-97ee-46c0-8311-22e7ebc61aa8,200,1,1,460,,CSLB-Home -CSLB,good,,2026-06-22T12:53:25+00:00
d3016ac8-6237-4953-be5f-19a25974d81f,403,0,1,236,,403 - Forbidden,broken,,2026-06-22T12:53:25+00:00
fd3f2c77-b139-485a-a80f-24aec371d4fb,200,1,1,539,,"St. Helena Plumbing | Trusted Plumber in Angwin &amp; Napa Valley, CA",good,,2026-06-22T12:53:25+00:00
1d6bf0d4-816b-406b-86b6-4464cb65e0cf,403,1,1,425,,403 - Forbidden,broken,,2026-06-22T12:53:25+00:00
ed8c29b3-cd13-4d92-8342-3fda2237f9b1,200,1,1,271,,Santa Rosa Montessori School,good,,2026-06-22T12:53:26+00:00
32f36fa2-3a57-48bc-ae52-e53b942c4387,200,1,1,414,,"Alpha Kids Academy | San Francisco, Menlo Park, Novato CA | Preschool &amp; Childcare &amp; Infant Care &amp; Child Care Center",good,,2026-06-22T12:53:26+00:00
520b74d0-9969-4473-9ed9-409a6f5f07c1,200,1,1,296,Squarespace,Cotati Rohnert Park Co-op Nursery School,good,,2026-06-22T12:53:26+00:00
39ea586d-296d-4506-8c11-096bf2e5ee9f,200,1,1,255,Squarespace,Cross &amp; Crown Preschool,good,,2026-06-22T12:53:26+00:00
cf12bd5a-865b-4023-af65-cc46aca74310,0,0,0,25,,,broken,connection failed,2026-06-22T12:53:26+00:00
9c8a593e-3ccb-4f76-85bd-e1333a2e64a1,200,1,1,451,Wix,Childcare | Petaluma | Children's Corner Preschool,good,,2026-06-22T12:53:26+00:00
dbfaa916-02a5-4617-929c-792a9d8b15af,200,0,1,168,,Coming Soon,weak,,2026-06-22T12:53:26+00:00
f52da397-a0fb-4277-a535-db5d9cc06c4a,200,1,1,577,WordPress,Bright Skies Montessori,good,,2026-06-22T12:53:26+00:00
ea189f81-a582-4388-be15-8cf329c266fa,200,1,1,675,Wix,"Apple Pi School, Preshool, Childcare, and Educational Services, Sebastopol CA",good,,2026-06-22T12:53:26+00:00
277925b9-42d6-4e83-a4ce-ae3d596dabda,0,0,0,115,,,broken,connection failed,2026-06-22T12:53:26+00:00
cb7207e6-c9e2-460a-943e-a1eb0a0c2658,403,1,1,400,,Account Suspended,broken,,2026-06-22T12:53:26+00:00
27e80624-1364-42b1-bdc0-64bbe6602718,200,1,1,629,Wix,"Imagination Station | Children's Museum | 600 North 4th Street, Lafayette, IN, USA",good,,2026-06-22T12:53:26+00:00
20392b1e-9ebe-4426-a98a-9566f3e9c4cf,200,1,1,419,,"Home | Santa Rosa Nazarene Church | Santa Rosa, CA.",good,,2026-06-22T12:53:26+00:00
a1e82f10-1215-4ba4-a427-123d6a48f53a,403,0,0,304,,403 Forbidden,broken,,2026-06-22T12:53:26+00:00
31cb6da0-5495-4da5-94d0-afe0016aa290,200,1,1,306,Squarespace,Little Shepherd Preschool,good,,2026-06-22T12:53:26+00:00
9897e9b7-a2d2-48f0-a302-914d2fe7de08,200,0,1,301,Weebly,MILA'S PRESCHOOL AND CHILDCARE CENTER. - Home,weak,,2026-06-22T12:53:26+00:00
88f1e684-0f45-4109-baaa-5ac6e6e0da55,200,1,1,195,WordPress,Home Page - Noah&#039;s Ark Preschool,good,,2026-06-22T12:53:26+00:00
5e51c30c-7409-4a36-9952-248b60a780e5,200,1,1,515,,PABP_WEBSITE_002,good,,2026-06-22T12:53:27+00:00
742e25bb-adcd-4776-b1b2-60df76a16efe,200,1,1,444,Webflow,Mindfulness Preschool for Ages 2-6 | Sai&#39;s Sprouts - Sai&#39;s Sprouts Preschool,good,,2026-06-22T12:53:27+00:00
719f80ce-93c4-45f3-84b9-c725c486d602,200,0,0,108,,Redirecting...,weak,,2026-06-22T12:53:27+00:00
93b8ed63-f1b6-4a93-91ed-fa8b6ca2a3ea,200,0,0,142,,,weak,,2026-06-22T12:53:27+00:00
30965500-7656-41a7-9c08-d6e7a1cb99c9,200,1,1,555,GoDaddy,Storybook Village Preschool,good,,2026-06-22T12:53:27+00:00
5f40831c-70e1-4f86-bfa7-5dddd18ed50a,200,1,1,1583,,,good,,2026-06-22T12:53:27+00:00
652e46d2-64c9-4550-a62d-657a1d68abd9,200,1,1,231,GoDaddy,BarleyNHops.com is for sale | HugeDomains,good,,2026-06-22T12:53:27+00:00
f8f114e4-3184-494a-98cc-9fe5c81324f0,200,0,1,1874,WordPress,Brush Creek Nursery School,weak,,2026-06-22T12:53:27+00:00
b214b8df-49f1-45df-89c6-335fdce88418,200,1,1,1225,WordPress,Nativity of Christ Greek Orthodox Church,good,,2026-06-22T12:53:27+00:00
76be209e-f5fc-48c4-99d4-5be404908810,200,1,1,383,GoDaddy,YOU &amp; ME CHILDREN&#x27;S CENTER,good,,2026-06-22T12:53:27+00:00
9d2a549a-734d-4083-8b34-c0c9629710f5,429,0,1,164,,Just a moment...,broken,,2026-06-22T12:53:27+00:00
c91e255c-183a-42e3-acad-7b1da8587e05,200,1,1,505,GoDaddy,Welcome,good,,2026-06-22T12:53:27+00:00
7cd37fc2-a141-4661-996b-08a2c09b1c3b,200,1,1,1550,Wix,Home | Little Wildflowers Preschool,good,,2026-06-22T12:53:27+00:00
876e405a-8b87-4460-8f93-4ac959334422,200,0,0,213,,Adams Realty : Specializing in the Sale of Sonoma Coast Properties,weak,,2026-06-22T12:53:28+00:00
ca47ad72-5db5-40be-aaf9-5697d34528df,200,1,1,1807,WordPress,Home - Learning to Learn,good,,2026-06-22T12:53:28+00:00
2436f12e-6a2d-412a-b28f-4261adb9d54f,200,1,1,1848,WordPress,Home - Learning to Learn,good,,2026-06-22T12:53:28+00:00
56599648-a837-4bdd-b5ce-51b75e9abfe8,200,1,1,486,Squarespace,AARON KOPELMAN,good,,2026-06-22T12:53:28+00:00
37ef77e8-74fd-4ccd-a4a7-57b5d6d0b8b3,403,1,1,203,,Just a moment...,broken,,2026-06-22T12:53:28+00:00
068f176c-9af4-4762-8692-9bff6bcf7643,200,1,0,339,,Live Better Xplore More with Alan Maciel - YouTube,weak,,2026-06-22T12:53:28+00:00
9157f07b-32c6-4e3e-a194-19a8d1336029,200,1,1,759,Wix,HOME | primitivo,good,,2026-06-22T12:53:28+00:00
fbb9a983-d3e0-4d86-ab63-a6cdccc98193,200,1,1,545,,Alain-Martin Pierret & Haley Skerrett Group,good,,2026-06-22T12:53:28+00:00
233b7de0-d8da-4660-b88a-e19833fe804e,200,0,1,237,,RealScout | 404 Error,weak,,2026-06-22T12:53:28+00:00
90398508-102e-4b34-8787-6be93f9074e3,200,1,1,386,WordPress,"Alex Yankee, Sonoma valley real estate, Sonoma - Napa Wine Country Real Estate | Sotheby’s International Realty, Inc.",good,,2026-06-22T12:53:28+00:00
3ff604ac-1637-4213-a267-25ad71bdc035,200,1,1,5687,WordPress,Home - The Feed Store Inc. 707-823-3909,weak,,2026-06-22T12:53:28+00:00
e41c94e9-6fd8-4e5e-a389-f44456e9a486,200,1,1,575,,"Real Estate, Homes for Sale & Apartments for Rent | Compass",good,,2026-06-22T12:53:28+00:00
287b773c-ed75-469a-aeae-ccbad135c95a,200,1,1,503,,"Andrea Moore, Realtor DRE#02119717",good,,2026-06-22T12:53:29+00:00
febcf049-ae03-40f5-ab14-5a32a590dbaf,200,0,1,505,,Rechat agent website 4 dark,weak,,2026-06-22T12:53:29+00:00
25a3242a-3358-4d3c-b5b8-182b38e9f5e5,403,0,1,214,,Just a moment...,broken,,2026-06-22T12:53:29+00:00
0c693662-739c-4c83-94c8-aeec6a31d8be,200,1,1,1054,WordPress,Alex Fernandez,good,,2026-06-22T12:53:29+00:00
14970184-3b55-4656-a0f6-25b10ae570f1,200,1,1,445,,Ann Amtower | Healdsburg Real Estate Agent,good,,2026-06-22T12:53:29+00:00
a19de2d1-5826-4c2b-8a2e-1118b8e26784,403,0,1,116,,Just a moment...,broken,,2026-06-22T12:53:29+00:00
65b5a781-89b7-40a0-bcd4-1ce111cf92d2,200,1,1,295,,Ajility Real Estate - Sonoma - Marin,good,,2026-06-22T12:53:29+00:00
c938e720-ff3b-411a-bc78-f3b8b40d2260,200,1,1,2958,WordPress,"Little Monarchs Preschool | Montessori Education in Santa Rosa, CA",good,,2026-06-22T12:53:29+00:00
7aa289d7-39db-4411-89a3-ce3497c1faed,200,1,0,135,,Barton,weak,,2026-06-22T12:53:29+00:00
a0075019-2ee3-461b-aa2f-1004cfa37e7d,202,0,0,1881,,,weak,,2026-06-22T12:53:29+00:00
bd102798-6f18-4c6f-8b6e-b3341094fa95,200,1,1,527,,Annalise Demuth Realtor | Santa Rosa Real Estate Agent,good,,2026-06-22T12:53:29+00:00
7a9d476e-eeb9-4a38-831b-ba3c998c808b,404,1,1,1964,WordPress,Page not found - Local Spicery,broken,,2026-06-22T12:53:29+00:00
2c6dfd75-48e1-4746-aa1d-5fe9122ea5b4,200,1,1,328,WordPress,"Bel Marin Keys RE | Real Estate in Bel Marin Keys, Novato",good,,2026-06-22T12:53:29+00:00
cdda6857-5609-41bf-bfc6-fe4e7c56d4e4,200,1,1,1015,,Cotati CA Real Estate & Homes for Sale | REMAX Marketplace,good,,2026-06-22T12:53:29+00:00
53c0d082-97f3-4b3d-9451-024f2128c424,200,1,1,427,,Ben LeBerthon | Real Estate Agent Serving Santa Rosa,good,,2026-06-22T12:53:29+00:00
18dd35cd-be86-421b-bbdd-0163de5de873,200,1,1,484,Squarespace,Jessica&#39;s Real Estate | Discover Homes - Get Started Now,good,,2026-06-22T12:53:29+00:00
3cd21a6b-c58f-4847-b76f-a605f7e283bb,0,0,0,459,,,broken,connection failed,2026-06-22T12:53:30+00:00
aaa0f697-92bc-45e2-9fde-a6589ea2b8cf,500,0,0,425,,,broken,,2026-06-22T12:53:30+00:00
efc2535d-0f56-40d2-8ac1-d1834938ef00,200,1,1,1695,WordPress,Angela Maroevich,good,,2026-06-22T12:53:30+00:00
c0d67c92-8854-4ce5-92c8-cc8fe1b86985,200,1,1,1060,,Beckham &amp; Associates - Real Estate in Sonoma County,good,,2026-06-22T12:53:30+00:00
7281610c-f05b-4c38-9cd6-b7da878adcc2,0,0,0,211,,,broken,"ssl: HTTPSConnectionPool(host='canumrealty.com', port=443): Max retries exceeded with url: / (Caused by S",2026-06-22T12:53:30+00:00
ba260cbb-0cdf-4d98-ada5-ae3427ee2493,200,1,1,767,,Top Santa Rosa Realtors | Berghof Realty Sonoma County,good,,2026-06-22T12:53:30+00:00
8acc6e05-99fa-453c-9d0e-e9e66217620c,404,1,1,261,,404 Page Not Found | Corcoran Icon Properties,broken,,2026-06-22T12:53:30+00:00
2a619fe5-81fe-4fe9-903d-88edf0d45a13,404,1,0,190,,,broken,,2026-06-22T12:53:30+00:00
9a3e1dfa-f3a1-460c-82c4-562baaa506d8,200,1,1,1653,WordPress,"Homes for sale in Santa Rosa, CA | Brad Wilkinson",good,,2026-06-22T12:53:30+00:00
a2b61694-3f0d-4585-a08f-a160d1c5747a,403,1,1,356,,Just a moment...,broken,,2026-06-22T12:53:31+00:00
c888f49c-a104-4840-85d5-ea0b893d9ac2,200,1,1,1457,WordPress,Art of Leisure &#8226; SEASONS OF LIFE IN SONOMA AND NAPA VALLEY,good,,2026-06-22T12:53:31+00:00
ffc8129d-f943-40e6-b396-45e69b944bf8,200,1,1,1480,WordPress,Bret Menze,good,,2026-06-22T12:53:31+00:00
6b65099e-7f17-4840-8e83-bfb987253843,200,1,1,527,,Rebecca Celli - Petaluma,good,,2026-06-22T12:53:31+00:00
e81e080e-f822-4a24-a0cf-41aa544cb506,200,1,1,1255,,"Caitlin McNally, Sonoma County Real Estate, Sonoma - Napa Wine Country Real Estate | Sotheby&#x27;s International Realty, Inc.",good,,2026-06-22T12:53:31+00:00
a7805f00-0d4b-4a46-b145-30cdd32c7b6d,200,1,1,1068,WordPress,Healdsburg real estate homes &amp; properties for sale | Carole Sauers,good,,2026-06-22T12:53:31+00:00
beff7b0a-f638-40a3-8ca1-7299cf5b3c1f,200,1,1,1122,WordPress,Carrillo Homes Team | Eloy &amp; Cynthia Carrillo,good,,2026-06-22T12:53:31+00:00
2ff8dce9-3e15-422e-a90e-6853ded81324,200,1,1,3953,WordPress,Maguire&#039;s Irish Pub - AdviceTime,good,,2026-06-22T12:53:31+00:00
2b2a0ee3-e390-41a8-85fd-3eddc6fdfab9,200,1,1,251,,Sonoma & Napa County Real Estate | Start Your Search,good,,2026-06-22T12:53:31+00:00
70ad4c34-5dcd-4731-b64b-d96207529673,0,0,0,111,,,broken,connection failed,2026-06-22T12:53:31+00:00
43cea142-6f7d-4e3e-bc6d-4708604c4806,200,1,1,346,,Christine Benson | Sonoma Valley Real Estate Expert,good,,2026-06-22T12:53:31+00:00
5e695b86-e229-41fb-95fb-2821fef715d3,200,0,0,165,,,weak,,2026-06-22T12:53:31+00:00
d2ef1a6d-0a50-4ad4-88c7-13bc60af5558,200,0,0,123,,,weak,,2026-06-22T12:53:31+00:00
691af466-ab77-4e5b-a15e-8d311be6b2e1,200,1,0,217,,,weak,,2026-06-22T12:53:31+00:00
440a7e28-e8f7-478f-81ef-d768bce40cd9,200,1,1,153,,"910 Lytton Springs Road, Healdsburg, CA 95448 Property for sale",good,,2026-06-22T12:53:31+00:00
0d19341a-8a80-4c5a-b8d3-cc0c2a99f03c,200,1,1,1709,WordPress,Carla Ortiz,good,,2026-06-22T12:53:32+00:00
afaa14a1-0f78-486e-9690-9423334e20fa,200,1,1,353,Squarespace,Corrie Gordon Realty,good,,2026-06-22T12:53:32+00:00
0ddbd13e-2b94-4b0d-a027-1b5877b5ed42,200,1,1,664,WordPress,"Homes for sale in Santa Rosa, CA | Brad Wilkinson",good,,2026-06-22T12:53:32+00:00
1f5b0935-50c3-455a-bd7f-bb5a7712a6c1,0,0,0,23,,,broken,connection failed,2026-06-22T12:53:32+00:00
09f5d27c-f7af-4951-bd54-6efdb22084bc,200,1,1,880,WordPress,Sonoma | Napa Real Estate Properties Charleen Price Wine Country,good,,2026-06-22T12:53:32+00:00
d8ef8b7d-260f-4205-bb72-3a8b48030a61,200,1,1,2645,WordPress,Beth Stansberry,good,,2026-06-22T12:53:32+00:00
865ce189-2dd3-4e37-88f0-96e6a4c6cc78,403,1,1,255,,Just a moment...,broken,,2026-06-22T12:53:32+00:00
008a906f-2ecb-4976-96ae-f6efa6e72a6f,200,1,1,1134,,Chris Brown Realtor | Homes for Sale in Santa Rosa CA | Century 21 Epic,good,,2026-06-22T12:53:32+00:00
dc3d4099-314d-4cbd-9211-805d61682381,403,1,1,117,,Access to this page has been denied,broken,,2026-06-22T12:53:32+00:00
d4d33995-9194-4c4f-8d5b-7d1fe70c6e9f,0,0,0,134,,,broken,connection failed,2026-06-22T12:53:32+00:00
36bb0bc6-654f-43de-8290-448b1e03eb7a,0,0,0,45,,,broken,connection failed,2026-06-22T12:53:32+00:00
ca237a61-f9ea-4fe1-9b8f-677123987c20,200,1,1,950,WordPress,Cory Cadle,good,,2026-06-22T12:53:32+00:00
aba720fa-2000-4191-ac71-85c5b04ec055,403,1,1,397,,Just a moment...,broken,,2026-06-22T12:53:32+00:00
b73d8934-f8bd-4060-966c-8909cb47a026,200,1,1,778,,Deb Cheda,good,,2026-06-22T12:53:32+00:00
1223f581-33f2-41db-9300-ee1e65543384,403,1,1,176,,Just a moment...,broken,,2026-06-22T12:53:32+00:00
5604a2e0-df21-43a7-a9ad-362b187cc78f,200,1,1,1677,WordPress,Sonoma Valley Real Estate Agent,good,,2026-06-22T12:53:32+00:00
8d79fefe-9be3-458a-aed4-33d7bcb3c8ba,0,0,0,81,,,broken,connection failed,2026-06-22T12:53:32+00:00
354355b4-93b2-4fe0-9f14-56ab74fe12d7,200,1,1,978,WordPress,Daniel Cronin,good,,2026-06-22T12:53:32+00:00
7414cb4a-48f8-4d89-a510-48d171052ca5,200,0,0,184,,Kristin Urbina,weak,,2026-06-22T12:53:33+00:00
9c84af74-6de1-43b6-8495-82a93c235c32,403,1,0,143,,403 Forbidden,broken,,2026-06-22T12:53:33+00:00
035d19e0-0744-436c-bc94-74803141604b,200,1,1,110,,,good,,2026-06-22T12:53:33+00:00
60e727f5-cbbb-4cc0-8d52-83b34da2d834,200,1,1,1657,WordPress,Cyd Greer | Move Smartly Napa Valley,good,,2026-06-22T12:53:33+00:00
4614a919-8d71-4cb7-901b-399283810322,200,1,1,770,,Home | Eileen Joyce | Berkshire Hathaway HomeServices,good,,2026-06-22T12:53:33+00:00
8aced631-11db-4494-b9c8-b09384014bd6,200,1,1,328,,Top Napa Valley Real Estate Agent Sonoma Valley Real Estate Agent Luxury Homes Napa Sonoma Wineries for Sale Vineyard Properties for Sale Four Seasons Napa Valley St. Helena Calistoga Silverado Countr,good,,2026-06-22T12:53:33+00:00
818af31a-683f-4eec-aee4-f848848bbf7f,404,0,1,1012,,Site inactive,broken,,2026-06-22T12:53:33+00:00
6b717508-c8f9-48c2-b145-4cc1130bc3a8,200,1,1,325,,"Erin George, Trusted Wine Country advisor known for integrity, results, and genuine connection., Sonoma - Napa Wine Country Real Estate | Sotheby&#x27;s International Realty, Inc.",good,,2026-06-22T12:53:33+00:00
50e3a039-b86f-4d6c-8446-dded2c11a73e,200,1,1,295,,"Top Sonoma, CA Real Estate Agents | Shone Group",good,,2026-06-22T12:53:33+00:00
6309c565-2751-4864-86ec-23b31c5fa778,403,0,1,128,,Just a moment...,broken,,2026-06-22T12:53:33+00:00
d9b3730f-9f47-4cd2-a376-053791a329fd,200,1,1,1020,WordPress,Emily Kaplan,good,,2026-06-22T12:53:33+00:00
5fb6f147-84fe-4c24-898d-63f7be39d961,404,1,1,197,,Campsite,broken,,2026-06-22T12:53:34+00:00
81659e20-6fc6-4201-a4f7-46a1de988266,200,1,1,1141,WordPress,Home - Erica Bergstrom,good,,2026-06-22T12:53:34+00:00
20a49f42-9c29-4fe5-a9f1-7dce870a1a4a,200,1,1,600,,Gabe Duran | Santa Rosa Real Estate Agent,good,,2026-06-22T12:53:34+00:00
a7d81b79-3759-4760-a147-71708ea9c462,202,1,0,265,,,weak,,2026-06-22T12:53:34+00:00
31ea6ae7-8e2a-4ecc-b0c7-766efb7fff3b,200,1,1,1008,WordPress,Lake County Homes for Sale | Faylen Silva (707) 295-8088,good,,2026-06-22T12:53:34+00:00
4a832d2b-650a-472f-93a3-50572a54a1bb,200,1,1,2192,Wix,Award Winning Agent | Denise Lucchesi Real Estate | Petaluma,good,,2026-06-22T12:53:34+00:00
7a14892d-39be-4755-9915-d62a19b32d15,200,1,1,325,,Napa Valley Luxury Real Estate | Ginger Martin + Co,good,,2026-06-22T12:53:34+00:00
32805c02-8546-4386-8760-67389e584185,200,1,1,766,,,good,,2026-06-22T12:53:34+00:00
6b75b0c0-b0d4-4a83-9ff4-cbd911328329,200,1,1,1243,WordPress,Florence Sheffer,good,,2026-06-22T12:53:34+00:00
af6f8e8a-6ef9-4355-b829-212beb499a0f,200,1,1,2051,WordPress,Emma Curry,good,,2026-06-22T12:53:34+00:00
faeddb50-1262-4e0a-850b-ec6e790798a8,0,0,0,16,,,broken,connection failed,2026-06-22T12:53:35+00:00
a231b128-1d07-4f30-ae28-a4b0dc660f83,200,1,1,448,Squarespace,"Glenn Pope Realtor, Santa Rosa &amp; North Bay CA",good,,2026-06-22T12:53:35+00:00
a7121489-693d-4e2e-8d7c-bc28a465d2b8,200,0,1,152,WordPress,Home - Sonoma Style,weak,,2026-06-22T12:53:35+00:00
bb64a7d1-b62c-4a5e-ae94-e32eb5c98601,200,1,1,232,,Hilary Thomas | Petaluma Real Estate Agent,good,,2026-06-22T12:53:35+00:00
e3e18780-fd89-42bb-9d1e-69d868669e2f,0,0,0,39,,,broken,connection failed,2026-06-22T12:53:35+00:00
383c484b-4bdd-4f3d-bcd9-a24125bc4475,200,1,1,312,,Luxury Real Estate Napa Valley â Discover Your Dream Home,good,,2026-06-22T12:53:35+00:00
cb586542-563e-4171-8c8e-05bd96b15e04,200,1,1,963,WordPress,Gina Fisicaro,good,,2026-06-22T12:53:35+00:00
3023cd35-cbc6-484e-89c9-9844030517d9,200,0,0,113,,,weak,,2026-06-22T12:53:35+00:00
e0a56238-212a-4373-9285-501e97d829a3,200,1,1,867,WordPress,Michelle Hampton,good,,2026-06-22T12:53:35+00:00
ff3ec8ef-9990-40a8-87cf-d0889d8df8d4,200,1,1,508,WordPress,Home - Laura Richards &amp; Kent Byers,good,,2026-06-22T12:53:35+00:00
e5977465-316a-4dfb-b0d1-afb46077d25c,200,1,1,296,,Napa and Sonoma Realtor â Luxury Wine Country Homes,good,,2026-06-22T12:53:35+00:00
533ea499-21a9-4a6a-9a18-ab3df9292be8,0,0,0,104,,,broken,connection failed,2026-06-22T12:53:35+00:00
be874fb9-7b53-47d2-9d31-e00ce0fc8f52,0,0,0,136,,,broken,connection failed,2026-06-22T12:53:35+00:00
4096029f-a9cd-41a3-8592-2c2cdf45ea28,200,1,1,335,,Wine Country Real Estate | Partner With Jamie Spratling,good,,2026-06-22T12:53:35+00:00
d35822c5-faa5-4f69-bcbc-f65be9d7c6ea,200,1,1,319,,"Jen Birmingham Real Estate in Petaluma, CA â Discover Luxury Homes",good,,2026-06-22T12:53:35+00:00
1cf6f344-6a3c-499a-9c53-57b3f709988f,200,1,1,360,,Napa Valley Real Estate | Explore Napa Homes Today,good,,2026-06-22T12:53:35+00:00
30e4474c-875a-4e66-9fc4-ec141f41e7b6,403,1,1,206,,Just a moment...,broken,,2026-06-22T12:53:35+00:00
ce57bb24-2b42-4e35-a928-08b39dc8f9ed,200,1,1,822,,Luxe Places International Realty,good,,2026-06-22T12:53:36+00:00
1d155bb3-8534-4a89-a40e-4a60109d9ace,200,1,1,195,,Excellerate Real Estate,good,,2026-06-22T12:53:36+00:00
b06362ea-9090-47a1-be1e-0cb51d8ddc66,200,1,1,369,,Johnny Drake Real Estate | Santa Rosa Real Estate,good,,2026-06-22T12:53:36+00:00
29fa1366-8d85-4efb-b6f1-70090f2c3f30,0,0,0,123,,,broken,connection failed,2026-06-22T12:53:36+00:00
712e8771-9d8d-48c0-bc45-024282279a0f,200,1,1,523,,Cotati CA Real Estate & Homes for Sale | REMAX Marketplace,good,,2026-06-22T12:53:36+00:00
a01341d1-686f-4cfe-8777-103e6ef31740,200,1,1,1321,WordPress,John T. Griffin,good,,2026-06-22T12:53:36+00:00
b681f5d8-0159-474d-bb12-58f3fe97a116,200,1,0,222,,Karen Butler Real Estate - YouTube,weak,,2026-06-22T12:53:37+00:00
463aadf9-0f8f-4a66-90c7-abd22ad1210a,200,1,1,1996,WordPress,Jacee Murray,good,,2026-06-22T12:53:37+00:00
c7147daf-f92d-44c9-8df0-c9f9c5582fec,200,1,1,5232,,Santa Rosa CA Real Estate & Homes for Sale | REMAX Gold,weak,,2026-06-22T12:53:37+00:00
3c6fc673-e237-462a-813a-ad39e0fc5c65,404,1,1,336,Wix,,broken,,2026-06-22T12:53:37+00:00
e6f2814b-9d7f-49eb-abba-7515e81fef0c,200,1,1,405,,"Karen Saghi, Sonoma - Napa Wine Country Real Estate | Sotheby&#x27;s International Realty, Inc.",good,,2026-06-22T12:53:37+00:00
d8cd0d9d-ddbf-49dd-a76d-c1b72d94811d,200,1,1,1768,WordPress,John Vogel,good,,2026-06-22T12:53:37+00:00
24a8cbab-4a83-4385-915b-cde93aae72f6,200,1,1,336,,Sonoma Real Estate Agent â Discover Your Dream Home,good,,2026-06-22T12:53:37+00:00
00eaa645-dada-4f45-af92-f90444f09122,200,1,1,306,,Margaret Schrock | Petaluma Real Estate Agent,good,,2026-06-22T12:53:37+00:00
fc9efd3f-a7b5-437d-9c85-c03fe8be9ea7,200,1,1,366,,Kellie Larson | Healdsburg Real Estate Agent,good,,2026-06-22T12:53:38+00:00
c34c13c1-6d0d-401a-a7c5-4cdad7055bb8,0,0,0,3534,,,broken,TooManyRedirects: Exceeded 30 redirects.,2026-06-22T12:53:38+00:00
f911c43c-1081-447c-8645-e7c77c2af456,0,0,0,343,,,broken,"ssl: HTTPSConnectionPool(host='www.krobinsonrealestate.com', port=443): Max retries exceeded with url: / ",2026-06-22T12:53:38+00:00
eb20bbe7-fd3e-4c5b-a095-28e7adab87d1,200,1,1,836,GoDaddy,Petaluma Real Estate Agent,good,,2026-06-22T12:53:38+00:00
88864349-9719-47e1-afb8-a2914f586908,200,1,1,1162,WordPress,Kate Almassi,good,,2026-06-22T12:53:38+00:00
3f983a3a-9244-4137-a111-b0daadbfbea4,200,1,1,203,,Kimberly Maffia | Santa Rosa Real Estate Agent & Realtor,good,,2026-06-22T12:53:38+00:00
35fd05bc-d577-44bb-ac92-681c9def52dd,200,1,1,365,,Kent + Sandoval Team | Petaluma Real Estate Agents,good,,2026-06-22T12:53:38+00:00
33ace7cf-04e0-48e9-9ee1-7b39395da9e6,200,1,1,1731,WordPress,Main - Karen Grotte,good,,2026-06-22T12:53:38+00:00
e2e29b0f-fef9-4737-82f9-1fb51d8beb39,200,1,1,322,,Hive Real Estate - Sonoma County Homes to Buy & Sell,good,,2026-06-22T12:53:38+00:00
b968cced-ae73-4e23-8c64-85389011e20f,0,0,0,207,,,broken,"ssl: HTTPSConnectionPool(host='www.koystewarthomes.com', port=443): Max retries exceeded with url: / (Cau",2026-06-22T12:53:38+00:00
4b657f91-eb00-4bf4-aea1-96fa6f8d4cb1,200,1,1,169,,"Lander Real Estate | Tony Lander - Petaluma, CA",good,,2026-06-22T12:53:38+00:00
6878aa28-3d82-4036-9120-305f9813fc11,200,1,1,479,,Lic #01968762,good,,2026-06-22T12:53:39+00:00
0aa1393d-f600-4a8d-ac02-b376a1221813,200,1,1,844,,Larry Parks Realty | Petaluma CA,good,,2026-06-22T12:53:39+00:00
9dee3a5e-cad6-4e9e-a4c8-75be08560aeb,0,0,0,15052,,,broken,timeout,2026-06-22T12:53:39+00:00
2fe10716-2c2b-4959-889b-859e14f4dba4,0,0,0,49,,,broken,connection failed,2026-06-22T12:53:39+00:00
197b61f3-094d-4a5c-8516-7fbf8c3cd0de,202,0,0,167,,,weak,,2026-06-22T12:53:39+00:00
8f3269ec-a5c3-4694-9be2-3dd7aac39c83,200,1,1,1200,WordPress,Kristi Taylor,good,,2026-06-22T12:53:39+00:00
1a8716eb-1ee0-4aff-83d8-1e071344863c,200,1,1,3906,WordPress,JudyTobin &#8211; Luxe Places International Realty,good,,2026-06-22T12:53:40+00:00
bf103e1e-ed3b-44c2-87f8-e93a7d034c8c,0,0,0,38,,,broken,connection failed,2026-06-22T12:53:40+00:00
c1136828-471e-4b4b-a9bc-d92da8dbba45,0,0,0,38,,,broken,connection failed,2026-06-22T12:53:40+00:00
92047ce8-f794-45a2-9ff4-33e9ce004fdb,0,0,0,114,,,broken,connection failed,2026-06-22T12:53:40+00:00
63b39b0f-8832-4d8d-8b45-727d76e7123f,200,1,1,448,,Luis Nanez - Petaluma,good,,2026-06-22T12:53:40+00:00
f85d81b0-7221-4eef-a22a-75b67a1f7502,0,0,0,109,,,broken,connection failed,2026-06-22T12:53:40+00:00
da5a96b9-05ea-44cc-a98a-34a6eb9303d3,200,1,1,2322,WordPress,Kim Bodell,good,,2026-06-22T12:53:40+00:00
7d043bf7-a70b-474b-b5c6-059ea9c5ba99,200,1,1,407,GoDaddy,Buy mariobalistrerirealestate.com – Premium Expired .com Domain on GoDaddy | ExpiredDomains.com,good,,2026-06-22T12:53:40+00:00
bfa8176f-a44e-4be3-94c6-43165844b2ed,200,1,1,1322,WordPress,Home Page - Lorna Corak,good,,2026-06-22T12:53:40+00:00
16bf52f6-41de-4a34-932d-c0d501ff4349,403,1,1,344,,Just a moment...,broken,,2026-06-22T12:53:41+00:00
126f8ce5-5364-4dbb-a79a-797f66c44dc1,403,1,1,311,,Just a moment...,broken,,2026-06-22T12:53:41+00:00
601b1b42-0ea1-418e-975f-fd60fe239e0e,200,1,1,257,,Marquis Farwell Homes | Healdsburg Real Estate Agents,good,,2026-06-22T12:53:41+00:00
aec25f54-a8e0-48cb-8725-78d0d8684104,200,1,1,2984,WordPress,The Go-To Site for Rohnert Park Homes for Sale | The Schrier Team,good,,2026-06-22T12:53:41+00:00
dbe84f3e-b364-4f8a-8ef2-61ce1e1192c4,200,1,1,339,,Sonoma Wine Country Luxury Real Estate | Mark Stornetta,good,,2026-06-22T12:53:41+00:00
c36e7d97-03bc-4bdf-b2ad-14d9c16ec8be,403,1,1,297,,Just a moment...,broken,,2026-06-22T12:53:41+00:00
23dbe166-1875-45ee-a734-2c1da97d7c81,0,0,0,37,,,broken,connection failed,2026-06-22T12:53:41+00:00
28f17bf3-1882-47b9-973b-d3eecd304699,200,1,1,2600,WordPress,Leigh Magnani,good,,2026-06-22T12:53:41+00:00
08f16b0f-6b8e-4b91-9ddb-4325d28496ca,202,1,0,230,,,weak,,2026-06-22T12:53:41+00:00
e933dd7b-d797-41c1-b14c-f74caeae39bf,200,1,1,265,Squarespace,"Marvin Pederson, Attorney",good,,2026-06-22T12:53:41+00:00
608de2fe-8b73-4bab-9c87-781338eefdcd,0,0,0,8,,,broken,connection failed,2026-06-22T12:53:41+00:00
b994e63e-6600-4a5d-a684-12a14814b982,200,0,0,257,,REALTOR,weak,,2026-06-22T12:53:41+00:00
a6bc732f-5c64-470b-a580-21758cb1bf80,200,1,1,411,WordPress,Sonoma &amp; Napa County Real Estate | Living in Wine Country,good,,2026-06-22T12:53:41+00:00
49d48de7-e5e2-444d-bb31-6b60a7339473,200,1,1,1998,WordPress,Mackenzie Sells Napa - mackenziesellsnapa.com,good,,2026-06-22T12:53:41+00:00
8a97d934-b58f-4c49-9d79-9e4373e5163c,200,1,1,623,,"Mary Szykowny, Real Estate Agent - Compass",good,,2026-06-22T12:53:41+00:00
28b018ca-ad6e-4c86-9c94-6177f29c6ba3,200,1,1,485,Wix,"HOME | Trish McCall, McCall Team Santa Rosa Realtor",good,,2026-06-22T12:53:42+00:00
fe855490-ae45-4119-80fc-75baed3f6baf,429,1,1,334,,Just a moment...,broken,,2026-06-22T12:53:42+00:00
551dec9c-474c-43f2-a2d1-7b6653cb6a82,200,1,1,459,Squarespace,Michael Milano | Marin Real Estate Professional &mdash; Own Marin,good,,2026-06-22T12:53:42+00:00
351beb68-87a2-4311-92c3-e09e9ae169fe,218,1,0,525,,,weak,,2026-06-22T12:53:42+00:00
c7ce9cf4-7497-43bf-9865-3c23dab69775,429,1,1,196,,Just a moment...,broken,,2026-06-22T12:53:42+00:00
fbd922e9-6074-47bd-8979-bd97937d7282,218,0,0,653,,,weak,,2026-06-22T12:53:42+00:00
38a25ba6-5d58-4514-bcf8-6422cb541067,403,0,1,423,,Just a moment...,broken,,2026-06-22T12:53:42+00:00
67e2e5b1-ffab-4912-b1fb-dce1486477fc,200,1,1,1701,WordPress,Mary Anne Veldkamp - Luxury Homes and Wine Country Properties Mary Anne Veldkamp,good,,2026-06-22T12:53:42+00:00
ab645329-b701-47f0-b803-efc3cbda8f4e,0,0,0,114,,,broken,connection failed,2026-06-22T12:53:43+00:00
ab0552ca-919b-4848-b27f-08ae873855fa,200,1,1,1095,,å¨å°¼æ¯äººå®ç½ | å¨å°¼æ¯äººApp ä¸è½½ | å¨±ä¹å¹³å°ä¸çäººæ¸¸æ - Venetian App,good,,2026-06-22T12:53:43+00:00
6724a3ef-5128-4e2f-a463-1bfe83f28d93,200,1,1,532,,Get the FREE Homebuyers Guide,good,,2026-06-22T12:53:43+00:00
beb1aaef-e2cc-495c-b3b9-9d57f5cb973f,409,0,1,264,,DNS resolution error | nazih.ibrahim.cbintouch.com | Cloudflare,broken,,2026-06-22T12:53:43+00:00
79a350cc-836c-48a3-b618-1a96c0423766,429,1,1,357,,Just a moment...,broken,,2026-06-22T12:53:44+00:00
c5393814-fa1b-496a-a6f8-76e0880bb488,200,1,1,1741,WordPress,Homepage 2 - Fermin Escutia,good,,2026-06-22T12:53:44+00:00
014d5fd4-4ca9-43fb-8c6f-dd9fc2907b70,403,0,1,246,,Just a moment...,broken,,2026-06-22T12:53:44+00:00
41e7dd9c-db55-46e2-9d2f-ec26bc7b9e2e,200,1,1,2200,,Healdsburg CA Real Estate & Homes for Sale | Luxe Places International Realty-Healdsburg,good,,2026-06-22T12:53:44+00:00
62459324-6d0e-43c1-a5d9-de6625d44c37,200,1,1,948,,Neil Espinosa | Sonoma County Real Estate Professional | DRE #02189717,good,,2026-06-22T12:53:44+00:00
f01088f4-5761-4464-85f3-3fc33c21d073,202,0,0,169,,,weak,,2026-06-22T12:53:44+00:00
f002f8a2-9ce4-46ca-b71d-ff661db6056e,0,0,0,15226,,,broken,connection failed,2026-06-22T12:53:44+00:00
5f708919-ce48-4b68-a6b5-673e52f5bab6,200,1,1,569,,Home,good,,2026-06-22T12:53:45+00:00
f078f0f1-803e-41bc-b8da-97fc4199b448,404,0,0,235,,,broken,,2026-06-22T12:53:45+00:00
104d59cc-fac8-4284-9950-020378cd6d22,200,1,1,340,,"Real Estate, Homes for Sale & Apartments for Rent | Compass",good,,2026-06-22T12:53:45+00:00
17746b4b-eb3b-41f5-a72f-024cfb61b892,200,1,1,434,WordPress,Parrish Properties &#8211; Listings in Sonoma County,good,,2026-06-22T12:53:45+00:00
c64a2b8a-d9ba-4abd-83de-b10c3e51713c,200,0,1,2824,WordPress,WINE COUNTRY DREAM HOMES,weak,,2026-06-22T12:53:45+00:00
bf5fd83f-2545-458c-a36c-167805514359,403,1,1,371,,Just a moment...,broken,,2026-06-22T12:53:46+00:00
f22a9146-df7d-42e4-9722-70c788cee58f,200,1,1,1129,WordPress,Pedersen Realty Group,good,,2026-06-22T12:53:46+00:00
8033a352-d528-4872-a257-1b1d1fe442da,200,1,1,2109,WordPress,Commercial Real Estate Santa Rosa | Commercial Property Management CA | Commercial Property 95403 - North Bay Property Advisors,good,,2026-06-22T12:53:46+00:00
60a252e4-ea8c-41cd-b3bb-c7b659530547,200,0,0,230,,,weak,,2026-06-22T12:53:46+00:00
22d818d0-ed4d-400f-ad93-44e906ab93ff,200,1,1,1701,,Pat Miller Instacard | Broker Associate | Rohnert Park CA 94928 CENTURY 21 Epic,good,,2026-06-22T12:53:46+00:00
f10af51a-bb88-4980-8f24-c6042a9c9587,200,1,1,1382,WordPress,JEREMY KING &amp; PEG KING,good,,2026-06-22T12:53:46+00:00
431911f9-312e-40ca-8fb9-dcc2b6ef5268,200,1,1,324,Squarespace,Rachel Realtor | Sonoma County Real Estate Expert | Skilled Negotiator &amp; Trusted Advisor,good,,2026-06-22T12:53:47+00:00
f10ffe34-8e7c-4bc3-9f89-d229d072727a,200,1,1,1114,,Home | Peter Schardt | Berkshire Hathaway HomeServices,good,,2026-06-22T12:53:47+00:00
4b815640-25c7-4e26-bd81-befb4eabb395,200,1,1,1041,,Cotati CA Real Estate & Homes for Sale | REMAX Marketplace,good,,2026-06-22T12:53:47+00:00
0a41c56c-6203-416c-aba3-defdc4c17f97,200,1,1,589,,"Oakland Ca 94612 Randynichols, ID27319366.HTML Find Realtors, Real Estate Agents &amp; Brokers | REMAX",good,,2026-06-22T12:53:47+00:00
12b57937-d026-4852-8076-3750440a4699,200,1,1,342,WordPress,Real Property Management Bay Area | Bay Area Property Management,good,,2026-06-22T12:53:47+00:00
036d90ef-f859-4a1c-8ee8-d7fb582d02a6,429,1,1,366,,Just a moment...,broken,,2026-06-22T12:53:47+00:00
2898f7e5-290b-450c-8b1e-0b96b1e24cc2,200,1,1,603,,"Rene Richardson, Wine Country Real Estate, Sonoma - Napa Wine Country Real Estate | Sotheby&#x27;s International Realty, Inc.",good,,2026-06-22T12:53:47+00:00
88cd388d-1990-42ea-8794-8dbf90c2b996,429,1,1,68,,Just a moment...,broken,,2026-06-22T12:53:47+00:00
5e9e37e3-dc74-44f1-8bcf-03c93cc642aa,404,0,1,769,,Site inactive,broken,,2026-06-22T12:53:48+00:00
5de96eb9-5e1d-4beb-9208-b6a443332935,200,1,1,1153,WordPress,Home - Randy Waller,good,,2026-06-22T12:53:48+00:00
3dc0ffb9-42ab-4434-a1a6-bb71786b4475,403,1,1,252,,Just a moment...,broken,,2026-06-22T12:53:48+00:00
ed3bd07f-0274-4ce2-ba62-f8ba7321b41f,429,1,1,229,,Just a moment...,broken,,2026-06-22T12:53:48+00:00
a4ea93e5-a097-46f8-97d2-69b216510cd6,200,1,1,601,,"Rick Avery, Real Estate Agent - Compass",good,,2026-06-22T12:53:48+00:00
c9b35091-07f2-4abc-be9d-06d4d7d3fa75,0,0,0,41,,,broken,connection failed,2026-06-22T12:53:48+00:00
e038d1be-78d6-4399-88b1-f180026d87a6,200,0,0,118,,PattySellsProperty.com,weak,,2026-06-22T12:53:48+00:00
11219f98-15a3-4d3a-8dd4-7b6fb272b013,0,0,0,144,,,broken,connection failed,2026-06-22T12:53:48+00:00
6f77c244-963f-4f09-bcd7-737e9f00c26c,0,0,0,115,,,broken,connection failed,2026-06-22T12:53:48+00:00
146a20f9-f90f-4bc0-b0d6-dfe8b37fde9e,200,1,1,443,,Welcome to Sonoma County,good,,2026-06-22T12:53:48+00:00
3fbdcfa6-fe6f-4494-9029-5875ea9777eb,200,1,1,485,,"SamSullivanRealtor.com - Sam Sullivan, Realtor - California Real Estate",good,,2026-06-22T12:53:49+00:00
cf184343-a8df-4737-b784-8607476e8cf9,0,0,0,15354,,,broken,connection failed,2026-06-22T12:53:49+00:00
a0f0c6e0-6259-42b6-9c7b-f4d5b77b11d8,0,0,0,117,,,broken,connection failed,2026-06-22T12:53:49+00:00
1d408267-8584-4abe-95ec-52fba2f9794f,429,1,1,344,,Just a moment...,broken,,2026-06-22T12:53:49+00:00
dbb05a20-7368-4cf2-825d-727b01ab5aeb,200,1,1,487,WordPress,Judy Lynn,good,,2026-06-22T12:53:49+00:00
80dba473-b695-4f51-8e77-b223af653c9d,0,0,0,429,,,broken,connection failed,2026-06-22T12:53:49+00:00
9a804005-1354-406d-89d5-e3fec9c96d2f,200,0,0,431,,,weak,,2026-06-22T12:53:49+00:00
38641e4f-c05e-478c-888c-62db0f6ab1a3,429,1,1,230,,Just a moment...,broken,,2026-06-22T12:53:49+00:00
f8f207fe-9693-4cfb-be3f-cb3f1886509c,200,1,1,497,,"Sharon Langord, Real Estate Agent - Compass",good,,2026-06-22T12:53:50+00:00
404dfbda-e4f7-4b5a-8c60-327ea091fa60,403,1,1,234,,Just a moment...,broken,,2026-06-22T12:53:50+00:00
b1f5c19d-a25c-474a-a65e-0504ac600cde,200,1,1,485,,Simon Raya Real Estate | Sonoma County Homes,good,,2026-06-22T12:53:50+00:00
5d5be623-0a5c-4d04-819a-310b9d55bb07,403,1,1,161,,Just a moment...,broken,,2026-06-22T12:53:50+00:00
5eb7d0b9-368a-4637-bec4-8322b88d7cc6,0,0,0,184,,,broken,connection failed,2026-06-22T12:53:50+00:00
e144207e-2a49-42b6-b033-f16c5ff1bb5b,404,1,1,426,Wix,,broken,,2026-06-22T12:53:50+00:00
54b4f1a4-8247-40d0-9d91-68ef7b8ad988,200,1,1,1209,WordPress,Shari Wilkins,good,,2026-06-22T12:53:50+00:00
70bfcef7-1f41-45b1-8dc8-825fd8efb384,429,1,1,160,,Just a moment...,broken,,2026-06-22T12:53:50+00:00
7bbda041-ee3e-4589-a5a2-1d00fc3cf391,429,1,1,229,,Just a moment...,broken,,2026-06-22T12:53:51+00:00
d62385c1-eef1-4ca9-ae14-1a551d462872,0,0,0,15143,,,broken,connection failed,2026-06-22T12:53:51+00:00
f370b671-2b70-49e4-a532-bddd01fe32de,200,1,1,547,,"Michael Studebaker, Real Estate Agent - Compass",good,,2026-06-22T12:53:51+00:00
ddae135a-69fe-4ebe-b0cf-442f1c958cf8,200,1,1,305,WordPress,Sonoma County Real Estate Team,good,,2026-06-22T12:53:51+00:00
a4d3e4b2-38c4-4c4c-9133-bcc275fe0ff9,0,0,0,48,,,broken,connection failed,2026-06-22T12:53:51+00:00
fb3e75de-72a2-4c70-8917-7125acc5cd17,429,1,1,355,,Just a moment...,broken,,2026-06-22T12:53:51+00:00
b53337e1-509c-441a-b41f-6df51d72ac38,403,1,1,190,,Just a moment...,broken,,2026-06-22T12:53:51+00:00
9f90f535-99f1-4076-bc8a-430f958d0e27,403,1,1,398,,Just a moment...,broken,,2026-06-22T12:53:51+00:00
1ebace6c-d5bc-4fd3-84c3-f695f8fab4b0,200,1,1,693,Wix,Santa Rosa Realtor | Susan Mullins Santa Rosa Realtor | Santa Rosa,good,,2026-06-22T12:53:51+00:00
7a7be67f-5daf-4b1c-97d3-2420cbd53bdb,0,0,0,20166,,,broken,connection failed,2026-06-22T12:53:52+00:00
869066b3-c807-4822-8761-cc74f4bbb030,200,1,1,387,GoDaddy,Buy bestsonomacountyre.com – Premium Expired .com Domain on GoDaddy | ExpiredDomains.com,good,,2026-06-22T12:53:52+00:00
a0478346-fc34-4b84-af66-9aa371cdf5a9,429,1,1,87,,Just a moment...,broken,,2026-06-22T12:53:52+00:00
1e0aad66-964d-4b8c-b1de-3248956cec46,200,1,1,440,,"Dorian Altamirano, Real Estate Agent - Compass",good,,2026-06-22T12:53:52+00:00
0cfdaf1e-7ed8-4e5e-8b78-a2305245acff,200,1,1,318,,The Schenone Gatton Real Estate Team with RE/MAX Marketplace - Linkbio | Instabio,good,,2026-06-22T12:53:52+00:00
a65f45e3-1840-42cb-afd6-4bc5d78a7b7c,403,0,0,293,WordPress,403 - FORBIDDEN,broken,,2026-06-22T12:53:53+00:00
2290bcd1-084e-48e9-9ba7-7fffb4fceb8c,429,1,1,295,,Just a moment...,broken,,2026-06-22T12:53:53+00:00
f2703516-b96f-4d96-a1a7-64971a072497,200,1,1,2393,WordPress,Susan Campbell,good,,2026-06-22T12:53:53+00:00
ff477a0f-9df3-4c5c-9520-d4d7a7951976,200,1,1,2155,Wix,"Top Agent | Tara Polley, Sotheby's International Realty | California",good,,2026-06-22T12:53:53+00:00
3f2a69c3-79c6-4294-8701-b14343f414b5,200,1,1,1531,WordPress,Home - Norman Home Team Wine Country,good,,2026-06-22T12:53:53+00:00
9dc955b5-5043-4621-909b-da25a01954af,429,1,1,202,,Just a moment...,broken,,2026-06-22T12:53:53+00:00
591f104c-03c3-48ba-94f8-fa26df713e15,200,1,1,388,GoDaddy,Tim is a real estate agent who exudes integrity and provides results,good,,2026-06-22T12:53:53+00:00
7e496e44-f43e-4fcc-b2d7-cb6a61b85d8a,429,1,1,202,,Just a moment...,broken,,2026-06-22T12:53:54+00:00
f41b79dd-f6d1-4d8f-aea3-9285e88db037,200,1,1,372,WordPress,Timothy Rangel: Luxury Real Estate Expert in San Francisco,good,,2026-06-22T12:53:54+00:00
5caa5cb5-4932-46bb-a2bf-0b323b0be355,202,0,0,246,,,weak,,2026-06-22T12:53:54+00:00
f799ae50-51b1-4d5c-8b3f-bdbe52e41756,0,0,0,45,,,broken,connection failed,2026-06-22T12:53:54+00:00
938f9b99-ef14-4ee8-ab04-b721550ddb94,200,1,1,254,,"Home | Tombe Realty | Sebastopol, CA",good,,2026-06-22T12:53:54+00:00
3cbf767a-3016-4720-84b1-561306132b58,403,0,1,147,,Just a moment...,broken,,2026-06-22T12:53:54+00:00
c6a4554b-e8d0-464e-b0c6-d616e815a2a4,0,0,0,10011,,,broken,connection failed,2026-06-22T12:53:54+00:00
21c397b5-f509-4fde-9c73-b95bc415d32e,200,1,1,2504,,theheinzgroup.com,good,,2026-06-22T12:53:54+00:00
3bcb6933-a932-49c8-b3b1-69c5abd5cdaa,0,0,0,15205,,,broken,connection failed,2026-06-22T12:53:54+00:00
6084c2bb-9825-46df-8b7a-4c774a93562b,0,0,0,113,,,broken,connection failed,2026-06-22T12:53:54+00:00
9ed28139-af5f-42db-b1ee-e3e186396959,200,1,1,500,,"Tracy Reynes, Real Estate Agent - Compass",good,,2026-06-22T12:53:54+00:00
4343b48c-48bd-4b56-aae5-a92c66028331,200,1,1,560,GoDaddy,Vineyards &amp; Wineries for Sale in Northern California - Norcalvineyards.com,good,,2026-06-22T12:53:54+00:00
5cdd1018-2bbf-4f0d-87af-5ee0c8a97cc4,0,0,0,111,,,broken,connection failed,2026-06-22T12:53:54+00:00
38dc7ec1-bbf4-417a-aad4-c2f048f6b08d,429,1,1,265,,Just a moment...,broken,,2026-06-22T12:53:55+00:00
7e72a06a-59b0-420e-a6b6-fcde6a893661,0,0,0,118,,,broken,connection failed,2026-06-22T12:53:55+00:00
c456c520-5007-44b9-a483-1f4f0db808cb,403,1,1,239,,Hilton Page Reference Code,broken,,2026-06-22T12:53:55+00:00
554f573a-9925-4afe-adf6-deb92e2ffdbd,200,1,1,784,,The Law Offices of Pauline M. Deixler - The Law Offices of Pauline M. Deixler,good,,2026-06-22T12:53:55+00:00
4a50d75c-546f-447f-b11b-fb5092462cf5,403,0,0,312,,403 Forbidden,broken,,2026-06-22T12:53:55+00:00
c2793939-d79c-4167-86ba-1574487144a3,0,0,0,970,,,broken,connection failed,2026-06-22T12:53:55+00:00
1273c262-928b-41ed-bda7-0a63f01cba0b,200,1,1,98,,Brix Restaurant & Gardens,good,,2026-06-22T12:53:55+00:00
864e1de2-798e-4493-8107-96d3cffccba5,200,1,1,391,Squarespace,"Bazaar Sonoma (BaSo/巴索/バソ) • Restaurant &amp; Konbini • Forestville, CA",good,,2026-06-22T12:53:55+00:00
b99abed6-48c8-4438-82e2-04eed580f38c,200,1,1,1374,WordPress,Vintroux - Estates • Vineyards • Wineries,good,,2026-06-22T12:53:55+00:00
51cb8718-b288-4681-9ef2-49d354d1e73c,202,1,0,303,,,weak,,2026-06-22T12:53:56+00:00
b2912632-b778-4d12-9a81-ab1e87ed40fb,200,1,1,233,,"Fleetwood - Wood Fired Fine Foods in Calistoga, CA",good,,2026-06-22T12:53:56+00:00
38aca2a9-ab01-4faf-9f9f-47bd96913ccf,0,0,0,112,,,broken,connection failed,2026-06-22T12:53:56+00:00
da778001-3288-40ae-9605-f81f3d394895,0,0,0,117,,,broken,connection failed,2026-06-22T12:53:56+00:00
f27c74b4-2e34-4328-b2fc-3a3ec45d6fd6,200,1,1,88,,Prepare your taste buds...,good,,2026-06-22T12:53:56+00:00
6ae73440-7916-4412-8010-b994112126dd,200,1,1,184,Webflow,"Kafee Mocha &amp;amp; Grill, Restaurant, 397 Aviation Blvd Ste A",good,,2026-06-22T12:53:56+00:00
998bd728-08d8-4bb5-9d53-38db75265928,200,0,1,83,Squarespace,Nimble &amp; Finn&#39;s,weak,,2026-06-22T12:53:56+00:00
ea9ca463-9629-4555-9538-cdcbe28584f2,200,0,0,1856,,,weak,,2026-06-22T12:53:56+00:00
da18cae5-4a26-416b-9603-69a9f89c6cea,403,1,1,495,,Just a moment...,broken,,2026-06-22T12:53:56+00:00
aa31ec6b-8fe6-418c-bafa-12c1a15e0776,0,0,0,16260,,,broken,connection failed,2026-06-22T12:53:56+00:00
b3db6a25-c5d8-4f39-8e71-8746b4221fe8,200,1,1,203,,"Remy&#x27;s Bar & Grill - Santa Rosa, CA - Full Menu, Reviews, Photos",good,,2026-06-22T12:53:56+00:00
34556b51-5ef0-4987-bf7f-291bc99646c5,444,0,0,511,,,broken,,2026-06-22T12:53:56+00:00
3d2ac76f-dc59-4d06-9919-6e0d3354dc2c,200,1,1,415,Squarespace,Experience Southern Hospitality,good,,2026-06-22T12:53:57+00:00
a07c8b65-82af-44be-974d-d1c15c52457d,520,0,1,224,,3dcartstores.com | 520: Web server is returning an unknown error,broken,,2026-06-22T12:53:57+00:00
337a597b-594d-4f33-866b-d09c9323cc09,200,1,1,285,Squarespace,Songbird Parlour - Modern Restaurant + Lounge in the heart of Sonoma Valley,good,,2026-06-22T12:53:57+00:00
823b80dc-12a8-415b-97f3-58bfb89d06ec,0,0,0,15373,,,broken,connection failed,2026-06-22T12:53:57+00:00
438fb267-2b70-4a05-8f5e-029234388208,200,1,1,276,,"Station St. Helena | Breakfast, Lunch & Pizza",good,,2026-06-22T12:53:57+00:00
2a63193d-8947-43e5-aca5-43a0dcf7c1d1,200,1,1,221,WordPress,The Kitchen at Priest Ranch located in Yountville CA,good,,2026-06-22T12:53:57+00:00
8e4d0bf5-f226-4aa4-bb02-9195a2d9c040,200,1,1,323,Squarespace,"The Burrow, Healdsburg, California: food, beer, wine",good,,2026-06-22T12:53:57+00:00
a473130c-5fe2-4315-95f4-016c26a4ffd7,200,1,1,1540,WordPress,Palisades Eatery,good,,2026-06-22T12:53:57+00:00
b5892ca2-7ff0-49d2-b800-96fff6c6f71f,200,1,1,456,,Lodge at Bodega Bay | Bodega Bay Luxury Hotel | Official Site,good,,2026-06-22T12:53:57+00:00
c4914065-909d-45d8-97ae-e5e6898855d2,200,0,1,1691,,389SPORTS: Best Link Website in Official Trust 389Sport,weak,,2026-06-22T12:53:57+00:00
38b269d8-80ee-4c83-84b3-5b9a90fe966a,200,1,1,323,Squarespace,Sonoma Farm-to-Table Restaurant &amp; Bar | Matheson Healdsburg,good,,2026-06-22T12:53:57+00:00
8f354c22-ea86-4d08-976c-6663dbdf2283,200,1,1,360,Squarespace,The Local,good,,2026-06-22T12:53:57+00:00
c33a2dfc-30b0-4c89-9976-3ee225d47f3c,200,1,1,1915,WordPress,MOZAIK RESTAURANT -,good,,2026-06-22T12:53:58+00:00
9b72403e-15ce-488e-85a7-a1fd83ba49f5,0,0,0,106,,,broken,connection failed,2026-06-22T12:53:58+00:00
49124651-d1b6-4304-9375-5feba4a5b1d2,200,1,1,269,Squarespace,Valette,good,,2026-06-22T12:53:58+00:00
c6e09091-5885-4375-90bf-9849c6b8bfbb,0,0,0,110,,,broken,connection failed,2026-06-22T12:53:58+00:00
a62a672c-baf5-4ffa-a0ae-a2fe6cc537ca,200,1,1,479,WordPress,Home - The Spinster Sisters,good,,2026-06-22T12:53:58+00:00
a0ca94d1-5aa5-4a8d-9af4-730edb69959c,202,1,0,132,,,weak,,2026-06-22T12:53:58+00:00
61d5a819-86e8-47bc-96b3-34f292eed152,200,1,1,509,,Resy | Right This Way,good,,2026-06-22T12:53:58+00:00
9a903ce4-7e5a-4d22-a514-fd467cba4043,0,0,0,168,,,broken,connection failed,2026-06-22T12:53:58+00:00
19014572-9d68-4b61-afae-8a4524be7c46,0,0,0,51,,,broken,connection failed,2026-06-22T12:53:58+00:00
4e4e7d1a-a65b-44dc-9404-9d4ff2f37014,200,1,1,452,,Oceanfront Dining | The Hotel Breakers | northern CA,good,,2026-06-22T12:53:58+00:00
e6cae903-752b-41f7-8514-50873645ad13,200,1,1,543,,"Senior Living Petaluma, CA | MuirWoods Memory Care",good,,2026-06-22T12:53:58+00:00
37b04880-5f78-4c70-a73a-dba6972e9cf8,403,1,1,632,,Just a moment...,broken,,2026-06-22T12:53:59+00:00
7440f4c0-c2b2-45ca-b002-717b3dabbfe3,200,1,1,2380,,SABANGBET : Aplikasi Perbaikan IFile Desktop Terlengkap Saat Ini,good,,2026-06-22T12:53:59+00:00
e96e15c4-4de1-458d-9bdd-350e885cc1ed,200,1,1,205,WordPress,Santa Rosa Hills Senior Living | Retirement Living in California,good,,2026-06-22T12:53:59+00:00
f352dcf4-7a74-4a22-be34-28f86a8a019f,200,1,1,316,WordPress,"Oakmont Gardens | Senior Living in Santa Rosa, CA",good,,2026-06-22T12:53:59+00:00
fc7555ed-a82c-4e9b-be57-98d55ef0d6f0,200,1,1,346,WordPress,Home - Parent Placement Solutions,good,,2026-06-22T12:53:59+00:00
7f31dfd9-29b0-4a32-b1e9-1907996f0a25,200,1,1,515,,Shiloh Green Manor | Residential Care Homes | Official Site,good,,2026-06-22T12:53:59+00:00
10a7afd4-ae0a-4361-8373-47ca7c8333eb,200,1,1,307,WordPress,Solstice at Santa Rosa – California independent senior living community,good,,2026-06-22T12:54:00+00:00
e7239e9e-d57c-44f0-9628-acf44247a4eb,200,1,1,1104,WordPress,"Serenity Board and Care - Residential Care Facility - Santa Rosa, California",good,,2026-06-22T12:54:00+00:00
0fc7f5dd-d7e8-495e-84bc-d49f4f4c758b,200,1,1,225,WordPress,"Senior Living in Petaluma, California | Springfield Place",good,,2026-06-22T12:54:00+00:00
35646eb7-1dbf-46f9-9f08-858e77038f63,200,1,1,2108,WordPress,Loveshine Fijian Care &#8211; In-home Care Agency,good,,2026-06-22T12:54:00+00:00
c7f735e4-2a94-4f7c-a16f-db149c45667e,200,1,1,2580,WordPress,Ivy Park at Santa Rosa | Assisted Living in Sonoma County,good,,2026-06-22T12:54:00+00:00
e2d8ebaf-fcb6-4333-b919-432d3724ee05,200,1,1,505,WordPress,"Retirement Community In Sonoma County, California | The Ridge At Healdsburg",good,,2026-06-22T12:54:00+00:00
c7b6a926-07fc-4214-9b18-1c1c00aafce6,200,1,1,2824,WordPress,Home - Green Acres Manor Sonoma,good,,2026-06-22T12:54:01+00:00
fe3e6ca8-83f2-4304-a8e9-ac7f3792bb38,200,1,1,739,WordPress,Ivy Park at Piner | Assisted Living &amp; Memory Care in Santa Rosa,good,,2026-06-22T12:54:01+00:00
2bd5cc75-7650-43dd-bbfc-7d4492c9ed30,200,1,1,769,,MBK Senior Living Locations,good,,2026-06-22T12:54:01+00:00
c15ed0f2-f7fa-4036-80ea-e5eed7a3fef8,200,1,1,501,WordPress,Oakmont Senior Living | Luxury Assisted Living &amp; Memory Care,good,,2026-06-22T12:54:01+00:00
c5fb7cc8-bcfa-462c-8651-1e962936cf9d,200,1,1,455,,Windsong of Sonoma Senior Living - Memory Care Community,good,,2026-06-22T12:54:01+00:00
fabff9b5-a16b-468f-84b6-601c3cb48fc9,200,1,1,596,,California's Tile Roof Restorations || 1-833-876-6348 Southern & Northern California,good,,2026-06-22T12:54:01+00:00
1011f697-40b2-47e3-8789-46e8c30680db,200,1,1,205,GoDaddy,Santa Rosa Roofer | Titan Roofing and Construction,good,,2026-06-22T12:54:01+00:00
9471cd2c-c20d-44ea-944c-d6602f276c38,200,1,1,356,WordPress,"Foodie - Live a Delicious Life: Kitchen Tips, Culinary History, Restaurant Recs",good,,2026-06-22T12:54:02+00:00
394d9486-64f1-4860-b26f-3d3d843528aa,404,0,0,345,,,broken,,2026-06-22T12:54:02+00:00
60aff4c8-4d9b-45c1-99a1-9b8c298573b6,200,1,1,629,GoDaddy,Sonoma Salad Co.,good,,2026-06-22T12:54:02+00:00
f8314555-fe36-4f68-ba56-a17ceb26b830,0,0,0,140,,,broken,connection failed,2026-06-22T12:54:02+00:00
010ebb79-c15d-403d-83bf-8ea47f7918e3,200,1,1,237,WordPress,"Salt &amp; Stone Kenwood &#8211; Comfortable, Delicious Food in Kenwood",good,,2026-06-22T12:54:02+00:00
3a4be350-4e9a-4e25-b64a-dc77ebe592a6,200,1,1,411,GoDaddy,Ginochio&#039;s Kitchen | Ginochio&#039;s Kitchen,good,,2026-06-22T12:54:02+00:00
8a54c1b3-75d8-4b2f-956a-4a7aa6ae6bd4,200,1,1,1559,WordPress,"Valley of the Moon Post Acute &#8211; Nursing Home, Physical Therapy, Healthcare &#8211; Sonoma, CA",good,,2026-06-22T12:54:02+00:00
62addc71-eef8-453b-92a8-8f686c03b141,0,0,0,44,,,broken,connection failed,2026-06-22T12:54:02+00:00
665ac9ca-f291-4e2a-88ea-933fd443577c,200,1,1,671,,"Bella Rose Esthetics LLC | Esthetician in Santa Rosa, CA",good,,2026-06-22T12:54:03+00:00
fbd11b7c-cce8-4b02-a718-e22a1fa30a1e,200,1,1,757,,"Elevate Skin Studio | Esthetician in Santa Rosa, CA",good,,2026-06-22T12:54:03+00:00
d71f3363-34c2-4d91-ab2f-6e1a2c2e136e,200,1,1,1039,,Willi&#x27;s Seafood &amp; Raw Bar,good,,2026-06-22T12:54:03+00:00
ecfd3da7-916c-4a61-b2d0-de0cde4157e5,200,1,1,5732,WordPress,"Home - Canterbury Home Santa Rosa, California",weak,,2026-06-22T12:54:03+00:00
d30919d6-84c6-492d-940a-8b329ecbcb91,200,1,1,2723,WordPress,Guardian Roofing LLC &#8211; Santa Rosa &#8211; Marin County Roofing Services,good,,2026-06-22T12:54:03+00:00
d7bcddd9-aaf7-4e47-9c5e-6550ea88b452,0,0,0,15076,,,broken,connection failed,2026-06-22T12:54:03+00:00
69ca0934-1f5b-46f7-90f3-1106031710ce,0,0,0,113,,,broken,connection failed,2026-06-22T12:54:03+00:00
b2966028-759b-4801-8ceb-6ed54489cdf6,200,1,1,618,,Thriving As An Introvert: Tanya LaRae Marsh of Holistic Skin Care Therapy On How Introverts Can Thrive &amp; Succeed In A Society That Seems To Favor Extroverts | by Yitzi Weiner | Authority Magazine ,good,,2026-06-22T12:54:03+00:00
b417f9ad-2a06-421d-bbfc-e71b4da402bb,200,1,1,1011,Weebly,Home | ENIGMA ESTHETICS,good,,2026-06-22T12:54:04+00:00
34d3b63c-2848-48e8-9eb6-e8888e47efd4,200,0,0,339,Weebly,Le Visage Skin Care Studio - Home,weak,,2026-06-22T12:54:04+00:00
068b48ab-6232-4edc-b3b0-cb2d2339a8af,200,1,1,405,Wix,Nani Studio | Sebastopol,good,,2026-06-22T12:54:04+00:00
28eeced8-1bd9-493d-9a3e-2edd9e5720a5,200,1,1,1113,Weebly,Home | Holistic Beauty Skin Studio,good,,2026-06-22T12:54:04+00:00
b0966bc7-ffe5-40a5-a623-fc964226af88,200,1,1,441,Weebly,,good,,2026-06-22T12:54:04+00:00
ddb3ce65-a791-4925-a5cb-ea4448f972d2,200,1,1,763,,SkinCare Experts | Trusted Skin Care Blog & Local Skin Care Near Me,good,,2026-06-22T12:54:04+00:00
58503adf-75c5-4acc-be8f-958c46e3299d,200,1,1,698,Wix,Radiant Skincare &amp; Wellness Lounge | Santa Rosa | Advanced New Client Special $100,good,,2026-06-22T12:54:04+00:00
f6a7b185-1a83-4fa6-82d5-bba2630b92d6,200,1,1,447,,Serenitie Skincare,good,,2026-06-22T12:54:04+00:00
34324ffa-1cd9-4d74-9a7b-69852b3f9818,200,1,1,310,Weebly,Skin Co. Eshtetics - home,good,,2026-06-22T12:54:04+00:00
35d41715-7083-4922-8e70-ca360fe1e04d,200,1,1,677,,"Rochell Overn Esthetics | Health &amp; Beauty in Novato, CA",good,,2026-06-22T12:54:04+00:00
74332ea3-582c-410c-a9f7-6f31bcd027aa,0,0,0,17283,,,broken,connection failed,2026-06-22T12:54:05+00:00
c4250e1f-83a4-47fb-9dba-6cc5f314f5f9,200,1,1,789,Weebly,,good,,2026-06-22T12:54:05+00:00
08f2d6dd-0c4a-4d45-891b-a8c6794659d4,200,1,1,1465,WordPress,Santa Rosa Laser &amp; Skincare Center - North Bay Laser,good,,2026-06-22T12:54:05+00:00
2d9fb7f8-fd9a-476d-bf77-f69528bc0eb6,200,1,1,605,Wix,"Skyn Krush Organics | Beauty Boutique in Santa Rosa, CA",good,,2026-06-22T12:54:05+00:00
72030653-82ee-48af-9c0c-dc3759ca7ba2,200,1,1,519,Squarespace,Blendcraft,good,,2026-06-22T12:54:05+00:00
55fe37bb-1672-49cc-be6c-1eefee5a23df,0,0,0,12,,,broken,connection failed,2026-06-22T12:54:05+00:00
e4bdeb3d-5bc9-4237-b1c0-7bc02427e995,200,1,1,880,Weebly,"The Best Skincare Studio in Petaluma, California | STILL Skincare",good,,2026-06-22T12:54:05+00:00
86865270-5ed2-4e41-b409-65997ad1ed29,403,1,1,67,,Just a moment...,broken,,2026-06-22T12:54:05+00:00
be28b95d-01f2-42f3-aa02-9e1632d84b9f,200,0,1,315,,,weak,,2026-06-22T12:54:06+00:00
b4194037-e0aa-4408-92ab-0ab85d29c307,0,0,0,8,,,broken,connection failed,2026-06-22T12:54:06+00:00
3be76955-0ce3-4794-89d7-1a796026188c,200,1,1,1263,Weebly,,good,,2026-06-22T12:54:06+00:00
a2ed7907-0eca-44f9-9761-f00eeb49b6f4,200,1,1,278,Squarespace,BC Therapeutics,good,,2026-06-22T12:54:06+00:00
9c10abe8-6f51-45af-9408-602f4464ff3e,200,1,1,978,WordPress,Organic Cold Pressed Juice &amp; Cafe Santa Rosa - JuiceryCo.com,good,,2026-06-22T12:54:06+00:00
926f5429-6c73-4395-ab9b-ce8568796c6f,200,1,1,305,Wix,Skin Care | Beauty Unparalleled | Windsor,good,,2026-06-22T12:54:06+00:00
4fda9b3f-fd7d-405c-892b-6bfbbce33052,0,0,0,20021,,,broken,connection failed,2026-06-22T12:54:06+00:00
339743d4-06ef-468f-bc4b-dc974f7c1cb6,200,1,1,1791,Wix,Home | Skinergy Skincare | Facial Treatments | Petaluma,good,,2026-06-22T12:54:06+00:00
ea65aa42-0a52-4fa8-89a8-afafa6c99a24,200,0,1,373,Weebly,Home,weak,,2026-06-22T12:54:06+00:00
a24affb8-35a0-4588-ba93-fb24a4aaab31,200,1,1,514,Shopify,Best Day Spa in Sonoma CA | Facials &amp; Massage &ndash; Blush A Day Spa,good,,2026-06-22T12:54:06+00:00
1230e740-44dd-4bf6-af2a-1838d7d3b7b8,200,1,1,361,Squarespace,BridgeView Spa,good,,2026-06-22T12:54:06+00:00
93808725-0398-4064-841d-74b78b05f5a1,200,1,1,348,Squarespace,Calm Spa Sonoma,good,,2026-06-22T12:54:06+00:00
454116bd-0bbc-438c-9cf6-cd5f534cc745,0,0,0,58,,,broken,connection failed,2026-06-22T12:54:06+00:00
b7ee0856-2e5b-4787-8e90-594db2934d73,200,1,1,561,Squarespace,EtchBodyStudio,good,,2026-06-22T12:54:07+00:00
b8fc6f02-b59f-4ec2-af20-ead2fb667b38,200,1,1,535,Weebly,Iron Apron Esthetics Skin Care Facials Self Care Spa Sonoma County | Iron Apron Esthetics,good,,2026-06-22T12:54:07+00:00
9c7f40f6-92ba-4328-b441-8d88378d30f4,200,1,1,487,Wix,"Marin Glow House | Botox in novato | 920 Sherman Avenue, Novato, CA, USA",good,,2026-06-22T12:54:07+00:00
31c843f8-0722-461e-85b4-81ca1017b3a4,0,0,0,49,,,broken,connection failed,2026-06-22T12:54:07+00:00
14073ea9-3782-40bd-9001-78a8efa0d5c3,200,0,0,179,,,weak,,2026-06-22T12:54:07+00:00
98abc4cf-a70c-4855-be51-e8329046799e,200,1,1,1810,Wix,Local | Chads Soup Shack | United States,good,,2026-06-22T12:54:07+00:00
0c97399f-4325-4d0c-8a5e-63dc874b7b96,200,1,1,395,GoDaddy,Relax with Professional Massage Services | Kassandra&#x27;s Spa,good,,2026-06-22T12:54:07+00:00
21c03f9d-203e-4416-831a-878ca530ae90,200,1,1,820,Weebly,,good,,2026-06-22T12:54:07+00:00
9b0513e6-56a5-4e2e-a509-9e865f487e52,200,1,1,255,GoDaddy,ReviveTheSpa.com is for sale | HugeDomains,good,,2026-06-22T12:54:07+00:00
5b35f179-6575-42cb-ace0-812d77d5b6c0,200,1,1,338,Squarespace,Runway Wellness Juice Bar + Express Spa,good,,2026-06-22T12:54:08+00:00
4fd377a8-f345-4e36-8f30-e078332332e8,200,1,1,1384,,kaiyun&#x5B98;&#x65B9;&#x7F51;&#x7AD9;&#x7F51;&#x5740;-&#x4E2D;&#x56FD;&#x5B98;&#x65B9;&#x7F51;&#x7AD9;,good,,2026-06-22T12:54:08+00:00
ecdfda19-85c0-46f2-a58e-f0833ffa0d4e,200,1,1,671,Wix,Home | Painted Petals Nails &amp; Spa,good,,2026-06-22T12:54:08+00:00
0499a2ae-c825-49db-b7d3-82e9e42ceea8,200,1,1,699,WordPress,"Skin Care | Facials | Esthetician | Santa Rosa, CA",good,,2026-06-22T12:54:08+00:00
64862575-30c3-4f15-820c-9b2540df275d,200,1,1,447,,So.Co. Face and Body Works Home,good,,2026-06-22T12:54:08+00:00
c6c9f231-685d-46d7-9ea9-42ff46a51034,0,0,0,4,,,broken,connection failed,2026-06-22T12:54:08+00:00
bbb45167-412e-48fc-b4a2-bc781382b55e,200,0,0,187,,,weak,,2026-06-22T12:54:08+00:00
d1a31664-a0a8-459c-ae02-4e6211182fa2,409,0,1,263,,DNS resolution error | www.soulsticespa.com | Cloudflare,broken,,2026-06-22T12:54:08+00:00
967a6537-0a65-4b33-92f0-c6c53e1e5e01,404,0,0,551,,404 - Page Not Found,broken,,2026-06-22T12:54:08+00:00
81d2e523-7dc8-4c11-b2fc-ced0a1615123,200,0,1,751,Weebly,,weak,,2026-06-22T12:54:08+00:00
fbbbe3e1-06f3-40d3-bd4c-8eb65a9105e5,200,0,0,317,,,weak,,2026-06-22T12:54:09+00:00
f59cd1ae-72b2-4715-845b-1ba869bf0ddc,200,1,1,1188,Weebly,"Petaluma Esthetician | Facials, Brazilian Waxing + Dermaplane | | Simply Caitsthetics",good,,2026-06-22T12:54:09+00:00
d268d5ef-1236-4dc7-be0c-14472b58eda0,200,1,1,447,Wix,Makeup Artist | Holisticbeautyspace | Petaluma,good,,2026-06-22T12:54:09+00:00
81be15c2-1a44-463c-b4b6-e902bd7b927e,200,1,1,582,Wix,The Annex by LK &amp; Grey | Downtown Santa Rosa Spa Boutique,good,,2026-06-22T12:54:09+00:00
97583654-35e0-4ab6-b36a-6d298d1d4f2c,0,0,0,118,,,broken,connection failed,2026-06-22T12:54:09+00:00
613afd40-28b0-4be9-b505-0aadffd8d2d4,0,0,0,10016,,,broken,connection failed,2026-06-22T12:54:09+00:00
0eab3893-0670-452a-a4a0-b73bad807eda,200,1,1,746,WordPress,Meadowood Spa | Napa Spa Resort | Luxury Spa Napa Valley,good,,2026-06-22T12:54:09+00:00
18082f84-70ed-4e40-86a2-53acd9fff49d,200,1,0,581,Weebly,Barre Energy - Home,weak,,2026-06-22T12:54:09+00:00
cc89c6ea-feac-4112-becc-42ed294dc039,0,0,0,16390,,,broken,connection failed,2026-06-22T12:54:09+00:00
c13a5f95-9c09-48aa-9301-89f65c2159b0,0,0,0,15237,,,broken,connection failed,2026-06-22T12:54:09+00:00
a795d753-8ba1-451c-9f44-229abb31a298,200,1,1,696,WordPress,Home - Waxing &amp; Skincare By LeAnne Marie,good,,2026-06-22T12:54:09+00:00
fce87393-4f2c-4ced-a7cc-24f301b8b519,200,1,1,410,WordPress,"Worldwide Provider of Human Performance Training for Law Enforcement, Fire, and Aviation Personnel - Human Performance Training and Consulting Inc",good,,2026-06-22T12:54:09+00:00
78b93b79-bdbb-44bd-92c1-60882820effb,200,1,1,440,Wix,Johnny's | Sports Bar | Calistoga,good,,2026-06-22T12:54:09+00:00
f97a3e4a-d33c-4a24-93ff-71aa05a7c465,403,1,1,41,,Just a moment...,broken,,2026-06-22T12:54:09+00:00
5b9bad47-d09f-409d-99f0-7ba01ad42697,200,1,1,355,Squarespace,Steiners Tavern,good,,2026-06-22T12:54:09+00:00
8606f24d-48d0-4934-abf5-e47bc154be08,200,0,1,237,,,weak,,2026-06-22T12:54:09+00:00
8eb52190-a7ba-4e80-b8e1-63b687a2ae9d,200,1,0,248,,,weak,,2026-06-22T12:54:10+00:00
6dcd9d1f-1936-48bb-85a5-d74c4df7c9d2,200,1,1,189,Squarespace,Sushiholic Novato,good,,2026-06-22T12:54:10+00:00
493018a7-3e1f-40ab-af67-0ca06fb11bc4,403,1,1,41,,Just a moment...,broken,,2026-06-22T12:54:10+00:00
62119554-788c-4c95-88e8-b0039445cda1,200,1,1,227,Squarespace,SUSHI KOSHŌ,good,,2026-06-22T12:54:10+00:00
5cafbc4e-8455-47dc-b256-a4015e255453,200,1,1,509,WordPress,MOLCAJETES &#8211; Bar &amp; Grill,good,,2026-06-22T12:54:10+00:00
3477377d-774f-4ff0-877c-a8f0a2bc3d97,200,1,1,372,Squarespace,Sushi Hana Sebastopol,good,,2026-06-22T12:54:10+00:00
9a158446-e00c-4eb5-b452-9bc5c42c641c,200,1,1,596,Webflow,Masa&#x27;s Sushi | Experience the Art of Sushi,good,,2026-06-22T12:54:10+00:00
51de77d0-afb3-4182-a7eb-cdb2f0c27f73,200,1,1,554,GoDaddy,Buy sakeosushi.com – Premium Expired .com Domain on GoDaddy | ExpiredDomains.com,good,,2026-06-22T12:54:10+00:00
a2215f4e-28b1-477a-b18c-b502a68948de,200,1,1,309,Wix,Tasty Tacos and more at Tip Top Taco in Penngrove,good,,2026-06-22T12:54:10+00:00
65535542-7845-49ab-b6b3-2e8a8285641d,200,1,1,455,,Ray Ray's Tacos | Austin-Style Tacos and Breakfast Tacos in Napa Valley,good,,2026-06-22T12:54:10+00:00
63e0776c-9a61-441e-82de-c4800b0e375a,200,1,1,396,GoDaddy,Home | Tanning at Bare Raydiance Salon,good,,2026-06-22T12:54:10+00:00
09b29899-069a-4e5e-ba60-36ec635406a3,0,0,0,104,,,broken,connection failed,2026-06-22T12:54:10+00:00
dfb06769-e52c-4669-ac47-b072b0184180,200,1,1,383,Squarespace,Studio Sun &amp; Beauty,good,,2026-06-22T12:54:10+00:00
2bfd235c-e0ac-4d2f-bf47-fb53999d9cb0,404,1,0,491,Squarespace,Squarespace - Website Expired,broken,,2026-06-22T12:54:10+00:00
ab809fa0-e9f6-4cbb-9061-d2945cd84808,0,0,0,120,,,broken,connection failed,2026-06-22T12:54:10+00:00
8fe1a3e4-6426-4e9c-91c8-49db6dd3306c,200,1,1,3305,WordPress,"Roger's Pool &amp; Spa Service | Sonoma County, CA",good,,2026-06-22T12:54:10+00:00
af644cbb-c855-4d5c-949b-b05459bfee9f,200,1,1,1269,WordPress,Home - Victory House,good,,2026-06-22T12:54:10+00:00
41ff5a7b-d3c9-4b89-adf1-7f1a09fed17a,200,1,0,233,GoDaddy,Tattoos and Piercings - Eternal Art Tattoo Gallery,weak,,2026-06-22T12:54:11+00:00
59a8abc1-5cad-40f0-8d29-c252ca116cb3,200,1,1,254,Squarespace,Faith Tattoo,good,,2026-06-22T12:54:11+00:00
775cee09-454a-4379-8ba2-737c2b4e9b7c,200,1,1,732,Wix,"BEAUTY &amp; THE BLADE | COSMETIC TATTOO | 21159 Calistoga Road, Middletown, CA, USA",good,,2026-06-22T12:54:11+00:00
c06bac6a-3ade-4755-b16b-f4b88b891935,200,0,1,605,WordPress,æç©ºç½é¡µçç»å½å ¥å£-æç©º(ä¸­å½),weak,,2026-06-22T12:54:11+00:00
c318732e-eedd-4121-903a-caa440c9eec4,200,1,1,623,,Buddha's Palm Tattoo,good,,2026-06-22T12:54:11+00:00
1c21aeeb-bf7d-4483-8aed-8b1d1fdc30e5,0,0,0,348,,,broken,"ssl: HTTPSConnectionPool(host='www.myspace.com', port=443): Max retries exceeded with url: /fifthsuntatto",2026-06-22T12:54:11+00:00
f01e87f8-bed7-4e45-9c42-a74714234488,200,1,1,397,Squarespace,HIDDEN COAST TATTOO,good,,2026-06-22T12:54:11+00:00
42243e15-1414-4154-b754-b8a40e3366e1,200,1,1,1214,,"Solbar Restaurant at Solage Resort & Spa in Calistoga, California",good,,2026-06-22T12:54:11+00:00
27fb7168-4029-493c-be45-f6dba11885f7,404,0,0,392,,,broken,,2026-06-22T12:54:11+00:00
eff1882c-d4f0-44c0-b36a-ba080050d11c,200,1,1,306,Squarespace,Petaluma Tattoo,good,,2026-06-22T12:54:11+00:00
7d2c669b-612d-4e39-96b3-7dd425ca2377,200,1,1,537,Weebly,Tattoo and Piercing Collective | InkAlchemist,good,,2026-06-22T12:54:11+00:00
4692d5f1-570d-42b9-9994-e24b90f10c10,200,1,1,570,Webflow,"All-In-One Salon, Spa &amp; Medspa Software | GlossGenius",good,,2026-06-22T12:54:11+00:00
d60e5bdb-94a3-4d1c-b1e5-33c51b1d7a97,200,1,1,340,Squarespace,Rosa Grande Tattoo,good,,2026-06-22T12:54:12+00:00
2f21890e-be63-4224-853a-3836cfd006ad,0,0,0,20,,,broken,connection failed,2026-06-22T12:54:12+00:00
6477faab-b67f-40da-a40d-e1c681b8d651,200,1,1,254,,Tivon&#x27;s Tattoo Linktree,good,,2026-06-22T12:54:12+00:00
5d0f9bca-bdea-4d20-ad12-1a765e874b55,200,1,1,367,,The Dungeon | Santa Rosa [ Book now ],good,,2026-06-22T12:54:12+00:00
2a998d82-f81b-47e9-a53c-a83cb782ec9c,200,0,0,121,,,weak,,2026-06-22T12:54:12+00:00
a2da3714-47cb-4e42-99a8-a67b7387adba,200,1,1,853,Wix,Body Art | Kō Studio Art &amp; Tattoo | Santa Rosa,good,,2026-06-22T12:54:12+00:00
467e1234-9de6-4962-9243-74274399452d,200,1,1,2165,Wix,Marin County Luxury Spray Tan | Swimwear Boutique | Beach Bungalow 415,good,,2026-06-22T12:54:12+00:00
e73469ae-b0ba-40f2-b90f-083411737ced,403,1,1,162,,Just a moment...,broken,,2026-06-22T12:54:12+00:00
ba950010-701b-4066-9332-e4c2b364cc88,403,1,1,211,,Just a moment...,broken,,2026-06-22T12:54:12+00:00
b6969e5a-bc4d-42d3-b5db-eb2cf3309347,200,1,1,617,WordPress,Marin County Taxi | BestAirport Taxi Services Provider,good,,2026-06-22T12:54:12+00:00
2e498c4f-9a5b-4c58-9c09-ad0d49c14a3d,200,1,1,577,Wix,Racks and Tracks Taxidermy | Taxidermy | Beaver County,good,,2026-06-22T12:54:12+00:00
a85631fb-4e1a-4524-8629-a7155e3944ec,403,1,0,327,GoDaddy,Access Denied,broken,,2026-06-22T12:54:12+00:00
7538d5e1-dd9a-4d4c-9d32-8c751947cb0c,200,1,1,1055,GoDaddy,Permanent Makeup Santa Rosa | Natural Brows &amp; Lip Blush – Synergy Ink PMU,good,,2026-06-22T12:54:12+00:00
9e20b6cf-8771-4fcb-9ca1-3a96135c273c,200,1,1,556,,NAGA188: Situs Toto Slot Gacor Link Online Slot88 Gampang Menang Hari Ini,good,,2026-06-22T12:54:13+00:00
e36468cb-fc8c-4267-a5a8-ddc55f9e19c9,403,1,1,154,,Just a moment...,broken,,2026-06-22T12:54:13+00:00
9d1667e4-f670-4a07-a844-b60be2d950a4,200,1,1,450,Squarespace,CharmThai,good,,2026-06-22T12:54:13+00:00
214e77b8-9ba5-46bf-a7ee-bd849f28846f,200,1,1,310,Squarespace,"Khom Loi - Thai Food Sebastopol, CA",good,,2026-06-22T12:54:13+00:00
b1f0571e-1e34-4513-9a07-b8a26ce9929d,0,0,0,107,,,broken,connection failed,2026-06-22T12:54:13+00:00
d36e49be-85ae-468c-97df-005e5f426daa,403,1,1,268,,Just a moment...,broken,,2026-06-22T12:54:13+00:00
067dca18-0ae0-4fed-aaf6-f59a14762b3e,200,1,1,1026,,"Bangkok 9 - Sonoma Marketplace, Sonoma, CA",good,,2026-06-22T12:54:13+00:00
c1606fed-548d-434f-b45c-db772c3a0d08,0,0,0,321,,,broken,"ssl: HTTPSConnectionPool(host='www.thaiorchidhealdsburg.com', port=443): Max retries exceeded with url: /",2026-06-22T12:54:13+00:00
30d02eb3-6740-4864-9f86-8862c468e998,0,0,0,28,,,broken,connection failed,2026-06-22T12:54:13+00:00
ee0befb4-02da-4b18-93d0-fbaf61d9077f,200,1,0,182,,"California Tire and Wheel, Santa Rosa, CA | Tires & Auto Repair",weak,,2026-06-22T12:54:13+00:00
22bbfb49-5871-43a0-962c-2c18e24ee981,200,1,1,11480,GoDaddy,"Advantage Skincare - Skincare, Facials, Acne Treatment",weak,,2026-06-22T12:54:13+00:00
934c9ee3-6401-4278-bb7b-5dccceddb4c1,404,1,0,327,,SITE NOT FOUND,broken,,2026-06-22T12:54:13+00:00
50b57ef8-7c86-4db6-95c8-61b4b86f6dab,200,0,1,422,Squarespace,Santa Rosa Tires Plus,weak,,2026-06-22T12:54:13+00:00
962282ac-f3b6-424f-b6ae-c561fefd49f0,200,0,1,481,,Tire Depot — Home,weak,,2026-06-22T12:54:14+00:00
99d38d4a-f871-4e06-88bf-28e1c5ace5de,403,0,1,153,,Just a moment...,broken,,2026-06-22T12:54:14+00:00
52e500e9-82f7-4136-8319-9d36748540ff,200,1,1,406,,The Tire Works | Santa Rosa | HOME,good,,2026-06-22T12:54:14+00:00
196451fd-973b-426c-9575-7d59bc529fbf,200,1,1,314,,"Tires, Auto Repair &amp; Expert Vehicle Maintenance | Wheel Works",good,,2026-06-22T12:54:14+00:00
4ce71e8b-406b-499d-8413-d34eaea5cba5,0,0,0,145,,,broken,connection failed,2026-06-22T12:54:14+00:00
ab02d5b5-327b-42cd-8c08-02a5c222c629,200,1,1,865,,"United Auto Repair &amp; Tires is a Mechanic in Petaluma, CA 94954",good,,2026-06-22T12:54:14+00:00
50cd3786-9073-4c2e-b1b4-ba8e4106d7bc,200,1,1,3046,WordPress,Sonoma Piercing | Custom Jewelry &amp; Safe Piercing,good,,2026-06-22T12:54:14+00:00
27609f5b-6aaa-4d27-a585-878303f21b8d,200,1,1,333,,Raising Skilled Readers,good,,2026-06-22T12:54:15+00:00
48ae9565-f528-4278-a280-06bda2596974,200,1,1,479,Wix,Tutoring | Petaluma | CJLC Tutoring,good,,2026-06-22T12:54:15+00:00
ec8e770b-bb6f-4fc5-8475-9ae90af43449,200,0,1,2040,WordPress,Tomi Thai Restaurant,weak,,2026-06-22T12:54:15+00:00
dc19fc31-fca1-4235-a370-4fef2acf3490,0,0,0,10015,,,broken,connection failed,2026-06-22T12:54:15+00:00
4133696a-8c71-47f9-a25e-2f58793ebd6e,200,1,1,435,Weebly,Our goal is to help you be successful and enjoy school - contact us so we can help - Sonomarin Tutoring + Test Prep,good,,2026-06-22T12:54:15+00:00
e97c3718-3dbf-4444-b316-a7f8aa645cc0,200,1,1,1362,,High Noon Books,good,,2026-06-22T12:54:15+00:00
6087f8f4-1112-4d49-8b66-e75fb4defe8d,0,0,0,10010,,,broken,connection failed,2026-06-22T12:54:15+00:00
bfd7e58c-1471-49ca-868a-06e36150138b,403,0,1,230,,Just a moment...,broken,,2026-06-22T12:54:15+00:00
9e5780ed-2dd0-47b4-a7fe-b3319448525d,200,1,1,2568,WordPress,Authentic Thai Food | Thai Restaurants in Santa Rosa,good,,2026-06-22T12:54:15+00:00
739c933b-c3a8-4400-9395-c7e617ed5f4b,0,0,0,111,,,broken,connection failed,2026-06-22T12:54:15+00:00
03843b23-54c8-43c2-ba46-a6541d85ea95,200,1,1,343,,"A.E.Z.R. PET HOSPITAL Petaluma, CA - Home",good,,2026-06-22T12:54:15+00:00
99a0081c-56ed-471c-9274-d41b36e269ca,200,1,1,523,Squarespace,Little Saint,good,,2026-06-22T12:54:15+00:00
3488a378-039d-4fad-9bc8-359400635369,200,1,0,472,,,weak,,2026-06-22T12:54:15+00:00
04478750-56f6-4b38-8d0d-bba016097538,200,1,1,6934,WordPress,ปันโปร 777 สล็อต ปั่นสล็อต แตกง่าย แตกหนัก,weak,,2026-06-22T12:54:16+00:00
cadfd6d2-54df-45d3-bd13-23f2f4f515bd,200,0,0,105,,,weak,,2026-06-22T12:54:16+00:00
82147e73-56fc-4eb5-b24b-0972ffb2134e,200,1,1,238,WordPress,"Best Vet Clinic In Sebastopol, CA | Animal Kingdom Veterinary Hospital",good,,2026-06-22T12:54:16+00:00
9622cccc-5d3a-41d1-b848-6eb63b7b0a5c,200,1,1,533,Squarespace,Alta Equine Sports Medicine,good,,2026-06-22T12:54:16+00:00
81a28c80-a0c1-423f-baf1-dec7722e1dde,200,1,1,203,,East Petaluma Animal Hospital | Best Vet in Petaluma,good,,2026-06-22T12:54:16+00:00
2646d898-c24a-499c-9b52-b8dc1f228d6f,200,1,1,1225,Wix,Personalized Tutoring Services for K-12 Students - Spark Whole Student Learning,good,,2026-06-22T12:54:16+00:00
4391d1c7-2c56-411e-b096-2d62307cd63b,200,1,1,315,GoDaddy,Country Care Animal Clinic,good,,2026-06-22T12:54:16+00:00
5b81c974-c96f-4320-99ff-9368aa1ec915,200,1,1,163,,"Best Vet in Santa Rosa | Northtown Guardian Pet Hospital in Santa Rosa, CA",good,,2026-06-22T12:54:16+00:00
11684215-d049-45fb-babc-b7be145d734b,200,1,1,1582,Wix,Math tutoring in Marin County | Novato | Logika Marin,good,,2026-06-22T12:54:16+00:00
6bf915a9-70fb-4ff5-84cd-66c87e7ef3b2,200,0,0,307,,,weak,,2026-06-22T12:54:16+00:00
463bb953-352b-4349-837d-269011daceaf,200,1,1,178,Squarespace,Puchalski &amp; Associates,good,,2026-06-22T12:54:16+00:00
7b61f977-8233-44a3-8481-5c000a0b720f,200,1,1,177,,Sonoma Hotels | Stay at Sonoma Valley Inn by Hilton,good,,2026-06-22T12:54:16+00:00
337a8d22-7ca7-4161-8905-6d0197a6e4d5,200,1,1,507,Wix,Veterinarian | Petaluma Equine | United States,good,,2026-06-22T12:54:16+00:00
070618d9-7a72-414b-ba00-21f8161c3232,200,1,1,952,,"Veterinarian in Columbus, NC | Bonnie Brae Veterinary Hospital â Your Trusted Veterinary Clinic for Pet Wellness, Surgery, Emergency Care &amp; More. Book an Appointment Today!",good,,2026-06-22T12:54:16+00:00
3008b0a3-5db6-4a9b-8439-e86f7a392d19,200,1,1,520,,Petaluma Veterinary Hospital : Appointment Scheduling,good,,2026-06-22T12:54:16+00:00
0fef9614-9367-450c-a752-4986585ecd43,200,1,1,381,,Novato Veterinarian for Dogs &amp; Cats | The Country Vet,good,,2026-06-22T12:54:17+00:00
b53e46f4-5317-48f5-bcb3-795a5404530a,202,1,0,342,,,weak,,2026-06-22T12:54:17+00:00
6908f5b1-16c9-4950-9c07-a907c3138cd1,403,1,1,260,,Just a moment...,broken,,2026-06-22T12:54:17+00:00
b6372019-5f94-4da4-a915-e25cef8eeaec,200,1,1,161,WordPress,"Whiskers Animal Dentistry &amp; Oral Surgery | Petaluma, CA",good,,2026-06-22T12:54:17+00:00
eb5e34c2-acfb-4fad-a0f5-91052226877c,200,1,1,1932,WordPress,"Cozy Plum, Sebastopol | A New American Restaurant",good,,2026-06-22T12:54:17+00:00
9846e59a-ae5b-4ce6-87be-0420cad114ee,200,1,1,298,Squarespace,JWP Media,good,,2026-06-22T12:54:17+00:00
4ce196d4-c553-461a-9809-141cad3a7fa2,200,1,1,368,Wix,Videography | MavMedia | Video Editing | Salem VA | California USA,good,,2026-06-22T12:54:17+00:00
ad3a8fab-426f-403f-8b7a-7c52fdd60463,200,1,1,3333,WordPress,New World Library &#8211; Books That Change Lives,good,,2026-06-22T12:54:17+00:00
71572399-4813-4dc2-aaf2-ef8535da7cbf,200,0,1,298,,Golden Bun | Order Online,weak,,2026-06-22T12:54:17+00:00
a12c48aa-646a-4916-9545-49341c103569,200,1,1,637,,Washington Square Veterinary Clinic : Appointment Scheduling,good,,2026-06-22T12:54:17+00:00
3c1528cb-c5a4-4c78-b2c6-5d785d7acb90,0,0,0,105,,,broken,connection failed,2026-06-22T12:54:17+00:00
161e1e06-1caf-4829-a5f7-51fa633ecff9,403,1,1,236,,Just a moment...,broken,,2026-06-22T12:54:17+00:00
fa033f3b-c67f-4944-aa79-a2cfb295c956,200,1,1,267,,Store,good,,2026-06-22T12:54:17+00:00
3bbde7ac-c96c-4fb1-9cc3-5d233e64f100,200,1,1,348,,Home - What The Pho,good,,2026-06-22T12:54:17+00:00
0da7e305-f0f6-47ce-9792-75d6bc17a505,200,1,1,1070,,"Home | Veterinarian in Windsor, CA | Wine Country Veterinary Hospital",good,,2026-06-22T12:54:18+00:00
231b4ae0-acc9-4ff1-aafc-cc4c5a47fc05,200,0,1,779,Weebly,Kettles Bistro - Home,weak,,2026-06-22T12:54:18+00:00
7a721e21-8868-469e-8a6f-7c800b4a1f96,200,1,1,433,Wix,Wax Center | United States | Wild Wax Center,good,,2026-06-22T12:54:18+00:00
0a86d49e-bb11-44f8-a1c4-9608e69257ea,200,1,1,497,WordPress,"Wine Country, Napa &amp; Sonoma Wedding Planners - Blissful Events",good,,2026-06-22T12:54:18+00:00
c214fed1-4a70-45c3-b09d-4255641a7f0e,0,0,0,134,,,broken,connection failed,2026-06-22T12:54:18+00:00
b8fb91e0-ebea-434f-a975-e3561253ffd8,200,1,1,2230,WordPress,Home - La Plaza Veterinary Clinic,good,,2026-06-22T12:54:18+00:00
6eb3f704-fffe-427b-bca9-49622c25e2f4,200,1,1,2056,WordPress,"Veterinarian in Novato, CA | Novato Veterinary Hospital",good,,2026-06-22T12:54:18+00:00
14e19ac2-e17d-4fa4-bfa9-f2a894707a26,200,1,1,307,WordPress,Quintana Events | TOP Napa Valley &amp; Sonoma Wedding Planner &amp; Events,good,,2026-06-22T12:54:18+00:00
70d6de46-2a3a-46ff-a872-4051b4057d86,200,1,1,287,Squarespace,Dos&#39; Bar,good,,2026-06-22T12:54:18+00:00
533ff04e-f8e9-41e6-87e1-65103110e8a3,200,1,1,790,Wix,Hair Salon | Diamond Rose Salon | Rohnert Park,good,,2026-06-22T12:54:18+00:00
ea44ca3b-9e90-401b-ba37-fc30f839035b,200,1,1,447,,Showrunner Events | Sonoma-Napa Wedding and Event Planning,good,,2026-06-22T12:54:18+00:00
aa57d21b-b45d-42e7-8134-68b25d0f3f29,200,1,1,277,WordPress,Hudson Street Wineries,good,,2026-06-22T12:54:18+00:00
65d711e7-4cc2-47ce-8c85-5db4b573641e,0,0,0,114,,,broken,connection failed,2026-06-22T12:54:18+00:00
968542b3-bc94-45f6-a233-60361085b08d,200,1,1,592,Squarespace,Reed &amp; James Events,good,,2026-06-22T12:54:18+00:00
3e2760b2-e12b-45df-aa2c-2d02a8c8e9d9,200,1,1,515,GoDaddy,Odisea Wine Company | Cochon Wines,good,,2026-06-22T12:54:18+00:00
ae21b137-f97e-4816-a0cb-cbceade67d5b,200,1,1,545,Wix,Visit Kelley &amp; Young - Award-Winning Alexander Valley Wines in Sonoma County | Kelley &amp; Young,good,,2026-06-22T12:54:19+00:00
9626ccda-ea4d-4998-b20d-6080a9cda42d,200,1,1,583,,"Panevino No. 6 Grissini &amp; Sub Rosa Salumi, Artisan Foods from the Napa Valley",good,,2026-06-22T12:54:19+00:00
5aadf7db-1b97-4632-b203-9dca11fa6666,200,1,1,713,Squarespace,Maison Healdsburg Wine Bar,good,,2026-06-22T12:54:19+00:00
900a45ff-26fe-431a-8a2c-b178da39c0e7,200,1,1,817,Drupal,Top-Rated Pinot Noir &amp; Chardonnay | Siduri Wines,good,,2026-06-22T12:54:19+00:00
c3085242-df2a-4273-a4f6-d67f2e5d38f1,200,1,1,497,Squarespace,Sonoma Wine Shop &amp; La Bodega,good,,2026-06-22T12:54:19+00:00
2692eaab-f149-4463-955e-ccd3b345d204,0,0,0,45,,,broken,connection failed,2026-06-22T12:54:19+00:00
08af0bd9-f053-4bbd-a711-b9caa12bb833,200,1,1,232,Squarespace,Valley Bar + Bottle Shop,good,,2026-06-22T12:54:19+00:00
e46fb064-ec59-4cc1-9385-17399491b202,200,1,1,453,Squarespace,The Redwood,good,,2026-06-22T12:54:19+00:00
379b9e90-bab3-4ea6-a44e-0236b87c98c7,200,1,1,1872,WordPress,Luciani Pump Co.,good,,2026-06-22T12:54:20+00:00
ba2dafd0-a555-44e8-8200-6e157601f22f,202,0,0,368,,,weak,,2026-06-22T12:54:20+00:00
40ff4936-ca21-4737-ba89-5e56d836f3cc,200,1,1,1096,GoDaddy,2 Wineries - 1 Lounge &amp; Wine Bar,good,,2026-06-22T12:54:20+00:00
b2c1de90-f362-48da-8120-efd7061dd4de,200,1,1,702,,ACME Fine Wines - Napa Valley&apos;s Premier Shop for Discovering New Wines,good,,2026-06-22T12:54:20+00:00
506560bc-612c-4a6d-98f7-73a7e76b536e,200,1,1,1702,Wix,HOME | SIGH Sonoma.,good,,2026-06-22T12:54:20+00:00
d9e6ecbc-df37-4ee2-97e4-f042d438e7c4,200,1,1,254,WordPress,Home - AXR Napa Valley,good,,2026-06-22T12:54:20+00:00
d67fe34c-1b7b-494d-907f-1b9e14aa9171,200,1,1,822,,Instagram,good,,2026-06-22T12:54:20+00:00
c5f588c6-22e7-47c7-bce6-7633e209f487,200,1,1,3161,Wix,Skincare Studio and Online Shop | Bare Skin Beauty,good,,2026-06-22T12:54:20+00:00
71556356-7b0e-45d6-a675-390e2a71e246,200,1,1,364,WordPress,"Abbot&#039;s Passage Winery &amp; Mercantile | Glen Ellen, CA | Sonoma",good,,2026-06-22T12:54:20+00:00
ee282235-938b-44ab-9111-d35c751ddc7a,200,1,1,453,Webflow,"World Class Winery in St. Helena, CA | Aadland - Moody Vineyards",good,,2026-06-22T12:54:20+00:00
12af7084-1f0e-4b14-9a7b-04b136a845ca,200,1,1,376,Squarespace,acta wine - estate vineyards and winery,good,,2026-06-22T12:54:20+00:00
1a854a78-0629-48e0-8167-395902a7f67e,200,1,1,724,,70s Love Wine - Home| 70s Love Wine,good,,2026-06-22T12:54:20+00:00
3359e5e2-b0a2-4c44-9992-2bb0f318ba0b,0,0,0,107,,,broken,connection failed,2026-06-22T12:54:21+00:00
a180fd85-fffa-4eb2-9b42-9d2815040a6d,200,1,1,528,Squarespace,Aileron,good,,2026-06-22T12:54:21+00:00
1d7e5f08-379c-4160-aa2c-69ea94d54986,200,1,1,425,WordPress,Star Springs Ranch,good,,2026-06-22T12:54:21+00:00
f805b104-abc6-4cdb-ba9b-f2e603e400e1,200,1,1,674,,ADAMVS - ADAMVS,good,,2026-06-22T12:54:21+00:00
b77e6b4d-3712-446e-8973-12fdc206a729,200,1,1,396,Weebly,Home | Amand Family Wine,good,,2026-06-22T12:54:21+00:00
cd0e2fc6-b7c3-436c-bea5-96e4c4d65aed,403,1,1,205,,Just a moment...,broken,,2026-06-22T12:54:21+00:00
2e44fb18-fc88-41fb-b729-e0af96868161,200,1,1,2770,WordPress,Home - Locals Tasting Room,good,,2026-06-22T12:54:21+00:00
60e0a632-dbe9-488b-946e-4bb4b08e8e1a,200,1,1,611,,Almacerro,good,,2026-06-22T12:54:21+00:00
f5928860-7e5f-4f68-ba8d-3539646d3ee1,200,1,1,351,Drupal,Home | Anakota,good,,2026-06-22T12:54:21+00:00
48557160-5f4f-4d4c-a7b9-2671aac682d3,200,1,1,99,WordPress,Home - Argot Wines,good,,2026-06-22T12:54:21+00:00
dae803c3-fa2b-49e9-a2c2-4806c17c4e83,0,0,0,16,,,broken,connection failed,2026-06-22T12:54:21+00:00
61074cf1-7f5b-4da9-a593-9213b81ccec2,403,0,1,160,,Just a moment...,broken,,2026-06-22T12:54:21+00:00
b054c809-ff2c-4be9-bd32-0913944c9b5b,200,1,1,881,,Welcome - Aldina Vineyards,good,,2026-06-22T12:54:21+00:00
1c2be9a1-3f4b-47a5-b953-b3631389c221,200,1,1,279,WordPress,Home - B.R. Cohn Winery,good,,2026-06-22T12:54:21+00:00
dd8319e9-a5cc-4dfa-8865-d18be00f3e73,200,1,1,722,WordPress,Home - Amapola Creek Vineyards &amp; Winery,good,,2026-06-22T12:54:21+00:00
697c940b-635d-4782-91a1-c9975de9edc8,200,1,1,839,WordPress,Home - Amapola Creek Vineyards &amp; Winery,good,,2026-06-22T12:54:21+00:00
5b9dad97-37cb-4839-ae5a-5b7acbec41b9,200,1,1,586,,Ancient Oak - Wines at the exquisite edge of abandon.,good,,2026-06-22T12:54:21+00:00
f427b9ef-88b5-40b9-8c03-95d7e7766821,200,1,1,386,WordPress,Home - Bacchus Landing,good,,2026-06-22T12:54:21+00:00
70b2d583-dd4a-4fad-a237-1fba73d7d446,200,1,1,189,WordPress,Home - Bedarra Vineyards,good,,2026-06-22T12:54:21+00:00
e9e41d90-acce-4592-8a16-db2a3515de31,200,1,1,280,WordPress,Natural Wine Vegan Wine in California | Martin Pohl Wines,good,,2026-06-22T12:54:22+00:00
19b911e2-5548-4454-a0d2-e293945c409b,200,1,1,1046,,SV388 - Cara Memastikan Link Sabung Ayam Online Dengan Indikator Validasi Dan Audit Situs Wala Meron Yang Asli,good,,2026-06-22T12:54:22+00:00
ebd47ad5-9498-477a-8594-10086546f002,200,1,1,422,Squarespace,BloodRoot,good,,2026-06-22T12:54:22+00:00
fdda7900-befd-4a2b-a224-fb7e259e256c,403,1,1,142,,Just a moment...,broken,,2026-06-22T12:54:22+00:00
97001c82-65ad-4356-b593-a962d15b5757,200,0,1,773,,Home | Behrens Family Winery,weak,,2026-06-22T12:54:22+00:00
7ae66bb7-aec5-4f2e-b19d-c54f6eb502dc,200,1,1,902,WordPress,Beau Vigne,good,,2026-06-22T12:54:22+00:00
fdba9265-59ff-4e94-ae15-9a52ece1e7eb,200,1,1,730,Shopify,Bellacana Vineyards,good,,2026-06-22T12:54:22+00:00
24721e38-9404-4c6c-9d8f-528c010a5960,200,1,1,886,,Bedrock Wine Co.,good,,2026-06-22T12:54:22+00:00
ecbbee57-0931-434a-9271-8a416c9050ac,202,0,0,166,,,weak,,2026-06-22T12:54:22+00:00
ec9d59eb-37b3-420f-b9d0-de85cdbba702,200,1,1,330,Squarespace,Bordes Wines,good,,2026-06-22T12:54:22+00:00
743dc2ec-c888-49eb-ab19-28c2d352ca1b,200,1,1,195,WordPress,Home - Bravante Vineyards,good,,2026-06-22T12:54:22+00:00
cff2ec83-39f0-4339-8f81-3befdb6dd7cc,200,1,1,907,Wix,HOME | Belse Wine,good,,2026-06-22T12:54:22+00:00
9f3abc99-2ef1-410f-ae05-a8758ddb5703,0,0,0,10013,,,broken,connection failed,2026-06-22T12:54:22+00:00
408d917d-859f-417b-bd2b-6a8064f43f90,200,1,1,272,Squarespace,brick &amp; mortar wines | Sparkling &amp; Still California Wines | Healdsburg,good,,2026-06-22T12:54:23+00:00
14b6edf1-a79c-4b77-a36c-46fbe0402da8,200,1,1,253,,Broadway Vineyards | The Essence of Sonoma Style - Distinctive Wines with Casual Elegance,good,,2026-06-22T12:54:23+00:00
8c4cb076-77fc-4fc3-9d34-de2600e9e889,202,0,0,289,,,weak,,2026-06-22T12:54:23+00:00
a82df7dc-18fe-45d9-a93f-4b6df73d782a,0,0,0,37,,,broken,connection failed,2026-06-22T12:54:23+00:00
0ceec0ac-fa2e-4f15-b3cc-6454848b4dc7,202,0,0,239,,,weak,,2026-06-22T12:54:23+00:00
7585fee6-eb4a-4f8c-b0c3-3852b00a1892,200,1,1,402,GoDaddy,Home - Calla Lily Estate &amp; Winery,good,,2026-06-22T12:54:23+00:00
5336d034-10a6-47c3-97bf-241610afab68,404,0,1,311,WordPress,Flywheel - Unknown Domain,broken,,2026-06-22T12:54:23+00:00
8899a95f-4a19-4dd3-a01f-5c8a6bbdcb9d,200,1,1,827,,"Breaking Bread | Healdsburg, CA",good,,2026-06-22T12:54:23+00:00
b9764337-86c0-425a-b3c7-c45bb509965c,200,1,1,513,GoDaddy,Carneros Vintners,good,,2026-06-22T12:54:23+00:00
af8c10ee-02be-4c8f-9681-e6fef3141b4b,200,1,1,285,WordPress,Home - Charter Oak Winery,good,,2026-06-22T12:54:23+00:00
c07dd9b4-5e01-4e4e-9022-85dbfcad6915,200,1,1,135,WordPress,Home - Chateau St. Jean,good,,2026-06-22T12:54:23+00:00
738ba999-a344-4c23-9d0f-9d7b649e21f1,200,1,1,999,,Brandon Gregory Estate Rooted in Napa. Defined by Intention.,good,,2026-06-22T12:54:23+00:00
b1252f06-4bf3-4bf4-92ac-20bfe0a6abc8,200,1,1,1096,WordPress,Home - CalStar Cellars - Hand-crafted Pinot Noirs and Other Varietals,good,,2026-06-22T12:54:23+00:00
c3c84427-9440-4739-9f7b-8575ed12423f,200,1,1,1086,Shopify,Capo Isetta,good,,2026-06-22T12:54:24+00:00
5e951452-ae79-4ee0-b588-6f89f9035b06,200,1,1,178,WordPress,DK Grail - Grail by Dan Kosta | Where the Story Becomes Legend,good,,2026-06-22T12:54:24+00:00
856a99e2-5dd9-44f9-9c22-aad045f8b67f,200,0,1,702,,Purple Pachyderm | HOME,weak,,2026-06-22T12:54:24+00:00
fe77af31-dccb-4df6-b9c0-7cd5ca16736a,200,1,1,747,WordPress,Clarice Wine Company,good,,2026-06-22T12:54:24+00:00
1e25e19f-c06e-446b-8393-6d36aa0ec22d,200,1,1,686,WordPress,Home - Colinas Farming Company,good,,2026-06-22T12:54:24+00:00
d92afb82-683f-44db-a4e3-cab65f2c1184,200,1,1,1166,WordPress,Carter Cellars - Napa Valley Cabernet Sauvignon - Purchase Wines,good,,2026-06-22T12:54:24+00:00
0caaf113-d371-4a4e-92cf-a59cfcbc5688,200,1,1,767,Shopify,Clif Family Winery | Organically Farmed Napa Valley Wines,good,,2026-06-22T12:54:24+00:00
c817e621-2b62-45bc-a524-fca8e4ad10eb,200,1,1,254,Squarespace,Coyote Sonoma,good,,2026-06-22T12:54:24+00:00
035ccbd5-6963-42dd-88da-1fc8d2cdab91,200,1,1,474,Squarespace,Coplan Vineyards | Estate-Grown Sonoma Wines &amp; Wine Club,good,,2026-06-22T12:54:24+00:00
76a5e33c-9824-4a04-a1c8-cdd6dd262c52,202,1,0,368,,,weak,,2026-06-22T12:54:24+00:00
421e0f8d-3ba5-4ca0-a41b-87ad39484a9f,403,1,1,83,,Just a moment...,broken,,2026-06-22T12:54:24+00:00
7453e44e-e877-4475-8776-0ac7ab2c972f,200,1,1,436,GoDaddy,Chardonnay and Pinot Noir | D &amp; L Carinalli Vineyards,good,,2026-06-22T12:54:24+00:00
1740d5a6-8da3-4ab6-a211-bcfed187d5fb,200,0,1,363,WordPress,Winery in Healdsburg | DaVero Farms &amp; Winery,weak,,2026-06-22T12:54:24+00:00
965ddbfe-e2c4-4ab2-93ea-b2f02a39dace,200,0,1,258,,,weak,,2026-06-22T12:54:24+00:00
0d24d261-7b23-4af6-8b4f-7f5c9f22747b,200,1,1,868,WordPress,Cornell Vineyards &#8211; This land is the source of our vision. &#8211; Henry and Vanessa Cornell,good,,2026-06-22T12:54:25+00:00
aa82adc3-7350-4817-bc32-ccef728e13de,200,1,1,952,WordPress,Cornell Vineyards &#8211; This land is the source of our vision. &#8211; Henry and Vanessa Cornell,good,,2026-06-22T12:54:25+00:00
05b34339-92cd-4cfc-b0bf-f33d8084c5a0,200,1,1,444,WordPress,Davies Vineyards | Premium California Still Wines,good,,2026-06-22T12:54:25+00:00
6e046a7e-48f8-44e6-b0c4-93eb876a4c15,0,0,0,111,,,broken,connection failed,2026-06-22T12:54:25+00:00
0a0acf2e-827a-4f51-b608-bef96cd6a29b,200,1,1,281,GoDaddy,DenmanRanch.com is for sale | HugeDomains,good,,2026-06-22T12:54:25+00:00
9a60baab-d2da-4d7c-8034-4bac6b5b7ba7,200,1,1,1108,WordPress,Croix Estate,good,,2026-06-22T12:54:25+00:00
2e6be25f-adda-4f78-b420-586456846354,202,0,0,170,,,weak,,2026-06-22T12:54:25+00:00
30ff4a73-d9b4-4083-b2c4-4421f9e1cfb4,200,1,1,584,Squarespace,"Davis Family Vineyards | Santa Rosa, California",good,,2026-06-22T12:54:25+00:00
6bb343f8-a76c-4808-9794-b3d61a7a5e7d,200,1,1,240,WordPress,Home - Dutton Estate Winery,good,,2026-06-22T12:54:25+00:00
27ebaacd-8338-4b08-bef9-d3565da14b42,200,1,1,308,WordPress,"Dutcher Crossing Winery &#8211; Staying true to the vineyard, vintage, and varietal",good,,2026-06-22T12:54:25+00:00
cf6985af-6e5e-4405-b99c-b7ad9850371b,200,1,1,60,WordPress,Home - Dutton Estate Winery,good,,2026-06-22T12:54:25+00:00
73bbeac4-16c8-49dc-a447-414cf4409914,202,0,0,142,,,weak,,2026-06-22T12:54:25+00:00
d0e06ffa-b93a-46d6-a5ea-8d47e88c8db6,0,0,0,15140,,,broken,connection failed,2026-06-22T12:54:26+00:00
903aa2bc-4861-4cb4-8c55-e10d13707eca,200,1,1,747,,"Data HK 4D Hari Ini: Keluaran HK Lotto Togel Hongkong Pools, Pengeluaran HK 2026",good,,2026-06-22T12:54:26+00:00
32314b35-8e1a-4a73-a065-dbe0497cc2de,200,1,1,99,WordPress,Elegant Calistoga Wines from Napa Valley&#039;s Soul - Elusa Winery,good,,2026-06-22T12:54:26+00:00
7ecc98f7-1a22-4cb0-93b2-7a277088db88,200,0,1,358,,Chardonnay and Pinot Noir from Napa Valley | El Molino Winery,weak,,2026-06-22T12:54:26+00:00
00f3fafe-e5bf-4256-8aad-93b20850c578,200,1,1,367,,Home,good,,2026-06-22T12:54:26+00:00
d0ec487c-969d-4fd9-a4f1-beff2f73bf7e,200,1,1,1940,WordPress,Home - Dakota Shy Wine - Napa Valley,good,,2026-06-22T12:54:26+00:00
8ba3b55f-9e29-49fb-bdee-0afbd4eeff01,200,1,1,1309,WordPress,ᐈ Viva Air ➡️ •[ Vuelos y Pasajes Aéreos Baratos 2024 ]• ✔️,good,,2026-06-22T12:54:26+00:00
65e31473-9c25-4e91-9bba-ed66d14e206d,200,1,1,913,Shopify,EHRET Family Winery &ndash; Ehret Winery,good,,2026-06-22T12:54:26+00:00
608d97d0-dd67-4283-8102-43f7c76434b0,200,1,1,1666,,Domaine Della Winery,good,,2026-06-22T12:54:26+00:00
4410a04f-669d-432a-a9f8-5272673fecd5,200,1,1,143,WordPress,Fathia Wines,good,,2026-06-22T12:54:26+00:00
694cce9b-f034-4f3e-9229-554f29772b94,200,1,1,544,,En Garde Winery - World Class Napa Cabs &amp; Sonoma Pinots,good,,2026-06-22T12:54:26+00:00
1eb24b4c-fd1e-41de-8729-e7a9e6a0c72e,403,1,1,31,,Just a moment...,broken,,2026-06-22T12:54:26+00:00
5d95c972-171c-4623-afc6-005cf22c5c29,200,1,1,3336,WordPress,Collateral Wines,good,,2026-06-22T12:54:26+00:00
f24cfe04-d9dd-40f9-9b52-f50aabc42c81,200,1,1,788,,Emmitt-Scorsone Wines,good,,2026-06-22T12:54:27+00:00
38f5db9e-9b41-4c77-9a6f-956957c81be4,200,1,1,695,,,good,,2026-06-22T12:54:27+00:00
b54bea61-e67c-4def-84e3-a49ad0adcc8a,403,1,1,280,,DNS points to prohibited IP | www.fearlesswines.com | Cloudflare,broken,,2026-06-22T12:54:27+00:00
bbaba4bd-bcb6-4152-9a0a-a53f67f3672c,200,1,1,574,,We Make Your World More Beautiful Through Wine The Future is YEAH!,good,,2026-06-22T12:54:27+00:00
76d998f9-f883-4f42-9b64-f0fba4b8dd4b,202,0,0,240,,,weak,,2026-06-22T12:54:27+00:00
b2b8457b-c487-4fa0-a0c0-013a90864981,200,1,1,167,WordPress,Francis Ford Coppola Winery,good,,2026-06-22T12:54:27+00:00
69bd51ba-520c-4b03-ac62-a3d2ee78f46f,200,0,1,153,Squarespace,Frostwatch Vineyard &amp; Winery,weak,,2026-06-22T12:54:27+00:00
82dc521b-841c-458d-98f9-ed0ad945461b,200,0,0,188,,,weak,,2026-06-22T12:54:27+00:00
25a9a199-bde4-4569-a168-eae5a42795bb,200,1,1,306,Shopify,Frick Wine Store &ndash; Frick Winery,good,,2026-06-22T12:54:27+00:00
1f6d5517-63fc-47ef-b15c-d5dcfaa3a523,200,1,1,798,,Home,good,,2026-06-22T12:54:27+00:00
6bd46f20-0746-422e-87b0-32da09124db5,200,1,1,1081,Shopify,Home | Fairwinds Estate Winery,good,,2026-06-22T12:54:27+00:00
5d2687ba-9ffa-453b-988d-53e851f9abea,200,1,1,400,WordPress,Visit &#8211; Furthermore Wines,good,,2026-06-22T12:54:27+00:00
0b299416-a439-44d1-adb1-4764da198987,200,1,1,454,Wix,Landing page | Mysite,good,,2026-06-22T12:54:27+00:00
8c6e4bd8-93b4-4729-a0b4-cd7003bc2314,200,1,1,140,WordPress,HOME - Gloria Ferrer,good,,2026-06-22T12:54:27+00:00
418645f0-cc9e-4a81-b557-84a78e97eee5,0,0,0,109,,,broken,connection failed,2026-06-22T12:54:27+00:00
7a685f15-fa4e-4106-af86-da18a1fdeffe,200,1,1,641,WordPress,Gamble Estates,good,,2026-06-22T12:54:27+00:00
bf3b7593-1605-424a-a3e5-435b86515cf8,200,1,1,297,Squarespace,Grand Cru - A Winery Collective,good,,2026-06-22T12:54:28+00:00
1c3e247a-68bb-4ce3-8879-dac7a65f65c7,200,1,1,687,,WärneliusMiller Family Vineyards WärneliusMiller Family Vineyards,good,,2026-06-22T12:54:28+00:00
2de23157-9e80-4a9e-b5aa-69c4bfef666f,200,1,1,1169,WordPress,Foppoli Winery Review - Wine Information &amp; Reviews | Vino Critic,good,,2026-06-22T12:54:28+00:00
6982794d-35fa-4a95-bc6d-590b716e4ea2,200,0,1,350,,Grapeseed Wine Fund,weak,,2026-06-22T12:54:28+00:00
40a2d4e5-68ff-4c7d-9a27-3e25d83ae48f,202,0,0,238,,,weak,,2026-06-22T12:54:28+00:00
abb9ef73-01cf-4fad-9e61-a57d6b8d1fd6,200,1,1,593,Shopify,"Grand Napa Vineyards | Wine, As It Should Be",good,,2026-06-22T12:54:28+00:00
be581ab3-84b2-4d32-beb6-a658d07f235a,200,1,1,778,WordPress,Grable Vineyards,good,,2026-06-22T12:54:28+00:00
9b5ecffd-14f1-442a-83d2-2679f77c4183,200,1,1,948,,Goat Rock Cider - Organic Apple Cider | Goat Rock Beverages,good,,2026-06-22T12:54:28+00:00
e27662e2-0e75-4404-95b8-6cd27052469b,200,0,1,672,,Welcome to Gratus Vineyards - Gratus Vineyards,weak,,2026-06-22T12:54:28+00:00
7274f7fc-7aa4-4f3a-a55a-f43c7231723b,200,1,1,217,WordPress,"Top Boutique Winery in Yountville, CA | Handwritten Wines",good,,2026-06-22T12:54:28+00:00
b1b7e94f-7551-4714-907f-60a363eae8b6,200,1,1,441,WordPress,Gubel Family Vineyards - Napa Valley Estate Vineyard,good,,2026-06-22T12:54:28+00:00
d4d86700-8d77-4bd5-a30e-b4f5b6bfecd2,404,1,0,573,,,broken,,2026-06-22T12:54:28+00:00
d1060e24-52cf-4f42-a45d-a6319b23cb53,200,1,1,302,WordPress,Home - Hawkes Wine,good,,2026-06-22T12:54:29+00:00
906f4dba-f8b5-4f99-808b-5427708ce71b,200,1,1,270,WordPress,Home - Hawkes Wine,good,,2026-06-22T12:54:29+00:00
3f73ec33-beb7-4c36-a66a-4943f9f15bfb,200,1,1,356,Squarespace,Hatton Daniels,good,,2026-06-22T12:54:29+00:00
8db2a249-c1a5-4774-9338-2a65a156b241,200,1,1,247,Squarespace,Hawley Winery,good,,2026-06-22T12:54:29+00:00
67d4d460-dd11-45f3-87d9-d955cea9f004,200,1,1,176,WordPress,Welcome to Hess Persson Estates - Winery &amp; Art Museum,good,,2026-06-22T12:54:29+00:00
71c3e089-1724-4517-b64a-9a923febae06,200,1,1,1046,,Guadagni Family Wines,good,,2026-06-22T12:54:29+00:00
b2d9b223-0b27-4f83-a632-571301c0ecdc,404,1,0,945,,,broken,,2026-06-22T12:54:29+00:00
c42be3f0-31f2-4dca-b45d-c5a48d609de7,403,1,1,30,,Just a moment...,broken,,2026-06-22T12:54:29+00:00
97a6b101-1256-458e-9432-92f009ab0160,200,1,1,247,Squarespace,Oakville Winery &amp; Estate Cabernet Sauvignon | Hoopes Vineyard Napa Valley,good,,2026-06-22T12:54:29+00:00
209bc770-56cf-4225-9224-d623986d109d,200,1,1,447,Squarespace,Heirs of My Dream Winery,good,,2026-06-22T12:54:29+00:00
b6348c2a-fdec-4450-a90c-53ee906c9046,200,1,1,417,,Welcome to Hestan Vineyards - Hestan Vineyards,good,,2026-06-22T12:54:29+00:00
8a8753a3-a7a8-4c5b-9312-a87602f6cf28,200,1,1,7688,,Bella Union | Winery in Napa Valley,weak,,2026-06-22T12:54:29+00:00
009c5a16-f202-4696-bf5a-d4b2db5a3881,200,0,1,1100,,"Single Vineyard, Hand-crafted Wines | Hart's Desire Wines",weak,,2026-06-22T12:54:29+00:00
c590415f-260b-47e9-a3a5-7cf869489607,200,1,1,367,WordPress,"Ink Grade | Shop, Visit, Membership - Ink Grade Wines",good,,2026-06-22T12:54:29+00:00
1f5e711d-9960-479a-896e-9f711d276c3d,200,1,1,403,Squarespace,Innumero Wines,good,,2026-06-22T12:54:29+00:00
9eaa8dab-bfa6-48c3-8037-86e5fc8411cc,200,1,1,803,,Welcome to High Point Winery,good,,2026-06-22T12:54:29+00:00
7f1c1fd9-e7a4-4da0-8bb4-77148a4afe27,200,1,1,405,Wix,Karah Estate Vineyard | Sonoma County Winery,good,,2026-06-22T12:54:30+00:00
ae0007c7-e154-4530-bf5f-0c5a942e4e3b,200,1,1,315,Squarespace,Kelly Fleming Wines,good,,2026-06-22T12:54:30+00:00
c06b0338-6caa-4315-a63c-e7a4ac7ffc16,200,1,1,654,Shopify,Kanzler Family Vineyards,good,,2026-06-22T12:54:30+00:00
67219714-0b4c-4aab-852d-31d137e7061a,200,1,1,896,WordPress,INIZI Wines | Napa &amp; Sonoma County Wines,good,,2026-06-22T12:54:30+00:00
6e8ef47b-65b0-4339-9865-71a3fbf1b813,200,1,1,1053,WordPress,Hudson Ranch - Hudson Ranch,good,,2026-06-22T12:54:30+00:00
937bda87-f2c0-4eb1-b0d3-2ecf7ea043bf,200,1,1,509,WordPress,Home - Kelleher Family Vineyard,good,,2026-06-22T12:54:30+00:00
37b1a377-ca8d-4892-99a9-046d59c0b80b,200,1,1,372,,Home | Kivelstadt Cellars,good,,2026-06-22T12:54:30+00:00
6e42bbf4-8cee-4de7-9c2a-4239c5f31651,200,1,1,550,Drupal,"Kendall-Jackson Wines | California-Grown, Family-Owned",good,,2026-06-22T12:54:30+00:00
a51158d1-cdcd-4f34-be8d-ccd83c069c2e,200,1,1,466,,Kinsman Eades,good,,2026-06-22T12:54:30+00:00
c7d374ab-a090-4859-968c-f6386f403c6b,0,0,0,15211,,,broken,timeout,2026-06-22T12:54:31+00:00
cabbaf30-915c-45b9-802c-91c2828effbe,200,1,1,195,Squarespace,La Cienega Vineyard,good,,2026-06-22T12:54:31+00:00
b4b3b914-67e9-4c98-92c7-a417fe0d2f14,200,1,1,4100,WordPress,Florence Vineyard Rockpile's Original Zin Jack Florence #,weak,,2026-06-22T12:54:31+00:00
44d4e9af-4141-41f5-819e-4ba93ed451fb,200,1,1,368,WordPress,Kukeri Wines | Limited Production Boutique Winery,good,,2026-06-22T12:54:31+00:00
3833f003-37a3-477f-a0cc-38c02676b7f4,200,1,1,727,WordPress,Home | Korbel California Champagne,good,,2026-06-22T12:54:31+00:00
b8d66717-87d7-4ccd-91c6-4b1894dea1c4,200,1,1,72,Drupal,La Jota Vineyard Co.,good,,2026-06-22T12:54:31+00:00
1bb51f13-c7cf-4625-aa53-426721d29efd,200,1,1,841,Drupal,Home,good,,2026-06-22T12:54:31+00:00
77f31d88-44c9-4728-b5b4-bcbc7e803afd,202,0,0,287,,,weak,,2026-06-22T12:54:31+00:00
27f0e218-070d-4bd0-bb26-2ec307cf4da1,200,1,1,971,Drupal,Book a Wine Tasting - Saralee&#x27;s Vineyard Estate | La Crema,good,,2026-06-22T12:54:32+00:00
b1150f7e-1a5d-43e9-a9e7-6249b5af8077,200,1,1,1061,Drupal,Award-Winning California and Oregon Wines | La Crema,good,,2026-06-22T12:54:32+00:00
bbd7d9f6-b775-43b7-974f-de2acb9bb9b5,0,0,0,15090,,,broken,connection failed,2026-06-22T12:54:32+00:00
e7e2986b-553f-4006-9f91-54dcd7617ab2,403,1,1,74,,Just a moment...,broken,,2026-06-22T12:54:32+00:00
2d41faa0-a6b9-4340-bee8-e00fcf56f75d,200,1,1,1012,WordPress,La Prenda Wines,good,,2026-06-22T12:54:32+00:00
9a378657-da43-4f09-9555-4fb76632ced1,200,1,1,1185,Drupal,Award-Winning California and Oregon Wines | La Crema,good,,2026-06-22T12:54:32+00:00
a943307b-f8ed-4eb5-981b-0dbc4ced101a,200,1,1,176,WordPress,"Leonhardt Vineyards - Wine Producer in Sonoma County, CA",good,,2026-06-22T12:54:32+00:00
e7f641a8-5998-40f1-b72d-5df82347111d,200,1,1,296,WordPress,Glen Ellen Winery Experience - Lasseter Family Winery,good,,2026-06-22T12:54:32+00:00
abe84e84-e187-40fc-a5c4-f77d94d27335,200,1,1,1202,,Laffort 2026 Rendezvous by Lisa Strid | Eventbrite,good,,2026-06-22T12:54:32+00:00
0672571d-e70a-41f0-a28f-3f74ef65214d,200,1,1,1069,WordPress,Home - Lail Vineyards,good,,2026-06-22T12:54:32+00:00
5be4f067-2dfb-41f6-8f86-bf9b709a00f4,200,0,0,190,GoDaddy,Maboroshi Vineyard & Wine Estates - Pinot Noir,weak,,2026-06-22T12:54:32+00:00
3b566124-e3d5-41e3-98eb-0703fe5dd8d5,200,1,1,341,Squarespace,LOLA,good,,2026-06-22T12:54:32+00:00
b1b53301-b682-4c00-b654-7626ede11d8b,0,0,0,58,,,broken,connection failed,2026-06-22T12:54:32+00:00
129cf4fd-8438-4bac-8ed0-18207ce511d4,200,0,0,214,,,weak,,2026-06-22T12:54:32+00:00
2d26fc5b-d87f-4083-8f86-47deab4ec2cf,200,1,1,686,Squarespace,Leo Steen Wines - Healdsburg Wine Tasting featuring Sonoma County wines,good,,2026-06-22T12:54:32+00:00
40b355f8-92eb-4ef5-bfd5-5571a98a2438,200,1,1,2044,,Kunde Family Winery,good,,2026-06-22T12:54:32+00:00
96fc44db-8400-4eb5-94c4-fadc4e246bbb,200,1,1,605,,LITHOLOGY A collection of single-vineyard wines sculpted from Napa Valley’s ancient soils.,good,,2026-06-22T12:54:32+00:00
9ee9ae76-1ba2-492b-b753-c45b7faddaea,200,1,1,893,WordPress,Lang &amp; Reed Napa Valley | Crafting Napa Valley Cabernet Franc since 1996!,good,,2026-06-22T12:54:32+00:00
e1cf2452-2e27-4c16-86f8-e6500bb70603,200,1,1,188,WordPress,Sonoma Coast Wine • Marine Layer Wines,good,,2026-06-22T12:54:33+00:00
b4bf5fb9-f6f0-4857-979d-7b754bc2e08d,200,1,1,816,,Linked Vineyards | Knights Valley Cabernet Sauvignon,good,,2026-06-22T12:54:33+00:00
a85cb429-c41e-4ed3-8002-d8c1d2302ff6,200,1,1,204,WordPress,Natural Wine Vegan Wine in California | Martin Pohl Wines,good,,2026-06-22T12:54:33+00:00
1fbb1df6-7e5c-403c-9bd8-ec9f79e40fe7,202,0,0,189,,,weak,,2026-06-22T12:54:33+00:00
7c1642b2-b9f3-4852-a422-ad5c3cb532b3,200,1,1,738,,MACDONALD,good,,2026-06-22T12:54:33+00:00
b2295dc0-177e-4d12-bf5a-ec1e6af8670f,0,0,0,4210,,,broken,connection failed,2026-06-22T12:54:33+00:00
ffe35eea-8865-44fd-beca-73830a61cc4e,200,1,1,484,GoDaddy,MoniClaire Vineyards,good,,2026-06-22T12:54:33+00:00
14fed1d4-4734-478f-8486-e26c52cb8984,200,1,1,926,WordPress,"Home - Benovia Winery | Santa Rosa, California",good,,2026-06-22T12:54:33+00:00
c72dbac1-0a30-4612-b24a-0d87067ac00b,403,1,1,990,,403 - Forbidden,broken,,2026-06-22T12:54:33+00:00
714e8fe0-f02d-469d-84ed-2e01748b02bf,404,0,0,267,,,broken,,2026-06-22T12:54:33+00:00
89d976ea-9b32-4ff8-b5fc-19d4a65d35cd,200,1,1,1017,Shopify,"Winery in Calistoga, CA - Wineries in California &ndash; Maria Concetto Winery MCW",good,,2026-06-22T12:54:33+00:00
d699ef13-6dc6-4111-ae8a-48da702dd4fb,403,0,0,950,,,broken,,2026-06-22T12:54:33+00:00
be00f3c7-1491-40db-a5c6-aac6af4443c9,200,1,1,3661,WordPress,"Kenneth Carl Estate - Nestled in the heart of renowned Dry Creek Valley in Northern Sonoma County, Kenneth Carl Estate reflects Ken and Diane Wilson’s commitment to sustainability.",good,,2026-06-22T12:54:33+00:00
58f8d3ae-3258-40a8-9482-e4ef68339caa,403,1,1,84,,Just a moment...,broken,,2026-06-22T12:54:34+00:00
c297cb48-3012-4123-92da-3ee910aec218,200,1,1,292,GoDaddy,Naidu Wines | Sonoma Coast &amp; Russian River Valley Estate Winery | Founded by Raghni Naidu - Naidu Wines,good,,2026-06-22T12:54:34+00:00
7f2b65e0-22fd-47fa-9c15-abc266ae2647,200,1,1,267,Squarespace,Newton Vineyard &amp; Company,good,,2026-06-22T12:54:34+00:00
2d6b1d97-c521-41e9-a44e-b27ffad3e9e6,200,1,1,282,WordPress,North Coast Wine Co.,good,,2026-06-22T12:54:34+00:00
93e0da36-d64a-4604-86b1-d081cfc85254,200,1,1,4625,WordPress,Journeyman Wine &amp; The San Lorenzo Planting,weak,,2026-06-22T12:54:34+00:00
b80d8a6e-ffbf-467a-b235-2c28a46f0579,200,1,1,709,,Moshin Vineyards,good,,2026-06-22T12:54:34+00:00
f1c5dab8-6ac1-49a4-a951-ca2a1e13e18c,403,1,1,388,,Just a moment...,broken,,2026-06-22T12:54:34+00:00
e5699f89-e0d1-4bfd-97b4-caabd2f5f52b,202,0,0,201,,,weak,,2026-06-22T12:54:34+00:00
1e4059cf-363e-4405-9ebc-d9a347e34b00,200,0,0,264,,olabisi wine,weak,,2026-06-22T12:54:34+00:00
9ba11354-1e69-4ae5-b8ca-a70722718c00,200,1,1,691,,- Myriad Cellars,good,,2026-06-22T12:54:34+00:00
3d8b13cc-3bdd-4dae-9267-31293929b997,200,1,1,182,WordPress,Opus One Winery - Official Website,good,,2026-06-22T12:54:34+00:00
8ea95e11-733e-444f-936e-ddf53a2a75a0,200,1,1,570,WordPress,Homepage - Obsidian Wine Co.,good,,2026-06-22T12:54:34+00:00
b28ae6ed-6315-4152-ad2f-fbd6addde91e,200,1,1,1448,WordPress,Home - Russe Wines,good,,2026-06-22T12:54:34+00:00
c2068bd6-9c6a-439c-8505-7c2c4af25314,200,1,1,1049,Shopify,Napa de Oro Winery | Napa&#39;s Liquid Gold,good,,2026-06-22T12:54:34+00:00
a8e669ad-f544-4e60-8def-a2145a309452,200,0,0,187,,,weak,,2026-06-22T12:54:34+00:00
c56dc25a-ff72-4e25-be69-66b48e04f5d8,200,1,1,526,WordPress,Welcome to Orsi Family Vineyards - Orsi Family Vineyards,good,,2026-06-22T12:54:34+00:00
3a27752f-df17-47b7-ad35-3d652c8f962f,200,1,1,839,,- Occidental,good,,2026-06-22T12:54:34+00:00
96b6b660-9824-48bb-8e7f-b0e42aede8c1,202,0,0,198,,,weak,,2026-06-22T12:54:35+00:00
88ad45f1-0339-48b8-821d-39efe02516c4,200,1,1,785,WordPress,"Otra Vez Winery &#8211; Once again. Subtly different, Vincent Arroyo winery in Napa Valley",good,,2026-06-22T12:54:35+00:00
6423a879-c36a-4df1-8bf2-899bb4a21be5,0,0,0,10012,,,broken,connection failed,2026-06-22T12:54:35+00:00
a2a43ae4-06f0-4015-bdf2-9e70d6d6f9c1,200,1,1,405,,Passalacqua Winery,good,,2026-06-22T12:54:35+00:00
57676b0e-6402-4da6-9dd9-488960e1c8a4,200,1,1,166,Webflow,"Ron Porter Drywall, Remodeling, Restoration",good,,2026-06-22T12:54:35+00:00
763d0169-4042-407d-9f34-b8ca715afd6a,200,1,1,404,GoDaddy,Home | Discover Premium Wines at Pope Valley Winery,good,,2026-06-22T12:54:35+00:00
82a86635-27ba-40f9-b828-919ab26694b9,200,1,1,528,WordPress,Petercellar,good,,2026-06-22T12:54:35+00:00
d517168e-ac42-4c4c-bbdf-8f6d3322525c,200,1,1,268,Squarespace,Post Parade Wines,good,,2026-06-22T12:54:35+00:00
f7efdde8-9e80-42e8-922a-b1d4861346e8,200,1,1,287,Squarespace,Puccioni Vineyards,good,,2026-06-22T12:54:35+00:00
aa437195-30e5-4cf2-9045-d7afcd20186e,200,0,1,187,,Purple Pachyderm | HOME,weak,,2026-06-22T12:54:35+00:00
0d877b9b-581f-47b4-b6e2-2d8b237358e8,200,1,1,480,Wix,"Boutique Wine, Russian River Valley, Premonition Cellars",good,,2026-06-22T12:54:35+00:00
44099410-7c7c-41df-aac5-33da164f41a6,202,1,0,1330,,,weak,,2026-06-22T12:54:35+00:00
058a8ea9-1bf6-4b09-bc48-07dcbbbfd4f8,200,1,1,257,WordPress,The Study of Sonoma County Terroir | ROWEN Wine Company,good,,2026-06-22T12:54:35+00:00
7d9d620a-39e4-4b63-8808-5e1e82824a44,200,1,1,676,,Welcome to Progeny - Mt. Veeder - Progeny Winery,good,,2026-06-22T12:54:35+00:00
a6af1508-13fe-462c-9587-5b437de93a1d,200,0,1,3108,WordPress,"Meeker Wine | Wines with Character, from Our Hands to Yours",weak,,2026-06-22T12:54:36+00:00
f9abd809-e01f-4c0f-80b8-52d32da3673e,200,1,1,551,WordPress,Home - Rancho Coyote Vineyard and Winery,good,,2026-06-22T12:54:36+00:00
db7c17cf-e7c2-47d7-b751-925b940d0ead,200,1,1,442,Squarespace,Reichwage Winery,good,,2026-06-22T12:54:36+00:00
a9e896e3-19b8-4d94-983e-52387135c6ba,200,1,1,280,WordPress,Homepage - Reverie Winery Estate,good,,2026-06-22T12:54:36+00:00
eae02db1-23fd-4442-9162-ba8bf0674049,202,0,0,238,,,weak,,2026-06-22T12:54:36+00:00
a8c60053-c9d7-4038-80bf-332cca7275a4,200,1,1,875,,RAEN Brothers In Vision,good,,2026-06-22T12:54:36+00:00
bc07c9b7-0362-4735-a54b-1f5517400727,200,1,1,2084,WordPress,Overshine Wine Co.,good,,2026-06-22T12:54:36+00:00
c3bd4317-29f1-4ade-8374-beb26f77eaa5,200,1,1,576,,Repris Wines | Repris,good,,2026-06-22T12:54:36+00:00
2a3a25a4-68e5-4b19-b2be-a50936feaa8c,200,1,1,241,WordPress,"Home - J. Rochioli Vineyard &amp; Winery, LLC",good,,2026-06-22T12:54:36+00:00
6f790d11-b861-42fb-9267-d4e70e07540d,200,1,1,925,,Random Ridge Winery - home,good,,2026-06-22T12:54:36+00:00
86c201d1-0f03-42c3-9c6b-1b549107fc98,200,1,1,280,Squarespace,"Ruth Lewandowski Wines | Honest, Heartfelt Wines Made Naturally",good,,2026-06-22T12:54:36+00:00
6a4f0a16-e4c3-4a39-ab1f-193c19f769ef,503,1,0,369,,503 Service Temporarily Unavailable,broken,,2026-06-22T12:54:36+00:00
1cc7cd72-d2ff-4856-8f7a-0b009b7cb0b8,200,1,1,3799,WordPress,Mila Family Vineyards | Biodynamically Grown Wines,good,,2026-06-22T12:54:36+00:00
9ee9b53b-ea58-4030-8222-2d93e013c276,403,1,1,127,,Just a moment...,broken,,2026-06-22T12:54:36+00:00
87923076-7ca9-48f8-bb2e-7bb57610cc1e,200,1,1,450,Wix,"Home | Ross Ranch | Winery Knights Valley, Sonoma County, California",good,,2026-06-22T12:54:37+00:00
80b4e5b1-577e-46a4-8713-ce2933b634c8,200,1,1,661,,Our Events | Alexander Valley | Robert Young Estate Winery,good,,2026-06-22T12:54:37+00:00
f15f7e23-2b8a-4ec8-aaff-368b34e1cf2e,200,1,1,256,WordPress,Sangiacomo Family Wines - One of “Sonoma’s 12 wineries to visit right now”,good,,2026-06-22T12:54:37+00:00
b1acab85-0531-40d1-920c-5ce5e2306b0e,410,0,1,330,WordPress,WordPress &rsaquo; Error,broken,,2026-06-22T12:54:37+00:00
33917220-94d9-47de-bf55-2e3b203f1c18,200,1,0,265,,,weak,,2026-06-22T12:54:37+00:00
e815190e-82c8-4a95-b139-3cb29ee707ec,200,1,1,198,WordPress,Seghesio Family Vineyards - Historic Healdsburg Winery,good,,2026-06-22T12:54:37+00:00
92833adf-ff4f-49b9-93ed-b044e7a02ce0,403,1,1,28,,Just a moment...,broken,,2026-06-22T12:54:37+00:00
af7236d1-5022-4b0f-88cf-2a8f0bd07285,0,0,0,30,,,broken,connection failed,2026-06-22T12:54:37+00:00
33fdd0d3-1126-4dfc-b770-4cc2b1c1e94d,200,1,1,718,Squarespace,Rootdown,good,,2026-06-22T12:54:37+00:00
d72b152f-b7b1-4d7b-8716-e336e56a3690,200,1,1,684,Shopify,Sabina Vineyards | A Boutique Family Owned Winery in Napa Valley,good,,2026-06-22T12:54:37+00:00
5e94f0a1-ac80-4186-9ca5-e8796ff855a8,200,1,1,257,Squarespace,Sophie James Wine,good,,2026-06-22T12:54:37+00:00
9d354c3d-bafc-4a58-8ddb-b4163349383b,200,1,1,334,Squarespace,The Stone Ranch LLC,good,,2026-06-22T12:54:37+00:00
f77f84fb-4de2-463f-88f3-40bec03bc41e,200,1,1,296,Wix,"Stonemason Cellars | Boutique Winery in Santa Rosa, CA",good,,2026-06-22T12:54:37+00:00
1d2857ce-7b11-4f9d-abbd-49e7a3e33a5f,200,1,1,286,WordPress,Stony Hill - Welcome,good,,2026-06-22T12:54:37+00:00
cff5a7bb-0215-4491-a983-543eb4e4f6f2,200,1,1,774,Drupal,Top-Rated Pinot Noir &amp; Chardonnay | Siduri Wines,good,,2026-06-22T12:54:37+00:00
c4481d0b-7d6c-4096-b365-05b4338ee4a7,0,0,0,2703,,,broken,"ssl: HTTPSConnectionPool(host='www.prestonvineyards.com', port=443): Max retries exceeded with url: / (Ca",2026-06-22T12:54:37+00:00
02a06268-967d-433d-b0c6-8cc2d6af09f9,202,1,0,363,,,weak,,2026-06-22T12:54:37+00:00
b0d65e25-5ce2-40b2-9d2a-4c94c39875ab,200,1,1,290,Squarespace,Healdsburg Wine Tasting | Alexander Valley Winery | SUTRO,good,,2026-06-22T12:54:38+00:00
2cbe250d-5810-4a8a-bf2b-7a0e43d77a1f,200,1,1,438,,Home,good,,2026-06-22T12:54:38+00:00
5516db6f-be28-4eff-88fd-7aa8807650d7,200,1,1,286,WordPress,Taft Street Winery - Garage Crafted Wines Since 1979,good,,2026-06-22T12:54:38+00:00
3e19a0a1-ddc5-4796-8ac6-a9199dc5993e,200,1,1,378,WordPress,"Red Wines, Sweet Wines &amp; White Wines | Sutter Home Family Vineyards",good,,2026-06-22T12:54:38+00:00
5ba533c8-4bfa-4b9c-b1da-01f4b4f67956,200,1,1,4035,,Paint Horse Winery,weak,,2026-06-22T12:54:38+00:00
78b140d7-ab32-45f8-902f-ab002d5740e4,202,0,0,420,,,weak,,2026-06-22T12:54:38+00:00
db097ab6-100d-4e54-ae03-73c83159f67e,200,1,1,1156,WordPress,Stressed Vines Cellar,good,,2026-06-22T12:54:38+00:00
358ee85c-f162-4470-a10f-3f52bbdc80c6,200,1,1,306,,American Winery Guide | Discover America&#39;s Best Wineries,good,,2026-06-22T12:54:38+00:00
a8044ba4-15d8-4b32-992f-3c056bc0e40b,200,1,1,363,,Texture Wines | Homepage,good,,2026-06-22T12:54:38+00:00
0d97398e-f03c-4096-a143-9b48440ac42d,200,1,1,340,Squarespace,The Crane Assembly,good,,2026-06-22T12:54:39+00:00
683862b0-cbd9-4794-af50-a6dae3529df8,0,0,0,30,,,broken,connection failed,2026-06-22T12:54:39+00:00
7db4afdf-5eaf-4c76-88e2-247c3ea2ec63,200,1,1,350,Shopify,The Duckhorn Collection &ndash; The Duckhorn Collection Tasting Room,good,,2026-06-22T12:54:39+00:00
85a18f77-569f-4f84-861c-71d0ec1ad5ac,200,1,1,2234,WordPress,Seaton Vineyards &#8211; To us there is nothing more important than family.,good,,2026-06-22T12:54:39+00:00
16785652-4ce5-49ed-a21d-83385e0b3c7c,200,1,1,376,Shopify,The.Grenachista Wine Co. &#8226; Grenache Guerrillas,good,,2026-06-22T12:54:39+00:00
3b310b53-b9bc-4086-8b04-557c3523db7e,200,0,1,1311,WordPress,Welcome to Del Carlo Winery - Del Carlo Winery,weak,,2026-06-22T12:54:39+00:00
dd4b5f59-5b1d-4aad-948d-997c6a7f949d,200,1,1,472,Squarespace,Thomas-Hsi Vineyards,good,,2026-06-22T12:54:39+00:00
2f76e0e0-9a26-45d5-b468-313e1346fc96,202,0,0,159,,,weak,,2026-06-22T12:54:39+00:00
c0297092-566e-47a1-bbe9-1086ff59bd5f,200,1,1,573,Weebly,TILTED SHED CIDERWORKS - Small batch fermented ciders from local organic apples,good,,2026-06-22T12:54:40+00:00
33540da2-7d5d-4e58-84a9-4d35caa8d88c,200,1,1,476,WordPress,Tongue Dancer Wines,good,,2026-06-22T12:54:40+00:00
65b4a157-71c8-4b97-b9f8-9e0e757c14f3,200,1,1,606,Weebly,HOME | TOBY LANE VINEYARDS,good,,2026-06-22T12:54:40+00:00
19257d24-61c2-427f-91a4-61898013da47,200,1,1,477,WordPress,Home - Topophilia Wine Company,good,,2026-06-22T12:54:40+00:00
0acced5d-02b2-4f59-aca0-e40f720cbc5b,200,1,1,5828,WordPress,"PARUM LEO WINE &#8211; Small batch wines from Petaluma, CA",weak,,2026-06-22T12:54:40+00:00
ea8fe0f8-a878-4f94-b52f-23844f3e6674,200,1,1,3437,WordPress,Home - Skipstone Wine,good,,2026-06-22T12:54:40+00:00
cbb18750-137e-44e5-abf2-d66e866bea16,404,0,0,209,,,broken,,2026-06-22T12:54:40+00:00
8ade781c-e2f9-44e7-8d6a-90d055518c20,202,0,0,177,,,weak,,2026-06-22T12:54:40+00:00
764a7b93-0054-4abc-8614-f62dc6edd0af,200,1,1,2546,WordPress,"Tench Vineyards | Oakville, Napa Valley",good,,2026-06-22T12:54:40+00:00
71be45e0-aa46-4382-898e-48434d6ad34b,200,1,1,3777,WordPress,Starmont Wines: A Taste of California&#039;s North Coast Wine Country,good,,2026-06-22T12:54:41+00:00
da35e4f0-535b-417d-8dab-65d217edb382,404,1,0,341,Squarespace,Squarespace - Website Expired,broken,,2026-06-22T12:54:41+00:00
65af5cd6-c1ad-4fbc-948f-d3e3eb00627a,200,1,1,727,WordPress,"Easy to Love Wines, Rooted in Place | Twomey",good,,2026-06-22T12:54:41+00:00
57fd5b9c-33a0-407d-badd-97dc89dca496,200,1,1,4170,WordPress,St. Supéry Estate Vineyards &amp; Winery &#8211; Estate Grown Napa Valley Wines,weak,,2026-06-22T12:54:41+00:00
9eb63664-dbce-42ce-b56a-971b2470c2bb,200,1,1,382,WordPress,Home - Vine Wrangler Pinot Noir,good,,2026-06-22T12:54:41+00:00
0bbb1303-83fa-4371-a133-b63e2d08e66a,200,1,1,3336,,Tank Garage Winery — Calistoga &amp; Paso Robles,good,,2026-06-22T12:54:41+00:00
dcd71c91-254b-441f-83e1-a0fb16935642,404,1,0,584,Squarespace,Squarespace - Website Expired,broken,,2026-06-22T12:54:41+00:00
cefcd70e-8d8e-4e9e-9d89-f59bb53e8070,200,1,1,513,,Westwood Estate | Napa Valley Biodynamic and Organic Wines,good,,2026-06-22T12:54:41+00:00
cf6674f3-5b50-4999-818a-6a8a6e655e3f,0,0,0,78,,,broken,connection failed,2026-06-22T12:54:42+00:00
6da6353e-45ce-4309-bda2-169a6f49d615,200,1,1,842,,Diamond Mountain Cabernet Sauvignon | Vineyard 511,good,,2026-06-22T12:54:42+00:00
6052c238-c0bc-40e7-a754-81ebc77e7763,200,1,1,1922,WordPress,Trecini Winery,good,,2026-06-22T12:54:42+00:00
778fe429-69cc-4434-ab30-0ebc3559ee34,200,1,1,2987,WordPress,Visit Us - Three Fat Guys Wine,good,,2026-06-22T12:54:42+00:00
7bf9c085-8d20-4071-a45c-95dcb8137fba,0,0,0,263,,,broken,"ssl: HTTPSConnectionPool(host='whiskyriverranch.com', port=443): Max retries exceeded with url: / (Caused",2026-06-22T12:54:42+00:00
78b5231a-64f1-4245-9667-768282fe05b2,200,1,1,210,Squarespace,Pax Wines | Winery &amp; Tasting Room in Sebastopol,good,,2026-06-22T12:54:42+00:00
c8799bba-a5e3-478d-bcda-8701f8a5e855,200,1,1,2157,WordPress,Trespass Vineyard &#8211; Napa Valley,good,,2026-06-22T12:54:42+00:00
ef9601df-84a9-4861-8c01-1ee8a797d589,200,1,1,1329,WordPress,Vineyard 29,good,,2026-06-22T12:54:42+00:00
633da473-24aa-4d99-a679-68a8f2c52716,200,1,1,1030,WordPress,"Wellington Cellars &#8211; We focus on hand-crafted, limited-production, estate grown fruit to create exceptional wines where you can taste our family’s passion.",good,,2026-06-22T12:54:42+00:00
25d0fb92-bc04-4394-850e-f38090b4c106,200,1,1,1691,WordPress,Visit - Vaughn Duffy Wines,good,,2026-06-22T12:54:42+00:00
97f79f07-8659-4cee-9add-e1101a13f891,0,0,0,105,,,broken,connection failed,2026-06-22T12:54:42+00:00
94525547-c2b7-47c1-9798-af8b2457a6b3,200,1,1,414,,"Estate Winery in St Helena, CA | Young Inglewood Vineyards",good,,2026-06-22T12:54:42+00:00
55a155b0-5cbf-474a-a9a2-e7b493077359,200,1,1,182,Shopify,Accent&#39;s Novato,good,,2026-06-22T12:54:42+00:00
dc4e226b-48c5-4cff-aa57-2b1576f2525a,0,0,0,110,,,broken,connection failed,2026-06-22T12:54:42+00:00
d6f41787-e01c-493d-b40a-6d9d6fb3ee3e,0,0,0,107,,,broken,connection failed,2026-06-22T12:54:42+00:00
f8fd1e3c-f84a-451d-be1e-f42f4e835a0e,0,0,0,144,,,broken,connection failed,2026-06-22T12:54:42+00:00
4166b3fc-2c2b-4664-8219-2ce31015fec0,200,1,1,518,Shopify,Visit Us &ndash; aesthete wines,good,,2026-06-22T12:54:42+00:00
16f91766-6257-4a4d-a256-46d06cea06fe,200,1,0,426,Weebly,SONOMA COUNTY LOCAL NEWS INITIATIVE - Home,weak,,2026-06-22T12:54:42+00:00
743fa464-0f55-48a0-bdd3-ead3f9d6e5c8,200,1,1,645,WordPress,Home | Zialena Winery,good,,2026-06-22T12:54:42+00:00
5b4820df-1295-47b9-a419-b58c505f702d,200,0,0,229,,,weak,,2026-06-22T12:54:42+00:00
e5a69a32-c9c4-479c-bf63-dfe7175884f1,403,1,0,66,,etsy.com,broken,,2026-06-22T12:54:42+00:00
58186983-bbea-4fa1-bd0a-c27d35e950d0,403,0,0,23,,etsy.com,broken,,2026-06-22T12:54:43+00:00
be72e891-4be1-4c13-8348-bdb810200413,200,1,1,635,Shopify,Alice Becker Inc.,good,,2026-06-22T12:54:43+00:00
5d2672fd-7114-45de-9448-1e841aa8cf19,200,1,1,304,Wix,Home | Razzle Dazzle Sonoma | Women's Boutique,good,,2026-06-22T12:54:43+00:00
b7a79e3e-0a66-409d-9cdb-3f7a9afc4cd6,409,0,1,52,,DNS resolution error | www.traceandjess.com | Cloudflare,broken,,2026-06-22T12:54:43+00:00
1494b318-394d-4531-a449-42ef8bd59014,0,0,0,112,,,broken,connection failed,2026-06-22T12:54:43+00:00
826166fe-71e2-4b1a-9135-2c867a7b332a,200,1,1,58,WordPress,Petaluma Outdoor Yoga | Heart and Soul Yoga | Teacher Susan O&#039;Toole,good,,2026-06-22T12:54:43+00:00
9ce2a9ba-14d0-4bdf-9e40-4525c28e5cf5,200,1,1,2444,WordPress,MAXWIN138: Link Baru Slot Gacor Gampang Maxwin Jackpot 1M QRIS,good,,2026-06-22T12:54:43+00:00
ae0ca82b-136a-42cd-8e21-a8a9f73e2da3,200,0,1,298,Squarespace,Yasuko,weak,,2026-06-22T12:54:43+00:00
f64b46be-fc89-419a-9bc2-0d070f85bbb7,200,1,1,651,Shopify,"Punch Clothing: Women&#39;s Clothing Online | Fashion, Accessories &amp; Gifts",good,,2026-06-22T12:54:43+00:00
bdca981a-6a86-4320-9deb-0bf9d7e2a69c,0,0,0,116,,,broken,connection failed,2026-06-22T12:54:43+00:00
812b78ad-bc81-4970-9417-e5a26cf32edf,200,1,1,585,WordPress,"Rust Boutique - Women&#039;s Fashion Clothing - Gifts - Sebastopol, CA",good,,2026-06-22T12:54:43+00:00
d0e77cf5-a04c-44e0-b065-150b6a86e7dc,200,1,1,685,Shopify,Activewear and Everyday Wear &ndash; Roach Co.,good,,2026-06-22T12:54:43+00:00
599edc71-747a-4a43-8eb3-b09627bbe599,200,0,1,1464,WordPress,yoakimbridge.com,weak,,2026-06-22T12:54:43+00:00
c25f8008-2c65-4fba-a295-ebea7d68d418,200,1,1,952,Shopify,"Maison Djouf (Formerly Tamarind) | Boutique in Healdsburg, CA",good,,2026-06-22T12:54:43+00:00
9743575e-94a5-45a9-b663-86833a670455,0,0,0,108,,,broken,connection failed,2026-06-22T12:54:43+00:00
d51320d7-93b6-4a6b-9afd-575fe623aebf,200,1,1,521,,"Hidden Gems Movement | Pole Fitness &amp; Dance Studio in Petaluma, CA",good,,2026-06-22T12:54:43+00:00
965ced99-daf0-4195-972b-81cb63d90dfe,200,1,1,646,Squarespace,Contact &mdash; Energize Hot Yoga Santa Rosa,good,,2026-06-22T12:54:43+00:00
c22c2c6b-3dd5-4b56-a7a8-3d6100c1b816,404,0,0,304,Squarespace,Squarespace - Domain Not Claimed,broken,,2026-06-22T12:54:43+00:00
ec7152c7-413d-4222-8b8d-18bf764afa0a,200,1,1,34,WordPress,"Galactic Health &amp; Fitness center &#8211; Yoga, Fitness, Meditation &amp; Wear",good,,2026-06-22T12:54:43+00:00
d16c2882-760d-4fc9-8a5f-e418e3f5cecb,0,0,0,119,,,broken,connection failed,2026-06-22T12:54:43+00:00
7bc73bde-3e34-4770-946f-614cc1b2121e,200,1,1,442,Wix,"MotherLove Yoga | Yoga for Mothers | Petaluma, CA, USA",good,,2026-06-22T12:54:43+00:00
c77256a3-1e52-4f92-8ff4-022ab31967c1,200,1,1,1704,WordPress,Boutique Sonoma Pinot Noir | Zeka Vineyards,good,,2026-06-22T12:54:43+00:00
102100af-d9e6-45ec-a0ff-3bbb743662ea,200,1,1,329,Wix,"Sol Rio Studio | Yoga and Sound | Sonoma County, California",good,,2026-06-22T12:54:43+00:00
6f3538a8-3fcb-44a4-bdb7-baafab7fcfe5,200,1,1,478,Squarespace,Point Reyes Yoga,good,,2026-06-22T12:54:43+00:00
f6bc3777-e7d3-4644-a75f-f3ad4b46e77e,200,1,1,581,GoDaddy,Nourish 108 - Services,good,,2026-06-22T12:54:43+00:00
6bf9afff-71ed-410d-8b7c-ead5a727f3e9,200,1,1,387,WordPress,Sonoma Ashram &#8211; Home of Aghor Yoga in the United States,good,,2026-06-22T12:54:44+00:00
8acc3ae8-e836-4bf8-91de-8be0eed4f8bf,0,0,0,294,,,broken,connection failed,2026-06-22T12:54:44+00:00
8feb0704-14e4-41ea-99e9-56f0e5f84b93,0,0,0,104,,,broken,connection failed,2026-06-22T12:54:44+00:00
5b4673d8-699d-45e0-9621-560fbbf4990c,200,1,1,365,GoDaddy,The Yoga Post,good,,2026-06-22T12:54:44+00:00
e9ee5552-82db-4a9d-8820-fc32be02cff1,200,1,1,242,GoDaddy,CalistogaKitchen.com is for sale | HugeDomains,good,,2026-06-22T12:54:44+00:00
77842162-f005-4140-bc3c-0df123cc0a8c,200,1,1,198,Squarespace,Pat&#39;s International,good,,2026-06-22T12:54:44+00:00
c3b411a7-81ef-4475-9c82-ea483f0c8bc5,200,1,1,441,Squarespace,Sonoma Yoga,good,,2026-06-22T12:54:44+00:00
822e9004-c10e-42f3-9555-bc0c0c0a8c56,202,0,0,116,,,weak,,2026-06-22T12:54:44+00:00
0609a44b-b58b-4a17-ac0c-23fe739990e5,403,0,1,64,,Attention Required! | Cloudflare,broken,,2026-06-22T12:54:44+00:00
73f9aec5-0812-488c-898f-9cbc069e7f1a,200,1,0,318,,,weak,,2026-06-22T12:54:44+00:00
bde30438-6e89-4395-95fd-9411973aea6a,200,1,1,434,Squarespace,Yoga on Center,good,,2026-06-22T12:54:44+00:00
6afa3b98-05f9-45b0-914b-3426d656362f,0,0,0,75,,,broken,connection failed,2026-06-22T12:54:44+00:00
82c68b0d-b090-41b5-bfa0-356bbb3f45e5,0,0,0,33,,,broken,connection failed,2026-06-22T12:54:44+00:00
cf49fac5-ee50-4f16-911d-ffa1ce69021f,0,0,0,116,,,broken,connection failed,2026-06-22T12:54:44+00:00
0895d913-d79c-45af-9cdd-35f205df2610,200,1,1,169,Squarespace,707 Suspension,good,,2026-06-22T12:54:44+00:00
8472923d-a236-490f-ae64-5eec2f3a3bfe,200,1,1,272,Squarespace,Home Décor &amp; Interior Design Products | Artefact Design &amp; Salvage,good,,2026-06-22T12:54:44+00:00
93f586b2-8ba2-40f1-9b5a-773737e7deb1,200,1,1,706,Wix,Acupuncture and Healing Arts Center | Acute &amp; Chronic Pain,good,,2026-06-22T12:54:44+00:00
06605ba6-a10b-409f-a91c-7f260b42b66e,200,1,1,1032,GoDaddy,Sattva Yoga - Home,good,,2026-06-22T12:54:44+00:00
d753c2de-2881-4936-ab43-11fe24734336,200,1,1,271,,"British Automobile Repair | Cotati, CA | British European Motors",good,,2026-06-22T12:54:44+00:00
795bec10-8b92-4183-8a5f-893e074f07fc,200,1,1,467,,"Santa Rosa Auto Repair - Auto Japan, Inc.",good,,2026-06-22T12:54:44+00:00
630d39f9-15dc-4ae3-a9e9-77ff4502c152,0,0,0,218,,,broken,connection failed,2026-06-22T12:54:44+00:00
5fe76212-4b9c-4d59-9eb1-b5f91f7fcab7,200,1,1,598,Wix,Covell Architects,good,,2026-06-22T12:54:44+00:00
20c98945-e0f2-4042-950a-1bb48ec57afd,0,0,0,56,,,broken,connection failed,2026-06-22T12:54:44+00:00
674e5c5e-83b9-4910-acc9-9f1a251efd44,0,0,0,80,,,broken,connection failed,2026-06-22T12:54:44+00:00
cbaa10cf-d4d9-4d88-9a4c-e26fd1d7d549,404,1,1,348,Wix,,broken,,2026-06-22T12:54:44+00:00
f8ee8c4c-e7f3-4664-a5c8-fa83f4b61ab3,200,1,1,568,,NAPA Auto Care for Service &amp; Repair | NAPA Auto Parts,good,,2026-06-22T12:54:44+00:00
bc19e5a2-7c74-42ce-84e2-70b42bce3bdc,0,0,0,50,,,broken,connection failed,2026-06-22T12:54:45+00:00
77b69ba5-ed1b-4a8d-b4be-1692887deb8e,200,1,1,301,GoDaddy,,good,,2026-06-22T12:54:45+00:00
a7a07555-714d-4717-8985-9aacfc8588c5,0,0,0,135,,,broken,connection failed,2026-06-22T12:54:45+00:00
fcde7c3e-4b19-499c-82b4-12eefcc9b3cc,0,0,0,389,,,broken,"ssl: HTTPSConnectionPool(host='www.ezgoauto.com', port=443): Max retries exceeded with url: / (Caused by ",2026-06-22T12:54:45+00:00
55e23968-aaca-495b-beb5-7f98a6186289,200,1,1,834,WordPress,Home - A Smog Test Only,good,,2026-06-22T12:54:45+00:00
17bba47d-2eba-4514-834e-7c6b6512b948,200,1,0,394,,"Local Heroes Auto Service | Auto Repair & Tire Shop in Petaluma and Santa Rosa, CA",weak,,2026-06-22T12:54:45+00:00
e913f88d-7fcc-4fe5-8787-d35ccf7408c8,200,1,1,219,WordPress,Precision MotorWerks,good,,2026-06-22T12:54:45+00:00
2038246a-228c-4c1f-a9d8-e1f324770b4c,200,1,1,303,,Sebastopol Auto Repair - Pauline's Automotive,good,,2026-06-22T12:54:45+00:00
cfe80157-29a0-4590-8f78-6bc57188b303,0,0,0,117,,,broken,connection failed,2026-06-22T12:54:45+00:00
7e8384d0-5f4d-408f-a336-3c39f98dbcfe,0,0,0,105,,,broken,connection failed,2026-06-22T12:54:45+00:00
1f23ae6c-8e46-4a8c-a078-dc0620b8deda,200,1,1,1323,,"Art, Antiques, Furniture, Decor - Reinvented, Reloved, Restored | Sonoma Nesting Company",good,,2026-06-22T12:54:45+00:00
0118cb7f-0e84-4b77-b042-863b23d08b55,200,1,1,462,WordPress,"Tristar Automotive - Auto Repair Services - Santa Rosa, CA",good,,2026-06-22T12:54:45+00:00
f942a640-e308-4fd4-8053-ba715fd0ec1a,200,1,1,481,,"British Automobile Repair | Cotati, CA | British European Motors",good,,2026-06-22T12:54:45+00:00
62208a80-27c7-4c5f-afed-532bdca60bea,200,1,1,321,,Oak Grove Farm Stand,good,,2026-06-22T12:54:45+00:00
2ff51452-c443-4e51-bdaf-5b0d7ba71f7a,200,1,1,278,Squarespace,"VILLAGE BAKERY - Award Winning Sonoma County Bakery, based in Montgomery Village, Santa Rosa, CA",good,,2026-06-22T12:54:45+00:00
999189ae-7c6c-4343-bfcb-501388f86a69,200,1,1,669,Joomla,"Home - Oliver Automotive | Novato, CA",good,,2026-06-22T12:54:45+00:00
482d0f2c-b460-45e9-829f-de592fdd56d0,202,0,0,96,,,weak,,2026-06-22T12:54:45+00:00
f6f0f10e-211e-4188-ac62-81b0704e5d6c,0,0,0,66,,,broken,connection failed,2026-06-22T12:54:45+00:00
a8db2280-adfd-48e8-9227-7f1d57f958fb,200,1,1,614,WordPress,"The Racers Group high-performance racing, parts and service in the North Bay &#8211; Shift to a higher standard.",good,,2026-06-22T12:54:45+00:00
17348d64-ec49-4b37-9d77-3cd4cc31b51e,403,1,1,260,,Just a moment...,broken,,2026-06-22T12:54:45+00:00
32f124d4-ebf2-4008-93b8-0a6b2be1e339,0,0,0,166,,,broken,connection failed,2026-06-22T12:54:45+00:00
f608119d-4c23-4201-9595-743602bd9a8a,0,0,0,265,,,broken,connection failed,2026-06-22T12:54:45+00:00
f0d711d4-4c5a-4ec8-a1fb-2b3303686e46,0,0,0,67,,,broken,connection failed,2026-06-22T12:54:45+00:00
3baf94bf-97ed-408a-b23b-b21db3c3fb31,200,1,1,420,Squarespace,Flow IV Medspa,good,,2026-06-22T12:54:46+00:00
dc9ee9d2-851a-4afd-a10e-5f8146ab4bac,0,0,0,38,,,broken,connection failed,2026-06-22T12:54:46+00:00
cdebb77d-fed3-493e-be4a-ef347e355518,200,1,1,632,,Webs.com has been shut down: Find out more,good,,2026-06-22T12:54:46+00:00
1b56253a-1f85-4a48-8776-99f34ba2f31f,200,1,1,678,WordPress,Homepage - Modern Brow,good,,2026-06-22T12:54:46+00:00
ac41d7f7-6ee0-4704-9f7f-fc44a6e68c03,0,0,0,61,,,broken,connection failed,2026-06-22T12:54:46+00:00
0fac3c87-3925-4807-8f7a-2ed7a2ab7bb9,200,1,1,407,Wix,"Mane Hue Salon | Santa Rosa hair extensions | 310 D Street, Santa Rosa, CA, USA",good,,2026-06-22T12:54:46+00:00
8a5897b4-b8f9-4901-a034-651862acfa14,200,1,1,556,,Home,good,,2026-06-22T12:54:46+00:00
dbc4a348-a439-46e3-bb4a-72b832d509db,200,1,1,901,GoDaddy,"The Lash &amp; Skin Studio in Sebastopol, California",good,,2026-06-22T12:54:46+00:00
b64da881-4748-4297-bed7-f026568a8968,200,1,1,652,Wix,"Korean Lash Lift + Brow Lamination Specialists. Petaluma, CA | Devereux Beauty",good,,2026-06-22T12:54:46+00:00
29401d5a-aa90-4b06-9b29-b0bdcc8c286d,200,1,0,339,,Loading...,weak,,2026-06-22T12:54:46+00:00
200a17c7-7eb1-4abf-a51e-87edb122c2ab,200,1,1,158,WordPress,Inkhouse | What&#039;s Your Story?,good,,2026-06-22T12:54:46+00:00
c8985088-336a-4810-ba54-26bd6716a0a1,200,1,1,11336,WordPress,Punchdown Cellars &#8211; Custom Crush Facility,weak,,2026-06-22T12:54:46+00:00
aff22dc7-d760-4c15-a123-467f60cb4a3d,200,1,1,314,WordPress,Calistoga Wine Way Inn: Historic Napa Valley B&amp;B Walk to Town,good,,2026-06-22T12:54:46+00:00
091a331f-9c72-43c1-a107-ab7c8cc9004a,200,0,0,169,,,weak,,2026-06-22T12:54:46+00:00
bf229e07-f2ae-4fac-a0c1-7e72dd612fb5,200,1,1,446,,Foothill House B&amp;B Home | Potter's Foothill House B&amp;B,good,,2026-06-22T12:54:46+00:00
a47464b9-ab36-41b5-81ac-56f4b8ba9444,202,0,0,247,,,weak,,2026-06-22T12:54:46+00:00
ee193648-5731-4810-9491-683bcc44eb09,0,0,0,55,,,broken,connection failed,2026-06-22T12:54:47+00:00
e771ebaf-575b-4050-a3de-c50f53eea2c3,200,1,1,1519,,Hair by Hopkins: Online Store,good,,2026-06-22T12:54:47+00:00
6f7853af-abf0-49d3-ac8c-30e562c88f14,202,0,0,526,,,weak,,2026-06-22T12:54:47+00:00
765012e2-6d6d-43c1-9413-0ba8396ec345,200,1,1,400,Squarespace,Sonoma Springs Brewing Company,good,,2026-06-22T12:54:47+00:00
5b0918f0-b319-424f-be9c-9fb093c2d8d0,200,1,1,1178,,santanellahouse.com is for sale,good,,2026-06-22T12:54:47+00:00
b2c52a1f-5270-4f41-9aca-61bf5aebfbf0,0,0,0,1311,,,broken,connection failed,2026-06-22T12:54:48+00:00
ea8ff3dd-22d4-4ced-a97f-170d65a3df55,200,1,1,1764,,Miriam Pineda - Windsor CA | Vagaro,good,,2026-06-22T12:54:48+00:00
c4bf827a-7301-4e45-bcfe-db25e95c11ca,200,1,1,161,Squarespace,Playground &amp; Cafe &mdash; Wylde Provisions Co.,good,,2026-06-22T12:54:48+00:00
612c5d4e-1613-4165-9e13-78e66a65e58b,200,1,1,839,Shopify,Third Street Aleworks,good,,2026-06-22T12:54:48+00:00
fc332336-1a2e-4111-a605-afa21e9bb55b,200,1,1,286,WordPress,Briarpatch &#8211; A Network of Friends in Business,good,,2026-06-22T12:54:48+00:00
385969bd-e077-4e18-b816-f58fbd270f74,0,0,0,113,,,broken,connection failed,2026-06-22T12:54:48+00:00
2acee0df-52cc-4171-ba07-14d06a92af51,200,1,1,1917,Drupal,Monte Rio Treehouse | Vacation Rental,good,,2026-06-22T12:54:48+00:00
183d5192-c503-4d1b-98bc-2c073c24de97,200,1,1,688,,Home | Santa Rosa Junior College,good,,2026-06-22T12:54:48+00:00
12221180-5ce0-405c-9787-90ff2cfb3213,200,1,1,424,Shopify,Yerba Madre,good,,2026-06-22T12:54:48+00:00
d9068569-6420-42cb-8897-ed513f028cda,0,0,0,42,,,broken,connection failed,2026-06-22T12:54:48+00:00
e6c64653-874a-4ebb-87b9-f6b10bd65473,200,1,1,474,Weebly,Zest Cuisine - HOME,good,,2026-06-22T12:54:48+00:00
4d7bc4bc-1690-4c7e-95da-43edb5174289,0,0,0,118,,,broken,connection failed,2026-06-22T12:54:48+00:00
823716dc-fdad-4c1e-b158-94525e46b75e,404,1,1,485,Wix,,broken,,2026-06-22T12:54:49+00:00
1e3337f6-ba74-4ece-9f58-5a4dc2ee029e,200,1,1,486,,"Print Company – Santa Rosa, CA – 24HR Printing",good,,2026-06-22T12:54:49+00:00
b1d92494-5a7e-4e1e-9d7a-25b2ec94b4e6,200,1,1,336,Squarespace,Sportago-Great Outdoor Clothing,good,,2026-06-22T12:54:49+00:00
b02a2c81-256d-402b-976f-fda84f69e98b,200,1,1,242,,Tripl3Js LLC,good,,2026-06-22T12:54:49+00:00
157da9f2-a7f2-4628-a5c5-0044d3447fbb,0,0,0,77,,,broken,"ssl: HTTPSConnectionPool(host='www.ecustompaintinganddesign.com', port=443): Max retries exceeded with ur",2026-06-22T12:54:49+00:00
db97021e-197e-447c-a22b-807f3fabfff4,200,1,1,496,GoDaddy,"Cabana Dreams Swim Boutique - Swimwear Resortwear, Retail, Airbrush Spray Tanning, Swimwear Resortwear",good,,2026-06-22T12:54:49+00:00
33dfe6c6-a64d-4118-9b5d-4345dfdda8af,200,1,1,850,,Chiropractic | Whole Light Chiropractic,good,,2026-06-22T12:54:49+00:00
12fed8df-06ad-49d8-b1df-f06a438db7d7,200,1,1,2002,WordPress,BARKLEY builders,good,,2026-06-22T12:54:49+00:00
77bc5ab6-6a7b-445f-9a1a-b54ead028ea0,200,1,1,465,,Centric General Contractors,good,,2026-06-22T12:54:49+00:00
696953ff-b150-4172-925a-b171588a9e09,404,0,0,315,,SITE NOT FOUND,broken,,2026-06-22T12:54:49+00:00
3b19f8a1-009e-4050-b7b5-0d9c655c3e2c,404,1,1,350,Wix,,broken,,2026-06-22T12:54:49+00:00
684f5725-3a68-4db7-8aab-c75aed1a3bef,0,0,0,55,,,broken,connection failed,2026-06-22T12:54:49+00:00
17043a6d-de66-49c7-ae12-9eaf2e511375,200,1,1,375,WordPress,Concrete Pumping Service | Santa Rosa | Redwood Concrete Pump,good,,2026-06-22T12:54:49+00:00
0b0de96d-3876-4ae5-8c24-55e6c7623231,0,0,0,33,,,broken,"ssl: HTTPSConnectionPool(host='www.ddsdeliliquor.netwaiter.com', port=443): Max retries exceeded with url",2026-06-22T12:54:49+00:00
7b14b5ba-5fd6-4be7-9eb4-fd4e598f50f2,200,1,1,472,WordPress,Home - Point Pacific Drilling,good,,2026-06-22T12:54:49+00:00
e30d054a-1993-4917-851e-295e25afd94b,200,1,1,3032,WordPress,Portobel Lohats,good,,2026-06-22T12:54:50+00:00
48cfce78-4b70-4bf3-ba32-4897c25eb8f5,0,0,0,74,,,broken,connection failed,2026-06-22T12:54:50+00:00
de737883-64b4-4978-8e20-289905fdfb5c,200,1,1,188,WordPress,"Best Cosmetic Dentist Santa Rosa | Andrea E. Jordan, DDS, FACP",good,,2026-06-22T12:54:50+00:00
5f772a6c-7854-45a0-a950-5407316bb258,200,1,1,268,,Crafting Beautiful Smiles in Sonoma | Sonoma Springs Dental,good,,2026-06-22T12:54:50+00:00
8c3401f0-dcae-4206-9adf-e8a085e34269,0,0,0,84,,,broken,connection failed,2026-06-22T12:54:50+00:00
e8cfa7e5-b721-4d61-b8c0-1e05de6d302a,404,0,0,193,,No Redirect,broken,,2026-06-22T12:54:50+00:00
e6551535-2ea1-48bc-8949-7ccd559e26af,200,0,0,100,,,weak,,2026-06-22T12:54:50+00:00
7b12fa0a-5595-487a-9963-21364ccb078f,0,0,0,217,,,broken,"ssl: HTTPSConnectionPool(host='www.johncrobinsondds.com', port=443): Max retries exceeded with url: / (Ca",2026-06-22T12:54:50+00:00
0750402a-c167-4a23-8aa9-4f10d9b33181,200,0,0,272,,Holistic Orthodontics | Northern California,weak,,2026-06-22T12:54:50+00:00
d426230a-0db8-430a-acf4-6c0a0c4183a8,200,1,1,1050,Wix,"Miss Dawn's Daycare &amp; Preschool | Rohnert Park, CA",good,,2026-06-22T12:54:50+00:00
8d11293e-6965-4def-b179-589da2c923e1,0,0,0,148,,,broken,connection failed,2026-06-22T12:54:51+00:00
545fd5a7-1c5b-4e77-9fb9-eed59e05b63f,200,1,1,208,Squarespace,Dr. William F. Kivett MD,good,,2026-06-22T12:54:51+00:00
090493e6-7fb6-4510-aa9b-a261141a9918,200,0,0,231,GoDaddy,Home,weak,,2026-06-22T12:54:51+00:00
624dc7f1-1803-41b2-9abc-3bfff60088b5,200,1,1,1039,WordPress,Dental Offices in Arizona &amp; California | Western Dental,good,,2026-06-22T12:54:51+00:00
39e64253-9054-41e0-901b-062bda6d8673,0,0,0,46,,,broken,connection failed,2026-06-22T12:54:51+00:00
e8d1cbfa-cec4-4148-8565-4b8dad0ba659,200,1,1,1123,WordPress,"Oral Surgeons in Santa Rosa, CA | Personal Surgical Care",good,,2026-06-22T12:54:51+00:00
2f8f53a1-fe02-4c47-bad3-4bd37aac8e0f,0,0,0,44,,,broken,connection failed,2026-06-22T12:54:51+00:00
586fad4a-549f-450a-9d5a-284328c49722,202,0,0,161,,,weak,,2026-06-22T12:54:51+00:00
dd23f498-4d25-4e16-9b2b-a1ee9acd70dc,200,0,0,359,,,weak,,2026-06-22T12:54:51+00:00
e1979795-157f-45f1-8e27-78e27c100ce3,200,1,1,2281,,Goddess of Youth in Middletown - Middletown CA | Vagaro,good,,2026-06-22T12:54:51+00:00
e736d754-8862-4dc6-a6a9-5c82141ac298,0,0,0,110,,,broken,connection failed,2026-06-22T12:54:52+00:00
a27e0725-83bb-4bb2-811f-0fe0fbca757c,200,1,1,584,Shopify,"Solar, Battery, and EV Installation Marin and Sonoma | Grid Titans",good,,2026-06-22T12:54:52+00:00
506dd817-95d6-4cc0-9303-80d62ae9db41,200,1,1,2039,WordPress,Orthodontist in California | Santa Rosa &amp; Windsor | Bernstein Orthodontics,good,,2026-06-22T12:54:52+00:00
259712da-42b4-4b7f-a32d-e43bc24da4dd,200,1,1,2856,WordPress,Soco Nexus | Just Real &amp; Practical,good,,2026-06-22T12:54:52+00:00
a8c305d4-fa51-4681-bf97-ba9321cb52d8,200,1,1,868,WordPress,,good,,2026-06-22T12:54:52+00:00
74670d6d-1e3c-436d-a08a-680d1bb3e351,200,1,1,518,,"Santa Rosa Golf &amp; Country Club | Golf in Santa Rosa, CA",good,,2026-06-22T12:54:52+00:00
f22fe894-dcf3-4d25-b2ad-a28f70258b6f,200,1,1,142,WordPress,Winter in the Wineries Passport - Visit Calistoga,good,,2026-06-22T12:54:53+00:00
faa347d8-79b1-4ea5-bf2e-3ed11b5c4a78,200,1,1,452,Wix,Riverside Center Sonoma,good,,2026-06-22T12:54:53+00:00
7696e5e4-006e-43ad-8daa-8a0892ce84ce,200,0,0,178,,,weak,,2026-06-22T12:54:53+00:00
f91b6399-cd00-4f06-96f1-91e309db57ac,200,1,1,1508,WordPress,Kenwood Ranch Events &#8211; in the heart of the wine country,good,,2026-06-22T12:54:53+00:00
9c9313b4-289d-4d87-8b00-eacefd20b2ce,200,1,1,628,Shopify,Crystal Garden Wellness &ndash; Crystal Garden Gift Shop,good,,2026-06-22T12:54:53+00:00
9520e6db-a608-4d20-9d89-669c3aa56d71,200,0,0,191,,Redirecting...,weak,,2026-06-22T12:54:54+00:00
7e177627-e8a0-46f0-b685-12d0983edfdb,0,0,0,15136,,,broken,timeout,2026-06-22T12:54:54+00:00
5a8a890f-07cf-4c2f-94d9-e9a3e69a8231,200,1,1,365,Shopify,Clif Family Winery | Organically Farmed Napa Valley Wines,good,,2026-06-22T12:54:54+00:00
0f3677b8-8a89-4182-b8d9-a8d007a45e2b,200,1,1,436,Shopify,SPRIG: California-inspired Home Decor and Gift Shop,good,,2026-06-22T12:54:54+00:00
cbb2ccb4-099a-428c-85ba-645887077120,200,1,1,95,,Client Challenge,good,,2026-06-22T12:54:54+00:00
16f59e61-cb91-4bb0-8d85-cc44281f63ab,0,0,0,108,,,broken,connection failed,2026-06-22T12:54:54+00:00
8cae5f43-3d79-44fe-a86f-249d97471f46,200,1,1,545,,"Custom Blinds | Budget Blinds Petaluma & West Santa Rosa, CA",good,,2026-06-22T12:54:54+00:00
1545a76b-d3f0-471b-a6a5-654b3466d96e,200,1,1,10641,GoDaddy,Sonoma&#x27;s Premier Food Truck for Private Catering Occasions and Special Events,weak,,2026-06-22T12:54:54+00:00
e9e5a55a-8a78-4d08-b7ef-71fcc9681f61,200,0,0,158,,,weak,,2026-06-22T12:54:54+00:00
9ae82e50-1c94-4b5c-ab43-139f902fac1d,404,1,1,391,Wix,,broken,,2026-06-22T12:54:55+00:00
4fd73a13-d07f-4119-af67-0b77d4319fb1,200,1,1,249,Squarespace,Valley Brows | Permanent Cosmetics,good,,2026-06-22T12:54:55+00:00
cb6f6762-58af-4296-8549-16bc9e7ca960,200,0,0,186,,,weak,,2026-06-22T12:54:55+00:00
aa6c40c2-7ecd-417c-90c8-e27e241b84bb,200,1,1,604,,Annie&#x27;s Artistry,good,,2026-06-22T12:54:55+00:00
cb19a4b1-de4c-4c2e-9104-bc7502da663c,200,0,1,1047,WordPress,Parkpoint Healdsburg - Parkpoint Health Club,weak,,2026-06-22T12:54:55+00:00
425edd7e-109d-40f1-aec9-ea940e1af5b2,0,0,0,109,,,broken,connection failed,2026-06-22T12:54:55+00:00
cfae02ab-fbe2-4137-9043-d5282263f051,200,1,1,327,Squarespace,St. James Salon,good,,2026-06-22T12:54:55+00:00
78c7b188-3506-4a91-b2dd-086848f3a533,200,1,1,4392,,"B. HENRY&#x27;S QUALITY ELECTRIC INC. - 852 Surveys, Videos, Articles, &amp; More | Diamond Certified",weak,,2026-06-22T12:54:56+00:00
d885904b-310e-4586-80ab-14d06a026ccd,200,1,1,345,Weebly,Studio 4 Hair Salon in Santa Rosa | Studio 4 Hair Salon,good,,2026-06-22T12:54:56+00:00
d1d304ff-cd9c-4018-b2cb-9597ac96e2fa,0,0,0,65,,,broken,connection failed,2026-06-22T12:54:56+00:00
4025dca0-32d6-48a4-b210-5c2251711493,200,0,0,93,,,weak,,2026-06-22T12:54:56+00:00
4fa43dac-fa34-4153-b522-b7b543515090,403,1,0,197,,bestwestern.com,broken,,2026-06-22T12:54:56+00:00
9d6ba1b2-6e10-4bc3-9bbc-8ea0e89a7eae,200,1,1,374,Shopify,Superfood | Gourmet Snack | The Wine RayZyn Company,good,,2026-06-22T12:54:56+00:00
8b1262ef-f392-4002-ad59-f6ef5ec985de,0,0,0,58,,,broken,connection failed,2026-06-22T12:54:56+00:00
b900ff34-90f8-4964-8111-dd7ece5f4fe1,200,1,1,579,WordPress,Tease Hair Studio,good,,2026-06-22T12:54:56+00:00
3adf7683-2b33-40f4-a8e7-df56e043cc2c,200,1,1,3603,WordPress,Wilson Artisan Wineries &#8211; A family of boutique wineries in Northern California,good,,2026-06-22T12:54:56+00:00
ec6f32db-cdc1-4c82-a684-ec7f46078e82,200,0,1,180,WordPress,Parked Domain name on Hostinger DNS system,weak,,2026-06-22T12:54:56+00:00
1af9650e-61ce-4599-a1a8-c8819dc51752,0,0,0,10010,,,broken,connection failed,2026-06-22T12:54:56+00:00
33421828-208d-46b0-bf99-6b1e67afde4b,200,1,0,427,,PANEN100 - Hidden Oak Inn Penginapan Nyaman Bernuansa Alam untuk Liburan yang Lebih Tenang,weak,,2026-06-22T12:54:56+00:00
faf2aa78-1b39-4be3-b43c-4e0329dd33be,200,0,0,423,WordPress,,weak,,2026-06-22T12:54:56+00:00
0fc91d8b-dede-4abd-ba9f-45443d76f642,0,0,0,24,,,broken,connection failed,2026-06-22T12:54:57+00:00
9278ffde-5a8a-4fda-98f6-be488cacc7d8,403,1,1,247,,Access Denied,broken,,2026-06-22T12:54:57+00:00
c4a09e78-4b2c-4abb-a388-e551c7be385e,200,0,0,243,,,weak,,2026-06-22T12:54:57+00:00
a3101a9c-3c62-4da7-8a82-c9483b94c7e8,200,1,1,757,,"A Tuscan-Inspired Hotel in CA | Dry Creek Inn, MOD Collection by Sonesta",good,,2026-06-22T12:54:57+00:00
2c29600d-a862-4cad-b2db-6a2b6c7244ab,429,1,1,382,,Bot or Not?,broken,,2026-06-22T12:54:57+00:00
2c8dcf85-49a4-4a9c-83af-6c171a47273f,404,0,0,332,Squarespace,Squarespace - Domain Not Claimed,broken,,2026-06-22T12:54:57+00:00
c25fb088-419b-4104-bb85-2d5407ea62e3,200,1,1,509,,Sonoma County Regional Parks | Sonoma County Regional Parks,good,,2026-06-22T12:54:57+00:00
53facabc-aa2b-46e1-801f-1b38a4745311,0,0,0,68,,,broken,connection failed,2026-06-22T12:54:57+00:00
8e32698e-dafd-40cd-bb7d-0df615d5f1ad,200,1,1,3398,WordPress,Custom Woodworking | Home Furnishing Design | Remodeling | Marin,good,,2026-06-22T12:54:57+00:00
6dc07be4-2137-46db-94c0-cf40df2df49d,0,0,0,205,,,broken,connection failed,2026-06-22T12:54:57+00:00
5a1eb692-07ea-41f4-8666-6f1cc130d9cb,0,0,0,20,,,broken,connection failed,2026-06-22T12:54:57+00:00
cea7fde0-c013-49ea-b182-d7433b011dbc,200,1,1,750,,"Himalayan Restaurant, Windsor | Authentic Indian & Nepalese Food, Restaurant, Catering, Delivery in Windsor, CA",good,,2026-06-22T12:54:57+00:00
9230071e-21a2-4487-ab9c-5e99cc4d37b3,0,0,0,158,,,broken,"ssl: HTTPSConnectionPool(host='napalock.jimdo.com', port=443): Max retries exceeded with url: / (Caused b",2026-06-22T12:54:57+00:00
3ece3116-f302-460c-94b2-4208b3e604dd,200,1,1,603,Squarespace,Pezzolo &amp; Co. | Enhance Your Space Today,good,,2026-06-22T12:54:57+00:00
5dea0eaf-79c0-4751-8e3b-b4271621ed26,200,1,1,610,Wix,Home Staging | Wine Country Staging &amp; Design | California,good,,2026-06-22T12:54:58+00:00
b9180331-776a-44ec-a0a3-33d121bfbe83,0,0,0,149,,,broken,connection failed,2026-06-22T12:54:58+00:00
477f6796-8e65-40ed-b7a6-c909110cf050,202,0,0,138,,,weak,,2026-06-22T12:54:58+00:00
32de9176-b00a-48aa-a71c-e4be818cd0de,200,1,1,287,,"Novato Lawn Care | Lawn Care Services | Novato, CA",good,,2026-06-22T12:54:58+00:00
7a8c0f8e-63ef-4796-a951-807c0c7a5c38,200,1,1,334,,"Evans Kingsbury Appellate law Attorney, Civil Appeals, Family Law, & Litigation",good,,2026-06-22T12:54:58+00:00
c2e51488-afac-419a-9282-fe4901b9e3f9,503,0,1,332,,503 Service Unavailable,broken,,2026-06-22T12:54:58+00:00
6fdc6a78-b362-4a53-be48-53e97ee96b54,200,1,1,313,GoDaddy,Home - K&amp;G Immigration Law,good,,2026-06-22T12:54:58+00:00
7dbca582-6fa2-4dc3-a457-0be0391cdaa8,200,1,1,285,Squarespace,Hauth’s Family Taekwondo | Family Taekwondo since 1988,good,,2026-06-22T12:54:58+00:00
757a8429-f77e-4a67-a683-7765cca8cff8,200,1,1,406,GoDaddy,Maiolo Muchow Mediation - Maiolo Muchow Mediation,good,,2026-06-22T12:54:58+00:00
6afb6ee8-7a58-43a0-85e4-a92dd133205c,0,0,0,120,,,broken,connection failed,2026-06-22T12:54:58+00:00
83ae0094-6d85-4dd9-945f-d3348eb122a2,0,0,0,126,,,broken,connection failed,2026-06-22T12:54:58+00:00
042bd2fd-92cf-491b-bccc-5eb8f86ec2c8,0,0,0,51,,,broken,connection failed,2026-06-22T12:54:58+00:00
3d34aa08-e071-4822-add3-49eb36668186,429,1,1,384,,Just a moment...,broken,,2026-06-22T12:54:58+00:00
e5042661-620d-4b60-908d-c1cdb1548c20,200,1,1,1226,,UC Marin Master Gardeners,good,,2026-06-22T12:54:59+00:00
11c43fa0-b7fd-4612-a9f7-e84b5f384028,200,1,0,607,,Sonoma Valley Massage * Sonoma Spa Services * Massage and Facials in Glen Ellen,weak,,2026-06-22T12:54:59+00:00
e12a78d4-2d8e-4311-924b-9a6f5a64c503,200,1,1,178,,,good,,2026-06-22T12:54:59+00:00
125dba86-9481-4c8d-8a78-589864968b67,0,0,0,15170,,,broken,connection failed,2026-06-22T12:54:59+00:00
1a14449d-46c5-4f6b-9f31-11b08045ed5b,200,1,0,227,,Find a Loan Officer | Search loanDepot Mortgage Originators,weak,,2026-06-22T12:54:59+00:00
c7d9d5d9-f47d-4078-9a8e-830814c65752,200,1,1,350,,Mason-McDuffie Mortgage Corporation,good,,2026-06-22T12:54:59+00:00
2f747e94-5898-446f-b0de-d69a64fb056b,200,1,1,1440,WordPress,North Bay Kenpo - North Bay Kenpo,good,,2026-06-22T12:54:59+00:00
fd3b47a6-a8e1-4ee3-80f8-ce1fc80b44fc,404,1,1,415,Webflow,Not Found,broken,,2026-06-22T12:55:00+00:00
5d002a32-ce02-4edb-8e36-fcaa26193f78,200,1,1,1059,,Jamelie Samonte's MySite | CMG Home Loans,good,,2026-06-22T12:55:00+00:00
cd500c13-61e6-42c8-9aec-5fda75452f32,200,1,1,469,GoDaddy,winstonproperty.com,good,,2026-06-22T12:55:00+00:00
e228df0e-5f62-4b6d-ab8e-a088672406a4,403,0,0,41,,Access Denied,broken,,2026-06-22T12:55:00+00:00
f3463127-cb59-48ca-8daa-74681ab97895,200,0,0,255,,The Surf Motel at Gualala is the best value for your travel dollar.,weak,,2026-06-22T12:55:00+00:00
7ad5b98c-e459-473f-a666-b3a15a0b2739,200,1,1,200,Webflow,Luxury Vacation Home Rentals &amp; Private Villas | BeautifulPlaces,good,,2026-06-22T12:55:00+00:00
52b43001-3116-4ec4-ac27-f2c4b3199bd0,0,0,0,145,,,broken,connection failed,2026-06-22T12:55:00+00:00
0e9ea82c-bce7-4a9e-aaa8-2b25325d47e8,200,1,1,1253,WordPress,Joe Jacobs - Intention Financial,good,,2026-06-22T12:55:00+00:00
93e4e098-1c0d-4339-9520-07aa619312c1,200,1,1,250,Squarespace,Elevate Eye Care Optometry,good,,2026-06-22T12:55:00+00:00
ba9f9a1d-ebfd-41e6-bd70-d4a08f647cf4,200,1,1,1706,Wix,"Tacos Costa Sonoma | Street Tacos | 18627 Sonoma Highway, Sonoma, CA, USA",good,,2026-06-22T12:55:00+00:00
53818318-f7ff-4472-9e67-01c00c292b46,200,1,1,1970,WordPress,Papas and Pollo,good,,2026-06-22T12:55:00+00:00
104dcb07-7627-4a41-b43b-2eaefffad7f0,200,1,1,331,Wix,"Maranda Ranch Kennels | Dog boarding | 3350 Westach Way, Sonoma, CA, USA",good,,2026-06-22T12:55:00+00:00
a0b6fae0-3744-490d-a99e-851a75977d58,403,0,1,154,,Access denied | www.loscutoffequinerescue.com used Cloudflare to restrict access | www.loscutoffequinerescue.com | Cloudflare,broken,,2026-06-22T12:55:00+00:00
eae7d5b7-b8d2-4cc0-8610-c3ef405ef633,0,0,0,46,,,broken,connection failed,2026-06-22T12:55:00+00:00
2e51a51c-833c-45cc-ba92-002105ecfb5c,0,0,0,15196,,,broken,timeout,2026-06-22T12:55:00+00:00
3a66de7b-4f57-45cb-93a8-ec2ff5323a85,403,1,1,135,,Just a moment...,broken,,2026-06-22T12:55:00+00:00
8de42c2b-a764-4257-9854-4e83e6c03573,200,1,1,173,,"Leolo Pizza | Artisan Pizza in Petaluma, CA | Best Pizza in Petaluma",good,,2026-06-22T12:55:00+00:00
3352a721-987b-4e40-9fb8-225707a1ce3d,200,1,1,463,,"Middletown Animal Hospital - Veterinarian in Middletown, CA US",good,,2026-06-22T12:55:01+00:00
4c612703-aeb1-468f-9eba-6c67d3664e05,200,1,1,690,Wix,Pilatesfit | Pilates &amp; Strength Training in Petaluma,good,,2026-06-22T12:55:01+00:00
54c67a24-f42f-4932-9b62-11cb35b070de,200,1,1,578,,Hedge Realty | The North Bay - Wine Country to the Coast,good,,2026-06-22T12:55:01+00:00
0aad7ea1-3c6b-4550-9142-4f6c31cf76c9,200,1,1,827,,Gharrr! Akses Link inti MUSANG178 harus di Akui sih,good,,2026-06-22T12:55:01+00:00
e5e77da5-bcf9-4b99-bc93-8ce97298b2f1,530,0,1,88,,Origin DNS error | maryloumagana.exprealty.com | Cloudflare,broken,,2026-06-22T12:55:01+00:00
a3750e94-8fbd-40d6-9ed8-7f7ba5e8528e,200,1,1,423,WordPress,Wine Country Real Estate Network - The company with a purpose,good,,2026-06-22T12:55:01+00:00
c111fd66-be11-46ff-b65a-906c37e60b02,202,0,0,301,,,weak,,2026-06-22T12:55:02+00:00
8185738b-55ff-49d2-97a7-f79d40752201,200,1,1,744,GoDaddy,"Casakeys - Real Estate, Homes for Sale, Buy a House",good,,2026-06-22T12:55:02+00:00
83c40dcd-486a-4029-85f0-6365af9cf61f,200,1,1,1391,WordPress,Azadeh Hunter - Azadeh Hunter,good,,2026-06-22T12:55:02+00:00
74df5ee8-b39b-4002-a4f6-c372d69fa98f,200,1,1,490,Wix,Vineyards for Sale in California | Cru Land Company,good,,2026-06-22T12:55:02+00:00
f070c01e-f18d-4cfc-9db7-6c647420ece9,0,0,0,449,,,broken,connection failed,2026-06-22T12:55:02+00:00
3c677996-45b6-42c3-bd95-c649133f41b7,200,1,1,1845,,Property Listing,good,,2026-06-22T12:55:02+00:00
994fd65f-28ae-4540-9a98-f1519a524abf,200,1,1,1783,WordPress,Wine country real estate - Napa Valley Sonoma County real estate,good,,2026-06-22T12:55:02+00:00
e8f7ccd6-c9f2-4c4d-b8aa-3c7bfe7bbc8f,202,1,0,387,,,weak,,2026-06-22T12:55:02+00:00
6c1e7c6a-ee13-4726-88ef-b2f7d14c179e,404,0,1,174,,404 Not Found,broken,,2026-06-22T12:55:03+00:00
84b21bbb-3ada-4fa2-b4ff-1b0be6b656a4,200,1,1,2650,WordPress,Paradise Pet Resorts | Pet Care Services in Sonoma County,good,,2026-06-22T12:55:03+00:00
dc0f5b93-b9e7-410a-9998-72afeccd2459,218,1,0,310,,,weak,,2026-06-22T12:55:03+00:00
dd795d4b-1ccf-4dc6-a6d1-d20959480196,200,1,1,965,WordPress,"Donna Hinds - Saint Helena, CA Real Estate Agent",good,,2026-06-22T12:55:03+00:00
281fe609-c25f-45b5-8618-cadc3a133dd5,200,1,1,325,,Tina Hittenberger | Petaluma Real Estate Team,good,,2026-06-22T12:55:03+00:00
8c2b5c99-e721-432b-b815-d30ad3586cc5,0,0,0,15140,,,broken,connection failed,2026-06-22T12:55:03+00:00
85397f5f-ed95-4683-bcd0-d6da0c98ba2e,403,1,1,236,,Just a moment...,broken,,2026-06-22T12:55:03+00:00
ba6fb565-c2da-488b-9224-05564bf55855,200,1,1,847,,"Haley Skerrett, Real Estate Agent - Compass",good,,2026-06-22T12:55:03+00:00
40b7730c-e3dd-486b-b931-59fbd048c751,404,1,1,528,Wix,,broken,,2026-06-22T12:55:03+00:00
817255dd-6b51-4b95-9286-a6bd9c76274a,200,1,0,281,,Public License Lookup - DRE,weak,,2026-06-22T12:55:03+00:00
6fc67c8d-955e-4daf-8869-f8ff3df104ad,218,1,0,626,,,weak,,2026-06-22T12:55:04+00:00
b09fc47c-3392-417f-ba84-20b1d09f0720,200,1,1,1530,WordPress,Explore Sonoma County Real Estate Listings | The Rendino Team,good,,2026-06-22T12:55:04+00:00
535e54d1-3540-42e9-9c44-cecae2fc61cc,503,1,0,512,,,broken,,2026-06-22T12:55:04+00:00
8383d4a7-f841-4ed8-af1b-81240c047678,200,1,1,331,,Pam Bradford - Real Estate Broker Services for Buyers and Sellers,good,,2026-06-22T12:55:04+00:00
b1906a92-f67d-4b17-9baa-bbbc034064cf,218,1,0,488,,,weak,,2026-06-22T12:55:04+00:00
6ced2f88-0788-4733-b7d4-05feeecb4a28,200,1,1,1320,,About à¸à¸¹à¹à¸¡à¸·à¸­à¹à¸à¹à¸à¸ | à¸à¸¹à¹à¸¡à¸·à¸­à¹à¸à¹à¸à¸,good,,2026-06-22T12:55:04+00:00
54dd5bee-46b7-43af-a029-7c8ffb7b5485,525,1,1,374,,evusa.com | 525: SSL handshake failed,broken,,2026-06-22T12:55:04+00:00
710dd4f0-6c7c-4203-8586-c35ee66a549d,200,1,1,1711,WordPress,Home - Karyn Kambur,good,,2026-06-22T12:55:04+00:00
1306bc9a-95b5-492b-b99e-7428e71a8362,200,1,1,336,,"Yvette Preute | Petaluma, CA Real Estate Agent",good,,2026-06-22T12:55:05+00:00
3ce44ba7-ab64-4ccf-8bf1-9d4cd9ccfe65,403,1,1,205,,Just a moment...,broken,,2026-06-22T12:55:05+00:00
d34857a4-50b0-4db3-ad44-c4b0a18a0ec3,200,1,1,265,GoDaddy,"Office Space - Zacca Holdings, LLC",good,,2026-06-22T12:55:05+00:00
d90315b2-fc93-4c87-ad12-ecd05c95eadd,200,1,1,1495,,Home | Mark Adams | Berkshire Hathaway HomeServices,good,,2026-06-22T12:55:05+00:00
37291b79-0df0-44e4-a3d3-9fb21df9acce,200,1,1,1117,WordPress,Pam Buda - Sonoma County Real Estate,good,,2026-06-22T12:55:05+00:00
d6593cd6-531c-4ca5-9176-f0aaa8846cac,218,1,0,243,,,weak,,2026-06-22T12:55:05+00:00
c79ca917-ce79-451d-a5c3-59facf9c2fd9,0,0,0,356,,,broken,"ssl: HTTPSConnectionPool(host='www.solanoregroup.com', port=443): Max retries exceeded with url: / (Cause",2026-06-22T12:55:05+00:00
9851d491-3376-4347-bf96-563a66f68a48,200,1,1,532,GoDaddy,HOME,good,,2026-06-22T12:55:05+00:00
1b8b06de-2c89-486b-8fce-d6a337c0a184,200,1,1,279,,"Healdsburg, Cloverdale and Windsor CA Realtors | Williams & Williams",good,,2026-06-22T12:55:05+00:00
85fcabfe-f40f-4eee-8995-5e2c023b21d6,200,1,1,358,Wix,The Residences | Taylor Mountain Condos - New Home Santa Rosa,good,,2026-06-22T12:55:05+00:00
5ee1806a-9731-4825-a04a-144e2324f0a0,200,1,1,1025,,,good,,2026-06-22T12:55:05+00:00
4b9352c9-6745-4da9-ab9d-8bec0774644e,403,1,1,142,,Access to this page has been denied,broken,,2026-06-22T12:55:06+00:00
4f472fb6-2771-4849-b063-b6cf54461757,200,1,1,622,WordPress,Home - The City Country Group,good,,2026-06-22T12:55:06+00:00
d1b7b744-8a24-4412-89ca-fe893cfb755e,200,1,1,244,,Sharon Monticello | Your Petaluma Real Estate Expert,good,,2026-06-22T12:55:06+00:00
65e13184-f0d8-42ab-afd7-7d66136502d8,0,0,0,40,,,broken,connection failed,2026-06-22T12:55:06+00:00
ec16d309-a9da-4f42-8505-82d0c193cf1a,200,1,1,571,WordPress,Trista Fossa,good,,2026-06-22T12:55:06+00:00
0a8d60c4-9935-4bde-ad10-86f883b9395f,401,0,1,147,WordPress,Flywheel - Password Required,broken,,2026-06-22T12:55:06+00:00
0dd761f3-fd07-4b86-aec9-b6f65e4676f5,404,0,0,477,,404 - Page Not Found,broken,,2026-06-22T12:55:06+00:00
f41dce27-6d5e-4232-aed8-4a23f02bf76d,200,1,1,372,Wix,Our Community,good,,2026-06-22T12:55:06+00:00
51af0bb3-59d1-4820-98e8-fc8fe81966c1,200,1,1,439,Weebly,Home | Gourmet Au Bay,good,,2026-06-22T12:55:07+00:00
c6262d84-4906-4d16-b35e-86c5b758e932,0,0,0,10008,,,broken,connection failed,2026-06-22T12:55:07+00:00
f347b46a-1ad5-4f30-917b-f8600b5c9bee,403,1,1,1955,WordPress,Realtor Aaron Pardo,broken,,2026-06-22T12:55:07+00:00
84129acf-120e-4a44-a110-543275c50183,0,0,0,13,,,broken,connection failed,2026-06-22T12:55:07+00:00
083d7d29-1a45-4f32-bb30-510178a2b5f1,200,1,1,272,WordPress,"Welcome to Inn At The Tides, Bodega Bay | Official Site",good,,2026-06-22T12:55:07+00:00
ebbd91c1-6f7c-458c-9f9d-01c2b7622bed,202,0,0,236,,,weak,,2026-06-22T12:55:07+00:00
b243b003-239f-448f-8a0d-30d9bb67eaa6,200,1,1,517,GoDaddy,"Youthful Glow by Anna - Esthetician in Santa Rosa, CA",good,,2026-06-22T12:55:07+00:00
2492a301-734e-45d9-8046-82a2aae2a72e,0,0,0,33,,,broken,connection failed,2026-06-22T12:55:07+00:00
d2b10573-d111-4595-b70f-bc8c334e0f43,200,1,1,1353,Joomla,"The Links at Bodega Harbour - Bodega Bay, CA",good,,2026-06-22T12:55:07+00:00
8db70d77-62fc-4a0a-809d-c0cd33a8b139,200,1,1,1845,Wix,Home | Oak Tree Lodge Senior Assisted Living,good,,2026-06-22T12:55:08+00:00
9f67074d-4ae8-4816-a443-da3dfc015396,0,0,0,15091,,,broken,timeout,2026-06-22T12:55:08+00:00
44409a3d-b95b-4792-bb7f-a80aa399a136,200,1,1,1963,WordPress,Home - wmss.org,good,,2026-06-22T12:55:08+00:00
740ce691-9712-45e2-be4f-860cf6a92c91,0,0,0,41,,,broken,connection failed,2026-06-22T12:55:08+00:00
5e1e65cd-aee8-4b2f-9ef3-5becc10fde04,200,1,1,714,WordPress,Professional Massage Therapist in Santa Rosa | Shelly Englert Massage,good,,2026-06-22T12:55:08+00:00
81a87f59-b6a2-4b7f-912f-9b9eb294ddc7,200,1,1,1208,,Angela Hinds @ Mood - Petaluma CA | Vagaro,good,,2026-06-22T12:55:08+00:00
4b34f501-8f41-4622-9379-5ed28a45d6a3,200,1,1,641,GoDaddy,Fuji Sushi,good,,2026-06-22T12:55:08+00:00
d7c32974-5d4c-4d0b-805b-dadc73ae5841,200,1,1,757,,Taste Asia: Food Tours with ShisoRestaurant,good,,2026-06-22T12:55:08+00:00
220a4efc-111a-41d8-a021-cef5e3583ad8,200,1,1,429,Squarespace,Faith Tattoo,good,,2026-06-22T12:55:08+00:00
4d4089e8-2cd1-403d-9929-c4fcd7774d71,0,0,0,40,,,broken,connection failed,2026-06-22T12:55:08+00:00
6600b968-8d94-4b92-bf48-9df4da593da7,200,1,1,792,,StyleSeat - Online Booking for Hair Stylists & Beauty Professionals,good,,2026-06-22T12:55:09+00:00
0ea93f5d-303a-4045-977d-0a69fecb5f6a,200,1,1,220,Webflow,"LA Fiesta, Mexican Restaurant, 1500 Monument Blvd",good,,2026-06-22T12:55:09+00:00
72e359c8-d083-40ee-b939-a780fa626444,200,1,1,955,Shopify,MAUI WHITENING Official Site: #1 Teeth Whitening Salon in U.S. &ndash; Maui Whitening Headquarters,good,,2026-06-22T12:55:09+00:00
d8c26f9b-5d22-4985-aace-48cf6bd39580,200,1,1,366,Wix,HOME | SEA Thai Bistro,good,,2026-06-22T12:55:09+00:00
b689008c-3a84-481d-845d-91378c7d24cd,200,1,1,329,Squarespace,Sonoma Wine Shop &amp; La Bodega,good,,2026-06-22T12:55:09+00:00
29b362d8-615f-44da-a0c4-93b6147b3c51,0,0,0,41,,,broken,connection failed,2026-06-22T12:55:09+00:00
dd722201-2257-4ba1-999c-cbd2c6b6c42c,200,1,1,475,Squarespace,ANIMALS IN MOTION,good,,2026-06-22T12:55:09+00:00
d04b4b60-830b-4c54-ae4f-690369fcdf53,200,1,1,418,Wix,Cotati Large Animal Hospital,good,,2026-06-22T12:55:09+00:00
eac22960-3792-4095-bf9b-7129576fe0a5,200,1,1,276,Squarespace,La Sirena Wine,good,,2026-06-22T12:55:09+00:00
aefeb737-974d-47e8-b39a-094f51844f0e,200,1,1,2587,WordPress,Life in Balance &#8211; Fitness and Massage,good,,2026-06-22T12:55:10+00:00
7939f244-3504-404e-9650-3928dc97d90b,200,1,0,1074,,Napa County Fair & Fireworks | Homepage,weak,,2026-06-22T12:55:10+00:00
ce7ef000-c375-4c41-a2df-06901fbea2db,200,0,0,231,,,weak,,2026-06-22T12:55:10+00:00
63b53a29-0b66-4ae9-b4c9-d1c5b641e7e2,200,1,1,937,,"Free First Exam in Santa Rosa, CA | VCA PetCare West Veterinary Hospital",good,,2026-06-22T12:55:10+00:00
ff9f51ef-1ebe-4723-b1d7-a07834600f4e,0,0,0,223,,,broken,connection failed,2026-06-22T12:55:10+00:00
c9620d52-ea92-4dcd-a8ef-e88c529b4ebe,200,1,1,2513,WordPress,Private Personal Training Studio Toronto - Studio Fitness,good,,2026-06-22T12:55:10+00:00
2feccc43-ac43-48f6-ae5b-36426ade92dd,0,0,0,15150,,,broken,connection failed,2026-06-22T12:55:10+00:00
b171b0cc-8a1f-488d-8c28-a6d0ecfed017,200,1,1,231,WordPress,Home - Barnett Vineyards,good,,2026-06-22T12:55:10+00:00
fab39500-44c2-4c58-87f6-b5bb54f984e2,200,0,0,114,,,weak,,2026-06-22T12:55:10+00:00
2f3b53d8-3dde-4d14-aca7-3cfde30e22f1,200,1,1,305,WordPress,Home - Averæn Wines,good,,2026-06-22T12:55:10+00:00
c2b1f0c8-fabe-467f-805d-f089e588c111,200,1,1,397,,E. & J. Gallo announces purchase of historic Sonoma County Winery | Gallo,good,,2026-06-22T12:55:10+00:00
fbee56b6-5851-418f-bcf7-5f0594cf127c,202,0,0,99,,,weak,,2026-06-22T12:55:10+00:00
97e28f89-ad86-40fc-9d4f-20cb1632d099,0,0,0,116,,,broken,connection failed,2026-06-22T12:55:10+00:00
43dedf26-8079-47e2-b370-9233cd66aa16,200,1,1,965,,Home,good,,2026-06-22T12:55:11+00:00
a6a6eaa4-4445-4ee0-8a6a-7d7575da295b,200,1,1,274,,Deloach Vineyards | Homepage,good,,2026-06-22T12:55:11+00:00
8f4c182c-8533-452d-8f1a-f07d183f4cf5,200,1,0,660,,,weak,,2026-06-22T12:55:11+00:00
f0a9c654-5d9b-4ebd-8e3c-dffe0cb794d0,200,1,1,867,WordPress,Charles Krug - An Iconic Napa Valley Winery | St. Helena CA,good,,2026-06-22T12:55:11+00:00
95d9377e-8a38-4acb-9f82-e6b8b9cfbc5f,200,1,0,511,,,weak,,2026-06-22T12:55:11+00:00
59610364-b5a2-4b0b-8378-9a8510e18a63,200,1,1,228,Squarespace,Figjam,good,,2026-06-22T12:55:11+00:00
efb070f1-37ef-40b1-a08d-816f649f4e97,200,1,1,909,Shopify,Aesthete Wines | Dry Stack Vineyard Estate Wines From Sonoma County &ndash; aesthete wines,good,,2026-06-22T12:55:12+00:00
127eae16-5540-44d9-b401-7883cd482f15,200,1,1,807,,Eifrig Cellars LLC - Homepage,good,,2026-06-22T12:55:12+00:00
42c471c7-fd72-4f9d-83ea-44d65a54822f,200,0,1,155,Squarespace,Gantz Family Vineyards,weak,,2026-06-22T12:55:12+00:00
71ce4cfc-2482-408d-9b2f-83ddb54b0d8c,200,1,1,364,WordPress,Home - Flora Springs,good,,2026-06-22T12:55:12+00:00
04bd31fb-d605-403a-81be-f596ff8c850b,0,0,0,115,,,broken,connection failed,2026-06-22T12:55:12+00:00
5432a4bd-339c-4749-9415-4959c1bbc49a,200,1,1,167,WordPress,Hamel - Sonoma Valley Wines,good,,2026-06-22T12:55:12+00:00
42d25d67-bb86-4a9d-9760-f3139938141e,200,1,1,2194,Wix,Ashton Vineyard,good,,2026-06-22T12:55:12+00:00
2cec58ec-3537-457b-91b6-acb8cd9f5ed6,200,1,1,309,WordPress,Home - Hanna Winery Inc,good,,2026-06-22T12:55:12+00:00
0a59ecee-1e94-4222-9565-3bce1c59f909,403,1,1,558,,Just a moment...,broken,,2026-06-22T12:55:12+00:00
9401e6e9-f88b-40e2-b571-93e4dfb99c9c,200,1,1,560,Squarespace,Jaffe Family Wines,good,,2026-06-22T12:55:12+00:00
1b77d329-bf08-4b8a-a6cc-ceb4f43da473,200,1,1,651,WordPress,Inman Family Wines - Family-Owned in the Russian River Valley - Inman Family Wines,good,,2026-06-22T12:55:13+00:00
04c86f36-cb59-478c-8ef6-9143ce04af81,202,0,0,220,,,weak,,2026-06-22T12:55:13+00:00
1d59fc5b-85be-426c-94cd-fc8b146c1eeb,0,0,0,39,,,broken,connection failed,2026-06-22T12:55:13+00:00
7f1d675e-f364-4e47-92c2-61e2526d7470,200,1,1,587,,L'Objet Wines,good,,2026-06-22T12:55:13+00:00
ea4ed77f-53e9-4569-95a7-7a3d2119e2f0,202,0,0,277,,,weak,,2026-06-22T12:55:13+00:00
220dddba-5dda-46b3-b4ed-327c48dd0556,200,1,1,3186,WordPress,Fat Dragon Wine,good,,2026-06-22T12:55:14+00:00
7f059fab-81c6-4a3b-8c22-0eb2f3dcb2d9,200,1,1,1920,,Kunde Family Winery,good,,2026-06-22T12:55:14+00:00
4c45cca8-474d-41a5-b14d-31681ec0e529,200,1,1,1059,,Home - Marston Family Vineyard,good,,2026-06-22T12:55:14+00:00
2ebca486-0877-48a4-90d8-a5604e073867,200,1,1,187,,Next Door Wine | Napa Valley Estate Vineyard,good,,2026-06-22T12:55:15+00:00
8beca750-5598-4b8c-a986-c814cee43edb,404,0,0,154,,,broken,,2026-06-22T12:55:15+00:00
ef9bbbce-0da6-4909-b55f-c5d58d0a7f28,200,1,1,340,WordPress,Home Page - PEJU Winery,good,,2026-06-22T12:55:15+00:00
86ade409-7ba3-4939-bab3-b45c2c86a954,200,1,1,267,GoDaddy,Home | Discover Premium Wines at Pope Valley Winery,good,,2026-06-22T12:55:15+00:00
97a625d0-a69e-49a5-a7cd-e0497a65bab1,200,1,1,1173,,Mounts Family Winery,good,,2026-06-22T12:55:15+00:00
ff1d4e30-4fbd-4e4f-8c6b-b170fcdaa720,404,1,1,498,Wix,,broken,,2026-06-22T12:55:16+00:00
151b04a0-090d-4f52-81c4-40f9e5d4bb82,200,1,1,569,Shopify,Experience Napa Valley Fine Wine &ndash; Robert Mondavi Winery,good,,2026-06-22T12:55:16+00:00
87a0a350-6c2e-4453-a94e-d9e434dfbbd4,0,0,0,15120,,,broken,connection failed,2026-06-22T12:55:16+00:00
8a263f03-5075-4681-9799-bbfb7c75cb7d,200,1,1,315,Squarespace,"Salvestrin - A Historic, Family-Owned Boutique Winery - St. Helena, Napa Valley",good,,2026-06-22T12:55:17+00:00
b65683eb-4b29-404d-af99-09f2cc38bc2c,0,0,0,4170,,,broken,connection failed,2026-06-22T12:55:17+00:00
e674001e-ae9d-4b5b-88c1-fb1beb6567b3,200,1,1,290,,Sang~Froid Vineyards | Home,good,,2026-06-22T12:55:17+00:00
96a24e36-4318-4086-8422-ae3ab8296a41,200,1,1,815,,Robert Young Winery | Scion House | Alexander Valley,good,,2026-06-22T12:55:17+00:00
be6a8140-a4de-4e60-8bcd-e2bef32c622f,200,1,1,236,,Welcome to Sherwin Family Vineyards Spring Mountain District ◆ Napa Valley,good,,2026-06-22T12:55:17+00:00
14ebfc13-8a50-460d-988e-dda387e07155,200,1,1,234,Webflow,Historic Napa Valley Winery – ​Spring Mountain Vineyard,good,,2026-06-22T12:55:18+00:00
91a21492-18ac-4cf2-9e0c-446b9da726bb,200,1,1,96,WordPress,"Red Wines, Sweet Wines &amp; White Wines | Sutter Home Family Vineyards",good,,2026-06-22T12:55:18+00:00
8a45e900-a827-48f9-b310-297b04315bef,200,1,1,539,Wix,Age Verification (Item) | DCFC,good,,2026-06-22T12:55:18+00:00
59059083-99eb-43ca-8cc3-f912c8e0b1df,200,1,1,2789,WordPress,Roald Wine,good,,2026-06-22T12:55:18+00:00
d75dff17-ab7b-4d4e-a164-8a0ca4bd3dac,202,1,0,431,,,weak,,2026-06-22T12:55:18+00:00
d68eef7e-8d55-45ac-a01b-48a7e4a36766,200,1,1,1443,WordPress,Home - Scribe Winery : Scribe Winery,good,,2026-06-22T12:55:18+00:00
81bafae9-4f34-4385-bebe-469fd402e4aa,200,1,1,891,WordPress,The Terraces - Estate Winery and Vineyard in Napa Valley,good,,2026-06-22T12:55:19+00:00
46f35070-0578-4e03-8007-66cc99a17896,200,1,1,200,WordPress,Trestle Glen Vineyards,good,,2026-06-22T12:55:19+00:00
6c33de9f-ca08-4cbc-ab71-9f0c6689104c,200,1,1,545,Shopify,Redefining Taste | The Prisoner Wine Company,good,,2026-06-22T12:55:19+00:00
fa2a5e97-32c9-423b-932a-214a27de809f,200,1,1,582,WordPress,Three Sticks - Sonoma’s Best Estate Pinot Noirs and Chardonnays,good,,2026-06-22T12:55:19+00:00
dad17e59-7ccb-4bad-9eaf-a94e4ef225be,200,1,1,118,Drupal,"Vérité Winery | Sonoma County, California",good,,2026-06-22T12:55:19+00:00
53638de2-4d4b-4d5d-bb27-5f9054b83be0,200,1,1,783,,Home | Thirty-Seven-Wines,good,,2026-06-22T12:55:19+00:00
6858b117-b950-4f4c-b4c3-7292366e6c92,200,1,1,333,GoDaddy,Home - Tyge William Cellars,good,,2026-06-22T12:55:19+00:00
f1206c13-81cd-482c-b36a-4115b3479109,0,0,0,10017,,,broken,connection failed,2026-06-22T12:55:19+00:00
34190433-8e9c-4829-b71c-92dea02c6d81,404,1,1,401,,Find local service providers and contractors on Yahoo Local.,broken,,2026-06-22T12:55:19+00:00
a38ac91a-79d4-4133-b6f4-d11a7fcb5bc4,200,1,1,406,Weebly,TESSA MANNING YOGA - Iyengar Yoga,good,,2026-06-22T12:55:19+00:00
d5007790-5dc0-472a-8776-e60c45883041,200,1,1,356,Squarespace,Pletkin.com,good,,2026-06-22T12:55:20+00:00
3a029d13-20e7-4fd0-b4ba-12f0b6fbc587,202,0,0,881,,,weak,,2026-06-22T12:55:20+00:00
327419cd-1788-4f48-8b9c-34d70828be23,403,1,1,30,,Just a moment...,broken,,2026-06-22T12:55:20+00:00
8e0a89f1-95dc-42d9-b7e5-2c1df7ec53b5,0,0,0,215,,,broken,connection failed,2026-06-22T12:55:20+00:00
34baa864-a21a-4284-934c-d0b529435f2d,403,0,1,946,,403 - Forbidden,broken,,2026-06-22T12:55:20+00:00
a9a60379-e94b-486a-89ee-a923dac82827,200,1,1,980,,YogaSix YogaSix Santa Rosa | Yoga Studio &amp; Class Schedule,good,,2026-06-22T12:55:20+00:00
ff50a6b1-3544-495d-884b-999a6730025e,200,0,1,604,WordPress,Shawn E Hall Designs | Hospitality Design and Management – Designing Timeless Interiors,weak,,2026-06-22T12:55:20+00:00
ef21aee7-4950-44e7-b0bc-fbbaae4470b0,0,0,0,10012,,,broken,connection failed,2026-06-22T12:55:20+00:00
3ccad797-1bb2-47cd-a724-34922a82f407,200,1,1,305,Squarespace,Klein Architecture + Design,good,,2026-06-22T12:55:20+00:00
5cd56238-bb48-4d39-abf0-f70f5051a3d4,0,0,0,45,,,broken,connection failed,2026-06-22T12:55:20+00:00
ac9c6580-1de2-4f14-8094-7a70e50be68f,0,0,0,15302,,,broken,connection failed,2026-06-22T12:55:20+00:00
69187cf9-f041-4e5b-95ec-f01fa8618409,403,0,1,94,WordPress,Error: Active domain connection for this domain not found,broken,,2026-06-22T12:55:20+00:00
f2382e43-b790-47e9-b04a-5c5c5cc44796,0,0,0,64,,,broken,connection failed,2026-06-22T12:55:20+00:00
ad163b67-1fda-480e-9f39-8cde15950749,200,0,1,6242,WordPress,Orentano Wines | Russian River Valley - R. Buoncristiani Vineyard,weak,,2026-06-22T12:55:21+00:00
310225e4-e53c-4dcd-a656-d424371e49a5,0,0,0,27,,,broken,connection failed,2026-06-22T12:55:21+00:00
a25e0c1c-ba97-4a4c-9528-72a7ef3f7d5a,200,1,1,399,GoDaddy,Platinum Salon | Santa Rosa Beauty Salon,good,,2026-06-22T12:55:21+00:00
548484ac-066e-4d61-8ce6-0343d489b9bb,200,1,1,564,WordPress,"The Racers Group high-performance racing, parts and service in the North Bay &#8211; Shift to a higher standard.",good,,2026-06-22T12:55:21+00:00
ad35f247-8e27-4341-85e0-e3d8def4d89c,0,0,0,110,,,broken,connection failed,2026-06-22T12:55:21+00:00
da55413b-fb67-46e7-bea1-775450f7acb6,200,1,1,495,Squarespace,"Best Barbershop in Novato | Haircuts, Shaves, and More &mdash; Authentic&#39;s Barber Shop | Petaluma",good,,2026-06-22T12:55:21+00:00
c7186235-7234-4856-8f49-04c87f3633cc,0,0,0,69,,,broken,connection failed,2026-06-22T12:55:21+00:00
54681dd6-6714-4082-8f40-54699ad6e966,200,0,1,119,Squarespace,Ava Lane Hairdressing,weak,,2026-06-22T12:55:21+00:00
6c2cf74b-7a4e-4bf1-ba56-2129cc087eb3,0,0,0,37,,,broken,connection failed,2026-06-22T12:55:21+00:00
a9512b72-e74a-4156-b53a-051787e88ee3,409,0,1,131,,DNS resolution error | jenmorenobeauty.com | Cloudflare,broken,,2026-06-22T12:55:21+00:00
daab62e9-c037-4b27-b383-ddf9a7a14d55,200,1,1,1031,WordPress,Custom Performance Dyno Tuning In Rohnert Park - Dynotuning | Automotive Performance,good,,2026-06-22T12:55:21+00:00
f585d19b-5a44-4f36-bbe4-d20f18900925,200,1,1,1219,Weebly,,good,,2026-06-22T12:55:22+00:00
9a820181-65b7-415b-ba38-aaec544a29bb,200,1,1,871,Shopify,Tangles Salon in Wichita Falls &ndash; Professional Salon Services,good,,2026-06-22T12:55:22+00:00
e4f8cc88-682b-451e-bcc9-1a2bbc6ecddd,200,1,1,1142,Wix,Botox | Dani Streb Rn | California,good,,2026-06-22T12:55:22+00:00
e7d07830-8940-465a-b08d-69536d3f1094,200,1,1,379,,Home,good,,2026-06-22T12:55:22+00:00
b828b2db-ed4d-42b9-80af-5bd12f28b5fa,200,1,1,1376,Weebly,Home | Anita Sophia Albini,good,,2026-06-22T12:55:22+00:00
5745f7d3-5028-430f-a218-dc149c056a94,0,0,0,131,,,broken,connection failed,2026-06-22T12:55:22+00:00
8638d1c1-bc7c-4b6c-92ca-7067df423687,200,1,1,861,,Welcome to Calistoga Coffee Company,good,,2026-06-22T12:55:22+00:00
9fde40e0-c514-4acd-afc3-a0b6b8a07adb,200,1,1,363,GoDaddy,MTG Designs | Quality that suits your style of living,good,,2026-06-22T12:55:22+00:00
301c0bf6-dfec-4733-9249-2fd216713b14,200,1,1,1668,,Blush & Glo Salon and Spa- Christine Azevedo - Sebastopol CA | Vagaro,good,,2026-06-22T12:55:23+00:00
292f46ff-1136-48fa-a75c-d3b2dd021a14,0,0,0,204,,,broken,connection failed,2026-06-22T12:55:23+00:00
3da35ab6-676a-4dc5-b157-42de9fa63b9f,200,1,1,187,Webflow,"Landmark Builders, Builder, 42 Digital Dr Ste 11",good,,2026-06-22T12:55:23+00:00
6969fa92-d109-4d13-9d71-eadfe9456cc0,200,1,1,517,Shopify,Made In America Festival Outfits | Warrior Within Designs,good,,2026-06-22T12:55:23+00:00
5cf95108-d40f-40c3-8c37-91ccddfcc5b0,200,1,1,620,Wix,"Stitched Designs | Custom apparel | Middletown, CA, USA",good,,2026-06-22T12:55:23+00:00
48238c05-11e6-4f04-83f2-edc37dec1223,0,0,0,13,,,broken,connection failed,2026-06-22T12:55:23+00:00
266f67d0-884a-4c1e-8eba-25cfdd6e36c8,200,1,1,577,,Covoya Coffee | Wholesale Green Coffee Importers Covoya Coffee,good,,2026-06-22T12:55:23+00:00
d7dc84b6-f2ad-4de8-b42d-5fa6263f67d0,200,1,1,372,,Google Maps,good,,2026-06-22T12:55:23+00:00
de6d3a5e-4703-4dce-92d8-a474dedcc8f1,200,1,1,230,GoDaddy,Home - A &amp; C Noma Construction,good,,2026-06-22T12:55:23+00:00
fa41a3bf-c197-445f-9431-8e5743a83082,0,0,0,62,,,broken,connection failed,2026-06-22T12:55:23+00:00
e49e3d4e-18b8-433f-8939-cfef57375c70,0,0,0,15144,,,broken,connection failed,2026-06-22T12:55:23+00:00
2573e37a-7349-43f1-a291-e4b4a0c4d530,0,0,0,20332,,,broken,connection failed,2026-06-22T12:55:24+00:00
a223be9a-8f71-43a4-a2a0-b0219287c8ce,200,1,1,465,WordPress,Plumbing Services &amp; Maintenance Idaho Falls ID,good,,2026-06-22T12:55:24+00:00
db6116e0-373c-40a7-a068-f65eab112927,200,1,1,274,Webflow,Homebound | Tech-Enabled Personalized Homebuilder,good,,2026-06-22T12:55:24+00:00
0e4a1b89-d50d-4681-afb7-3e4bc78117ae,200,1,1,322,Squarespace,GMH Builders - Building for Life,good,,2026-06-22T12:55:24+00:00
130245e6-772f-49c4-a98b-593966ca9fcc,503,1,0,607,,503 Service Unavailable,broken,,2026-06-22T12:55:24+00:00
7a63047b-1163-45d2-8bfc-ff88754ded26,200,0,1,2672,,世界杯官方入口 - 世界杯(中国),weak,,2026-06-22T12:55:24+00:00
22800865-f375-4bfa-a2d6-c012ebd085af,0,0,0,121,,,broken,connection failed,2026-06-22T12:55:24+00:00
3afdfe22-e2e6-4cd3-90ca-3a7aee9b0418,200,0,1,265,,Account Suspended,weak,,2026-06-22T12:55:24+00:00
70ff6915-05f9-4e8c-a5ef-f9f2a1eace7a,200,1,1,305,Squarespace,"Solar Panel &amp; Battery Installer | Taylor Energy | Sonoma County, CA",good,,2026-06-22T12:55:24+00:00
7990e05a-46c9-47db-b71c-047daa464f99,200,1,1,467,,Home - Airhorn Painting,good,,2026-06-22T12:55:24+00:00
b5073849-5f74-452e-a5fa-6c4f2bfd9c73,200,0,0,302,,"Home, ceiling contractors, suspended ceilings, drop ceilings, wall panels, sound panels, Sebastopol, CA",weak,,2026-06-22T12:55:24+00:00
b8798333-423e-4dfb-9c2b-85d6f67d98c1,0,0,0,107,,,broken,connection failed,2026-06-22T12:55:24+00:00
a2398c21-852d-4533-b8b4-a0aff53cc280,200,1,1,286,Squarespace,"New Home Builders in Santa Rosa, CA - Wine Country Custom Homes",good,,2026-06-22T12:55:24+00:00
86cbf171-a8ae-4cfb-93f4-005c35fca341,200,1,1,1945,WordPress,"The Posture Lab - Santa Rosa, United States, Personal Trainer | Trainerize.me",good,,2026-06-22T12:55:24+00:00
850ec1e3-0709-428e-8927-a2fe81ba437d,409,0,1,220,,DNS resolution error | wwww.lawangelle.com | Cloudflare,broken,,2026-06-22T12:55:24+00:00
b6cc1c4e-1694-49c4-adcf-d9a3f2c2d9bb,200,1,1,225,Squarespace,Owl &amp; Crow Farm School,good,,2026-06-22T12:55:24+00:00
7a6fe1b3-747f-4d68-bd23-5f4790ce75a2,200,1,1,121,WordPress,Home | The Art of Aesthetics High-End Cosmetic &amp; Implant Dental Laboratory,good,,2026-06-22T12:55:24+00:00
1e71b0fb-c7b4-415e-a170-865de3fe305b,404,1,1,643,WordPress,Page not found - Wide Open Concrete Pumping,broken,,2026-06-22T12:55:24+00:00
bacef2d9-70c1-4020-9cf6-a684367cf946,200,1,1,281,Webflow,"Dentist in Santa Rosa, CA | Santa Rosa Dental Suite",good,,2026-06-22T12:55:24+00:00
0f300eb3-adf0-42a2-ac3d-78865865d7a2,200,1,1,663,,"Unique Painting Services | Residential &amp; Commercial Painting – Marin, Sonoma, Napa, Contra Costa",good,,2026-06-22T12:55:24+00:00
2377fadb-5c73-455f-9a6d-7c13a4fcad02,200,0,1,1392,WordPress,"All Truss, Inc.",weak,,2026-06-22T12:55:24+00:00
3386c925-d3b5-4413-850b-9c11ac3a4c49,200,1,1,257,Squarespace,NorthBay Family Law | Family Law Experts in Sonoma County,good,,2026-06-22T12:55:25+00:00
67504adb-4028-4434-889a-e466c327d764,0,0,0,61,,,broken,connection failed,2026-06-22T12:55:25+00:00
02850e3c-e7b5-4ad2-bdb5-ccc96660aae8,403,1,1,85,,Just a moment...,broken,,2026-06-22T12:55:25+00:00
fa93a8cf-e4f9-4850-9f14-97fdef1c33bb,200,0,1,230,,Home - Canine Constitutional,weak,,2026-06-22T12:55:25+00:00
c8424d25-f9d1-4e88-88b8-c5362870b115,200,1,0,397,,PATRICK CANINE TRAINING AND BOARDING,weak,,2026-06-22T12:55:25+00:00
d12376d7-7bcb-4a8e-b7f1-5835274c30c7,200,1,1,635,WordPress,Petaluma‎ Family Law Attorney | Jill White Law and Mediation PC,good,,2026-06-22T12:55:25+00:00
f4f381d9-36a2-4a23-90c5-dab9d2d3b6de,200,1,1,570,WordPress,"Expert Witness, Trial Attorney, Civil Litigation Consultant, Family Law",good,,2026-06-22T12:55:25+00:00
9ddcc387-a5ac-4e09-93be-12a92effa8de,200,0,0,108,,,weak,,2026-06-22T12:55:25+00:00
4e124ff0-0b65-408d-8bde-c5ec061b26a0,200,1,1,331,,Paytronix,good,,2026-06-22T12:55:25+00:00
f76f6bf6-4c4e-48a8-8170-2b81e80e4742,200,1,0,568,,,weak,,2026-06-22T12:55:25+00:00
e6902366-3fe0-4fd7-b831-5e6116d33261,200,1,1,227,WordPress,The Barrel Cellar &#8211; &quot;A toast to the finer things in life.&quot;,good,,2026-06-22T12:55:25+00:00
64b73fe2-c12d-4851-9326-40566e82f520,200,1,1,402,Squarespace,Resilient Body 2025,good,,2026-06-22T12:55:25+00:00
476f8642-4498-4556-9d4c-13888550e212,0,0,0,216,,,broken,connection failed,2026-06-22T12:55:25+00:00
c5497360-4642-4032-a39c-06e30fa6ce6b,0,0,0,88,,,broken,connection failed,2026-06-22T12:55:25+00:00
407cd34d-6ef0-4f34-894a-18ee8be7ad18,0,0,0,78,,,broken,connection failed,2026-06-22T12:55:25+00:00
894b3e57-b70d-4156-82e9-6124b84c84aa,200,1,1,349,GoDaddy,Order Flowers Online | Local Florist Delivery,good,,2026-06-22T12:55:25+00:00
a783f782-d752-44e5-a540-74face9d15c9,404,1,0,200,,Error 404 (Not Found)!!1,broken,,2026-06-22T12:55:25+00:00
c098a756-90e6-4140-973c-61352b64d175,200,1,1,485,,Ribbon & Twine | Flowers for Weddings-Events-Local Delivery,good,,2026-06-22T12:55:25+00:00
22942552-5b78-449f-95be-eb5ee9080817,200,1,1,473,Squarespace,HOPEBUILT,good,,2026-06-22T12:55:25+00:00
7f92cb54-67aa-45ee-81b4-45ad99558351,200,1,1,486,GoDaddy,Wood Restoration &amp; Refinishing,good,,2026-06-22T12:55:25+00:00
c43fad9f-639e-4e02-8f4b-76b3758682e3,0,0,0,99,,,broken,connection failed,2026-06-22T12:55:26+00:00
dd2fa566-c07e-4ec2-9855-571288642b76,200,1,1,1378,WordPress,Enology V2 - 3 Badge Corporate Site,good,,2026-06-22T12:55:26+00:00
b8487e53-a076-4423-9509-54b9a6bdc4a5,403,1,1,81,,Just a moment...,broken,,2026-06-22T12:55:26+00:00
ad1260af-ff33-4539-ba54-c07f8941d413,0,0,0,125,,,broken,connection failed,2026-06-22T12:55:26+00:00
d9e60534-ca03-424e-9821-f7b4ddd37ef0,404,0,1,284,,404 Not Found,broken,,2026-06-22T12:55:26+00:00
832f59a4-b6d0-42e6-8d84-742d786129a6,200,1,1,306,Wix,"Angela Rose Artistry | Hairstylist | 925 Sherman Avenue, Novato, CA, USA",good,,2026-06-22T12:55:26+00:00
ca190e96-f0cb-4a42-9e87-f3ac3ceb2cb6,200,1,1,178,GoDaddy,Clear Light Window Washing &#8211; Residential &amp; Commercial Window Washing and MORE!,good,,2026-06-22T12:55:26+00:00
a5666f60-45f6-4649-9c4e-029503360ea2,402,1,1,513,Shopify,Store unavailable,broken,,2026-06-22T12:55:26+00:00
a4104515-4319-49ee-8f3f-ac3ee1bc139f,200,1,1,538,,"Style District Salon | Hair Salon in Healdsburg, CA",good,,2026-06-22T12:55:26+00:00
3ba552f0-b00a-4b2d-9ec2-5458da432f15,200,1,1,1537,Wix,Wine Country Rabbi-Steve Finley Sonoma rabbi Napa rabbi Jewish wedding,good,,2026-06-22T12:55:26+00:00
8363b670-8708-40e9-8cf6-69b04c682d37,404,1,1,306,Wix,404 Error: Page Not Found | Wix.com,broken,,2026-06-22T12:55:26+00:00
a0dd96ef-3e8a-4f76-85a4-5f1da6d29203,202,0,0,128,,,weak,,2026-06-22T12:55:26+00:00
fc9bca6d-5cb3-41e2-81ec-f341d0538971,200,1,1,116,WordPress,"Lucky Bend Lookout, a mid-century modern and kid-friendly vacation rental with a dock on the Russian River in Guerneville, Sonoma County, California.",good,,2026-06-22T12:55:26+00:00
e208125b-75d3-4c94-9c49-df10ad756fe3,200,1,1,6030,WordPress,Hamilton&#039;s Automotive,weak,,2026-06-22T12:55:26+00:00
1c2c2cfd-5c53-4e80-bdfd-0a8230ca07e0,200,1,1,190,,InterContinental Adelaide | Luxury Hotel South Australia,good,,2026-06-22T12:55:26+00:00
2f9e830b-ec5a-40d3-83a9-d190f0e58429,200,1,1,1033,WordPress,Home - Golf with Jessica,good,,2026-06-22T12:55:26+00:00
3d334377-cbaa-4420-b5bf-261e08c10194,0,0,0,110,,,broken,connection failed,2026-06-22T12:55:26+00:00
2472186f-360a-4f9d-84bf-104a424664da,0,0,0,150,,,broken,connection failed,2026-06-22T12:55:26+00:00
bba6e6ac-1d76-41b8-929e-92356572ed64,0,0,0,109,,,broken,connection failed,2026-06-22T12:55:26+00:00
02a9e12f-9cb8-469f-8907-5261b50abe41,200,1,1,282,Squarespace,Coming Soon,good,,2026-06-22T12:55:27+00:00
7822c770-2310-47ee-88e0-3a81e47feebd,200,1,1,1036,WordPress,Window Cleaning Santa Rosa CA | Jensen Window Cleaning,good,,2026-06-22T12:55:27+00:00
88221f74-46b7-4964-8dc7-b47065ebc99f,200,1,1,437,GoDaddy,Interior Plant Leasing Services | California Living Interiors,good,,2026-06-22T12:55:27+00:00
2c7707c6-de12-451f-8f56-9ecc5d0ba841,200,1,1,1078,,"Unwind in your serene redwood retreat with hot tub - Cabins for Rent in Monte Rio, California, United States - Airbnb",good,,2026-06-22T12:55:27+00:00
0b0a85c0-0842-42d7-9142-f55652a7b629,200,1,1,218,Squarespace,"SUSY McBRIDE DESIGN | Elevated Interior Design in Santa Rosa &amp; Sonoma County, CA",good,,2026-06-22T12:55:27+00:00
a5f3a12d-dd94-4d9e-b9dc-baea76674216,0,0,0,46,,,broken,connection failed,2026-06-22T12:55:27+00:00
9d73c090-83fe-4299-bb9f-535c7a1e2783,200,1,1,553,GoDaddy,Our Services,good,,2026-06-22T12:55:27+00:00
22ab6fa4-56b3-4edb-bd6d-994c0bf07069,200,1,1,1295,,"Casa Contenta - Meadow home with private hot tub on the golf course | 2 Bed Sea Ranch, CA House | Vacasa",good,,2026-06-22T12:55:27+00:00
63b71ea7-4470-4db7-9a21-afbe48436408,0,0,0,140,,,broken,connection failed,2026-06-22T12:55:27+00:00
f4651846-b157-416e-9e31-f7905ac2d96b,200,0,0,981,,,weak,,2026-06-22T12:55:27+00:00
bf350f1f-7272-4aa3-a90c-64d3b202f44b,0,0,0,150,,,broken,connection failed,2026-06-22T12:55:27+00:00
4f84720f-1fe8-40c6-ae89-57173b6c4a1d,200,1,1,833,WordPress,Home - Eikos Kitchen and Bath Design,good,,2026-06-22T12:55:27+00:00
0403eae3-5e66-47e7-9880-1982a3be2757,200,1,1,2401,WordPress,Home - spellcraftcurator.com,good,,2026-06-22T12:55:27+00:00
7dbfdc72-c424-4030-9ff3-56dc97b79b1d,200,1,1,167,WordPress,Rodman &amp; Associates | Sonoma County Litigation Firm,good,,2026-06-22T12:55:27+00:00
8bc46efc-3f96-4350-a56a-963068c5389f,0,0,0,25,,,broken,"ssl: HTTPSConnectionPool(host='www.judithgolemanmft.wordpress.com', port=443): Max retries exceeded with ",2026-06-22T12:55:27+00:00
f72377d6-98ac-472a-a11e-8ebb6527c6a1,0,0,0,15435,,,broken,connection failed,2026-06-22T12:55:27+00:00
ba31eeee-2b43-4658-9ad8-5b31d9963624,200,1,1,591,,Italian Kitchen - Amaro,good,,2026-06-22T12:55:27+00:00
4dcf5029-04f1-4b0d-a568-40ae67166616,200,0,0,198,,,weak,,2026-06-22T12:55:28+00:00
21790326-d91d-4f44-b8f6-34d324a95d74,200,1,1,1387,WordPress,"Santa Beach House | The Cool Hostel in Santa Cruz, Portugal",good,,2026-06-22T12:55:28+00:00
2c81c39f-79bd-43a1-aea9-57c6d1b1f76c,0,0,0,116,,,broken,connection failed,2026-06-22T12:55:28+00:00
28c84b29-c4ae-435e-9585-c418e6dbed0c,404,1,0,337,Squarespace,Squarespace - Website Expired,broken,,2026-06-22T12:55:28+00:00
3a9a8ad2-dd42-4cb9-9cd7-192e8d2a4a1e,403,0,0,647,,,broken,,2026-06-22T12:55:28+00:00
74a79811-f2d4-40cb-82b1-cd61d3fce36c,200,1,1,733,Wix,Law Office of Sheri Chlebowski | Family,good,,2026-06-22T12:55:28+00:00
57b26b3b-c624-439d-9df6-8ff302f8ae85,200,1,1,453,Squarespace,Renew Science Med Spa | Botox Med Spa in Santa Rosa,good,,2026-06-22T12:55:28+00:00
e7eec312-5303-46a2-951c-e5dd99761108,200,1,1,390,Weebly,Hilliard Comstock Middle School - Blog,good,,2026-06-22T12:55:28+00:00
9368f408-24aa-446b-9895-8f6f8b6df9cb,200,1,1,747,WordPress,Life in Balance &#8211; Fitness and Massage,good,,2026-06-22T12:55:28+00:00
2f916a55-5050-4356-bd83-5b2589d0e80c,0,0,0,58,,,broken,"ssl: HTTPSConnectionPool(host='advisor.kind-lending.com', port=443): Max retries exceeded with url: /kell",2026-06-22T12:55:28+00:00
ca9d8c01-0043-4323-b5c9-9aaf4c56c953,200,0,1,947,WordPress,"Jin Shin Jyutsu - Jane Pritchard, Santa Rosa, California",weak,,2026-06-22T12:55:28+00:00
7a161d9a-e611-406b-b08d-7fa677347679,200,1,0,188,,Consumer Access - Browser Warning,weak,,2026-06-22T12:55:28+00:00
4820e4dd-67c8-4012-95bd-01d0cad1b484,200,1,1,1042,WordPress,Deborah Myers Wellness Acupressure &amp; Jin Shin Jyutsu,good,,2026-06-22T12:55:29+00:00
98d06f67-b677-4002-95bf-ca855d459149,200,1,0,148,,Consumer Access - Browser Warning,weak,,2026-06-22T12:55:29+00:00
8057fd27-3f9e-4d4b-bbec-3a3ec97389b1,0,0,0,113,,,broken,connection failed,2026-06-22T12:55:29+00:00
237df923-2f41-4db8-a47e-7cc84e8bceb1,0,0,0,108,,,broken,connection failed,2026-06-22T12:55:29+00:00
01b7a088-df2f-4e89-bab3-9cff69af7c64,0,0,0,106,,,broken,connection failed,2026-06-22T12:55:29+00:00
2a191132-70f8-40f4-bc1a-213bd3565dd3,200,0,0,249,,The Whole Pet,weak,,2026-06-22T12:55:29+00:00
10743c3f-7d70-4062-9018-349291a4b8c6,0,0,0,39,,,broken,connection failed,2026-06-22T12:55:29+00:00
16b0ced6-2af8-4c2e-9b65-d90a15aafb24,0,0,0,32,,,broken,connection failed,2026-06-22T12:55:29+00:00
75ea19d3-5048-466b-9d68-7b2d81241830,200,1,1,360,Squarespace,Morgan Caplane Equestrian,good,,2026-06-22T12:55:29+00:00
a20ae39f-ca40-490c-b74c-ab2ca2c41b6e,200,1,1,101,Squarespace,Pivotal Pelvis — Bio Sites,good,,2026-06-22T12:55:29+00:00
4a5cffde-7fe4-4ec3-bd41-2c2d116ae09b,200,1,1,736,WordPress,Novato Mortgage Broker | Clear2Close Brokers,good,,2026-06-22T12:55:29+00:00
1230e8dd-4d03-487b-8b63-68b369a0ed6c,0,0,0,110,,,broken,connection failed,2026-06-22T12:55:29+00:00
a9852168-fa21-43ca-ab5b-af27b413d0ff,200,1,1,1835,Wix,"Buck Haven Massage and Wellness | Buck Haven | 5430 Volkerts Road, Sebastopol, CA, USA",good,,2026-06-22T12:55:29+00:00
cf7c6ecf-e69d-488c-87e1-5ec45681d243,200,1,1,1385,WordPress,"Michael Cadet - Petaluma, CA Mortgage Loan Officer | CrossCountry Mortgage",good,,2026-06-22T12:55:29+00:00
4e556692-1333-49a4-a52a-23da8dcca4da,200,1,1,157,Webflow,"Pengrove Pub, Cocktail Lounge, 10005 Main",good,,2026-06-22T12:55:29+00:00
9ffe793d-67df-4ea1-844f-c8f6166976c6,200,1,1,2280,WordPress,Santa Rosa Defamation Lawyer &#8211; Libel Slander Attorney CA,good,,2026-06-22T12:55:29+00:00
fe794d82-e5c9-4c91-b864-fccc1ad81ab5,403,0,0,156,,Access Denied,broken,,2026-06-22T12:55:29+00:00
a8acc353-269a-4b24-89d3-2b586da64809,200,1,1,405,Squarespace,The Reform Room,good,,2026-06-22T12:55:29+00:00
a5a9d856-6c4a-40d0-8c86-a1dc33121eea,200,1,1,367,,Plumbing/Gas Services | Heating/Cooling Systems | HVAC | Santa Rosa,good,,2026-06-22T12:55:30+00:00
5fe051b5-4af9-42e0-9e83-fbc07f4d942e,403,1,1,244,,Just a moment...,broken,,2026-06-22T12:55:30+00:00
90cb5049-5905-4977-8ca6-46445d57214b,403,1,1,423,,Just a moment...,broken,,2026-06-22T12:55:30+00:00
62c1ccd3-ef1f-4a19-8c27-3c09d526d898,200,1,1,410,,Alyssa Parker | Santa Rosa Expert Real Estate Agent,good,,2026-06-22T12:55:30+00:00
e903f3fe-ca6f-4510-bb6e-9bb1172c3095,200,1,1,1824,WordPress,"Deborah Granelli - Petaluma, CA Mortgage Loan Officer | CrossCountry Mortgage",good,,2026-06-22T12:55:30+00:00
aea60111-d0cd-47b0-8046-a4a1c8941ba6,200,1,0,696,WordPress,Broker Blog | A discussion about the real estate business in Wine Country and elsewhere.,weak,,2026-06-22T12:55:30+00:00
94152ce3-868a-4c14-9d5d-f172f2382635,405,1,1,241,,Human Verification,broken,,2026-06-22T12:55:30+00:00
929ca35c-f415-49fa-877c-2aa54a000537,200,1,1,284,Squarespace,"Brendan Coen, Residential Sonoma County Real Estate",good,,2026-06-22T12:55:30+00:00
860d6b7c-a10e-44bf-acc5-d1b6e26bf63c,200,1,1,598,,Andersen Real Estate | Brad Andersen,good,,2026-06-22T12:55:30+00:00
62eb3cb9-9a4b-4f86-8dc8-6ba2763f7a15,200,1,1,2175,WordPress,"Steven Peritore - Petaluma, CA Mortgage Loan Officer | CrossCountry Mortgage",good,,2026-06-22T12:55:31+00:00
d1a25b34-85fa-40df-ae61-64acf7dd824e,0,0,0,115,,,broken,connection failed,2026-06-22T12:55:31+00:00
6c8b5d97-0e4a-49cd-88eb-ff75517939e4,200,1,1,1356,WordPress,Adrian Roach,good,,2026-06-22T12:55:31+00:00
900d2747-a88e-429d-b4ce-851460816a6b,0,0,0,615,,,broken,"ssl: HTTPSConnectionPool(host='www.agentadams.com', port=443): Max retries exceeded with url: / (Caused b",2026-06-22T12:55:31+00:00
65c203f5-402c-4a76-bf39-f6dceb67cc37,404,0,1,870,,Site inactive,broken,,2026-06-22T12:55:31+00:00
f767f11d-a576-4068-bca8-c3e74f636c0d,200,1,1,432,,Napa & Sonoma Real Estate | CB Brokers of the Valley,good,,2026-06-22T12:55:31+00:00
9ba4d0bd-a36b-4f4c-88b7-babd4f5e17b2,200,1,1,912,,Nicole Marzo | Compass Petaluma,good,,2026-06-22T12:55:31+00:00
d8393a1b-0597-4f54-8287-9ad0609d5320,0,0,0,109,,,broken,connection failed,2026-06-22T12:55:31+00:00
9881a5be-35bb-4afb-8c4c-39f3c7cecf1b,404,1,1,469,,404 Page Not Found | Vanguard Properties,broken,,2026-06-22T12:55:31+00:00
7467651b-8266-465a-a697-49933f6f58a0,0,0,0,109,,,broken,connection failed,2026-06-22T12:55:31+00:00
33c174de-f79b-4379-85d5-6225061fe366,200,1,1,1040,WordPress,David Nielsen,good,,2026-06-22T12:55:32+00:00
e19e511a-6db8-4985-9822-ab17900596d9,200,1,1,1188,WordPress,Home - Douglas Hecker,good,,2026-06-22T12:55:33+00:00
56a5ac14-3f6f-4c70-9682-eba33699a73d,200,1,1,1491,,Drysdale Properties Santa Rosa | Berkshire Hathaway HomeServices,good,,2026-06-22T12:55:33+00:00
4271fba7-28e1-4c26-acf8-edbe9283575f,200,0,1,192,,Under Construction,weak,,2026-06-22T12:55:33+00:00
5970b138-7c97-4339-9de5-6c4a3f747787,202,1,0,3010,,,weak,,2026-06-22T12:55:33+00:00
21fa7922-dd16-4a1b-9023-534717738b6c,200,1,1,3662,WordPress,Luxe Places | Luxury Properties | Luxury Homes | Mansions For Sale Worldwide - Luxe Places International Realty,good,,2026-06-22T12:55:33+00:00
e61379ae-a552-4ead-91a5-6dd3429367ce,200,0,0,2270,,,weak,,2026-06-22T12:55:33+00:00
f53ae0d4-cc37-454a-8c35-a0f8e8ddcc15,403,1,0,546,,ERROR: The request could not be satisfied,broken,,2026-06-22T12:55:33+00:00
0a3728be-5a00-44a5-bbb4-d558bdc7b403,200,1,1,382,,mykbproperties.com,good,,2026-06-22T12:55:33+00:00
83f86424-e41a-4855-8cd0-68ad1e804c9b,200,1,1,194,,Branden Connors Real Estate,good,,2026-06-22T12:55:34+00:00
b9aef0e5-ca39-484c-93bd-fbadebe80045,200,1,1,1034,,Engel &amp; Völkers Americas: Global Recognition. Local Expertise.,good,,2026-06-22T12:55:34+00:00
b75dbdae-7d13-42cd-be6d-633a93348483,200,1,1,2323,,Donna Brion - Real Estate Agent - Coldwell Banker,good,,2026-06-22T12:55:34+00:00
a06a07d4-cdda-48a2-a2fb-9b12d506da6e,403,1,1,1621,WordPress,Work With the Top Santa Rosa Realtor Today | Eddie Stevens,broken,,2026-06-22T12:55:34+00:00
b971dcb9-b99c-49c9-893c-b9102b6387c3,200,0,0,235,,,weak,,2026-06-22T12:55:34+00:00
e6258b2c-2ec9-4f08-8152-2f0d246e6f28,0,0,0,14,,,broken,connection failed,2026-06-22T12:55:34+00:00
83eb3dd0-cf06-4163-9658-fe955904d631,200,1,1,426,,Henry Hautau | Novato Real Estate Agent,good,,2026-06-22T12:55:34+00:00
d0262f05-f99a-4700-90be-e27768146a1a,200,1,0,712,Weebly,Helena's Wine Country Houses - Home,weak,,2026-06-22T12:55:34+00:00
b8cfcbf6-05f4-4354-8eeb-6f4d15fff58d,200,1,1,953,WordPress,Gina Fisicaro,good,,2026-06-22T12:55:34+00:00
fb7cec99-daa8-4462-a765-c4b7d5114f98,200,1,1,147,,Sebastopol Real Estate Agents | Jennifer Klein Real Estate,good,,2026-06-22T12:55:34+00:00
a85d761a-678b-4419-9a86-d8cb8a76b488,0,0,0,15743,,,broken,connection failed,2026-06-22T12:55:35+00:00
ea458527-5323-4bb0-bf89-8048f6bd40a9,200,1,1,705,WordPress,The Pinnacle Group ~ Powered by ReMax Gold,good,,2026-06-22T12:55:35+00:00
e8b06ec6-ae2c-4030-aed8-de55c254f422,200,1,1,1853,WordPress,Jaeden Wilson,good,,2026-06-22T12:55:36+00:00
b5492866-c6bb-4849-97ff-60ecea37340c,200,1,1,2856,,Tana Stoufer,good,,2026-06-22T12:55:36+00:00
893f9f06-1369-4aa4-adff-64e319f8ead9,200,1,1,599,,John C. Reid – Best Real Estate Agent in Petaluma / Napa / Sonoma / Santa Rosa / Healdsburg / #1 Luxury Realtor | Tim Allen Properties,good,,2026-06-22T12:55:36+00:00
600ce707-d4d8-4c41-9594-b1b3a1cb3bfe,200,1,1,691,WordPress,Jim Shroyer,good,,2026-06-22T12:55:36+00:00
045a6b87-b273-4c0e-b1e7-f69377b3205c,200,1,1,303,GoDaddy,John Hess Real Estate - Real Estate Agent in Santa Rosa,good,,2026-06-22T12:55:36+00:00
ec99ede0-76aa-4a28-bfcf-70fce8833ed1,0,0,0,113,,,broken,connection failed,2026-06-22T12:55:36+00:00
0e706fe2-c829-4da6-874b-392bc3623572,200,1,1,365,,Forestville Luxury Real Estate Agent â Kandi Cogliandro,good,,2026-06-22T12:55:36+00:00
d0715354-c422-4835-bf81-1427e528754f,0,0,0,117,,,broken,connection failed,2026-06-22T12:55:36+00:00
e5ecbe98-e612-42d8-8cf9-51a0c6884acc,200,1,1,299,,Keith R. White | California Real Estate Agent,good,,2026-06-22T12:55:36+00:00
00b98a66-60da-4bae-b619-945dc3fe4886,0,0,0,48,,,broken,connection failed,2026-06-22T12:55:37+00:00
25a212f7-6d6a-4b4f-9885-0bade1944e32,403,1,1,155,,Just a moment...,broken,,2026-06-22T12:55:37+00:00
34886d32-b379-4c3c-a722-cbf46959eefc,200,1,1,531,,"Katie Wigington, Real Estate Agent - Compass",good,,2026-06-22T12:55:37+00:00
abd89718-2385-4cf2-b50e-cecd29bf67b9,0,0,0,45207,,,broken,connection failed,2026-06-22T12:55:37+00:00
31c48cc3-6573-47c0-acb8-f1179a6bec85,200,1,1,1047,,Santa Rosa CA Real Estate & Homes for Sale | Luxe Places International Realty-Santa Rosa,good,,2026-06-22T12:55:37+00:00
fbab84fe-5188-44d8-afbb-ccc89258c92f,200,1,1,300,WordPress,Lauren Thompson | Santa Rosa &amp; Sonoma County REALTOR® | Corcoran Icon Properties,good,,2026-06-22T12:55:37+00:00
d48b0261-bccd-486e-8ad5-9654dc141664,200,1,1,475,WordPress,Home - Kristie Martinelli,good,,2026-06-22T12:55:37+00:00
70e012d7-d235-4530-821b-8bc515370fba,200,1,1,547,Wix,HOME | Julianna Labra Santa Rosa Realtor,good,,2026-06-22T12:55:37+00:00
545ac9f6-5a91-44e0-b31e-8ee1b72eaaa0,200,1,1,217,Squarespace,"Lisa Matheson, Realtor®",good,,2026-06-22T12:55:37+00:00
7e8d42c4-a954-4ab6-9cc8-e6a33269beb6,200,0,0,189,,"Artisan Sotheby's International Realty | Lou Rosenberger, REALTOR",weak,,2026-06-22T12:55:37+00:00
8092bccd-ac22-4886-b005-efeab2862a28,202,1,0,153,,,weak,,2026-06-22T12:55:38+00:00
93eebe62-e716-464f-82d6-3291641c56aa,0,0,0,3568,,,broken,TooManyRedirects: Exceeded 30 redirects.,2026-06-22T12:55:38+00:00
f36688c4-ee31-4ce6-8f7f-1c041e1863e4,200,1,1,541,,"Lysbeth Wiggins, Real Estate Agent - Compass",good,,2026-06-22T12:55:38+00:00
a819e935-5592-494c-8217-73a9ff8c8720,200,1,1,681,Squarespace,Local Living,good,,2026-06-22T12:55:38+00:00
d50d462d-702e-4714-b12a-acf03a3aa469,200,1,1,1041,WordPress,Leigh Glaser Wolfson,good,,2026-06-22T12:55:38+00:00
b32ee683-8efa-4e76-9751-46b3485783ff,403,1,1,120,,Just a moment...,broken,,2026-06-22T12:55:38+00:00
8028e6ad-7028-48dd-833b-6e0ae5f173a5,403,1,1,185,,Just a moment...,broken,,2026-06-22T12:55:38+00:00
a34466cd-2e3d-45de-9e80-799eaac312f9,200,1,1,391,,Sonoma County Real Estate Agent | Wine Country Expert,good,,2026-06-22T12:55:38+00:00
278d4b77-7ae6-4911-b798-6f2457239ccc,403,1,1,217,,Access to this page has been denied,broken,,2026-06-22T12:55:38+00:00
3b3e2685-0ecd-40e3-92e0-f179ef64b087,0,0,0,116,,,broken,connection failed,2026-06-22T12:55:38+00:00
3e0442dd-457f-4771-9f8a-1ce07efb254e,200,1,1,838,WordPress,"Marie H. Clay | Sonoma Vineyard Land, Ranches &amp; Residential Real Estate",good,,2026-06-22T12:55:38+00:00
568d3345-659e-4d82-b272-c1c53c1590fd,404,1,1,285,,Site Not Found | CENTURY 21,broken,,2026-06-22T12:55:39+00:00
6fceaea6-1340-4ede-a8f4-5d926f8cea49,200,1,1,5245,,Sonoma County Realtor-Broker | Home,weak,,2026-06-22T12:55:39+00:00
85baf4b0-f361-4c16-9cd1-fc716c639cbc,200,1,1,313,,Mikki Cardoza | Corcoran Icon Properties,good,,2026-06-22T12:55:39+00:00
4f76f6fe-39f5-4550-91e4-f278faa95d1a,200,1,1,3152,WordPress,Karen Karlow,good,,2026-06-22T12:55:39+00:00
dca55f41-31c5-4c36-b228-af5c4bfed499,0,0,0,172,,,broken,connection failed,2026-06-22T12:55:39+00:00
2998931a-eb79-43be-b314-97e9e64f13f8,0,0,0,52,,,broken,connection failed,2026-06-22T12:55:39+00:00
6c059992-d612-4d77-a179-802967096be4,403,1,1,261,,Just a moment...,broken,,2026-06-22T12:55:39+00:00
fae18bd3-5ae6-41f6-8e18-6be4cb5123cb,200,1,1,1236,WordPress,Michelle McHale,good,,2026-06-22T12:55:39+00:00
e2248ee6-e93b-4df1-8ec9-712a64e4def7,200,1,1,464,Squarespace,Nicola Petersen Roualdes Sonoma &amp; Napa Real Estate,good,,2026-06-22T12:55:40+00:00
4408ebd7-b502-406e-b24f-2936a61e38ac,404,1,1,468,,Page not found - Continuum Real Estate,broken,,2026-06-22T12:55:40+00:00
17f8a3f6-fac9-49ff-9127-64b7834b6648,0,0,0,72,,,broken,"ssl: HTTPSConnectionPool(host='www.normasr.kw.com', port=443): Max retries exceeded with url: / (Caused b",2026-06-22T12:55:40+00:00
b7967de6-cf3e-4867-86d1-9a6a8c623ac4,0,0,0,115,,,broken,connection failed,2026-06-22T12:55:40+00:00
ed6f2136-1ffe-4e80-b7ef-ce91ac71c0ec,403,0,0,338,,403 - Forbidden: Access is denied.,broken,,2026-06-22T12:55:40+00:00
968ed8ee-d2ad-428d-9f64-746538f4b0f3,200,0,0,182,,,weak,,2026-06-22T12:55:40+00:00
372ada11-df1a-4ebd-b715-68fb56cce419,200,1,1,437,,Pamela Atchison - Century 21 Epic,good,,2026-06-22T12:55:40+00:00
f9650e03-7bb0-4302-a719-78b2488fb6fc,200,1,1,347,,"Pat Williams, Real Estate Agent - Compass",good,,2026-06-22T12:55:40+00:00
004f9ea4-a7d1-452c-af4c-94b4e24ac100,200,1,1,25,Squarespace,Rachael Dressler - Sonoma and Marin County Realtor — Bio Sites,good,,2026-06-22T12:55:40+00:00
09afe20a-7845-4c42-a08f-b19ea1b05201,200,1,1,1090,,Engel &amp; Völkers Americas: Global Recognition. Local Expertise.,good,,2026-06-22T12:55:40+00:00
d8996401-81ba-4177-8292-d4a6e09205d8,218,1,0,257,,,weak,,2026-06-22T12:55:40+00:00
3f54d442-4456-4866-b87b-3c636544b901,200,1,1,836,,Engel &amp; Völkers Americas: Global Recognition. Local Expertise.,good,,2026-06-22T12:55:41+00:00
d7f4069a-9e19-4173-a830-845f9ea72c6c,200,1,1,572,,"Marilyn Coffin, Real Estate Agent - Petaluma, CA - Coldwell Banker Realty",good,,2026-06-22T12:55:41+00:00
883a79d0-dbfa-4fe6-a816-bf44096ba90a,0,0,0,442,,,broken,"ssl: HTTPSConnectionPool(host='www.millenniumproperties.net', port=443): Max retries exceeded with url: /",2026-06-22T12:55:41+00:00
e08a7fe8-2b58-4b61-99d7-87bb109bdae1,200,1,1,611,,InTheHomeZone,good,,2026-06-22T12:55:41+00:00
59def0f7-45bc-44b6-be2b-ae594f7e51e9,403,1,1,135,,Access to this page has been denied,broken,,2026-06-22T12:55:41+00:00
bd3edd0e-08aa-40dc-8ce3-a392e01ba162,0,0,0,213,,,broken,connection failed,2026-06-22T12:55:41+00:00
560e18bc-7e06-4ca0-afca-11901351e8c5,200,1,1,368,,Wine Country Fine Homes | Real Estate in Santa Rosa and Windsor,good,,2026-06-22T12:55:41+00:00
76f21081-73fc-41d3-9cff-f21649d7a22b,200,1,1,274,,"Sandra Ormerod, Sonoma County Real Estate, Sonoma - Napa Wine Country Real Estate | Sotheby&#x27;s International Realty, Inc.",good,,2026-06-22T12:55:41+00:00
f418cf85-90e6-4cfa-bfa4-a36e6a4db052,403,1,1,385,,Just a moment...,broken,,2026-06-22T12:55:42+00:00
062d4530-5236-42db-82a1-9616c55cd5cc,200,1,1,174,GoDaddy,Sebastopol Agents,good,,2026-06-22T12:55:42+00:00
fb71d3e6-cac4-4d5f-ac64-32772181f4d8,200,1,1,732,,Engel &amp; Völkers | Sandy Pisaro,good,,2026-06-22T12:55:42+00:00
9e4a5977-7f52-4db3-85a9-5ee504cd00a6,0,0,0,15044,,,broken,connection failed,2026-06-22T12:55:42+00:00
4ef11148-4289-4508-a9ab-216df174faf8,200,1,1,1247,,Sandi Sullivan - Century 21 Epic,good,,2026-06-22T12:55:42+00:00
926939db-0b3c-42fb-a65c-40e44ef657a3,218,1,0,425,,,weak,,2026-06-22T12:55:43+00:00
2db6e337-32aa-4fe4-96e7-4b65d573c3de,0,0,0,38,,,broken,connection failed,2026-06-22T12:55:43+00:00
7ae443bf-ea92-456c-bcf9-9f68528305db,200,1,1,623,,Sherri (Lolli) Evenich - Century 21 Epic,good,,2026-06-22T12:55:43+00:00
2b86759e-723a-42b2-950c-baeab17344bc,403,1,1,138,,Access to this page has been denied,broken,,2026-06-22T12:55:43+00:00
91113446-c10f-4962-810c-4b1e6b44c45e,0,0,0,15200,,,broken,connection failed,2026-06-22T12:55:43+00:00
2c426339-a97f-4605-a934-ba2843a62549,200,1,1,990,WordPress,Shawn Hermosillo,good,,2026-06-22T12:55:43+00:00
4dd27ecd-3f36-4818-bc50-abed5b82c902,0,0,0,115,,,broken,connection failed,2026-06-22T12:55:43+00:00
a15c5847-bcd3-4677-9c96-f3f40a9588c8,200,1,1,1337,WordPress,Shannon Cresci Phennicie,good,,2026-06-22T12:55:43+00:00
db3bc025-455a-499a-a603-ed0f060006b2,200,1,1,251,,"Michael Pellegrini | Santa Rosa, CA Real Estate Agent",good,,2026-06-22T12:55:43+00:00
4495238c-45bf-49d1-9572-6c54b431ac66,200,1,1,5617,,Margaret Schrock | Petaluma Real Estate Agent,weak,,2026-06-22T12:55:43+00:00
38d3bc65-ab13-4ece-b531-6a8a99755289,200,1,1,178,,"Stephanie Aven | Premier Napa, CA Real Estate Agent",good,,2026-06-22T12:55:43+00:00
47451a61-5d5c-418d-8da2-26120d77ff45,200,1,1,121,,Stephanie Domenichelli | North CA Real Estate Agent,good,,2026-06-22T12:55:43+00:00
7ea22af1-fc99-4f16-b3df-e4269fea578b,0,0,0,10015,,,broken,connection failed,2026-06-22T12:55:43+00:00
e7786d1a-bc31-40d0-9d43-3a4a5bf60a89,200,1,1,516,,Sonoma County Real Estate Agents â Luxury Homes & Service,good,,2026-06-22T12:55:43+00:00
fc8f3079-c583-476e-8c2a-932403fcdecb,0,0,0,220,,,broken,"ssl: HTTPSConnectionPool(host='corcorangl.com', port=443): Max retries exceeded with url: /agents/tara-co",2026-06-22T12:55:43+00:00
6ab225f4-1586-4e9f-9c48-fd11ed93905a,200,1,1,922,WordPress,Home - Laura Richards &amp; Kent Byers,good,,2026-06-22T12:55:43+00:00
26aa6e83-389a-4e65-a867-70f553e971eb,200,1,1,579,,Buy. Sell. Invest.,good,,2026-06-22T12:55:44+00:00
bc771f5d-2516-4531-ac9a-8d9e59d43b1d,403,0,0,217,,,broken,,2026-06-22T12:55:44+00:00
83d14ac2-1d7c-4e09-8a36-26f843382a66,200,1,1,499,,,good,,2026-06-22T12:55:44+00:00
060fcf83-d0f4-482f-ad61-a6113572b110,0,0,0,5321,,,broken,connection failed,2026-06-22T12:55:44+00:00
24cdce85-c583-4cfc-85a9-50ee4882e641,202,1,0,297,,,weak,,2026-06-22T12:55:44+00:00
d3fc2859-c7bb-46f7-a589-4694b1fa22ca,200,1,1,656,,,good,,2026-06-22T12:55:44+00:00
97806c2b-83f3-4c03-b639-ad3cf01c8973,200,1,1,438,Squarespace,Marin and Sonoma Real Estate,good,,2026-06-22T12:55:44+00:00
337476f2-b25a-4152-a965-a16bde201ca1,0,0,0,116,,,broken,connection failed,2026-06-22T12:55:44+00:00
0e93987e-9dde-42a0-923a-b3ad2ffcf7d4,200,0,0,304,,,weak,,2026-06-22T12:55:44+00:00
93c8403a-3f1e-4739-b16f-d65e7e9a344a,200,1,1,448,,"Veronica Passalacqua, Real Estate Agent - Compass",good,,2026-06-22T12:55:44+00:00
14622a13-0484-418c-a73f-876e4c5ae9d4,0,0,0,10019,,,broken,connection failed,2026-06-22T12:55:44+00:00
4cab8ff8-6879-40dd-8114-28f726251e2a,200,1,1,336,,Will Lance Vineyard and Ranch | Napa and Sonoma Real Estate Team,good,,2026-06-22T12:55:44+00:00
97264319-5206-4d0d-ba43-735c4b6e9474,200,1,1,1056,WordPress,Home - Teri Kainz and The Kainz Team,good,,2026-06-22T12:55:44+00:00
8a9584a5-8d61-49bd-b5c1-b9a4edebfa4c,200,1,1,1238,WordPress,The Stewart Team,good,,2026-06-22T12:55:45+00:00
aae5e98d-f1df-4063-b479-daa502da4adb,0,0,0,53,,,broken,connection failed,2026-06-22T12:55:45+00:00
76d05f1b-b641-4714-aa4c-85f049b3e8ed,200,1,1,1100,WordPress,Home - Todd Mendoza,good,,2026-06-22T12:55:45+00:00
7e667294-1fb9-4bc1-9b6d-63bf53bca066,200,1,1,378,,MIRAMAR MEXICAN GRILL,good,,2026-06-22T12:55:45+00:00
9985006b-3220-4ca0-a28a-37e4eccb4ad2,200,1,1,362,Squarespace,Three Cultures Kitchen | Explore Flavors Now – Reserve Your Spot,good,,2026-06-22T12:55:45+00:00
b0858b71-bad6-4c00-b00e-a083a4680851,200,1,1,368,Wix,Adult Group Home | DuMolin Community Living | United States,good,,2026-06-22T12:55:45+00:00
b051f2ad-7f11-4318-b541-b0ed721af314,200,1,1,312,Weebly,WINDSOR OAKS ACADEMY - Home,good,,2026-06-22T12:55:45+00:00
aa0da8c1-bb7b-4042-8d53-0c1fe4898633,200,1,1,351,Squarespace,Tweeten Eldercare Advisors,good,,2026-06-22T12:55:45+00:00
f9e2a62c-52e1-423d-86ac-615514ac418e,200,1,1,881,,"Real Estate, Homes for Sale, Home Values, Agents and Advice | REMAX",good,,2026-06-22T12:55:45+00:00
30b2ddf2-b8ce-468a-bd64-35ce17b760f5,0,0,0,114,,,broken,connection failed,2026-06-22T12:55:45+00:00
31d50403-47e2-4b77-8fe5-49bf97041f9d,0,0,0,12,,,broken,connection failed,2026-06-22T12:55:45+00:00
a37e66e7-56ee-4120-9cdc-a7e7becdc15c,200,1,1,421,,"THE OYSTER GIRLS, INC.",good,,2026-06-22T12:55:45+00:00
f4fd75b3-8d16-4caf-a115-18717da4ad4c,200,1,1,428,,Audrey Crandell | Makeup for the most special occasion,good,,2026-06-22T12:55:45+00:00
c7dfad03-f5be-4800-b2c5-38ff577fcaf3,200,0,1,1507,WordPress,Home - Tracey Cooper,weak,,2026-06-22T12:55:45+00:00
1aec6314-9de0-471f-bba8-b1aa0945fccb,0,0,0,146,,,broken,connection failed,2026-06-22T12:55:45+00:00
2220679a-7063-4431-ba87-6a4efc05870b,200,1,1,7504,GoDaddy,"MJ Keegan Real Estate - Realtor, Homes, Real Estate",weak,,2026-06-22T12:55:46+00:00
257d41df-f95b-4c81-a05c-e5c1de3b3267,200,1,1,1793,WordPress,Toni Shroyer,good,,2026-06-22T12:55:46+00:00
37521d56-8b0b-48d0-8e04-33be3f917181,200,1,1,336,Wix,Botox | Dani Streb Rn | California,good,,2026-06-22T12:55:46+00:00
36a9ae54-ed24-4d6f-8f38-05208f400a32,200,1,1,456,Squarespace,Chipàe Body Sculpting By JMAE,good,,2026-06-22T12:55:46+00:00
ad938f91-e819-412e-9649-052aa3d17a5c,200,1,1,389,Weebly,Home | Lash Lounge,good,,2026-06-22T12:55:46+00:00
40b0143a-4e3f-41bc-8542-088b79fe7c93,404,0,0,196,,Error 404 (Not Found)!!1,broken,,2026-06-22T12:55:46+00:00
00ff87cf-2d64-40bf-a3c7-88e28e59638a,200,1,1,919,,"Mariscos El Cora is a Mexican Food Truck in Santa Rosa, CA 95407",good,,2026-06-22T12:55:46+00:00
f166c70d-3246-49aa-bd13-241e4881eabd,404,1,1,240,Wix,,broken,,2026-06-22T12:55:46+00:00
037d5e68-39c5-4d7f-b05a-41c38128981d,200,1,1,370,,chuy.tattoos &#x2027; Venue Ink,good,,2026-06-22T12:55:46+00:00
ae1edc4c-44e0-4bc9-88ab-c950fc5ff223,200,1,1,175,GoDaddy,Byrd Vineyard,good,,2026-06-22T12:55:46+00:00
d4972f69-8bb3-42e9-ab97-955794edc3e4,200,1,1,277,Squarespace,COLLIER FALLS,good,,2026-06-22T12:55:46+00:00
fe70005e-5e9c-4fc0-8610-02a251274515,200,0,1,303,WordPress,Four Seasons Vineyard Management &#8211; FSVM WordPress Site,weak,,2026-06-22T12:55:46+00:00
81e01843-2ff2-4611-8dd2-51b4496f4c0f,403,1,1,94,,Just a moment...,broken,,2026-06-22T12:55:46+00:00
599d4cbb-63de-4dcc-8d7e-b25254c07ec1,0,0,0,17,,,broken,connection failed,2026-06-22T12:55:46+00:00
beb849a6-6553-49b7-9239-fa62e466a231,200,1,1,447,Squarespace,Dehlinger Winery,good,,2026-06-22T12:55:46+00:00
3673e1c4-4208-4d62-ab66-3052c0063322,200,1,1,682,GoDaddy,Pony Irons Tattoo,good,,2026-06-22T12:55:46+00:00
9c2f0ac8-efe4-46f7-b427-e6b7d337ded3,0,0,0,16325,,,broken,connection failed,2026-06-22T12:55:46+00:00
c1951a0b-c9e7-43f6-857d-4fc97b9bdce0,200,1,1,447,,Experience the Sonoma Life | Frei Brothers Reserve,good,,2026-06-22T12:55:46+00:00
1975e39a-dd91-4cf6-b8f7-9dbe971bda49,200,0,0,775,,æ²¡ææ¾å°ç«ç¹,weak,,2026-06-22T12:55:46+00:00
286f8482-18dd-435c-95da-4e4ebb1b504a,200,1,1,201,,Shop McCarter Cellars | Vinoshipper,good,,2026-06-22T12:55:46+00:00
e872c8e6-e905-4094-aa49-80f0ccf6cd3e,200,1,1,2371,WordPress,Home - Timo Rivetti,good,,2026-06-22T12:55:46+00:00
fa710b06-993f-4107-9106-b74ae8037d4a,200,1,1,316,,Morét-Brealynn Wines,good,,2026-06-22T12:55:47+00:00
054170c1-55b7-4077-bda3-56c6812fd228,200,1,1,557,,Welcome to Harper’s Rest Winery - Russian River Valley Pinot Noir and Chardonnay - Harper’s Rest Winery,good,,2026-06-22T12:55:47+00:00
847f34a9-05d7-4f2a-89b4-aa82f950edc4,200,1,1,239,,Ordaz Family Wines,good,,2026-06-22T12:55:47+00:00
44e0954b-9158-470f-b71b-715e505b4a4e,200,0,0,232,,Coming Soon page,weak,,2026-06-22T12:55:47+00:00
ffc3165c-e235-4312-a112-f2b77cc9f9fb,404,1,1,353,,Oakville Winegrowers - Page not found (404),broken,,2026-06-22T12:55:47+00:00
b7775716-05c1-4b4b-812a-d36aaa473daf,202,1,0,270,,,weak,,2026-06-22T12:55:47+00:00
f0309988-db06-45c9-9e10-bf095c9b854f,200,1,1,500,,Munselle Vineyards | Welcome to Munselle Vineyards,good,,2026-06-22T12:55:47+00:00
c87bcfa8-0199-4f8e-aa0e-3803d1a1cc5c,200,1,1,1708,,Goddess of Youth in Middletown - Middletown CA | Vagaro,good,,2026-06-22T12:55:47+00:00
3276509e-20ab-4ac3-a591-1fb72fc180b0,200,1,1,411,WordPress,The Terraces - Estate Winery and Vineyard in Napa Valley,good,,2026-06-22T12:55:47+00:00
a3a0f817-40ca-4260-9adb-0781f14b6265,200,1,1,464,Squarespace,OPTIMA WINERY Healdsburg Winery,good,,2026-06-22T12:55:47+00:00
853f8d2c-1a4b-4926-8ca1-7a879fc5538f,200,0,1,513,WordPress,"Santa Rosa Stainless Steel | TANKS, VESSELS AND FABRICATION",weak,,2026-06-22T12:55:47+00:00
d7fafe42-8e55-4310-8eb4-cc5bad2e53dd,200,1,1,188,Shopify,The Yount Room,good,,2026-06-22T12:55:47+00:00
77d185c9-034a-4e11-9575-da7b89da496e,200,1,0,392,,,weak,,2026-06-22T12:55:47+00:00
a181371c-3f5e-43af-adf0-5601bcf90404,202,0,0,170,,,weak,,2026-06-22T12:55:47+00:00
11f346fa-b596-4949-9ae0-4f3dada7bf4b,200,0,1,363,,,weak,,2026-06-22T12:55:48+00:00
8c835242-6c4e-4bbd-9671-23d2c3b896a8,200,1,1,1066,WordPress,Home - Russian River Valley Winegrowers,good,,2026-06-22T12:55:48+00:00
6e71e8f3-938b-44bb-8358-b3662d9135f7,200,1,1,1054,WordPress,Sonoma County Tourism,good,,2026-06-22T12:55:48+00:00
4f7483e9-b291-4ad5-b0f2-ba3d2c016e6e,0,0,0,142,,,broken,connection failed,2026-06-22T12:55:48+00:00
25bd5a8b-05bb-42cb-bd66-23f3c0a8cce7,200,1,1,819,,"LIVE DRAW SGP, LIVE DRAW SINGAPORE, LIVE SINGAPORE POOLS, LIVE RESULT SGP HARI INI",good,,2026-06-22T12:55:48+00:00
d40880d4-9549-49cf-a4d1-257bb017c280,200,1,1,1139,WordPress,Tamber Bey,good,,2026-06-22T12:55:48+00:00
621bc209-0645-49bc-9e46-692c0d36b65f,0,0,0,78,,,broken,connection failed,2026-06-22T12:55:48+00:00
9c933374-4413-473e-9fcb-b59822611440,200,1,1,226,Squarespace,YogaHike Sonoma,good,,2026-06-22T12:55:48+00:00
85ef8d00-2665-4d73-b8c9-d3a10507eeef,200,1,1,299,GoDaddy,Sonoma County CPA - Tax &amp; Accounting Services,good,,2026-06-22T12:55:48+00:00
c61dc86f-c296-4fbd-8209-b8cfbd0a130b,0,0,0,151,,,broken,connection failed,2026-06-22T12:55:48+00:00
37ea6b15-f502-4068-b615-266f34b17946,404,1,1,1781,,Ничего не найдено для Napa Valley Tourist Attractions Sightseeing Poi Mutt Lynch Winery 364156,broken,,2026-06-22T12:55:48+00:00
3104bec6-90f8-431c-bbc0-b915a8edb730,0,0,0,104,,,broken,connection failed,2026-06-22T12:55:48+00:00
bdf6d486-45ea-44d6-8e9f-6dd042a6d877,404,1,0,344,Squarespace,Squarespace - Website Expired,broken,,2026-06-22T12:55:48+00:00
ccc07482-9a5d-4dc1-a64a-ea739008083c,0,0,0,152,,,broken,connection failed,2026-06-22T12:55:48+00:00
a0f0f5b1-6a8b-4b79-9b16-6e404124c5ce,0,0,0,16,,,broken,connection failed,2026-06-22T12:55:48+00:00
f7fa1303-7a80-4755-909f-7b9a014c1b93,200,0,0,406,,ChicLeChef,weak,,2026-06-22T12:55:48+00:00
c980dcce-0487-40f6-9a22-b9493ca6c9f1,200,1,1,489,Squarespace,Bookkeeping Services Bay Area | MH Consulting &amp; Bookkeeping,good,,2026-06-22T12:55:48+00:00
e724cf64-1b0a-4106-a5b8-fc109ed6ec49,200,1,1,1231,WordPress,Two Amigos Wines | Brothers of the Grape,good,,2026-06-22T12:55:48+00:00
0bad6789-25e8-4ef2-b113-1a96baded0da,0,0,0,107,,,broken,connection failed,2026-06-22T12:55:48+00:00
7f252591-79d3-428f-be59-36712dd3365a,0,0,0,228,,,broken,connection failed,2026-06-22T12:55:48+00:00
38fd6bce-73b0-4d3c-aa8b-1647f4e06211,0,0,0,38,,,broken,connection failed,2026-06-22T12:55:48+00:00
a4cc879d-fa7d-4ae4-ae91-760b1067348f,0,0,0,156,,,broken,"ssl: HTTPSConnectionPool(host='www.automarinnovato.com', port=443): Max retries exceeded with url: / (Cau",2026-06-22T12:55:48+00:00
21307367-3af9-483e-8150-96942a617d9b,0,0,0,39,,,broken,connection failed,2026-06-22T12:55:49+00:00
cca800ba-2225-4219-ba54-4801cac55f72,0,0,0,104,,,broken,connection failed,2026-06-22T12:55:49+00:00
5a9508fb-9dd2-4215-858c-032fc4c33fc9,200,1,1,1281,,Robert Young Winery | Scion House | Alexander Valley,good,,2026-06-22T12:55:49+00:00
a5d4c8d1-1c0d-4406-b102-6586cb95e12c,403,0,0,279,,,broken,,2026-06-22T12:55:49+00:00
5a7c052d-4c6a-47f4-a51f-071c95cf7b49,0,0,0,104,,,broken,connection failed,2026-06-22T12:55:49+00:00
9f125e99-3d0e-42a7-afc6-38babfa861ef,200,1,1,610,Wix,California Modern San Rafael | Architectural Design Experts,good,,2026-06-22T12:55:49+00:00
a58bb78b-3297-4690-af6c-2b051946e9cf,0,0,0,41,,,broken,connection failed,2026-06-22T12:55:49+00:00
28a6b252-c302-488d-83b2-f2fd96c42d57,0,0,0,85,,,broken,connection failed,2026-06-22T12:55:49+00:00
e7781f4d-db4f-4af3-95b1-c05d5e619076,0,0,0,50,,,broken,connection failed,2026-06-22T12:55:49+00:00
7f780237-5dcf-410e-b853-a933decf8e72,200,1,1,749,Wix,All Cal Construction Services | Design Permits &amp; Drafting,good,,2026-06-22T12:55:49+00:00
cf821118-f191-4b88-a619-f1a742cfd0eb,200,1,1,2291,WordPress,Home - Peay Vineyards,good,,2026-06-22T12:55:49+00:00
9c0b2b22-5b63-4b04-8740-15ed1d56d552,0,0,0,97,,,broken,connection failed,2026-06-22T12:55:49+00:00
eb7bdb62-dbde-44b2-91e6-293203ccf884,0,0,0,35,,,broken,connection failed,2026-06-22T12:55:49+00:00
0a8263b6-50d7-4e6a-9d62-a8fc182079f9,200,1,1,840,,Drakes Mobile Detailing | Premium Car Detailing,good,,2026-06-22T12:55:49+00:00
5046897a-4f8f-4a73-b95c-761366b56ae2,200,1,1,266,,Santa Rosa Auto Repair - Rincon Valley Auto Repair,good,,2026-06-22T12:55:49+00:00
17e24b29-2b80-4be2-96e2-a091e0510653,0,0,0,112,,,broken,connection failed,2026-06-22T12:55:49+00:00
e5346e78-24ed-4fb1-859c-b9b465153e4e,200,1,1,519,WordPress,Steve&#039;s Auto Care Novato &#8211; Marin&#039;s Dealer Alternative for Japanese Vehicles 415-899-1115,good,,2026-06-22T12:55:49+00:00
9e35e753-4b8a-4644-bf77-4ab9f62195a8,200,1,1,497,Squarespace,DELLA FATTORIA | Discover Authentic Baked Goods - Order Today,good,,2026-06-22T12:55:50+00:00
94e5af82-825a-4e55-a87a-98bbba30b2f6,0,0,0,260,,,broken,connection failed,2026-06-22T12:55:50+00:00
d7442348-26de-40e9-a293-5d27a4a7a2df,200,1,1,947,,Spray-On Bedliners | Vehicle Accessories &amp; Customization | LINE-X,good,,2026-06-22T12:55:50+00:00
e5921883-14c3-4e74-ad67-277f8240e1a8,200,0,1,788,WordPress,WindsorRanch.com &#8211; Dog Park | RV &amp; Truck Storage,weak,,2026-06-22T12:55:50+00:00
88bda38c-0190-48f2-abba-5d2eabc99527,200,0,1,383,Squarespace,Red Bird Bakery,weak,,2026-06-22T12:55:50+00:00
7d4a1222-cf3d-44d3-9496-7489cf9c4e0e,200,1,0,289,,Twitch,weak,,2026-06-22T12:55:50+00:00
e471f9ec-4a79-41d1-bd91-ea3bfe779f75,200,0,1,383,Weebly,teeny cake - Home,weak,,2026-06-22T12:55:50+00:00
1a3258ed-dfa9-45bb-a48c-91bd11e14535,200,1,1,413,Squarespace,Your Skincare Expert in Hidden Valley Lake | Amileas,good,,2026-06-22T12:55:50+00:00
c689d8d1-3b5f-4193-a5af-be5de92d4aba,200,1,1,1722,Weebly,Home | Noble Folk Ice Cream and Pie Bar,good,,2026-06-22T12:55:51+00:00
4fe38df1-de5a-4a20-a340-852b5f5dd3f2,200,1,1,878,,Mary Kay® | Empowering Women Since 1963,good,,2026-06-22T12:55:51+00:00
b2428fe4-3b70-43a8-8f58-230b447442f4,200,1,1,938,,Evolution Barbershop - Petaluma CA | Vagaro,good,,2026-06-22T12:55:51+00:00
942d5968-5bd8-4cc0-ae2b-c6ca15f7a6ce,200,1,1,691,Squarespace,Schedule Appointment,good,,2026-06-22T12:55:51+00:00
8e8dfbc8-b611-49b4-a1a1-258c8bbdbe3e,200,1,1,171,Squarespace,hue.,good,,2026-06-22T12:55:51+00:00
0f260886-7bf3-44fb-9489-8cafb0863fa2,200,1,1,479,Squarespace,"LumaPhi Aesthetics &amp; Wellness | Medspa in Petaluma, CA, 94952",good,,2026-06-22T12:55:51+00:00
2161b2cb-7a26-41df-ab7c-b0668b675f23,0,0,0,40,,,broken,connection failed,2026-06-22T12:55:51+00:00
eb874e58-0032-4c9d-9a54-731386970c50,200,1,1,483,Wix,Vital Flow IV | Event IV hydration,good,,2026-06-22T12:55:52+00:00
5ed77c50-6f4f-4bd6-acba-4d96208bbcd1,200,1,1,388,,Website Glow By Ingrid,good,,2026-06-22T12:55:52+00:00
4a9cfd2d-9059-4f83-8044-d69cd08c5a1b,200,1,1,2966,,"RELIABLE GLASS - 398 Surveys, Videos, Articles, &amp; More | Diamond Certified",good,,2026-06-22T12:55:52+00:00
fced7a57-7677-432b-afcc-5cde50b40326,0,0,0,109,,,broken,connection failed,2026-06-22T12:55:52+00:00
6d77e161-3d2c-44d5-8ea2-7433e4fb0ccd,200,1,1,321,Shopify,Home,good,,2026-06-22T12:55:52+00:00
134978e1-4f2e-4241-8f5a-624c0af7dc9d,200,1,1,586,,"ColorUpHairsalon | Hair Salon in Petaluma, CA",good,,2026-06-22T12:55:52+00:00
41185bc3-3fda-4fc5-95ef-11c8a6982e03,200,1,1,661,Weebly,Lashes and more | Dolled Up,good,,2026-06-22T12:55:52+00:00
35fb6bf9-0b97-4f48-af87-9405ec1a4504,200,1,1,1665,Wix,Every Day Magic: Mindfulness Children's Book,good,,2026-06-22T12:55:53+00:00
9fc86c5c-df5c-444f-8467-8305f0bf42c9,200,1,1,1342,,Brow Bliss - Santa Rosa CA | Vagaro,good,,2026-06-22T12:55:53+00:00
17640308-a388-4a1d-8837-4c9b33910ec4,200,1,1,4280,WordPress,Home - Jeff&#039;s Twin Oaks Garage,weak,,2026-06-22T12:55:53+00:00
0fe0b38b-8ffe-4e8b-85d6-3db19c46eabe,200,1,1,480,,"Radiant Rae Aesthetics | Waxing in Santa Rosa, CA",good,,2026-06-22T12:55:53+00:00
16560032-69ca-43a2-b415-310b914f6b96,0,0,0,113,,,broken,connection failed,2026-06-22T12:55:53+00:00
a83a69c6-14d7-4d18-81cf-5d18ff1a5d1a,200,1,1,1642,,Book A Service with Daredevils & Queens Salon+ Barbershop - Santa Rosa CA | Vagaro,good,,2026-06-22T12:55:53+00:00
2e52ca16-02a3-4bba-a040-41c938b5bf6d,200,0,0,249,,Contact Calistoga Arbors,weak,,2026-06-22T12:55:53+00:00
635796ce-b4e2-4ce1-b171-121e878963df,404,1,1,598,,Vagaro | Page not found,broken,,2026-06-22T12:55:53+00:00
acc8ac00-fccc-4761-948e-f073325523fe,0,0,0,108,,,broken,connection failed,2026-06-22T12:55:54+00:00
eda1fb25-9628-4019-af4a-20f70abf7195,200,1,1,339,Squarespace,The Cottage Inn + Spa,good,,2026-06-22T12:55:54+00:00
04e2fd4e-5a67-4f92-8a23-2713eb920653,200,1,1,4606,WordPress,Home - Snapdragon Bakery,weak,,2026-06-22T12:55:54+00:00
ae526a84-a646-4f77-b7ca-ec75d3b5b7c8,200,1,1,327,WordPress,Randy Lemmon - Garden Guy for Houston &amp; the Gulf Coast,good,,2026-06-22T12:55:54+00:00
f0839068-a496-442d-8022-0f306bbbbee0,0,0,0,44,,,broken,connection failed,2026-06-22T12:55:54+00:00
d0482c68-9408-4c71-a882-4f0850a8efe0,0,0,0,14,,,broken,connection failed,2026-06-22T12:55:54+00:00
6d7a8e8b-4c14-4552-bc6a-4f9a3743836f,200,1,1,1856,Wix,"Freedom Therapy MFR, Myofascial Release, Tucson AZ, book appointment",good,,2026-06-22T12:55:54+00:00
468e104b-6992-49e3-be6a-ac206c757673,200,1,1,341,Squarespace,omelette express santa rosa,good,,2026-06-22T12:55:55+00:00
cf08a0d9-ce9b-4c31-bcfb-a353b626dcc1,200,0,0,331,,,weak,,2026-06-22T12:55:55+00:00
4d2d49c5-59f5-4119-803d-fe691ee00efa,200,1,1,202,Webflow,"Blinds, Shades &amp; Window Coverings in Santa Rosa | Hartley Window Coverings",good,,2026-06-22T12:55:55+00:00
4b3523a0-c373-4e1d-b919-4162e36819c2,0,0,0,113,,,broken,connection failed,2026-06-22T12:55:55+00:00
1a21383d-c47e-4a14-ac49-f66470a3f897,0,0,0,41,,,broken,connection failed,2026-06-22T12:55:55+00:00
21f30240-14a3-4c12-8560-9c17ec3d0a40,403,1,1,45,,Just a moment...,broken,,2026-06-22T12:55:55+00:00
cf6bf356-dbb0-4aa3-9640-d20e5621c1f4,200,0,1,2113,,泛亚体育 - 体育运动装备综合服务平台,weak,,2026-06-22T12:55:55+00:00
313ae2db-ea1c-4b27-8c2f-1df4df7a9e7b,0,0,0,39,,,broken,connection failed,2026-06-22T12:55:55+00:00
8264113b-9fef-4285-bd16-9c2836fdd53e,200,0,1,983,,世界杯官方入口 - 世界杯(中国),weak,,2026-06-22T12:55:55+00:00
76b4baec-7688-454d-8f79-7a5a7338599a,0,0,0,107,,,broken,connection failed,2026-06-22T12:55:55+00:00
56d4dd8c-033f-4c04-9e99-8e04e2f48c91,0,0,0,10010,,,broken,connection failed,2026-06-22T12:55:55+00:00
b9f5101f-4e69-4cff-be7d-e4828449a717,200,1,1,383,Squarespace,Art Play Café | Sip. Play. Stay.,good,,2026-06-22T12:55:55+00:00
30188a8d-e15e-4999-96d9-51771bc77500,403,1,1,125,,Just a moment...,broken,,2026-06-22T12:55:55+00:00
7e605da8-947c-4c57-8e71-1fe069c78d7d,0,0,0,109,,,broken,connection failed,2026-06-22T12:55:56+00:00
da9c9993-d18c-40de-9dad-9a4a66fc82d8,200,1,1,2375,WordPress,Home - Kelley &amp; Young Wine Garden Inn,good,,2026-06-22T12:55:56+00:00
dfabb69d-b765-43ca-8d8a-c6c63d44505a,200,0,1,435,GoDaddy,Professional Flooring Installation | Call (877) 826-0067,weak,,2026-06-22T12:55:56+00:00
01bfc74b-e450-471d-a986-4c3df1e7d84e,200,1,1,521,Wix,Carpet Cleaning Special $150 | Plus Save Additional $10 Off Your Quote | JW Floor Care | 230+ Local 5-Star Reviews,good,,2026-06-22T12:55:56+00:00
29cef6a8-7f95-4570-90df-d8655334528f,200,1,1,325,Wix,Home | Cheese and Crust Wood Fired Catering,good,,2026-06-22T12:55:56+00:00
5c8a4f44-8ac9-45e7-8987-23b60eab0da5,200,0,1,212,Squarespace,Debbie Keith Caterer,weak,,2026-06-22T12:55:56+00:00
9261423a-f9ad-405f-97ea-23ff9593d982,200,1,1,7473,WordPress,Commercial Diesel Repair &amp; Mobile Truck Alignment | Santa Rosa &amp; Sonoma County,weak,,2026-06-22T12:55:56+00:00
e6d6512d-a612-4a01-a55a-3368b1164ac4,200,1,1,284,Weebly,UP IN SMOKE WEST COAST BBQ - Home,good,,2026-06-22T12:55:56+00:00
276fd3b2-d637-481c-9cb7-2d487dc11728,0,0,0,381,,,broken,"ssl: HTTPSConnectionPool(host='www.quinuarestaurant.com', port=443): Max retries exceeded with url: / (Ca",2026-06-22T12:55:56+00:00
19ef2035-27ad-4337-87d9-537ae0acc4e0,0,0,0,109,,,broken,connection failed,2026-06-22T12:55:56+00:00
672cd569-2590-4907-9c3f-ee1098491af4,200,0,1,393,WordPress,"Home - Marin Janitorial Services, Inc. - (415) 261-1722",weak,,2026-06-22T12:55:57+00:00
0a3b2748-a305-43d1-9fad-2fa0d9fa27c1,200,1,1,1511,Squarespace,The Pharmacy,good,,2026-06-22T12:55:57+00:00
74b3ea02-81ff-4b76-a681-d67ef4c43265,0,0,0,105,,,broken,connection failed,2026-06-22T12:55:57+00:00
cede712e-4943-433a-81ee-79c76358b977,200,1,1,2239,WordPress,"DRYCO - Commercial Contractor for Asphalt, Concrete, Fencing",good,,2026-06-22T12:55:57+00:00
a7f62e13-b916-453b-bfbc-13f214fe08b1,200,0,0,766,,欧冠网址_欧冠(中国),weak,,2026-06-22T12:55:57+00:00
8faa28bb-bee6-44db-91a3-db63a6fa46d8,200,1,1,990,,Book Online | Impulse Life Chiropractic,good,,2026-06-22T12:55:57+00:00
c635444f-8318-4f17-ba11-0ecc7630bfd1,200,0,0,230,,Under Construction,weak,,2026-06-22T12:55:57+00:00
effd332f-04f9-4878-8ed7-88c360cd2403,200,0,1,319,,TFJR.COM for sale | Spaceship.com,weak,,2026-06-22T12:55:57+00:00
98b51cf4-b0e4-4cdb-9578-2cec4142a432,0,0,0,125,,,broken,connection failed,2026-06-22T12:55:57+00:00
970aef8d-d959-4d6f-b044-8f036f0e3c05,200,1,0,1400,,Spring Lake Chinese Restaurant - Locations from All Over the World,weak,,2026-06-22T12:55:57+00:00
1dd03d73-7abe-4760-815f-e004efe367d1,200,1,1,208,Webflow,"LA Fiesta, Mexican Restaurant, 1500 Monument Blvd",good,,2026-06-22T12:55:58+00:00
245f56fa-61eb-4893-8d3b-d4db860254f9,200,1,1,646,Shopify,A&#39;Roma Roasters Coffee &amp; Tea,good,,2026-06-22T12:55:58+00:00
6b5bca24-0eb8-4d72-a30c-d5135c78cf07,200,1,1,580,Shopify,Sunshine Organic Coffee Roasters Forestville California,good,,2026-06-22T12:55:58+00:00
b58e43cc-1d89-4ff6-9977-23bf901307e3,200,1,1,400,,Check A License - CSLB,good,,2026-06-22T12:55:58+00:00
8d90812b-295f-4c6b-858a-883b66b9836f,404,1,1,1141,,Medlock Ames - 404 Error,broken,,2026-06-22T12:55:58+00:00
adc09eb6-cfea-4230-9f87-abca23ed1717,200,1,1,276,GoDaddy,CIS | Your Nationwide Draw Inspection Provider,good,,2026-06-22T12:55:58+00:00
a9e5a06e-246b-4d24-8693-5a8fb243f524,0,0,0,44,,,broken,connection failed,2026-06-22T12:55:58+00:00
c6d65392-f196-4283-9f5a-dd3609f27307,200,1,1,1572,,PLANET77 &#187; Tampilan Cepat yang Nyaman untuk Semua Perangkat,good,,2026-06-22T12:55:58+00:00
f24d0ad7-5fbc-4539-8bb7-e2f70bf652e9,0,0,0,10014,,,broken,connection failed,2026-06-22T12:55:59+00:00
a265f546-ab25-43de-9f03-b6d4d68b0992,200,1,1,234,,Nova MV Construction INC,good,,2026-06-22T12:55:59+00:00
c5dfb41a-532e-4199-91e7-077b89ec40ec,200,1,1,1606,WordPress,geyservillemud.com - Info Slot Online Terlengkap dan Terbaru di Sini,good,,2026-06-22T12:55:59+00:00
ae1d2b2f-478e-4e1f-b474-9c8922f76901,200,1,1,875,WordPress,Carr&#039;s Construction Service &#8211; Carr&#039;s Construction Service,good,,2026-06-22T12:55:59+00:00
10900eef-ba85-48a6-970d-43912e5cf2f1,200,1,1,271,Squarespace,"Acapella Craftsman, Inc.",good,,2026-06-22T12:55:59+00:00
2d7fcadc-f4c5-4204-9d54-61cd580c9a90,200,1,1,176,GoDaddy,"Solis Construction Company, Inc.- Premier Custom Home Builder",good,,2026-06-22T12:55:59+00:00
9cd0b9fa-074f-4633-aa0b-2caf2a2225fe,200,1,1,365,Wix,Stair Railings | California | Rick Sisneros Gates,good,,2026-06-22T12:55:59+00:00
b082db5c-91ec-44bd-81d1-519f5c16d04b,200,1,1,459,Wix,Pristine Builders Group | General Contractor Bay Area,good,,2026-06-22T12:55:59+00:00
fe88e442-bef1-477e-bed6-e20ceb0ca282,200,1,1,347,Squarespace,Topete Drywall,good,,2026-06-22T12:55:59+00:00
1049da96-0842-4773-9394-ae99a9cebaa4,0,0,0,125,,,broken,connection failed,2026-06-22T12:55:59+00:00
b1eaeeec-7945-426d-a72f-0cb1e08af57e,0,0,0,56,,,broken,connection failed,2026-06-22T12:55:59+00:00
2e8ac1ed-39db-4a2c-a943-2b7b2022c802,200,1,1,650,Wix,Home | Swi Co Inc. Construction,good,,2026-06-22T12:56:00+00:00
75c64942-a383-4599-b46b-e06da977f6eb,200,0,0,202,,Anello Painting and Construction,weak,,2026-06-22T12:56:00+00:00
19057d35-64d9-4367-aad0-b4b2ccfbefa6,200,1,1,2178,WordPress,"Building Envelope Consultants California | Aquatech Consultancy, Inc.",good,,2026-06-22T12:56:00+00:00
1e8d36e1-e0bf-442e-b100-95b5e7728243,200,1,1,308,WordPress,Home - Bay to Bay Builders,good,,2026-06-22T12:56:00+00:00
1a961749-f34b-4b18-86be-3968bccb5347,200,0,1,347,GoDaddy,"Concrete Contractor | Driveways, Patios & More | Call (855) 321-3655",weak,,2026-06-22T12:56:00+00:00
04f24d93-e4ad-412f-a6f6-bc6383ecc379,200,1,1,334,,Bocce Court Design &amp; Installation,good,,2026-06-22T12:56:00+00:00
d97d9cdf-3365-4a6e-89f1-073a46741e90,0,0,0,134,,,broken,connection failed,2026-06-22T12:56:00+00:00
7f4b26b4-40e4-42fe-904a-a389a447e061,200,1,1,2181,WordPress,Kitchen &amp; Bathroom Remodeling Santa Rosa: Free Consultation,good,,2026-06-22T12:56:00+00:00
79379d65-f7bb-4409-a7bb-fd5d19b17b14,0,0,0,706,,,broken,TooManyRedirects: Exceeded 30 redirects.,2026-06-22T12:56:00+00:00
fcba02ec-c4af-4f2a-8d6c-6b4888de3ed6,200,0,0,177,,,weak,,2026-06-22T12:56:00+00:00
be3ea50a-d11c-49f6-8f1c-1f53d015dee8,0,0,0,196,,,broken,"ssl: HTTPSConnectionPool(host='dbbakerconstruction.com', port=443): Max retries exceeded with url: / (Cau",2026-06-22T12:56:00+00:00
79540403-d744-4da8-bed0-394aa7fd6fcb,0,0,0,125,,,broken,connection failed,2026-06-22T12:56:00+00:00
1099f64a-7faf-48bf-8cda-044f7b57386e,0,0,0,107,,,broken,connection failed,2026-06-22T12:56:01+00:00
451bf115-ceca-4c51-8c9b-5b7f86a044e0,200,1,1,458,,D &amp; D Drywall Inc.,good,,2026-06-22T12:56:01+00:00
024e583b-35ce-4cb1-bd6d-dfb24a72099f,200,0,0,184,,,weak,,2026-06-22T12:56:01+00:00
00e9a3d1-59d2-4a38-b993-96fd822ad7ba,200,1,1,359,,"Home | Dave Poulsons Excavating - Santa Rosa, California",good,,2026-06-22T12:56:01+00:00
ca340e4a-ae11-4671-96c7-c4b5baebfb12,0,0,0,20021,,,broken,connection failed,2026-06-22T12:56:01+00:00
8bfb18c7-3569-4fcc-b337-06d49fc98f63,403,1,1,1785,,Just a moment...,broken,,2026-06-22T12:56:01+00:00
e47fcb57-ed0c-44df-9323-fc058740747e,200,1,1,85,GoDaddy,JDM Painting - JDM Painting,good,,2026-06-22T12:56:01+00:00
9a0ca381-0132-4935-8b9f-1b40f261711e,202,0,0,109,,,weak,,2026-06-22T12:56:01+00:00
0d4ffe97-cee8-43af-ac71-6b75d166088d,0,0,0,52,,,broken,connection failed,2026-06-22T12:56:01+00:00
4d58e183-cc69-42a6-9ac2-874554b289cd,200,1,1,451,,CSLB-Home -CSLB,good,,2026-06-22T12:56:01+00:00
8b16069d-932b-49c4-81f0-dad39392a221,0,0,0,15204,,,broken,connection failed,2026-06-22T12:56:01+00:00
7bc8c2e4-1eb7-4518-adeb-7821462612a1,200,0,0,286,,Gaitan Plastering,weak,,2026-06-22T12:56:01+00:00
46e282de-693c-445d-b0e1-669f0442a226,200,1,1,98,,Commercial Building Maintenance Company | Janitorial Cleaning Service In San Francisco Bay,good,,2026-06-22T12:56:01+00:00
803f4f7c-340b-4a01-a37f-fc7d3e7cf99c,404,1,0,228,Squarespace,Squarespace - Website Expired,broken,,2026-06-22T12:56:01+00:00
210e477f-fb38-4ca8-8901-8cc201b8692b,200,1,1,618,Webflow,"Fixture Pro | Installers of Fine Millwork | Santa Rosa, California",good,,2026-06-22T12:56:01+00:00
c15ab0d2-d5c5-4532-b8e3-c0838c845a2c,403,1,0,575,,403 Forbidden,broken,,2026-06-22T12:56:01+00:00
44d6045d-32c5-4af2-8a06-0366ed6351e8,0,0,0,149,,,broken,connection failed,2026-06-22T12:56:01+00:00
503a1d24-2441-47e7-a870-1c0d90976945,0,0,0,36,,,broken,connection failed,2026-06-22T12:56:01+00:00
2795f1f8-bbaa-42a0-910e-d7cc4147989b,200,1,1,634,WordPress,KG Walters Construction |,good,,2026-06-22T12:56:02+00:00
690c7c5b-474a-4142-b7cb-0a9c1446a15a,200,1,1,469,,CSLB-Home -CSLB,good,,2026-06-22T12:56:02+00:00
8eefbc5e-4557-405a-92d6-117d44d73d19,200,1,1,385,Squarespace,Millennial Development | Build Your Dream Today - Contact Us,good,,2026-06-22T12:56:02+00:00
cfff5dd3-6b90-4319-86cb-2dc9f550fcaf,200,1,1,3414,WordPress,Modcubes - Custom Modular Buildings for Homes &amp; Businesses,good,,2026-06-22T12:56:02+00:00
4f526a34-84c9-4f32-8d8d-2cd6d2843257,200,0,0,177,,Home,weak,,2026-06-22T12:56:02+00:00
0f1b3a7d-f8fb-4908-a540-cecc3ee7a899,0,0,0,114,,,broken,connection failed,2026-06-22T12:56:02+00:00
8757ffb0-ba02-4129-bc82-301e87de2db2,200,1,1,269,WordPress,Charleston Roofing &amp; Remodeling Company (Free Inspections) | 20+ Years Trusted,good,,2026-06-22T12:56:02+00:00
54968b13-1c46-4214-9f88-656f3e9e2191,0,0,0,41,,,broken,connection failed,2026-06-22T12:56:02+00:00
b7c38c82-e517-4a2f-b503-c14b213977a0,200,1,1,1023,,Herb's Pool Service,good,,2026-06-22T12:56:02+00:00
a456d2a7-543e-427d-aa42-d865ca4e7050,200,1,1,2908,WordPress,Sonoma County Comfort Heating &amp; Air |,good,,2026-06-22T12:56:02+00:00
f48811b9-acc7-48b1-b10a-855cf6561627,200,0,0,266,,,weak,,2026-06-22T12:56:02+00:00
943f103c-f035-4a11-8ef7-46f42fa6d247,0,0,0,120,,,broken,connection failed,2026-06-22T12:56:02+00:00
519321e6-496d-47f3-89da-e57958749634,0,0,0,37,,,broken,connection failed,2026-06-22T12:56:02+00:00
80390139-5c56-490d-9844-af5a847cf0d0,200,0,0,284,,,weak,,2026-06-22T12:56:02+00:00
419a9133-5b0b-4241-b7b9-76963bb8a782,200,1,1,281,GoDaddy,Red Lake Restoration,good,,2026-06-22T12:56:02+00:00
711030e9-c5c5-422f-929a-911f350b8e35,200,1,1,450,Squarespace,P&amp;Y Kitchen Cabinets and Stones,good,,2026-06-22T12:56:02+00:00
b7e484ae-4b0a-4403-81e3-f50f61eac97b,0,0,0,147,,,broken,connection failed,2026-06-22T12:56:02+00:00
a8fca36c-fbfa-4a2f-8e6a-9190e28340e0,200,1,1,478,,CSLB-Home -CSLB,good,,2026-06-22T12:56:02+00:00
b732ab4e-ea15-46ac-bc2d-81f1ba5dd87a,200,1,1,530,,Home,good,,2026-06-22T12:56:02+00:00
5c0df19d-8191-4558-8f72-439d05817b9c,200,1,1,652,Wix,HOME | RVTILE,good,,2026-06-22T12:56:03+00:00
4ea677a4-b364-45f4-a721-cbd4976b6cfa,200,0,1,215,Squarespace,Sonoma Tile Works,weak,,2026-06-22T12:56:03+00:00
a83dcbf7-eff3-42c3-961f-81dc414de734,200,1,1,412,WordPress,"Roofing Contractor in Knoxville, TN - Second Generation Roofing",good,,2026-06-22T12:56:03+00:00
a8717f59-01df-41d7-a799-0536762cfe1d,200,1,1,512,,"San Carlos Concrete, Inc.",good,,2026-06-22T12:56:03+00:00
d1f527d1-d9a6-4e68-9134-be6aabd91c45,200,1,1,594,Wix,Luxury Custom Home Builder in California | Salt Shed Design Build,good,,2026-06-22T12:56:03+00:00
6f6a0498-c130-47f0-8a72-7ce4082cd4a6,202,1,0,204,,,weak,,2026-06-22T12:56:03+00:00
737101b9-a688-4188-9f27-1a212b34a153,0,0,0,46,,,broken,connection failed,2026-06-22T12:56:03+00:00
1d0ac461-cd59-4b47-81ac-ab91494fb6b4,0,0,0,55,,,broken,connection failed,2026-06-22T12:56:03+00:00
13f9742b-aedb-4b8d-b4ce-bd69c60621e6,200,1,1,428,,CSLB-Home -CSLB,good,,2026-06-22T12:56:03+00:00
90facb72-6a6d-402e-b694-d62e4e4d3cf0,200,1,1,550,,"General Contractor near Marin County, Ca - Wells &amp; Company Builders",good,,2026-06-22T12:56:03+00:00
d1cf564c-98cc-49a3-9a33-1c7f3757a52c,0,0,0,131,,,broken,connection failed,2026-06-22T12:56:03+00:00
9260db8e-e4fb-4854-8d83-b3d214544790,0,0,0,118,,,broken,connection failed,2026-06-22T12:56:03+00:00
72110126-b8cf-49a2-bee8-0c6d332e8cce,200,1,1,619,Shopify,Juice Beauty | Juice In. Junk Out.,good,,2026-06-22T12:56:03+00:00
7e0642b2-9689-417f-818e-fb887b621778,200,1,0,1292,,,weak,,2026-06-22T12:56:04+00:00
1a711636-0785-4ff0-8c55-955de2588be8,200,1,1,896,WordPress,"Local Family-Owned Plumber in Santa Rosa Offering 24 Hour Emergency Plumbing, Fast Water Heater Repair, Reliable Drain Cleaning and Full-Service Home Plumbing Across Sonoma County",good,,2026-06-22T12:56:04+00:00
eb0dc579-ce5d-4d14-b2a3-8cbe1b5f1155,200,1,1,321,WordPress,"Dentist in Sonoma, CA | Local Dentist Audrey Kang DDS",good,,2026-06-22T12:56:04+00:00
dec6b309-dbff-4f26-8d89-8ff5c79d1420,200,0,0,161,,,weak,,2026-06-22T12:56:04+00:00
49a7fe2e-0b12-41ff-b665-e4a1190d9026,200,1,1,1884,WordPress,Rosenbach Construction,good,,2026-06-22T12:56:04+00:00
832a1e54-0859-4859-b90d-12a40c4f4bd3,404,0,0,271,,Site Not Configured | 404 Not Found,broken,,2026-06-22T12:56:04+00:00
a9b0dd3f-5436-411b-9bbe-261292f72248,200,1,1,2474,WordPress,Home - Nichols Precision Builders,good,,2026-06-22T12:56:04+00:00
f233bd6f-9316-4704-a90a-ede5c634bd28,200,1,0,366,,Index of /,weak,,2026-06-22T12:56:04+00:00
89a91518-ae12-44ae-9eba-11e609f9b973,200,1,1,1296,WordPress,"Pomegranate Salon (707)528.2923 &#8211; 527b Mendocino Avenue, Santa Rosa, CA",good,,2026-06-22T12:56:04+00:00
76b3d574-741b-47d8-836a-da5910e8b497,401,1,1,329,Squarespace,Private Site,broken,,2026-06-22T12:56:04+00:00
bdd94679-0afe-4522-a419-299f9d12c812,200,0,0,270,GoDaddy,Natural Clean Cleaners | Chemical Free Dry Cleaning,weak,,2026-06-22T12:56:04+00:00
101cbc18-4925-445f-a41b-e1c323dccf0d,200,1,0,303,,Ken Grady Company - Home,weak,,2026-06-22T12:56:05+00:00
84019473-74df-4dbe-8c8d-ac095ab3cbdb,0,0,0,112,,,broken,connection failed,2026-06-22T12:56:05+00:00
c6497601-63aa-4476-8cab-fa2d07831e4c,200,1,1,907,,Happy Dog adventures - Sonoma County Hiking!,good,,2026-06-22T12:56:05+00:00
92226275-84fd-4fc5-a0e9-9dcfc40a69c3,202,1,0,134,,,weak,,2026-06-22T12:56:05+00:00
3a04d39d-5b63-48c0-8c61-350e9e3d6af2,200,1,1,111,,Green Town Electric,good,,2026-06-22T12:56:05+00:00
535d6946-6fe8-482d-98d8-8c7dfec7f994,200,1,1,299,Squarespace,E.P.I.C. Electrical Services,good,,2026-06-22T12:56:05+00:00
a3fdcdc4-94f5-4ec8-92db-962b1a464365,0,0,0,117,,,broken,connection failed,2026-06-22T12:56:05+00:00
09f125c4-b7d9-4b11-90ba-7dd9127ff31d,200,1,1,1160,,take me driving,good,,2026-06-22T12:56:05+00:00
e8b4c224-6dbd-400a-818c-bdd059c559cf,200,0,1,132,,"Paragon Power LLC - Building America - Beauty, Honor, and Longevity",weak,,2026-06-22T12:56:05+00:00
e03bed46-f008-4756-bbe3-7f2ed6efbd0f,200,1,1,407,GoDaddy,Soleil Solar and Engineering - Solar Installation Company,good,,2026-06-22T12:56:06+00:00
e259cc6b-cc8f-4b2a-bf9e-f84fc164c308,200,1,1,2290,WordPress,"Lisa Halliday, DMD &amp; Tom Halliday, DDS | Dentist in Sonoma, CA",good,,2026-06-22T12:56:06+00:00
8d47c91a-3e31-4b5b-ab9c-241145c17f09,200,1,1,673,Wix,"Johnson Integrations &amp; Shades LLC | Electrician &amp; Smart Home Company | 122 Calistoga Road, Santa Rosa, CA, USA",good,,2026-06-22T12:56:06+00:00
214c8362-0b2e-4496-9cf2-d69599a2925d,200,0,0,205,,Coming Soon - Future home of something quite cool,weak,,2026-06-22T12:56:06+00:00
330ac3ec-de75-4123-b4d6-a6e94ca358f5,200,1,1,2632,WordPress,Luxury Day Spa in California | The Spa Art App,good,,2026-06-22T12:56:06+00:00
d352fee5-9593-475d-a236-5cd0af7ce8e7,200,1,0,604,GoDaddy,"UpValley Electric in Saint Helena, California",weak,,2026-06-22T12:56:06+00:00
a08f348e-9a2a-42a7-b01b-152713f26980,200,1,1,221,,"Bay Area Online Auctions, LLC",good,,2026-06-22T12:56:06+00:00
45b4d8fb-bd2d-47c9-9b01-039ea7b86549,0,0,0,36,,,broken,connection failed,2026-06-22T12:56:06+00:00
1d036a77-912f-47ff-bfac-0cdb21bc5360,404,1,1,393,Wix,,broken,,2026-06-22T12:56:06+00:00
cd990a24-9e1a-4c4f-85c1-03c229f3658a,200,1,1,209,,Facilities Rental | Dream.Learn.Achieve,good,,2026-06-22T12:56:06+00:00
36f86b27-0d60-411c-b35f-e7a977f4e713,403,0,0,605,,,broken,,2026-06-22T12:56:06+00:00
5ba9a7de-bc01-4c4d-b561-434a890f3d97,200,1,1,570,Weebly,Wedding &amp; Quincea&ntilde;era Photographer Sonoma County | Viva Sonoma Photography,good,,2026-06-22T12:56:07+00:00
990a4730-b079-4e18-848f-93c59ab9cd1f,200,1,1,255,,Portable Toilet Rentals | Prompt Porta Potty Rentals,good,,2026-06-22T12:56:07+00:00
7a198978-e058-42d5-8476-f2bd52278f8a,404,1,1,498,Wix,,broken,,2026-06-22T12:56:07+00:00
65f51a47-0348-4240-9cc6-03c42525b4b3,200,1,1,451,WordPress,Marinda Freeman,good,,2026-06-22T12:56:07+00:00
c8fcdd2f-97c2-4f7f-b221-9c5de30aa3aa,200,1,1,321,Squarespace,Skip to My Loo,good,,2026-06-22T12:56:07+00:00
feb7f6e3-1a4e-4b1f-9080-f3324b3ec814,202,0,0,148,,,weak,,2026-06-22T12:56:07+00:00
d229d3aa-76b4-4ddf-92ad-0a5072b91ad3,200,1,1,3912,Wix,Homi – Trusted Handyman Services in Sonoma County,good,,2026-06-22T12:56:07+00:00
1d6b0d1b-289c-4236-9b9f-53c10c69fa92,0,0,0,151,,,broken,connection failed,2026-06-22T12:56:07+00:00
3e571450-b31e-45d3-8597-33066acc2aab,200,1,1,437,Squarespace,THE WATERSHED | Explore Creative Spaces Today,good,,2026-06-22T12:56:07+00:00
0897e023-7151-4d92-a163-b5495929cd7f,200,0,1,148,,"Barry's Professional Carpet Cleaning | Novato, CA",weak,,2026-06-22T12:56:07+00:00
9ae4bf0c-7a31-45b9-acd3-f93f7d4c08cb,200,1,1,494,Shopify,Starr’s Collective,good,,2026-06-22T12:56:07+00:00
5abf9f00-6c75-4032-8168-7ad5c6150562,0,0,0,128,,,broken,connection failed,2026-06-22T12:56:07+00:00
dec11abc-84ff-4357-8ed3-14186c9f786a,0,0,0,116,,,broken,connection failed,2026-06-22T12:56:07+00:00
86959c7d-7556-48ee-a6be-82d26105c23d,202,0,0,73,,,weak,,2026-06-22T12:56:07+00:00
6bd1aabe-64e1-47bc-bae8-c370f2d9b51b,0,0,0,70,,,broken,"ssl: HTTPSConnectionPool(host='www.heartsdesirebyggb.etsy.com', port=443): Max retries exceeded with url:",2026-06-22T12:56:07+00:00
34cbbbf0-644e-4035-9f2d-92cbe2d4a29f,200,1,1,254,,"Carpet Cleaning | Angwin, CA | Quality Carpet Cleaning",good,,2026-06-22T12:56:07+00:00
a517a646-1929-403d-8596-0b3ecf30c9f0,403,1,0,269,,403 Forbidden,broken,,2026-06-22T12:56:07+00:00
830f57b4-cf9f-4513-bfa3-aeb314de547b,200,1,1,318,Squarespace,"Petal Pushers Custom Flower Arrangements, Event Florals &amp; Professional Plant Rentals",good,,2026-06-22T12:56:08+00:00
d0b9af80-d407-4af5-b63a-7391cfa4db7f,0,0,0,15137,,,broken,connection failed,2026-06-22T12:56:08+00:00
8645f1da-0b43-49f8-abfc-652af1081246,0,0,0,67,,,broken,connection failed,2026-06-22T12:56:08+00:00
34651bca-c764-45f3-b23b-35305b790e05,200,1,1,335,Squarespace,Tesoro Flowers,good,,2026-06-22T12:56:08+00:00
e98b8b9e-9b8a-46e2-9de5-3b5483b6e7a2,200,1,1,132,GoDaddy,Artisan Charcuterie Catering Services,good,,2026-06-22T12:56:08+00:00
5ab5bcb6-85f8-4fd0-98ff-830188b532ef,0,0,0,113,,,broken,connection failed,2026-06-22T12:56:08+00:00
8219a1e8-e023-4f66-adfc-e65fcf9c0ba6,200,1,1,213,GoDaddy,Home - Coco’s Love,good,,2026-06-22T12:56:08+00:00
635e0d09-1121-409f-a302-21b475669675,0,0,0,107,,,broken,connection failed,2026-06-22T12:56:08+00:00
d9c522cc-798a-4621-8f20-7d6f78729c93,0,0,0,15102,,,broken,connection failed,2026-06-22T12:56:08+00:00
f85e0ac8-ae9a-4bd5-83f6-8e681b660ec4,200,0,1,499,,fcgallery.biz - Best adult videos and photos,weak,,2026-06-22T12:56:08+00:00
4965adc7-94b2-468c-ba85-bd4ef5a27a4d,200,1,1,225,WordPress,"Nataliya Vorobets, DDS | Family Dentistry in Sebastopol, CA",good,,2026-06-22T12:56:09+00:00
47ec3cf5-2510-4e0a-bd41-0bb70cddac28,200,1,1,1929,WordPress,"Manzoni Trucking &amp; Excavating, Inc. | Dependable Hauling and Trucking Services - Northern California",good,,2026-06-22T12:56:09+00:00
2729570a-a3c0-4478-9629-55d0ca63618e,200,1,1,286,WordPress,by Bon Appetit - Got Pastry,good,,2026-06-22T12:56:09+00:00
bc77a5ad-2ee1-42a3-acf8-66123bde5576,0,0,0,79,,,broken,connection failed,2026-06-22T12:56:09+00:00
fc89a314-6249-4c55-aaa0-94a42791f98e,200,0,0,2170,,,weak,,2026-06-22T12:56:10+00:00
3036a65e-bef4-419c-8913-ea4b1de1221e,200,1,1,1006,Shopify,"Boho Bungalow -Home Decor &amp; Gift Boutique — Petaluma, Occidental, Paia",good,,2026-06-22T12:56:10+00:00
a3b16bd1-7955-4194-b80e-ad093059f995,503,0,0,1867,,,broken,,2026-06-22T12:56:10+00:00
4f8f4a30-8020-4f3b-a812-59d9e09f1556,200,1,1,428,Wix,Snoopy's Home Ice | Ice rink,good,,2026-06-22T12:56:10+00:00
aecb50b8-9f12-43be-a3bc-04e713c4d529,200,1,1,284,,T206Cards.com | Bay Area Card Shop &amp; Vintage Set Breaks,good,,2026-06-22T12:56:10+00:00
ccf075f9-0d28-48d4-8c5e-ec2c608c4df5,202,0,0,203,,,weak,,2026-06-22T12:56:10+00:00
28a5bdb0-8f2a-43db-9476-88cc0bca5de3,0,0,0,974,,,broken,connection failed,2026-06-22T12:56:10+00:00
fa7d550c-91c8-4893-a3ba-c8e40612bd9f,200,1,1,252,Squarespace,Fitch Fitness,good,,2026-06-22T12:56:10+00:00
1db9f798-0bb3-4626-800b-7756abe72b6a,200,1,1,359,GoDaddy,Marin Futsal &#8211; Official Indoor Sport of FIFA &#8211; Unleash Your Game!,good,,2026-06-22T12:56:10+00:00
b3ece468-5598-4f4a-b3e1-bb3baac2bd5e,405,1,1,303,,Human Verification,broken,,2026-06-22T12:56:11+00:00
a712a447-4f56-46ed-9a21-3ef66569a430,0,0,0,108,,,broken,connection failed,2026-06-22T12:56:11+00:00
54c20a6a-79ff-4269-9461-9a1619b1adfd,200,1,1,727,WordPress,"River Town Racers &#8211; A sprint kayak club in Petaluma, CA",good,,2026-06-22T12:56:11+00:00
193777c9-100c-465e-84c7-3bde3f4e608f,200,0,0,897,Joomla,Home - NorthBayFencing.com,weak,,2026-06-22T12:56:11+00:00
d58ca8ff-eaea-4ae6-b04a-309dc7be2a7d,0,0,0,15132,,,broken,connection failed,2026-06-22T12:56:11+00:00
5be24dc0-dedd-4dd6-beda-501419927ce2,0,0,0,123,,,broken,connection failed,2026-06-22T12:56:11+00:00
f89ea4a6-4c8d-414c-9747-92071e7d329a,0,0,0,46,,,broken,connection failed,2026-06-22T12:56:11+00:00
c100049e-4461-484c-81e3-e2f52a2cdf13,404,1,1,466,,StyleSeat - Online Booking for Hair Stylists & Beauty Professionals,broken,,2026-06-22T12:56:11+00:00
7d4d45c9-0478-4f90-b258-a2ccc1e5fb57,0,0,0,50,,,broken,connection failed,2026-06-22T12:56:11+00:00
3eebeb13-f7cb-4cac-b63a-77edc12c55a8,200,1,1,168,,Luxury Hand Tied Hair Extensions in Sonoma County | Bella Deva Beauty Scene,good,,2026-06-22T12:56:11+00:00
36be4c98-de58-4e49-8067-7d6e1c4b1fa4,0,0,0,106,,,broken,connection failed,2026-06-22T12:56:11+00:00
7b9ecd83-67fb-4f81-bb54-691652cbb940,0,0,0,48,,,broken,connection failed,2026-06-22T12:56:11+00:00
aaf15119-a760-4786-bc3c-7d9a0c06c7ce,0,0,0,141,,,broken,connection failed,2026-06-22T12:56:11+00:00
b0d5e4fe-e796-45c9-a6f4-e1dd5f179bc9,0,0,0,109,,,broken,connection failed,2026-06-22T12:56:11+00:00
1ea90f0d-6135-49c8-9d18-810220565b7f,0,0,0,78,,,broken,connection failed,2026-06-22T12:56:11+00:00
c8aae33b-30f7-4707-b4b0-f64f751ffb1d,0,0,0,204,,,broken,connection failed,2026-06-22T12:56:12+00:00
5badabcf-6478-48b3-a4ce-0d9279686395,404,1,1,1191,WordPress,404 - The Dailey Method,broken,,2026-06-22T12:56:12+00:00
447cf893-6c1d-44a1-8bc8-c5e94c31d6c0,0,0,0,100,,,broken,connection failed,2026-06-22T12:56:12+00:00
5800a692-4be1-44a8-9949-dde6f5e0d2fa,0,0,0,35,,,broken,connection failed,2026-06-22T12:56:12+00:00
1e14eec9-94e9-4e4b-a3f0-007c245a4f30,0,0,0,124,,,broken,connection failed,2026-06-22T12:56:12+00:00
78048c2b-38f6-4a24-b211-3c7afbbab195,200,0,1,638,,The Lion's Mane Salon - The Lion's Mane Salon,weak,,2026-06-22T12:56:12+00:00
0d128510-e54b-4820-aa3a-0d6a1a2a56ec,200,1,1,7993,GoDaddy,"Good Dawg Training - Private Dog Training, Positive Reinforcement",weak,,2026-06-22T12:56:12+00:00
84e969d0-c793-4f70-974f-190131379525,200,1,1,423,Shopify,R+Co | The Culture of Hairdressing,good,,2026-06-22T12:56:12+00:00
82fd2bca-d6ca-4f75-8f87-d67bb7e232d3,200,1,1,815,Shopify,Sensuous Beauty,good,,2026-06-22T12:56:12+00:00
50ea3bf7-56f5-4f30-813a-4d5e269ae7e6,402,1,1,220,Shopify,Store unavailable,broken,,2026-06-22T12:56:13+00:00
3749dddc-9eed-4b48-9b8a-b56345282bf3,404,1,1,887,Shopify,New U Life,broken,,2026-06-22T12:56:13+00:00
3630206d-2535-4c48-9c74-d6fb3577531b,200,1,1,928,Shopify,Burke&#39;s Naturals,good,,2026-06-22T12:56:13+00:00
d7b096a0-0240-4e71-a8a1-ab49ff72a8c7,403,0,0,153,,403 Forbidden,broken,,2026-06-22T12:56:13+00:00
cbcb90a6-971b-49ce-822f-103a5d994bf3,200,1,1,448,WordPress,"Commercial Cleaning in Santa Rosa, CA | Canary Clean LLC",good,,2026-06-22T12:56:13+00:00
03fd12fb-f25f-42f3-989e-bab3a0c14c1c,200,1,1,956,Shopify,"Shop Gluten Free Flours, Super Foods &amp; Spices – Quay Naturals",good,,2026-06-22T12:56:13+00:00
3d14598e-afca-4f29-856d-6ef4395a8330,200,0,0,196,,,weak,,2026-06-22T12:56:13+00:00
bfd301ed-9eed-4ca2-b22e-984e75b77993,200,1,1,345,WordPress,OTheater-ri - Blog about cinema and theater,good,,2026-06-22T12:56:13+00:00
bc61e952-3bdf-47a9-a87b-50617607195e,521,0,1,119,,invernessvalleyinn.com | 521: Web server is down,broken,,2026-06-22T12:56:13+00:00
3eabe757-5958-485a-88b3-9222d2bd3266,0,0,0,109,,,broken,connection failed,2026-06-22T12:56:13+00:00
21b64551-cf2d-48ab-9422-db71b2f9694f,200,1,1,181,WordPress,Meadowood Napa Valley | Napa Valley Resorts | Official Site,good,,2026-06-22T12:56:13+00:00
8946f8c3-8b82-49ec-a49a-b7cd7251a806,200,1,0,187,,IIS Windows Server,weak,,2026-06-22T12:56:14+00:00
7d3e1fa6-8e75-432e-8bd0-1619cfe0ede7,200,1,1,684,WordPress,Priscila Sparkle Cleaning,good,,2026-06-22T12:56:14+00:00
27d547bc-5fb8-4a66-8f8f-5c1c6053408a,0,0,0,32,,,broken,connection failed,2026-06-22T12:56:14+00:00
b985f495-e308-417f-969d-e45eaad02407,200,0,0,143,,,weak,,2026-06-22T12:56:14+00:00
34b11cc9-e5d6-4757-9a4c-835312296dd2,0,0,0,116,,,broken,connection failed,2026-06-22T12:56:14+00:00
98023396-cb75-4785-8af5-ce4070ef6b28,0,0,0,89,,,broken,connection failed,2026-06-22T12:56:14+00:00
56fd2b02-2e0b-42c0-a810-347c93a6b13c,0,0,0,101,,,broken,connection failed,2026-06-22T12:56:14+00:00
4c90379f-aaf5-40ca-b88c-1e6eaa411d80,0,0,0,140,,,broken,connection failed,2026-06-22T12:56:14+00:00
7948ae3a-93e9-4735-b031-f72e7125583e,403,1,1,117,,Just a moment...,broken,,2026-06-22T12:56:14+00:00
f278b357-0216-4847-8ece-7134eef4005d,0,0,0,10014,,,broken,connection failed,2026-06-22T12:56:14+00:00
6a9586f8-4006-4ecb-ba20-e7f5dfbd6ed4,200,1,1,531,,Trane,good,,2026-06-22T12:56:14+00:00
5e33153e-ddb4-4012-a0a4-dc25cf4abdde,200,0,1,3165,WordPress,NH2 Salon,weak,,2026-06-22T12:56:14+00:00
65c23f9e-b387-490c-9d46-1b7d666743e9,200,1,1,660,WordPress,"Heating and Air Conditioning Services in Petaluma, Santa Rosa &amp; Nearby Areas",good,,2026-06-22T12:56:15+00:00
770e6fa5-92b9-403f-829e-9124455a43a5,0,0,0,115,,,broken,connection failed,2026-06-22T12:56:15+00:00
8ea26cba-40d8-429c-ae10-7b19414ae086,200,1,1,1368,WordPress,Trusted HVAC Services in Sonoma and Marin County | Hulbert Heating &amp; Air,good,,2026-06-22T12:56:15+00:00
f5c15673-8ca8-4934-8085-adf98b2b040a,200,1,1,1635,,"EcoLux Home Services | HVAC, Heating &amp; Cooling in Sonoma, Marin, Napa",good,,2026-06-22T12:56:15+00:00
c4df2087-b0db-4931-a9af-49988178c07f,200,1,1,1432,WordPress,"Santa Rosa Licenced Heating, HVAC Contractor, Plumber &amp; Plumbing Company in Rohnert Park, Sebastopol &amp; Sonoma, CA",good,,2026-06-22T12:56:15+00:00
b1271b40-effe-411b-bc98-5c2897947627,0,0,0,162,,,broken,connection failed,2026-06-22T12:56:15+00:00
54f17646-a967-4680-ae40-f9a48b33c679,0,0,0,76,,,broken,connection failed,2026-06-22T12:56:16+00:00
1e6ba7b5-4240-4c86-b8a9-600c2ab7a94b,0,0,0,82,,,broken,connection failed,2026-06-22T12:56:16+00:00
967b237b-fd5f-4c6c-b8b4-9cd66f0b61af,0,0,0,110,,,broken,connection failed,2026-06-22T12:56:16+00:00
c72c9d91-5626-4c06-80ed-ea21a9ad2c11,0,0,0,279,,,broken,connection failed,2026-06-22T12:56:16+00:00
a5437c80-5436-41b6-9c2f-9b8677043a97,200,1,1,575,WordPress,Bay Area &amp; California Immigration Law Firm | Yasrebi Law,good,,2026-06-22T12:56:16+00:00
178fbc6e-9c30-4d3d-b155-ac5e9e352965,0,0,0,51,,,broken,connection failed,2026-06-22T12:56:16+00:00
23934fd7-bb21-4cc3-bff0-e34e8e981714,0,0,0,10017,,,broken,connection failed,2026-06-22T12:56:16+00:00
b711806e-87ae-437a-8d4e-7102a29eddea,404,1,0,351,Squarespace,Squarespace - Website Expired,broken,,2026-06-22T12:56:16+00:00
025fc792-c2d5-435b-b8bc-dca88027b682,0,0,0,113,,,broken,connection failed,2026-06-22T12:56:16+00:00
790c244f-185b-496c-b370-2c74df1b903b,0,0,0,62,,,broken,connection failed,2026-06-22T12:56:16+00:00
1863bbfb-da21-483b-a159-8b9894c88043,0,0,0,15156,,,broken,connection failed,2026-06-22T12:56:16+00:00
099e75a5-4671-4590-983d-6c69063a8079,200,1,1,2113,WordPress,Sonoma County HVAC Professionals | North HVAC Services,good,,2026-06-22T12:56:16+00:00
0713b26e-22d9-41b5-af81-22191941310d,0,0,0,106,,,broken,connection failed,2026-06-22T12:56:16+00:00
8a2fe855-55b9-47a0-89d5-ee66348618ed,200,1,1,532,Shopify,Cuevas Lopez Jewelry,good,,2026-06-22T12:56:16+00:00
8b7deb5e-a3f6-4396-bc31-47224edfce09,0,0,0,8,,,broken,connection failed,2026-06-22T12:56:16+00:00
86557522-5b4e-44d2-b0ae-c7dc00f3ffc4,200,1,0,577,,BCLAK Home,weak,,2026-06-22T12:56:17+00:00
5eb23908-6ffd-4c87-9ec7-469367ac1fba,200,1,1,452,Squarespace,Golden grove landscape,good,,2026-06-22T12:56:17+00:00
216b0f5f-e09e-4ab7-a2f8-e6f5b3cad1da,200,1,1,367,WordPress,,good,,2026-06-22T12:56:17+00:00
3831c7c8-1cfc-47f9-947e-aa87b2f0d51a,202,0,0,355,,,weak,,2026-06-22T12:56:17+00:00
f56d0863-46b5-493d-a97f-f3f7d31a3aca,0,0,0,211,,,broken,connection failed,2026-06-22T12:56:17+00:00
9895c2bf-529c-407a-b1df-2e99d8baa7bf,200,1,1,185,GoDaddy,OrtonLaw.com is for sale | HugeDomains,good,,2026-06-22T12:56:17+00:00
0bcb39c9-7fe9-4a51-b91c-2fa83931e3c4,200,1,1,384,Wix,West Marin Landscape Nursery,good,,2026-06-22T12:56:17+00:00
ab9f1485-3479-4515-882f-f3a8cd494690,200,0,0,336,,"Petaluma Personal Injury |Elder Abuse | Workers Compensation Lawyer| Charles A. Davis, Attorney at Law",weak,,2026-06-22T12:56:17+00:00
d5fb1333-2ee0-411c-8a50-6a8e171fb63a,0,0,0,21,,,broken,connection failed,2026-06-22T12:56:17+00:00
c7e5e08e-599a-4311-80f7-72404ac0f366,200,1,1,412,GoDaddy,Zellmer Law - Business and Real Estate Law,good,,2026-06-22T12:56:17+00:00
a7caa356-bfcb-408d-87ce-d89208d2c2fb,0,0,0,47,,,broken,connection failed,2026-06-22T12:56:17+00:00
909a74e8-0590-4cc5-a43d-16ba4b3f4ce2,200,1,1,1799,WordPress,Home - VJB Cellars,good,,2026-06-22T12:56:17+00:00
081b3191-854f-4c2d-8d5b-299ec3454502,0,0,0,10013,,,broken,connection failed,2026-06-22T12:56:17+00:00
f25b39b5-5aeb-4bf7-82de-25b648755979,0,0,0,49,,,broken,connection failed,2026-06-22T12:56:17+00:00
97335a29-0177-431a-a89b-4242fa5e9e54,202,0,0,106,,,weak,,2026-06-22T12:56:17+00:00
8124bf17-e92d-4f92-abb9-b253451b714a,200,0,1,784,WordPress,Gary R. Lieberman | Full service legal estate planning,weak,,2026-06-22T12:56:18+00:00
b7a8973d-fd41-433d-8a8e-e6d0805718e7,200,1,1,380,Squarespace,Bodywork Blog | Pain Relief &amp; Mobility Tips in Santa Rosa &mdash; Bodywork Remedies,good,,2026-06-22T12:56:18+00:00
8ef357ad-92dd-445d-b2ee-e304b733cf67,200,1,1,1572,WordPress,"Conway Law Trial Lawyers [Top-Rated 2026] Santa Rosa, CA",good,,2026-06-22T12:56:18+00:00
9f6f5712-b35f-4469-aa23-c38e80e96671,0,0,0,31,,,broken,connection failed,2026-06-22T12:56:18+00:00
ccd6896b-3bf8-49f1-a9db-c3764fd020ed,200,1,1,663,,Touch of Magick massage,good,,2026-06-22T12:56:18+00:00
3a788e8b-1e23-4478-ac15-17b5e25cf55b,200,1,1,975,Shopify,THOMAS TRAINING CLUB,good,,2026-06-22T12:56:18+00:00
2d0ed2ec-dd24-4f22-8fe8-87405ed745aa,0,0,0,116,,,broken,connection failed,2026-06-22T12:56:18+00:00
517522df-8263-445d-9e43-5d819951dbc2,200,1,1,1435,WordPress,Schafer's ATA Martial Arts | Petaluma Martial Arts Classes,good,,2026-06-22T12:56:18+00:00
005154c7-b96c-4a56-b7f9-dc9df9db9889,403,0,0,642,,,broken,,2026-06-22T12:56:18+00:00
29800a17-ed3a-4d87-9601-e092c22d2621,0,0,0,48,,,broken,connection failed,2026-06-22T12:56:19+00:00
4b9970de-2a50-40a9-9aad-bafaaadaf120,200,1,1,370,Wix,HOME | HealingHandsbyCindyUnited States Novato,good,,2026-06-22T12:56:19+00:00
8a52fbd9-be2d-45d6-a208-ded5f5fa13c6,200,1,1,5369,,KnobHill.com is For Sale | BrandBucket,weak,,2026-06-22T12:56:19+00:00
862ca5ad-6880-43c8-b5e4-092d98adc4c5,200,1,1,273,Wix,"Pain free Scar Tissue Release Therapy. MPS, Myofascial Massage &amp; More",good,,2026-06-22T12:56:19+00:00
5c9d01f2-5616-4489-bee4-ed3eb42fac55,200,1,1,386,Squarespace,RestorePoint Massage,good,,2026-06-22T12:56:19+00:00
96da47fe-d3bd-4cf5-908b-b09390db73ae,200,0,0,232,,Home Page,weak,,2026-06-22T12:56:19+00:00
ccb0873e-8058-4124-bd4f-d03c0d3cfbd5,200,0,0,692,,"Santa Rosa Massage Center, Chiropractor Santa Rosa, Sonoma County Massage Center",weak,,2026-06-22T12:56:19+00:00
a1267df2-e6de-4beb-a3ee-a13f6bdd5586,200,1,1,360,GoDaddy,Expert Sobadora Massage Therapy for Athletes,good,,2026-06-22T12:56:19+00:00
cbb31f7f-138b-4b7c-b76a-d611131bf35e,200,1,1,1401,WordPress,Gold Lotus Massage Spa &#8211; Booking Now,good,,2026-06-22T12:56:19+00:00
78c62ad4-1f6c-4180-9662-63218a0f382a,200,1,1,244,Webflow,"NUE Aesthetics | Wellness &amp; Beauty in Petaluma, CA",good,,2026-06-22T12:56:19+00:00
fa0554e3-8643-494c-95ed-b9c1e06493b7,202,0,0,137,,,weak,,2026-06-22T12:56:19+00:00
251649aa-a282-4dbe-924f-38e16e710c7a,404,1,1,475,Wix,,broken,,2026-06-22T12:56:19+00:00
126aa438-1b94-4d06-8aa7-e5f5e6c7363e,200,1,1,478,Squarespace,"Gigi&#39;s GlowLab, LLC | Medspa in Petaluma, CA, 94954 | Botox",good,,2026-06-22T12:56:19+00:00
b2196493-3787-420f-9e78-6d5c7c99cac9,200,1,1,241,Squarespace,Mario&#39;s Home Loans,good,,2026-06-22T12:56:19+00:00
de4f875a-da2c-4905-91a1-629aa110573b,200,0,1,283,,VIDEO TEPA MUSICA,weak,,2026-06-22T12:56:19+00:00
d7a9e3fa-e1b3-41c5-bf70-09eb84251361,200,1,1,1043,,Groupon® Official Site - Find Local Deals Near You,good,,2026-06-22T12:56:20+00:00
ae0c50ca-11ea-4cd2-a02a-c96b6565aa1f,200,1,1,131,,Signing Agent,good,,2026-06-22T12:56:20+00:00
28ff9e2b-5f46-4e79-8608-982a68352a4c,200,1,1,322,Wix,Panache Optical Gallery - Eyeglasses &amp; Sunglsses 760-322-7284,good,,2026-06-22T12:56:20+00:00
5da684f1-92b6-4a92-9ef7-99b841f4b514,200,1,1,1071,Wix,HOME | GLOSS NAILS,good,,2026-06-22T12:56:21+00:00
895b57bf-6636-4489-b3a9-e48c66c82ea2,200,1,1,1476,Wix,"Carlin's Cottage Court | Calistoga, CA",good,,2026-06-22T12:56:21+00:00
f3877b34-5eb1-4fdd-932d-e609bb047df7,0,0,0,10018,,,broken,connection failed,2026-06-22T12:56:21+00:00
c7ca00c4-c48e-4af9-badf-e05e1ac3fe04,200,1,1,1977,WordPress,Tami Smith VA Loan Expert - Tami Smith VA Loan Expert,good,,2026-06-22T12:56:21+00:00
8cbfc1d5-e4c2-4f2f-91ac-61cd194e0a95,200,1,1,1870,WordPress,Home - Ted Erickson | CA Mortgage Broker | Barrett Financial Group,good,,2026-06-22T12:56:21+00:00
ef5012d5-abf1-442d-bda2-fba79ee8c8d7,0,0,0,110,,,broken,connection failed,2026-06-22T12:56:21+00:00
57f1d74b-7e90-4781-b20d-0048e45f2672,202,0,0,146,,,weak,,2026-06-22T12:56:21+00:00
273af251-add0-4f33-98b7-87bda26f94dd,200,0,0,15,,Redirecting...,weak,,2026-06-22T12:56:21+00:00
e65c654d-4af8-45d0-a921-5d7248825201,404,1,1,2395,Webflow,Not Found,broken,,2026-06-22T12:56:21+00:00
5fd4bc88-9045-42b1-93f0-dd8180606add,200,1,1,584,,The Country Inn For Pets,good,,2026-06-22T12:56:21+00:00
94016f6b-82d4-4c2b-b974-538f44d9f260,200,0,0,291,,Our Best Friends: Gifts for Pets and Their People,weak,,2026-06-22T12:56:22+00:00
86969aad-0a27-42d9-a228-b0d0bb61ead1,200,1,1,339,WordPress,Home - Three Dog Bakery,good,,2026-06-22T12:56:22+00:00
b4a169cf-761e-42b5-8a5d-c7a19fa6568f,200,0,0,357,,,weak,,2026-06-22T12:56:22+00:00
6919015a-6420-445a-891f-8cb97afb9d22,0,0,0,39,,,broken,connection failed,2026-06-22T12:56:22+00:00
caa5adeb-36fb-4e85-9441-491823239816,200,1,1,881,WordPress,"Dog Daycare and Boarding in Petaluma, CA - Sniff and Wiggles Dog Resort, Sonoma County",good,,2026-06-22T12:56:22+00:00
97489793-9978-48ba-a156-79b7de01556b,403,1,1,64,,Just a moment...,broken,,2026-06-22T12:56:22+00:00
f90661f2-ffe7-41e2-9af7-592e3675478d,200,1,1,327,Squarespace,Santa Rosa Physical Therapy,good,,2026-06-22T12:56:22+00:00
5526aafa-129a-4a65-9cfc-46662b752eb1,200,1,1,1558,WordPress,"Cloverdale Orthodontist | Cloverdale Orthodontics | Cloverdale, CA",good,,2026-06-22T12:56:22+00:00
9e38c845-57e8-4f90-bed7-825408b5597c,202,0,0,73,,,weak,,2026-06-22T12:56:22+00:00
cb6e8411-1d8b-495e-b5b0-90c2b8c5bfa7,202,0,0,299,,,weak,,2026-06-22T12:56:22+00:00
8d626030-7e47-46cc-92bb-96291d2ea011,200,1,1,1419,WordPress,Inicio - Abogado de lesiones personales en Petaluma,good,,2026-06-22T12:56:22+00:00
57509584-a20b-4533-b654-0f5824bd1b98,0,0,0,122,,,broken,connection failed,2026-06-22T12:56:22+00:00
f95fa318-9396-44e1-ad99-583eb0beada7,0,0,0,120,,,broken,connection failed,2026-06-22T12:56:22+00:00
d9a52488-337b-4c5f-9ae2-715fa9ad526a,200,1,1,382,Squarespace,ACH Plumbing | Serving the Sonoma County &amp; Reno Areas,good,,2026-06-22T12:56:22+00:00
73f6bb2f-38f8-42d0-84e0-1002feb466c8,200,0,1,486,GoDaddy,Plumbing Repair Service | Professional & Fast | Call (833) 360-4213,weak,,2026-06-22T12:56:22+00:00
9933261c-f0ee-4ba9-b80e-1ccf3e1d8828,200,1,1,352,Wix,Swan Plumbing Inc | Plumbing and Fire Protection Santa Rosa,good,,2026-06-22T12:56:22+00:00
3b662565-55ac-408d-91ba-a82f46eda776,200,1,1,6659,WordPress,Lucia Antonelli | Contemporary Beaded Jewelry | Bespoke Wearable Art,weak,,2026-06-22T12:56:23+00:00
4757252c-523a-4621-83ab-25aa839bce16,409,0,1,269,,DNS resolution error | www.poolservicemarin.com | Cloudflare,broken,,2026-06-22T12:56:23+00:00
1382e46a-bbed-4156-93c5-e72719f36824,0,0,0,104,,,broken,connection failed,2026-06-22T12:56:23+00:00
35ce26ed-e910-468b-bace-33b17e8a04ab,200,1,1,896,,Healdsburg Plumbing - Trusted Local Plumbing in Sonoma County,good,,2026-06-22T12:56:23+00:00
9b1e74d3-85bc-4a6e-b2d2-31d9fb359563,200,1,1,614,Wix,Home | 1st Choice Spa Servi,good,,2026-06-22T12:56:23+00:00
214aec0b-171e-4397-909a-9ac1cd2f4844,0,0,0,116,,,broken,connection failed,2026-06-22T12:56:23+00:00
270d7196-735f-4608-afa5-2a2f92164f0b,0,0,0,29,,,broken,connection failed,2026-06-22T12:56:23+00:00
4e86d91b-2415-40ec-8f84-9c75cc418e57,200,1,1,216,,Graton Children&#39;s House website,good,,2026-06-22T12:56:23+00:00
92c641c8-3858-42a3-a9f7-1675776e18de,0,0,0,15120,,,broken,connection failed,2026-06-22T12:56:23+00:00
8a78e13d-3926-48e8-a623-6218bd2403d9,200,1,1,759,,"All Seasons Pool Service | Pool Repair | Petaluma, CA",good,,2026-06-22T12:56:23+00:00
75045973-6c47-44b9-a710-2e05c6a88c61,0,0,0,15170,,,broken,connection failed,2026-06-22T12:56:23+00:00
c11aead6-3e0d-4359-9b74-dbac06e6d7eb,200,1,1,303,,Aaron E. Sanchez | Your Real Estate Expert,good,,2026-06-22T12:56:23+00:00
556349de-286e-48d3-8b9c-634c2f477c10,200,1,1,606,GoDaddy,Precioustreasuredaycare,good,,2026-06-22T12:56:23+00:00
088be580-21a4-4d3f-9248-1e9ae7830976,200,1,1,294,,Petaluma Real Estate Agents | SOLD by J + J,good,,2026-06-22T12:56:23+00:00
5e985c0c-8372-420e-b01d-70e7a252ce4a,200,1,1,438,,Alex Chapman | Sales Associate | Corcoran,good,,2026-06-22T12:56:23+00:00
f588168f-eb7e-40d4-ad38-411acfc2953d,200,1,1,274,Squarespace,"Build, Buy or Renovate | Wine Country Real Estate Strategy | Caden Rouiller",good,,2026-06-22T12:56:24+00:00
bfb80afd-0a13-4817-ae05-32d18bec7d6b,200,1,1,613,,"Calistoga, CA - REMAX Gold",good,,2026-06-22T12:56:24+00:00
e40fd493-e718-4914-b160-5efe6adbdf1e,403,1,0,121,,ERROR: The request could not be satisfied,broken,,2026-06-22T12:56:24+00:00
d0231a57-ed53-4ade-b670-cf0a8589c6db,0,0,0,110,,,broken,connection failed,2026-06-22T12:56:24+00:00
ed3437c4-c3c8-4bf3-aa3f-5e627cfae5c1,200,1,1,2029,,"Main Sewer Camera Inspections &amp; Drain Clearing | Remons – Marin, Sonoma, Napa",good,,2026-06-22T12:56:24+00:00
f51d43f4-a988-4ea2-b205-3a48b3bb3ded,200,1,1,752,GoDaddy,Brenda Alarcon,good,,2026-06-22T12:56:24+00:00
213de10e-f1ca-43dc-994d-620ac96f19c1,200,1,1,482,,"Healdsburg, CA Real Estate Agent | Erik Terreri Homes",good,,2026-06-22T12:56:24+00:00
520f9910-fcea-47db-b72a-4406b872fb1c,200,1,1,1087,,Engel &amp; Völkers Americas: Global Recognition. Local Expertise.,good,,2026-06-22T12:56:25+00:00
8c134758-c64a-4765-a754-b30944c97040,200,1,1,1689,WordPress,Bill Schlutius,good,,2026-06-22T12:56:25+00:00
c54bf766-ba3f-40be-a6ff-f256cd6cd302,200,1,1,458,Wix,"Diem Martin | Realtor® | Best Buyer Seller Agent | Sonoma County, CA, USA",good,,2026-06-22T12:56:25+00:00
9a7b96ca-91b3-4093-ada2-db3aa934ce84,200,1,1,863,WordPress,Home - Dave Fahrner,good,,2026-06-22T12:56:25+00:00
396d3e78-b446-4082-b7ad-62d946975c11,0,0,0,110,,,broken,connection failed,2026-06-22T12:56:25+00:00
ca24c738-f2e5-47d3-ab31-57c029d8323a,0,0,0,119,,,broken,connection failed,2026-06-22T12:56:25+00:00
0fd53dbf-34a5-4180-a126-c47aa8d04615,200,1,1,1159,WordPress,Home - Kristie Martinelli,good,,2026-06-22T12:56:25+00:00
df5ac55e-b5d3-4e4b-95f5-3205ae4a2466,202,1,0,132,,,weak,,2026-06-22T12:56:25+00:00
f31ea8cb-8a75-4afa-809f-8999179a594a,200,1,1,1425,GoDaddy,Structural Concrete Repair Houston Texas &#8211; Repairing or Building Your Structural Needs,good,,2026-06-22T12:56:25+00:00
e48433bb-0bfd-4ec4-a0af-b2fc10eae039,200,1,1,375,,Gabriela Urquiza Yob,good,,2026-06-22T12:56:25+00:00
04f4a7d7-fa31-4b3f-8e24-5a03e7e26ac4,200,1,0,380,,Healdsburg Luxury Living by Realtor Emily Martin - YouTube,weak,,2026-06-22T12:56:26+00:00
7d396af2-3cb1-41ce-91b2-fd51c66692f7,503,1,0,419,,,broken,,2026-06-22T12:56:26+00:00
e1bf9610-e650-4cb7-9350-360f3f695fa8,200,1,1,600,,Engel &amp; Völkers Americas: Global Recognition. Local Expertise.,good,,2026-06-22T12:56:26+00:00
52917ae3-8cf0-4f4e-86df-72a995e42c39,200,1,1,578,,Apartment Complexes | Apartments to Rent in CA | Kadami Enterprises,good,,2026-06-22T12:56:26+00:00
c685eeae-a731-4dad-b0d6-19e86334fe1a,503,1,0,407,,,broken,,2026-06-22T12:56:26+00:00
d38ee3b0-84b8-4e50-a0de-22a9b3c6a42a,403,1,1,221,,Access to this page has been denied,broken,,2026-06-22T12:56:26+00:00
7f565abd-7034-4a2f-94e1-e7bf13618588,403,1,1,82,,Just a moment...,broken,,2026-06-22T12:56:26+00:00
8872b3a6-d04a-4f3d-9fa6-de204ea1a9dc,200,1,1,2044,,"Diane Sutton Instacard | Middletown, CA REALTORÂ® | Middletown CA 95461 NextHome Experiences",good,,2026-06-22T12:56:26+00:00
6fda67d5-cec5-40e8-8033-4f68a5fc5608,200,1,1,441,,"Katie Vormelker, Real Estate Agent - Compass",good,,2026-06-22T12:56:26+00:00
f0e8aef1-64b5-49c9-b9f8-3063c8b2aa29,200,1,1,850,,Santa Rosa CA Real Estate & Homes for Sale | Luxe Places International Realty-Santa Rosa,good,,2026-06-22T12:56:26+00:00
99a18f0b-187e-44b2-858a-2cefe9580e43,200,1,1,821,,Homes for Sale in Petaluma and all of Sonoma County,good,,2026-06-22T12:56:27+00:00
e9ca9f65-a71f-4c30-a397-cbf08fb4d23e,0,0,0,23,,,broken,connection failed,2026-06-22T12:56:27+00:00
361d71c7-caa5-4407-b704-d0b7e20e40a8,200,1,1,372,Squarespace,Laura Hall Homes,good,,2026-06-22T12:56:27+00:00
bd7dc4b5-b645-4081-995c-8526f6a7c7ad,200,1,1,3336,WordPress,"Bill Dardon, REALTOR® &#8211; With over 40 years in the real estate business, experience, service, and integrity is my motto!",good,,2026-06-22T12:56:27+00:00
c019e27a-b0a9-4bcd-b4d8-7394868ae79d,0,0,0,231,,,broken,connection failed,2026-06-22T12:56:27+00:00
65447ba9-c312-40e3-98fd-4c6f70a6a0af,0,0,0,286,,,broken,connection failed,2026-06-22T12:56:27+00:00
3cdd6da1-4480-494b-9642-8b594fb674a6,200,1,1,507,GoDaddy,cal.casa,good,,2026-06-22T12:56:27+00:00
3ea108d4-e5ab-4441-9dbc-4eb9df510ddf,200,1,1,543,GoDaddy,Martha O&#x27;Hayer,good,,2026-06-22T12:56:27+00:00
9e971051-73d3-44cf-ab85-863e52ec0fe6,200,0,1,346,,Melany Bryan,weak,,2026-06-22T12:56:27+00:00
81009ba6-449c-4407-865a-210c1eaa29c0,200,1,1,761,,Home Estimate - Find out what your home is worth | www.mattinlow.com,good,,2026-06-22T12:56:28+00:00
8f9f3031-a68e-4914-ae62-39b98971857f,200,1,1,549,WordPress,Mike Bertolucci,good,,2026-06-22T12:56:28+00:00
2413cf20-b8c9-4a8b-a482-08df3e699cdc,200,1,1,458,,"Molly Stokeld, Real Estate Agent - Compass",good,,2026-06-22T12:56:28+00:00
8539bb20-4610-4cc3-881f-c34cbaffb645,200,1,1,2777,WordPress,Jennifer Ishihara,good,,2026-06-22T12:56:28+00:00
88a39cf0-f704-4b33-b53c-ab96917a9a83,403,1,0,170,,ERROR: The request could not be satisfied,broken,,2026-06-22T12:56:28+00:00
d7dc1d3f-c24e-4fc6-96fd-d3fca727a75f,200,1,1,522,,"Ellen Lesher, Real Estate Agent - Compass",good,,2026-06-22T12:56:29+00:00
c474617b-993a-4986-97bf-5a8a65b8e219,200,1,1,1513,WordPress,Diamond Real Estate Group &#8211; Luxury &amp; Investment Real Estate,good,,2026-06-22T12:56:29+00:00
e00b0128-b521-4c04-b8b1-cf7d0a87c8f2,200,1,1,1807,WordPress,Home - Mary Miller Real Estate,good,,2026-06-22T12:56:29+00:00
55a37ce6-05b7-4e86-911f-2a5606aa9da6,200,1,1,2585,WordPress,Linda Homer,good,,2026-06-22T12:56:29+00:00
4a3250b3-3b13-42b5-807e-27819b5fa137,503,1,0,501,,,broken,,2026-06-22T12:56:29+00:00
7376788f-c3b9-4016-a32b-0d829cf80890,200,1,1,808,,Home | Pat Kelly | Berkshire Hathaway HomeServices,good,,2026-06-22T12:56:29+00:00
8aad57e6-d328-4239-a2e1-d7877fc1c940,200,1,1,599,,Top California Real Estate Agents | Reserve Properties,good,,2026-06-22T12:56:29+00:00
ed80bede-80b1-4035-94b3-1044700cadda,200,1,1,2748,WordPress,Home - Lori Lafranchi,good,,2026-06-22T12:56:29+00:00
7a96c758-4ed3-4c01-b8fd-dedcc280b885,404,0,0,282,Squarespace,Squarespace - Domain Not Claimed,broken,,2026-06-22T12:56:29+00:00
422d6629-af27-468b-a659-e5c58c95f816,200,1,1,365,,"Scott Symon, Real Estate Agent - Compass",good,,2026-06-22T12:56:29+00:00
725b2b37-5e5a-4425-8675-d944632a1ecb,200,1,1,494,,"Helaine Forte, Wine Country Real Estate, Sonoma - Napa Wine Country Real Estate | Sotheby&#x27;s International Realty, Inc.",good,,2026-06-22T12:56:30+00:00
3b19441b-c641-4f38-be6e-0129ee08dbf4,200,1,1,495,Squarespace,Sheila&#39;s Homepage,good,,2026-06-22T12:56:30+00:00
4491d240-db51-4d3a-8954-b62d7bab98fd,200,1,1,484,GoDaddy,At Home in Sonoma County,good,,2026-06-22T12:56:30+00:00
73a82e78-c1a5-4808-bf32-05bed8a8b1af,200,1,1,248,,Sonoma Real Estate Agent â Discover Luxury Living,good,,2026-06-22T12:56:30+00:00
5e68fc0d-73ea-479e-b859-3a58094e4aa3,200,1,1,1172,WordPress,Juan Ramirez,good,,2026-06-22T12:56:30+00:00
88f41936-6eaa-4daf-bf64-3d37e8bd3bbd,200,1,1,269,GoDaddy,Sonoma County Real Estate Agent - Tracy Nevill,good,,2026-06-22T12:56:30+00:00
6dc5ae5b-5604-420d-82b2-641b0295f5f7,200,1,1,8131,GoDaddy,SANDEENPLUMBING.COM,weak,,2026-06-22T12:56:30+00:00
41f749f7-ab3f-4a27-a547-ce0bfeb7554f,0,0,0,109,,,broken,connection failed,2026-06-22T12:56:30+00:00
9e428d6a-5146-4035-beed-80db77746567,200,1,1,257,GoDaddy,Authentic Indian Cuisine in Santa Rosa - Mint Cuisine,good,,2026-06-22T12:56:30+00:00
ee71a667-c909-46d2-b6f1-18cbe1a061f9,403,1,0,498,,rh.com,broken,,2026-06-22T12:56:31+00:00
dd64d108-a32d-4de7-82b7-0becacaa614c,200,1,1,377,Squarespace,Farmhouse Sonoma,good,,2026-06-22T12:56:31+00:00
4615a8bf-359f-4960-8c4b-d556145d2e3a,200,1,1,1243,WordPress,Todd &amp; Lisa Sheppard,good,,2026-06-22T12:56:31+00:00
71a72f4b-bad3-40bf-986a-327c60715bee,200,1,1,370,Squarespace,With Thyme Provisions,good,,2026-06-22T12:56:31+00:00
947a16c4-8b33-40bc-a4e8-aa5217766b81,202,0,0,115,,,weak,,2026-06-22T12:56:31+00:00
eafe436c-055f-4095-b274-53bd9d765d04,200,1,1,1459,Squarespace,3 Alarm Grill,good,,2026-06-22T12:56:31+00:00
1f41f906-f71a-49ac-8e7c-3918173c8df2,200,1,1,379,Webflow,Fernwood Senior Living,good,,2026-06-22T12:56:31+00:00
c8354fbb-fb79-4d39-a309-2a6c43ec8067,200,1,1,362,,"Golden Years Retreat Inc | Luxury Senior Care in Santa Rosa, CA",good,,2026-06-22T12:56:31+00:00
f4502b79-476d-4de5-8930-e98787a6ce61,200,1,1,9038,GoDaddy,Minadeo pool construction,weak,,2026-06-22T12:56:32+00:00
d7c98166-34fe-4d15-96be-273669eeb948,200,1,1,2016,WordPress,Premier Homes &amp; Country Estates | Premier Homes &amp; Country Estates,good,,2026-06-22T12:56:32+00:00
160e1686-fc64-412a-932f-f52400814daf,200,1,1,194,Weebly,E. Sanchez Roofing - Your Expert Roofing Partner,good,,2026-06-22T12:56:32+00:00
08dd791f-922a-4fb8-bd68-89fc90c635c3,200,1,1,966,WordPress,Worth Our Weight,good,,2026-06-22T12:56:32+00:00
6769a427-8838-4676-8e2b-5f848ab8d549,200,1,1,2653,WordPress,Home - Seeking Sonoma,good,,2026-06-22T12:56:32+00:00
6b47e16c-d20a-44a8-b2bc-0af3b17d2668,0,0,0,114,,,broken,connection failed,2026-06-22T12:56:32+00:00
6906c2ff-4504-498b-8b23-d8229d3f51fd,200,1,1,453,Wix,"Solar Roofing Contractor Near Petaluma, Santa Rosa &amp; Sonoma County",good,,2026-06-22T12:56:32+00:00
7a8c7566-3f38-4250-b1e9-902de378a013,0,0,0,15144,,,broken,connection failed,2026-06-22T12:56:32+00:00
b625d7e3-cce5-48c3-8995-e1f1c8626bb8,200,1,1,207,WordPress,Timber Cove Resort | Oceanfront Escape on the Sonoma Coast,good,,2026-06-22T12:56:32+00:00
b254c74a-0a43-4eba-b5d6-8ff8fa4a8bf3,200,1,1,369,,"Roofing Services | Petaluma, CA | GTZ Roofing",good,,2026-06-22T12:56:32+00:00
7ce47f10-5c2c-4124-b2f9-9fd1121011ef,200,1,1,772,WordPress,Nightingale Care Home &#8211; Where compassionate care meets the comfort of home in Santa Rosa.,good,,2026-06-22T12:56:32+00:00
f95a88de-ce11-4c5a-b03b-c172a40be336,200,1,1,560,,", description, canonical, robots, OpenGraph, and Twitter tags are owned by the <SEO> component (react-helmet-async). Do not add duplicates here — Helmet does not dedupe pre-existing static tags, which",good,,2026-06-22T12:56:32+00:00
0c91a122-952a-4278-b9ce-c5046ead2428,200,1,1,355,Weebly,Appointments | A healthy skin is a beautiful skin that doesn't need to be covered or hidden,good,,2026-06-22T12:56:32+00:00
8be2d1ba-1d13-4b46-9288-f268f0740fa1,200,0,1,293,Weebly,"Skin Obsession - Skin Obsession Spa - Spa Services for Santa Rosa, Sonoma County",weak,,2026-06-22T12:56:32+00:00
eae0e5ac-05d7-41a5-84d9-2dc285549e14,200,1,1,328,Wix,Home | mama zara empanadas,good,,2026-06-22T12:56:32+00:00
4ac7c4da-abca-4720-9f77-de296a6dafff,200,0,0,126,,Redirecting...,weak,,2026-06-22T12:56:32+00:00
5bb15a5a-be4c-4ebd-8d1d-2502a154d437,202,1,0,304,,,weak,,2026-06-22T12:56:32+00:00
66260e20-41e0-4667-87b0-f25d13b09217,200,0,1,610,,Domain Parked,weak,,2026-06-22T12:56:32+00:00
6cc83269-7f03-4fc7-bce4-65b59ed45ec3,0,0,0,221,,,broken,connection failed,2026-06-22T12:56:32+00:00
48bfcd89-dba1-48e8-9d76-f465418eb978,202,0,0,148,,,weak,,2026-06-22T12:56:33+00:00
6b0f333b-fe16-4c0f-b0c2-54bea34e9785,200,1,1,660,Squarespace,ROOTED,good,,2026-06-22T12:56:33+00:00
0185a37b-f87d-476a-b3dc-b4b993e38c8d,0,0,0,49,,,broken,connection failed,2026-06-22T12:56:33+00:00
9803e66e-7a63-4d67-b065-e30cbaec7c04,200,1,1,387,Webflow,"All-In-One Salon, Spa &amp; Medspa Software | GlossGenius",good,,2026-06-22T12:56:33+00:00
338f4507-bbbe-4deb-8735-b3c17e284d05,200,1,1,884,,"Bella Pagan Esthetics | Health &amp; Beauty in Santa Rosa, CA",good,,2026-06-22T12:56:33+00:00
526656a5-ad6f-4784-8449-e77e353ca80e,403,1,1,319,,Just a moment...,broken,,2026-06-22T12:56:33+00:00
eb0500d9-d446-4d3e-882e-447e50c14fc9,0,0,0,109,,,broken,connection failed,2026-06-22T12:56:33+00:00
978a1bc2-4135-449a-aeaa-c660959db3b9,200,1,1,167,,Online Ordering | Clover,good,,2026-06-22T12:56:33+00:00
e2e8dfb7-1bae-4898-8868-42679b24838a,200,1,1,499,Shopify,Dermatologist-Developed Skincare Products | Dr. Bailey Skin Care,good,,2026-06-22T12:56:33+00:00
c19936f6-4506-468e-94b2-93bf8fa31c99,200,1,1,690,Squarespace,Diamond Water Spa Care,good,,2026-06-22T12:56:33+00:00
a6e158b0-ebbd-44ac-8f91-dcf8413d3f87,200,1,1,456,,"Bare And Bronzed Studio | Esthetician in Petaluma, CA",good,,2026-06-22T12:56:33+00:00
1c7e3e06-db65-41bf-8094-8e7718d74352,200,1,1,632,WordPress,สล็อตเว็บตรง ยอดนิยม 2026 สล็อตวอเลท RTP สล็อต เปอร์เซ็นต์สูงที่สุด,good,,2026-06-22T12:56:33+00:00
807547d2-873e-4c8e-b333-4b8821569a51,200,1,1,766,,BaseCamp Performance Collective | Bridging Rehab and Perform,good,,2026-06-22T12:56:33+00:00
fcee532c-ba36-45ab-b7e7-285594977aef,200,1,1,386,GoDaddy,Sacredsagetattoo,good,,2026-06-22T12:56:33+00:00
89374abc-a784-4415-bb26-184fec637524,200,1,1,923,WordPress,"Jaiyen Spa | Relax, Rejuvenate,Rebalance",good,,2026-06-22T12:56:33+00:00
6bdf6be8-5ca8-44c3-b931-16e565ed1124,200,0,0,593,,,weak,,2026-06-22T12:56:33+00:00
e348065e-6c36-42ff-ad14-b40ac1caf51b,0,0,0,165,,,broken,connection failed,2026-06-22T12:56:33+00:00
30f98d5f-f3d3-458a-a190-5af6b9664691,200,1,1,197,,East Petaluma Animal Hospital | Best Vet in Petaluma,good,,2026-06-22T12:56:34+00:00
112e89d4-d670-47cb-b8fa-aafcd843edc6,200,1,1,356,Wix,Sonoma Equine | Equine Veterinarian | Sonoma CA,good,,2026-06-22T12:56:34+00:00
bf958165-fd17-4294-8639-d49cdf39a118,200,1,1,647,GoDaddy,AIM Tires: Sonoma Experts in Racing &amp;amp; Performance Tires,good,,2026-06-22T12:56:34+00:00
ca74eddd-71ac-4161-9ef0-e688d536288f,200,1,1,274,GoDaddy,Wedding Officiant Sonoma | Wine Country Wedding Officiant,good,,2026-06-22T12:56:34+00:00
c6cab8ba-eadb-4cc3-8f3c-0f0af04ecd0a,200,1,1,1287,,Mau Bawa Pulang Laptop ? GTATOGEL Platform Toto Togel 4D Bet 1k Jebol Bisa Beli Laptop ROG,good,,2026-06-22T12:56:34+00:00
8ee0db62-a32f-4881-83f9-84576e29068a,200,1,1,552,Shopify,Kanzler Family Vineyards,good,,2026-06-22T12:56:34+00:00
3fb7c983-a825-4040-b92c-8cacd489bb4d,200,1,1,131,WordPress,Home - Amizetta Estate Winery,good,,2026-06-22T12:56:34+00:00
dcd845ee-704c-4d29-8aa7-8974ef5c9e31,200,1,1,589,,Korbin Kameron,good,,2026-06-22T12:56:34+00:00
6bedc0f7-adea-41a8-bf18-c8c8131ea5cc,0,0,0,15864,,,broken,connection failed,2026-06-22T12:56:35+00:00
1887d6b2-b34b-442d-9fa0-4895f59d6ada,200,1,1,336,WordPress,Natural Wine Vegan Wine in California | Martin Pohl Wines,good,,2026-06-22T12:56:35+00:00
c51327e8-d283-4c15-bab4-92851daf3038,202,0,0,173,,,weak,,2026-06-22T12:56:35+00:00
32bb301a-c349-40a3-b01a-d9bfc3db5213,200,0,1,201,Squarespace,Chateau Boswell Winery,weak,,2026-06-22T12:56:35+00:00
4bf8b396-a37e-4ef0-b2e8-2c41d8405fce,200,1,1,619,WordPress,"BobDog Wines: We are the Highest Winery in Sonoma County, All Mountain, All Red",good,,2026-06-22T12:56:35+00:00
4e802e22-351d-4695-8220-d97bd9eeea0c,200,1,1,367,WordPress,Checkerboard Vineyards - Checkerboard Vineyards,good,,2026-06-22T12:56:35+00:00
527790d3-640c-4fcb-8c95-42432ba1918c,0,0,0,15197,,,broken,connection failed,2026-06-22T12:56:36+00:00
5cb9d567-e46e-409e-a3a7-74e6887112b3,202,1,0,393,,,weak,,2026-06-22T12:56:36+00:00
39d193f3-3ae8-4c8b-8548-1da34c3c3b7a,200,1,1,203,,House of Far Niente | Napa Valley Wineries &amp; Vineyards,good,,2026-06-22T12:56:36+00:00
09141f77-2b08-4a79-acdc-8f13aa733a09,200,1,1,1973,WordPress,Home - Ramazzotti Wines,good,,2026-06-22T12:56:36+00:00
eb8bddeb-f28d-42e5-ad74-ec5f2484d663,200,1,1,285,WordPress,Home - Flowers Vineyards &amp; Winery,good,,2026-06-22T12:56:36+00:00
a0007007-c70e-490e-8ffc-c98ad015c485,200,1,1,429,Wix,HOME | Gourmet Food,good,,2026-06-22T12:56:37+00:00
fe7369ae-ca4b-4dc9-9b35-c6c7d05c4347,200,0,1,470,,harrisestatevineyards.com&nbsp;-&nbsp;harrisestatevineyards Resources and Information.,weak,,2026-06-22T12:56:37+00:00
c02845e1-730d-4af1-bc83-d7b97781fd99,0,0,0,1092,,,broken,connection failed,2026-06-22T12:56:37+00:00
122dad50-cf5b-41f2-b8a2-4fb36c74c330,200,1,1,653,WordPress,"Welcome to Heimark Vineyard, a winery in Napa Valley",good,,2026-06-22T12:56:37+00:00
bd4e6356-d862-4383-98e5-2ddab595cef2,200,1,1,383,Wix,HOME | Kelham Vineyards,good,,2026-06-22T12:56:37+00:00
c6b6d592-5c58-46f1-bffa-1c0421d028cf,200,1,1,181,GoDaddy,"Kobler Estate Winery &#8211; Each Kobler Estate wine tells a story of place and passion. Sourced from select vineyards in the Russian River Valley, our small-lot, handcrafted wines capture the land’s ",good,,2026-06-22T12:56:37+00:00
d2f359a0-65dc-474f-929f-88c31d9b2d9a,200,1,1,695,,Macauley Vineyard,good,,2026-06-22T12:56:38+00:00
59ef3311-6220-4f10-a44d-537705e3168a,200,1,1,4604,,"Sonoma Veterinary Clinic - Veterinary care in Sonoma, CA",weak,,2026-06-22T12:56:38+00:00
076b120c-f5b1-4a21-a47d-4f9fa8baf003,200,1,1,902,WordPress,Discover Merry Edwards Winery and Vineyards - Merry Edwards,good,,2026-06-22T12:56:38+00:00
840bc6bd-1b3d-40af-a0b8-a983f79e933d,200,1,1,5649,WordPress,La Bella Sole Tanning Lounge,weak,,2026-06-22T12:56:38+00:00
6bea40a5-22d9-40b5-a6ef-0d15d89b51b8,200,1,1,326,,"Post &amp; Beam Wines | Cabernet Sauvignon, Pinot Noirs &amp; Chardonnay",good,,2026-06-22T12:56:39+00:00
05de64c3-bf67-4e74-ae42-4f7fae902687,200,1,1,508,Wix,Home | Rios Farming Co.,good,,2026-06-22T12:56:39+00:00
78f34945-9704-4a5a-bc45-fa69fa9fd07d,200,1,1,386,Squarespace,Roche Sonoma Winery,good,,2026-06-22T12:56:39+00:00
40d891de-422a-439d-b875-03a696e436f0,403,0,0,217,,,broken,,2026-06-22T12:56:39+00:00
f8449750-423e-4ebe-8dc4-57c2edbca404,0,0,0,131,,,broken,connection failed,2026-06-22T12:56:39+00:00
dd7f1e34-16cb-462d-b91d-52b7a7d5cfe4,200,1,1,5929,WordPress,Guitar Teacher | Solo Performer | Santa Rosa,weak,,2026-06-22T12:56:39+00:00
240c4252-1ef7-46e4-a3b2-4989c49c0567,200,1,1,2415,WordPress,Kazi Cellars,good,,2026-06-22T12:56:39+00:00
56befbe9-e17f-44c5-b5e5-8ebb971656c9,200,0,1,564,,shwc.com&nbsp;-&nbsp;This website is for sale!&nbsp;-&nbsp;shwc Resources and Information.,weak,,2026-06-22T12:56:40+00:00
5b899607-bedb-4ac1-b628-1d8cd6f5a8ad,200,1,1,603,GoDaddy,Spann Vineyards - Subscribe to Our Biweekly Blog,good,,2026-06-22T12:56:40+00:00
82035704-738f-47e7-8ccc-326d6c8d62cb,200,1,1,1669,WordPress,"Amici Cellars | Wine made by friends, for friends.",good,,2026-06-22T12:56:40+00:00
ed131b28-084d-438b-82d9-dcee1fa5d385,200,1,1,1575,WordPress,Current Release &#8211; SHUNYI CELLARS,good,,2026-06-22T12:56:41+00:00
4cbe1ce2-a41a-45f5-b117-8ed933c4f357,200,1,1,12292,WordPress,Shelby Manoukian-Vyborny | Sonoma County Realtor® &amp; Local Expert,weak,,2026-06-22T12:56:42+00:00
8a80caf7-9c0a-470e-8f4c-685bdd948e80,200,1,1,4678,WordPress,Mountain Terraces Winery | Part of the Ledson Collection,weak,,2026-06-22T12:56:43+00:00
580e22ae-5cb3-4c05-8e8c-fbe7b1ea797b,0,0,0,15061,,,broken,connection failed,2026-06-22T12:56:43+00:00
8b87f3bc-89a7-4843-b8da-8baf0387ed81,0,0,0,10014,,,broken,connection failed,2026-06-22T12:56:43+00:00
060a9591-a233-496c-931f-48ff61305b95,0,0,0,10013,,,broken,connection failed,2026-06-22T12:56:44+00:00
0d66b06a-0ab4-4c78-ab98-4493b58c59e2,0,0,0,15212,,,broken,connection failed,2026-06-22T12:56:49+00:00
d74d4ec3-4dfc-49c2-a9c8-3b22997177bd,0,0,0,15142,,,broken,connection failed,2026-06-22T12:56:51+00:00
9cf42baf-cbd0-4cb8-ae3d-19c772bba246,200,1,1,188,Squarespace,Grace Yoga,good,,2026-06-29T12:00:13+00:00
dc0f7f26-982a-4d5a-8ee6-c7cdf6f6d16f,200,1,1,199,WordPress,"Home - J. Rochioli Vineyard &amp; Winery, LLC",good,,2026-06-29T12:00:13+00:00
7deb725a-1d40-4156-ae18-1ebc95e14d65,200,1,1,243,Webflow,"Summers Estate Wines – A family owned winery in Napa Valley, California",good,,2026-06-29T12:00:13+00:00
33c03ba0-1331-4ce3-9c90-b5d33835ee5f,0,0,0,40,,,broken,connection failed,2026-06-29T12:00:13+00:00
cbae24ed-c48e-4305-b1fd-7fd88a2cda99,200,1,1,286,Wix,North End | Women's Clothing &amp; Accessories,good,,2026-06-29T12:00:13+00:00
e743943e-fff5-45ab-b976-a032ce5f0eb7,200,1,1,303,,Home,good,,2026-06-29T12:00:13+00:00
c81a61ae-1c20-431e-9d62-efaa3ca8e623,200,0,0,313,,New Home Page for www.vineyardsinn.com,weak,,2026-06-29T12:00:13+00:00
8e7e238f-3cfd-4f1c-a0af-d75a1e4b55cb,202,0,0,323,,,weak,,2026-06-29T12:00:13+00:00
7f937c55-6c48-4eb3-a702-fdd5afb0162e,200,1,1,532,WordPress,Ann Austin Yoga,good,,2026-06-29T12:00:14+00:00
f6c5d461-7ba8-4b8b-acb3-d0c989ab7f2e,200,1,1,342,Weebly,Kashi Ananda Yoga - Home,good,,2026-06-29T12:00:14+00:00
d4962bb3-2d21-4fa2-8e6d-0f3b9bfb819e,200,1,1,244,Squarespace,Cap&#39;n Mike&#39;s Holy Smoke LLC,good,,2026-06-29T12:00:14+00:00
3f47953d-4aed-4cee-bc93-22fc1e3c6b78,200,1,1,794,Shopify,A New Kind of Wine Company &ndash; Uproot Wines,good,,2026-06-29T12:00:14+00:00
45ff5e8c-67c5-4a1c-bf0d-6942788386f7,200,0,0,524,,Schedule at Yoga Studio Ganesha,weak,,2026-06-29T12:00:14+00:00
6841fe1c-3659-4a68-b9ca-cea96af6eeca,200,1,1,851,,Trust Wine,good,,2026-06-29T12:00:14+00:00
75a5226b-59b6-4b7d-b603-81dac6c2b0c9,202,1,0,343,,,weak,,2026-06-29T12:00:14+00:00
88cf2ae8-3f25-4cd9-8a20-088eeee4a6a0,200,1,1,364,Wix,About Us | Saint Vincent de Paul Sonoma County | United States,good,,2026-06-29T12:00:14+00:00
db05b651-12b1-46b9-8a1f-074c696d4ce5,200,1,1,259,GoDaddy,White Rose Antiques,good,,2026-06-29T12:00:14+00:00
bbdecf36-6e89-404e-9f4f-0250bc0eb1df,404,0,0,251,,Error 404 (Not Found)!!1,broken,,2026-06-29T12:00:14+00:00
0cabeef2-044b-419f-a2ca-f0dc9f5e9d81,0,0,0,49,,,broken,connection failed,2026-06-29T12:00:14+00:00
e81cb65b-1f97-4b17-b0c4-582021398bc3,200,1,1,341,WordPress,"Best Detailing Services Santa Rosa CA | Nook And Cranny Mobile Detailing, Inc",good,,2026-06-29T12:00:14+00:00
fb5dfd84-5a16-4d04-a5da-dba844029a50,200,1,1,877,Shopify,Artefact Curator,good,,2026-06-29T12:00:14+00:00
1400b81b-1e92-4463-bdf7-fd2a212b0b02,0,0,0,48,,,broken,connection failed,2026-06-29T12:00:14+00:00
4d5ea4ad-61f5-4a78-abb3-66d1845ae60b,200,1,1,462,,Rohnert Park Auto Repair | A.C.E. Automotive - A.C.E. Automotive,good,,2026-06-29T12:00:15+00:00
0d20b10f-13b4-401e-869b-dff91e8062a6,200,0,0,207,,Mirror Images Mobile Auto Detailing,weak,,2026-06-29T12:00:15+00:00
cc42b313-b3f9-4d5a-b83d-7015158d13e3,200,0,0,212,,Windshield Guyz,weak,,2026-06-29T12:00:15+00:00
70b572f4-8682-4a31-afca-c26c6276cf66,403,1,1,176,,Just a moment...,broken,,2026-06-29T12:00:15+00:00
de212705-c425-4f64-b1aa-db3806158a0f,200,1,1,157,,"Delicious Cakes for Birthdays, Weddings and More | Same Day Pickup &amp; Delivery Available - Nothing Bundt Cakes",good,,2026-06-29T12:00:15+00:00
906a0312-12c5-46fd-95d7-4840e681f376,200,1,1,563,,"C &amp; L Motors Inc. – Car Dealer in Santa Rosa, CA",good,,2026-06-29T12:00:15+00:00
553b51aa-0542-4998-857f-2e30b946480f,200,1,1,495,GoDaddy,"Redwood Oil Company | Chevron Gas, Fresh Food, Convenience Stores",good,,2026-06-29T12:00:15+00:00
6859c1a3-7d2b-4234-aa0d-f49d41e6816d,200,1,1,141,Squarespace,Mario and Johns,good,,2026-06-29T12:00:15+00:00
ca1a781c-f566-4812-8974-222102ae8839,200,1,1,169,Squarespace,Camacho&#39;s BBQ,good,,2026-06-29T12:00:15+00:00
8b503eab-5f99-481f-90c6-bb6ac0310dda,200,0,0,148,,,weak,,2026-06-29T12:00:15+00:00
1dc9ed0c-84e0-4235-b01a-1cf98c897458,200,1,1,928,,Custom Box Truck Body Manufacturers & Repair Services In Sonoma,good,,2026-06-29T12:00:15+00:00
4c5dead1-2650-4983-8acb-a6fbbe62c234,200,1,1,394,,Experience the Heart of California Wine Country,good,,2026-06-29T12:00:15+00:00
671822f5-d9a6-4c61-a38d-b84ff73a0b2d,200,1,1,746,,"Appliance Repair Near Me in Santa Rosa, CA 95401",good,,2026-06-29T12:00:15+00:00
e548116a-533a-4b37-9895-5b0029c9ad82,200,1,1,344,,Home | Windhaven Cottage,good,,2026-06-29T12:00:15+00:00
9bdbc586-c371-47e5-8d64-c2c65b7626dc,202,0,0,152,,,weak,,2026-06-29T12:00:15+00:00
9bcfae45-face-49ea-bda0-660c60533801,404,0,1,432,,404 - Page Not Found,broken,,2026-06-29T12:00:15+00:00
6fc21608-2752-46b1-923b-b702a53e2740,0,0,0,168,,,broken,connection failed,2026-06-29T12:00:15+00:00
190580ee-b4d2-47f9-9dee-eca124d147bb,200,0,0,480,,Stumptown Brewery,weak,,2026-06-29T12:00:16+00:00
01d5902b-7a8b-4c18-88be-b0fd3ac32f46,200,1,1,284,,Access to this page has been denied.,good,,2026-06-29T12:00:16+00:00
8ed4fc52-b584-4712-b9d4-3c8072cef5e7,200,1,1,788,Shopify,Moonlight Brewing Company,good,,2026-06-29T12:00:16+00:00
9b8efb1e-649a-44bf-9aa1-016ad3e55294,500,0,0,197,,500 Internal Server Error,broken,,2026-06-29T12:00:16+00:00
00c1b272-24c2-4600-b0b7-d31efdfe9125,200,1,1,2816,WordPress,Home | Tres Sabores,good,,2026-06-29T12:00:16+00:00
d24d54bd-fafb-4b16-bb62-9e232fd9d8be,200,0,1,304,WordPress,Home Mpa Construction Napa - MPA constructions Napa Valley,weak,,2026-06-29T12:00:16+00:00
18bf2ca7-31e5-4b18-bff6-dcb8adbc9f09,0,0,0,257,,,broken,"ssl: HTTPSConnectionPool(host='alemanconcreteconstruction.com', port=443): Max retries exceeded with url:",2026-06-29T12:00:16+00:00
aa003d40-c53a-44d1-bf63-343af28baaaa,200,1,1,198,,"Duarte Concrete | Residential &amp; Commercial Concrete Contractor – Sonoma, Marin &amp; Mendocino Counties",good,,2026-06-29T12:00:16+00:00
ba8b29e1-8aff-431f-9888-e365cd8c6183,200,1,1,369,WordPress,"ARS Roofing &amp; Gutters | Roofing Santa Rosa, Roofing Sonoma, Roofing Marin County",good,,2026-06-29T12:00:16+00:00
b7583a5f-a62a-40fd-b883-7915f3a1550d,200,1,1,1020,,Hippie Clothing Store | Jayli,good,,2026-06-29T12:00:16+00:00
fbd5138e-9998-4989-86bd-91b7ef8efacd,200,1,0,3093,WordPress,"Yoga in Santa Rosa, CA and Online for Every Body",weak,,2026-06-29T12:00:17+00:00
a568589a-a373-40b7-bfe6-57de8fd53eb1,200,1,1,1739,WordPress,Sucre Sugar Shack | Sugaring Hair Removal | Body Hair Removal | Waxing,good,,2026-06-29T12:00:17+00:00
7704c734-7544-4f11-acbf-c85c5d9cb846,200,1,1,307,,,good,,2026-06-29T12:00:17+00:00
582a67c5-389b-4945-bb94-f3dfa56e9a8e,200,0,0,71,,,weak,,2026-06-29T12:00:17+00:00
df37c298-8b80-4095-a488-31ce231a393f,200,1,1,231,GoDaddy,Home | Building and Painting Services by Monarch,good,,2026-06-29T12:00:17+00:00
87ff9210-990e-46c0-90ad-2aa06667c4e7,202,1,0,279,,,weak,,2026-06-29T12:00:17+00:00
f389c77c-f759-40a3-945a-f3c0ccea2302,200,1,1,247,,"Asphalt and Concrete Contractor | Petaluma, CA | West Coast Construction",good,,2026-06-29T12:00:17+00:00
713704df-6afc-404b-96f9-4e79e48d5bb6,202,1,0,342,,,weak,,2026-06-29T12:00:17+00:00
fb531858-0a3b-4a0a-bfff-3d68d231e158,200,1,0,4076,WordPress,"Yoga in Santa Rosa, CA and Online for Every Body",weak,,2026-06-29T12:00:17+00:00
0a7e186a-ea0f-4d86-804c-cb550b05fe1a,200,0,1,2125,Shopify,Perle Sonoma,weak,,2026-06-29T12:00:18+00:00
26bf0fd6-72ce-4a35-9a5f-767ddf09a859,200,0,1,1336,WordPress,,weak,,2026-06-29T12:00:18+00:00
f4be5e76-15c0-459c-b982-643fe823c870,200,1,1,728,,EandM - The West Coast Leader in Automation,good,,2026-06-29T12:00:18+00:00
552c7a36-32a8-4eca-aa33-78af94b7b8b2,0,0,0,82,,,broken,connection failed,2026-06-29T12:00:18+00:00
8dff4bdd-ebb2-4046-9230-f9b9cc5a6138,200,1,1,993,WordPress,"My Little Stars Childcare| Licensed Daycare &amp; Preschool in Novato,CA",good,,2026-06-29T12:00:18+00:00
26aad8eb-3e03-4d9d-9ec7-518b823db756,200,1,1,207,Wix,"Osprey Electric | Electrician Windsor | Windsor, CA, USA",good,,2026-06-29T12:00:18+00:00
82db5def-d595-4d16-a742-0d13884bac87,403,1,1,122,,Just a moment...,broken,,2026-06-29T12:00:18+00:00
651ce305-b6d5-49b7-8994-28f475e9fbad,429,1,1,236,,Bot or Not?,broken,,2026-06-29T12:00:18+00:00
b8d5772d-69d8-48f7-b8f4-539142a06967,200,1,1,1911,WordPress,Dickinson Garage Door Repair - Dickinson Garage Door Repair,good,,2026-06-29T12:00:18+00:00
38b7a454-99a8-4570-aec0-5f6aa4a29654,200,1,1,99,WordPress,Celesta Farms | Building Traditions One Family at a Time!,good,,2026-06-29T12:00:18+00:00
2d9791f5-09cb-4873-96e5-9fe23bb06c56,200,0,0,140,,,weak,,2026-06-29T12:00:18+00:00
f6bc70bf-3419-442b-bd11-410b186574c7,200,1,1,1275,GoDaddy,Goodtime DJ &#8211; Bay Area Goodtime DJs Karaoke &amp; Photo Booths &#8211; SF Bay Areas Best Mobile DJ Company 29 Year in Business,good,,2026-06-29T12:00:18+00:00
7d226002-5719-420d-849d-cfc318abe8f7,0,0,0,81,,,broken,connection failed,2026-06-29T12:00:18+00:00
7fd1f830-9e52-452b-a3a4-4ae0c8c30890,200,1,1,773,WordPress,"Electrical Services in Sonoma County - Golden State Electric, Inc.",good,,2026-06-29T12:00:18+00:00
2f9edbec-d268-4b8d-abab-52cae73937ad,200,1,1,364,,Napa & Sonoma Valley Wedding Florist: La Flora Designs,good,,2026-06-29T12:00:18+00:00
f62dfcbd-0b4e-4225-ad2a-336bbcf9d6be,200,0,0,120,,,weak,,2026-06-29T12:00:18+00:00
c89e0e81-1a86-4660-9d19-0d9c87909755,0,0,0,81,,,broken,connection failed,2026-06-29T12:00:19+00:00
fa9bba32-0d97-465a-84fa-23b2a1e31a35,200,1,1,800,,"Send Flowers in Novato, CA",good,,2026-06-29T12:00:19+00:00
abda92e0-1b8c-4b11-93f2-c5eade8311ed,200,1,1,707,WordPress,Home - Crane Creek Growers,good,,2026-06-29T12:00:19+00:00
23235e0e-7669-4537-82f4-52e35574fc8c,403,1,1,185,,Just a moment...,broken,,2026-06-29T12:00:19+00:00
e7630d92-5e7b-430b-b251-cd2e464031b4,200,1,1,196,WordPress,"Gas &amp; Electric Fireplaces, Stoves and Accessories",good,,2026-06-29T12:00:19+00:00
7e16cf99-3c61-451e-b424-3db80ccca5e9,200,1,1,879,WordPress,"Clover Sonoma | Quality Dairy Products | Sonoma County, CA",good,,2026-06-29T12:00:19+00:00
7a7976a4-f60f-4449-bb2b-15ee6bdba9a6,200,1,1,3050,,Diaz Lopez Tile Corp | Home,good,,2026-06-29T12:00:19+00:00
a179c23c-6dd0-44dc-96fe-0a7f56c0191d,200,0,1,1410,,Finnish American Home Association,weak,,2026-06-29T12:00:19+00:00
241a131c-33a5-40db-9fc0-c5327a44f08a,200,1,1,537,Shopify,Sign of The Bear Kitchenware + Home Essentials for Cooks + Hosts &ndash; Sign of the Bear Kitchenware,good,,2026-06-29T12:00:20+00:00
a92a09e5-6416-4a0f-8326-a7e7f2c4945d,200,1,0,708,Shopify,Home,weak,,2026-06-29T12:00:20+00:00
2202ce35-7977-41a0-8ce3-d1b604328757,200,1,1,636,Weebly,The Pain Free Athlete Podcast,good,,2026-06-29T12:00:20+00:00
0d1e7a44-0d45-4e8a-985f-718c674efd56,0,0,0,9,,,broken,connection failed,2026-06-29T12:00:20+00:00
fee03cb1-07a6-4740-9576-831561040ac5,200,1,1,1437,,UNIKBET: Situs Slot Online Gacor Deposit Dana Resmi Mudah Menang,good,,2026-06-29T12:00:20+00:00
03bedc30-edc5-4f1c-ac76-e36deceb25a8,200,0,1,1395,,,weak,,2026-06-29T12:00:20+00:00
16ff130d-1072-4ffd-8fe4-4b95e76beb7e,200,1,1,184,Wix,Jamey Farley Petaluma Hair Stylist,good,,2026-06-29T12:00:20+00:00
77475522-d878-436e-b5c2-41ef7b601dd6,404,1,1,1558,,404 Not Found,broken,,2026-06-29T12:00:20+00:00
67984c51-6c0f-4232-8a67-97ab88bf580d,200,1,1,598,WordPress,Halo Salon,good,,2026-06-29T12:00:20+00:00
fb4ff98e-d8e4-4a1f-9306-9e12ac9b2fc1,0,0,0,7034,,,broken,connection failed,2026-06-29T12:00:21+00:00
dfe8c7f4-0c1b-4b1e-b953-0457a0246283,0,0,0,83,,,broken,connection failed,2026-06-29T12:00:21+00:00
043b0fc0-307c-490f-a07b-15e9b8b139cf,0,0,0,10,,,broken,connection failed,2026-06-29T12:00:21+00:00
bc15e552-be03-429f-9f66-5b8a2a32154b,200,1,1,445,Wix,"Rock Paper Scissors Salon I Cuts, Color, Best Bridal Hair Sonoma Napa",good,,2026-06-29T12:00:21+00:00
62ec73e7-0097-44c6-a52b-afc1a32104b6,200,1,1,1669,,Gym in Healdsburg | World Gym,good,,2026-06-29T12:00:21+00:00
d8224bdf-3bbd-4567-ae02-c0d72231252f,200,1,1,284,Shopify,Lake Sonoma Boat Rentals in Healdsburg | Lake Sonoma Marina,good,,2026-06-29T12:00:21+00:00
34a60d26-885c-4aee-a3f3-894ec9708bc5,200,0,1,4222,WordPress,"North Bay Dermatology | Dermatologists in Petaluma, CA",weak,,2026-06-29T12:00:21+00:00
f64c6d4e-6ecd-47cd-9994-606424319e86,200,0,0,121,Weebly,DASA MEDITATION - Stress Reduction Made Easy - DASA Meditation Stress Reduction Made Easy,weak,,2026-06-29T12:00:21+00:00
11c3bb5b-50d3-4c26-8f64-00c110bea531,200,1,1,755,Shopify,Sonoma Superfoods,good,,2026-06-29T12:00:21+00:00
ac5b3793-2966-47e1-a1d3-471ad0764b1d,200,1,1,1391,,kaiyun&#x5B98;&#x65B9;&#x7F51;&#x7AD9;&#x7F51;&#x5740;-&#x4E2D;&#x56FD;&#x5B98;&#x65B9;&#x7F51;&#x7AD9;,good,,2026-06-29T12:00:21+00:00
ddc15e9f-f388-4c18-be61-41f8da256e05,0,0,0,82,,,broken,connection failed,2026-06-29T12:00:21+00:00
990e72dd-2e73-4b7a-ae3c-88368df27a13,403,1,1,122,,Just a moment...,broken,,2026-06-29T12:00:21+00:00
78c5beac-7d5c-4c73-8429-1a816878f998,200,1,1,446,WordPress,"HVAC Contractor in Cotati, CA - Heating &amp; Cooling Experts",good,,2026-06-29T12:00:21+00:00
8bec00eb-7118-4bd2-8c9c-5fc864315e00,200,1,0,181,GoDaddy,Small But Mighty Gardens,weak,,2026-06-29T12:00:21+00:00
8f09afdd-c727-4185-afd7-b8a29de315fe,200,1,0,598,,Air conditioning repair Santa Rosa CA | Plumber & Furnace/ HVAC Repair,weak,,2026-06-29T12:00:21+00:00
a131c915-e7df-4cab-ba14-3e6ef502b63c,200,1,1,1801,WordPress,Grand Illusions Salon - Proudly serving the North Bay Area,good,,2026-06-29T12:00:21+00:00
22bf781b-60f1-44df-8818-b59cfd99e892,200,1,1,141,Squarespace,Spiritual Retreat | Spiritual Healing Retreat | California,good,,2026-06-29T12:00:21+00:00
647c3bfe-615e-4c94-80b4-afe32cb8d4ff,0,0,0,82,,,broken,connection failed,2026-06-29T12:00:21+00:00
b926ec6c-f720-4564-be82-352ace393fae,200,1,1,3335,WordPress,Catering Marin &amp; San Francisco Bay Area | Mangia Nosh Catering Company,good,,2026-06-29T12:00:21+00:00
2436655b-55ce-4bc6-9816-d09ed85b165a,0,0,0,82,,,broken,connection failed,2026-06-29T12:00:22+00:00
6f4dc173-283b-4e42-879a-551d8ef98633,0,0,0,83,,,broken,connection failed,2026-06-29T12:00:22+00:00
bad61b65-07e0-44b6-bbb2-be42ab4fb2be,200,1,1,278,WordPress,Mild Hyperbaric Oxygen Santa Rosa Sonoma County - Zen-O2 Hyperbarics,good,,2026-06-29T12:00:22+00:00
d99ce408-2ec1-4a76-a240-c6efc3a52a75,200,1,1,198,,Ali&#x27;s Nail Studio | Santa Rosa [ Book now ],good,,2026-06-29T12:00:22+00:00
55e60f60-55ec-49b6-bb06-3aa94061d429,200,1,1,135,WordPress,Homepage - Vintage Oaks,good,,2026-06-29T12:00:22+00:00
0b07755c-e66a-485e-9a61-774b69c38560,200,1,1,645,,Law Office of Stephen Healy Reviews,good,,2026-06-29T12:00:22+00:00
4265fa46-2dd5-4e82-ab55-5eb9120ccd93,0,0,0,162,,,broken,connection failed,2026-06-29T12:00:22+00:00
e516e4dd-bc3a-40fe-851a-799c6ec2c08c,200,1,1,817,,"Elite Paving Company is a Paving Contractor in Sebastopol, CA 95472",good,,2026-06-29T12:00:22+00:00
99047896-2a13-47c0-8d96-342d98d8a8d9,403,1,1,889,,Just a moment...,broken,,2026-06-29T12:00:22+00:00
4a693a28-38f2-44fe-b9cb-44951b479887,200,1,1,482,,,good,,2026-06-29T12:00:23+00:00
a40288b3-f762-46f9-b68f-2984e7a7b71f,200,0,1,1660,WordPress,Chelino&#8217;s Restaurant &#8211;,weak,,2026-06-29T12:00:23+00:00
06911338-d2cf-4772-a243-697e366caffd,0,0,0,35,,,broken,connection failed,2026-06-29T12:00:23+00:00
5630db31-589a-4cc6-9024-7dee65289636,0,0,0,10015,,,broken,connection failed,2026-06-29T12:00:23+00:00
e25f8a35-515f-463e-b64d-7ebc808e35db,200,1,1,3690,WordPress,Home &#8211; Sonoma Gymnastics Academy,good,,2026-06-29T12:00:23+00:00
3e74d297-1caa-42b8-8fce-21f77b7f0fe4,200,1,1,3005,Wix,Shop MoonEssence | Premium Natural Skincare &amp; Artisan Whey Soaps | Eco-Friendly Solutions,good,,2026-06-29T12:00:23+00:00
56af0d5f-dbdb-4f8f-90c9-dec5517a069b,200,1,1,217,,"Northbound Plumbing | Santa Rosa, CA",good,,2026-06-29T12:00:23+00:00
9ff5952b-615c-4ba0-97cf-357030d3c97a,200,1,1,892,Shopify,#1 Vet-Recommended Organic Coconut Oil For Pets | CocoTherapy®,good,,2026-06-29T12:00:23+00:00
5d4fb69f-82c6-4ec6-8803-e4f07a068390,404,0,0,351,,,broken,,2026-06-29T12:00:23+00:00
abc25fe7-2bee-43c1-8bc7-1b05c0b77a4e,0,0,0,83,,,broken,connection failed,2026-06-29T12:00:23+00:00
c7aa144e-a925-4d1a-9b88-ebe21c91e1cc,200,0,0,334,,,weak,,2026-06-29T12:00:24+00:00
81fbcffc-1a1e-47b9-9e4e-9f0ffbbca6be,200,1,1,170,,Curry Spa Consulting Design Planning Project Management Consultant,good,,2026-06-29T12:00:24+00:00
5d24b9cc-56f7-49e8-a255-3595ea9a1334,200,1,1,351,Webflow,"Explore Typeform | Create your own surveys, quizzes, forms",good,,2026-06-29T12:00:24+00:00
bb83e3be-e29e-4a2b-9b23-7d943ce076cd,0,0,0,10014,,,broken,connection failed,2026-06-29T12:00:24+00:00
bae3b6ac-68d3-4c66-bf6b-52cac8097bb1,404,1,1,417,Squarespace,Triple S Ranch,broken,,2026-06-29T12:00:24+00:00
b1b376e9-3f62-4b37-8834-70aa1251aa53,0,0,0,8,,,broken,connection failed,2026-06-29T12:00:24+00:00
a059d06b-912e-4c4e-8367-3d9c4898151b,200,1,1,541,,"Real Estate, Homes for Sale, Home Values, Agents and Advice | REMAX",good,,2026-06-29T12:00:24+00:00
e92ecc26-45e5-4a0b-ba28-fe3fd10a96ec,200,0,0,2144,,"Skansen Kennel - Giant Schnauzers, Standard Schnauzers, Miniature Schnauzers, White Mini Schnauzers - Sebastopol, CA",weak,,2026-06-29T12:00:24+00:00
86154d0b-ec0f-4b62-bfc6-f269c00542e2,204,1,0,111,,,weak,,2026-06-29T12:00:24+00:00
1641203c-a88c-4b38-9a80-d1e93c14b6af,0,0,0,83,,,broken,connection failed,2026-06-29T12:00:24+00:00
c6f18e09-6f0a-40d7-b9de-fd1f1708f7ea,0,0,0,88,,,broken,connection failed,2026-06-29T12:00:24+00:00
c117d66b-855c-45b0-9c51-a66cd2996b70,200,0,1,175,,"UmÃ© Japanese Bistro | Japanese cuisine, Windsor - Fresh Sushi, Sashimi, Nigiri, Sushi Rolls",weak,,2026-06-29T12:00:24+00:00
3d700e69-a58d-463f-8bda-c6bf4e975284,200,1,1,134,,"HOME | Empire Equine | Santa Rosa, CA",good,,2026-06-29T12:00:24+00:00
47d276ec-21a6-4b22-a047-c14bc642a366,200,1,0,2926,WordPress,"Landscape Designer| Garden, Sustainable, Permaculture, Sculptural S BIAGGI sculptural landscapes",weak,,2026-06-29T12:00:24+00:00
05f10815-9f40-4995-ae27-15e8b66dbe85,200,1,1,814,,"Real Estate, Homes for Sale, Home Values, Agents and Advice | REMAX",good,,2026-06-29T12:00:24+00:00
d8fa51a4-c74e-4911-b75a-7bfc32af707f,200,1,1,177,Squarespace,Petal Town Flowers ~ Wine Country Weddings ~ Sonoma Florist,good,,2026-06-29T12:00:24+00:00
56a02304-abec-4824-889f-1d9753890cf0,0,0,0,91,,,broken,connection failed,2026-06-29T12:00:24+00:00
b961c19c-fce4-46f2-b980-4509870d0d8e,200,0,1,277,,Chardonnay and Pinot Noir from Napa Valley | El Molino Winery,weak,,2026-06-29T12:00:24+00:00
3e4daf77-9557-4d2f-b579-5ebb28aa91af,200,1,1,481,,Spa Hotel Healdsburg - Hotel Healdsburg,good,,2026-06-29T12:00:24+00:00
4cd7469c-0d6a-401a-a9d2-b18ea600fc8a,200,1,1,145,WordPress,Home - B. Wise Vineyards,good,,2026-06-29T12:00:24+00:00
7aaed602-f1a4-4c63-b928-b6b9e59da770,200,1,1,423,WordPress,Heitz Cellar | Historic Family-Owned Napa Valley Winery,good,,2026-06-29T12:00:24+00:00
e74f9905-0c7c-46ac-9cf1-502fbc7b0a76,0,0,0,94,,,broken,connection failed,2026-06-29T12:00:24+00:00
c6a449e1-06b2-4ada-8855-d1e61f99b0ce,200,1,1,629,,"Yountville, CA | Official Website",good,,2026-06-29T12:00:24+00:00
41c1781d-f3ad-4e0d-a0a3-66128b2bf606,403,0,0,516,,,broken,,2026-06-29T12:00:25+00:00
3f44a802-d82c-4c1d-9984-eb8572a66abc,200,1,1,389,Shopify,Komodo69 Slot Gacor 2026 | RTP 98%+ Anti Rungkad,good,,2026-06-29T12:00:25+00:00
83281460-c23c-4891-ab7a-9560c2b74ec3,200,1,1,286,WordPress,Caymus Vineyards,good,,2026-06-29T12:00:25+00:00
4d12e688-3375-445c-8ffd-ae84f4b83f12,200,0,1,336,WordPress,Winery in Healdsburg | DaVero Farms &amp; Winery,weak,,2026-06-29T12:00:25+00:00
8167bd2d-09a8-43ba-929b-c596600ca9cc,200,1,1,276,Webflow,Fisher Vineyards,good,,2026-06-29T12:00:25+00:00
4cd6bf7a-48d3-45be-939a-ccd589cdca92,200,1,1,945,WordPress,Journeyman Wine &amp; The San Lorenzo Planting,good,,2026-06-29T12:00:25+00:00
683ac14e-d3f2-4671-a6f2-e8018dc20468,200,1,1,576,,VGS Chateau Potelle | Napa Valley Winery &amp; Single‑Vineyard Wines - VGS Chateau Potelle,good,,2026-06-29T12:00:25+00:00
a389cd6c-f2ce-4b4b-8314-e3692de3d70a,200,1,1,312,Shopify,"McEvoy Ranch: Organic Extra Virgin Olive Oil, Wine, Food &amp; Gifts",good,,2026-06-29T12:00:25+00:00
ac2e1c2e-b3e5-4225-b4ac-9014c99ec884,200,1,1,977,,ADAMVS - ADAMVS,good,,2026-06-29T12:00:25+00:00
874c2265-483e-45fb-942f-2e9cc18b8094,403,1,1,49,,Just a moment...,broken,,2026-06-29T12:00:25+00:00
784e7a10-ac35-4916-9baf-35cc16289850,200,1,1,340,,The Napa Valley Reserve,good,,2026-06-29T12:00:25+00:00
bcd873b6-eeee-4224-be3e-a1af3a7539b1,200,1,1,187,Squarespace,Perchance Estates,good,,2026-06-29T12:00:25+00:00
951cc754-12c2-4970-8f9a-92cfecb50fd7,404,1,0,814,,404 Not Found,broken,,2026-06-29T12:00:25+00:00
cc57a20a-a444-40a7-bbee-d11718065088,200,1,1,564,,Napa Valley Vintners - Authority on the Napa wine region,good,,2026-06-29T12:00:26+00:00
86592f5d-18a1-46ca-aa3f-ae3d745afebe,200,1,1,1789,WordPress,Mobile Tire Shop Bringing Services Directly To Your Doorstep,good,,2026-06-29T12:00:26+00:00
1bf3cf30-006f-4e94-a85f-c220ce1352fc,200,1,1,4480,WordPress,DeLeon Judo Club,weak,,2026-06-29T12:00:26+00:00
3a4d4b11-08be-4152-847d-883ef6ab52ac,200,1,1,336,WordPress,Home - Spence Vineyards,good,,2026-06-29T12:00:26+00:00
d2efda27-49b3-4ace-a08d-da319555dffb,200,1,1,238,WordPress,Home - Talty Vineyards,good,,2026-06-29T12:00:26+00:00
7ee34b0d-3855-4ef9-bb80-1d7dfd4b766c,200,0,0,1217,,,weak,,2026-06-29T12:00:26+00:00
c2332774-39b2-4b99-b0eb-d2fe47dfa0fd,200,1,1,956,WordPress,"Winery, Wine Country, Vineyards &amp; Cave Tours, Wine Tasting Sonoma CA - Nicholson Ranch LLC",good,,2026-06-29T12:00:26+00:00
f12246d7-7ced-4cfa-8a03-812ebd90fee8,200,1,1,344,,Home,good,,2026-06-29T12:00:26+00:00
7d2c9860-9175-4e02-b7df-20e832721fba,200,1,1,835,,Pellegrini-Olivet Lane,good,,2026-06-29T12:00:26+00:00
f55f470e-fa05-425a-a774-f4c94cc2acf8,200,1,1,249,Squarespace,"Best Yoga Retreats 2025 | Luxury Retreats | USA, Mexico, Greece, Italy, Portugal, Switzerland, Bhutan Wine Country Yoga Retreats",good,,2026-06-29T12:00:26+00:00
b0adf057-13fc-4351-aeb3-d02f34514df5,0,0,0,84,,,broken,connection failed,2026-06-29T12:00:26+00:00
568a5135-18d1-4157-a864-b98a577f30dc,200,1,1,551,WordPress,Home Page - Saint Helena Winery,good,,2026-06-29T12:00:26+00:00
460f499c-acae-4b8b-a0fb-630644844e3c,200,1,1,723,Shopify,Sonoma Cutrer – Sonoma-Cutrer,good,,2026-06-29T12:00:26+00:00
fa4a81d9-48f5-47a7-b23b-809ba6e62729,0,0,0,55,,,broken,"ssl: HTTPSConnectionPool(host='www.a1powersport.wixsite.com', port=443): Max retries exceeded with url: /",2026-06-29T12:00:26+00:00
24628a26-2622-4e32-b9a3-0526e342003f,200,0,0,378,,AfterLogic WebMail Pro,weak,,2026-06-29T12:00:26+00:00
ded5c76e-38ed-4c39-ad81-e1a6c4e886e0,404,1,0,195,,Error 404 (Not Found)!!1,broken,,2026-06-29T12:00:26+00:00
98cb791e-db92-4d55-8ea9-400452568516,200,0,0,167,,Hurd Beeswax Candles,weak,,2026-06-29T12:00:26+00:00
6b539d7d-ec8a-4fcf-bac6-49973220cb97,200,1,1,149,WordPress,Private Site,good,,2026-06-29T12:00:26+00:00
c7fd6090-8261-4dbc-9c46-5fc1440fe19f,0,0,0,33,,,broken,connection failed,2026-06-29T12:00:26+00:00
ad9447c5-6116-4b5e-ae51-663d61352491,200,1,1,303,,Telegram: View @Next_Gen_Mobility,good,,2026-06-29T12:00:26+00:00
aded7658-0ab2-43f2-94c9-e600505ae12e,200,1,1,228,Weebly,Licensed &amp; Bonded,good,,2026-06-29T12:00:26+00:00
d131b83a-2ff9-4b58-9768-5c40400309d8,404,1,0,208,,Error 404 (Not Found)!!1,broken,,2026-06-29T12:00:26+00:00
f340110c-4ab1-4ce1-b1f0-04e2feab2e55,200,1,1,193,,Absolute Comfort Heating and Air Conditioning,good,,2026-06-29T12:00:26+00:00
9bbde521-6db0-4e78-bc1b-4a6c9ea7d80c,200,1,1,185,WordPress,Private Site,good,,2026-06-29T12:00:27+00:00
4d45c53e-4ea3-42ea-bb72-d4057160f736,200,1,1,374,,Next Insurance Customer Portal,good,,2026-06-29T12:00:27+00:00
bcaa2753-6d24-4411-9f21-a07aab83f2e8,404,1,0,280,,Error 404 (Not Found)!!1,broken,,2026-06-29T12:00:27+00:00
beeb2eee-4f65-41bc-92d3-b0ecf35fa9ab,200,1,1,347,Weebly,Breal - Home,good,,2026-06-29T12:00:27+00:00
9debedb0-31f6-41cf-bf0f-fbf5bc03c05f,200,1,1,1569,,"Home, Pride Mountain Vineyards",good,,2026-06-29T12:00:27+00:00
fea91a78-3825-4734-bb4b-f0acf49e67e9,200,1,1,619,Shopify,Pressure Washing Services Power Washing Services &ndash; Peterson Pressure Washing,good,,2026-06-29T12:00:27+00:00
fc7b887c-22bb-44a9-9bd8-5d15dc5de635,403,1,1,196,,Just a moment...,broken,,2026-06-29T12:00:27+00:00
6207be46-4077-4da7-8e25-3720d3fbcd51,404,1,0,126,,Error 404 (Not Found)!!1,broken,,2026-06-29T12:00:27+00:00
a7197027-2d6b-4d41-9b1b-6d2ef2270fbb,200,0,0,120,,,weak,,2026-06-29T12:00:27+00:00
a5c25e6a-0143-459b-8ff8-4f2779916b96,0,0,0,155,,,broken,connection failed,2026-06-29T12:00:27+00:00
d6757c20-edf2-4686-9f52-4b1477613d11,200,1,1,325,,Robert Pursell | Your Napa Real Estate Expert,good,,2026-06-29T12:00:27+00:00
de1705bd-3c8e-4f79-b49b-74696d08cdd4,200,1,1,929,WordPress,Knee Pain Relief Novato &amp; Marin County | Marin Joint Health,good,,2026-06-29T12:00:27+00:00
8ecd41b3-c2a9-4b74-9e46-162a379ba61f,200,1,1,5059,WordPress,Home - The Feed Store Inc. 707-823-3909,weak,,2026-06-29T12:00:27+00:00
f5d2e1e0-45b7-4503-9d01-b06cf1cd9d51,200,1,1,915,,Placewares - The Place Where There Is a There There,good,,2026-06-29T12:00:27+00:00
97434951-b5a5-4848-bb35-69b2647ac36e,0,0,0,83,,,broken,connection failed,2026-06-29T12:00:27+00:00
07d87e6a-3dad-4753-841b-ade06f7be20b,200,1,1,226,Squarespace,Events By Tyler,good,,2026-06-29T12:00:27+00:00
8f10c757-30d9-4248-b7c9-db1b49ae98d7,403,1,0,242,,403 Forbidden,broken,,2026-06-29T12:00:27+00:00
e65798c7-6674-4ca8-836d-110c2f0293df,200,1,1,233,GoDaddy,Mondragon Irrigation Supplies,good,,2026-06-29T12:00:27+00:00
fa8109ec-6f2c-4c14-91a6-f64e49a8c50c,200,1,1,183,Squarespace,"ReservationKey | Reservation Software for Hotels, Vacation Rentals, and More",good,,2026-06-29T12:00:27+00:00
149692ca-455e-45cc-bc3e-9404f5b1354f,200,1,1,162,,Property Maintenance in Sonoma County | Seasons Property Maintenance,good,,2026-06-29T12:00:27+00:00
a4ed4b8d-e194-4e83-a396-7199209c2826,200,1,1,493,Squarespace,Dre Mar Visuals,good,,2026-06-29T12:00:27+00:00
410d8216-b6f4-4bb5-aa29-29eefc3b2593,200,1,0,535,,,weak,,2026-06-29T12:00:27+00:00
81b71112-e76c-4338-8da1-9d708ccf7d46,200,1,1,197,Squarespace,"Landscape Design, Installation and Maintenance Sonoma",good,,2026-06-29T12:00:27+00:00
d70d0592-91a4-4872-b1ca-af5dca4e76fc,404,1,1,604,,Vagaro | Page not found,broken,,2026-06-29T12:00:27+00:00
8885dcb2-d335-44cc-b49a-c064aca75255,404,1,0,143,,Error 404 (Not Found)!!1,broken,,2026-06-29T12:00:27+00:00
f2e4ce0b-24c0-40c6-9451-b695d9607fcc,200,1,1,310,,oh splendid day,good,,2026-06-29T12:00:28+00:00
c64ded40-1ab4-4955-9233-5ae6bc586947,200,1,1,488,WordPress,Professional Pest Control in Sonoma County | 100+ 5-Star Reviews,good,,2026-06-29T12:00:28+00:00
678b37e2-7d54-436c-837f-0d390a0a61b2,0,0,0,33,,,broken,"ssl: HTTPSConnectionPool(host='www.sebastopolberryfarm.blogspot.com', port=443): Max retries exceeded wit",2026-06-29T12:00:28+00:00
7bc15695-657c-4c06-8664-4ffeb5b6ecbd,200,1,1,406,,Brian Dixon&#x27;s dot.Profile,good,,2026-06-29T12:00:28+00:00
1998c870-2064-4809-8ca3-80825b1f04ef,200,1,1,704,Weebly,,good,,2026-06-29T12:00:28+00:00
53161d89-c612-4e87-b1c4-f177c44a9e45,200,1,1,282,GoDaddy,Hero&#x27;s Cleaning Crew,good,,2026-06-29T12:00:28+00:00
76fb359e-f859-4674-be87-1e59c8c97f07,200,0,1,157,,Dryer Vent Cleaning Rohnert Park 707 326 7171,weak,,2026-06-29T12:00:28+00:00
41c0cbaf-65be-4a88-b701-2f8423978d69,0,0,0,83,,,broken,connection failed,2026-06-29T12:00:28+00:00
38543804-3321-4283-bdac-18876de3fe21,200,1,0,309,Weebly,The Wine Jack - Home,weak,,2026-06-29T12:00:28+00:00
d64248a6-0d82-4361-803e-02da7077e65f,0,0,0,84,,,broken,connection failed,2026-06-29T12:00:28+00:00
09f7569b-5263-4765-9cd9-7cdf79d9e871,202,0,0,146,,,weak,,2026-06-29T12:00:28+00:00
bb88b324-e5dc-44c9-aad8-6c142ebd5e95,200,1,1,775,,Wine Jobs,good,,2026-06-29T12:00:28+00:00
d31bf2cc-ac62-4bea-9cfe-e4ede0026261,200,1,1,292,Squarespace,Allergy Relief Center of Sonoma County,good,,2026-06-29T12:00:28+00:00
5c05e9e8-b9e8-4d35-896e-718498cb84c5,200,1,1,2568,WordPress,Obie G. Bowman &#8211; architect faia,good,,2026-06-29T12:00:28+00:00
57f4429d-8844-4d78-aef3-6c46b6461400,200,1,1,845,,Welcome,good,,2026-06-29T12:00:29+00:00
b5a47aa3-02a7-4f9c-9ad7-bda50773f843,200,1,1,428,WordPress,Dawn Ranch | Charming Guerneville Hotel Along the Russian River,good,,2026-06-29T12:00:29+00:00
82ffce26-0f6f-44dc-aab9-f945365f8fc1,200,0,1,292,WordPress,"archetype. &#8211; archetype. st,.helena napa valley ca",weak,,2026-06-29T12:00:29+00:00
2559c0e6-a0b9-4cac-9422-f4f13b389756,200,1,1,1019,Shopify,Colgan by Lisa,good,,2026-06-29T12:00:29+00:00
93174bf5-4b6a-4ec4-9acb-61ff8a01e444,404,0,0,262,,,broken,,2026-06-29T12:00:29+00:00
bfe2fe1e-5cf4-470f-975d-1004d7e62c7e,200,0,0,214,,,weak,,2026-06-29T12:00:29+00:00
840eecc0-aea2-4f44-a7a4-2d640e72749d,200,1,1,408,,Auberge du Soleil Resort in Napa Valley | Auberge Collection,good,,2026-06-29T12:00:29+00:00
a2f4863f-b9de-4ad7-b59a-3e667bb2b3b0,200,1,1,125,Squarespace,About | Experience Local Flavors &mdash; Reserve Now &mdash; Charlie&#39;s,good,,2026-06-29T12:00:29+00:00
1af35ecf-d260-4b56-937e-b0f85ce3a739,0,0,0,91,,,broken,connection failed,2026-06-29T12:00:29+00:00
3a3a0d69-e478-4726-8b04-69399c87254f,0,0,0,316,,,broken,connection failed,2026-06-29T12:00:29+00:00
0f3748bc-7d96-488f-9a21-780b6f823384,200,1,1,1719,WordPress,Vintage Wine Shop | Wine Merchants | Star Wine Cellars,good,,2026-06-29T12:00:29+00:00
80d88fdd-cce4-4979-92e4-074177805502,429,0,1,69,,This website has been temporarily rate limited | www.heritagepublichousesr.com | Cloudflare,broken,,2026-06-29T12:00:29+00:00
83b06818-7a06-417e-a2d7-be292590dabe,200,1,1,102,Squarespace,Hallie&#39;s Diner,good,,2026-06-29T12:00:29+00:00
c10290ea-0cdb-4d24-bf66-b56224ef8f8e,200,1,1,1982,WordPress,Rama Mejia,good,,2026-06-29T12:00:29+00:00
e6857f76-4ba1-4534-845e-115e01d5f5ae,200,1,1,6082,WordPress,BialkinRealty.com - Sebastopol and Santa Rosa Real Estate Agent &#8211; Sonoma County REALTORS,weak,,2026-06-29T12:00:29+00:00
fa4f811b-3b8d-49f4-a4ae-ce38013fce38,0,0,0,82,,,broken,connection failed,2026-06-29T12:00:29+00:00
82a30125-ede6-48e2-9de7-4665b32b3bb3,200,1,1,317,Wix,HOME | Thebird,good,,2026-06-29T12:00:30+00:00
c1f55d63-fe89-45ce-ae38-bc1deda3d818,200,1,1,811,,Geyserville Pizza | Center Stage | River Rock Casino Happy Hour,good,,2026-06-29T12:00:30+00:00
e30e6dd0-31c4-447b-b3bb-142d30544274,200,0,0,1168,,,weak,,2026-06-29T12:00:30+00:00
2a46afbf-658f-44ea-9d51-6ec0fe72785b,0,0,0,34,,,broken,connection failed,2026-06-29T12:00:30+00:00
7e89db4a-c0ef-425e-be12-42526fa71da3,0,0,0,1966,,,broken,connection failed,2026-06-29T12:00:30+00:00
a0ec7f1f-a850-4841-b8c4-e324b8c527f9,200,1,1,189,GoDaddy,Estate Sales &amp; Antique Appraisal Services,good,,2026-06-29T12:00:30+00:00
c7302ca6-9830-4eb5-a901-924045dcf2c7,200,1,1,1090,Wix,Reconnect Your Domain | Wix.com,good,,2026-06-29T12:00:30+00:00
cb497ad8-093b-4e0c-8cdf-5bceb45824f4,200,1,1,133,Webflow,"Middletown Antiques, Antique Store, 24524 Bradford Rd",good,,2026-06-29T12:00:30+00:00
b0bfa72a-fdda-422f-a976-4239b1bd24ec,0,0,0,82,,,broken,connection failed,2026-06-29T12:00:30+00:00
ed7c3724-ee28-4cd1-a221-10b643edd9fe,200,1,1,1375,Wix,Breakfast | Hole In The Wall Sebastopol,good,,2026-06-29T12:00:31+00:00
68c8ae3f-77ac-40ab-9d47-691b1e666155,200,1,1,3003,GoDaddy,"Accounting CFO In Sonoma County, Accounting Services In St. Helena",good,,2026-06-29T12:00:31+00:00
bc3b4a0b-61f9-41f8-95ee-a309a53b56eb,200,1,1,1204,,"The Mill at Glen Ellen - Glen Ellen, CA",good,,2026-06-29T12:00:31+00:00
48476049-a67f-4312-9566-644f6bfe241a,0,0,0,35,,,broken,connection failed,2026-06-29T12:00:31+00:00
33634bd7-b86c-4a3b-a274-9b51830a7b88,200,1,1,410,,Sutter Health | A Whole Team on Your Team | Northern and Central California,good,,2026-06-29T12:00:31+00:00
cb55e40a-4813-44a5-a580-df830116d18c,0,0,0,38,,,broken,connection failed,2026-06-29T12:00:31+00:00
409d8ed0-3310-4887-b444-c331bf81b039,200,1,1,1039,Shopify,Chateau Sonoma,good,,2026-06-29T12:00:31+00:00
2b09eb9a-0e36-4bdf-bd56-a777ac6d0b47,200,1,1,259,Squarespace,MFLA | Munden Fry Landscape Associates,good,,2026-06-29T12:00:31+00:00
263e8990-d105-41c1-992f-ea6e78e615c4,200,0,1,158,Squarespace,Tian Yuen Restaurant,weak,,2026-06-29T12:00:31+00:00
bf3b167c-8253-4102-838b-8f47f8addba9,404,1,1,230,Wix,,broken,,2026-06-29T12:00:31+00:00
1c6a9d81-73f1-48fd-ba36-ca378be37112,200,1,1,116,Wix,Home | Carroceria Collision,good,,2026-06-29T12:00:31+00:00
11a7fb12-2b35-4a1a-8c40-ef8b634c8500,200,1,1,1919,WordPress,10อันดับ เว็บพนัน ยอดนิยม มาแรง เติมผ่านวอเลท ไม่มีขั้นต่ำ,good,,2026-06-29T12:00:31+00:00
73b7ed9b-ea7f-4520-97b4-512ae0ae7105,0,0,0,33,,,broken,connection failed,2026-06-29T12:00:31+00:00
56624d77-c80f-4d51-9f35-b4969ba39492,200,1,1,184,Squarespace,Hansel Collision Center,good,,2026-06-29T12:00:31+00:00
66b9c36d-f5f3-4b4b-92ce-9216b30ec9e4,200,1,1,293,Squarespace,VP SpeedShop,good,,2026-06-29T12:00:32+00:00
446e7320-d4cd-4790-947c-d6330d94e4dd,404,1,1,218,Wix,,broken,,2026-06-29T12:00:32+00:00
be6132dc-16e6-44f3-8852-d4f36adee13f,200,1,0,1139,,,weak,,2026-06-29T12:00:32+00:00
c02cc9f5-e74c-4db7-8c03-fc96fadf79bc,200,1,1,2583,WordPress,"Steak, Seafood &amp; American Classics at Manzanita Restaurant",good,,2026-06-29T12:00:32+00:00
3a1bdd39-9ada-4ff7-ab41-557d196497e1,200,0,0,197,,totrodz.com,weak,,2026-06-29T12:00:32+00:00
0b0a18c1-6893-4a61-a1b9-db3bff1d5940,403,0,1,125,,Attention Required! | Cloudflare,broken,,2026-06-29T12:00:32+00:00
ae05e1b4-d8c7-433b-aff4-135118c451aa,404,0,0,498,,,broken,,2026-06-29T12:00:32+00:00
428f6067-696e-4aa3-806d-6fd48326a468,200,1,1,177,WordPress,Parked Domain name on Hostinger DNS system,good,,2026-06-29T12:00:32+00:00
8cb13fd2-b78b-47c6-8605-c80852ab74f1,200,1,1,95,Webflow,"The Auto Center, Auto Maintenance, Repair, 3110 Petaluma Blvd N",good,,2026-06-29T12:00:32+00:00
d70e9a1a-dc38-46bf-ad5f-70736733e5bd,0,0,0,100,,,broken,connection failed,2026-06-29T12:00:32+00:00
acdb7b91-1a36-44ab-b689-c6069d639c96,404,1,0,731,,404 - Page not found,broken,,2026-06-29T12:00:32+00:00
e36f9985-c779-4a82-ab5b-80d2559ef1e1,200,0,0,72,,,weak,,2026-06-29T12:00:32+00:00
97ca1b3b-d9c6-4f80-9302-2fa56177cdb8,200,1,0,2659,,Willie Bird's Restaurant – Santa Rosa's Turkey &amp; More,weak,,2026-06-29T12:00:32+00:00
a971cd1e-d16b-4764-a371-ba99e3d03d05,200,0,0,118,,,weak,,2026-06-29T12:00:32+00:00
ba107141-9f33-40d0-beb6-080ef765261d,200,1,1,1352,WordPress,"Eagle Tech Collision &amp; Towing &#8211; Collision Repair, Auto Glass, Towing in Cloverdale, CA",good,,2026-06-29T12:00:32+00:00
29d3e91a-8c74-4a95-accf-90b9f91ec880,404,1,0,204,,SITE NOT FOUND,broken,,2026-06-29T12:00:33+00:00
2cd61823-29c2-4bd9-843a-a5e900a6131b,200,1,1,118,GoDaddy,Fincher&#039;s Auto Service Inc,good,,2026-06-29T12:00:33+00:00
b6820b72-2500-42f7-a3b1-4f11adade497,200,1,1,345,,Canon Creek Services,good,,2026-06-29T12:00:33+00:00
79feb86c-b8ac-4fab-b423-98a07fda6445,0,0,0,242,,,broken,connection failed,2026-06-29T12:00:33+00:00
5e0bc05a-80c3-4db6-ae24-36281b7dae46,200,1,1,2599,,OSAKA88 | Link Slot GACOR Bet 50 100 200 1000 Perak Situs Depo 5K Pasti Jackpot,good,,2026-06-29T12:00:33+00:00
5b0780cf-7315-4c6f-9ce4-9c54bf99bdaa,200,1,1,782,,"Yahoo | Mail, Weather, Search, Politics, News, Finance, Sports &amp; Videos",good,,2026-06-29T12:00:33+00:00
9f9dec77-cc40-4ded-9d8b-0fa73b2f512a,200,1,1,433,,Auto Repair in Windsor - Drive Rite Automotive,good,,2026-06-29T12:00:33+00:00
b39f217a-ee0d-473e-a05d-a5e49e07c619,200,1,1,105,Webflow,"Performance West, Auto Maintenance, Repair, 950 Piner Rd Ste D",good,,2026-06-29T12:00:33+00:00
f1744665-38db-4b6f-9c2b-966148e2b818,200,1,1,1790,WordPress,Redwood Autobody,good,,2026-06-29T12:00:33+00:00
45c10e2f-b78a-4190-bcaa-47fb3e19a151,0,0,0,37,,,broken,connection failed,2026-06-29T12:00:33+00:00
55924799-b56d-4135-bc51-bb324ee93e85,200,1,1,394,WordPress,NorCalLabMech.com,good,,2026-06-29T12:00:33+00:00
d4d36f87-969b-4f2b-a175-0e99ae6e210b,200,1,1,98,Webflow,"United Auto Center, Diagnostic Service, 1576 Petaluma Hill Rd",good,,2026-06-29T12:00:33+00:00
c474542d-cb3c-4a8d-b560-5e5d5e82a358,200,1,1,273,WordPress,76 Gas Stations| Quality Fuel Near You | 76®,good,,2026-06-29T12:00:33+00:00
7a1cc8a1-9943-4cd2-a2d2-d2d189fa7d03,0,0,0,528,,,broken,connection failed,2026-06-29T12:00:33+00:00
027cfbdc-dbbe-4482-a6a6-bf58b08350d5,404,1,0,134,Squarespace,Squarespace - Website Expired,broken,,2026-06-29T12:00:33+00:00
b1f01b41-2426-4c16-a96a-01eb4cc3ac83,200,1,1,1317,WordPress,Santa Rosa Mechanic | Al&#039;s Village Repair - Auto Repair in Santa Rosa,good,,2026-06-29T12:00:33+00:00
5f81f2e1-fcbd-4e19-b9c6-5f1e696cac1b,200,1,1,126,Webflow,"Alco&amp;#39;s Famous Market Deli &amp;amp; Bakery, Bakery, 341 Enfrente Rd",good,,2026-06-29T12:00:33+00:00
a7cf5a9a-6347-4fbe-9645-e199027abacc,0,0,0,34,,,broken,connection failed,2026-06-29T12:00:33+00:00
5ee666d7-0e41-4207-b415-36b5ea7b3d95,200,1,1,82,Squarespace,Gold Coast Coffee &amp; Bakery,good,,2026-06-29T12:00:33+00:00
efced7ab-49c5-4a05-bef4-f5da8f49111d,200,1,1,129,Webflow,"Alco&amp;#39;s Famous Market Deli &amp;amp; Bakery, Bakery, 341 Enfrente Rd",good,,2026-06-29T12:00:33+00:00
cb881534-1e60-432a-9e3e-033b95f04c18,403,1,1,152,,Just a moment...,broken,,2026-06-29T12:00:33+00:00
7ec0f948-7068-4476-a328-4f17bd33ad1d,200,0,0,222,,New Home Page for aplbakery.net,weak,,2026-06-29T12:00:33+00:00
dad3eade-257a-439b-a76e-919570462132,0,0,0,160,,,broken,connection failed,2026-06-29T12:00:33+00:00
9bdc6d5a-47c7-429f-b7d7-a6bd33656403,200,0,0,141,,Redirecting...,weak,,2026-06-29T12:00:33+00:00
e00cc8cc-1b0b-45de-8314-53df34473b70,200,1,1,165,Squarespace,Les Pascals,good,,2026-06-29T12:00:33+00:00
7f3f5dd7-fcbd-429e-a439-e5e820385c3a,200,1,1,106,Squarespace,Route One Bakery &amp; Kitchen,good,,2026-06-29T12:00:33+00:00
c3efc69b-404c-4e77-b194-bc8174663b91,404,0,0,275,,,broken,,2026-06-29T12:00:34+00:00
da427afe-4430-422a-8f70-d7ab58135830,200,1,1,231,Squarespace,Michael&#39;s Sourdough Sandwiches,good,,2026-06-29T12:00:34+00:00
816f2446-5acf-4571-b04b-1a6c73675969,404,0,0,318,,,broken,,2026-06-29T12:00:34+00:00
1a05014f-5e9b-40d1-840a-577461619cda,200,1,1,347,GoDaddy,Twofish Baking Cafe - Fresh Pastries and More,good,,2026-06-29T12:00:34+00:00
5debc873-a7dd-43d0-a005-eb3c35f35f0d,200,1,1,263,GoDaddy,AnasCantina.com is for sale | HugeDomains,good,,2026-06-29T12:00:34+00:00
8f5a0094-0ce8-4a51-a8ef-2cd71207a6d4,200,0,1,648,Squarespace,Red Bird Bakery,weak,,2026-06-29T12:00:34+00:00
9210803e-4e04-47e3-8dc6-83a06b64c51a,0,0,0,83,,,broken,connection failed,2026-06-29T12:00:34+00:00
80759490-a508-4d9c-9c2c-9d80ae5cfbdf,200,1,1,1170,,NAPA Auto Care for Service &amp; Repair | NAPA Auto Parts,good,,2026-06-29T12:00:34+00:00
1a820221-5ef3-4484-b872-36d38583df66,0,0,0,82,,,broken,connection failed,2026-06-29T12:00:34+00:00
3bba7950-b4ac-41d5-801a-4b0e85c9cebb,200,1,1,399,,Brown&#39;s Binyerd,good,,2026-06-29T12:00:34+00:00
7462ecb1-7ace-4e5d-9ff3-7ccafc81383e,200,1,1,646,,Restaurants &amp; Bars in Sonoma - Fairmont Sonoma Mission Inn &amp; Spa,good,,2026-06-29T12:00:34+00:00
78c14827-5afc-410b-81e9-2b8c2928d422,200,1,1,434,WordPress,EDITION Hotels | A Unique Collection of Luxury Boutique Hotels,good,,2026-06-29T12:00:34+00:00
317f11a9-89f6-4dbd-b0e7-a544f6a188fa,502,0,0,592,,404 Not Found - wildjanes.com,broken,,2026-06-29T12:00:34+00:00
9d2ed7fe-0bc3-43cd-8bbc-9cf883e237ab,0,0,0,34,,,broken,connection failed,2026-06-29T12:00:34+00:00
c5e4cb20-4986-4bea-ad3f-4fd4c57cf5b0,200,1,1,97,Webflow,"First Street Barber Shop, Barber, 112 E 1st St",good,,2026-06-29T12:00:34+00:00
b9827003-32f7-4aa4-8a7a-b4b70cc4b0df,200,1,1,175,GoDaddy,"LOCAL Q 707 - Barbeque, Restaurant, Menu",good,,2026-06-29T12:00:34+00:00
b3e1ef0d-9061-448d-9198-ed9b32152760,200,1,1,106,Webflow,"Goodways Barber Shop, Beauty Salon, 1451 Southwest Blvd Ste 122",good,,2026-06-29T12:00:35+00:00
1b21e9df-a6cc-4fba-8e2a-c7c0c92e3e49,200,1,1,516,,Demo Slot Mahjong Ways 2 Gampang Maxwin Gacor Hari Ini,good,,2026-06-29T12:00:35+00:00
8693a08f-8d58-4a6e-b830-174adb6e6cde,200,1,1,8031,WordPress,Wine &amp; Barrel Co. | Small-Batch Napa Valley Wines,weak,,2026-06-29T12:00:35+00:00
e9c1523e-30eb-4736-8bcc-c7e2cf7f4c2f,200,1,1,215,Squarespace,Sonny&#39;s Classic Barber Shop,good,,2026-06-29T12:00:35+00:00
8d93d17d-4f75-41bb-80fc-b4c2f6690e16,200,1,1,131,Wix,The Den Barbershop - Santa Rosa Barber Shop - Haircuts,good,,2026-06-29T12:00:35+00:00
b86e8017-8c6a-4f4d-a738-452931d22bde,200,1,1,890,WordPress,The Clubhouse Bar &amp; Grill &#8211; Good Times,good,,2026-06-29T12:00:35+00:00
4fac2ad9-eb8f-4e87-8c05-220a4edb7e80,200,0,0,212,,Loading...,weak,,2026-06-29T12:00:35+00:00
c1ebad34-9f8d-4f9b-9f9c-7aee16c01410,404,0,0,157,,Error 404 (Not Found)!!1,broken,,2026-06-29T12:00:35+00:00
cd6533f6-c404-43f2-a46b-9d23dc337cdc,0,0,0,11,,,broken,connection failed,2026-06-29T12:00:35+00:00
b7d54183-6fb3-45bf-9808-98a03f55defe,200,1,1,556,GoDaddy,The Barbery,good,,2026-06-29T12:00:35+00:00
840f6c90-169f-44a9-ba14-79220e6fb53d,200,1,1,897,,Book A Service with Modern Classics Barber Shop - Petaluma CA | Vagaro,good,,2026-06-29T12:00:35+00:00
87d50fc0-0520-42c1-a1f6-b79d272f7443,0,0,0,83,,,broken,connection failed,2026-06-29T12:00:35+00:00
17169f38-eeba-42c3-b257-56b88dacac29,404,1,1,223,,Page Not Found,broken,,2026-06-29T12:00:35+00:00
a6521172-538e-4468-a010-eda021de356d,0,0,0,8,,,broken,connection failed,2026-06-29T12:00:35+00:00
452a08e8-3192-4c30-956f-ada8fb6a8d18,410,1,1,995,,"Roseland Barber Shop, 635 Sebastopol Road, Santa Rosa, CA - Groupon",broken,,2026-06-29T12:00:36+00:00
61e16777-706c-4f46-85a2-26a824237a1c,200,1,1,1403,WordPress,Visit Petaluma | Official Travel &amp; Tourism Guide,good,,2026-06-29T12:00:36+00:00
afb1417e-de6b-4d80-8dcd-c6ffd31a8018,0,0,0,90,,,broken,connection failed,2026-06-29T12:00:36+00:00
626237fd-f895-4bb7-a1f7-daaf8acb154a,200,1,1,318,,Blossom Nails- Skincare &amp; Head spa | Booking Nails | booking.gocheckin.net,good,,2026-06-29T12:00:36+00:00
53da6298-c925-49dd-8a72-10d8f2fd2aa4,200,1,1,451,,wirecog,good,,2026-06-29T12:00:36+00:00
a82eb75b-b6dc-4d5f-b077-fb9bc9718824,200,1,1,444,,Beauties &amp; Beasts Salon &amp; Spa,good,,2026-06-29T12:00:36+00:00
641e6c92-58a1-45c9-ba88-487cc37276b2,200,1,1,729,,Skincare Solutions By Melissa,good,,2026-06-29T12:00:36+00:00
628c0354-9926-4ea3-a019-d4a4a95ee864,200,1,1,142,Webflow,"E&amp;#39;s Nails Salon, Beauty Salon, 1117 S Cloverdale Blvd Ste E",good,,2026-06-29T12:00:36+00:00
ae4251df-5308-4ad3-a3ec-4b39f3c47bba,404,0,0,344,,,broken,,2026-06-29T12:00:36+00:00
c9279d71-859f-4049-8755-80593409e04a,200,1,1,286,Squarespace,Doll House the studio,good,,2026-06-29T12:00:36+00:00
8156790a-cb9a-4b83-9ea1-ea4ba26f966d,200,0,0,309,,Hair 101,weak,,2026-06-29T12:00:36+00:00
9d216111-ab90-4844-ab1a-6c86ce3964cb,404,1,1,316,,Dun &amp; Bradstreet,broken,,2026-06-29T12:00:36+00:00
53e2a506-7b10-4dc7-aa67-4bdaa0e4f376,200,1,0,426,,Loading...,weak,,2026-06-29T12:00:36+00:00
c735a21e-ba9b-4ce6-9420-8e9bc7a49dfe,200,1,1,3566,,RAJA99: Pilihan Utama Jual Beli Harley Bersama Lakegenevaharley,good,,2026-06-29T12:00:36+00:00
e2aad532-1c44-4078-88fe-bdf84b4aeede,0,0,0,11,,,broken,connection failed,2026-06-29T12:00:36+00:00
b7f4110b-c9d5-43ab-b818-195923ef64e7,200,1,1,137,Webflow,"R Squared Salon, Beauty Salon, 10010 Main St",good,,2026-06-29T12:00:36+00:00
2c311c6f-ede7-40a2-b075-4ef40f8b3de4,200,1,1,279,Squarespace,PISCES Skin &amp; Beauty,good,,2026-06-29T12:00:36+00:00
025a0cc2-9bb2-4b88-b93f-367887a25a3a,200,0,0,131,,,weak,,2026-06-29T12:00:36+00:00
b99cfa6a-0d84-474e-859c-05009692aa0b,202,0,0,51,,,weak,,2026-06-29T12:00:36+00:00
c6081f2c-5080-427b-b8a5-6db835ae053a,200,1,1,109,Webflow,"Sunset Salon, Beauty Salon, 18989 Sonoma Hwy",good,,2026-06-29T12:00:37+00:00
694f0750-e498-41d3-bc55-264cf6064b65,200,0,0,119,,,weak,,2026-06-29T12:00:37+00:00
7669c7b7-2952-4034-8d6c-ef609e08d96d,200,1,1,171,Squarespace,Shaar Hair Salon,good,,2026-06-29T12:00:37+00:00
fb80ef80-56d4-4351-85d4-c1d05ab9e835,200,1,1,129,Webflow,"Transitions Hair Studio, Beauty Salon, 444 10th St",good,,2026-06-29T12:00:37+00:00
a7f2f9ef-36be-4bbf-8485-3a6d5d0c4455,0,0,0,15115,,,broken,connection failed,2026-06-29T12:00:37+00:00
debe6e20-d2ea-4af5-a709-cff3b294fe14,200,1,1,2628,,Country selector,good,,2026-06-29T12:00:37+00:00
6ea3a837-50e8-470a-a7dc-6dacb9c71920,0,0,0,36,,,broken,connection failed,2026-06-29T12:00:37+00:00
e0ddddc1-5eb7-4a3a-ae68-97b93f64e040,200,1,1,3332,,"Togel Dana: Daftar Togel Via Dana, Togel Deposit Via Dana 10rb Tanpa Potongan",good,,2026-06-29T12:00:37+00:00
e1075e69-f476-46ff-90f1-31a384d80a62,200,1,1,642,Wix,HOME | passionsforhair,good,,2026-06-29T12:00:37+00:00
f47285e2-664d-4fc4-b896-8572da37d5be,200,1,1,413,,The Beauty Booth | A Salon in Rohnert Park,good,,2026-06-29T12:00:37+00:00
2816ba56-d2ce-4a72-8f34-4c5c649746a8,200,0,0,292,,Welcome to Relais du Soleil Wine Country Guest Ranch,weak,,2026-06-29T12:00:37+00:00
7e23ffbe-3705-44bc-992e-eb007beb6737,200,1,1,1439,,Doll house lash studio - Sebastopol CA | Vagaro,good,,2026-06-29T12:00:37+00:00
48d01b13-ccb0-4d44-a68f-d69ef5fae938,404,0,0,249,,404 Not Found,broken,,2026-06-29T12:00:37+00:00
11ba85ed-5a98-4114-9c80-acded4d223e7,200,0,0,1161,WordPress,Contact L Paradis Salon — L Paradis Salon,weak,,2026-06-29T12:00:37+00:00
5075fbb9-4f72-4e1f-9d09-7829691b9820,444,0,0,483,,,broken,,2026-06-29T12:00:37+00:00
a513b304-960b-4dd1-9d36-4577781b4059,200,1,1,263,Squarespace,Flagship Taproom,good,,2026-06-29T12:00:37+00:00
1a772292-acf6-4ee0-8953-7a4f56726f4f,200,1,1,207,WordPress,"Epicenter &#8211; Dana Davidson&#039;s boutique clothing store in Pt. Reyes, California",good,,2026-06-29T12:00:37+00:00
fc3e0987-65aa-456b-8e1b-0351ed326145,200,1,1,314,,"Go! Retail Group | Toys&quot;R&quot;Us, Calendars.com, Disney Store Limited Time &amp; More",good,,2026-06-29T12:00:37+00:00
6fc01f31-fd49-485f-aaa4-6b1edbfdabc7,200,1,1,633,Wix,Home | gueshousebb,good,,2026-06-29T12:00:37+00:00
c8e308d5-b838-4a1c-b792-7bb9cd36b691,0,0,0,83,,,broken,connection failed,2026-06-29T12:00:37+00:00
c18e44cb-556b-42e8-8449-b04dba68fb1b,200,1,1,162,Squarespace,"Adobe Creek Brewing - Craft Beer Brewery and Taproom in Novato and Petaluma, CA",good,,2026-06-29T12:00:38+00:00
584abcff-207c-435f-b27a-5f6cbd13f294,200,1,1,94,Squarespace,"Adobe Creek Brewing - Craft Beer Brewery and Taproom in Novato and Petaluma, CA",good,,2026-06-29T12:00:38+00:00
b6014af0-2622-4be7-8f21-bd037a0e5e04,200,1,1,327,,Zizi Clothing Healdsburg,good,,2026-06-29T12:00:38+00:00
1c306ce8-84d3-46ef-9d02-d9c8b0c1197c,200,1,1,891,,"Luxury 1920s Bank Loft • Art Gallery &amp; Music Space - Houses for Rent in Tomales, California, United States - Airbnb",good,,2026-06-29T12:00:38+00:00
ae19afac-5cfa-4efd-aa02-a08d984c39b8,200,1,1,577,Shopify,"Women’s Dresses, Gowns and Designer Clothing | BCBG &ndash; BCBGMAXAZRIA",good,,2026-06-29T12:00:38+00:00
3f793ddc-ce82-49bd-8ced-abdebe9da393,200,0,1,181,Shopify,Bella Snow Soft Ale Great Low Alcohol Beers Brewed to Have a few,weak,,2026-06-29T12:00:38+00:00
967b93a6-8161-4db5-983c-ab857fd0d1e8,404,0,0,149,Squarespace,Squarespace - Domain Not Claimed,broken,,2026-06-29T12:00:38+00:00
a5f2a4d7-faa1-4030-bf35-f3f584ec5d41,200,1,1,1095,WordPress,Best Microblading in SF &amp; Petaluma - iBrow Vixen,good,,2026-06-29T12:00:38+00:00
f9b5c73c-62d9-40a5-9307-38928bc3410c,200,1,1,496,,Bacon - Novato&#x27;s Best Breakfast and Lunch Spot,good,,2026-06-29T12:00:38+00:00
2bda2bcf-0513-459e-a912-03912aa062e4,200,1,1,316,Squarespace,"Barrel Brothers Brewing Company - Windsor, CA",good,,2026-06-29T12:00:38+00:00
d11704fa-0457-4400-8138-188978219a56,200,1,1,133,Squarespace,Healdsburg Beer Garden &mdash; Fogbelt Brewing Co.,good,,2026-06-29T12:00:38+00:00
5402792c-d9a0-40a5-9ba0-a1e1d57d0742,200,1,1,134,Squarespace,Old Caz Beer Logo | Join the Celebration Today,good,,2026-06-29T12:00:38+00:00
e1fea954-2c87-4262-8d97-ddb8e2af7cc2,404,1,0,510,Squarespace,Squarespace - Website Expired,broken,,2026-06-29T12:00:38+00:00
efe53c71-7965-459e-803d-500e89d15ebe,200,1,1,437,Shopify,Bear Republic Brewing Co. &ndash; Bear Republic Brewing Company,good,,2026-06-29T12:00:38+00:00
a9a85f26-247c-4148-a3fb-625ac71178be,404,0,0,142,Squarespace,Squarespace - Domain Not Claimed,broken,,2026-06-29T12:00:38+00:00
58de5a54-bc95-4914-b95a-207c7b684c68,200,1,1,262,,Acme Burger | American Restaurant in CA,good,,2026-06-29T12:00:38+00:00
5e0fb4bd-0617-4683-87af-1d3fd4c24b2b,200,1,1,1565,,The Collab Salon - Rohnert Park CA | Vagaro,good,,2026-06-29T12:00:38+00:00
64032430-05aa-4682-9a8c-694d1e612ba0,0,0,0,83,,,broken,connection failed,2026-06-29T12:00:38+00:00
65fc8cea-045e-4333-aaa2-8b926484f604,200,1,1,7404,WordPress,Luxury Custom - Architectural Firm,weak,,2026-06-29T12:00:38+00:00
86df74a7-03a0-4768-8147-d13933fa30c7,403,1,1,71,,Just a moment...,broken,,2026-06-29T12:00:38+00:00
413a1260-373e-4b31-be03-d48b95bc8cb5,200,1,1,317,,Smashburger $4.99 Menu Is Here | Big Flavor. Small Price,good,,2026-06-29T12:00:38+00:00
d09057ac-fca7-4fdb-b157-d0f41473da29,200,0,1,488,,restaurant-guide.com,weak,,2026-06-29T12:00:38+00:00
25725810-5412-471b-9c2e-30a9207b1559,200,1,1,572,Wix,Pods Brews | Brewery | Taproom | Novato,good,,2026-06-29T12:00:38+00:00
7bc26d68-f2d2-4b33-8b39-72e580f4e1f1,200,1,1,381,Wix,Best Burgers in Sonoma County | Superburger,good,,2026-06-29T12:00:38+00:00
7f855e01-0ec8-4978-aaab-db65f1b4e8e3,404,0,0,356,,,broken,,2026-06-29T12:00:38+00:00
61b9c1b1-c92f-4465-beb3-c37f9b81e9c8,0,0,0,86,,,broken,connection failed,2026-06-29T12:00:38+00:00
a58fcd6e-3346-46bc-b9bd-b7595080ce4b,0,0,0,46,,,broken,connection failed,2026-06-29T12:00:38+00:00
acd8e674-107b-419e-b283-ccb066ab72d2,409,0,1,75,,DNS resolution error | fermatageyserville.com | Cloudflare,broken,,2026-06-29T12:00:38+00:00
17065d17-418e-4ace-b2f9-f7d1989447eb,200,1,1,78,,Online Ordering | Clover,good,,2026-06-29T12:00:38+00:00
4dfb5586-acfa-418c-a29c-b244b7d97b43,200,1,1,291,Webflow,New Home,good,,2026-06-29T12:00:39+00:00
e9d5bd86-bccd-4660-8c2c-61ae25cf3bb3,202,0,0,24,,,weak,,2026-06-29T12:00:39+00:00
bf47f7ab-9312-435b-aaa3-ac737b51ab76,200,1,1,303,Webflow,New Home,good,,2026-06-29T12:00:39+00:00
370c9ffc-0275-4966-8c1f-0bb8c0f9cd50,200,1,1,242,,"Donuts & Bagel Cafe - Santa Rosa, CA - Full Menu, Reviews, Photos",good,,2026-06-29T12:00:39+00:00
206327a3-e011-446f-a991-cbfa31012023,200,1,1,729,Wix,Home | Mysite,good,,2026-06-29T12:00:39+00:00
591866f7-0e80-40e4-b70b-dcc5c35ed58b,200,1,1,151,Squarespace,The Wild Poppy Cafe,good,,2026-06-29T12:00:39+00:00
0d673c58-6fe9-49ff-a424-ec1650ecb192,202,0,0,211,,,weak,,2026-06-29T12:00:39+00:00
2dab5e3f-a824-4fe8-a0e3-79780a9bdc68,404,0,0,146,,SITE NOT FOUND,broken,,2026-06-29T12:00:39+00:00
c3702f7d-dcd6-442b-98c6-b4b0b0ce1010,200,1,1,110,Webflow,"The Canton, Real Estate, 951 LAKEVILLE ST",good,,2026-06-29T12:00:39+00:00
fcac4c00-576b-43f3-9fd9-5cb32c4c99f4,200,1,1,140,WordPress,Boiling Bowl - Chinese Restaurant | Online Order | Santa Rosa | CA,good,,2026-06-29T12:00:39+00:00
966b386b-a6e5-4ed1-8a0e-95bfd6204517,0,0,0,10010,,,broken,connection failed,2026-06-29T12:00:39+00:00
84ab61d2-a019-4416-be30-3f99d9285711,0,0,0,82,,,broken,connection failed,2026-06-29T12:00:39+00:00
018b9939-a0ad-4a35-b7c6-7b785295af29,200,0,1,666,,"Colores Café | Santa Rosa, CA 95407 | Menu | Order Online",weak,,2026-06-29T12:00:39+00:00
e86344f1-fe65-4c64-a55f-66389bc8be65,404,0,0,161,,Website Unavailable,broken,,2026-06-29T12:00:39+00:00
a00e80ca-98d2-460b-94ea-a431f6c4e9c6,200,1,1,426,,Amy&#039;s Peking Palace,good,,2026-06-29T12:00:39+00:00
5ea445d2-841f-47fe-9c25-09d932f46c81,200,1,1,216,Squarespace,GREAT CHINA RESTAURANT,good,,2026-06-29T12:00:39+00:00
e52f9ba9-4694-4af5-a566-dbfaa8407db1,404,0,0,277,,,broken,,2026-06-29T12:00:39+00:00
2bafe1d2-874c-4290-ad22-d5278e5b0c18,200,1,1,105,Webflow,"Soo Yuan Restaurant, Restaurant, 1354 Lincoln Ave",good,,2026-06-29T12:00:39+00:00
c696c9e5-6e25-46f0-9661-57d5af096ccb,200,0,1,99,Webflow,"Yinkeng Restaurant, Restaurant, 8840 Lakewood Dr",weak,,2026-06-29T12:00:39+00:00
a9696788-e16c-4cd0-8f7b-92576fd19458,200,1,1,160,Webflow,"Abc Chinese Restaurant, Chinese Restaurant, 3579 Industrial Dr",good,,2026-06-29T12:00:39+00:00
3e3b5dc4-81b5-4bf4-aadc-c71121183ae3,200,1,1,101,Webflow,"Advantage Chiropractic, Chiropractor, 4898 Old Redwood Hwy",good,,2026-06-29T12:00:39+00:00
6dc98bf2-0b25-4d1b-9334-c10acdd7f8cd,200,1,1,606,,"CHINA VILLAGE Restaurant - Santa Rosa, CA | Order Online | Chinese Takeout",good,,2026-06-29T12:00:39+00:00
469b0670-7edd-4f1e-93b3-300981567b7f,0,0,0,83,,,broken,connection failed,2026-06-29T12:00:40+00:00
9e01f710-f45c-449d-a123-0f5babbb8d4f,200,1,1,114,Webflow,"Campbell Chiropractic Center, Mountain Shadows Plaza Shopping Center,",good,,2026-06-29T12:00:40+00:00
4796e437-181d-4c47-b2c5-e71c3402b83a,200,1,1,1147,Weebly,Sam’s General Store | Sonoma & Napa Valley | Coffee & Breakfast | Sam's General Store,good,,2026-06-29T12:00:40+00:00
945660b9-6d1e-4db5-a132-3da238f910aa,0,0,0,81,,,broken,connection failed,2026-06-29T12:00:40+00:00
7f60c928-4b30-4715-92ea-cf3dd6318126,200,1,0,630,,SonomasRestaurants.com,weak,,2026-06-29T12:00:40+00:00
3a3e6834-7606-4076-a35a-b6a04496a5ba,200,1,1,2002,,"Super Buffet 450 Mendocino Ave, Santa Rosa, CA 95401 - superpages.com",good,,2026-06-29T12:00:40+00:00
13b7eebf-267d-4ec8-ae00-8f075adff927,200,1,1,1251,,MACAN123 Situs Slot88 Gacor Indonesia Gampang Maxwin Anti Zonk,good,,2026-06-29T12:00:40+00:00
9fd09878-8d0a-4b97-83bb-d7a7fadbd957,0,0,0,9,,,broken,connection failed,2026-06-29T12:00:40+00:00
96d5866b-4e55-4aec-be19-b166db457569,0,0,0,16,,,broken,connection failed,2026-06-29T12:00:40+00:00
60a0c5ac-3cc2-4f89-ba2b-6b10735a121f,200,1,1,1215,,Its Just Wings&#x27;s Delivery &amp; Takeout Near You - DoorDash,good,,2026-06-29T12:00:40+00:00
19970840-9d62-4d55-8d09-93aa3ea909d6,0,0,0,34,,,broken,connection failed,2026-06-29T12:00:40+00:00
6e5ed356-0afc-43dd-b5ce-0af12c64211b,0,0,0,9,,,broken,connection failed,2026-06-29T12:00:40+00:00
cdf87efb-ea5b-4c25-999a-00a019e22431,200,1,1,449,Weebly,Chiropractor Petaluma - Osgood Chiropractic 707-775-2501,good,,2026-06-29T12:00:40+00:00
5d3c1e3d-a988-4117-98a9-3cb9bf6d12c3,200,1,1,256,GoDaddy,HealthySelfNow.com is for sale | HugeDomains,good,,2026-06-29T12:00:40+00:00
a4246c10-ce7e-4e95-9773-d5a6b80800cd,200,1,1,1427,,"SLOT88RESMI | Layanan Situs Slot Online 24 Jam Hari Ini, Bandar Link Slot88 Terbaru Mudah JP",good,,2026-06-29T12:00:40+00:00
44a1c3a7-9ba1-4432-bb49-46578f4b6d91,200,1,1,281,,"Santa Rosa Chiropractor | Santa Rosa Auto Accident Injury Chiropractic Treatment | Santa Rosa Auto Injury At Neck Pain, Back Pain, Headache Relief Center",good,,2026-06-29T12:00:40+00:00
0080b51c-232a-485e-a880-c36d67c833aa,200,1,1,211,,"Gap Individual style for Women&#x27;s, Men&#x27;s, Baby &amp; Kids&#x27; Clothing",good,,2026-06-29T12:00:40+00:00
1f7ecf59-ad05-4364-8768-c2cd750de457,403,0,1,130,,Just a moment...,broken,,2026-06-29T12:00:40+00:00
eae3622b-1026-4b6e-808f-3eb243a7f0ba,200,1,1,222,Wix,Home | Thread &amp; Soul A Curated Collective,good,,2026-06-29T12:00:40+00:00
096e40e7-22b1-4e4b-80c3-66848526743d,0,0,0,35,,,broken,connection failed,2026-06-29T12:00:40+00:00
bfe04ebd-4766-423f-bdae-4fd97b20c2ad,403,1,1,239,,Just a moment...,broken,,2026-06-29T12:00:40+00:00
38ce2cf6-d696-4759-a546-55db34d66a6a,0,0,0,84,,,broken,connection failed,2026-06-29T12:00:40+00:00
567b271e-1441-439c-a3d2-6514c7b39914,0,0,0,14,,,broken,connection failed,2026-06-29T12:00:40+00:00
6191cda7-b120-45d9-a34f-5611fff2f942,200,1,1,217,,StellasWardrobe | Fresh Finds for a Beautiful Home,good,,2026-06-29T12:00:40+00:00
78339c07-5100-4922-b47f-95bcc3fee829,0,0,0,54,,,broken,connection failed,2026-06-29T12:00:40+00:00
69ab7392-0f2f-43fd-adfd-59a6bf496e10,200,1,1,74,,Online Ordering | Clover,good,,2026-06-29T12:00:40+00:00
98c4ad5f-faa8-4134-8296-ce3b7155870e,410,1,1,1047,,"Silver Moon Chinese Food, 1880 Mendocino Avenue, Santa Rosa, CA - Groupon",broken,,2026-06-29T12:00:40+00:00
6d4efc7b-e503-4668-b557-b4c8611dae80,200,1,1,201,Squarespace,Rooftop Cocktail Lounge | ROOF 106 at Matheson Healdsburg,good,,2026-06-29T12:00:40+00:00
0de17dea-b2ae-49c1-a9f8-c6ed77c541f6,404,1,1,176,,Page Not Found - MapQuest,broken,,2026-06-29T12:00:40+00:00
6479ca98-7ebb-4a40-833c-e2c661f9b7fa,200,1,1,108,Squarespace,Boba Tea Drinks Near You. Sharetea - Best Bubble Tea Brand,good,,2026-06-29T12:00:40+00:00
8445bc67-9b19-40b7-a0ca-b6b907f2c33e,200,1,1,206,Shopify,Premium Fresh Roasted Coffee by Roast Theory,good,,2026-06-29T12:00:40+00:00
4f0534a8-6024-4b3b-91ca-7cb9df0e9652,200,1,1,610,Shopify,Pacsun,good,,2026-06-29T12:00:40+00:00
a97e7d5d-356c-4b86-8a78-81f9305241d4,404,1,1,125,Wix,404 Error: Page Not Found,broken,,2026-06-29T12:00:40+00:00
73c3c80d-12b4-4d97-a42a-e372af19e852,200,1,0,352,WordPress,Higher Ground,weak,,2026-06-29T12:00:40+00:00
da2f98a7-fcaf-4a8f-aec5-38650913616e,0,0,0,34,,,broken,connection failed,2026-06-29T12:00:40+00:00
b2f62ef1-4019-4b5f-8f4a-2fbbba446cd7,202,0,0,70,,,weak,,2026-06-29T12:00:41+00:00
a5e83c11-51a9-4c6e-acd8-48e62782b8ae,200,1,1,430,Wix,Home | Mysite,good,,2026-06-29T12:00:41+00:00
87ed8453-cda2-4c3d-8dcb-4c6b818033e3,200,1,1,489,Shopify,"Redwood Gospel Coffee | Socially Conscious Coffee in Santa Rosa, CA &ndash; Redwood Gospel Coffee Co.",good,,2026-06-29T12:00:41+00:00
31a12261-6d66-42dd-9029-5e3f894c38e5,404,1,0,221,Squarespace,Squarespace - Website Expired,broken,,2026-06-29T12:00:41+00:00
e8ddc46e-f42a-439e-a2e2-cf88dd55c69b,200,1,1,133,Wix,Crane Service | Ad-Lite Crane Service | Northern California,good,,2026-06-29T12:00:41+00:00
8041aafb-f24a-41e9-8d76-187aaa32b083,200,1,1,200,Wix,The Armony Companies | Construction and Development,good,,2026-06-29T12:00:41+00:00
ec92e8a7-3eb7-4190-b852-acabde095018,202,0,0,135,,,weak,,2026-06-29T12:00:41+00:00
e3c58e77-a817-4599-9a68-0a9839944f4c,200,0,1,352,,Alcazar Bro’s Concrete,weak,,2026-06-29T12:00:41+00:00
2a1461c1-f6e0-4405-8f9c-f45a85ecfa1d,0,0,0,82,,,broken,connection failed,2026-06-29T12:00:41+00:00
7d1ef5fb-dfb0-49da-aca8-b32806f70fc1,0,0,0,85,,,broken,connection failed,2026-06-29T12:00:41+00:00
810e6585-dd96-4820-be98-14a714656d25,200,1,1,145,Squarespace,Millstreet Builders,good,,2026-06-29T12:00:41+00:00
ee9fb15f-9993-468b-8949-54ac9e4aa106,200,1,1,698,Shopify,Sunshine Organic Coffee Roasters Forestville California,good,,2026-06-29T12:00:41+00:00
0dd83154-1b28-4af2-a748-aa9059e3de1c,200,1,1,167,,"Santa Rosa Stucco & Plastering | Stucco Contractor in Santa Rosa, CA",good,,2026-06-29T12:00:41+00:00
a1d3f05e-e514-4063-b1a0-ae8f8c736124,0,0,0,1333,,,broken,connection failed,2026-06-29T12:00:41+00:00
d0f5d00b-2ebe-47cd-aacb-112113105f34,200,0,0,309,,,weak,,2026-06-29T12:00:41+00:00
6e0aad35-b9e5-4a98-8ad4-acde8290f74f,200,1,1,314,GoDaddy,Sandrkings Drywall &#8211; Santa Rosa Drywall Services,good,,2026-06-29T12:00:41+00:00
cae28bee-7f3f-486e-ba0a-9edcebb86199,200,1,1,307,Squarespace,Signature Style Hair Salons,good,,2026-06-29T12:00:41+00:00
531773d1-f0ae-48d1-b179-9eac995ab7bb,200,1,1,169,,"Developer – Hidden Valley Lake, CA - Dennis Grove Concrete Pumping Inc.",good,,2026-06-29T12:00:41+00:00
3f472826-4285-4b57-98d1-c7d9ac6b6eb9,0,0,0,91,,,broken,connection failed,2026-06-29T12:00:41+00:00
7f1f1e01-224f-49e9-89fb-e845e5d1dc7b,200,0,0,3237,,,weak,,2026-06-29T12:00:41+00:00
a71092ed-88c3-4392-874b-114a418b2cd3,200,0,0,117,,,weak,,2026-06-29T12:00:41+00:00
27b504ae-ec00-4edb-9c56-be6112666418,0,0,0,364,,,broken,"ssl: HTTPSConnectionPool(host='www.simonsaysbuild.net', port=443): Max retries exceeded with url: / (Caus",2026-06-29T12:00:41+00:00
7bc3f2f3-f07d-49ba-934a-339a061e38a8,200,1,1,947,Weebly,Bodega Bay Coffee Bar & Breakfast | Sea Flower Cafe,good,,2026-06-29T12:00:41+00:00
ace72394-54c9-4c39-8f29-73ae3539c059,0,0,0,82,,,broken,connection failed,2026-06-29T12:00:41+00:00
494bee74-c734-4134-80ce-e6009139f5c1,0,0,0,35,,,broken,connection failed,2026-06-29T12:00:41+00:00
945c80a5-60ef-4b0b-ba0f-6cd2a871dc9b,200,1,0,430,,Stillwater Construction - Marin General Contractor,weak,,2026-06-29T12:00:41+00:00
279a6c0d-7636-4c0e-a37a-d1c694757f2c,500,1,0,405,,"We're sorry, but something went wrong (500)",broken,,2026-06-29T12:00:41+00:00
d6f12a80-4c63-4b01-8b30-31cae5ba0da6,200,1,1,224,Squarespace,"Home - Melinda Petty Skin &amp; Body | Santa Rosa, Ca",good,,2026-06-29T12:00:41+00:00
9784566b-efd6-4d04-8e2d-e74a84b14c4e,526,1,1,325,,logo,broken,,2026-06-29T12:00:41+00:00
40a00cd0-c609-4bd4-8abe-e87582550c56,200,1,1,291,,Linkin.bio,good,,2026-06-29T12:00:41+00:00
a5e89574-a1ad-4f28-9e88-b2bdc808dd72,200,1,1,320,,Webs.com has been shut down: Find out more,good,,2026-06-29T12:00:41+00:00
27c22fe8-92bf-4d85-98e8-6b6e143d2ac0,200,1,0,1835,,"Kings Valley Family Chiropractic Chiropractor in Cloverdale, CA",weak,,2026-06-29T12:00:41+00:00
3ee0708c-ec70-4b9f-9414-55d472351383,200,1,1,609,,Official Site | Benefit Cosmetics BrowBar | Macy&#39;s Santa Rosa Plaza,good,,2026-06-29T12:00:42+00:00
5a29c1bd-65e1-41a3-978d-8fa818a564ac,200,1,1,417,GoDaddy,Pryor Family Child Care,good,,2026-06-29T12:00:42+00:00
fcea9a70-e767-44f6-83d1-2f44a05e7930,403,1,1,178,,Just a moment...,broken,,2026-06-29T12:00:42+00:00
4e81ffce-feca-432c-89de-c5cfa08b5e2e,200,1,1,121,Webflow,"Sebastopol Liquor and Deli, Delicatessen Restaurant, 6800 Sebastopol A",good,,2026-06-29T12:00:42+00:00
85808535-b988-4ee8-b347-0c4106d13b01,200,1,1,125,,Websites | | urban-fresh-deli2,good,,2026-06-29T12:00:42+00:00
92460db1-eec9-4d2a-afcc-45c6dc2d2ae3,200,1,1,323,Webflow,"Ray&amp;#39;s Food Center, Restaurant, 2455 Dutton Ave",good,,2026-06-29T12:00:42+00:00
d3d38381-17dd-480d-bf4a-15541dd3f53c,404,1,1,320,,,broken,,2026-06-29T12:00:42+00:00
f3897a2f-379f-4d78-9643-cf9369632558,200,1,1,257,Webflow,"Whale of A Deli, Delicatessen Restaurant, 997 Mesa Rd",good,,2026-06-29T12:00:42+00:00
5503eb01-ddd4-44eb-9163-fa40d7d18d08,200,1,1,265,WordPress,"Dr. Charles Aikawa, DDS &#8211; Family Dentistry",good,,2026-06-29T12:00:42+00:00
aa2ff42a-cfbe-4e04-b8ce-9c7367e63d0b,200,0,0,233,,,weak,,2026-06-29T12:00:42+00:00
2e7ea13f-4c68-482f-8ff9-d75f657bd693,200,1,1,967,WordPress,Filming in San Rafael - San Rafael,good,,2026-06-29T12:00:42+00:00
7bdef943-3a93-4aa7-9fbc-8c8543129ac7,200,1,1,1136,,Waugh School District,good,,2026-06-29T12:00:42+00:00
da8d4afa-81b1-4d66-bf11-2a263a10331a,200,1,1,925,Weebly,,good,,2026-06-29T12:00:42+00:00
eb9cf341-62ef-4423-9feb-6ff7344e89ab,200,1,1,677,,"Dr. Jenise Briggs, DDS - Write a Review - Rohnert Park, CA | Healthgrades",good,,2026-06-29T12:00:42+00:00
3a4902ae-02c6-4ad0-9ca1-6e4f3d16246a,200,1,1,104,Webflow,"Lawson Evans Dds, Dentist, 1805 Novato Blvd Ste 4",good,,2026-06-29T12:00:42+00:00
f8f7ea4c-16b7-4cec-b4fa-e7d87c5f6600,200,0,0,612,WordPress,Conrad Block | Ride the Wave to a Healthy Smile,weak,,2026-06-29T12:00:42+00:00
2cf27a9f-9d06-4c54-b8c9-57dbded6a056,200,1,1,569,,Dental Board of California,good,,2026-06-29T12:00:42+00:00
e31dec53-4e25-4835-a471-cd8e2744533c,200,0,1,306,GoDaddy,Emergency Dental Service | Professional & Fast | Call (888) 643-0461,weak,,2026-06-29T12:00:43+00:00
243c481f-f334-404f-896c-4fa2e19fb5e2,200,1,1,281,WordPress,Dentist Santa Rosa California | Cosmetic Dentistry,good,,2026-06-29T12:00:43+00:00
b64faf99-67c1-4122-9952-1e5b4c037661,200,1,1,242,,Napa Sonoma Oral Surgery &amp; Dental Implants,good,,2026-06-29T12:00:43+00:00
547bffca-dd0b-4f79-bfa3-7dfa4e60bb90,0,0,0,85,,,broken,connection failed,2026-06-29T12:00:43+00:00
c30d3e48-e33a-4787-bd46-1936e3bff18a,200,1,1,1767,WordPress,"Nail Salon 29418 | Pro Nails And Sp | North Charleston, SC 29418 | Professional Nail Care",good,,2026-06-29T12:00:43+00:00
d7c353b5-81b9-4dc9-9a81-686ad0cb2f2e,200,1,1,585,,Dental Board of California,good,,2026-06-29T12:00:43+00:00
efd5c99e-83a9-4678-87b3-07aed3a0bf07,200,1,1,841,GoDaddy,"Best Dentist In Santa Rosa, CA | Stony Point Dental Care | Dentist Near Me | Dentures Santa Rosa | Veneers Santa Rosa Ca",good,,2026-06-29T12:00:43+00:00
0f75b082-bb8a-43a4-a799-1b2c6d95d85e,0,0,0,66,,,broken,connection failed,2026-06-29T12:00:43+00:00
831f7e4b-1078-4bb1-837b-c4ba56f34b06,202,1,0,155,,,weak,,2026-06-29T12:00:43+00:00
6e924c15-d0dc-46ff-8103-517a68028815,200,1,1,610,GoDaddy,Dentist in Novato California | Modern Dentistry of Novato,good,,2026-06-29T12:00:43+00:00
9c5f9e1f-eef0-4c32-b433-3cc80358a030,200,1,1,332,WordPress,Santa Rosa Community Health,good,,2026-06-29T12:00:43+00:00
0c10e29e-2414-4a5d-8988-df1f6d2af772,403,0,0,378,,,broken,,2026-06-29T12:00:43+00:00
76b33324-934b-4771-8f82-7d119dd9c89e,200,1,1,433,WordPress,Home - Wchealth,good,,2026-06-29T12:00:43+00:00
d943404d-ac48-47e6-96f5-d55c213dc975,200,1,1,224,GoDaddy,"Best Dentist In Santa Rosa, CA | Stony Point Dental Care | Dentist Near Me | Dentures Santa Rosa | Veneers Santa Rosa Ca",good,,2026-06-29T12:00:43+00:00
53a0ae0e-c440-430b-8793-6b375f5876df,200,1,1,274,,"Novato, CA Dentist | Dentist in Novato, CA | Ignacio, CA Dental Implants | Petaluma, CA Dental Crowns",good,,2026-06-29T12:00:43+00:00
d204de34-f97a-45ed-8e8d-1f9db5a98e4a,200,1,0,177,,,weak,,2026-06-29T12:00:43+00:00
ef2139ec-2002-47f3-8a4d-7deb85dd6192,200,1,1,318,GoDaddy,sansgapsdentalcare.com,good,,2026-06-29T12:00:43+00:00
9242d3f8-388c-4025-bcea-af62fcf70e0a,200,1,1,145,Webflow,"Wiseman Richard a DMD, Dental Orthodontist, 2321 Bethards Dr",good,,2026-06-29T12:00:44+00:00
823b5e18-4691-4d8e-b1c3-03e635c94d75,200,1,1,451,,"Dr. Laura Van Roy, DDS - 3 Reviews - Windsor, CA | Healthgrades",good,,2026-06-29T12:00:44+00:00
aea0da12-3c95-45db-ae0b-61197cc21730,200,1,1,122,Webflow,"The Canton, Real Estate, 951 LAKEVILLE ST",good,,2026-06-29T12:00:44+00:00
c4a24d79-7515-4a30-95ac-3092eee9ade8,200,1,1,357,GoDaddy,Santa Rosa Dentist and Implant Center | Voted best dentist in Santa Rosa | 5-Star Family Dentist Santa Rosa,good,,2026-06-29T12:00:44+00:00
53d4aaf0-aaa3-4674-a3fd-e30add0b2ecf,200,1,1,1301,WordPress,Home - Lakewood Dental,good,,2026-06-29T12:00:44+00:00
d9c0f961-b258-4ba7-838d-2ee0e0c44386,200,1,1,514,,"Home - Dermatologist in Sonoma, CA | Sonoma Dermatology",good,,2026-06-29T12:00:44+00:00
f8a88929-8939-4ec2-a06a-9806022c39b1,200,1,1,810,,"Santa Rosa Dentist | Wisdom 4 Dental | Dentistry Santa Rosa, CA 95401",good,,2026-06-29T12:00:44+00:00
69afc2da-9a99-4723-a47e-5eef7b7dfd9e,0,0,0,34,,,broken,connection failed,2026-06-29T12:00:44+00:00
968be068-0a63-4344-ab54-749898e18b1a,200,1,0,580,,,weak,,2026-06-29T12:00:44+00:00
12ec3094-6015-4895-b16d-c3b16a937c5f,200,0,1,499,,Carlos77 || Produk Game Online Samba Brazil Pasti Juara!,weak,,2026-06-29T12:00:44+00:00
7428792e-5df3-4b63-9e3d-80db1071b55d,200,1,1,120,Webflow,"Harold&amp;#39;s Dante Hotel, Hotels &amp;amp; Motel, 133 Railroad Ave",good,,2026-06-29T12:00:44+00:00
5dded280-2e61-4e23-96ad-cefbca7d010b,0,0,0,34,,,broken,connection failed,2026-06-29T12:00:44+00:00
806f233a-a487-42af-bc9c-d9d0e8aceacf,403,1,1,447,,Just a moment...,broken,,2026-06-29T12:00:44+00:00
576bf181-a8bd-4576-836b-d5eb94707a0e,404,1,1,764,,,broken,,2026-06-29T12:00:44+00:00
260b289a-01df-4bdc-bf4e-5018e1dbd314,200,1,1,1599,WordPress,"Shawn Widick D.D.S | Dentist in Healdsburg, CA",good,,2026-06-29T12:00:44+00:00
7217b600-9897-4e4c-8f8d-1a2d613dceea,404,1,0,237,Squarespace,Squarespace - Website Expired,broken,,2026-06-29T12:00:45+00:00
295046cd-27c5-4d4e-92c3-b2498712c5d0,200,1,1,2218,WordPress,Excellent Family Dental Care Close to Home | Forestville Family Dentistry,good,,2026-06-29T12:00:45+00:00
6072748f-8ea4-46e0-8e1d-730e5bf174f2,200,1,1,333,,"California Divorce Attorneys | Blevans, Itzkowitz & Cantrell, LLP",good,,2026-06-29T12:00:45+00:00
334d23bc-fab4-4666-89a7-7c0b5919929d,200,1,1,413,,,good,,2026-06-29T12:00:45+00:00
f5756838-62e5-4b4f-9959-4b1de6df4d8e,200,0,0,243,,One World Surf Designs - Juan Rodriguez,weak,,2026-06-29T12:00:45+00:00
04e64df7-d6f3-427f-8bbe-34135ba8f1cb,200,1,1,228,,"Petaluma News, Breaking News in Petaluma, CA",good,,2026-06-29T12:00:45+00:00
66803598-87fd-4b3f-ba35-b112183d2bfd,400,1,0,193,,,broken,,2026-06-29T12:00:45+00:00
4b12e366-1a79-48d4-9795-d8ed383e9044,200,1,1,251,GoDaddy,kentmagnell.com,good,,2026-06-29T12:00:45+00:00
3cb1d969-c668-44f7-82e6-c8214e937250,200,1,1,375,WordPress,Nova Albion,good,,2026-06-29T12:00:45+00:00
816dd14c-e37b-4060-b6ab-05e31e4ca95f,410,1,1,1145,,"Norm&#x27;s Kitchen, 478 Larkfield Center, Santa Rosa, CA - Groupon",broken,,2026-06-29T12:00:45+00:00
69f0136d-f3ce-46b4-b032-7aeb81718a44,200,1,1,161,Squarespace,Wedding Venues Napa Valley | Triple S Ranch,good,,2026-06-29T12:00:45+00:00
781ba85a-b9cd-4f07-9ce0-4675c39750b7,200,1,1,477,Webflow,"Holy Ghost Society, Halls, Auditorium, 7960 Mill Station Rd",good,,2026-06-29T12:00:45+00:00
5cd08fe5-65f4-41b1-8e57-7f7024f3165a,0,0,0,66,,,broken,connection failed,2026-06-29T12:00:45+00:00
fb7104e9-031c-4204-b15a-100cb0f5a5b9,200,1,1,345,WordPress,Seven Branches Venue And Inn - Seven Branches Venue And Inn,good,,2026-06-29T12:00:45+00:00
32bc718c-c87d-46e5-994f-e3e119c55039,404,1,1,565,Squarespace,"404 &mdash; UCCR United Camps, Conferences, Retreats",broken,,2026-06-29T12:00:45+00:00
73dcbc7f-ea41-49a1-941a-bedc672dd0cd,0,0,0,36,,,broken,connection failed,2026-06-29T12:00:46+00:00
155d6c10-2eef-4772-ad76-0668ffae0e41,200,1,1,597,Squarespace,"Sebastopol Center For the Arts, California",good,,2026-06-29T12:00:46+00:00
db824f1c-a1a2-4f26-972d-360eb3166342,404,1,1,1129,,"Custom404 • Santa Rosa, CA • CivicEngage",broken,,2026-06-29T12:00:46+00:00
cd97fedf-22b8-49c1-aea3-7bc253e556a4,200,1,1,137,Wix,Home | Bodega Bay Secret Gardens,good,,2026-06-29T12:00:46+00:00
a8ae2713-2c02-4cc2-90db-b192e3973ce9,0,0,0,83,,,broken,connection failed,2026-06-29T12:00:46+00:00
02885340-aa33-4077-9b7b-6521821a2c94,200,1,1,55,,"Wendy&#039;s® | Home of Fresh, Never Frozen Beef Since 1969",good,,2026-06-29T12:00:46+00:00
b5527388-94cc-4ce0-b93a-b25c5f930eea,200,0,1,179,,A&amp;W Restaurants,weak,,2026-06-29T12:00:46+00:00
2dc91cf3-c22d-4c4f-8b7a-4c72422fcf37,200,1,1,251,GoDaddy,"Top Audio-Visual production, Stage &amp; Lighting equipmentRental Services | AURORASOUND",good,,2026-06-29T12:00:46+00:00
d5e1e11d-712a-437a-ac91-8ab84e725b39,200,1,1,129,,Online Ordering | Clover,good,,2026-06-29T12:00:46+00:00
036d0b45-9a46-4d1f-aa6d-6fe5ee3a4d96,404,1,1,961,,404 - Page not found,broken,,2026-06-29T12:00:46+00:00
b45c664e-5c00-43ef-91c1-8f60917e4b74,0,0,0,432,,,broken,connection failed,2026-06-29T12:00:46+00:00
a2f1d5b9-b376-4d2a-8c14-0fa023f5e026,200,1,0,860,,www.wischemannhall.com,weak,,2026-06-29T12:00:46+00:00
4dfa4674-7197-483e-baec-6b3b95a15b74,200,1,1,593,,Santa Rosa Florist | Santa Rosa CA Flower Shop | FLORERIA SELENA,good,,2026-06-29T12:00:46+00:00
70eda0ce-eac9-4f64-be97-21e65bff496c,200,0,0,294,,Our Best Friends: Gifts for Pets and Their People,weak,,2026-06-29T12:00:46+00:00
b0a7e838-4786-4d45-a36a-65f3bb4c21e0,200,1,1,482,Squarespace,healdsburgfoodpantry,good,,2026-06-29T12:00:47+00:00
aaf93168-235b-48de-80eb-b589e17421ba,200,1,1,473,WordPress,Home - Dairy Delivery,good,,2026-06-29T12:00:47+00:00
c0454591-b493-4475-ac3c-13a38b4d0ea3,200,1,1,130,Wix,"Cyrus Restaurant | California Wine Country | Geyserville, CA",good,,2026-06-29T12:00:47+00:00
830fc2f4-5508-49e4-af25-09bb87a57bae,200,1,1,615,,Local Beer Distributors | Anheuser-Busch Wholesaler,good,,2026-06-29T12:00:47+00:00
5cb1206a-acff-4a42-bcb9-62635fb13b10,200,1,1,171,Squarespace,.,good,,2026-06-29T12:00:47+00:00
fc1eb4db-aac6-4fe8-ae21-d1185f60828b,200,1,1,2806,WordPress,Puppyluv Academy &#8211; Puppyluv Academy,good,,2026-06-29T12:00:47+00:00
4bc41047-44d4-4572-a66f-4063c1cbfe23,200,1,1,402,,Bistro Lagniappe,good,,2026-06-29T12:00:47+00:00
31029ff9-3e77-4443-86e3-ef628a60e519,403,1,1,78,,Access to this page has been denied,broken,,2026-06-29T12:00:47+00:00
96bd3e74-fcc5-4bb2-895c-b5bff2a32184,200,1,1,107,Squarespace,Accompli Home | Napa Valley’s Source for Fine Home Furnishings and Antiques,good,,2026-06-29T12:00:47+00:00
40c7ad68-c43f-4360-a2bc-9835aa386e62,200,1,1,1657,Weebly,,good,,2026-06-29T12:00:47+00:00
ab410d2d-45e7-47dd-9856-4374e66ae146,200,1,1,1505,,"Cotati Florist | L.V Flowers | Local Flower Delivery Cotati, CA 94931",good,,2026-06-29T12:00:47+00:00
9dd0d9bf-bc20-4a32-97f9-66b264c3eba4,200,1,1,190,,"Fine Home Furnishings & Interior Design Store in Agoura Hills, CA | Mark Thomas Home Store",good,,2026-06-29T12:00:47+00:00
868db979-1a07-4253-b4a7-16a3d1979673,404,1,0,389,Squarespace,Squarespace - Website Expired,broken,,2026-06-29T12:00:48+00:00
d950711b-5572-4264-916c-1a9d38d0cff6,404,1,1,164,Shopify,404 Not Found &ndash; Tuesday Morning,broken,,2026-06-29T12:00:48+00:00
3e9020fe-31db-439e-be4b-833137f3c738,200,1,1,100,Squarespace,The Goose &amp; Fern,good,,2026-06-29T12:00:48+00:00
e1ce333c-1adc-4561-a26c-381364c3c953,200,1,1,382,,Lucky77 : Keberuntungan Slot777 di tanganmu!,good,,2026-06-29T12:00:48+00:00
b95d545e-eb27-4c24-8024-da7ab8da46f3,200,1,1,472,WordPress,Home - Roger Bartels DDS,good,,2026-06-29T12:00:48+00:00
4f3598f8-839a-4d7d-af13-3d45abb505fc,200,1,1,671,Shopify,"Pier 1: Home Decor, Indoor &amp; Patio Furniture",good,,2026-06-29T12:00:48+00:00
808eb17d-00b2-46cf-9180-8aa2e45c9167,200,1,1,651,Shopify,Sonoma Home Goods,good,,2026-06-29T12:00:48+00:00
f540f09e-aad0-41ad-a0be-08ef307b6e48,200,1,1,468,Webflow,"Dentist in Santa Rosa, CA | Santa Rosa Dental Suite",good,,2026-06-29T12:00:48+00:00
417fb916-426d-4713-9d8c-26af534ce499,200,1,1,823,,"Home Decor, Wall Decor, Furniture, Unique Gifts | Kirklands Home",good,,2026-06-29T12:00:48+00:00
59f31585-e03e-4835-a5dd-913dd8491f23,200,1,0,98,,,weak,,2026-06-29T12:00:48+00:00
4ffcd5a4-b01b-42e7-a281-c5e902c04cf9,200,1,1,117,Webflow,"The Strike Zone, Softball Batting Range, 1205 Grant Ave",good,,2026-06-29T12:00:48+00:00
00bd0468-89a0-4745-b790-9bcf99819624,200,1,1,387,,Stony Plaza Dental - Home,good,,2026-06-29T12:00:48+00:00
b0b2abf3-9a57-43d8-9f09-d52ca74433c5,200,1,1,474,WordPress,"Redwood Family Dentistry &#8211; Dentist in Santa Rosa, CA",good,,2026-06-29T12:00:48+00:00
565b61d2-1a6d-4143-9f9c-6464b8ccedd3,200,1,1,7477,WordPress,Bianchini&#039;s Salad &amp; Sandwiches &#8211; The Sandwich &amp; Salad Market,weak,,2026-06-29T12:00:49+00:00
9ee0ca47-4ca5-482b-9d29-e6f630349ad4,200,1,1,801,,"Dentist in Sonoma, CA, Cosmetic and Family Dentistry 95476",good,,2026-06-29T12:00:49+00:00
0ce6d9aa-0038-4c47-a4d8-f83d2adb3aa0,200,1,1,564,,Gym Memberships and Personal Training | 24 Hour Fitness,good,,2026-06-29T12:00:49+00:00
15d8504f-ba35-49de-99e9-a78270d09e35,200,1,1,420,,Gym Memberships and Personal Training | 24 Hour Fitness,good,,2026-06-29T12:00:49+00:00
db3f00b5-2d5d-48dd-9705-017409a07d95,200,1,1,471,,Gym Memberships and Personal Training | 24 Hour Fitness,good,,2026-06-29T12:00:49+00:00
fb4a3fa1-f800-4bc0-9ced-1dee850c17ba,0,0,0,85,,,broken,connection failed,2026-06-29T12:00:49+00:00
024d9150-6ba4-48e2-aa26-fb627d81cf18,0,0,0,82,,,broken,connection failed,2026-06-29T12:00:49+00:00
3f3cfe83-aa58-4597-9ac2-812a88be6bb9,200,0,1,380,,GBC Fitness,weak,,2026-06-29T12:00:49+00:00
06274413-6d8e-498d-b663-a84f6a800cab,403,1,0,276,,Access Denied,broken,,2026-06-29T12:00:49+00:00
f8d76bba-86dc-4997-b16d-85ea118f27c0,200,1,1,106,Squarespace,Redwood Fitness Santa Rosa,good,,2026-06-29T12:00:49+00:00
99ea6734-0636-437f-912b-e516f8b6b65e,404,1,1,342,,"Shooting.org - Ranges, FFL Dealers, Gun Laws, Reviews, and More",broken,,2026-06-29T12:00:49+00:00
e164e2a2-3eb2-45d7-aa59-d049c20ebb7e,200,1,1,178,Wix,"Strictly Fitness | Petaluma, Ca",good,,2026-06-29T12:00:50+00:00
41d18417-f3b1-422a-85ab-8dc924fb33e7,0,0,0,46,,,broken,connection failed,2026-06-29T12:00:50+00:00
02b613b8-c952-4ff2-a719-9c6f339bb86c,0,0,0,9,,,broken,connection failed,2026-06-29T12:00:50+00:00
2ebf0457-0d2c-46bf-b732-572112cb930f,404,0,0,811,,,broken,,2026-06-29T12:00:50+00:00
44cdc1b6-5334-4594-b081-df8ef788d8f2,403,0,0,600,,403 - Forbidden: Access is denied.,broken,,2026-06-29T12:00:50+00:00
8a04b908-c08e-466a-ac46-c1660c396d82,0,0,0,96,,,broken,connection failed,2026-06-29T12:00:50+00:00
20a88b06-101a-4b99-ab66-dc0c4db8201a,200,1,1,739,Wix,"Saint Fit | 930 Dowdell Lane, St. Helena, CA, USA",good,,2026-06-29T12:00:50+00:00
f6e8b0d9-ed74-4e85-99f7-a986ce1a45ad,0,0,0,9,,,broken,connection failed,2026-06-29T12:00:50+00:00
55d68652-2fa9-4f46-bff6-b2c5cd032d76,403,1,0,115,,,broken,,2026-06-29T12:00:50+00:00
6bb6d14c-8d49-44ee-a9aa-73be3399d798,0,0,0,18,,,broken,connection failed,2026-06-29T12:00:50+00:00
723cea9e-df74-4d94-8baa-a713367fef56,200,1,1,550,,"Complexion By Christen | Health &amp; Beauty in Rohnert Park, CA",good,,2026-06-29T12:00:50+00:00
587902ad-6804-4eb1-b3ba-c0c9c75e903e,404,1,1,959,,404 - Page not found,broken,,2026-06-29T12:00:51+00:00
53f7530b-d3a7-4df3-a0f3-ab8fe775f857,404,1,1,503,,Vagaro | Page not found,broken,,2026-06-29T12:00:51+00:00
c0216331-404b-4622-807b-07db9a9de1e2,200,1,1,1592,WordPress,California Cuts Hair Studio &#8211; The Best Hair Salon in Santa Rosa,good,,2026-06-29T12:00:52+00:00
da7f8d88-2ff0-4d64-94d6-07f06ffc3bef,403,1,1,125,,Attention Required! | Cloudflare,broken,,2026-06-29T12:00:52+00:00
29bef3eb-db90-4072-865c-0c85a5807225,200,1,1,306,,Diomys Hair Salon,good,,2026-06-29T12:00:52+00:00
10c304e3-fd0e-4fed-ad4e-51ea594fd9b0,200,1,1,256,Squarespace,Elise Armeen Salon,good,,2026-06-29T12:00:52+00:00
385e8f6f-9332-4de0-99a3-a747e43fe457,200,1,1,138,Webflow,"Ferrari Salon, Beauty Salon, 8234 Old Redwood Hwy",good,,2026-06-29T12:00:53+00:00
38fb5992-375d-4b14-b35e-395d0c4b375b,200,1,1,259,Wix,Hair | Santa Rosa | Flaunt salon &amp; spa,good,,2026-06-29T12:00:53+00:00
25e6b9f3-0b38-4608-afb7-e0920c7da72a,200,1,1,4908,,Santa Rosa Dentist | Dr Petersen | General Dentistry | Santa Rosa Cosmetic Dentist,weak,,2026-06-29T12:00:53+00:00
362d41f9-6405-4a9a-80a7-352fa16cbc52,403,1,0,115,,,broken,,2026-06-29T12:00:53+00:00
aaeaafab-f472-44f5-9781-79ec5424d8e1,0,0,0,34,,,broken,connection failed,2026-06-29T12:00:53+00:00
e86c845f-b46a-45b7-9154-0c8a0d6eb80c,200,1,1,5471,,"Novato Dentist | Jennifer I. Dole DDS | Dental Care Novato, CA 94945",weak,,2026-06-29T12:00:53+00:00
c6464420-a6ed-410c-86f2-e5d7f8d5b171,0,0,0,85,,,broken,connection failed,2026-06-29T12:00:53+00:00
38222aa9-1fa9-4158-8940-cc07164f023e,200,1,1,115,Wix,"Kidz Kutz - Haircuts for Kids - Santa Rosa, CA",good,,2026-06-29T12:00:54+00:00
257569d5-8d59-4b1a-8c56-8da58c973b40,0,0,0,8,,,broken,connection failed,2026-06-29T12:00:54+00:00
f20f8eb6-f067-4322-a040-9c4c846fe2f7,200,1,1,96,Webflow,"Ll Hair Designs, Beauty Salon, 5 Keller St Ste B",good,,2026-06-29T12:00:54+00:00
aec8a7b2-c9a2-43c3-8c8c-d3f58ae00795,200,1,1,2551,WordPress,Home -,good,,2026-06-29T12:00:55+00:00
670d4042-8153-4212-8b07-b28e25876ea5,0,0,0,18915,,,broken,connection failed,2026-06-29T12:00:55+00:00
cd0f9ce2-da24-45b9-8073-3dc1116aeedd,200,0,0,119,,,weak,,2026-06-29T12:00:56+00:00
fdefbc77-9754-45f6-9d13-3642908e1836,0,0,0,82,,,broken,connection failed,2026-06-29T12:00:56+00:00
e02c8647-f391-4d21-9795-54567d2747f1,200,1,1,208,WordPress,"Hair Salon Novato, CA",good,,2026-06-29T12:00:56+00:00
2734e9e8-e6d5-41aa-8518-9914c976c7e7,200,1,1,6008,WordPress,Windsor Fitness Club,weak,,2026-06-29T12:00:56+00:00
66f4ff73-1463-4e1a-a450-ed3e6ba609e2,200,1,1,288,Squarespace,Ritual,good,,2026-06-29T12:00:56+00:00
b69171e8-2a64-4c5a-8682-e9269c752f8b,200,1,1,469,Wix,Home | Salon Coiffe Maman,good,,2026-06-29T12:00:56+00:00
eb8af06d-1d04-4ffa-b060-de076940ce41,200,1,1,2432,WordPress,Chandler Dentist - Ray Family Dentistry Care &#124; Pain Free and Safe,good,,2026-06-29T12:00:56+00:00
1ffa72cd-f49e-4c97-ade9-e8a5a8d4e4c6,200,1,1,268,Webflow,"Sky Beauty Salon, Beauty Salon, 950 W College Ave",good,,2026-06-29T12:00:56+00:00
638c9b3e-5bd0-490f-b6cc-e9ddb6dc11e7,0,0,0,82,,,broken,connection failed,2026-06-29T12:00:56+00:00
4c893064-75bc-400c-b85a-961394fa645e,202,1,0,141,,,weak,,2026-06-29T12:00:56+00:00
952fe225-2330-40ce-8579-d018a7cb9227,200,1,1,190,Squarespace,The Hive | Experience Sustainable Beauty Today,good,,2026-06-29T12:00:56+00:00
fcea926e-5b7a-43f7-8cf1-7a90fb0f37ee,200,1,1,710,,The Sassy Peach,good,,2026-06-29T12:00:56+00:00
eb1e2460-8b28-4366-8cc4-5fb4f2cacb25,200,1,1,129,Squarespace,Uptown Salon,good,,2026-06-29T12:00:57+00:00
b33b1b43-9623-437f-8048-e781c8af5229,0,0,0,15283,,,broken,connection failed,2026-06-29T12:00:57+00:00
9ba6e2c8-22ed-48d2-8d4a-ec6c1c384325,200,1,1,419,,"Home Page for Keith Obrien Hair Design, Petaluma, CA",good,,2026-06-29T12:00:57+00:00
9e537103-30bd-46b7-8233-3ba3698d2f92,200,1,1,387,,,good,,2026-06-29T12:00:57+00:00
1e8ac975-bfd0-441b-8eff-82c8e398cb94,403,1,1,246,,Just a moment...,broken,,2026-06-29T12:00:57+00:00
daabe052-af10-4455-98e8-21214a83a3cb,403,1,1,94,,Just a moment...,broken,,2026-06-29T12:00:57+00:00
8da0bfa1-30ca-417b-9962-224f2347e124,0,0,0,38,,,broken,connection failed,2026-06-29T12:00:57+00:00
734e754d-6156-4896-bcd5-ffaa1faf8208,0,0,0,40,,,broken,connection failed,2026-06-29T12:00:57+00:00
5bf87c39-fa62-48aa-96cf-fa0bb7667422,404,1,1,171,,404 - Page Not Found,broken,,2026-06-29T12:00:57+00:00
ed127fa3-4df0-43c6-8ea2-2bdecc15c36c,0,0,0,84,,,broken,connection failed,2026-06-29T12:00:57+00:00
25ed3d3f-7372-4ae2-945b-73809030a59f,200,1,1,415,WordPress,Luau Hawaiian BBQ - Hawaiian-style Restaurant | Online Order | Santa Rosaï½CA,good,,2026-06-29T12:00:57+00:00
5f64b2df-dda8-4e3d-b90a-7028c600dbf5,200,1,1,147,Shopify,Lake Sonoma Boat Rentals in Healdsburg | Lake Sonoma Marina,good,,2026-06-29T12:00:57+00:00
12ade374-5440-4940-a530-917cbae1e79d,200,1,1,530,WordPress,ซื้อ หวย ทาง ออนไลน์ เว็บจ่ายจริง ถอนไว มั่นใจทุกยอด,good,,2026-06-29T12:00:57+00:00
80ca408c-006e-4560-8383-f122c02a80f1,200,1,1,178,Wix,Retreat | Pine Grove | Cobb,good,,2026-06-29T12:00:57+00:00
36fc4b3c-3f93-41bb-8e8f-0aaeec01be95,200,1,1,488,,Luxury Hotel in Downtown San Diego | InterContinental San Diego,good,,2026-06-29T12:00:57+00:00
471a4c9e-fd1a-4060-acf6-efa7a01c95d1,200,1,0,650,,"Liora Estate | Luxury Hotel In Healdsburg, CA | Healdsburg Boutique Hotel",weak,,2026-06-29T12:00:57+00:00
e352b6a0-cced-4b37-a83b-8a51666d03b1,404,0,0,215,Squarespace,Squarespace - Domain Not Claimed,broken,,2026-06-29T12:00:57+00:00
25b2c771-0c4e-402b-8a1f-f149426926a5,0,0,0,35,,,broken,connection failed,2026-06-29T12:00:58+00:00
a52f2a52-ea2e-4885-8142-9f25ef583c64,404,1,0,146,,Hyatt Hotels and Resorts,broken,,2026-06-29T12:00:58+00:00
dfc871a2-760c-4b35-896a-1770e5c4d15a,200,1,1,319,WordPress,"Vineyard Valley Inn &#8211; Located in the heart of Sonoma Wine Country, The Vineyard Valley Inn, is located off HWY 101 near Several wineries and vineyards, and the Citrus Fairgrounds.",good,,2026-06-29T12:00:58+00:00
dc5d25cd-cbb9-4cce-b944-354b0058a9be,200,1,1,874,,Ru&#39;s Farm Weddings - Ru&#39;s Farm Weddings,good,,2026-06-29T12:00:58+00:00
a8d9d9b3-db20-4f30-a0ac-e35c4e8fbab3,0,0,0,86,,,broken,connection failed,2026-06-29T12:00:58+00:00
1310fc28-d74b-4c51-a22b-abf002a5d787,0,0,0,81,,,broken,connection failed,2026-06-29T12:00:58+00:00
b7079b4d-d6bb-435f-8bb1-55631351d776,0,0,0,88,,,broken,connection failed,2026-06-29T12:00:58+00:00
08161d9e-fbe1-4995-9c44-0c628738c8d6,200,1,1,127,,Online Ordering | Clover,good,,2026-06-29T12:00:58+00:00
66f38aec-16db-430e-b7e5-ac52b23e6d17,200,0,1,137,Squarespace,Barbara Colvin &amp; Co.,weak,,2026-06-29T12:00:58+00:00
9dc49215-63a9-4d34-bfec-33607325d2bc,200,1,1,190,WordPress,"#1 BEST Rated Romantic Getaways in NC, The Orchard Inn &amp; Spa",good,,2026-06-29T12:00:58+00:00
426326c5-c147-48ae-9b99-24b6dca867e0,0,0,0,83,,,broken,connection failed,2026-06-29T12:00:58+00:00
83298ecf-206a-46d3-b59b-0a171a25b340,503,1,0,463,,503 Service Unavailable,broken,,2026-06-29T12:00:58+00:00
e440a6b5-2a25-4e6e-bc0e-b7514228ee46,0,0,0,16440,,,broken,connection failed,2026-06-29T12:00:58+00:00
f096670d-7c3a-4446-a265-3da9a907158c,200,1,1,844,,"Airbnb: Vacation Rentals, Cabins, Beach Houses, Unique Homes &amp; Experiences",good,,2026-06-29T12:00:58+00:00
cf7d2ff0-0da3-4cd0-92f6-0fa54bc340ea,200,0,0,174,,Redirecting...,weak,,2026-06-29T12:00:58+00:00
5b780a3f-a1c1-4951-ab9f-38b77d34c6d3,200,1,1,121,Squarespace,Bottega,good,,2026-06-29T12:00:58+00:00
1fda8571-7e2e-44f8-9a82-d7112c4af8b2,0,0,0,46,,,broken,connection failed,2026-06-29T12:00:58+00:00
9e95f4bd-5c42-44fd-9c59-634fc5df32c1,409,0,1,131,,DNS resolution error | www.caffegiostrapetaluma.com | Cloudflare,broken,,2026-06-29T12:00:58+00:00
c9f93b0f-4e3a-4f0a-a2ae-05246daf1db2,403,1,1,123,,Just a moment...,broken,,2026-06-29T12:00:58+00:00
290904c6-bf1b-446f-a78e-a52fa5f2948e,200,0,0,56,,,weak,,2026-06-29T12:00:58+00:00
5b5ad9ae-e07b-443c-ae52-b006922e4f92,0,0,0,34,,,broken,connection failed,2026-06-29T12:00:58+00:00
9c131d41-af3b-4c6a-a34a-83b9d4bc77bd,0,0,0,94,,,broken,connection failed,2026-06-29T12:00:58+00:00
0abf2f22-ad48-4cd5-8ea1-f629278d7df7,0,0,0,10,,,broken,connection failed,2026-06-29T12:00:58+00:00
e06623dc-e06e-4e13-9f11-2cebb1fda986,0,0,0,82,,,broken,connection failed,2026-06-29T12:00:59+00:00
ca3e8321-be5c-44d8-a0e8-7bf98a53eff2,0,0,0,49,,,broken,connection failed,2026-06-29T12:00:59+00:00
d06a548f-3662-4675-9383-86e9c16b89ce,0,0,0,87,,,broken,connection failed,2026-06-29T12:00:59+00:00
b2729140-1125-4b10-96ce-01db7d4d300f,200,1,1,615,Wix,"Danmeier Waldorf Architects | Novato, CA | Serving Bay Area HOA's for over 50 years | Architectural Design | Waterproofing &amp; Forensics | SB-326 Balcony Inspections | Project Management",good,,2026-06-29T12:00:59+00:00
6554efb1-2af1-4dc1-90d5-412522cbe34c,403,1,1,120,,Just a moment...,broken,,2026-06-29T12:00:59+00:00
2853ea1c-4c41-45ce-a023-e67eb7bdd068,200,0,0,352,,Coming Soon page,weak,,2026-06-29T12:00:59+00:00
e55cb493-e090-479f-8dad-88a007314cd4,0,0,0,33,,,broken,connection failed,2026-06-29T12:00:59+00:00
4f7b9eb6-5c70-4129-b59b-c40551282e61,403,1,1,115,,Just a moment...,broken,,2026-06-29T12:00:59+00:00
0f6ec2d6-2626-43c8-a296-96bb1783a516,200,1,1,366,WordPress,Volpi's | Ristorante &amp; Bar,good,,2026-06-29T12:00:59+00:00
8d2ffcea-4043-4559-b578-2fb57b0d84b7,200,1,1,520,,"Violetto | Californian Restaurant in St. Helena, CA",good,,2026-06-29T12:00:59+00:00
6498667c-6ecb-46f3-abd1-a3f7a7a85959,200,1,1,96,,Joyeria,good,,2026-06-29T12:00:59+00:00
ee25f612-1fbb-4694-8742-3dd86d801b6e,404,1,0,342,,,broken,,2026-06-29T12:00:59+00:00
e208e3e5-00a7-4ab6-80b0-b7a0fb0f16df,200,1,1,184,,"Kay | Wedding, Engagement &amp; Fashion Jewelry",good,,2026-06-29T12:00:59+00:00
93c1d777-c6dd-4254-963b-038af454addb,200,1,1,617,,"FRESH FUJI, Rohnert Park CA",good,,2026-06-29T12:00:59+00:00
16c4941f-4028-4957-b582-ae05540e98dc,0,0,0,83,,,broken,connection failed,2026-06-29T12:00:59+00:00
fffa28c8-2bc2-402f-be3f-9c1d19c6f7d7,0,0,0,81,,,broken,connection failed,2026-06-29T12:00:59+00:00
0b43f89a-1a8e-430f-9d0e-a058a9a3903a,404,0,0,307,,,broken,,2026-06-29T12:01:00+00:00
d7a11ec4-f927-44a3-bf0d-ed64399b2181,200,1,1,257,,Zales | Your Online and Local Jewelry Store,good,,2026-06-29T12:01:00+00:00
2690708f-81e2-404e-a51e-1420e4c13fcf,200,1,1,786,Shopify,"A &amp; Furst Jewelry Online, Drop Earrings, Cocktail Rings, Necklaces",good,,2026-06-29T12:01:00+00:00
0c3b5cb8-3a76-40ee-b5e2-c373651e6170,0,0,0,15235,,,broken,connection failed,2026-06-29T12:01:00+00:00
d203adc3-8353-4ef3-978a-a3eb1d7572e2,0,0,0,83,,,broken,connection failed,2026-06-29T12:01:00+00:00
c035664e-41d1-4276-a8f7-342f591e55a9,200,1,1,626,Shopify,Robindira Unsworth Jewelry I Official Website,good,,2026-06-29T12:01:00+00:00
6acc0b2c-8da7-49e3-8313-79f5abad3481,200,1,1,72,,Email.com | Email Inbox AI,good,,2026-06-29T12:01:00+00:00
56670b97-95dc-4df1-a981-d9dd7a19e816,0,0,0,23,,,broken,connection failed,2026-06-29T12:01:00+00:00
4594b086-e4de-45a8-8ac8-e41adff0dcdf,200,1,1,1923,WordPress,Best Italian Restaurant in Calistoga,good,,2026-06-29T12:01:00+00:00
c697ecb0-cba8-4a97-abf0-621b5133740b,200,1,1,409,Wix,"Landscaping Problems SOLVED - Winglewich Landscape Contracting, California",good,,2026-06-29T12:01:00+00:00
d55e8a2a-d026-47e9-8215-79f0c9ee042c,200,1,1,468,,,good,,2026-06-29T12:01:00+00:00
30537b8c-0ded-4a2e-bac2-693de01f1587,200,1,1,229,WordPress,"Nonprofit Lawyer Santa Rosa, CA | Trusted Local Nonprofit Attorney | Nonprofit Law Firm Near Me",good,,2026-06-29T12:01:00+00:00
8ff1840b-6201-43d0-91e4-b07680e40d88,202,0,0,138,,,weak,,2026-06-29T12:01:00+00:00
62c5bf25-9d5c-4ef2-be02-85f888ff454a,0,0,0,15098,,,broken,connection failed,2026-06-29T12:01:00+00:00
c7ae99a3-62c9-4de8-8190-426594cbbffa,202,0,0,187,,,weak,,2026-06-29T12:01:00+00:00
1bf9ba59-4991-4e2e-9a33-2748d9e9dab3,200,1,1,169,Wix,"Valley of the Moon Taekwondo | Taekwondo | Sonoma, CA, USA",good,,2026-06-29T12:01:00+00:00
5739bee3-e239-49f6-b8c0-b441cd59ad59,200,0,0,106,,,weak,,2026-06-29T12:01:01+00:00
267abee6-d41d-4e26-91ad-933388127d21,200,1,0,310,,,weak,,2026-06-29T12:01:01+00:00
da0192f8-6cad-4783-be1f-9db2fa58e66e,410,1,1,1107,,"Tov Tofu, 1169 Yulupa Avenue, Santa Rosa, CA - Groupon",broken,,2026-06-29T12:01:01+00:00
0b538f5e-3ca8-4411-913d-1239ca39984e,200,1,1,539,Wix,"Sonoma Jiu Jitsu | Inclusive Jiu Jitsu in Sonoma County | 1818 La Plaza Suite 106, Cotati, CA, USA",good,,2026-06-29T12:01:01+00:00
2472e1a1-1122-4883-8031-40db57a95ccf,0,0,0,36,,,broken,connection failed,2026-06-29T12:01:01+00:00
a74bddb4-5056-4299-ab08-abf66c42ef8b,200,1,0,476,,,weak,,2026-06-29T12:01:01+00:00
7156163c-f9e7-424f-aa17-30fbde402d19,204,1,0,52,,,weak,,2026-06-29T12:01:01+00:00
6fabf3db-902f-475a-9d37-486db5d1c4e9,200,1,1,1094,WordPress,Petaluma Karate Club &#8211; Karate for all ages and skills!,good,,2026-06-29T12:01:01+00:00
74546459-7d32-4801-bd80-25fe031a7110,200,1,1,760,,Massage Island,good,,2026-06-29T12:01:01+00:00
edfe0119-9115-4326-8de8-2687295a3a00,200,1,1,664,WordPress,Kudapoker x Overseas Hospital | Best Hospital in Mandi Bahauddin,good,,2026-06-29T12:01:01+00:00
f6701a30-4dd1-474f-98e7-68ba2ed9283d,200,1,1,118,Squarespace,Rohnert Park Medspa | Santa Rosa Medical Spa | Aesthetics &amp; Wellness by Sandy,good,,2026-06-29T12:01:01+00:00
fb5fc223-0466-4a32-85b2-7fba29d2e34e,200,1,1,103,Webflow,"King Falafel, Restaurant, 548 E Cotati Ave",good,,2026-06-29T12:01:01+00:00
47627c97-838e-465a-a288-404743d01329,200,1,1,296,GoDaddy,ZAMZAM &#8211; The Taste You&#039;ll Remember,good,,2026-06-29T12:01:02+00:00
a8c5ba43-03bd-414c-bfd4-faf2f72e5c4b,200,1,1,887,WordPress,Home - Advanced Manual Therapy,good,,2026-06-29T12:01:02+00:00
ac4a9934-3285-4f7c-9232-205a9db74e33,404,1,1,526,Wix,404 Error: Page Not Found,broken,,2026-06-29T12:01:02+00:00
ba7a98d7-7d2e-44d0-ac0f-da1a64f5ccdd,200,1,1,119,,Online Ordering by Genius,good,,2026-06-29T12:01:02+00:00
ef041f4e-691a-4048-8304-ed013439b101,200,0,0,160,,Redirecting...,weak,,2026-06-29T12:01:02+00:00
74780cf1-ead3-4f9b-a492-57f328d61c18,200,1,1,639,,"Shop Men's Dress Shoes, Casual Shoes, Sandals &amp; Boots | Florsheim Shoes",good,,2026-06-29T12:01:02+00:00
73b26e91-ce78-4d01-84b5-5b38a1c4179b,200,1,1,456,Shopify,HOME &ndash; PROVISIONS ST LOUIS,good,,2026-06-29T12:01:02+00:00
c8dfc47c-defa-4daa-8c43-5864a23ac516,200,1,1,357,,Home - COTIJA&#39;S RESTAURANT,good,,2026-06-29T12:01:02+00:00
571b50a8-8daa-46fb-a942-1a842b854bb8,200,1,1,349,,Home - El Gallo Taqueria,good,,2026-06-29T12:01:02+00:00
89aea715-cf49-4334-9bb0-24e0aeb61196,200,1,1,2157,WordPress,West County Brazilian Jiu-Jitsu - Home,good,,2026-06-29T12:01:03+00:00
c217278e-974a-4e23-82f5-289da3c449bb,200,1,1,415,,Websites | | high-tech-burrito-danville2,good,,2026-06-29T12:01:03+00:00
b689e386-6985-467b-996a-fd27c99b5e3c,200,1,1,569,,"Couples PaintnSip at Gourmet Taco Shop Tickets, Saturday, February 7 • 5 PM - 8 PM | Eventbrite",good,,2026-06-29T12:01:03+00:00
666f48b4-6ab6-42d3-a196-070d7c2c1519,200,1,1,897,WordPress,Authentic Mexican Restaurant Dining | EL Torito,good,,2026-06-29T12:01:03+00:00
0cbbfb43-a7d0-4824-8e48-7dd668b02792,200,0,1,1762,WordPress,Pitacafe.net,weak,,2026-06-29T12:01:03+00:00
39716d01-c486-4e16-aca5-2e043c6cec51,403,0,1,61,,Just a moment...,broken,,2026-06-29T12:01:03+00:00
36ddbd0e-b848-423e-8646-d68fc524bf24,200,1,1,287,,Account Suspended,good,,2026-06-29T12:01:03+00:00
22853dd0-396b-4670-a2a7-3a5be1e36025,202,1,0,190,,,weak,,2026-06-29T12:01:03+00:00
40f5324a-cf9f-4246-ba79-d7a8c0b08544,200,1,1,161,Wix,"La Bodeguita 2 | restaurant | 16380 Mill Street #B , Guerneville, CA, USA",good,,2026-06-29T12:01:03+00:00
5feba53d-b3e8-4a4c-8c4d-064f7ca70db3,200,1,1,403,,Websites | | high-tech-burrito-danville2,good,,2026-06-29T12:01:03+00:00
b3a7415f-d1c4-4a03-ace9-066e42f8642c,200,1,1,140,,Las Cazuelas Mexican Restaurant,good,,2026-06-29T12:01:04+00:00
b88c3170-e257-4262-8a2c-fe023c5f9e9e,200,1,1,513,,Mexican Food Sonoma Best Mexican Restaurant 5th Street Restaurants,good,,2026-06-29T12:01:04+00:00
7d104ccd-0002-490a-b09b-6fd0023af35a,0,0,0,15096,,,broken,connection failed,2026-06-29T12:01:04+00:00
940a648b-e67f-43cd-b97c-33f577ad0aba,0,0,0,39,,,broken,connection failed,2026-06-29T12:01:04+00:00
53cefd82-3209-42f2-bb3f-669449147b1f,200,1,1,716,Webflow,"La Condesa | Modern Mexican Restaurant &amp; Bar in Downtown Austin, Texas",good,,2026-06-29T12:01:04+00:00
a72e9eaa-a6d6-4007-9fe7-9de07b7624cc,200,1,1,173,,"Martha&#039;s Old Mexico - Sebastopol, CA | Menu &amp; Reviews | Foodeist",good,,2026-06-29T12:01:04+00:00
286eec04-5487-490d-9ee3-10d51f86ac0e,0,0,0,88,,,broken,connection failed,2026-06-29T12:01:04+00:00
d41df6b5-3f85-4e2c-8c1b-fc72e9de5131,200,1,1,628,WordPress,MOLCAJETES &#8211; Bar &amp; Grill,good,,2026-06-29T12:01:04+00:00
1833cb26-2655-4e89-a61f-21eeebce0c4e,200,1,1,169,,,good,,2026-06-29T12:01:04+00:00
62088ad8-c2fc-4bcd-bb87-9176ccadb7d0,200,1,1,51,,Online Ordering | Clover,good,,2026-06-29T12:01:04+00:00
1e7fa86f-90df-4a99-87e3-8422c381a382,410,1,1,879,,"Lila&#x27;s Mexican Restaurant, 1199 Yulupa Avenue, Santa Rosa, CA - Groupon",broken,,2026-06-29T12:01:04+00:00
500e0b8a-276e-44f6-8c07-1497b2f94ad9,0,0,0,97,,,broken,connection failed,2026-06-29T12:01:04+00:00
cbf3b8f3-5daf-4e7d-8135-03a52d42a038,0,0,0,83,,,broken,connection failed,2026-06-29T12:01:04+00:00
d928203b-a0c8-4a6e-8ccc-fb4f9b15aa0e,200,1,1,276,WordPress,"Foodie - Live a Delicious Life: Kitchen Tips, Culinary History, Restaurant Recs",good,,2026-06-29T12:01:04+00:00
3611fee1-3727-4ab4-9ac2-4185ce5fcd79,403,1,1,109,,Just a moment...,broken,,2026-06-29T12:01:04+00:00
9b3426d8-c832-4c58-be8b-caf964e7fcb6,200,1,0,543,,,weak,,2026-06-29T12:01:04+00:00
dd65c5c3-fde7-4253-8383-f2c45a80daf6,200,0,1,261,,Taqueria Del Sol,weak,,2026-06-29T12:01:05+00:00
3039fb91-f4e7-413f-ba7c-c4b3566d655a,200,0,1,263,,Menus for El Tapatio - Rohnert Park - SinglePlatform,weak,,2026-06-29T12:01:05+00:00
af6d99e8-d39e-40c0-a6a3-c0e795b25842,200,0,0,86,,,weak,,2026-06-29T12:01:05+00:00
3d6c76fc-aca1-4285-88be-c56370fa2098,200,0,0,123,,,weak,,2026-06-29T12:01:05+00:00
d5b686fc-5d13-4ccd-9d71-b76ff399ae4d,200,1,1,139,Webflow,"Taqueria Mendoza, Mexican Restaurant, 1940 Piner Rd",good,,2026-06-29T12:01:05+00:00
457d02f8-c481-4bdf-b14a-c4cb2669ad26,200,0,1,528,,"Taqueria Guadalajara | Healdsburg, CA 95448 | Menu | Order Online",weak,,2026-06-29T12:01:05+00:00
3701fed3-aae0-44bc-9517-27ea2fb67b09,200,1,1,275,,Home - Taqueria Los Altos 2,good,,2026-06-29T12:01:05+00:00
7efa320f-d0d9-4927-a2cb-e3aec0f85875,0,0,0,15056,,,broken,connection failed,2026-06-29T12:01:06+00:00
e4f1bd0d-1dce-4c03-bf4f-eb98599ec5eb,0,0,0,97,,,broken,"ssl: HTTPSConnectionPool(host='tortillareal.com', port=443): Max retries exceeded with url: / (Caused by ",2026-06-29T12:01:06+00:00
659863a6-faf1-409f-bc0c-d3f378700f40,200,1,1,1615,WordPress,Home - puerto-vallarta,good,,2026-06-29T12:01:06+00:00
9d205b0c-59a0-4b25-a666-9f10aed229f6,200,1,1,12719,WordPress,"Indie Salon | Hair, Makeup, Tanning &amp; More | Santa Rosa, California",weak,,2026-06-29T12:01:06+00:00
0ab5271d-f33f-4999-949b-eeb000d97fe1,0,0,0,33,,,broken,connection failed,2026-06-29T12:01:06+00:00
134fef47-af0f-4c25-9e99-37037b020133,202,0,0,131,,,weak,,2026-06-29T12:01:06+00:00
4a8962a5-9231-42d8-9cb5-a761080489cc,200,1,1,133,Wix,Home Mortgage Experts Here to Guide You | Pinnacle Home Loans,good,,2026-06-29T12:01:06+00:00
95da857f-93a4-4d62-89fd-836ba017efa8,410,1,1,942,,Nothing to eat here... | Uber Eats,broken,,2026-06-29T12:01:06+00:00
51851121-6794-41bc-b3a1-7cca223707ef,0,0,0,15040,,,broken,connection failed,2026-06-29T12:01:06+00:00
35f1eed0-7f06-4810-86a6-279a8008b49b,200,1,1,111,Webflow,"Aqua Nail Spa, Manicurists, Pedicurist, 1161 Yulupa Ave",good,,2026-06-29T12:01:06+00:00
9e43ab2a-219a-4859-a4e8-7f0cfb9c923c,200,1,1,1132,,Taqueria Los Hermanos,good,,2026-06-29T12:01:06+00:00
13cdd457-f391-4ef6-8ed4-28648d82a741,200,1,1,168,Squarespace,"Studio 4 Art - Art Classes, Camps, and Creative Studio For Kids in Marin",good,,2026-06-29T12:01:06+00:00
234ba8d5-e09b-487b-81e7-aedadcf351bd,0,0,0,83,,,broken,connection failed,2026-06-29T12:01:06+00:00
94fd7928-486d-4616-895c-da7eb087133d,403,1,0,107,,,broken,,2026-06-29T12:01:06+00:00
6a6aba85-62c1-4902-bb2c-23d6bcde6ff6,200,1,1,1862,WordPress,Tacos el Angel &#8211; Authentic Mexican Food Truck,good,,2026-06-29T12:01:06+00:00
7b16b416-36cf-4990-b81e-175e45d6b862,403,1,0,120,,,broken,,2026-06-29T12:01:06+00:00
f6a8e5ea-bf14-41e9-8dcd-1b508f87e867,200,1,1,114,Webflow,"Fulton Nails, Manicurists, Pedicurist, 2550 Guerneville Rd Ste H",good,,2026-06-29T12:01:06+00:00
2c814dd8-0c75-402c-8b69-03d572be62e6,200,1,1,127,Webflow,"Dynasty Nail Care, Manicurists, Pedicurist, 522 Alameda Del Prado",good,,2026-06-29T12:01:06+00:00
ba6c6e7b-4d4b-4707-b16a-ae93c9417f1b,200,0,1,1286,WordPress,MSS Marketing &#8211; Real Relations. Real Results.,weak,,2026-06-29T12:01:06+00:00
c9a73a38-6343-4ddc-8c67-b0baeb4b9cb9,200,1,1,297,,Nails By Ashley | Santa Rosa [ Book now ],good,,2026-06-29T12:01:06+00:00
927a844d-defa-4ed0-bc59-a066cbdf1529,0,0,0,81,,,broken,connection failed,2026-06-29T12:01:06+00:00
875a945e-684f-4311-8ce1-5ffa8bbad1da,403,1,0,155,,,broken,,2026-06-29T12:01:07+00:00
eee424f1-f3a5-4c79-9d66-84d3063e89bf,403,1,0,175,,,broken,,2026-06-29T12:01:07+00:00
3890e62e-2e66-403c-b7e3-738cb6461a9a,200,1,1,279,,Vido Booking,good,,2026-06-29T12:01:07+00:00
80346557-0953-49b1-8e12-661e35552ddc,403,1,0,216,,,broken,,2026-06-29T12:01:07+00:00
18d75d1f-853a-4af9-83b3-2822366a92a0,403,1,0,31,,,broken,,2026-06-29T12:01:07+00:00
44c515a9-a078-4b7b-8b6a-f547dd0f0978,200,0,1,275,,Maxwell Nails Salon Sonoma,weak,,2026-06-29T12:01:07+00:00
895f8094-17fd-40ba-8c08-67b1f38389fb,200,1,1,599,,Crawford Chiropractic,good,,2026-06-29T12:01:07+00:00
c10dea3b-88df-44ae-b2dc-a6079afe030f,403,1,0,119,,,broken,,2026-06-29T12:01:07+00:00
23d3b10d-6b8b-4fcf-8737-68fbf768e994,200,0,0,158,,Redirecting...,weak,,2026-06-29T12:01:07+00:00
dc7688d1-1d35-42bd-9cf9-41101acf32f8,200,1,1,7252,WordPress,Sonoma County Home and Garden Designer | Terra Natura,weak,,2026-06-29T12:01:07+00:00
b01868ca-792f-4469-b731-7d6def369b93,403,1,0,104,,,broken,,2026-06-29T12:01:07+00:00
339418cb-d67b-4b69-af8a-1f67090bc193,200,1,1,535,,"Nails Salon 95404 | Sea Spa And Nail of Santa Rosa, CA 95404 | Manicure, Dip Manicure, Acrylic, Add-Ons, Spa Pedicure, Gel X, Gel builder.",good,,2026-06-29T12:01:07+00:00
9e177e4b-f7ac-4e57-80d6-424534211e3c,200,1,1,715,WordPress,Homepage - Grande Sports World,good,,2026-06-29T12:01:07+00:00
0cd2d5d3-ac5f-48b0-a893-06055062cf38,200,0,0,831,,Home - Motherhood Nails Spa,weak,,2026-06-29T12:01:08+00:00
ee6044f2-3eae-45f9-8230-dc88da8951cf,200,1,1,186,,Y.O.U.R BEAUTY &amp; NAILS | Booking Nails | booking.gocheckin.net,good,,2026-06-29T12:01:08+00:00
7f00a87d-8686-400e-8f76-5819f8766d82,200,0,1,270,,USNailSpa.com for sale | Spaceship.com,weak,,2026-06-29T12:01:08+00:00
c41c6cea-310c-4168-97cd-563833a51b39,200,1,1,353,WordPress,Advanced Vision Optometry &#8211; See what we can do for you.,good,,2026-06-29T12:01:08+00:00
81636e24-2021-4425-9b21-a4b428823ff1,200,0,0,240,,Eye Care Exams inside the Santa Rosa Costco,weak,,2026-06-29T12:01:08+00:00
09892c80-8a3b-4362-924c-d1b5506cf860,200,1,1,267,,Eye Doctors in Novato | Marin Eye Care Optometry,good,,2026-06-29T12:01:08+00:00
f26cbb9c-678b-4bf6-95fd-f85db39f24f5,200,1,1,1109,,California Board of Barbering and Cosmetology,good,,2026-06-29T12:01:08+00:00
bca8afdc-c076-43a4-829e-ab5089babd66,200,1,1,1040,,California Board of Barbering and Cosmetology,good,,2026-06-29T12:01:08+00:00
e63dce47-633a-4d7b-95c8-1245fbf43e17,200,1,1,2278,WordPress,"nychen(dot)com &#8211; a girl, her dog and the internet",good,,2026-06-29T12:01:08+00:00
90fcd6e9-f1eb-4d52-a548-a137d02f455c,202,1,0,376,,,weak,,2026-06-29T12:01:08+00:00
cd0c2ccc-4cdb-4a0d-b46b-6e65b885d29b,200,1,1,295,GoDaddy,"Jtsealcoating - Asphalt Contractor - Santa Rosa, California",good,,2026-06-29T12:01:08+00:00
58073c22-7f2c-4c2c-8b8f-9abedc267a30,200,1,1,445,,"Michael Dinh, O.D. - Doctor of Optometry",good,,2026-06-29T12:01:08+00:00
8eb76c9e-c2f8-4198-8788-31fdc7f3e6cd,404,1,1,223,Wix,,broken,,2026-06-29T12:01:08+00:00
43c7e147-007d-430d-a9dc-e47284dad225,200,1,1,2123,,Homepage Hidden Valley Lake Community Services District,good,,2026-06-29T12:01:09+00:00
166fc362-d8f8-4099-9b52-c82632b4702b,200,1,1,2661,WordPress,A Nails Day Spa,good,,2026-06-29T12:01:09+00:00
7340cc6f-9dae-416e-9eeb-2f9818655140,200,0,0,70,,,weak,,2026-06-29T12:01:09+00:00
e9f9b269-62e2-43e2-aa71-6070e65c302c,200,0,0,142,,,weak,,2026-06-29T12:01:09+00:00
70a35925-03c5-478f-8960-8fb5e7b958fb,0,0,0,10,,,broken,connection failed,2026-06-29T12:01:09+00:00
b219abb0-e500-4b59-a2e5-3c4b7776cb24,403,1,1,212,,Just a moment...,broken,,2026-06-29T12:01:09+00:00
46263aa1-8ac0-4121-93d5-fa7a2716f9c7,0,0,0,82,,,broken,connection failed,2026-06-29T12:01:09+00:00
be712f4c-8574-460c-adff-ff927e2fb018,200,1,1,146,GoDaddy,Vineyard Dogs,good,,2026-06-29T12:01:09+00:00
35eacf11-276e-4545-bfd0-517a84df37f9,403,1,0,603,,,broken,,2026-06-29T12:01:09+00:00
951b4910-d7d6-4ef7-a3b9-9a50e9526f0b,200,1,1,253,,Groomingdales,good,,2026-06-29T12:01:09+00:00
899dca63-058a-4365-a026-849cbe528a93,0,0,0,82,,,broken,connection failed,2026-06-29T12:01:09+00:00
4415b9dd-af28-4b2a-afe8-5ba982c82d35,0,0,0,90,,,broken,connection failed,2026-06-29T12:01:09+00:00
e633b975-a3fa-49ce-86ce-14b5a47ca969,200,1,1,139,Wix,Home Alone Pet Sitting and Dog Walking,good,,2026-06-29T12:01:09+00:00
f09e8f11-00e4-4c17-911b-9a5f9cd1b1b9,403,1,1,217,,Just a moment...,broken,,2026-06-29T12:01:09+00:00
d3453e42-c36c-45b7-b18b-48cb34953404,200,1,1,141,,"Best Bar in Healdsburg, CA | Healdsburg Bar & Grill",good,,2026-06-29T12:01:09+00:00
ad1e8a9d-626e-4aa0-bb66-df054ba3053a,200,1,1,814,,"Pest Control & Exterminators in Santa Rosa, CA| Western Exterminator",good,,2026-06-29T12:01:09+00:00
df74303d-6b67-4782-ac93-629d1ebd5402,200,1,1,872,,"Termite &amp; Pest Control, Exterminators in Petaluma: Terminix",good,,2026-06-29T12:01:09+00:00
fb74247b-5079-4625-8974-993a6599e7d7,403,1,1,92,,Just a moment...,broken,,2026-06-29T12:01:09+00:00
2e995737-337a-4cc4-b925-043546383162,200,1,1,258,Squarespace,Santa Rosa Physical Therapy,good,,2026-06-29T12:01:09+00:00
46fd2c4d-f7d6-48ba-b1a0-83d9ebc42225,200,1,1,971,,"Petaluma Termite &amp; Pest Control, Exterminators - Terminix",good,,2026-06-29T12:01:09+00:00
8d3d383c-7c24-421f-890c-48ca6b3b4c83,200,1,1,179,Squarespace,Acre Pizza,good,,2026-06-29T12:01:09+00:00
d8fb0155-4cd9-47d8-971b-2957fa33d44f,0,0,0,34,,,broken,connection failed,2026-06-29T12:01:10+00:00
21c67a07-9474-40d5-8189-237bbffb7249,200,1,1,1460,WordPress,Santa Rosa Personal Injury Attorney | Flahavan Law Offices,good,,2026-06-29T12:01:10+00:00
3fe6c124-dcb1-4ddc-aab2-8197b28f5794,200,1,1,550,WordPress,California Human Development | Creating Opportunities,good,,2026-06-29T12:01:10+00:00
59eba865-3dd7-43e7-b8a9-720bf4b93b84,200,1,1,122,,Extreme Pizza | Freshly Made Gourmet Pizza | Pizza Delivery,good,,2026-06-29T12:01:10+00:00
e7a87784-a76a-4755-9559-cb098e20bbdb,200,0,1,874,WordPress,Happy Pets Inn &#8211; Bed and Breakfast for Cats and Dogs,weak,,2026-06-29T12:01:10+00:00
2a348f1f-5edb-4aa5-b4d7-3b7425a1ed77,0,0,0,34,,,broken,connection failed,2026-06-29T12:01:10+00:00
096ae26c-d2d8-4c19-9813-aa9a860f55a6,200,1,1,218,Squarespace,Huria&#39;s,good,,2026-06-29T12:01:10+00:00
5280d887-42a9-4136-a401-269ec92d4a71,200,1,1,77,Wix,Two Rock Pizza | Petaluma Coast Guard MWR | United States,good,,2026-06-29T12:01:10+00:00
8dd50c59-65ae-47ab-a684-4a1c46c4326a,200,1,1,4059,WordPress,Reverse Loans | Tam Funding,weak,,2026-06-29T12:01:10+00:00
361073e1-0924-4414-8e27-1ff26b5b70a8,0,0,0,20,,,broken,connection failed,2026-06-29T12:01:10+00:00
bdc3eb1d-3db2-4d09-8448-efa46eb234ae,200,1,1,251,GoDaddy,PersonaPizzeria.com is for sale | HugeDomains,good,,2026-06-29T12:01:10+00:00
d7a08410-186b-4718-812c-344a0eea45ac,200,1,1,220,Wix,"Stefano's Pizza, Since 1972 because everyone loves pizza!",good,,2026-06-29T12:01:10+00:00
c92da75d-9d62-474c-80a3-5a854248a149,200,1,1,100,Webflow,"Plumbing &amp;amp; Pipe Fitting Industry Local Union 38, Labor Organizatio",good,,2026-06-29T12:01:10+00:00
43e030c3-389a-48f4-acb3-5749bfcad9c9,0,0,0,83,,,broken,connection failed,2026-06-29T12:01:10+00:00
c634a91d-a066-483a-9672-cdadb57ace35,200,1,1,170,Squarespace,ProPlumbUSA,good,,2026-06-29T12:01:10+00:00
17b27fa9-ef04-40c6-9ce1-f21b9db60f3e,202,1,0,266,,,weak,,2026-06-29T12:01:10+00:00
50f8f9c2-86df-4879-b03d-ee50be501e46,200,1,1,576,,L.A. Italian Kitchen,good,,2026-06-29T12:01:10+00:00
0617b30d-fe40-4d5a-8633-ccf51ffe2120,200,1,1,128,GoDaddy,Preschool in Santa Rosa | Nature-Based Early Childhood Education – Fulton Community School &amp; Farm,good,,2026-06-29T12:01:10+00:00
93bb8e7b-7c7a-468a-930e-80913126c1db,200,1,1,1066,Weebly,Appointments | Sebastopol Pilates,good,,2026-06-29T12:01:10+00:00
90cee152-e969-44c8-8eaf-d015033dffed,200,0,1,259,GoDaddy,Plumbing Repair Service | Professional & Fast | Call (833) 360-4213,weak,,2026-06-29T12:01:10+00:00
f7c7fdb8-677d-4a05-94a2-a79a5e4c8275,0,0,0,88,,,broken,connection failed,2026-06-29T12:01:10+00:00
5002d5df-7162-44e3-a0bc-1a9d11126c2b,200,1,1,687,WordPress,il Fuoco &#8211; Wood Fired Pizza,good,,2026-06-29T12:01:11+00:00
0072419d-3011-4791-b37e-e69ccd63d8f3,200,1,1,201,Shopify,Home,good,,2026-06-29T12:01:11+00:00
5081598f-3dcf-432f-bf9b-d05e890126f2,200,1,1,1329,,St. Joseph Heritage Medical Group | Providence,good,,2026-06-29T12:01:11+00:00
126bb3c5-001a-4a03-880c-0116077b1a35,200,1,1,551,,"Spa Mania | Certified Cal Spa Dealer – Hot Tubs, Spas &amp; Repairs in Marin, Sonoma &amp; North Bay",good,,2026-06-29T12:01:11+00:00
6dcbfe29-56ea-4f1e-9ed9-5133984b56ca,200,1,1,507,Wix,Preschool Daycare | Hearts And Hands Preschool | Calistoga,good,,2026-06-29T12:01:11+00:00
1c15a25f-bb7e-4424-9e2c-3e9679cf446e,200,1,1,284,WordPress,HenHouse Brewing Novato - HenHouse Brewing,good,,2026-06-29T12:01:11+00:00
8e8caa6e-a2ff-4727-aad8-1ad1fbf6da13,404,0,0,146,,404 Not Found,broken,,2026-06-29T12:01:11+00:00
986e74dd-3c2b-46f6-ad03-bf9a71f3b062,200,1,1,817,GoDaddy,Petaluma Parent Nursery School &#8211; Where Children and Parents Learn and Grow&#8230; Together,good,,2026-06-29T12:01:11+00:00
1ccdcbf8-1cb6-454f-a5ec-ccd48e0b5415,200,0,0,93,,,weak,,2026-06-29T12:01:11+00:00
6347ae20-c1ed-4636-81d0-f7a70709a349,200,1,1,544,,Local Favorites,good,,2026-06-29T12:01:11+00:00
fb3c3eff-c43b-4d84-b9c4-145d018d7dfc,200,1,1,790,WordPress,Visit Petaluma | Official Travel &amp; Tourism Guide,good,,2026-06-29T12:01:11+00:00
6e8ec6f7-607b-4c4c-b62b-12c49bd95401,404,0,0,266,,404 Page Not Found,broken,,2026-06-29T12:01:11+00:00
d7724d90-e78b-47de-916f-19822512b2d7,200,1,1,569,,C21 loading...,good,,2026-06-29T12:01:12+00:00
b39c2719-a8fa-40b0-9a26-0f211f0241ec,404,1,1,1019,,W Real Estate,broken,,2026-06-29T12:01:12+00:00
ad2859df-aa14-4917-a3cb-1e1463048b47,200,1,1,491,,"Sebastopol Real Estate Office - Sebastopol, CA - Coldwell Banker Realty",good,,2026-06-29T12:01:12+00:00
7ea5ae1a-339b-4c6b-9a55-312d650f27d6,202,1,0,344,,,weak,,2026-06-29T12:01:12+00:00
3dc104bf-89d8-4152-9623-34c1c46c2088,0,0,0,15116,,,broken,connection failed,2026-06-29T12:01:12+00:00
b77ff71e-a52d-4938-bebd-03d4d630b77b,200,1,1,2008,WordPress,Home - The Publican - Windsor,good,,2026-06-29T12:01:13+00:00
55cf4cf7-10ee-495c-806c-3e96087d1d5e,200,1,1,765,,Engel &amp; Völkers | Sonoma County,good,,2026-06-29T12:01:13+00:00
caa5b892-b18a-4ef1-aa09-ce7693b9b8fc,0,0,0,34,,,broken,connection failed,2026-06-29T12:01:13+00:00
c6f419f8-4783-4e4a-ae83-34f2a3a02db0,200,1,1,2577,WordPress,Top Sports Bars and Pubs in Sonoma County - Sonoma County Tourism,good,,2026-06-29T12:01:13+00:00
041dae7b-3217-4a2d-9a82-d4bf1a7f2287,200,1,1,569,WordPress,สล็อตแท้เว็บตรงไม่ผ่านเอเย่นต์ แตกง่าย,good,,2026-06-29T12:01:13+00:00
ca554383-e60d-4e42-bc68-2be0ca4727b5,200,1,1,621,,"Phoebe Brookbank, Real Estate Agent - Compass",good,,2026-06-29T12:01:13+00:00
1fe71277-464c-4027-80c8-beb35d085d2c,200,1,1,1079,WordPress,Melody Montero - Sonoma County Real Estate,good,,2026-06-29T12:01:13+00:00
8c31edf2-ba34-40dc-971c-a077ae626be8,0,0,0,81,,,broken,connection failed,2026-06-29T12:01:13+00:00
cbb659ef-ef23-427d-843e-5d1c08217a94,202,1,0,275,,,weak,,2026-06-29T12:01:13+00:00
614dd551-6f17-4b0d-b67c-c64fa3cf6293,200,0,0,243,,Home,weak,,2026-06-29T12:01:13+00:00
2ff5d5de-bce5-49fe-8aeb-c5b05d95bc78,200,1,1,1176,,Home | Berkshire Hathaway HomeServices Drysdale Properties | Berkshire Hathaway HomeServices,good,,2026-06-29T12:01:13+00:00
52dc0f3e-1c58-429b-919f-c3426e463713,200,1,1,204,,Chiliâs Restaurant &amp; Online Ordering | Chiliâs Grill and Bar,good,,2026-06-29T12:01:14+00:00
a6379bb9-55bd-4fdf-ac01-f1eb368eed5d,200,1,1,196,Squarespace,Crisp Kitchen &amp; Juice,good,,2026-06-29T12:01:14+00:00
279e153d-edc6-4ab6-9c51-b8a27db57304,200,1,1,199,Wix,"Delicious Dish | Catering | Sonoma, Napa, Greater Bay Area",good,,2026-06-29T12:01:14+00:00
7f425db8-c2d3-4105-8de8-3e1d04e437d7,200,1,1,2205,,eXp Realty of California Inc. and CA DRE#01878277,good,,2026-06-29T12:01:14+00:00
7ac4750f-8679-4631-8170-89aac48a6099,202,0,0,118,,,weak,,2026-06-29T12:01:14+00:00
2754c5c9-fb3e-4655-a427-4b49ebcc802c,0,0,0,84,,,broken,connection failed,2026-06-29T12:01:14+00:00
9edab956-b6af-40d3-a5b1-1046ccf503c5,404,1,1,361,,,broken,,2026-06-29T12:01:14+00:00
b1fcd97c-9999-4908-8abd-a6a99fc15f64,200,1,1,93,Squarespace,Lou&#39;s Luncheonette,good,,2026-06-29T12:01:14+00:00
65216af9-0933-40d0-82f9-f7e2d9c47fbe,200,1,1,761,WordPress,Home - Bésame Mucho,good,,2026-06-29T12:01:14+00:00
ed205269-bb6b-4fb3-9265-96699732743e,200,1,1,159,Squarespace,Marvin&#39;s Of Cotati,good,,2026-06-29T12:01:14+00:00
bf2a2cda-86fc-400b-bbdd-d70c27f52d78,200,1,1,525,,Farm-to-Table Italian Restaurant in Healdsburg CA | Gallina D&apos;Oro,good,,2026-06-29T12:01:14+00:00
2ec94dc5-4a06-4667-aeb8-e3917f4f35c1,200,1,1,474,,"Golden Gate Bistro Restaurant in Novato, CA - Golden Gate Bistro",good,,2026-06-29T12:01:14+00:00
a262b119-6f4f-40f4-924c-6fc180025be5,404,1,1,542,,,broken,,2026-06-29T12:01:14+00:00
81172759-efc3-4b91-93ee-01ebb41e8297,200,1,1,2449,WordPress,Gary L. Sumner,good,,2026-06-29T12:01:14+00:00
084f20f0-cf78-4609-9348-3545a5ff02e8,200,1,1,236,,Sonoma Happy Garden - Menu & Location,good,,2026-06-29T12:01:14+00:00
dda49ef0-52ae-4a97-a558-817f8a82b4c3,200,1,1,602,Shopify,Award-Winning Vegan Butter and Cheese | Miyoko&#39;s Creamery,good,,2026-06-29T12:01:15+00:00
c1e4748c-f1b4-493a-bfcf-bedc4da3486c,500,1,1,3839,WordPress,WordPress &rsaquo; Error,broken,,2026-06-29T12:01:15+00:00
cf79794c-8c81-4f8c-885f-a31e2f1d3b69,200,1,1,438,Wix,"River Front Cafe | Petaluma, CA",good,,2026-06-29T12:01:15+00:00
36b01478-e9f6-49af-8602-bdc54e9e2ee4,200,0,1,627,,Welcome to Pearl,weak,,2026-06-29T12:01:15+00:00
f0506081-5154-4504-901e-177364e00eeb,200,1,1,376,Wix,Restaurant | The Altamont General Store | Occidental,good,,2026-06-29T12:01:15+00:00
4b47d84d-c3c1-4471-ae62-e4a5cb40dc55,200,1,1,207,,"Adom Manor Care Home | Santa Rosa, CA",good,,2026-06-29T12:01:15+00:00
fddf4ee5-d4cf-493d-8502-2713c9f89783,200,1,1,845,WordPress,"Premier Senior Care in Sonoma, CA | Cogir of Sonoma Plaza",good,,2026-06-29T12:01:15+00:00
7f3cbd10-42e7-4dae-ac62-2270e7b57b0b,200,1,1,769,WordPress,Sonoma Senior Living Community in CA | Cogir of Sonoma,good,,2026-06-29T12:01:15+00:00
d9675754-5924-4dba-97cb-e0c508f34f05,200,1,1,972,,"The 20 Best Assisted Living Facilities in Santa Rosa, CA | Seniorly",good,,2026-06-29T12:01:16+00:00
ef3041d6-6905-46a3-9b0d-26e4044906e3,0,0,0,82,,,broken,connection failed,2026-06-29T12:01:16+00:00
a0594846-e1e0-4af2-87bd-472452bc27ea,0,0,0,83,,,broken,connection failed,2026-06-29T12:01:16+00:00
c1b06ba7-ea16-4329-bfc4-625fad9748c2,200,1,1,102,Webflow,"Hanna House West, Residential Care Facility, 1840 Ridley Ave",good,,2026-06-29T12:01:16+00:00
e1edbc95-ebd7-47c5-b6cf-bffaf9a178ae,500,1,1,1740,WordPress,WordPress &rsaquo; Galat,broken,,2026-06-29T12:01:16+00:00
37d5c4c0-74cb-407e-ba72-8261d87f43a3,200,1,1,994,WordPress,Senior Apartments in Rohnert Park | Cogir of Rohnert Park,good,,2026-06-29T12:01:16+00:00
039b641e-bac4-4e00-9233-644104c9214f,200,1,1,154,GoDaddy,Live Oak Rest Home,good,,2026-06-29T12:01:16+00:00
3a41fcbe-5709-4adf-a3e9-c8cddab2128f,200,1,1,320,WordPress,Evergreen Healthcare Group - 24-Hour Compassionate Care,good,,2026-06-29T12:01:16+00:00
ea6129fe-55c0-44bd-bd9e-ef26a814a382,200,0,1,243,,,weak,,2026-06-29T12:01:16+00:00
e07167b5-eaf2-456a-b180-e400c7ffbc59,200,1,1,378,WordPress,Home - Oakmont Village,good,,2026-06-29T12:01:16+00:00
a99e26d1-b16e-416c-8ea8-78bf647d0ab0,0,0,0,84,,,broken,connection failed,2026-06-29T12:01:16+00:00
218ed572-f688-4554-91a9-a155dce796fc,200,1,1,74,Squarespace,Villa Capri - Senior Living and Memory Care,good,,2026-06-29T12:01:16+00:00
083e218b-f183-4c19-84dc-9f5284381894,200,1,1,868,WordPress,Ridgeway Post Acute,good,,2026-06-29T12:01:17+00:00
5541c5d8-38c0-460a-9e57-0c208b0c7f20,0,0,0,84,,,broken,connection failed,2026-06-29T12:01:17+00:00
c59e3b5c-f318-4f12-8b33-441846ffb623,200,1,1,1378,WordPress,Kenwood Greens Residential Care Home for the Elderly | Sonoma Residential Care,good,,2026-06-29T12:01:17+00:00
96cb4734-9486-483f-93d6-a7924594030f,200,0,1,61,Squarespace,Blue Barn,weak,,2026-06-29T12:01:17+00:00
8bd3d7c5-f6fd-45b5-9a63-b12d8548cbb7,0,0,0,82,,,broken,connection failed,2026-06-29T12:01:17+00:00
4eb95349-4483-4350-bc0e-14d265d7ed89,200,0,1,187,WordPress,Home - Second Generation Roofing 707-541-7663 Roofing Contractor,weak,,2026-06-29T12:01:17+00:00
50e61fed-5d83-43ff-b5df-9ce5ae8d9f83,0,0,0,15169,,,broken,connection failed,2026-06-29T12:01:17+00:00
3b779af2-f3b8-40d8-aa74-9319e8e3d56b,200,1,1,998,,Vine Ridge | Timber Ridge Care,good,,2026-06-29T12:01:17+00:00
d918cbaa-2030-45b9-b89a-0a7b6ca32b69,0,0,0,83,,,broken,connection failed,2026-06-29T12:01:17+00:00
4d289c2a-fe0e-48e5-b6e7-89cc8354793c,0,0,0,43,,,broken,connection failed,2026-06-29T12:01:17+00:00
106c4ddf-27dd-4541-bc40-21ebd1e69de7,0,0,0,15105,,,broken,connection failed,2026-06-29T12:01:17+00:00
2a8f4861-4aec-4088-9398-7a09c4dce3dc,0,0,0,35,,,broken,connection failed,2026-06-29T12:01:17+00:00
c8870cc9-71a7-449f-9c52-7779fa7a0312,200,1,1,1269,WordPress,"Serenity Villa – Assisted Living Home in Sebastopol, California – Elderly Care and Memory Care",good,,2026-06-29T12:01:17+00:00
a1910f0a-35a7-4622-a3c4-f1921fecc84a,403,0,0,97,,403 Forbidden,broken,,2026-06-29T12:01:17+00:00
419a9b08-a0ec-4be9-96aa-f2518f35b47a,200,1,1,121,WordPress,Revitalize Your Skin at Envie Skin and Body in Petaluma,good,,2026-06-29T12:01:17+00:00
f36f8e9b-716c-4907-84c9-4fed1bb68944,0,0,0,34,,,broken,connection failed,2026-06-29T12:01:17+00:00
d5576d1a-3e90-4559-9fa7-3507a48a0ee5,202,0,0,173,,,weak,,2026-06-29T12:01:18+00:00
88e179b3-b335-4aaa-b6f7-7db6fd8fd1a7,200,0,0,3105,,,weak,,2026-06-29T12:01:18+00:00
a412b3d1-a931-4625-9f15-703e964b4c75,0,0,0,155,,,broken,"ssl: HTTPSConnectionPool(host='locations.jambajuice.com', port=443): Max retries exceeded with url: /ll/U",2026-06-29T12:01:18+00:00
72a77ab1-2e7e-41b1-8698-1a325bb3a269,0,0,0,81,,,broken,connection failed,2026-06-29T12:01:18+00:00
14dcf52e-12a1-44c2-a52e-681c29d13b93,202,0,0,268,,,weak,,2026-06-29T12:01:18+00:00
f5365889-e61b-493a-acf5-cf5991367d50,200,1,1,790,WordPress,Home - Anello Family Crab &amp; Seafood,good,,2026-06-29T12:01:18+00:00
dad6d39f-e6d1-48b2-ae61-15d9b6857680,404,1,0,721,,,broken,,2026-06-29T12:01:18+00:00
2a26f0f9-7102-4ea2-abcc-eacbacb5a33a,200,1,1,944,,SLOT777 Situs Link Slot Gacor 777 Hari Ini Gampang Menang Maxwin Kakek Zeus Terbaru,good,,2026-06-29T12:01:18+00:00
83ebfd00-4661-426f-a77e-0958a89a2368,202,1,0,263,,,weak,,2026-06-29T12:01:18+00:00
70210131-6f33-426d-9799-447c904f3c04,200,1,1,827,WordPress,"Catherine Sevenau – Opener of doors, teller of tales, family scribe.",good,,2026-06-29T12:01:18+00:00
ee50beb2-47c2-4eb0-b09a-e0f7e3b0edf1,400,1,1,140,Wix,400 Error: Bad Request,broken,,2026-06-29T12:01:18+00:00
1332a238-259c-47fb-80f3-8e8ea3791013,200,1,1,176,,Wellness Retreats and Spa Treatments in Napa Valley | Solage,good,,2026-06-29T12:01:18+00:00
2ae39365-3c33-4a2a-8a9c-50b17b9a7d24,200,1,1,435,,All Massage Envy Locations | Facials | Massage Therapy,good,,2026-06-29T12:01:18+00:00
9f04b36b-cdd9-4b98-b23d-9785bf889d46,0,0,0,35,,,broken,connection failed,2026-06-29T12:01:18+00:00
fab2b41e-02a4-41e5-94be-6741eb003c3a,200,0,1,4459,WordPress,Pezcow &#8211; Flavor from Mountain to Sea,weak,,2026-06-29T12:01:19+00:00
1e4467cb-1055-4ddb-a7ec-83d0e03732b3,200,1,1,240,,Luxury Hotel in Sonoma - Fairmont Sonoma Mission Inn &amp; Spa,good,,2026-06-29T12:01:19+00:00
747513cf-0d44-4484-991f-f34bdf585cad,409,0,1,198,,DNS resolution error | www.boathousesushi.com | Cloudflare,broken,,2026-06-29T12:01:19+00:00
3ae6cc3c-95a8-4515-9363-bbaa72d07cb5,0,0,0,39,,,broken,connection failed,2026-06-29T12:01:19+00:00
974e5e84-7b11-4ddc-bb52-66572960afec,0,0,0,230,,,broken,connection failed,2026-06-29T12:01:19+00:00
9cbc1521-a818-4d3c-b9c7-d6e477e4627f,200,1,1,297,,Blue Fish Sushi &amp; Grill | Online Ordering,good,,2026-06-29T12:01:19+00:00
94eabed9-f2b1-4bc7-a3ac-dec19d0b7714,200,1,1,1234,Weebly,,good,,2026-06-29T12:01:19+00:00
a1336ca2-8761-4947-9c68-ec52f9733c0a,200,1,1,394,Wix,HOME | Asahi Sushi&amp;Kitchen,good,,2026-06-29T12:01:19+00:00
d92ee0f5-7c00-46d6-809f-b6b44307a8a5,200,0,0,221,,Jidaiya Japanese Restaurant,weak,,2026-06-29T12:01:19+00:00
dc52a496-dd95-443e-9758-714ab9cb1cd0,200,1,1,147,Wix,Santa Rosa sushi | Sushirosa | SUSHI,good,,2026-06-29T12:01:19+00:00
900df9f7-45ba-49a8-9dd1-5c50798950f7,200,0,1,248,,O Sushi | Online Ordering,weak,,2026-06-29T12:01:19+00:00
7748a414-4bfb-4ecb-afdf-fd5613ea40e9,0,0,0,10014,,,broken,connection failed,2026-06-29T12:01:19+00:00
d7577317-074e-4ebe-b832-d62bb92882bc,403,1,1,1681,,Just a moment...,broken,,2026-06-29T12:01:19+00:00
8128214e-e119-4416-9eeb-049b3f7936bc,200,1,1,106,Webflow,"Antonio&amp;#39;s Tacos, Restaurant, 38820 S Highway 1",good,,2026-06-29T12:01:19+00:00
88132737-2b8c-4355-ac89-15db9d380e2a,0,0,0,82,,,broken,connection failed,2026-06-29T12:01:19+00:00
751a7c15-89a5-401e-8044-bab1c8f89a66,200,0,0,165,,Wayne's Grill &amp; Sushi - Lunch - Dinner - Take Out,weak,,2026-06-29T12:01:19+00:00
8b3dccdf-287f-4ba6-83df-e736da1cd115,200,0,0,204,,Bad Billie Skin Gallery Home,weak,,2026-06-29T12:01:19+00:00
3478dda6-3826-4e78-94f4-d930cbece6c3,200,1,1,603,,Order Authentic Japanese Online | Oyama Sushi - Pickup Available,good,,2026-06-29T12:01:20+00:00
5e98c298-4b71-440e-aeee-5ddb5a56cb7e,403,1,1,327,,Just a moment...,broken,,2026-06-29T12:01:20+00:00
c0476860-0439-47c7-9cbb-dd2e8f0fa0ec,200,1,1,399,,Privacy Policy,good,,2026-06-29T12:01:20+00:00
75519cff-d90f-4d9a-b717-6003f5385d76,200,1,1,470,GoDaddy,"The Hole Thing - Tattoos and Piercings - Santa Rosa, California",good,,2026-06-29T12:01:20+00:00
5162d161-2a55-45d5-9063-8827e3dd340c,200,1,1,1610,Shopify,"SÄDÉ Spa, Santa Rosa Aesthetician, Natural Skin Care &amp; Beauty Products",good,,2026-06-29T12:01:20+00:00
c8e556d5-9a78-47d1-9db6-4a75336ce523,0,0,0,82,,,broken,connection failed,2026-06-29T12:01:20+00:00
1aa583a9-6d04-4963-81f4-f71fb3a24fe8,200,0,1,203,,Jhanthong Banbua | Online Ordering,weak,,2026-06-29T12:01:20+00:00
16f7a61e-6555-470a-8fe9-c1aada988363,0,0,0,60,,,broken,"ssl: HTTPSConnectionPool(host='squidoo.com', port=443): Max retries exceeded with url: /TTK (Caused by SS",2026-06-29T12:01:20+00:00
dab4ad8b-981e-4b1f-a74d-3426aa823b0b,200,1,1,124,Squarespace,www.the35thai.com,good,,2026-06-29T12:01:20+00:00
25a7d747-e057-47fd-873d-dc642d8a7b70,200,1,0,132,,"Tire Shop in Sebastopol, CA | Kalemba's Tire Service",weak,,2026-06-29T12:01:20+00:00
2880ed6b-201b-4185-92f7-711b3346c4a4,0,0,0,83,,,broken,connection failed,2026-06-29T12:01:20+00:00
3aa895a9-73cc-46b6-87ff-f5fdcf4026c1,200,1,1,211,,Home - Thai Spice,good,,2026-06-29T12:01:20+00:00
32e1b278-39f0-4bbe-968f-53d933776b32,200,1,1,2056,WordPress,luminescencesalonandspa | we take care of you,good,,2026-06-29T12:01:20+00:00
7ed641b6-9979-45c7-925a-4d98edef57de,200,1,1,378,Wix,LemonGrass Thai | The Best Authentice Thai Eatery in Petaluma,good,,2026-06-29T12:01:20+00:00
276d43e7-823a-4b38-a5be-0688d42b1062,200,1,1,119,Webflow,"Campos Tires, Tire Wholesale, Retail, 1212 Petaluma Hill Rd",good,,2026-06-29T12:01:20+00:00
0ba5cbcb-56e9-40ec-a30f-63f46f934a05,200,1,1,1229,,Situs Slot Depo 10K QRIS Link Gacor Minimal Deposit 10 Ribu Gampang Menang,good,,2026-06-29T12:01:20+00:00
79d6a90b-2e9a-4ca1-b12f-222de47c9c44,200,1,1,387,Shopify,Sweet Bippy Press,good,,2026-06-29T12:01:20+00:00
78b5234e-6143-4fcf-9699-eabacb6f6ade,0,0,0,49,,,broken,connection failed,2026-06-29T12:01:20+00:00
b37caa58-ee0d-45f3-bd2e-bf2340323ece,0,0,0,84,,,broken,connection failed,2026-06-29T12:01:20+00:00
761dd064-a8d7-493d-8405-08117893e52f,200,1,1,962,,RTP Live: Bocoran RTP Pragmatic Play | Pola RTP Gacor Hari Ini 2026,good,,2026-06-29T12:01:20+00:00
968184a5-cf62-42fa-b3e6-ea3dec075d2a,0,0,0,39,,,broken,connection failed,2026-06-29T12:01:20+00:00
4ff97e6e-7909-49ad-93fa-f1a9ee400c92,200,1,1,276,,The Lodge at Sonoma | A Luxury Sonoma Resort &amp; Spa Retreat,good,,2026-06-29T12:01:21+00:00
2ca2fde8-1ac1-4da3-b638-d57b827af59d,200,1,1,741,,Veterinarian in Santa Rosa CA by Redwood Veterinary Clinic,good,,2026-06-29T12:01:21+00:00
9282ae30-2ab7-47fd-9e4b-e83140dac0eb,200,1,1,799,,Find a Banfield Pet Hospital&#174; Near You,good,,2026-06-29T12:01:21+00:00
64791ea2-50f0-4720-8403-c9822f4733a8,202,1,0,364,,,weak,,2026-06-29T12:01:21+00:00
97147117-83ee-4036-bfd1-a0e82fdcd20b,403,1,0,118,,Access Denied,broken,,2026-06-29T12:01:21+00:00
222a3eba-abfd-44f0-9bc9-db1f53959883,200,1,1,927,Shopify,Top Vegan Restaurant in Los Angeles | Plant-Based LA Brunch,good,,2026-06-29T12:01:21+00:00
b518dee3-1d68-4c1e-94f8-9fb3e3910fa0,404,1,1,940,,404 - Page not found,broken,,2026-06-29T12:01:21+00:00
c54a44df-98c3-43d8-9cf1-05f4cc5b424c,0,0,0,82,,,broken,connection failed,2026-06-29T12:01:21+00:00
f9c4c08f-f60f-4419-9d6f-f30847737856,200,1,1,200,Drupal,Home | Cambria Estate Winery: Santa Barbara County Wines,good,,2026-06-29T12:01:21+00:00
ab1fd0fa-e0d5-4da0-8c65-52bec1df6aa7,200,1,1,185,Squarespace,Valley Bar + Bottle Shop,good,,2026-06-29T12:01:21+00:00
3c94ca51-fcc9-44b4-93a9-de7fec596b8e,503,1,0,425,,503 Service Temporarily Unavailable,broken,,2026-06-29T12:01:21+00:00
4b0dbccd-e569-4e7d-b63d-b12b22edbacf,200,0,0,164,,Coming Soon page,weak,,2026-06-29T12:01:21+00:00
b936370d-f2d3-410f-8ade-c9de96efffb0,200,1,1,593,Wix,Home | Healdsburg Bubble Bar,good,,2026-06-29T12:01:21+00:00
7a825350-02f5-4e17-aac6-ed0c0fd408ca,202,0,0,187,,,weak,,2026-06-29T12:01:21+00:00
de17b795-0d6a-45ec-ba66-99e3c1b4e0e0,200,1,1,102,Webflow,"Johnson&amp;#39;s Alexander Valley Wines, Wine Manufacturer, 8333 Highway",good,,2026-06-29T12:01:21+00:00
aef80806-394d-49bc-9708-f8f14a1387ed,200,0,0,246,Weebly,About,weak,,2026-06-29T12:01:22+00:00
7cddbd2c-d05f-43e8-9217-ecb2341009cc,200,1,1,259,WordPress,Aperture Cellars: Winery &amp; Vineyard | Sonoma | Healdsburg CA,good,,2026-06-29T12:01:22+00:00
3250c072-4a80-4a5b-b1e1-da8bc238485a,0,0,0,136,,,broken,connection failed,2026-06-29T12:01:22+00:00
3e981bae-5642-4bd8-9ce7-1c3ee99bb2b6,0,0,0,489,,,broken,"ssl: HTTPSConnectionPool(host='www.aprioricellar.com', port=443): Max retries exceeded with url: / (Cause",2026-06-29T12:01:22+00:00
16486949-c640-4774-bec4-ae06b114ab94,200,1,1,1116,Shopify,Rancho Maria &ndash; RanchoMariaWines,good,,2026-06-29T12:01:22+00:00
f62d220b-1688-49bc-b661-7ac669370472,202,0,0,216,,,weak,,2026-06-29T12:01:22+00:00
5ae97c68-f5f1-4a72-aa6c-b3d65e358e2a,200,1,1,1276,WordPress,Manzanita Creek Winery &#8211; Quo Vadis,good,,2026-06-29T12:01:22+00:00
daa24c2b-23c9-4ebc-990c-d73bdce7ac3a,200,1,1,311,GoDaddy,August Briggs &#8211; Napa Valley Wines &#8211; Calistoga Winery,good,,2026-06-29T12:01:22+00:00
fffac7c1-df4d-4a48-a741-a22d17287f58,200,1,1,472,WordPress,Home &mdash; Bartholomew Park,good,,2026-06-29T12:01:22+00:00
351232e5-82a7-4e78-952a-51d499dc7736,200,1,1,1256,WordPress,Home - Argot Wines,good,,2026-06-29T12:01:23+00:00
2b551229-1565-4394-ae52-bda123a50d1b,200,1,1,879,,Bedrock Wine Co.,good,,2026-06-29T12:01:23+00:00
1693e6e6-a1aa-417b-9e85-1ac2c3ba5e41,200,1,1,839,,Bedrock Wine Co.,good,,2026-06-29T12:01:23+00:00
647dc090-96d5-4640-9b0f-fddce09e20c3,0,0,0,82,,,broken,connection failed,2026-06-29T12:01:23+00:00
3d077d66-039b-42ca-970d-37a3f587c5a6,202,1,0,61,,,weak,,2026-06-29T12:01:23+00:00
63d4710f-b3cb-4f5f-b51d-bceaea8dd776,200,1,1,734,Shopify,"Black Sears Estate Winery | Howell Mountain, Napa Valley &ndash; BLACK SEARS",good,,2026-06-29T12:01:23+00:00
0e8d3f3d-9f41-4e02-9344-d2ff8e7799f9,200,1,1,196,Squarespace,Carlisle,good,,2026-06-29T12:01:23+00:00
f906f177-aff1-480a-bec1-631d655572ff,200,1,1,388,WordPress,Home - Boich Family Cellar,good,,2026-06-29T12:01:23+00:00
d12e8087-029e-44cf-819b-66aaf9f609c5,200,1,1,99,Squarespace,Quality Wine Growers,good,,2026-06-29T12:01:23+00:00
b5baf37a-2bee-40ca-8e2d-81139f0451fd,200,1,1,1229,,Welcome - Bennett Valley Cellars,good,,2026-06-29T12:01:23+00:00
3b4712f2-1d40-435a-93f6-bc1c999dbbce,200,0,0,3294,,,weak,,2026-06-29T12:01:24+00:00
c7c76d03-a08c-47d6-b28f-0b244f6c3198,200,1,1,414,,Sonoma Valley | Travel resource for Sonoma Valley Wine Country and surrounding areas.,good,,2026-06-29T12:01:24+00:00
d45533cb-4920-46fd-bd21-b362ecf4a711,200,1,1,477,WordPress,Cathiard Vineyard - Wines of Napa Valley,good,,2026-06-29T12:01:24+00:00
bd885ef7-109d-4da3-9a5f-9a5fa8e03294,200,1,1,2631,WordPress,Welcome to 13th Vineyard,good,,2026-06-29T12:01:24+00:00
f2719bcc-8464-4510-b9a3-c3d7a3d1bbdb,403,1,1,131,,Just a moment...,broken,,2026-06-29T12:01:24+00:00
c5c0f7e2-3534-41ff-b766-b5b62b2b0e46,200,1,1,1166,,Welcome - Blue Farm Wines | Made in the vineyard,good,,2026-06-29T12:01:24+00:00
db1e5c5d-7cbe-42f8-8bc0-ab72df9ee8e9,200,0,0,374,,Home - cornerstonecertifiedvineyard.com,weak,,2026-06-29T12:01:24+00:00
e2c0bda6-5ca6-4c46-ba40-63101257024c,202,1,0,305,,,weak,,2026-06-29T12:01:24+00:00
87f71963-4208-4d21-ad80-7251d99ec35c,200,1,1,244,Squarespace,Dot Wine • Sonoma County CA • Drink Dot Wines,good,,2026-06-29T12:01:24+00:00
1e33125d-328b-4185-8e22-6e4982388bbe,0,0,0,15202,,,broken,connection failed,2026-06-29T12:01:24+00:00
e25022fc-4f60-425e-8fe6-6ea6f803282d,200,1,0,138,,duxoup,weak,,2026-06-29T12:01:24+00:00
f8e27bc9-8893-412d-9afc-816f465c865f,404,1,0,253,Squarespace,Squarespace - Website Expired,broken,,2026-06-29T12:01:24+00:00
030fadd3-fc71-4a3c-9c30-90cf2d78a316,0,0,0,10013,,,broken,connection failed,2026-06-29T12:01:24+00:00
63b048ab-15f0-4a50-abd7-b24fc411a8ea,200,1,1,126,WordPress,Contact Us - Faust,good,,2026-06-29T12:01:25+00:00
da3eff1b-611c-4a1c-9091-c60687b55030,202,0,0,251,,,weak,,2026-06-29T12:01:25+00:00
c00d7c66-601c-49a4-a905-c7b2f32699d3,200,1,1,1236,WordPress,DNA Vineyards | Welcome!,good,,2026-06-29T12:01:25+00:00
566ec4b2-48ce-425b-8ea5-529f6e040648,200,1,1,865,,At the convergence of an extraordinary landscape. The ingenuity of the grapevine. And human prowess and effort.,good,,2026-06-29T12:01:25+00:00
9f48930a-f483-41a7-9939-92630a5e1887,202,1,0,440,,,weak,,2026-06-29T12:01:25+00:00
e3627ab9-2bae-44ea-8ae9-48c3cf397231,200,1,1,155,,Gallo,good,,2026-06-29T12:01:25+00:00
509a4d14-44b8-45a1-adc1-54aab0b58e4f,200,1,1,164,WordPress,Girard Winery | Premium Wine Tasting in Napa Valley,good,,2026-06-29T12:01:25+00:00
c86598be-956f-4c2c-b5c8-8b0a585bbfff,200,1,1,1122,Shopify,Goldeneye Winery | Pinot Noir | Anderson Valley,good,,2026-06-29T12:01:25+00:00
0d014071-987a-463b-97fd-101a501d2ce0,0,0,0,85,,,broken,connection failed,2026-06-29T12:01:25+00:00
497c6b2b-0373-4090-8b74-6f4c64c07139,200,1,1,729,,G&C Lurton | Fusion of Bordeaux and California Wines | Acaibo,good,,2026-06-29T12:01:26+00:00
ef45f223-2199-4e30-9ff2-bb6c35b6e042,200,1,1,264,Squarespace,Grapewagon Custom Crush,good,,2026-06-29T12:01:26+00:00
cdf16cb2-69dd-46cc-88e0-c80ad591cfea,200,1,1,363,,Grand Scheme Wines | Organically Grown Carneros Wines,good,,2026-06-29T12:01:26+00:00
c7087b6f-5b9f-4af9-b394-f3935d51e9ec,200,1,1,111,,Shop Napa Valley Wine | Tours and Tastings | Napa Valley | HALL Wines,good,,2026-06-29T12:01:26+00:00
20d0e8b1-5139-4f34-bb92-2fd827790a95,200,1,1,425,,HALL Rutherford Reservations | Napa Valley | HALL Wines,good,,2026-06-29T12:01:26+00:00
40c850e5-bc74-4025-bc8b-5e2322d29d37,200,0,1,66,Squarespace,Hawk Hill Vineyard,weak,,2026-06-29T12:01:26+00:00
2a167241-028e-4b56-bf8e-1d5a7359e4ec,200,1,1,147,Squarespace,"Discover Hard Six Cellars, a boutique Napa Valley winery producing limited-production, minimal-intervention Cabernet Sauvignon from Diamond Mountain and Syrah from Fort Ross -Seaview on the Sonoma Coa",good,,2026-06-29T12:01:26+00:00
2c99cbac-2105-4bc7-8975-b3a320a3715f,0,0,0,33,,,broken,connection failed,2026-06-29T12:01:26+00:00
bc323767-8554-4edd-8a9e-1db7e1f59999,200,1,1,369,,Home | Landmark Vineyards,good,,2026-06-29T12:01:26+00:00
4b14586a-bc10-4f56-839d-89b140854aa2,200,1,1,2384,WordPress,Coquerel,good,,2026-06-29T12:01:26+00:00
733b0b52-6fd5-4da0-b9e9-5fde0f7b73c1,200,0,0,329,,Coming Soon...,weak,,2026-06-29T12:01:26+00:00
75853944-f30a-46cd-b53b-c864abfc4c40,200,1,1,360,WordPress,"Award Winning Pinot Noir - J Cage Cellars - Windsor, CA.",good,,2026-06-29T12:01:26+00:00
10272413-9fed-446a-9d1b-70bbf855afc4,200,1,1,364,,Visit Us | JCB Collection,good,,2026-06-29T12:01:26+00:00
43e625d2-ad51-45a7-9faf-41285a49f7c0,200,1,1,8306,,OnicTogel | Bandar Togel Online Terpercaya & Hadiah Terbesar,weak,,2026-06-29T12:01:27+00:00
059e697e-7652-4dfa-ac1d-d827d8479006,200,1,1,567,WordPress,"Joel Gott Wines: Food Friendly Wines from California, Oregon and Washington",good,,2026-06-29T12:01:27+00:00
8f11ca5a-74b7-4195-9fd0-255c73ca92d2,200,1,1,2423,,MAXWIN138: Link Slot Maxwin Gacor Paten Hari Ini & Toto Togel 2026 Resmi,good,,2026-06-29T12:01:27+00:00
0cc4fd31-104a-4ee1-8f86-fc3b8d333081,200,1,1,447,Drupal,"Kendall-Jackson Wines | California-Grown, Family-Owned",good,,2026-06-29T12:01:27+00:00
89b8c974-5a1f-4038-9513-a45499868640,200,1,1,819,Shopify,Helena View Johnston Vineyards,good,,2026-06-29T12:01:27+00:00
bb3b9b18-4baf-4f99-865c-2a15e163768d,200,1,1,99,Squarespace,La Cienega Vineyard,good,,2026-06-29T12:01:27+00:00
853e8515-e2ea-4179-82e9-93b320a6493f,202,0,0,156,,,weak,,2026-06-29T12:01:27+00:00
a4fe965d-4d86-481d-9d9f-e08c1188bff5,0,0,0,321,,,broken,"ssl: HTTPSConnectionPool(host='haywoodwinery.com', port=443): Max retries exceeded with url: / (Caused by",2026-06-29T12:01:27+00:00
82c5e371-8e16-4e77-8a3a-9c0b84322704,200,1,1,244,WordPress,Homepage - MacLaren Wines,good,,2026-06-29T12:01:27+00:00
5db33372-9306-49d5-86c5-9a62c663ddde,0,0,0,793,,,broken,connection failed,2026-06-29T12:01:27+00:00
0638ebfc-2665-4939-8be9-cd276a8e682c,0,0,0,91,,,broken,connection failed,2026-06-29T12:01:27+00:00
335e2469-19dd-4c37-9062-6a90f00df38a,200,1,1,490,Squarespace,LAGO DI MERLO,good,,2026-06-29T12:01:27+00:00
c921b054-cf42-432f-ba7d-b4ed95e4b484,200,1,1,776,,Korbin Kameron,good,,2026-06-29T12:01:27+00:00
ba18e225-bc44-4bd6-8c51-4a3db58ae473,200,0,0,179,,Malbec and Malbec,weak,,2026-06-29T12:01:27+00:00
1451af4c-6590-4c93-8b78-03ef0fad9285,200,1,1,232,,Moon Hollow,good,,2026-06-29T12:01:27+00:00
7a86def4-d216-450e-b3cb-18a860115ba7,200,0,1,266,,occidentalroadcellars.com&nbsp;-&nbsp;occidentalroadcellars Resources and Information.,weak,,2026-06-29T12:01:28+00:00
f34d469f-0991-4569-a6c7-00d2e64404f7,200,1,1,919,,Passaggio Wines - Homepage,good,,2026-06-29T12:01:28+00:00
5bb1adcf-f8cc-486f-bf00-0e45765817ab,200,1,0,612,,Oakville Cross Wines :: Fine Cabernet Sauvignon,weak,,2026-06-29T12:01:28+00:00
59459851-2556-4370-a1f0-86d6434a6c9d,0,0,0,91,,,broken,connection failed,2026-06-29T12:01:28+00:00
f81f2c8e-1eee-4d11-a2a3-3a55813578bf,404,1,0,373,,,broken,,2026-06-29T12:01:28+00:00
c0514c9f-83de-4ccb-979a-ea078c20471f,403,0,0,171,,,broken,,2026-06-29T12:01:28+00:00
48607d80-bfd9-4c73-b2a6-5b95f1653945,200,1,1,95,Webflow,"Persephone Ranch, Grape Vineyard, 5814 Chiles Pope Valley Rd",good,,2026-06-29T12:01:28+00:00
6db6d870-d777-461f-a0b9-da962bc95ee7,200,0,0,205,,Maple Vineyards: Premium Dry Creek Valley Zinfandel,weak,,2026-06-29T12:01:28+00:00
eb4920ea-b05d-4eaf-a5f6-9bff627e5852,0,0,0,86,,,broken,connection failed,2026-06-29T12:01:28+00:00
7aff63a5-bdcf-483b-ac7d-cd0aef8f4d06,200,1,1,469,Webflow,Petrali Wines - Petrali Wines | Our Story,good,,2026-06-29T12:01:29+00:00
b40aacc8-319e-4efd-93c7-3cc7fdbbb4b5,404,1,1,1319,Shopify,404 Not Found &ndash; ONEHOPE Wine,broken,,2026-06-29T12:01:29+00:00
62bb38a3-482b-4da7-803e-f1eb6af42c36,200,1,1,320,,Raymond Vineyards | Napa Valley’s *Pioneers*,good,,2026-06-29T12:01:29+00:00
6827ca4a-0101-4ffd-bc65-27ccfe3ecbb5,403,1,1,40,,Just a moment...,broken,,2026-06-29T12:01:29+00:00
1c1be826-1fef-4d98-bf87-4d306e83ace1,200,1,1,2650,WordPress,Home - Lawer Estates,good,,2026-06-29T12:01:29+00:00
fde0a514-b278-45e9-adde-e4d92df4edf6,500,1,1,2203,WordPress,WordPress &rsaquo; Error,broken,,2026-06-29T12:01:29+00:00
70b495dc-ba9d-46d7-a49d-f6f1674f686f,0,0,0,84,,,broken,connection failed,2026-06-29T12:01:29+00:00
5a0f9e35-6e7a-4297-a410-61fad5ced350,200,1,1,143,Squarespace,Roche Sonoma Winery,good,,2026-06-29T12:01:29+00:00
d4639dad-9878-4761-b498-98082f9b0244,200,1,1,388,,Seven Stones Estate | Napa Valley Cabernet Sauvignon,good,,2026-06-29T12:01:30+00:00
84585e58-6b92-4f25-8efa-9e7dea04ed8d,200,1,1,1853,WordPress,Prohibido Wines,good,,2026-06-29T12:01:30+00:00
3aff97d9-3849-4dc7-ae16-9f431d2c6926,0,0,0,15116,,,broken,connection failed,2026-06-29T12:01:31+00:00
3be10987-eb40-4495-ab18-3cf67d35604b,200,1,1,207,,Precision-Made Wines,good,,2026-06-29T12:01:31+00:00
0e105641-1d5d-41b9-ba0b-1528dd1307f8,200,1,1,441,WordPress,Taken Wine Co - Trinchero Family Wine and Spirits,good,,2026-06-29T12:01:31+00:00
faf461c6-9362-49dc-9aec-108866e86ab9,200,1,1,657,,Home,good,,2026-06-29T12:01:31+00:00
918ac179-3c4e-4075-bcbd-ebb9d9c08fd3,200,1,1,312,WordPress,"Terroirs Wine Consulting | Terroirs, Inc. offers an integrated range of services for start-up projects and established wineries.",good,,2026-06-29T12:01:32+00:00
d5e2ede4-0ca7-467e-9c2c-5e9169c72f2d,200,1,1,587,WordPress,Contact Us - Taplin Cellars,good,,2026-06-29T12:01:32+00:00
93fb2476-f885-4642-9716-2ab7c9094576,200,1,0,114,WordPress,Tympany Vineyards&trade; | Where handcrafted wine and jazz meet,weak,,2026-06-29T12:01:32+00:00
13c4ee05-57cf-4f0f-91e9-89e03ddf4f32,404,1,1,533,Shopify,Not Found,broken,,2026-06-29T12:01:32+00:00
d6317277-8d17-4569-a13f-7cfd66ce8a7f,200,1,1,314,WordPress,Home - VML Wine,good,,2026-06-29T12:01:32+00:00
b93a786e-301e-4c9b-9bde-5b6b6084f96c,200,1,1,197,WordPress,Home - VML Wine,good,,2026-06-29T12:01:32+00:00
efc2591e-7a8a-42fa-a34f-b3390b6f9a11,200,1,1,2978,WordPress,"Sky Vineyards | Mt. Veeder, Napa Valley. Estate grown wines since 1973",good,,2026-06-29T12:01:32+00:00
f9b44a48-4e87-428e-a2d9-7b21eca4a408,200,1,1,93,Squarespace,van der Kamp Vineyard,good,,2026-06-29T12:01:32+00:00
1a11217a-d321-424c-8c7a-93f14ebc0e02,200,1,1,121,WordPress,Home - B. Wise Vineyards,good,,2026-06-29T12:01:33+00:00
2fbd223c-65c3-491f-b644-24c07422e3f5,200,1,1,192,Drupal,Home | Cambria Estate Winery: Santa Barbara County Wines,good,,2026-06-29T12:01:33+00:00
30adc469-3f9e-4c80-abdb-5a60cba1dc50,0,0,0,36,,,broken,connection failed,2026-06-29T12:01:33+00:00
292f3f91-a8eb-4b31-acd5-d65566050282,200,1,1,823,Shopify,Klarus Flashlight Illuminating Events: Klarus Flashlight Steals the Spotlight,good,,2026-06-29T12:01:33+00:00
8dc7e2c6-64b2-43c8-a7d6-0fa27060c16f,200,1,1,3334,Wix,Join SMZC's Zen Meditation Retreat | Experience Peace and Clarity Today,good,,2026-06-29T12:01:33+00:00
4017cb73-6f93-4fd6-bb89-225e53ec36f6,200,1,1,4970,WordPress,"Pezzi King Winery | Wine Tasting in Healdsburg, CA &#8211; Sweepstakes winning wines from the heart of Dry Creek Valley in Healdsburg California.",weak,,2026-06-29T12:01:33+00:00
f43ccd98-eb24-4554-9ab1-fb38d4459cdd,200,1,1,943,,Viluko Vineyards,good,,2026-06-29T12:01:33+00:00
e98bba8f-9b97-45c2-a227-95d666d72422,0,0,0,10017,,,broken,connection failed,2026-06-29T12:01:33+00:00
21ff9ac1-007b-4411-bd59-43419611a998,520,0,1,153,,yorkcreek.com | 520: Web server is returning an unknown error,broken,,2026-06-29T12:01:34+00:00
a98e8d2a-ecad-4a60-b2c9-44867b5428d7,200,1,1,207,Shopify,"Punch Clothing: Women&#39;s Clothing Online | Fashion, Accessories &amp; Gifts",good,,2026-06-29T12:01:34+00:00
b5ca49fe-8069-4dca-babb-318b0168aff4,200,1,1,1220,WordPress,Wilde Farm Wines,good,,2026-06-29T12:01:34+00:00
844ce874-8a87-43f9-8338-b2cb21a6b5e5,0,0,0,214,,,broken,"ssl: HTTPSConnectionPool(host='gatheredwildeflowers.com', port=443): Max retries exceeded with url: /our-",2026-06-29T12:01:34+00:00
2e03a454-783b-4cde-bb51-374fcdb621db,200,1,0,703,WordPress,Yewell Family Vineyards,weak,,2026-06-29T12:01:34+00:00
c47bfbe7-089b-47bd-8f2b-e099c5ab5f2a,0,0,0,9,,,broken,connection failed,2026-06-29T12:01:34+00:00
1ce14633-cb7d-49ef-a82d-ce5321570680,200,1,1,890,WordPress,Work Vineyard | Napa Valley &amp; Calistoga Winery | Estate Cabernet Sauvignon,good,,2026-06-29T12:01:34+00:00
835c325a-4941-4f4b-aead-b624a1f50c54,0,0,0,83,,,broken,connection failed,2026-06-29T12:01:34+00:00
db5b50d9-715a-4526-bf3e-e4c301de84e9,200,1,1,261,Squarespace,Well Sonoma | Center for Wellbeing,good,,2026-06-29T12:01:34+00:00
2e98310a-7d25-4f8c-9110-64ee43e48932,404,0,0,273,Squarespace,Squarespace - Domain Not Claimed,broken,,2026-06-29T12:01:34+00:00
258bd4cf-fa6c-42d6-98ab-cc4bb1712b31,404,1,0,620,,,broken,,2026-06-29T12:01:35+00:00
290815be-00b7-426d-bc29-58e0fcb431b2,404,1,1,710,,Item Not Found,broken,,2026-06-29T12:01:35+00:00
8741357c-235e-41ad-9bb9-307a817ed5c3,404,1,1,5617,WordPress,Page not found | Schug Winery,broken,,2026-06-29T12:01:35+00:00
d42e23dc-7cf7-4b42-860c-c6b7c87f1bab,200,1,1,765,,Quail Run Café at River Rock,good,,2026-06-29T12:01:35+00:00
51522f53-bcba-4bef-a176-ef8afcd7657e,0,0,0,15197,,,broken,connection failed,2026-06-29T12:01:35+00:00
0ba98149-11dc-4925-bc27-85d9f2399630,200,1,1,139,Squarespace,Mercury Wine,good,,2026-06-29T12:01:35+00:00
04d141ac-0b5a-4510-89e4-9f8e51834dd4,200,1,1,336,,Country selector,good,,2026-06-29T12:01:35+00:00
ed0b93fc-fe3d-47dc-8d89-ec9c1d6b1fb5,0,0,0,37,,,broken,connection failed,2026-06-29T12:01:35+00:00
3b820068-4b08-4de3-95da-7d79d2d0f28e,200,1,1,645,WordPress,Napa Valley Restaurants | Meadowood Napa Valley Dining,good,,2026-06-29T12:01:35+00:00
f0270c7e-ddce-458a-8f8b-6d6f08453797,409,0,1,126,,DNS resolution error | allenperformance.m1scrm.com | Cloudflare,broken,,2026-06-29T12:01:36+00:00
67244f11-debc-4432-badb-7d757ef0c05e,0,0,0,83,,,broken,connection failed,2026-06-29T12:01:36+00:00
97fccc70-0241-40a5-a78b-2c9877cc5390,404,1,1,1119,WordPress,Graton Resort &amp; Casino | California&#x27;s Premier Gaming Destination,broken,,2026-06-29T12:01:36+00:00
4cf677e0-11fb-4c36-a9af-6c0e11da204c,200,1,1,161,,"Shop: Appliances, Tools, Clothing, Mattresses &amp; More",good,,2026-06-29T12:01:36+00:00
235e4860-aee2-483b-82a8-971fcf7e3c28,200,0,0,71,,,weak,,2026-06-29T12:01:36+00:00
e50305d7-05e0-49a7-b84a-97ee8e9dee62,200,1,1,143,Wix,"J.B.Delicious/JMRosenCheesecakes | Desserts | California, USA",good,,2026-06-29T12:01:36+00:00
06349360-66f1-413c-b870-b031cb201c2f,200,0,0,51,,NameBright - Coming Soon,weak,,2026-06-29T12:01:36+00:00
c34c0d0a-4174-46ed-8a3c-ac79980111a2,202,0,0,134,,,weak,,2026-06-29T12:01:36+00:00
0ec49fe6-2682-4912-846a-5bb8937eea42,200,1,1,1182,WordPress,PEP Housing &#8211; Building community from the heart,good,,2026-06-29T12:01:36+00:00
7af7c97a-b784-45da-a61b-98db77b5f8f6,0,0,0,33,,,broken,connection failed,2026-06-29T12:01:36+00:00
a467e30f-d324-4a89-b6fb-4a4475975522,200,1,1,259,Squarespace,Bennett Valley Grape Growers,good,,2026-06-29T12:01:36+00:00
889c67cb-497e-49a6-af8b-f1b13881d46c,200,1,1,158,Squarespace,Roadside BBQ,good,,2026-06-29T12:01:37+00:00
e2b670a0-2b1c-4359-9f3f-9c28a2e65b00,404,0,1,197,WordPress,Error 404 Network,broken,,2026-06-29T12:01:37+00:00
8551531c-7f42-4ba2-bd53-ff90a65612ac,0,0,0,10017,,,broken,connection failed,2026-06-29T12:01:37+00:00
3f69d365-90f3-4156-8329-0cae94f3f5bb,200,1,1,558,WordPress,lionth คาสิโนออนไลน์ ค่ายครบวงจร อันดับ 1 เว็บตรงมาตรฐานสากล,good,,2026-06-29T12:01:37+00:00
97acc22d-63ca-4195-909a-4db47552d90b,200,1,1,4213,WordPress,Wolf Run Vineyards &#8211; Wolf Run Vineyards,weak,,2026-06-29T12:01:37+00:00
6fec6c19-5790-430b-a4ff-dc1962e17865,0,0,0,37,,,broken,connection failed,2026-06-29T12:01:37+00:00
f75755bb-ce39-449e-bc17-8fdf4704902f,0,0,0,53,,,broken,connection failed,2026-06-29T12:01:37+00:00
4720aa39-3a79-4a3f-808c-07c9537626fb,200,0,1,526,,Contact Verification Suspension Page,weak,,2026-06-29T12:01:38+00:00
605ac62f-c031-4305-8974-73330290a162,200,1,1,1167,,Catrina's Barber Shop - Petaluma CA | Vagaro,good,,2026-06-29T12:01:38+00:00
abd75e6c-9ecf-4b1b-8ee2-d1b544e0cd19,200,0,0,121,,,weak,,2026-06-29T12:01:38+00:00
38965dfe-740c-4db0-9c6e-0afc8356bad6,0,0,0,83,,,broken,connection failed,2026-06-29T12:01:38+00:00
bf86559c-32c1-496f-a80a-0cd2ee86709f,404,1,0,531,Shopify,This store is unavailable,broken,,2026-06-29T12:01:38+00:00
7d47e50b-8fa8-4ae2-81b3-5d1441de275e,200,0,0,244,GoDaddy,Home,weak,,2026-06-29T12:01:38+00:00
fc1397ab-fc4d-4aed-92a8-de7a656d3e70,200,1,1,2188,WordPress,Costeaux Petaluma - Costeaux,good,,2026-06-29T12:01:38+00:00
e00fa8b7-a02a-4581-af7f-b0e0f5f23c9a,200,0,0,154,,,weak,,2026-06-29T12:01:38+00:00
2fa227d0-ebec-4883-8f76-709ae01c5e70,200,1,1,5055,WordPress,William Gordon Winery Wine Club,weak,,2026-06-29T12:01:38+00:00
b68551a7-9bec-44dd-b101-34fe03b405ca,0,0,0,15,,,broken,connection failed,2026-06-29T12:01:38+00:00
ae6da096-4141-4b4c-989d-8008d8be5354,0,0,0,35,,,broken,connection failed,2026-06-29T12:01:38+00:00
6781709f-ee07-4dc2-93cd-d37c4d12bf5c,200,1,1,87,Squarespace,Old Caz Beer Logo | Join the Celebration Today,good,,2026-06-29T12:01:38+00:00
e30675b8-0dd3-47ba-8531-85a02735fa56,202,1,0,112,,,weak,,2026-06-29T12:01:38+00:00
5b959807-f45b-47c1-af18-1b6de912a92c,200,1,1,184,,"Dunkin&#39;® | America&#39;s Favorite Coffee, Espresso and Donuts | Dunkin&#39;® | Dunkin&#39;®",good,,2026-06-29T12:01:38+00:00
d4f3ef02-81c0-4312-bc80-e0e3d9514b66,200,1,1,323,,"Home Healthcare and Medical Staffing Services in Santa Rosa, CA | Interim HealthCare",good,,2026-06-29T12:01:38+00:00
f67bfa12-fd7a-4667-8127-dacbae8daba2,0,0,0,15104,,,broken,timeout,2026-06-29T12:01:38+00:00
01df97a1-645e-49bf-af52-c27ffcbd19e0,200,0,0,123,,,weak,,2026-06-29T12:01:38+00:00
0ecc7328-83ba-49b8-a6f8-eaaf39b7ad58,200,0,1,4252,WordPress,jolerestaurant ~ Situs Judi Online Casino Live | Terpercaya 2021,weak,,2026-06-29T12:01:39+00:00
f3b48d7e-8ac1-40c0-aeca-079f070bbef2,200,1,1,410,GoDaddy,HOME,good,,2026-06-29T12:01:39+00:00
eae393e0-b2d4-4361-b189-9769bf425d83,200,1,1,340,,"Kids, Toddler &amp; Baby Clothes | Gymboree",good,,2026-06-29T12:01:39+00:00
f04999a3-fef3-46a6-98b8-3c6550db30ff,200,1,1,1373,Wix,INICIO | Misitio,good,,2026-06-29T12:01:39+00:00
d3e7798d-eec3-4d8a-bc30-d8df523989fb,200,1,1,189,,OshKosh B&#x27;gosh Children&#x27;s Clothing | Carter&#x27;s,good,,2026-06-29T12:01:39+00:00
7d366f1b-f707-4825-a8bc-d64abdb9a823,200,0,0,113,,,weak,,2026-06-29T12:01:39+00:00
9f4c2731-5579-4668-855a-1a1243b90261,200,1,1,151,Squarespace,"Chiropractic, Brainspotting, Transformational Coach, CranioSacral Mind-Body Novato, Marin County, North Bay, California",good,,2026-06-29T12:01:39+00:00
a9c8c9c3-9a59-406b-aa10-d4d1950c223d,404,0,0,190,,Not Found,broken,,2026-06-29T12:01:39+00:00
8214f3c4-d94a-4c40-932f-f0e4f8dc0f0a,200,1,1,703,WordPress,North Bay - Just Between Friends,good,,2026-06-29T12:01:39+00:00
73e65155-5c91-43cb-9a99-698203b8498d,0,0,0,81,,,broken,connection failed,2026-06-29T12:01:39+00:00
c096bf79-cf82-4037-9e36-54e8d9756a4d,0,0,0,94,,,broken,connection failed,2026-06-29T12:01:39+00:00
e814f3a3-a980-4a19-be77-662603cc2e6d,200,1,1,541,Shopify,Avid Coffee,good,,2026-06-29T12:01:39+00:00
bccfe45b-85c8-479f-a0ff-d75b71eb23f2,0,0,0,15182,,,broken,timeout,2026-06-29T12:01:39+00:00
8b28fe81-5526-40a1-841e-d27e172fefec,200,1,1,1397,Wix,Chinese Medicine | GuChi,good,,2026-06-29T12:01:40+00:00
d3a95ed1-be39-4854-a47d-dfd27e81ccf3,404,1,1,1411,,"Oops, Something Went Wrong | Santa Rosa Junior College",broken,,2026-06-29T12:01:40+00:00
b7a99252-34b0-4d0b-8f70-227a824d9d58,200,0,0,303,,Home Page for EJ-588 Hair Studio,weak,,2026-06-29T12:01:40+00:00
1dcc3823-38fb-4296-88f2-e821f5c1f47e,0,0,0,1142,,,broken,connection failed,2026-06-29T12:01:40+00:00
43388cc7-2f9f-4886-997d-c179e8305a31,200,1,1,420,WordPress,Lytles,good,,2026-06-29T12:01:40+00:00
8ec95223-884e-467f-818a-ca75e4a31b85,200,1,1,386,,Sally Beauty,good,,2026-06-29T12:01:40+00:00
d0285a92-13b3-4426-92a5-f4dd9088f685,202,0,0,414,,,weak,,2026-06-29T12:01:40+00:00
e063d621-2ae7-4ae7-8ac4-511f05438a7b,200,1,1,1828,WordPress,"Chiropractor in Healdsburg, CA | Carr Chiropractic INC",good,,2026-06-29T12:01:41+00:00
484f4b5a-963e-4ecd-898d-01baa7f9a2d7,200,1,1,2856,WordPress,Contact - Sheer Beauty by Heather,good,,2026-06-29T12:01:41+00:00
9c1c109c-78dc-4fdc-8193-8336d02c088a,200,1,1,104,Webflow,"Downs Simone Dds, Teeth Whitening Product, 1206 Farmers Ln",good,,2026-06-29T12:01:41+00:00
3d8cf91e-d3db-4163-8630-2479bc6c2188,200,1,1,1637,Shopify,Taylor Lane: Premium Organic Coffee | Sonoma County,good,,2026-06-29T12:01:41+00:00
bba25e51-2c18-4533-8c0c-c96bed1473e5,409,0,1,191,,DNS resolution error | www.dds-staffing.com | Cloudflare,broken,,2026-06-29T12:01:41+00:00
8ccdfe2b-cdb9-431b-8791-4d645521a2d4,0,0,0,37,,,broken,connection failed,2026-06-29T12:01:41+00:00
1a989128-8681-4a61-9947-a6864b1fbc54,200,1,1,1068,,California Board of Barbering and Cosmetology,good,,2026-06-29T12:01:41+00:00
bc74d3a1-d9c4-4868-9f0b-7f44a71747db,200,1,1,164,WordPress,"Hello Ortho | Orthodontist in Napa &amp; Petaluma, CA",good,,2026-06-29T12:01:41+00:00
ed6c6028-90af-4483-abe9-c28df58de5a1,200,1,1,230,Webflow,"Dentist in Santa Rosa, CA | Santa Rosa Dental Suite",good,,2026-06-29T12:01:41+00:00
2b842c3a-1609-4ff6-9dfb-6539ed60fbd9,200,1,1,221,WordPress,"Orthodontist in Sonoma | Laurent Orthodontics | Braces, Invisalign",good,,2026-06-29T12:01:41+00:00
186c865a-d913-4f51-b95f-f70cd8562ee7,200,1,1,186,,Home | ParkPlaza,good,,2026-06-29T12:01:41+00:00
4b0ab57e-4d84-4236-af01-29db5af60c85,200,1,1,1742,WordPress,Happy Nails &#8211; Nails and Spa Salons,good,,2026-06-29T12:01:41+00:00
b9909522-b6c4-45cd-a36b-fc6952637715,403,0,0,23,,Access Denied,broken,,2026-06-29T12:01:41+00:00
06ab21ce-1988-4f9f-9460-145564a0c735,200,1,1,1000,,Cotati Chamber of Commerce,good,,2026-06-29T12:01:41+00:00
1221e759-9b20-424a-896d-8f00ecd41e28,200,1,1,624,,Information | Dental Programs,good,,2026-06-29T12:01:41+00:00
930a11bf-7641-4adb-a228-946124e8273f,200,1,1,550,WordPress,Santa Rosa Dentistry - Trusted Dentist Near You,good,,2026-06-29T12:01:42+00:00
993824e8-0b3f-4ff7-9126-533b226f81eb,200,0,0,349,,"Santa Rosa attorney, Sonoma Law offices of Robin Estes",weak,,2026-06-29T12:01:42+00:00
80230275-60da-45b3-b649-e92431faddf9,200,1,1,72,WordPress,Phillips 66® Gas Stations | Quality Fuel Near You | Phillips 66,good,,2026-06-29T12:01:42+00:00
c4949851-7b8a-4d32-975f-81d3b0016be6,403,1,1,385,,Just a moment...,broken,,2026-06-29T12:01:42+00:00
6cf64c4e-42c3-495b-8388-3f72b8022d42,200,1,1,1843,Webflow,Home - SunRidge School,good,,2026-06-29T12:01:42+00:00
0c202bdc-4d94-43fa-89f5-8b0af58e1297,0,0,0,257,,,broken,"ssl: HTTPSConnectionPool(host='www.cdph.ca.gov', port=443): Max retries exceeded with url: / (Caused by S",2026-06-29T12:01:42+00:00
32aee904-f648-47e8-8ef7-ea25b2be7540,403,1,1,250,,Just a moment...,broken,,2026-06-29T12:01:42+00:00
b63e2136-a9aa-446d-9e5b-a308485b4fe7,200,0,0,119,,,weak,,2026-06-29T12:01:42+00:00
b293f09c-1601-416d-ab0e-48f5480bb0cc,404,0,1,348,,404 Not Found,broken,,2026-06-29T12:01:42+00:00
13c03b27-ad66-419e-9047-3c6d1e34f1ff,200,1,1,650,,Homepage | OSP | VIAVI Solutions Inc.,good,,2026-06-29T12:01:42+00:00
655d9aba-34e8-4fd1-86c6-a73293c9fe9f,0,0,0,15097,,,broken,connection failed,2026-06-29T12:01:42+00:00
aa0d14b4-c707-42af-ae99-067e40b4e3d8,0,0,0,536,,,broken,"ssl: HTTPSConnectionPool(host='www.tipstritip.com', port=443): Max retries exceeded with url: / (Caused b",2026-06-29T12:01:42+00:00
59685ba0-7eff-448e-bf4f-dc1028206a34,200,1,1,307,,Mediterranean Cuisine: Food of Civilizations - Restaurantanatolia.com,good,,2026-06-29T12:01:43+00:00
65318a0f-edaa-4f0b-bb50-9e50b714ad94,200,1,1,105,Webflow,"Bob&amp;#39;s Hair Styling - Nave Annex, Barber, 1553 S Novato Blvd Ste H",good,,2026-06-29T12:01:43+00:00
0bccf988-5e05-4046-8480-ae71fb717e00,200,1,1,1808,WordPress,"Dentist in Santa Rosa, California - 1144 Sonoma Avenue 108 | Western Dental",good,,2026-06-29T12:01:43+00:00
c7923180-ea6a-43b6-8d40-dacf3780a523,200,1,1,1911,WordPress,Orthodontist Santa Rosa - Victoria Lynskey Orthodontics,good,,2026-06-29T12:01:43+00:00
99ca443e-fe57-43c2-a3eb-ba80888f8f2c,200,1,1,137,Webflow,"Tempo Styling Salon and Nail, Beauty Salon, 500 Mission Blvd Ste C",good,,2026-06-29T12:01:43+00:00
859aee28-c3e6-47b8-b0f9-f39046d9313e,0,0,0,81,,,broken,connection failed,2026-06-29T12:01:43+00:00
cd208ba2-51e1-45a6-9a8f-5ea41ca7fd22,200,1,1,342,WordPress,Best Hair Salon Dallas TX | Hair Color Experts - Salon D,good,,2026-06-29T12:01:43+00:00
35cf8bc0-87f8-4e44-8438-1e3f99ceb4c2,400,0,0,1058,,Invalid URL,broken,,2026-06-29T12:01:43+00:00
c1a926c9-5d79-48e8-ad12-89fe5d3c7926,403,1,0,65,,Access Denied,broken,,2026-06-29T12:01:43+00:00
ddd8438a-8bb5-47d5-bb8e-2ddf70cde0bb,200,1,1,3351,WordPress,North Bay Children&#039;s Center: Early Care &amp; Education Since 1988,good,,2026-06-29T12:01:43+00:00
5a392300-7d47-4b5c-b68c-b4a9451b632d,403,1,1,317,,Hilton Page Reference Code,broken,,2026-06-29T12:01:43+00:00
6576d348-8210-4022-b265-d59ae5dca151,200,1,1,172,,Healdsburg Hotels | The Lodge at Healdsburg,good,,2026-06-29T12:01:43+00:00
f26c39fe-0d60-4526-9b80-15d7b1f7adfb,404,0,0,307,Squarespace,Squarespace - Domain Not Claimed,broken,,2026-06-29T12:01:44+00:00
2a6748e8-c66c-4153-8f3a-d957446dc9e6,200,1,1,420,WordPress,"Healdsburg CA Hotels, Sonoma Luxury | Montage Healdsburg",good,,2026-06-29T12:01:44+00:00
0c53d31f-f774-4319-b79b-de479198d63b,200,1,1,1874,,"Dr. Forstadt - Dentist in Sonoma, CA",good,,2026-06-29T12:01:44+00:00
722ab302-00ba-47cf-b3a1-0eadee686828,200,1,1,1764,,"Welcome | Petaluma, California | Dr. Oscar Ventanilla",good,,2026-06-29T12:01:44+00:00
6ec2faad-c7d3-4bf5-8b0f-475b257b04d3,0,0,0,22,,,broken,connection failed,2026-06-29T12:01:44+00:00
8992576d-8cd6-4eea-b649-d86acbb38c46,200,1,1,454,WordPress,Home | Hoffman Institute US,good,,2026-06-29T12:01:44+00:00
1db56c91-b42e-4ea5-a147-db99570ae1fc,200,0,0,72,,,weak,,2026-06-29T12:01:44+00:00
6c739df5-04b0-4738-964a-0c68a76c3c0f,200,1,1,432,,Restaurants &amp; Bars in Sonoma - Fairmont Sonoma Mission Inn &amp; Spa,good,,2026-06-29T12:01:44+00:00
45cc527b-5915-4ddf-9e12-c52214f1d7da,200,0,1,2160,,Home - Prickett&#39;s Nursery,weak,,2026-06-29T12:01:44+00:00
82d5780f-982d-4547-9a50-7d19ef1d6eac,404,1,0,800,,,broken,,2026-06-29T12:01:44+00:00
bbe887dd-bfd2-4f3e-aa4a-eb456d0aba1a,200,1,1,204,,"Fashion Jewelry in Fairlawn - Summit Mall or 3265 West Market Street, Ste. 172 A | Zales",good,,2026-06-29T12:01:44+00:00
8fbf8a4f-a3d9-4939-8150-8e44a8b56c11,202,0,0,216,,,weak,,2026-06-29T12:01:44+00:00
a48b2dcd-cf43-4b6a-b94a-ff3484904fb0,200,1,1,327,Wix,Jewelry | Jewelsbyfrancine,good,,2026-06-29T12:01:44+00:00
4ca28606-b9e0-4667-82be-be8d50198d48,0,0,0,174,,,broken,connection failed,2026-06-29T12:01:44+00:00
72f0451b-3268-4681-b215-f21723204e3a,0,0,0,34,,,broken,connection failed,2026-06-29T12:01:44+00:00
60726d87-dade-4d68-bcce-a02ff3c502db,0,0,0,82,,,broken,connection failed,2026-06-29T12:01:44+00:00
3cdeb902-0abf-465e-b233-57b790b6dcd1,200,1,1,211,Squarespace,North Bay Wellness,good,,2026-06-29T12:01:44+00:00
421c7054-0bcb-447e-a3ed-6007ed16e35d,200,1,1,251,,Ashley White,good,,2026-06-29T12:01:44+00:00
58ce5e53-1028-4a0b-b9df-ba49862f224a,200,1,1,570,,"Home | Santa Rosa, California | Toyo Restaurant",good,,2026-06-29T12:01:44+00:00
0ae5a6b1-dd1f-4d3b-b475-c0b9d9d179fd,200,1,1,94,Webflow,"Quezada Market, Grocery Stores, Supermarket, 350 Rowland Blvd",good,,2026-06-29T12:01:44+00:00
b8cfa7b4-b820-448e-8665-fa69082afee8,500,1,0,594,,,broken,,2026-06-29T12:01:45+00:00
1e12a77c-c49c-4104-96a1-e2b27eac33e0,200,0,0,73,,,weak,,2026-06-29T12:01:45+00:00
6d59b949-93a4-4b24-8c05-a115479071a1,0,0,0,35,,,broken,connection failed,2026-06-29T12:01:45+00:00
700f8e13-539b-4c0f-bc3b-a1cd688b3b6e,0,0,0,35,,,broken,connection failed,2026-06-29T12:01:45+00:00
3477e2d4-53d7-4e7c-a919-5e180467c6b5,404,1,0,944,,Hyatt Hotels and Resorts,broken,,2026-06-29T12:01:45+00:00
6eda04e1-fc42-40da-b198-791591c9d2c0,200,1,1,426,,La Hacienda Taqueria & Brewery San Rafael,good,,2026-06-29T12:01:45+00:00
f114b7e1-b1ad-4ba9-83e8-18d7e8a24e30,0,0,0,82,,,broken,connection failed,2026-06-29T12:01:45+00:00
2a29e486-887b-4fa6-b92b-26a3382490e1,0,0,0,34,,,broken,connection failed,2026-06-29T12:01:45+00:00
62f700a4-9437-450f-a17a-d32a2484ae52,200,1,1,412,GoDaddy,Wine Country Pet Boutique &amp; Spa - Home,good,,2026-06-29T12:01:45+00:00
39cf52ef-b4d8-44ad-ada0-fe593fb30e7c,200,1,1,590,,"Bloomingnail&#39;s is a Nail Salon in Petaluma, CA 94954",good,,2026-06-29T12:01:45+00:00
5c2d9484-567e-4be0-9a6b-ab4c260c1c69,200,0,0,46,,,weak,,2026-06-29T12:01:45+00:00
16119158-11dc-4bd2-b51e-86e8c2eb01dd,404,1,1,2217,WordPress,Page not found - WebSta.ME,broken,,2026-06-29T12:01:45+00:00
1754452e-9198-4a59-a298-5bdd9af37afc,200,1,1,874,,"Mariscos El Cora is a Mexican Food Truck in Santa Rosa, CA 95407",good,,2026-06-29T12:01:45+00:00
f0e2a8f8-56d9-48fe-a385-7da3ce236dcc,200,1,1,701,WordPress,Puppyluv Academy &#8211; Puppyluv Academy,good,,2026-06-29T12:01:45+00:00
5570287c-0846-4623-8dc2-c15879d1c9c7,200,1,1,882,WordPress,Fit N Furry Pet Resort - Pet Services in Petaluma CA,good,,2026-06-29T12:01:45+00:00
254197c0-42b2-47b5-a059-856d26fe0f14,200,1,1,217,,Avignon - Santa Rosa Homes,good,,2026-06-29T12:01:45+00:00
01160c16-8dbd-4ffc-ad82-55a7235d2591,200,1,1,187,Wix,Vineyards for Sale in California | Cru Land Company,good,,2026-06-29T12:01:45+00:00
cfb0c932-a374-4f05-acbe-8dbc2de2483c,200,1,1,313,WordPress,Krispy Krunchy Chicken | Fresh Fried Chicken Near You,good,,2026-06-29T12:01:45+00:00
88e49382-54a4-4c54-98c2-add03fe885a2,0,0,0,85,,,broken,connection failed,2026-06-29T12:01:46+00:00
17f82dfc-b392-4790-9cdb-158a451fe54a,200,1,1,346,WordPress,Simple and satisfying rental experiences for all - PURE Property Management of California,good,,2026-06-29T12:01:46+00:00
0df3eab7-fe68-4b1b-81e0-7bd4791e136e,403,1,1,204,,Just a moment...,broken,,2026-06-29T12:01:46+00:00
6c0b3cae-20b3-41bd-bb7d-97eef38d1067,0,0,0,12,,,broken,connection failed,2026-06-29T12:01:46+00:00
66e693e9-897c-4462-b22d-7a83c9491449,0,0,0,84,,,broken,connection failed,2026-06-29T12:01:46+00:00
74f9f9f6-2a97-4389-b565-c3ca9ee7db49,200,1,1,109,Webflow,"Amy&amp;#39;s Kitchen, Restaurant, 3000 Dutton Ave",good,,2026-06-29T12:01:46+00:00
c01571d4-9a23-4986-a64b-397e5ee63d62,200,1,1,135,Webflow,"Lavelle Village, Government, 165 Lavell Village Cir",good,,2026-06-29T12:01:46+00:00
007b0f1d-df94-4f97-94d8-f4b5a870d802,0,0,0,378,,,broken,connection failed,2026-06-29T12:01:46+00:00
c393ff6c-1482-4aa7-902c-4c6a938e24bb,0,0,0,144,,,broken,connection failed,2026-06-29T12:01:46+00:00
cbf1d5dd-a139-479d-bf25-65d795f42c38,0,0,0,138,,,broken,"ssl: HTTPSConnectionPool(host='locations.jambajuice.com', port=443): Max retries exceeded with url: /ca/p",2026-06-29T12:01:46+00:00
e4942249-1d7a-4d52-9a54-9fcd37949122,0,0,0,10,,,broken,connection failed,2026-06-29T12:01:46+00:00
1cdea88a-ec88-48d3-9197-a7fbeb09011c,200,1,1,165,,All Massage Envy Locations | Facials | Massage Therapy,good,,2026-06-29T12:01:46+00:00
dcd00a43-6bc5-417d-bfd0-c4adbbe69177,200,1,1,414,,Marin Housing Authority,good,,2026-06-29T12:01:46+00:00
8d0f4cd0-f9b2-4d64-afcd-d64381b579d0,404,1,1,814,,,broken,,2026-06-29T12:01:46+00:00
10a4ddf9-66e2-4c56-a1d7-712cb0f4723c,200,1,1,326,,King88bet ♠️ Kingbet Pusat Game Slot Zeus Resmi Pilihan Game Slot88 Terkuat,good,,2026-06-29T12:01:46+00:00
e27134f6-bfb5-42c6-b4c2-bcf666550454,0,0,0,88,,,broken,connection failed,2026-06-29T12:01:46+00:00
a366495c-bb22-481d-913f-0f5a1dcf465d,200,1,1,2057,,Finest Mexican Restaurant - El Rodeo Mexican Restaurant,good,,2026-06-29T12:01:47+00:00
14623749-48b3-49a0-9120-5a5eb3656ef6,200,1,1,1643,,Custom Care &amp; Coverage Just For You | Kaiser Permanente,good,,2026-06-29T12:01:47+00:00
e13a7725-593a-4aea-a567-4619b5d655b0,200,1,1,358,GoDaddy,Veronica Passalacqua,good,,2026-06-29T12:01:47+00:00
3bdb2000-4579-4e3e-84b9-b462a4a7407f,0,0,0,136,,,broken,connection failed,2026-06-29T12:01:47+00:00
3334688f-5d22-4bc6-a3ba-19c591186d98,200,0,1,86,Squarespace,Tian Yuen Restaurant,weak,,2026-06-29T12:01:47+00:00
ca250b5f-0e1a-4802-bf87-a5aea2f11fd4,0,0,0,795,,,broken,connection failed,2026-06-29T12:01:47+00:00
6f7252c1-e8fc-4b4e-9e5a-2835b633c19b,200,1,1,257,WordPress,"Alpha Omega Winery | Rutherford Bench, St. Helena, Napa Valley",good,,2026-06-29T12:01:47+00:00
e611a8ff-087a-45ca-ba55-d6430bd07771,0,0,0,35,,,broken,connection failed,2026-06-29T12:01:47+00:00
e3eebe24-cbf8-49ea-b9ec-5ac33913c83a,202,0,0,490,,,weak,,2026-06-29T12:01:47+00:00
2310cfc6-f4ba-45a6-aac5-0c4055eb9b11,200,1,1,421,WordPress,Singer Wine &#8211; Baker Lane Estate,good,,2026-06-29T12:01:48+00:00
2e05a733-e387-4b08-ae0e-6228f856821b,200,1,1,2578,,Rosso Pizzeria & Wine Bar - Gourmet Pizza Perfection,good,,2026-06-29T12:01:48+00:00
66cea04a-5bdf-4238-b8d4-0f49f06aad8c,200,1,1,372,Shopify,Beaulieu Vineyard,good,,2026-06-29T12:01:48+00:00
3a17e78c-c21d-4045-8921-c228e3dbb712,200,1,1,1056,WordPress,Vine Hill House at O&#039;Connell Vineyards | Sonoma Wine Country Weddings,good,,2026-06-29T12:01:48+00:00
f77be35f-87c6-4c31-8161-3375363f614a,200,1,1,1021,Shopify,Windsor Vineyards,good,,2026-06-29T12:01:48+00:00
4cfb216c-5af7-4871-86e4-1af44be50c40,0,0,0,82,,,broken,connection failed,2026-06-29T12:01:48+00:00
5fb2bb80-d3ef-404d-9a6a-a59379e0adce,200,1,1,125,Squarespace,Carlisle,good,,2026-06-29T12:01:48+00:00
e209a723-1fd9-459d-b05e-1428dd143bb4,403,1,1,147,,Just a moment...,broken,,2026-06-29T12:01:48+00:00
099bcdb0-4bcf-45ad-952f-0f7272784c70,0,0,0,83,,,broken,connection failed,2026-06-29T12:01:48+00:00
5b5e4136-e914-427f-b4b9-a9610fcf5977,200,1,1,47,,Gallo,good,,2026-06-29T12:01:48+00:00
e9dc5aa8-6d37-4351-b0ee-61f5aaca465a,200,1,1,139,Squarespace,GALLICA,good,,2026-06-29T12:01:48+00:00
eb04ec7b-2878-4197-9421-4c71d810b53b,200,1,1,43,,Shop Napa Valley Wine | Tours and Tastings | Napa Valley | HALL Wines,good,,2026-06-29T12:01:48+00:00
91304c55-204b-4b2c-8065-e646f7cf41c7,200,1,1,366,WordPress,Home - Beckstoffer Vineyards,good,,2026-06-29T12:01:48+00:00
4110cb04-1875-4771-9b29-6c112ed9344a,200,1,1,244,Squarespace,Finnella Cellars,good,,2026-06-29T12:01:48+00:00
96a6b745-f827-41a3-a1ff-31490bd70b57,200,1,1,266,WordPress,Home - Favia Wines,good,,2026-06-29T12:01:48+00:00
2d08df72-1971-46f4-85dd-0891395a987f,200,1,1,45,Drupal,Home | Cambria Estate Winery: Santa Barbara County Wines,good,,2026-06-29T12:01:48+00:00
da8e1c35-ad16-40bc-8289-0904f34f65f6,202,0,0,253,,,weak,,2026-06-29T12:01:48+00:00
e14e34b4-d1a6-4f7e-b7c3-d277d5e67926,200,0,0,402,,Grebennikoff Vineyards - Home of the Fire Engine Red,weak,,2026-06-29T12:01:48+00:00
96522949-2665-46b5-9ac2-b6807d9a2f57,200,1,1,380,Drupal,"Kendall-Jackson Wines | California-Grown, Family-Owned",good,,2026-06-29T12:01:48+00:00
5be168ce-bc41-4f2c-9ace-dbb302065dab,0,0,0,82,,,broken,connection failed,2026-06-29T12:01:48+00:00
416be7f8-996e-40d1-a779-4a309605f278,200,0,1,2068,WordPress,The Hole Thing,weak,,2026-06-29T12:01:48+00:00
228cf944-2d2c-40da-8f5b-feef76117e82,200,0,0,544,,Joseph Family Vineyards,weak,,2026-06-29T12:01:48+00:00
d1a323f0-766a-43bb-a463-969104e4891b,0,0,0,66,,,broken,connection failed,2026-06-29T12:01:48+00:00
d3deb04b-2235-48cd-b65f-abfbf1812ee5,200,1,1,266,WordPress,Home - Ménage à Trois Wines,good,,2026-06-29T12:01:48+00:00
ef6db149-0a16-4ea2-a1ee-4b6bd12a3d88,200,1,1,443,Shopify,Mount Veeder Winery | Mount Veeder Winery,good,,2026-06-29T12:01:49+00:00
c9abcb18-d784-4ee6-bc12-6b38979aab04,200,1,1,317,WordPress,Home - Phifer Pavitt,good,,2026-06-29T12:01:49+00:00
d761c2e0-d0c6-4a6a-bbb7-699dd7346630,200,1,1,694,WordPress,"Pastori Winery &#8211; Cloverdale, CA | Sonoma",good,,2026-06-29T12:01:49+00:00
1f3df721-9ed0-4db2-bedc-463ee7e60b74,202,0,0,269,,,weak,,2026-06-29T12:01:49+00:00
505fd66b-b751-4abf-a726-f8ec67e5d752,200,1,1,259,Wix,Rocking Z | United States | Shippey Vineyardspey Vineyards,good,,2026-06-29T12:01:49+00:00
ff681b9f-f914-4e3d-a443-9f737ae1fb3c,200,1,1,672,,"Welcome to Pott Wine - World-renowned winemaker Aaron Pott's eponymous wine label, featuring Pott's Mt. Veeder estate wines, single-vineyard designates from appellations in Napa and beyond.",good,,2026-06-29T12:01:49+00:00
e823c541-8f17-43f6-8246-817317f46084,200,0,0,241,,InMotion Hosting,weak,,2026-06-29T12:01:49+00:00
a5507988-9746-40d9-a8e1-f698e44d53c1,200,1,1,232,WordPress,Home - Sonocaia Estate Vineyard,good,,2026-06-29T12:01:49+00:00
f2eab444-c93d-47f5-999d-9f59afb2e303,200,0,1,915,,乐鱼网页版登录入口-乐鱼(中国),weak,,2026-06-29T12:01:49+00:00
e4323fed-83c0-46f1-a85c-b52cb79b7a8b,200,1,1,1447,WordPress,Larkin Wines - Napa Valley Wines In Bottles and Cans,good,,2026-06-29T12:01:49+00:00
ad2a9630-e9ff-4621-990f-b6299bcdb7fe,200,1,1,509,Shopify,"Silver Oak Cabernet Sauvignon Wines, Napa and Alexander Valley &ndash; Silver Oak Cellars",good,,2026-06-29T12:01:49+00:00
f34330b9-0e17-44f1-8236-7725cd740cbb,200,1,1,103,Webflow,"Lail Vineyards, Wine Manufacturer, 1127 Pope St Ste 301",good,,2026-06-29T12:01:50+00:00
f9ec9645-2753-4c68-bc7b-795629338136,200,1,1,260,Squarespace,LOLA,good,,2026-06-29T12:01:50+00:00
43136998-4704-4807-b3cd-bc77881c8e27,0,0,0,36,,,broken,connection failed,2026-06-29T12:01:50+00:00
337aece8-86e8-4e08-8fde-a238f5f081ca,0,0,0,183,,,broken,connection failed,2026-06-29T12:01:50+00:00
87b80f97-69df-46fe-9143-665aeeb682cb,0,0,0,87,,,broken,connection failed,2026-06-29T12:01:50+00:00
b23190d7-a752-4126-8ed5-3993b73a7ab5,404,0,1,973,WordPress,Page not found &#8211; Sky Pine Vineyards,broken,,2026-06-29T12:01:50+00:00
887c3cdb-23e3-45dd-812f-5532be037e60,200,1,1,553,Webflow,Home - Usibelli Vineyards,good,,2026-06-29T12:01:50+00:00
6a128c15-e6f7-4e6e-8eaa-a4daf4bc2db1,403,0,0,61,,etsy.com,broken,,2026-06-29T12:01:50+00:00
62108437-1551-47fe-a499-d7ba9653e69c,200,1,1,190,Squarespace,Cowpoke Cafe,good,,2026-06-29T12:01:50+00:00
ddca1ebb-b71e-4d60-b45b-ca956f443aab,200,0,1,4860,WordPress,Mortgage Broker Santa Rosa CA | 707-595-8150 Call Now,weak,,2026-06-29T12:01:50+00:00
68c614b9-479a-408b-bbbc-eba59eef0f84,200,1,1,339,,"Petaluma News, Breaking News in Petaluma, CA",good,,2026-06-29T12:01:50+00:00
c3dd681c-3540-4da1-b1f9-94e5270bc0dc,404,1,1,405,WordPress,Page not found - Healdsburg Chamber,broken,,2026-06-29T12:01:50+00:00
f5bba0cc-64f7-4fdb-a942-673d4709dccb,0,0,0,15110,,,broken,connection failed,2026-06-29T12:01:50+00:00
b891bfec-3050-4269-81c4-a1b1e064efa0,0,0,0,35,,,broken,connection failed,2026-06-29T12:01:50+00:00
96c3bf2c-9d00-47f6-9dd5-4078536edba3,0,0,0,22,,,broken,connection failed,2026-06-29T12:01:50+00:00
39038f67-3fb7-4988-8dc6-92520e35ab1d,200,1,1,879,Shopify,Yount Ridge,good,,2026-06-29T12:01:50+00:00
22e5b57b-0b67-4a16-99ed-09864a1eef64,0,0,0,15282,,,broken,connection failed,2026-06-29T12:01:51+00:00
cdfd89c2-757e-4a67-ada8-251fbbc33ec9,200,1,1,446,GoDaddy,Energy Efficiency - The Energy Alliance Association (TEAA),good,,2026-06-29T12:01:51+00:00
74768b02-0358-45fc-ba52-4768836cec3e,200,1,1,1296,WordPress,Homepage - Wallis Estate,good,,2026-06-29T12:01:51+00:00
95aa017e-4744-468d-b39c-1258f4509dfb,200,1,1,763,,Division 7 Reps Home Page,good,,2026-06-29T12:01:51+00:00
a2a11c2c-abbe-4cea-81e1-24d83976ceab,200,1,1,463,WordPress,Enriquez Auto Group,good,,2026-06-29T12:01:51+00:00
dcfed982-d304-4798-b252-b42ded5ac694,200,1,0,221,,Mom's Apple Pie,weak,,2026-06-29T12:01:51+00:00
0e259fbf-2446-4701-9977-d5a9f2089185,200,1,1,731,,Concentric | Critical &amp; Forklift Power Solutions,good,,2026-06-29T12:01:51+00:00
a5e0a710-e214-4680-8e42-c68b410421c0,200,1,1,260,Squarespace,Center Street Barbershop,good,,2026-06-29T12:01:51+00:00
3a222db9-1a94-4c7e-a0ef-f2247642ce5c,200,1,1,371,GoDaddy,Mack&#x27;s Bar &amp; Grill | Your Neighborhood Bar,good,,2026-06-29T12:01:51+00:00
494e4c91-6478-4691-932c-686240a4cf02,0,0,0,35,,,broken,connection failed,2026-06-29T12:01:51+00:00
dff871ed-dc3c-4ae1-95ca-b2adc384f7e3,200,1,1,904,,Ventura Auto Repair Shop in Santa Rosa - Best Auto Repair Shop in Santa Rosa,good,,2026-06-29T12:01:51+00:00
9578c2b2-cc8e-436b-9a86-06084915f4f2,403,1,0,197,,,broken,,2026-06-29T12:01:51+00:00
8209b22d-3e84-4805-bb79-ac073b071ace,0,0,0,411,,,broken,connection failed,2026-06-29T12:01:52+00:00
a6e599c3-0ae1-4372-8654-bd841c10e8b1,200,1,1,2599,WordPress,Tom Eddy Winery- Elegantly Aged Mountain Cabernet,good,,2026-06-29T12:01:52+00:00
965d27c7-05bf-410f-8f48-26ed35821906,200,1,1,1297,,Best Santa Rosa Transmission Shop,good,,2026-06-29T12:01:52+00:00
14ce9b59-ae1e-4574-a9dd-569593fbcb41,200,1,1,856,,Studio M - Santa Rosa CA | Vagaro,good,,2026-06-29T12:01:52+00:00
75e24571-2071-4106-a684-3a33e9b1f955,200,1,1,1052,,Plush Salon,good,,2026-06-29T12:01:52+00:00
22b71aa2-aa46-4217-bc0f-50cc6cf6a1a8,0,0,0,12,,,broken,connection failed,2026-06-29T12:01:52+00:00
245bf39a-d5b2-4554-8c30-7d9faa981007,200,1,1,123,Shopify,Bear Republic Brewing Co. &ndash; Bear Republic Brewing Company,good,,2026-06-29T12:01:52+00:00
89234d5d-298c-4a42-b760-41c3f0a1d03d,0,0,0,82,,,broken,connection failed,2026-06-29T12:01:52+00:00
cccdb493-d8a2-4bd3-9873-9309429f5b36,404,1,1,1041,,Vagaro | Page not found,broken,,2026-06-29T12:01:52+00:00
b0480893-1a97-4f83-806b-bd87ceab9d74,0,0,0,257,,,broken,connection failed,2026-06-29T12:01:52+00:00
58e8501e-00c7-4135-b47e-a80133b3525a,404,0,0,123,,Error 404 (Not Found)!!1,broken,,2026-06-29T12:01:52+00:00
6c9c6d5b-5833-49d6-aa46-2c3810fd571b,200,1,1,2030,,"Demo Pg Soft Paling Gacor, Maxwin & Anti Rungkad - Juruscasino",good,,2026-06-29T12:01:52+00:00
bb447777-b6a0-4bb8-826f-3d15ae78a8a4,200,0,0,157,GoDaddy,"Delta Sandblasting Company, inc. - Abrasive Blasting, Coating, Sandblasting",weak,,2026-06-29T12:01:52+00:00
7a2aac94-db4e-4a59-a788-5decd843fbbb,0,0,0,34,,,broken,connection failed,2026-06-29T12:01:52+00:00
575e6c40-1070-4d79-8678-f1eec7677930,200,1,1,397,GoDaddy,bottlerockpower.com,good,,2026-06-29T12:01:53+00:00
d5097490-d43e-4f6c-867d-e595d31cfd51,200,1,1,981,,"Amy&#x27;s Local BNB - walk to town **and hot tub!** - Apartments for Rent in Sebastopol, California, United States - Airbnb",good,,2026-06-29T12:01:53+00:00
d6f7ba8f-1ab9-4cef-b34a-d9ef937a37c1,404,1,1,294,Wix,,broken,,2026-06-29T12:01:53+00:00
fcae5174-7729-4084-bc7a-8360e81e9924,200,1,1,758,,Chem-Dry Carpet Cleaning: World&#039;s Leading Carpet Cleaner,good,,2026-06-29T12:01:53+00:00
5aaee82a-c770-4271-8bf1-f8dc6aa4c3d2,0,0,0,82,,,broken,connection failed,2026-06-29T12:01:53+00:00
1365e55f-7fd6-4ae4-8f26-72a5213fa61d,0,0,0,83,,,broken,connection failed,2026-06-29T12:01:53+00:00
36cafcc1-ab5c-4389-92b8-57eb397866b2,200,1,1,192,WordPress,"Oral Surgery Santa Rosa CA, Oral Surgeon",good,,2026-06-29T12:01:53+00:00
c9d1179d-031c-48e5-9a7d-98897a558147,200,0,1,269,,,weak,,2026-06-29T12:01:53+00:00
5c3ed040-bef3-4f6e-a5a1-15c483f1ad30,200,1,1,891,Weebly,Redwood Empire Dental Society - Home,good,,2026-06-29T12:01:54+00:00
270a224e-8454-4119-8c38-6c23b15201bc,200,0,0,132,Squarespace,Healdsburg Kustom Machine - Blog,weak,,2026-06-29T12:01:54+00:00
e5564fa4-5baa-4c74-9c0b-5fce58453422,200,1,1,1577,,,good,,2026-06-29T12:01:54+00:00
fe77e42b-2a2e-401b-941b-b5d705eb5a70,0,0,0,15022,,,broken,connection failed,2026-06-29T12:01:54+00:00
c70b86bd-5210-47f0-a8bd-0b564668aae2,200,1,0,105,,,weak,,2026-06-29T12:01:54+00:00
df4e1655-5e47-4a78-8c63-9b00ce8bd3b9,200,0,0,127,,,weak,,2026-06-29T12:01:54+00:00
992050a8-c7f0-4693-8b6f-da8235a39264,200,1,1,541,,,good,,2026-06-29T12:01:54+00:00
0f18eff1-25d5-447d-900c-4ca68fa6b82b,0,0,0,35,,,broken,connection failed,2026-06-29T12:01:54+00:00
b85d8dbe-1711-4926-8313-b468ce51df4b,0,0,0,54,,,broken,connection failed,2026-06-29T12:01:54+00:00
9230ef43-2761-4640-979c-be5c92914a33,0,0,0,33,,,broken,connection failed,2026-06-29T12:01:54+00:00
34888314-3179-42ed-90a8-13ddff8de1dc,200,0,0,140,,,weak,,2026-06-29T12:01:55+00:00
083677ec-a266-4281-8b92-347064903e73,200,0,1,2410,WordPress,Home - CWS Construction,weak,,2026-06-29T12:01:55+00:00
f530852a-b668-4e04-b272-b8f610e3b0a3,200,0,0,352,,Novato Boxing Club,weak,,2026-06-29T12:01:55+00:00
f89529bf-94e5-482c-96d5-4c338ca08bdb,200,1,1,2792,WordPress,Home - La Texanita Mexican Restaurant,good,,2026-06-29T12:01:55+00:00
f7205971-6d91-498f-9c9e-41b94f8f402d,200,0,1,332,,COUNTRYLODGE.COM - BEST HOTEL DEALS AND DISCOUNTS | FLIGHTS | COUNTRYLODGE.COM,weak,,2026-06-29T12:01:55+00:00
bbfd013a-d5a3-4861-8d89-3648d3ff0b45,0,0,0,87,,,broken,connection failed,2026-06-29T12:01:55+00:00
2b5f7cd4-ce7a-4c98-9db3-4bf2385d0278,0,0,0,784,,,broken,connection failed,2026-06-29T12:01:55+00:00
7b5ff3cd-3ceb-47cf-b11a-f90eb78e35a8,0,0,0,83,,,broken,connection failed,2026-06-29T12:01:55+00:00
41871cb9-0a2a-4f17-a14d-7f4e6adfcdc2,0,0,0,83,,,broken,connection failed,2026-06-29T12:01:55+00:00
3f1c1a37-51ea-47bf-a07b-a0a3a8bd6e33,0,0,0,39,,,broken,connection failed,2026-06-29T12:01:55+00:00
41b53d52-3cce-4fc2-b7d5-4b000f8cba45,200,1,1,135,,Family Law Attorney | Santa Rosa | Brian Lanz | The Family Law Office,good,,2026-06-29T12:01:55+00:00
14d635b6-51e4-46fe-9efe-73942124ef79,200,0,1,284,GoDaddy,"Jungle Maiden Jewelry unique organic one of a kind jewelry pieces using fine quality gemstones junglemaidenjewelry.com Sonoma, CA",weak,,2026-06-29T12:01:55+00:00
262facc6-0d14-4149-a009-05ee1a50c57f,200,1,1,205,Squarespace,Wildfire Expertise,good,,2026-06-29T12:01:55+00:00
79a48d22-a654-4dc3-9b66-dab4ced2bd01,200,0,1,135,,"Home - Law Office of Adams &amp; Rafferty, P.C.",weak,,2026-06-29T12:01:55+00:00
f9aa7446-6d58-4099-956d-a5d31ea1916d,0,0,0,83,,,broken,connection failed,2026-06-29T12:01:56+00:00
10a6a470-1885-4087-a74e-4f4c91160281,200,0,1,153,Webflow,"First Nails, Manicurists, Pedicurist, 1097 Vine St",weak,,2026-06-29T12:01:56+00:00
ea3b4693-5d51-4cad-bfd4-0e1436d578d3,200,1,1,1500,,Hair by Drea - Rohnert Park CA | Vagaro,good,,2026-06-29T12:01:56+00:00
ca3bac25-bd2d-47eb-a492-f67a070e8690,0,0,0,1286,,,broken,connection failed,2026-06-29T12:01:56+00:00
936ce444-947a-4e10-b6e6-49e32dfb65d8,0,0,0,85,,,broken,connection failed,2026-06-29T12:01:56+00:00
bff22f49-5ed5-472f-a085-58e69ad2ff06,0,0,0,45,,,broken,connection failed,2026-06-29T12:01:56+00:00
3044c892-2881-45b9-bb3e-bfd5482f8170,0,0,0,83,,,broken,connection failed,2026-06-29T12:01:56+00:00
4eabdd61-8b62-4db2-a43f-f98104daf3b2,200,1,1,180,GoDaddy,CampCavalier.com is for sale | HugeDomains,good,,2026-06-29T12:01:56+00:00
95c21ea0-4cf1-45e5-a9c2-07618739acf4,403,1,0,1412,,Access Denied,broken,,2026-06-29T12:01:56+00:00
791cf4f1-75c6-4821-b639-7c455a08afe2,0,0,0,40,,,broken,connection failed,2026-06-29T12:01:56+00:00
e59d7112-2968-4620-be9a-a7e30da9d493,200,1,1,4312,WordPress,Siding and Dry Rot Repair - Window and Door Replacement,weak,,2026-06-29T12:01:57+00:00
90cfdda2-252c-412c-b7bb-d777c522383a,200,0,0,502,,Totoro Home Page,weak,,2026-06-29T12:01:57+00:00
8e3b42fe-1c04-4b63-b353-bc03989be70a,200,0,1,67,Squarespace,"Sonoma County Plumbing, Inc.",weak,,2026-06-29T12:01:57+00:00
3c630cb2-08be-4d07-9662-286ca5770347,200,1,1,94,Webflow,"Pancha&amp;#39;s of Yountville, Pub, 6764 Washington St",good,,2026-06-29T12:01:57+00:00
82e0cdd8-d763-4514-8153-835e0332498d,200,0,1,1314,,å¼äºç½é¡µçé¡µé¢ç»å½-å¼äº(ä¸­å½),weak,,2026-06-29T12:01:57+00:00
a0b3c529-3539-4145-8353-a7663cd2cdb4,200,1,1,222,,Real Estate Services Sonoma County â Find Your Luxury Home,good,,2026-06-29T12:01:57+00:00
d24167f8-396b-4b2a-8e0d-ac5df0afd0cb,200,1,1,898,GoDaddy,"Sadies Haven - Horse Rescue, Horse Sanctuary",good,,2026-06-29T12:01:57+00:00
e14c4f52-2188-4772-80d7-b82e135f7006,0,0,0,82,,,broken,connection failed,2026-06-29T12:01:57+00:00
1078ea6f-4bd5-4007-ac2e-be78da3835b8,0,0,0,15112,,,broken,timeout,2026-06-29T12:01:57+00:00
d9ec3315-3b53-4c1d-8280-cadbf0d838a2,200,1,1,907,,St. Joseph Heritage Medical Group | Providence,good,,2026-06-29T12:01:57+00:00
3b54a370-d0f0-4ca3-8abb-ee75a7858c5c,200,1,1,319,,Marsha Harris - Petaluma,good,,2026-06-29T12:01:57+00:00
cea9c0de-673a-4d6a-bcad-6a170178130d,403,0,1,202,,Just a moment...,broken,,2026-06-29T12:01:57+00:00
e2a932d5-e452-47ab-baf8-81b1e98c7908,0,0,0,11,,,broken,connection failed,2026-06-29T12:01:57+00:00
753a8633-ce53-4a63-b134-c8e7a530670b,0,0,0,75,,,broken,connection failed,2026-06-29T12:01:57+00:00
1112f6e5-a190-4cab-8b7f-70d90208c2ba,403,0,1,75,,Just a moment...,broken,,2026-06-29T12:01:57+00:00
7a3aab7c-38b0-4532-86f8-1bfe8253de56,0,0,0,37,,,broken,connection failed,2026-06-29T12:01:57+00:00
5e0be6af-327b-42b6-96b7-a61980485845,0,0,0,38,,,broken,connection failed,2026-06-29T12:01:57+00:00
46ecadc7-bc2b-4ff2-916e-4c898152217f,0,0,0,82,,,broken,connection failed,2026-06-29T12:01:58+00:00
7545c4e0-abf7-4dcd-8e32-65726554520e,200,0,0,124,,,weak,,2026-06-29T12:01:58+00:00
0f5fef37-531a-430b-9767-52222cbe2d30,404,1,1,836,,W Real Estate,broken,,2026-06-29T12:01:58+00:00
f5438de0-2beb-40cd-9353-b8419d561ad4,200,0,1,398,GoDaddy,Roofing Service | Repair & Installation | Call (888) 602-1585,weak,,2026-06-29T12:01:58+00:00
a07f0990-8bd8-4855-bb85-2428a7066592,0,0,0,20,,,broken,connection failed,2026-06-29T12:01:58+00:00
51e18b53-ceea-43a1-b140-b7a16f141c70,404,1,1,624,,,broken,,2026-06-29T12:01:58+00:00
b8e08af8-b88e-4add-9e3f-29c330515cef,0,0,0,33,,,broken,connection failed,2026-06-29T12:01:58+00:00
bd808670-bb65-42ae-a49a-a4023680beda,200,1,1,661,,"Dolly&#39;s Manor Retirement Home | Santa Rosa, CA | Reviews | SeniorAdvisor",good,,2026-06-29T12:01:58+00:00
50b70c2f-4c90-4615-990f-ee946f69db27,0,0,0,10,,,broken,connection failed,2026-06-29T12:01:58+00:00
174ed9c6-70fd-4dad-a9cd-7974aa79f75f,0,0,0,82,,,broken,connection failed,2026-06-29T12:01:58+00:00
f71aa2c4-93d2-494b-8ed2-b8ddb7614668,0,0,0,67,,,broken,connection failed,2026-06-29T12:01:58+00:00
d5f9aa1a-3ad8-4421-be3f-2472280065ee,200,1,1,2665,WordPress,"Home Loans in Petaluma, CA Branch #4040 | CrossCountry Mortgage",good,,2026-06-29T12:01:58+00:00
dd8f1ed3-3ec5-4a3f-8df7-e68d5da35f4c,200,1,1,228,,"Auberge Collection | Luxury Hotels, Resorts, Residences & Safaris",good,,2026-06-29T12:01:58+00:00
54915f28-f03a-47c0-9986-78a6cd4f3ca6,200,0,0,200,,,weak,,2026-06-29T12:01:58+00:00
d67903bb-7d21-4fb6-b968-a34fb0c0d221,200,1,1,383,,Donnie Irish Tattoo machines,good,,2026-06-29T12:01:58+00:00
34058a3c-42d5-4b9f-821c-7be13e2a4be8,0,0,0,315,,,broken,connection failed,2026-06-29T12:01:58+00:00
337d83b6-6810-4100-9d47-e7a300e773e2,404,0,0,283,,404 Not Found,broken,,2026-06-29T12:01:58+00:00
22d8cac1-b21d-436e-8159-2f3fd5421ce6,0,0,0,83,,,broken,connection failed,2026-06-29T12:01:59+00:00
d2c39b47-c47d-4b26-ae8e-e48c316af8ad,200,1,1,121,WordPress,Home - B. Wise Vineyards,good,,2026-06-29T12:01:59+00:00
16dcc126-96f9-4ce6-acbb-43fa85ddb1aa,404,0,1,188,WordPress,Flywheel - Unknown Domain,broken,,2026-06-29T12:01:59+00:00
1a3c19f6-8b4f-42b1-af21-ff3d81f6c253,200,1,1,1247,Webflow,"All-In-One Salon, Spa &amp; Medspa Software | GlossGenius",good,,2026-06-29T12:01:59+00:00
50e45251-4105-4632-b964-0d907242afad,200,1,1,379,GoDaddy,Buy arietta-wine.com – Premium Expired .com Domain on GoDaddy | ExpiredDomains.com,good,,2026-06-29T12:01:59+00:00
47b311ec-aa62-4b44-835c-02ddd87d1d0f,200,1,1,1187,,Acne Specialist Petaluma CA | Petaluma Premier Skincare | © 2026 PETALUMA PREMIER SKINCARE LLC,good,,2026-06-29T12:01:59+00:00
4d3e1bab-027f-41cb-8720-46ea3cbe331e,404,0,0,187,Squarespace,Squarespace - Website Expired,broken,,2026-06-29T12:01:59+00:00
dd8a0137-1fb4-4b3c-94e6-16d2f3e217da,200,1,1,150,Squarespace,FOTINOS VINEYARD Napa Carneros,good,,2026-06-29T12:01:59+00:00
e8744ae3-4503-4a8b-b2e6-0d3628fb3975,200,1,1,210,Squarespace,Diamond Terrace Napa,good,,2026-06-29T12:01:59+00:00
6bb3de26-f5e2-433c-86c3-23857d7e3976,0,0,0,43,,,broken,connection failed,2026-06-29T12:01:59+00:00
e2f2985e-40ba-4c27-8a6d-a8929381e25c,202,1,0,459,,,weak,,2026-06-29T12:01:59+00:00
a1b83ada-bf3d-45a7-8a43-7bde2c7804c6,200,1,1,788,,Passaggio Wines - Homepage,good,,2026-06-29T12:01:59+00:00
e54e3040-5504-46b0-bc78-e937671cc52d,0,0,0,93,,,broken,connection failed,2026-06-29T12:01:59+00:00
dbc7f42e-1038-4480-8b53-33a60f07710b,200,1,1,384,WordPress,Sebastiani Next Episode - Home,good,,2026-06-29T12:01:59+00:00
9aba4289-8cb3-47da-aaff-1d1abaf3cec0,200,1,1,270,Webflow,Hook &amp; Ladder Winery | Russian River Valley Wines | Sonoma County,good,,2026-06-29T12:01:59+00:00
5a1a03a9-667c-44e4-8454-1bc1504d79b4,200,1,1,204,Squarespace,Ballard Vineyard,good,,2026-06-29T12:01:59+00:00
445bf1ea-d523-4a8d-91b1-622d197da10e,200,1,1,407,,Vincent Arroyo Winery -,good,,2026-06-29T12:01:59+00:00
41829a87-af07-4f03-a4ef-feb87b0bc96a,200,1,1,488,Shopify,Hunter Glenn Estate,good,,2026-06-29T12:02:00+00:00
666c8b94-1844-4d40-bd3c-260853004a0c,200,1,1,188,WordPress,Home - Paradise Ridge Winery,good,,2026-06-29T12:02:00+00:00
5268085b-9a27-4e53-b132-2d1d1c19e31f,0,0,0,35,,,broken,connection failed,2026-06-29T12:02:00+00:00
e4e2d421-0e02-4d40-8e09-1b60edc07a96,200,1,1,427,,Mithra Winery,good,,2026-06-29T12:02:00+00:00
820a3fe7-d92f-4081-b8d3-3fe050a57228,0,0,0,198,,,broken,"ssl: HTTPSConnectionPool(host='www.peacelandvineyards.com', port=443): Max retries exceeded with url: / (",2026-06-29T12:02:00+00:00
9ef669a5-74e8-431e-8701-73ae901945ce,200,1,1,2594,WordPress,Home - Susan Dechant,good,,2026-06-29T12:02:00+00:00
1767210b-3fa6-4043-b253-4f8943c5ca88,200,1,1,697,WordPress,Lions Head Collection,good,,2026-06-29T12:02:00+00:00
12a3ce05-92d6-43b6-9fc9-96dae13eb942,200,1,1,179,WordPress,Home - Sonoma Coast Vineyards,good,,2026-06-29T12:02:00+00:00
aa2f1382-ca05-4670-821f-90f8cb59cb5b,200,1,1,325,Wix,Rued Winery | Wine Tasting in Healdsburg,good,,2026-06-29T12:02:00+00:00
5a955768-5344-41f1-8d3c-bf73d9de96c6,200,1,1,527,,Ravenswood | Zinfandel Wines,good,,2026-06-29T12:02:00+00:00
2370bc3e-24b2-41f8-8207-ec1970cfad3d,0,0,0,111,,,broken,"ssl: HTTPSConnectionPool(host='www.venavineyards.com', port=443): Max retries exceeded with url: / (Cause",2026-06-29T12:02:00+00:00
0641db8e-8696-4c05-ab73-1c643319c40c,200,1,1,361,Webflow,Home - Usibelli Vineyards,good,,2026-06-29T12:02:00+00:00
1e357460-fa3e-4d08-afc5-ace69ce95a29,202,1,0,211,,,weak,,2026-06-29T12:02:00+00:00
216cf396-3cbf-40ec-a182-a000ecd312ac,200,1,1,812,Shopify,Schrader Cellars | Renowned Napa Valley Cabernet Sauvignon,good,,2026-06-29T12:02:01+00:00
c69be638-ebd8-44f2-b12d-2a85cbef5628,200,1,1,550,,"Wild Hog Vineyard, premium wines from Pinot Noir, Zinfandel, Cabernet Sauvignon, Syrah",good,,2026-06-29T12:02:01+00:00
523960d1-4e15-42dc-9cee-fdd0597fba5b,0,0,0,10007,,,broken,connection failed,2026-06-29T12:02:01+00:00
5eead217-4ceb-4c59-a9ee-a144fb0a9d2b,200,1,1,567,,Call Now 415-883-3700 - Firm Profile,good,,2026-06-29T12:02:01+00:00
dd62793e-0314-4200-879f-18488334d32a,200,1,1,303,Wix,Accounting &amp; Advisory Services | Granados Hillman,good,,2026-06-29T12:02:01+00:00
03c3948b-4764-482b-8cad-4be253ddc870,200,1,1,705,,"Boyle & Stoll, CPAs | CA CPA",good,,2026-06-29T12:02:01+00:00
6b46aff0-819c-4997-83b3-2fc2618db7f7,200,1,1,116,WordPress,Wilkinson &amp; Davis LLP &#8211; Certified Public Accountants,good,,2026-06-29T12:02:01+00:00
4433cf17-2db3-41a0-ab1a-1c994d6e8249,200,1,1,421,WordPress,Pisenti &amp; Brinker - Sorren,good,,2026-06-29T12:02:01+00:00
247ea3c2-42e3-4d12-bd1a-35ca0c65ac5a,200,1,1,179,Wix,"Valerie Mendels, L.Ac. | Functional Medicine &amp; Chinese Medicine for Women's Health",good,,2026-06-29T12:02:01+00:00
63a96946-138a-4ae9-b1ff-ad5e96344645,200,1,1,201,WordPress,"Carina Z. Wagner, Licensed Acupuncturist",good,,2026-06-29T12:02:01+00:00
2012ff0d-bc0a-4ecb-aeba-abb9a618a3fe,0,0,0,9,,,broken,connection failed,2026-06-29T12:02:01+00:00
a254b86d-3d46-4751-bb4e-d2ea8ccffb0b,200,1,1,425,,Accounting Controllership - Tax - Call Strategic Tax,good,,2026-06-29T12:02:01+00:00
4bbaccf7-2ee1-49a7-bbc9-5bed267c9a01,0,0,0,83,,,broken,connection failed,2026-06-29T12:02:01+00:00
002ee61b-251e-4575-86c8-869f8d53451d,403,0,1,115,,Suspected Phishing | Cloudflare,broken,,2026-06-29T12:02:02+00:00
4ba72ae5-3c78-4049-a2a6-3760cd074810,0,0,0,15164,,,broken,connection failed,2026-06-29T12:02:02+00:00
ceb3105b-14fb-4395-8b0e-7181cf184001,200,1,1,168,Squarespace,"Acupuncturist - Herbal Medicine - Sebastopol, CA",good,,2026-06-29T12:02:02+00:00
a3239f6f-5f23-42b0-be8d-a93d1075e9dd,200,1,1,1041,,"California | Advisory, Tax and Assurance | Baker Tilly",good,,2026-06-29T12:02:02+00:00
bf609230-48dc-4f1f-ad47-a4adfb1470be,200,0,1,397,,petalumaacupuncture.org&nbsp;-&nbsp;petalumaacupuncture Resources and Information.,weak,,2026-06-29T12:02:02+00:00
c54d8cc7-cfc5-4f60-b243-07281439fde0,200,1,1,1304,WordPress,Cascade365,good,,2026-06-29T12:02:02+00:00
1118ab5c-de0d-4d9f-8e3a-20aa5765334a,200,1,1,261,GoDaddy,Butulia&#039;s Tile,good,,2026-06-29T12:02:02+00:00
296b161e-3ad5-4ea4-9509-c201553f1f89,200,1,1,580,WordPress,Home - Air Doctor,good,,2026-06-29T12:02:02+00:00
d0091000-47c1-4329-b674-4dd529254b0a,200,1,1,857,WordPress,The Duct Doctor - Residential &amp; Commercial HVAC Santa Rosa,good,,2026-06-29T12:02:03+00:00
495f2dc5-1b5e-418b-92c2-77b092e909a8,200,1,1,104,WordPress,Black Bear Diner – Breakfast Served All Day!,good,,2026-06-29T12:02:03+00:00
f19c3c22-37f6-4d9a-846f-95830b26c99a,200,1,1,1257,,"Rohnert Park, CA | Official Website",good,,2026-06-29T12:02:03+00:00
319325fd-7fcb-4792-b0b1-5825f8193810,200,1,1,115,,Chalkboard Fantasy Sports | Real Money DFS Picks,good,,2026-06-29T12:02:03+00:00
ac0c0264-f654-4edc-8772-ea48b3359f61,0,0,0,10016,,,broken,connection failed,2026-06-29T12:02:03+00:00
482e35cf-74ee-4ecd-9524-a3d8929043e0,403,1,1,231,,Just a moment...,broken,,2026-06-29T12:02:03+00:00
e0fb5093-aadd-4650-9b6c-d32c1bc2a8f3,200,1,1,1501,WordPress,Home - Air Doctor,good,,2026-06-29T12:02:03+00:00
964c40c0-3292-4821-94e9-e6c2deae9e2b,200,1,1,340,WordPress,Restaurant - Long Meadow Ranch,good,,2026-06-29T12:02:03+00:00
3e4b0b6d-d027-4389-8fa6-de389c9b7f6a,0,0,0,83,,,broken,connection failed,2026-06-29T12:02:03+00:00
b22c49e5-aa0e-4505-8703-99af7ae60930,404,0,1,441,,404 - Page Not Found,broken,,2026-06-29T12:02:03+00:00
2a2dcd42-d9b7-401b-b783-9c7b9a778770,200,1,1,2321,WordPress,North Bay Fertility Acupuncture | Fertility Acupuncture in Sonoma and Napa CA,good,,2026-06-29T12:02:04+00:00
766a7d89-16a6-4f95-a6aa-0127744873b3,200,1,1,1447,,TRAVIS REMODELING,good,,2026-06-29T12:02:04+00:00
7eebba3d-f9e1-4b1c-9889-5a29d126449f,200,1,1,4655,WordPress,"Madonna Estate Winery | Organically Grown Wine in Napa, CA | Home",weak,,2026-06-29T12:02:04+00:00
a1cb6a65-58a8-4539-990d-fd4f6805eccf,0,0,0,98,,,broken,connection failed,2026-06-29T12:02:04+00:00
f0f3bae4-76f7-4fd5-9713-8cdef74eeac3,200,0,0,191,,,weak,,2026-06-29T12:02:04+00:00
69cc3aa2-6664-4fef-a4ee-420c2d547bdf,200,1,1,855,WordPress,"Goose &amp; Gander Restaurant &#8211; Official Website of Goose &amp; Gander Restaurant &#8211; St. Helena, CA",good,,2026-06-29T12:02:04+00:00
d038050d-d789-4e8c-9b66-8aa3f2752185,403,0,1,10,,Just a moment...,broken,,2026-06-29T12:02:04+00:00
b842c52a-d4bc-44fe-97da-83833e31b5e6,0,0,0,65,,,broken,connection failed,2026-06-29T12:02:04+00:00
fc4c594c-70d6-40fb-b8d5-b42514df13ec,200,1,1,1311,,Resep Fine Dining Rumahan & Cara Plating Makanan | Flower & Bone,good,,2026-06-29T12:02:04+00:00
8a2b4e62-7397-44c8-ac9f-03723e2f29c8,0,0,0,926,,,broken,connection failed,2026-06-29T12:02:04+00:00
4026a0b3-d2ab-49b6-af5e-bd90fa652fff,200,0,0,142,,,weak,,2026-06-29T12:02:04+00:00
a9347e6b-6d70-4321-a52e-3556ae1d0071,200,1,1,777,,hurleysrestaurant.com&nbsp;-&nbsp;This website is for sale!&nbsp;-&nbsp;hurleysrestaurant Resources and Information.,good,,2026-06-29T12:02:04+00:00
04c332e0-157d-4e74-a3c4-942fbc4a05d7,200,1,1,334,,Sam's Social Club | Calistoga Dining | Official Site,good,,2026-06-29T12:02:05+00:00
851f3ff8-696e-4e7a-b737-fec396631c5c,200,1,1,1269,WordPress,Restaurants &amp; Dining in Sonoma County | Montage Healdsburg,good,,2026-06-29T12:02:05+00:00
b0a12716-c24c-4a51-b0de-d779a3174224,0,0,0,66,,,broken,connection failed,2026-06-29T12:02:05+00:00
b9852b3a-9480-4f33-b0d1-1ba985b9b606,200,1,1,357,Wix,Best Burgers in Sonoma County | Superburger,good,,2026-06-29T12:02:05+00:00
8c0ae4f7-8194-4639-980e-f78837625223,200,1,1,2798,WordPress,Denver Home Remodeling Contractors - Sierra West Construction,good,,2026-06-29T12:02:05+00:00
242b06d5-05ee-4974-8209-474ca35fd3d4,0,0,0,123,,,broken,"ssl: HTTPSConnectionPool(host='www.tipsroadside.com', port=443): Max retries exceeded with url: / (Caused",2026-06-29T12:02:05+00:00
c35ac5a3-1381-430d-8ac2-c517a762bb8f,403,1,1,173,,Just a moment...,broken,,2026-06-29T12:02:05+00:00
73d1b048-fd10-4a5d-a9ec-96e4c6b0c8b2,403,1,1,167,,Just a moment...,broken,,2026-06-29T12:02:05+00:00
9c1ff049-8563-4ed8-a7e1-a372a268232c,0,0,0,83,,,broken,connection failed,2026-06-29T12:02:05+00:00
a0c97d8d-cf93-4ebd-8838-7077d1d39278,200,1,1,1109,WordPress,Home - Stark Reality Restaurants : Stark Reality Restaurants,good,,2026-06-29T12:02:05+00:00
1798687a-a1b8-48ac-8ae0-c6d3c43fbd37,403,1,1,1743,,Attention Required! | Cloudflare,broken,,2026-06-29T12:02:05+00:00
bb0a5a5a-14cc-4d8f-beb3-d84f245daa4e,0,0,0,35,,,broken,connection failed,2026-06-29T12:02:06+00:00
08292bd3-4d5b-4363-8241-3ee653f779b5,0,0,0,83,,,broken,connection failed,2026-06-29T12:02:06+00:00
91c7449e-6809-4e55-953d-56b434eda0fc,200,0,1,961,Shopify,(GACOR123) Platform Hiburan Modern 2026 Fitur Transaksi Cepat & Aman Paling Stabil,weak,,2026-06-29T12:02:06+00:00
a8bcba4f-2484-4abb-b92d-8fa135f33c9f,200,0,1,1718,,389SPORTS: Best Link Website in Official Trust 389Sport,weak,,2026-06-29T12:02:06+00:00
f9ce81bd-c95b-48be-a45a-074ebfb01012,200,1,1,1617,WordPress,Your trusted guide to the world of wine | ReddNapa,good,,2026-06-29T12:02:06+00:00
d868caa3-b434-44fd-a46e-bf8ce94e0f58,200,1,1,506,,Sentimental Journey Antiques,good,,2026-06-29T12:02:06+00:00
30c62fd4-317b-4268-88e2-ace7feafe7e5,200,1,1,896,,"Healdsburg, CA - Official Website | Official Website",good,,2026-06-29T12:02:06+00:00
a18ea230-dd88-48d5-905d-218b45b180f7,200,1,1,610,,Giving at Sutter Health,good,,2026-06-29T12:02:07+00:00
5b3a5c98-a6b4-46b1-9615-5dc4a4ff0439,0,0,0,15178,,,broken,connection failed,2026-06-29T12:02:07+00:00
a55d4966-e320-4a94-a860-187c01698805,200,1,1,134,Wix,HOME | mjhconstructionmgt,good,,2026-06-29T12:02:07+00:00
403dead5-dcec-4ef6-8571-32e91e04bfe4,200,1,1,1090,,Home Health and Hospice Care at Sutter Health,good,,2026-06-29T12:02:07+00:00
94e91d4b-4180-4b3c-a517-9d9103693e2b,200,1,1,1606,WordPress,"Designer Maker &amp; Restoration of Fine Furniture - Adam I French - Designer, Maker and Restoration of Fine Furniture",good,,2026-06-29T12:02:07+00:00
7066fcc9-7b25-410d-8803-a0fb13210f9c,200,1,1,288,,"Architectural Designs | Inverness, CA - Alex Riley Associates",good,,2026-06-29T12:02:07+00:00
23081265-0ff0-420a-9ec2-1843d5a5a26f,0,0,0,93,,,broken,connection failed,2026-06-29T12:02:07+00:00
26f5b848-ca94-47e5-ae6f-8b011c63532c,200,1,1,79,,Home | Noodle Palace - South East Asian Cuisine,good,,2026-06-29T12:02:07+00:00
4bf7751c-56aa-4e69-931e-1a78d8bfbcc7,200,1,1,324,,Welcome,good,,2026-06-29T12:02:07+00:00
aab1e5fe-219c-4e59-85a3-e84905e8d7a1,200,1,1,1848,WordPress,Oilcloth Tablecloths Placemats Totes Aprons Bags • Cottage Home Decor,good,,2026-06-29T12:02:07+00:00
5ac9b2dc-8cb4-4965-8dda-cab2fd898399,200,1,1,582,WordPress,DTR Consulting Services | Building Science + Architecture,good,,2026-06-29T12:02:07+00:00
1dd0eb57-9d6d-438c-96c1-feb7ce89f7aa,0,0,0,35,,,broken,connection failed,2026-06-29T12:02:07+00:00
e58fd1c1-c667-4a8f-985a-3a982fa0ae19,200,1,1,485,,"PM Design, Inc.",good,,2026-06-29T12:02:07+00:00
0041be5b-3652-4f69-bfa7-6bc8df4146f7,200,1,1,127,,Home | Toyo Restaurant,good,,2026-06-29T12:02:07+00:00
637e00f6-5218-4387-b68e-9c6d15e8f3b4,200,0,0,123,WordPress,Chinos Asian Bistro,weak,,2026-06-29T12:02:07+00:00
907ab241-e113-4f52-8a45-b8aa42707ca1,200,1,1,587,,"Teriyaki Madness in Novato 94949 | Teriyaki Bowls, Noodles & More",good,,2026-06-29T12:02:07+00:00
ae912482-d239-45a7-bb3f-7e68e5980030,200,1,1,774,,Order Authentic Chinese Online | China House - Pickup or Delivery Available,good,,2026-06-29T12:02:07+00:00
302efafa-6547-489a-a2e9-44991a4b41d4,0,0,0,82,,,broken,connection failed,2026-06-29T12:02:08+00:00
d881123b-a1df-49c6-85f0-f0e3cb8dd129,200,1,1,688,Drupal,"Auto Repair Santa Rosa, CA | AAA | Piner",good,,2026-06-29T12:02:08+00:00
f94e24a3-df3f-4fa8-9fcd-345ee459e700,200,1,1,795,Drupal,"Auto Repair Santa Rosa, CA | AAA | Piner",good,,2026-06-29T12:02:08+00:00
a1cb2761-fd2b-4f4a-915f-1c82f0a061a8,200,1,1,842,Drupal,"Auto Repair Cotati, CA | AAA",good,,2026-06-29T12:02:08+00:00
6028b9f1-a15a-485d-9c40-f0721b84d079,200,1,1,808,Drupal,"Auto Repair Windsor, CA | AAA",good,,2026-06-29T12:02:08+00:00
267752de-151a-47ad-981a-b1525994ad37,0,0,0,587,,,broken,connection failed,2026-06-29T12:02:08+00:00
a846dc29-211d-4dca-b3b5-c72f4e9eb644,403,1,1,8057,,Just a moment...,broken,,2026-06-29T12:02:08+00:00
9e813a1d-6598-4870-aa1c-09d270479800,0,0,0,34,,,broken,connection failed,2026-06-29T12:02:08+00:00
bf8d69c8-791a-44ee-be26-6399c70030d3,0,0,0,2185,,,broken,connection failed,2026-06-29T12:02:08+00:00
390b9761-3d23-4b85-b5de-bb627a04a198,404,1,1,354,,"Auto Body &amp; Collision Repair Shops in Santa-rosa-15445, CA | CARSTAR",broken,,2026-06-29T12:02:08+00:00
856e4b9a-3a47-411c-8dd4-4fa44902b2c0,404,1,1,650,,"Auto Body &amp; Collision Repair Shops in Sonoma-15418, CA | CARSTAR",broken,,2026-06-29T12:02:08+00:00
30863ecb-d815-4df4-bbd3-e072dc7385e0,0,0,0,15038,,,broken,timeout,2026-06-29T12:02:08+00:00
3b071f91-75b6-4587-8593-803801b48235,0,0,0,84,,,broken,connection failed,2026-06-29T12:02:08+00:00
2e7a416e-f7ef-419d-916f-e4e735a1affd,200,1,1,196,GoDaddy,,good,,2026-06-29T12:02:08+00:00
d286e924-80e9-4429-95c8-218b040a5432,404,1,1,343,,"Auto Body &amp; Collision Repair Shops in Santa-rosa-15445, CA | CARSTAR",broken,,2026-06-29T12:02:08+00:00
9e630b49-9dd7-4d71-a97d-fcaee47aac3f,200,1,1,345,,"Novato, CA | Crash Champions",good,,2026-06-29T12:02:08+00:00
990b2c8f-813c-4bb6-aebf-9f0f2fb39988,200,0,0,77,,Oil Stop Carwash,weak,,2026-06-29T12:02:08+00:00
496ac321-0854-4ae4-a3d7-a1b80c89313c,200,1,1,272,,"Auto Repair Technicians - Novato, CA - Nave Motors Inc.",good,,2026-06-29T12:02:08+00:00
b845128a-72db-4243-a982-71641ce4a9d4,404,0,0,174,,404 Not Found,broken,,2026-06-29T12:02:08+00:00
2561d15c-3c21-4a07-bf6b-730cd36b17a9,200,0,0,114,,Mirror Images Mobile Auto Detailing,weak,,2026-06-29T12:02:08+00:00
7b424602-3f72-4ab9-a862-f85020cec812,200,1,1,444,,"Collision Repair in Santa Rosa, CA | SANTA ROSA | Crash Champions Store",good,,2026-06-29T12:02:08+00:00
d63725f6-a943-44a9-88a7-821140047e51,200,1,1,347,,Auto Body Shop Santa Rosa Auto Collision Repair Best Body Shop Santa Rosa,good,,2026-06-29T12:02:09+00:00
17c9fe24-6e8c-4c69-a9aa-88b3b4952f98,202,1,0,471,,,weak,,2026-06-29T12:02:09+00:00
4d84aa8f-8924-458a-ad83-340d2085f606,200,1,1,452,,ACE Rent A Car | FromGoogleBusiness,good,,2026-06-29T12:02:09+00:00
5839ce4e-bdd7-453f-bda7-502378a223de,0,0,0,9,,,broken,connection failed,2026-06-29T12:02:09+00:00
043e71a8-53ca-4223-9fcc-a03860ebc007,0,0,0,82,,,broken,connection failed,2026-06-29T12:02:09+00:00
d59c48a5-2325-4d3b-8127-21abd63bdb64,200,1,1,618,Drupal,"Auto Repair Santa Rosa, CA | AAA | Baker",good,,2026-06-29T12:02:09+00:00
4c6e794f-b4e1-4ded-b59a-cee8e19649d9,200,1,1,664,Drupal,Auto Maintenance and Repair Services | AAA Official Site,good,,2026-06-29T12:02:09+00:00
a40107bc-1b65-418b-aa41-b5c2c0bc0879,200,1,1,170,Wix,Home | Computerized Car Care,good,,2026-06-29T12:02:09+00:00
957f5948-78e3-424d-b36f-a1a0b44025c5,200,1,1,819,,BizFoundations,good,,2026-06-29T12:02:09+00:00
8ddb2ef1-791e-467c-a164-84ac629d61b2,200,1,1,659,Shopify,"Flooring Store servicing Novato, CA | Alfa Man CA",good,,2026-06-29T12:02:09+00:00
2e760447-a2b0-4515-9ac7-b7e68730ad05,0,0,0,85,,,broken,connection failed,2026-06-29T12:02:09+00:00
e5e81550-7199-476b-83da-0d9c077254c7,403,1,1,118,,Just a moment...,broken,,2026-06-29T12:02:09+00:00
e4857afa-3729-4ace-900a-4b14263ca701,200,1,1,122,Webflow,Santa Rosa Airport Exotics (STS) Car Rental | Enterprise Rent-A-Car,good,,2026-06-29T12:02:09+00:00
cf6c0ed2-6969-4677-8e66-4e72f2e82688,200,1,1,664,WordPress,"Auto Repair Shop in Sonoma, CA | Anton&#039;s European Car Service",good,,2026-06-29T12:02:09+00:00
fe0bb0cf-10a0-4814-be7d-0a713af67ed4,0,0,0,85,,,broken,connection failed,2026-06-29T12:02:09+00:00
e1aa52ee-12be-4f06-a47e-9cd012bd608a,200,1,1,468,WordPress,Home - Capricorn Automotive,good,,2026-06-29T12:02:09+00:00
c69b36ea-d190-44ab-8d62-82b904274166,0,0,0,10014,,,broken,connection failed,2026-06-29T12:02:09+00:00
8eed6b4a-2c4d-45de-a447-4a31b803f6b9,202,1,0,232,,,weak,,2026-06-29T12:02:09+00:00
643ec1f3-9d69-4948-b2ee-fdf349e28583,200,1,1,327,,"Why Subaru Service in Santa Rosa, CA | Hansel Subaru",good,,2026-06-29T12:02:09+00:00
95bfdc88-f051-42a4-89f6-b32730d730b1,403,1,1,191,,Just a moment...,broken,,2026-06-29T12:02:10+00:00
57cd4838-9fa8-49e0-bfec-7630968c1558,200,1,1,310,,Ventura Auto Repair Shop in Santa Rosa - Best Auto Repair Shop in Santa Rosa,good,,2026-06-29T12:02:10+00:00
3fc16861-4415-48ac-bab3-c2ff22ff714e,200,1,1,1591,Drupal,Sonoma County Auto Repair | AAA,good,,2026-06-29T12:02:10+00:00
5ad7a04c-488f-4515-a280-451bf2e473a2,200,1,1,391,,Auto Repair Shop Rohnert Park Car Repair Near Me,good,,2026-06-29T12:02:10+00:00
89fee19b-f2b0-43ed-ae60-869101909be1,200,1,1,248,,SANTA ROSA Chevrolet Dealer in Santa Rosa CA | Petaluma Healdsburg Calistoga Chevrolet Dealership California,good,,2026-06-29T12:02:10+00:00
aac08d89-b8ba-41f6-9ab0-7da2305c9d79,200,1,1,387,,"Car Dealership in Santa Rosa, CA | Used Cars for Sale | Hansel Ford",good,,2026-06-29T12:02:10+00:00
4cb695b9-76db-4616-a144-4ee5a58a673e,200,1,1,717,,"Manly Auto Group | New &amp; Used Car Dealership in Santa Rosa, CA",good,,2026-06-29T12:02:10+00:00
c8f0e0c5-c340-47ba-90fc-b01ea32301f3,200,1,1,637,,The North Bay Differentials Inc,good,,2026-06-29T12:02:10+00:00
bf1d7f4e-95d9-4889-9f94-22691454b661,0,0,0,83,,,broken,connection failed,2026-06-29T12:02:10+00:00
89f6fb4b-8f48-40db-9d2a-68c6e15ec1d9,200,1,1,312,,AAA | American Automobile Association,good,,2026-06-29T12:02:10+00:00
30989af5-0d5d-4151-af81-84d886ade1ae,200,1,1,1065,,Dehmes Automotive,good,,2026-06-29T12:02:10+00:00
c97c7fcc-b1e4-434f-af06-b491e1ca6fae,200,1,0,442,,"Smothers European Volvo Cars in Santa Rosa, CA | Volvo Dealership Bay Area",weak,,2026-06-29T12:02:10+00:00
342c474e-3ff4-4f92-bcb7-ef972c3c002e,200,1,1,4047,WordPress,SAMNZAR SMOKE SHACK - Fresh Smoked Salmon,weak,,2026-06-29T12:02:10+00:00
5758911d-60fa-4194-8c5f-9e3ef5471ebc,0,0,0,99,,,broken,connection failed,2026-06-29T12:02:10+00:00
fe69ca0f-41b4-4333-af2c-c8fac1adb330,0,0,0,82,,,broken,connection failed,2026-06-29T12:02:10+00:00
f61b68fc-1308-4dab-a695-57b9532aca9f,200,1,1,464,,Shell Global,good,,2026-06-29T12:02:10+00:00
9a3225c6-5c5a-4d64-952d-f28f27b9cd0e,200,1,1,578,,NAPA Auto Care for Service &amp; Repair | NAPA Auto Parts,good,,2026-06-29T12:02:10+00:00
64848650-621b-47df-9687-8175a1be3cfd,200,1,1,576,GoDaddy,brackenautoservice.com,good,,2026-06-29T12:02:10+00:00
f5cd7e24-6ed1-4513-839f-48489c0f9011,0,0,0,178,,,broken,connection failed,2026-06-29T12:02:10+00:00
0a5e68b3-d99b-4097-8731-579702571f90,200,1,1,338,,HOME,good,,2026-06-29T12:02:10+00:00
1a848dec-70ef-44f8-8073-ef4133b4c8dd,200,0,1,668,,Checking your browser...,weak,,2026-06-29T12:02:10+00:00
69e6d0d3-4c11-4c3b-ad9c-e1cf45096d93,200,0,0,383,,m o t r o n i x a u t o,weak,,2026-06-29T12:02:11+00:00
da578044-dd4c-4838-909f-7da6aa1a04a4,200,1,1,266,,"Santa Rosa, CA Car Shipping Rates | A1 Auto Transport Company",good,,2026-06-29T12:02:11+00:00
a9b33f96-d454-4870-a774-714521a9c133,200,1,1,169,,DropCatch.com,good,,2026-06-29T12:02:11+00:00
a645aab3-8d20-477c-998e-145d15f09e4e,0,0,0,82,,,broken,connection failed,2026-06-29T12:02:11+00:00
be362e59-2719-46e3-bc25-1c08c7d4bc2a,200,1,1,282,WordPress,"Medical Waste Services in Guerneville, CA | Medical Waste Pros",good,,2026-06-29T12:02:11+00:00
9ecf132b-d0fe-4aeb-98e9-ebf74c5f031a,403,1,1,37,,Just a moment...,broken,,2026-06-29T12:02:11+00:00
cc9ee787-5347-4884-b109-29c45e657fb2,200,1,1,822,,KC Customs - Aftermarket Parts and Upgrades for Pickup Trucks and SUVs,good,,2026-06-29T12:02:11+00:00
9c588d5d-d4b7-4d14-bcb7-28882e8a2b1a,200,1,1,263,Shopify,Alvarado Street Bakery | Organic Sprouted Grain Breads &amp; Bagels,good,,2026-06-29T12:02:11+00:00
d2ee2d5f-8e74-494a-b8d7-ef9ffce31762,404,1,0,280,WordPress,,broken,,2026-06-29T12:02:11+00:00
841e60bc-0a21-4264-ac7e-9004c8b31509,200,1,0,255,Weebly,Home,weak,,2026-06-29T12:02:11+00:00
cfd4459e-185b-4bf0-a3e1-a8f754693d15,200,1,0,1328,,"Ford Dealership in Saint Helena, CA | Sager Ford",weak,,2026-06-29T12:02:11+00:00
2d9e1591-67f3-41a2-afcd-3f6f9f108d72,200,1,1,249,WordPress,Home - Costeaux,good,,2026-06-29T12:02:11+00:00
571780b9-67b3-42d7-b2a8-3b65762d49b0,0,0,0,83,,,broken,connection failed,2026-06-29T12:02:11+00:00
0f2e325c-8d5f-420b-b562-c4a95814a1e8,200,1,1,317,WordPress,Travel Blog for Art Galleries,good,,2026-06-29T12:02:11+00:00
e635c70c-cb4a-464b-ab3c-0acd8a80be26,200,1,1,970,,"Lutzenberg's Performance Drilling, Inc. - Hidden Valley Lake, California | ProView",good,,2026-06-29T12:02:11+00:00
d2d1a65b-7e79-4c5f-b86b-5fce146b8054,200,1,1,509,GoDaddy,BRIGHT BEAR BAKERY,good,,2026-06-29T12:02:11+00:00
7f26c916-d177-4cee-851a-bbee1a1badcc,0,0,0,81,,,broken,connection failed,2026-06-29T12:02:11+00:00
5dc6cfb4-8bdf-4f41-b960-47ac8ac787a4,0,0,0,34,,,broken,connection failed,2026-06-29T12:02:11+00:00
90225231-addb-44bc-a00f-25e3eb819b19,0,0,0,19,,,broken,connection failed,2026-06-29T12:02:11+00:00
d9af76c8-1cee-4090-9510-dc140fb60855,404,0,0,177,Squarespace,Squarespace - Domain Not Claimed,broken,,2026-06-29T12:02:11+00:00
5580b0d4-fe7b-4f4b-b704-6b5eedceabf7,200,0,0,52,,,weak,,2026-06-29T12:02:11+00:00
7f624cb2-be07-451a-8cc2-af6d34142974,200,0,1,337,WordPress,Attorney Robert Bialkin | 1-844-BIALKIN (be-all-kin),weak,,2026-06-29T12:02:11+00:00
bc5a1bcf-5e31-4c37-8a56-7a47afe5be94,200,1,1,243,GoDaddy,HOME,good,,2026-06-29T12:02:11+00:00
8a48910e-e621-4c5f-b3a4-f73754d5d50f,202,0,0,237,,,weak,,2026-06-29T12:02:11+00:00
ae233988-8b47-4783-aab7-0eb7810d93c7,200,1,1,664,Shopify,Grindstone Bakery,good,,2026-06-29T12:02:11+00:00
ada3fa90-fb73-44b9-8cd7-737fcdcb978d,200,0,0,70,,,weak,,2026-06-29T12:02:11+00:00
819ac2e6-988f-4d68-ad51-0d4b5291e568,0,0,0,94,,,broken,connection failed,2026-06-29T12:02:12+00:00
341511f8-ffe4-42af-8d57-4363ba4a86a3,200,1,1,287,,Bialkin.com,good,,2026-06-29T12:02:12+00:00
305077a6-ea50-4190-af27-3caace5e67af,200,1,1,95,Webflow,"B &amp;amp; B Saloon, Beer Tavern, 420 Healdsburg Ave",good,,2026-06-29T12:02:12+00:00
98b12fc5-8d9d-4434-858c-d869aeb0698f,200,1,1,285,Shopify,Home,good,,2026-06-29T12:02:12+00:00
afa14e6b-a874-498e-904a-81f5e29aa0b2,200,1,1,170,GoDaddy,bistro29.com is for sale | HugeDomains,good,,2026-06-29T12:02:12+00:00
54c8bc8e-4800-4187-bead-cca1ae676c10,200,1,1,1237,WordPress,Artisan Bakers | Organic Artisan Bakery &amp; Private Label Partner,good,,2026-06-29T12:02:12+00:00
73600ba1-eaa1-4809-be34-1e2e0652d604,200,1,1,186,,Home - The Daily Grill - Bar &amp; Grill,good,,2026-06-29T12:02:12+00:00
01c4dbc8-216d-4e7b-bbae-c7a1f3d7ad38,0,0,0,15,,,broken,connection failed,2026-06-29T12:02:12+00:00
6fa6d793-f922-4401-9e7a-b64d98515401,200,1,1,419,Squarespace,Blue Ridge Kitchen | American Cuisine | Wood Fire Grill &amp; Classic Cocktails,good,,2026-06-29T12:02:12+00:00
e6e11518-949b-44f3-8d4e-556a0ddf0057,200,1,1,1107,WordPress,John and Jills Cheesecakes &#8211; Delicious.,good,,2026-06-29T12:02:12+00:00
1ed8c025-ecf8-4b79-8a03-80326ac3f448,200,1,1,170,WordPress,"MacArthur Place Hotel &amp; Spa | Luxury Hotel In Sonoma, CA",good,,2026-06-29T12:02:12+00:00
c549cf9b-7f4a-4cf0-9201-d121011770f2,403,1,1,1613,,403 Forbidden,broken,,2026-06-29T12:02:12+00:00
28c460ab-8585-4233-94a0-764bbc305c2c,200,1,1,2204,WordPress,Home - A &amp; G Smog Check,good,,2026-06-29T12:02:12+00:00
00bd2674-cf60-4ea4-a41d-3379a297c142,0,0,0,82,,,broken,connection failed,2026-06-29T12:02:12+00:00
607e2c90-d9d6-4f7a-b75b-740b47a79d84,0,0,0,83,,,broken,connection failed,2026-06-29T12:02:12+00:00
0590d4c7-d8b5-4b9d-8202-b3f2d8bd2210,200,1,1,632,,Mengarahkan...,good,,2026-06-29T12:02:13+00:00
d392d820-7824-4c6b-bb67-842fd8dd40cc,200,1,1,356,,"Black Bean BBQ Catering | Bold Texas BBQ Flavors for Weddings, Corporate Events, and Celebrations.",good,,2026-06-29T12:02:13+00:00
88ebdf0c-2e96-402f-a1c6-5521002882d5,200,1,1,1177,,Foundation for Critical Thinking,good,,2026-06-29T12:02:13+00:00
c11b460a-aa10-428f-a18b-9b484c87ed11,0,0,0,454,,,broken,connection failed,2026-06-29T12:02:13+00:00
b464dc69-3530-4cd8-aa7c-4d1663103d29,0,0,0,265,,,broken,connection failed,2026-06-29T12:02:13+00:00
639cb9c0-748e-4adb-907c-862e7b20b48d,0,0,0,96,,,broken,"ssl: HTTPSConnectionPool(host='dickeys.com', port=443): Max retries exceeded with url: /locations (Caused",2026-06-29T12:02:13+00:00
b578306c-8175-4106-9b03-a52ae6047683,0,0,0,82,,,broken,connection failed,2026-06-29T12:02:13+00:00
8f795509-a118-40a5-95c3-31c83d55485f,0,0,0,88,,,broken,connection failed,2026-06-29T12:02:13+00:00
914abb11-94b7-4a08-ac69-b29afeeef38f,0,0,0,88,,,broken,connection failed,2026-06-29T12:02:13+00:00
2fc749d3-495c-480a-8eaf-d1cb5f3b5bec,200,1,1,176,,St. Francis Barber Shop,good,,2026-06-29T12:02:13+00:00
52a3eb30-8050-4150-a656-e3b75e361f84,0,0,0,9,,,broken,connection failed,2026-06-29T12:02:13+00:00
2464c971-28d1-42bd-90b2-6c417c7cf073,200,1,1,1491,WordPress,PASJACKPOT: Situs Slot Gacor Maxwin Hari Ini Gampang Jackpot Terbesar,good,,2026-06-29T12:02:13+00:00
52917405-b6d6-4762-af06-d6081a4a2cd6,200,1,1,358,WordPress,Home - Red Bee BBQ,good,,2026-06-29T12:02:13+00:00
e1b59e9f-601b-4926-85f8-a80ed372888d,200,1,1,384,Squarespace,Location &mdash; PISCES Skin &amp; Beauty,good,,2026-06-29T12:02:14+00:00
afbd7534-d547-4dce-ada7-aa69c16cf59b,200,0,0,395,,Schellinger Brothers,weak,,2026-06-29T12:02:14+00:00
587156ce-ebeb-47ba-9848-f54de59bc41b,200,1,1,405,,Diego Lopez Construction,good,,2026-06-29T12:02:14+00:00
a4aebdca-543c-42c1-bcf1-d18614b75005,200,1,1,1078,,Pusat Main Demo: Situs Slot Demo Gratis Pragmatic Play & PG Soft Mata Uang Rupiah,good,,2026-06-29T12:02:14+00:00
c8e924f3-5f67-43c9-8c4b-24482591c60b,0,0,0,83,,,broken,connection failed,2026-06-29T12:02:14+00:00
beeb66b2-b7fc-4f3f-b6df-3b43c604d2c3,200,1,1,315,,Store Details,good,,2026-06-29T12:02:14+00:00
c11ba6f9-437a-4a98-806b-e46991ecf41d,200,1,1,325,,CosmoProf - Beauty Supply Distributor &amp; Wholesale Salon Professional Products,good,,2026-06-29T12:02:14+00:00
798cf394-5c93-4a19-861f-c67e806966d8,0,0,0,83,,,broken,connection failed,2026-06-29T12:02:14+00:00
8230c287-fbfb-448f-bfd4-fa8aec5b3cb6,200,0,0,139,,,weak,,2026-06-29T12:02:14+00:00
81685106-1493-4560-afb7-a06002d2518c,0,0,0,83,,,broken,connection failed,2026-06-29T12:02:14+00:00
b54e2de8-b577-4cd3-b85a-72995bb30262,404,1,1,286,,StyleSeat - Online Booking for Hair Stylists & Beauty Professionals,broken,,2026-06-29T12:02:14+00:00
07ba567c-a701-4307-9004-459895710053,200,1,1,222,Wix,Home | Jodi Brusco Hair,good,,2026-06-29T12:02:14+00:00
e8cbc02c-468a-4a30-aa32-6cf8c35c4121,200,1,1,637,,Vitality Center Sebastopol,good,,2026-06-29T12:02:14+00:00
29cff790-8b6b-4631-a152-ec2e9e57f503,200,1,1,258,Wix,Bella Glow Beauty Studio | Bridal Makeup Artist + Spray Tanning,good,,2026-06-29T12:02:14+00:00
d1289137-81f3-4a96-96f1-7049094b4dd7,200,1,1,212,Wix,HOME | Quynh's Nail Spa,good,,2026-06-29T12:02:15+00:00
666d2b94-6fbc-4e71-8b48-64f031f88a6b,0,0,0,85,,,broken,connection failed,2026-06-29T12:02:15+00:00
1b27b5f8-6aa3-4a65-8baa-6b0bcca80a11,404,1,1,230,Squarespace,Sandra Van Blair,broken,,2026-06-29T12:02:15+00:00
06b670b5-dc2e-4926-9e0e-934d4907219c,200,1,1,489,WordPress,Foundation Body Therapy - Home,good,,2026-06-29T12:02:15+00:00
ad543378-5d45-4483-8bcc-1d015fd70ec6,0,0,0,39,,,broken,connection failed,2026-06-29T12:02:15+00:00
ef63f380-07ab-451a-aa69-8269187d08d6,200,1,1,3499,,Bialkin.com,good,,2026-06-29T12:02:15+00:00
7bb35ee2-d1a4-4bac-a2b5-2c57911cd025,200,1,1,665,,Serenitie Skincare,good,,2026-06-29T12:02:15+00:00
54544a75-aff4-4d22-a422-ebb48871becd,202,0,0,244,,,weak,,2026-06-29T12:02:15+00:00
9e9fceed-9772-42c3-850d-e330908db511,200,1,1,2148,,九游·会(J9.game)娱乐官网-真人游戏第一品牌,good,,2026-06-29T12:02:15+00:00
40351783-501e-4184-b897-4351400bb4a0,200,1,1,487,Webflow,Artistree Home Design Studio and Construction Company,good,,2026-06-29T12:02:15+00:00
08132e50-0f33-42eb-9319-17c1f3465ca1,200,1,1,861,,"Booksy - hair stylists, barbers, beauticians... book appointments online!",good,,2026-06-29T12:02:15+00:00
a314aa59-7686-4f5b-9f2d-746454fc3689,200,1,1,3838,WordPress,Jim Callahan &#8211; Sculptor,good,,2026-06-29T12:02:15+00:00
fcfc7252-6cd5-4538-88c7-bf9bb5806991,200,1,1,406,WordPress,Camellia Inn Healdsburg Bed &amp; Breakfast | Healdsburg Bed and Breakfast,good,,2026-06-29T12:02:16+00:00
0326c4d5-2204-4c49-a5ae-14c2d47f8292,200,1,1,487,Wix,Home | gueshousebb,good,,2026-06-29T12:02:16+00:00
19a3aafb-d9ff-4834-98fc-f0b1fbe2f353,200,1,1,99,Squarespace,Spiritual Retreat | Spiritual Healing Retreat | California,good,,2026-06-29T12:02:16+00:00
3e9df174-a429-480e-af0e-8c1e873c2d42,404,1,1,781,,404: This page could not be found.,broken,,2026-06-29T12:02:16+00:00
e61da204-5e3b-46cd-be03-aaa3281aa5f7,200,1,1,198,Squarespace,Coyote Sonoma,good,,2026-06-29T12:02:16+00:00
6b9dcdc5-6496-4663-92fa-685e8e91204f,0,0,0,8,,,broken,connection failed,2026-06-29T12:02:16+00:00
983cbfd0-908c-4cc7-9788-5b2c5e2b9b12,200,1,1,364,Shopify,Bear Republic Brewing Co. &ndash; Bear Republic Brewing Company,good,,2026-06-29T12:02:16+00:00
724bc440-aa10-4e8c-801d-e7254bec2989,0,0,0,83,,,broken,connection failed,2026-06-29T12:02:16+00:00
821e76d4-3864-46ae-9a94-5600a74f142f,200,1,1,617,Shopify,Aabalat Fine and Rare Wines,good,,2026-06-29T12:02:17+00:00
3a733a2d-5cdd-4bb1-858e-a7376b1c3b4a,200,1,1,674,,Cloisonné Wines - Homepage,good,,2026-06-29T12:02:17+00:00
3b0ac06d-51e4-490d-a8aa-361d126b038e,0,0,0,13,,,broken,connection failed,2026-06-29T12:02:17+00:00
2bde0d39-d6e7-4277-976f-082ba541a67c,200,1,1,216,,Le Cache - Shop Premium Wine Cabinets and Wine Storage,good,,2026-06-29T12:02:17+00:00
2ee6b1aa-c270-40f6-9f40-cccf0fdb3e54,200,1,0,77,,,weak,,2026-06-29T12:02:17+00:00
0f2a99c1-62ae-4e0e-a722-490c813b8eaa,200,1,1,2588,WordPress,Healdsburg Hotel | Bella Luna Inn | Sonoma Wine Country B&amp;B,good,,2026-06-29T12:02:17+00:00
3339b42b-1e0b-4543-8559-5d4b9b71654b,202,0,0,275,,,weak,,2026-06-29T12:02:17+00:00
49ce30e6-23c4-427e-b2fc-16aac6e87bd2,200,0,1,191,,"Cumulus Bookkeeping &amp; Consulting, Bookkeeping &amp; Payroll Services",weak,,2026-06-29T12:02:18+00:00
7c67c4c2-3893-4dab-8c9c-b729e8fe707d,200,0,0,277,,,weak,,2026-06-29T12:02:18+00:00
edb375b9-fcf0-439c-b048-37664dfce5d8,200,1,1,178,Squarespace,Field Works Petaluma,good,,2026-06-29T12:02:18+00:00
8fb4cd79-5a15-4a50-9735-7f0d53494dfa,0,0,0,83,,,broken,connection failed,2026-06-29T12:02:18+00:00
add9b143-317a-4460-820b-1a5ca8065871,0,0,0,2643,,,broken,connection failed,2026-06-29T12:02:18+00:00
3b83088f-d33b-461f-b782-77c3e6b5fc23,200,1,1,3001,WordPress,Holcomb House | Trusted Construction Services,good,,2026-06-29T12:02:18+00:00
f2ccf1bc-654f-4d76-aaed-6e1634775d84,0,0,0,797,,,broken,connection failed,2026-06-29T12:02:18+00:00
4dea5796-21ec-4417-9cf2-8860630d05ff,200,0,0,164,,,weak,,2026-06-29T12:02:19+00:00
2992afa1-b4bf-440e-866f-479d296ce8c3,200,1,1,353,Wix,Breakfast &amp; Lunch | Santa Rosa | Hank's Creekside Restaurant,good,,2026-06-29T12:02:19+00:00
11c03ea6-1fe2-4152-b689-7b4865220927,200,1,0,783,,,weak,,2026-06-29T12:02:19+00:00
8bb57459-c2b4-412a-9b1b-1d344d5d7927,200,1,1,432,,"IHOP® Breakfast in Santa Rosa, CA on 2745 4th St",good,,2026-06-29T12:02:19+00:00
112f8f23-02a2-4d36-a4bb-6ade6a77fdd3,200,1,1,210,WordPress,Sonoma County’s Best American Comfort Food | KCs American Kitchen,good,,2026-06-29T12:02:19+00:00
e94c8c7a-00b5-4c90-abe9-bceb80f836b6,200,1,1,1376,Shopify,Womens Fashion Clothing New Arrivals &ndash; Ooh La Luxe,good,,2026-06-29T12:02:19+00:00
61851d09-f33b-40d0-a15d-5bfa8e96f6b4,403,1,1,69,,Just a moment...,broken,,2026-06-29T12:02:19+00:00
052300e4-bb13-4347-8c96-8b79611da628,200,1,1,469,,"Sax&apos;s Joint - Petaluma, CA",good,,2026-06-29T12:02:20+00:00
5649bbba-d649-4c54-8537-f798335ac26d,403,1,1,527,,Just a moment...,broken,,2026-06-29T12:02:20+00:00
648ee278-726b-4522-8f22-96007a726695,200,0,0,81,,,weak,,2026-06-29T12:02:20+00:00
c830e978-b806-42e3-a4bc-5cb1b6924ef3,200,0,1,151,Squarespace,Shady Oak,weak,,2026-06-29T12:02:20+00:00
45401565-0c10-4b2c-b510-d7f4b0f59ad8,0,0,0,15193,,,broken,connection failed,2026-06-29T12:02:20+00:00
e845f616-3980-4e7e-a277-8b1b89b947c6,200,1,1,587,Weebly,Home | CUVER Belgian Brewers,good,,2026-06-29T12:02:20+00:00
fe1ffdbc-8c2f-42e2-83ac-e11ac1d80395,200,1,1,592,WordPress,Lagunitas Home page,good,,2026-06-29T12:02:20+00:00
793357cf-acf6-4f42-9d20-4ec4ca93ba8d,403,1,1,125,,Just a moment...,broken,,2026-06-29T12:02:20+00:00
ff13b81a-67df-455e-8d5b-aa5496efeb17,0,0,0,83,,,broken,connection failed,2026-06-29T12:02:20+00:00
5ec18259-a272-4036-8fe2-81148d5e2143,200,1,1,3446,WordPress,Arns Winery St. Helena California,good,,2026-06-29T12:02:20+00:00
a23d685a-a661-4f50-aa9e-f76eecfe19fb,0,0,0,35,,,broken,connection failed,2026-06-29T12:02:20+00:00
0a63597e-3597-459b-bf85-febae235924f,503,1,1,416,Shopify,Something went wrong,broken,,2026-06-29T12:02:20+00:00
7b327ffa-2c41-421f-83e6-db52fb85a220,200,0,1,204,,Account Suspended,weak,,2026-06-29T12:02:20+00:00
65e1ac2c-3d06-4f4f-9db7-444d7ca8f69e,200,1,1,488,WordPress,Bernards,good,,2026-06-29T12:02:21+00:00
8c8f8f4e-da62-481e-b601-ffa2fd30d11d,200,1,1,72,,A&amp;W Restaurants,good,,2026-06-29T12:02:21+00:00
86287f84-7821-4455-b7ff-a20017a5d5f3,200,1,1,230,,Fast Food in Rohnert Park American Burgers Chicken Tenders Root Beer Floats by A&amp;W,good,,2026-06-29T12:02:21+00:00
bad29b36-d3ad-427d-859d-e2c8d0181e2d,200,1,1,1769,WordPress,Home - La Texanita Mexican Restaurant,good,,2026-06-29T12:02:21+00:00
6430b24f-ecb9-4f06-8868-ddc76264c3cd,200,1,1,393,,"Garage Doors | Hidden Valley Lake, CA | Jeri-Co Garage Doors Inc.",good,,2026-06-29T12:02:21+00:00
f302ce64-5960-4f5e-90f3-e3efbf49e0f6,200,1,1,161,Squarespace,Burgers &amp; Half Bottles,good,,2026-06-29T12:02:21+00:00
df8d856f-8594-4a2e-a9ff-60d2f7361d5e,200,1,1,111,Wix,Best Burgers in Sonoma County | Superburger,good,,2026-06-29T12:02:21+00:00
6ed18cc3-6518-4003-be43-e8c8dfd4cef7,0,0,0,85,,,broken,connection failed,2026-06-29T12:02:21+00:00
1d622a75-abb3-4615-8a00-9edfb38ff925,404,0,0,101,Squarespace,Squarespace - Website Expired,broken,,2026-06-29T12:02:21+00:00
cd9ec583-24ec-4d4d-bd06-31d8631734c2,200,1,1,475,Webflow,San Francisco Startup &amp; Business Attorney | Bend Law Group,good,,2026-06-29T12:02:21+00:00
c9a88d6c-3697-43ef-a2f3-59ff2b45c7e1,200,1,1,401,WordPress,"Santa Rosa Estate Planning Law Firm | Trust and Probate Law Attorney | Galanti &amp; Copenhaver, Inc.",good,,2026-06-29T12:02:21+00:00
153fad9b-e648-43fb-9bb2-447eeae964ce,200,1,1,780,,Acme Burger | American Restaurant in CA,good,,2026-06-29T12:02:21+00:00
6a3bdca0-4241-4824-8cea-805ef25ba222,200,1,1,670,WordPress,"Coombs &amp; Dunlap, LLP | Napa Law Firm",good,,2026-06-29T12:02:22+00:00
190603a5-dec9-4b22-8042-f9ac4a02ae9e,0,0,0,34,,,broken,connection failed,2026-06-29T12:02:22+00:00
10be5d4a-511a-4a3c-ad03-672d8d6cc125,200,1,1,359,,The Law Offices of Pauline M. Deixler - The Law Offices of Pauline M. Deixler,good,,2026-06-29T12:02:22+00:00
cf42bd3a-8273-4955-80d5-4be91c657ab4,200,1,1,461,WordPress,Rogoway Law Group | Skilled Lawyers Representing Businesses,good,,2026-06-29T12:02:22+00:00
ff1524d0-fed7-4dd5-a63c-6831b950f95c,0,0,0,10011,,,broken,connection failed,2026-06-29T12:02:22+00:00
9477d3a8-db31-4c4e-aca3-e8e647e90ab3,403,1,0,223,,Access Denied,broken,,2026-06-29T12:02:22+00:00
e5779704-c25b-4c12-9591-0773707d4a0b,200,1,1,645,WordPress,Legal Advice Sonoma County | Sonoma Law Group,good,,2026-06-29T12:02:22+00:00
c9250ace-20a4-4126-8829-d2dce55ca8a8,200,1,1,457,Squarespace,Menufy: The Easiest Way To Grow Your Restaurant Online,good,,2026-06-29T12:02:22+00:00
06f42992-c4db-480c-a9ec-ccaf8aa0db31,200,1,1,188,Wix,Home | Brothers Cafe | Santa Rosa,good,,2026-06-29T12:02:22+00:00
5e6fa701-5b00-4c66-ad51-bee0cd3f8656,0,0,0,89,,,broken,connection failed,2026-06-29T12:02:22+00:00
f32b3ee5-df75-47c7-bffa-a02399813d0d,0,0,0,616,,,broken,"ssl: HTTPSConnectionPool(host='www.arams.com', port=443): Max retries exceeded with url: / (Caused by SSL",2026-06-29T12:02:22+00:00
c77c96ab-9fda-40c8-a751-c0e556b3d72c,202,1,0,243,,,weak,,2026-06-29T12:02:22+00:00
4d1724f6-58ab-40c6-91aa-e56f9a0230ec,200,0,0,120,,,weak,,2026-06-29T12:02:22+00:00
8cb03079-3c44-4e07-ac5b-768685577dd3,200,1,1,2022,WordPress,Home - JL Construction,good,,2026-06-29T12:02:22+00:00
58f446bd-88d7-4387-a847-83f9cc60219d,0,0,0,35,,,broken,connection failed,2026-06-29T12:02:22+00:00
c254fcc1-b595-4f14-b04d-36e9d18cca82,0,0,0,81,,,broken,connection failed,2026-06-29T12:02:23+00:00
d50e11cd-d878-4e1b-898d-fadc10523d8f,200,1,1,300,WordPress,"Flying Goat Coffee – Buy Weekly, Drink Daily",good,,2026-06-29T12:02:23+00:00
bac60ed3-9bd3-4354-a0e3-40a7ee08af66,0,0,0,240,,,broken,connection failed,2026-06-29T12:02:23+00:00
d3d78f96-e4f5-466f-b727-6165992e5c38,0,0,0,87,,,broken,connection failed,2026-06-29T12:02:23+00:00
e10dc384-fad3-43f3-ba05-0db672503ed8,200,1,1,128,Squarespace,Southside Napa,good,,2026-06-29T12:02:23+00:00
c3b8e34c-68d7-4a1c-b74a-ec6f7af65da5,0,0,0,81,,,broken,connection failed,2026-06-29T12:02:23+00:00
703b4389-d008-4781-9854-0493dff7b93f,200,1,1,340,Wix,Home | Soft Medicine,good,,2026-06-29T12:02:23+00:00
78c7c67d-743a-4797-8d76-a02ced4a934d,200,1,1,625,WordPress,Sonoma Cannabis Tour | Happy Travelers Wine &amp; Weed Tours,good,,2026-06-29T12:02:23+00:00
c64e0690-947f-4cbb-a828-659d3cdb10ac,200,0,1,518,,æ·±å³ç¿è¾¾å»ºç­ææä¾åºæéå ¬å¸,weak,,2026-06-29T12:02:23+00:00
857c543a-616e-4383-819b-eec5cc354678,200,1,0,251,WordPress,"Gavin&#039;s Carpet Cleaning | Professional carpet, tile and upholstery cleaning service",weak,,2026-06-29T12:02:23+00:00
fe58c063-3e37-4a9d-a1be-e3142178b082,200,1,1,383,GoDaddy,Beale Carpet Cleaning,good,,2026-06-29T12:02:23+00:00
b4d375cb-fba5-4a06-a466-d0cd167cf9ee,200,0,1,1298,WordPress,"Brew Santa Rosa CA - Coffee, Tea, and Beer",weak,,2026-06-29T12:02:23+00:00
7b728b65-29eb-485e-8811-e10644daa1cb,404,0,0,205,,404 Not Found,broken,,2026-06-29T12:02:23+00:00
c399ade6-1e7c-4243-8256-cfae556685cb,200,0,0,68,,,weak,,2026-06-29T12:02:23+00:00
ccc34f41-5681-4b9a-bfd1-309b6516aa77,200,1,0,1016,,Loading...,weak,,2026-06-29T12:02:23+00:00
50393749-407c-4478-8f80-9a6321abf119,0,0,0,15118,,,broken,connection failed,2026-06-29T12:02:23+00:00
4e47224d-83b9-405b-a4ae-8bf12592f966,0,0,0,82,,,broken,connection failed,2026-06-29T12:02:23+00:00
bac50746-d958-4c48-991d-3d595c09f5f5,200,1,1,537,,Commercial Cleaning Services | ServiceMaster Clean,good,,2026-06-29T12:02:24+00:00
c82bdec9-1630-49f2-812b-53b0d9fd6998,200,1,1,488,,Commercial Cleaning Services | ServiceMaster Clean,good,,2026-06-29T12:02:24+00:00
9060353b-28e1-46b9-87ad-0f975de6e617,0,0,0,83,,,broken,connection failed,2026-06-29T12:02:24+00:00
f77d16b6-8427-4efa-a0eb-b460e7bf3795,0,0,0,84,,,broken,connection failed,2026-06-29T12:02:24+00:00
4a6f48df-4026-461a-a852-522b246d89ed,200,1,0,440,,"Carpet &amp; Flooring Store in Santa Rosa, CA | Carpet One Floor &amp; Home",weak,,2026-06-29T12:02:24+00:00
a53b1efb-b1bd-43a4-a103-0958f671b752,200,1,0,682,,"Carpet &amp; Flooring Store in Santa Rosa, CA | Carpet One Floor &amp; Home",weak,,2026-06-29T12:02:24+00:00
38fb6b14-cb01-4583-bc8f-4caba65f7e5a,200,1,1,187,Squarespace,Coby Leibman | Integrated Somatic Therapy and Healing | Sonoma,good,,2026-06-29T12:02:24+00:00
2d92d7bd-5abe-4358-8257-b48de1b8faef,200,1,1,365,GoDaddy,Check In Catering,good,,2026-06-29T12:02:24+00:00
03f04025-15ed-4d06-866a-2d78373e4e65,200,1,1,1179,,"Sherwin-Williams Floorcovering Store - Santa Rosa, CA #708596",good,,2026-06-29T12:02:24+00:00
7a3080ec-40dc-4046-a0fb-431ba9d4facb,200,1,1,784,WordPress,Petaluma - Apple Spice,good,,2026-06-29T12:02:24+00:00
0d0af334-5d04-4043-90dc-a5621325ddaf,200,1,1,1043,WordPress,Sonoma and Rohnert Park&#039;s Most Trusted Flooring Company | Rugworks,good,,2026-06-29T12:02:24+00:00
4388de0a-3776-483f-aaf8-13034dbd997f,0,0,0,34,,,broken,connection failed,2026-06-29T12:02:25+00:00
b0c79ad0-95be-4ae9-a53d-318081b0bf07,200,1,1,303,Wix,"Paella del Reyes Catering Serving Sonoma, Napa, Marin &amp; The Bay Area",good,,2026-06-29T12:02:25+00:00
076b3af0-e3b0-491d-9cef-f7d4de7e796e,0,0,0,1759,,,broken,"ssl: HTTPSConnectionPool(host='www.carlscarpetcleaningservice.com', port=443): Max retries exceeded with ",2026-06-29T12:02:25+00:00
8a79ed70-4116-4708-a958-89b669588a4a,200,1,1,575,GoDaddy,Home - Chef Pete Coleman,good,,2026-06-29T12:02:25+00:00
3521a04e-2168-43dd-854a-a8f1694251f7,200,1,1,286,,Migliori Casino Non AAMS Affidabili | Casinò Senza AAMS,good,,2026-06-29T12:02:25+00:00
b184eef3-beff-4a28-82c3-249ca52b536f,202,0,0,177,,,weak,,2026-06-29T12:02:25+00:00
f4ef416f-d9fc-4ec1-82d9-9c806196c57f,200,1,1,212,WordPress,"Tommy&#039;s Salsa, Novato Mexican Restaurant. Fresh, authentic food",good,,2026-06-29T12:02:25+00:00
2aa8c253-0563-4554-8f2c-5885b155917e,200,0,0,266,,,weak,,2026-06-29T12:02:25+00:00
68c16351-5793-4009-b742-df14ed87a57f,0,0,0,81,,,broken,connection failed,2026-06-29T12:02:25+00:00
170e5ef3-a245-47b9-b933-08c0e72ba9e3,200,1,1,140,WordPress,North Bay Children&#039;s Center: Early Care &amp; Education Since 1988,good,,2026-06-29T12:02:25+00:00
c47e4efa-ed08-4f30-8f96-887baf56d232,200,1,1,273,,Home | Dave's Hot Chicken,good,,2026-06-29T12:02:25+00:00
20035603-d7b8-42c6-a319-abf181aafbe4,200,1,1,248,WordPress,North Bay Children&#039;s Center: Early Care &amp; Education Since 1988,good,,2026-06-29T12:02:25+00:00
394120de-a9a9-4db7-8696-99a3e61aca47,0,0,0,51,,,broken,connection failed,2026-06-29T12:02:25+00:00
86ba7676-d02d-40f5-bb80-2c900be13b88,0,0,0,177,,,broken,"ssl: HTTPSConnectionPool(host='stores.shopjustice.com', port=443): Max retries exceeded with url: /s/sant",2026-06-29T12:02:25+00:00
55c4b7d5-cd46-4248-b5d2-4f7e2ddc19ad,0,0,0,39,,,broken,connection failed,2026-06-29T12:02:25+00:00
814e531d-2a35-4c23-9ecd-0e6e8b9bf22d,200,1,1,434,,Head Start | HeadStart.gov,good,,2026-06-29T12:02:25+00:00
46b3029c-a77d-4c66-81dc-0ed5d2654cca,200,1,1,330,,Justice - Walmart.com,good,,2026-06-29T12:02:25+00:00
9a3a012e-f6da-4d1b-95e4-6693b90c076c,200,1,1,216,Wix,"Balance Chiropractic | Oakland, California |USA",good,,2026-06-29T12:02:25+00:00
d897c1d6-7bfc-4460-b34f-99159a13b83f,200,1,1,586,Shopify,Baby Clothing Store | ShopCupcake,good,,2026-06-29T12:02:25+00:00
627b6e05-cd88-4d26-80b7-6ba80a49ff0c,200,1,1,230,,ChiroMarin,good,,2026-06-29T12:02:25+00:00
b705b169-9f6c-4eef-8e08-579a41e2ad6c,0,0,0,10014,,,broken,connection failed,2026-06-29T12:02:25+00:00
29340330-7396-4ef6-a4f0-53695e4a562a,200,1,1,226,Wix,HOME | CHIROPRACTOR,good,,2026-06-29T12:02:26+00:00
2cc32c89-451e-4ede-bbe8-6b89030a6f34,200,1,1,345,,"Santa Rosa Chiropractor | Chiropractor in Santa Rosa | Reno, VA Chiropractic | Orinda, CA",good,,2026-06-29T12:02:26+00:00
f607f471-3cef-4419-8f80-35ed3da12800,0,0,0,15115,,,broken,connection failed,2026-06-29T12:02:26+00:00
b6232918-427d-442b-a0fb-bed7332c0695,200,1,1,521,,"Home | Petaluma, CA Chiropractor | Heart and Hands Chiropractic",good,,2026-06-29T12:02:26+00:00
496b48fa-1a14-41bd-8fec-10e58aa50fbc,200,1,1,1171,WordPress,"Chiropractor - Santa Rosa, CA - Acorn Chiropractic Club - Schedule Online",good,,2026-06-29T12:02:26+00:00
d3c04428-8617-4941-acd4-02e141bb8d17,0,0,0,83,,,broken,connection failed,2026-06-29T12:02:26+00:00
580a6d00-06ef-41af-bc38-41c6d67857ce,200,1,1,849,WordPress,Santarosa Chiropractor,good,,2026-06-29T12:02:26+00:00
919637b3-17b8-4b57-b8ab-4976f14b63c5,0,0,0,82,,,broken,connection failed,2026-06-29T12:02:27+00:00
e2d0d5d5-24f4-4ed1-8f4a-75e6bf545877,0,0,0,252,,,broken,connection failed,2026-06-29T12:02:27+00:00
7174a95d-ab3f-4ea2-a291-a894558c8979,0,0,0,87,,,broken,connection failed,2026-06-29T12:02:27+00:00
e4a1036c-7e0b-406b-a9ae-62367adf2c29,200,0,1,331,Squarespace,Allison [in wine country]Allison in wine country,weak,,2026-06-29T12:02:27+00:00
c0492f09-e537-430a-bd69-d5e63d8054c3,200,1,1,504,Shopify,Bon Ton Studio,good,,2026-06-29T12:02:27+00:00
2b27a05c-67c7-4f87-891b-bcedb48179c1,0,0,0,15090,,,broken,connection failed,2026-06-29T12:02:27+00:00
e996b4c3-0520-4a11-859c-c43a3f20fb83,200,1,1,3140,,Cari JALANTOTO Ï Disini Bandar Togel Online dengan Nuansa Baru,good,,2026-06-29T12:02:27+00:00
eb662ee8-93b6-4692-839a-6c0c345f546f,200,1,1,149,Squarespace,Dom Chi Designs | Discover Unique Styles &mdash; Shop Now,good,,2026-06-29T12:02:27+00:00
285ec598-fba7-42bd-8924-c65de31ffcc4,200,1,1,2386,WordPress,8 Daftar Game Slot Gacor Online Terbesar &amp; Terpercaya - jennielow.com,good,,2026-06-29T12:02:27+00:00
9d95cdcd-3bd3-4d82-8e72-1cd6c244794f,0,0,0,83,,,broken,connection failed,2026-06-29T12:02:27+00:00
1948c195-929a-4ea9-b33f-ebe8a1e22a3e,200,1,1,2023,WordPress,New Patient Special | Chiropractor Sebastopol CA,good,,2026-06-29T12:02:27+00:00
674a16d9-f9c7-4370-9ac9-fb734bfc1497,200,1,1,730,,Deals. Brands. WOW! at Burlington,good,,2026-06-29T12:02:28+00:00
2ec4e3c3-b4b4-42c8-99f7-b1b44f98a2f5,200,1,1,420,Shopify,"Eddie Bauer: Outdoor Apparel, Outerwear &amp; Gear | Free Shipping $99+",good,,2026-06-29T12:02:28+00:00
6815007d-09e0-47b3-9f12-5b1f13e93ff1,403,0,0,168,,Access Denied,broken,,2026-06-29T12:02:28+00:00
1eec5473-3a5c-4024-9636-0b6eb1923330,200,1,1,495,Shopify,"Simon: Shopping, Dining and Entertainment Destinations Near You",good,,2026-06-29T12:02:28+00:00
506b5ff5-7da6-48fa-98c6-86462c2556b5,200,1,1,158,,Pedestrian &amp; Landside Crosswalk Safety Solutions| LightGuard Systems,good,,2026-06-29T12:02:28+00:00
2a81b562-9cfe-4b2d-b2b4-9ae44f7b017f,200,1,1,168,GoDaddy,Vintage Native American Western Hawaiian - Lonesome Cowboy Ranch,good,,2026-06-29T12:02:28+00:00
7f4201c0-d308-4644-a4b0-048cd31edcde,200,1,1,666,Shopify,FORTY FIVE TEN,good,,2026-06-29T12:02:28+00:00
e903ba3f-e1e7-4069-bb5c-d222df13376f,200,1,1,457,WordPress,"LifeSafer Ignition Interlock at Lifesafer Of No. Ca - Novato, Novato, CA 94949",good,,2026-06-29T12:02:28+00:00
2c983b74-7ea2-4bda-9295-83af2cfc8f18,200,1,1,899,,Lingerie | Luxury Lingerie Collection | La Perla,good,,2026-06-29T12:02:28+00:00
3ff4a6fb-cee3-49ce-a81b-9156947756f0,200,1,1,430,WordPress,"RoadGuard Interlock Installation 6025 Labath Ave Rohnert Park, CA",good,,2026-06-29T12:02:28+00:00
a5f87fff-025d-483b-8dcc-bfe34d772b2f,200,0,0,120,,,weak,,2026-06-29T12:02:28+00:00
0b8e262a-9bb8-4337-a6c9-b6ddc6981ddc,0,0,0,12,,,broken,connection failed,2026-06-29T12:02:28+00:00
d511d2f7-d6db-4ba4-8fff-05cb8778b81e,403,1,1,97,,Something went wrong.,broken,,2026-06-29T12:02:28+00:00
7566e418-9ff0-4987-99a8-fab6a7f81ccd,200,1,1,547,WordPress,"ACCU-LINE BRAKE AND WHEEL &#8211; Petaluma, CA Ignition Interlock Services | Low Cost Interlock",good,,2026-06-29T12:02:28+00:00
3254ecdd-f0e0-4dbf-bb9f-cbd8858e78d4,200,1,1,380,Shopify,BOLAGILA : Situs Toto Online dengan Live Result Cepat dan Data Presisi,good,,2026-06-29T12:02:29+00:00
5086b129-3314-44ed-b1c4-a9c5dc9b8258,200,1,1,2626,,"Chiropractor in Santa Rosa, CA | Toth Chiropractic",good,,2026-06-29T12:02:29+00:00
88777e4b-7c54-4ce3-8faf-2b0cce4ba910,202,1,0,136,,,weak,,2026-06-29T12:02:29+00:00
b770ff3a-5849-4327-8d7f-7b98ca534ca7,404,1,0,301,Squarespace,Squarespace - Website Expired,broken,,2026-06-29T12:02:29+00:00
20a957fc-b6be-4008-8d3b-dc01321e9048,200,1,1,362,Wix,"Negris Italian Dinners and Joe's Bar, Occidental",good,,2026-06-29T12:02:29+00:00
c6342ce8-f975-4648-83c7-06ff948c87f9,0,0,0,408,,,broken,connection failed,2026-06-29T12:02:29+00:00
b4a80139-9dd5-4aab-af70-376d513a587a,200,1,1,1019,WordPress,"CARTRONICS &#8211; Santa Rosa, CA Ignition Interlock Services | Low Cost Interlock",good,,2026-06-29T12:02:29+00:00
4cc503bf-b493-4219-a229-9d1d071febe9,404,1,0,338,Shopify,This store is unavailable,broken,,2026-06-29T12:02:29+00:00
37986ab3-7eec-4dd0-adba-4f7cf9437892,0,0,0,83,,,broken,connection failed,2026-06-29T12:02:29+00:00
97b8d73d-1e8c-472d-b9e9-101608afa648,404,0,0,124,,Not Found,broken,,2026-06-29T12:02:29+00:00
9dee2a13-2461-43fa-b358-97b5c73ae601,0,0,0,55,,,broken,connection failed,2026-06-29T12:02:29+00:00
f4d47f7b-2e4b-4ae8-bc62-02471e64c6ef,403,1,1,124,,Just a moment...,broken,,2026-06-29T12:02:29+00:00
d6c69aab-12ea-4cff-ab5b-371db57d1846,0,0,0,114,,,broken,connection failed,2026-06-29T12:02:29+00:00
d34bbd83-14ba-4135-9df1-a512e0c6dbfc,200,0,0,47,,,weak,,2026-06-29T12:02:29+00:00
08e67b25-583d-47eb-8d0d-3c06d1ba41e6,0,0,0,312,,,broken,connection failed,2026-06-29T12:02:29+00:00
f2eb6990-b9f5-4db6-8d84-c590a9df1d3f,0,0,0,166,,,broken,connection failed,2026-06-29T12:02:29+00:00
52e701ff-6beb-4dd5-84ee-8c68d3f1b81e,200,1,1,294,Shopify,"Gloria Jean’s Coffees: Gourmet Flavors, Flavor Famous",good,,2026-06-29T12:02:29+00:00
3a7129ff-1820-4d2d-8bd3-2028e9be46aa,0,0,0,227,,,broken,"ssl: HTTPSConnectionPool(host='www.letitbeejuice.com', port=443): Max retries exceeded with url: / (Cause",2026-06-29T12:02:30+00:00
4f533710-f2d5-47ee-b498-7f82551523b6,200,1,1,323,Squarespace,Specialty Coffee Roasters | Napa Valley Coffee Roasting Company,good,,2026-06-29T12:02:30+00:00
b5f999c5-cd45-4340-919f-515d6d297c43,200,1,1,575,Shopify,Land and Water Coffee - Santa Rosa Specialty Coffee Roasting Company,good,,2026-06-29T12:02:30+00:00
aa0ddd8e-aa1e-403c-80e0-f1898a70198c,200,1,1,338,Shopify,Peet&#39;s Coffee | The Original Craft Coffee Since 1966,good,,2026-06-29T12:02:30+00:00
6523369f-fd1f-4dc1-a927-171a77f101e8,0,0,0,15141,,,broken,connection failed,2026-06-29T12:02:30+00:00
06842cd0-7d5e-4459-846f-0bb36bc4b52c,200,1,1,305,Shopify,Peet&#39;s Coffee | The Original Craft Coffee Since 1966,good,,2026-06-29T12:02:30+00:00
1f4566a8-276b-482f-9d67-1926471587d0,200,1,1,219,GoDaddy,Perry&#x27;s On the Marina,good,,2026-06-29T12:02:30+00:00
15dedbf6-498a-44ca-a0ae-3bb0f2607dab,200,1,1,199,Squarespace,PINK OWL COFFEE,good,,2026-06-29T12:02:30+00:00
a0b07955-6082-44a2-8a02-5fda9801f626,0,0,0,10,,,broken,connection failed,2026-06-29T12:02:30+00:00
436ed120-2921-4f86-a70c-974e27d4ee21,200,1,1,70,WordPress,"MacArthur Place Hotel &amp; Spa | Luxury Hotel In Sonoma, CA",good,,2026-06-29T12:02:30+00:00
cc8d124e-05a5-403d-8e17-8796f6162ce4,200,1,1,323,Squarespace,Sonoma&#39;s Best,good,,2026-06-29T12:02:30+00:00
5916e844-a887-47a4-bda9-13b692ce26d8,200,1,1,354,Shopify,Taylor Lane: Premium Organic Coffee | Sonoma County,good,,2026-06-29T12:02:30+00:00
6066eefb-ad68-419c-9160-3a6b4c3be50c,200,1,1,489,Shopify,Taylor Lane: Premium Organic Coffee | Sonoma County,good,,2026-06-29T12:02:31+00:00
139b9c02-b179-4c3a-8733-c81396c5b3bb,200,1,1,221,GoDaddy,topsyskitchen.com,good,,2026-06-29T12:02:31+00:00
a94bdc07-3113-4ac4-9102-690ab3190c1c,200,1,1,128,Wix,"Albatross Custon Construction | Residential remodeling | 7677 Occidental Road, Sebastopol, CA, USA",good,,2026-06-29T12:02:31+00:00
95f2e979-6f2f-4abc-945d-93d05994aa8f,200,1,1,800,Shopify,Wolf Coffee Company | Organic Coffee for Hospitality &amp; Home | Sonoma,good,,2026-06-29T12:02:31+00:00
0678e0a9-e01b-419d-9aaa-dfe0967b1b04,0,0,0,36,,,broken,connection failed,2026-06-29T12:02:31+00:00
74426dde-7728-4e1e-b5ff-9b67f40445d4,0,0,0,84,,,broken,connection failed,2026-06-29T12:02:31+00:00
d98ec3a1-ec9d-4da2-ab4c-edb8c15b861e,200,1,1,904,Shopify,Wolf Coffee Company | Organic Coffee for Hospitality &amp; Home | Sonoma,good,,2026-06-29T12:02:31+00:00
8299250b-a69d-44aa-a259-30dfd32a2196,200,0,0,162,,,weak,,2026-06-29T12:02:31+00:00
1b321d4d-031e-4f03-960c-5ab926c0ce49,0,0,0,14,,,broken,connection failed,2026-06-29T12:02:31+00:00
f818aeb2-58b7-419f-9d06-bfa11587bede,200,0,0,227,,"All Phase Roofing | Novato, CA 94947",weak,,2026-06-29T12:02:31+00:00
517f4745-cbef-4f71-ab64-8c9abad2a06d,200,0,0,120,,,weak,,2026-06-29T12:02:31+00:00
84ef6875-6fb9-41f4-98b3-3fb04851ca2a,200,1,1,267,GoDaddy,Home Page,good,,2026-06-29T12:02:32+00:00
feb40973-1bf6-4ba1-9275-010e841f414e,200,1,0,2539,,Redirect...,weak,,2026-06-29T12:02:32+00:00
b3e5afb5-2f44-44d7-966d-ea425bf738f4,0,0,0,83,,,broken,connection failed,2026-06-29T12:02:32+00:00
35236cf7-73bf-4bf6-a75b-df2686d42d11,0,0,0,86,,,broken,connection failed,2026-06-29T12:02:32+00:00
90ec06c1-1cda-44e4-97d8-d25729f2c85a,200,0,0,267,,Swimming Pool | Bertram Pools,weak,,2026-06-29T12:02:32+00:00
761ecfb2-b814-457b-8d5e-3127a4bda609,0,0,0,1297,,,broken,connection failed,2026-06-29T12:02:32+00:00
ed04468a-966c-466c-b712-3d1b32d01c50,0,0,0,86,,,broken,connection failed,2026-06-29T12:02:32+00:00
a37a4f76-0aeb-4d29-9018-b824e15266bd,200,0,1,163,,Coming Soon,weak,,2026-06-29T12:02:32+00:00
df84ef00-591b-46a2-8700-07b6bc4f6704,0,0,0,204,,,broken,"ssl: HTTPSConnectionPool(host='commercialasphaltportal.com', port=443): Max retries exceeded with url: / ",2026-06-29T12:02:32+00:00
6133067b-29cc-41e5-91f8-f6b4a422a55e,0,0,0,34,,,broken,connection failed,2026-06-29T12:02:32+00:00
f81a0fbc-1666-42fb-8f20-70ceb92be7f9,0,0,0,83,,,broken,connection failed,2026-06-29T12:02:32+00:00
e89e6877-444b-4300-a43f-4adacc983699,0,0,0,20,,,broken,connection failed,2026-06-29T12:02:32+00:00
66d6248e-5863-4ca9-bddc-cc1b84832f87,0,0,0,22,,,broken,connection failed,2026-06-29T12:02:32+00:00
1e131d30-6f0b-420d-a435-9754f272a083,200,1,1,610,,CSLB-Home -CSLB,good,,2026-06-29T12:02:32+00:00
157da7c2-a2f2-4ac7-aa03-bc1343de0000,202,1,0,515,,,weak,,2026-06-29T12:02:32+00:00
770d1d9b-a5c0-425c-aad5-6e93abb72319,200,1,1,222,WordPress,Lavish &amp; Sons Painting | Painting Company | Santa Rosa,good,,2026-06-29T12:02:32+00:00
7ffc19f1-4a75-4955-901c-a2a9e49ffb78,0,0,0,9,,,broken,connection failed,2026-06-29T12:02:32+00:00
60fd67ff-f6af-486c-967a-9dd3d5e328cf,0,0,0,529,,,broken,"ssl: HTTPSConnectionPool(host='www.landinno.com', port=443): Max retries exceeded with url: /index.html (",2026-06-29T12:02:33+00:00
ed39c027-610d-42fb-a4aa-ce4f1c16ea52,0,0,0,15,,,broken,connection failed,2026-06-29T12:02:33+00:00
cd0fa70a-81d0-4839-97f8-f4f9243ea0c0,200,1,1,123,Wix,Construction | Mds Construction | United States,good,,2026-06-29T12:02:33+00:00
ee7fa7af-7c39-4630-af05-d9f22b90b475,0,0,0,46,,,broken,connection failed,2026-06-29T12:02:33+00:00
593516e7-686c-421f-b359-1a5b6cdb4c28,200,1,1,107,Squarespace,Nelson Construction,good,,2026-06-29T12:02:33+00:00
c1640e6e-ca23-42a8-8dba-aae114925bb6,0,0,0,87,,,broken,connection failed,2026-06-29T12:02:33+00:00
e76da28b-8fa7-46e4-8747-9951ea321d87,200,1,0,1018,,"Empire Insulation Contractors | Insulation | Santa Rosa, CA",weak,,2026-06-29T12:02:33+00:00
7ebed834-649d-4c80-9a4f-2792347d393b,0,0,0,34,,,broken,connection failed,2026-06-29T12:02:33+00:00
3c78dbee-cdee-4ea7-b217-dd05fe83c1f4,0,0,0,80,,,broken,connection failed,2026-06-29T12:02:33+00:00
3b8b4ef9-0919-45e1-a3f9-86aa6a8144ad,0,0,0,57,,,broken,connection failed,2026-06-29T12:02:33+00:00
0cb635a7-cf9b-4c36-8b74-b7810ae60794,200,1,1,99,,DropCatch.com,good,,2026-06-29T12:02:33+00:00
7d5279db-0c92-4fda-ae01-f227c292db38,200,1,1,712,Wix,"Les Petersen Drilling &amp; Pump|Santa Rosa,CASonoma County|Water Wells",good,,2026-06-29T12:02:33+00:00
ebc949d6-6e14-42b6-b61d-76ee4e703fcc,0,0,0,34,,,broken,connection failed,2026-06-29T12:02:33+00:00
b1c0972d-1a2b-4cde-88d8-faa2dbc58f11,200,1,1,421,,"San Carlos Concrete, Inc.",good,,2026-06-29T12:02:33+00:00
d625d494-3a0a-4d33-8c18-f19de7931c5e,200,1,1,435,GoDaddy,Commercial | Residential | Masonry Construction | Contractor,good,,2026-06-29T12:02:33+00:00
ee55c209-67ef-4845-b970-f7563e12aede,0,0,0,35,,,broken,connection failed,2026-06-29T12:02:33+00:00
e4ec57a6-2454-466a-a245-86ce2c6598d9,200,1,1,424,WordPress,Custom Building Movers Inc. &#8211; Structural Movers Ontario,good,,2026-06-29T12:02:33+00:00
1897267f-4791-42e2-9d5f-23f428693e75,0,0,0,85,,,broken,connection failed,2026-06-29T12:02:34+00:00
38e65bc5-a16c-4da5-acfd-56f7691676a2,200,0,0,521,,Water Squared (707) 477.2867,weak,,2026-06-29T12:02:34+00:00
3dcc1908-a346-4f9a-a437-553b2c476610,200,1,1,481,WordPress,Home - Wilson James,good,,2026-06-29T12:02:34+00:00
8ba3ea7a-6b85-456a-b74d-6ae4b19b5cc7,200,1,1,3468,WordPress,Non Stop Portable Buildings | Old Hickory Buildings,good,,2026-06-29T12:02:34+00:00
95273b42-d10a-4ad0-9a80-37fb48bead23,200,1,1,601,,Phillip J. Catalon DDS - Home,good,,2026-06-29T12:02:34+00:00
bb902cc7-2116-4fed-960a-bbef16d9ca48,200,1,1,110,WordPress,"Harit J. Nijjar, DDS, Santa Rosa, CA, General and Cosmetic Dentistry",good,,2026-06-29T12:02:34+00:00
dbd54c8f-88dc-4d17-9d2c-10477c6e7ced,200,0,0,185,,,weak,,2026-06-29T12:02:35+00:00
b38fac79-1683-4cae-a5d5-e237ca1ff287,200,1,1,1791,,"EDA Software, Hardware & Tools | Siemens",good,,2026-06-29T12:02:35+00:00
12ce7363-2bca-4c80-9878-0585f7b012bb,200,1,1,242,WordPress,Dentist Santa Rosa CA | General &amp; Cosmetic Dentistry | Buzza Dental Group,good,,2026-06-29T12:02:35+00:00
0f370996-bf14-487a-a0c3-b8a808a8c92c,200,1,1,1198,,Oshadhi Home Page,good,,2026-06-29T12:02:35+00:00
840eb519-c7a5-4c20-b5d3-fe0ced220173,200,1,0,376,,"Happy Smiles Dental Practice in Lake County, California",weak,,2026-06-29T12:02:35+00:00
5162664b-ab6c-4049-985f-d8466a0d50d8,0,0,0,40,,,broken,connection failed,2026-06-29T12:02:35+00:00
69902023-f74f-4276-a205-bfb0a7338816,0,0,0,15104,,,broken,connection failed,2026-06-29T12:02:35+00:00
ecddb511-6370-4812-bb48-1cbdc9a87dc6,200,1,1,143,WordPress,"Family & Cosmetic Dentist Santa Rosa, CA | Nicole Le, DDS & John Savko, DDS",good,,2026-06-29T12:02:35+00:00
79e93826-f7cd-424b-a84c-ddb2e46c5399,0,0,0,34,,,broken,connection failed,2026-06-29T12:02:35+00:00
50af3abb-a1b3-4e98-97ce-359331487fdb,200,1,1,243,,Home,good,,2026-06-29T12:02:35+00:00
4b1c788b-a183-4be1-80b4-9e34132e9c4b,200,1,1,635,GoDaddy,Signature Smiles | Aesthetic Restorative Dentistry Services,good,,2026-06-29T12:02:35+00:00
f38154bb-f22e-46b0-ae52-838a1ca0c7f4,200,1,1,400,Shopify,What Happened to SmileDirectClub? | SmileSet,good,,2026-06-29T12:02:35+00:00
8c9744f1-cfd3-40d3-9a86-6fe44304c178,200,1,1,614,WordPress,"Dentist in Novato, CA | San Marin Dental Care",good,,2026-06-29T12:02:36+00:00
6f7124d1-8aa1-4c13-8524-269a1521a8e0,0,0,0,10014,,,broken,connection failed,2026-06-29T12:02:36+00:00
8373a9bb-41de-49e9-92a4-67dbd55d6bba,200,1,1,345,WordPress,Dentist Rohnert Park CA | Sonoma Smiles,good,,2026-06-29T12:02:36+00:00
8cd77244-b41c-4a5e-a401-a59ca90e87cf,200,1,1,1231,WordPress,"Dermatologist in Santa Rosa, CA | Santa Rosa Dermatology",good,,2026-06-29T12:02:37+00:00
a6c41eea-1831-48ab-9366-194858d15760,200,1,1,270,,"Home - NorCal Dermatology - NorCal Dermatology | Santa Rosa, CA",good,,2026-06-29T12:02:37+00:00
9df942d5-2155-46e4-9376-fad6dbd3ca7b,202,1,0,280,,,weak,,2026-06-29T12:02:37+00:00
c2d8a488-7d44-4d3f-8dd1-736fca995e14,200,1,1,203,,"FedEx Office - Santa Rosa, CA | Print, Ship, Pack &amp; Return",good,,2026-06-29T12:02:37+00:00
753b9256-b2dd-4889-8258-c088b39d5ea3,200,1,1,2183,WordPress,Cosmetic - Plastic Surgery - Santa Rosa,good,,2026-06-29T12:02:38+00:00
8aae224d-2dfb-48d0-97b5-1709859f5d96,200,1,1,2057,WordPress,Cosmetic - Plastic Surgery - Santa Rosa,good,,2026-06-29T12:02:38+00:00
b2e2b4b6-656d-4e63-8d17-78a7f5664a4f,200,1,1,55,,"FedEx Office - Petaluma, CA | Print, Ship, Pack &amp; Return",good,,2026-06-29T12:02:38+00:00
e6d4c9de-4ebc-4231-9f85-29b2feced6c6,200,1,1,127,,"FedEx Ship Center - Petaluma, CA - 2275 S McDowell Blvd Ext 94954",good,,2026-06-29T12:02:38+00:00
c6ccad17-3b64-4ac7-96ee-d1638732be4a,200,1,1,249,WordPress,OnTrac,good,,2026-06-29T12:02:38+00:00
473aaa90-7aa4-43c5-9a49-3c9fbf3c04b4,200,1,1,482,,"UPS Locations in PETALUMA, CA",good,,2026-06-29T12:02:38+00:00
af199511-03ee-4539-a984-69c34eb52b0f,0,0,0,36,,,broken,connection failed,2026-06-29T12:02:38+00:00
de993a38-bad5-4f3a-87da-f5895c950a4d,200,0,0,108,,,weak,,2026-06-29T12:02:39+00:00
21a305ec-7717-419d-9a64-2e0c080effb8,200,1,1,866,WordPress,Keller Street Cowork &#8211; More than just a place to work.,good,,2026-06-29T12:02:39+00:00
032fc6dd-5ff6-437a-ab3f-d9ee7a565709,200,1,1,5227,WordPress,"Blue Apple Dental Implant, Orthodontic &#038; Family Dentists in Rohnert Park, California",weak,,2026-06-29T12:02:39+00:00
71b452ed-84e0-4466-a582-7794571a8311,0,0,0,23,,,broken,connection failed,2026-06-29T12:02:39+00:00
633b9aa7-9cc9-4ac6-bc90-05214ae83d0e,403,0,0,490,,å¯çè¯·æ±æ¦æªéç¥,broken,,2026-06-29T12:02:39+00:00
7cd22653-df21-4deb-8c83-3364718c77b4,200,1,1,175,Wix,Home | Grapevine Skin Care | Waxing &amp; Plasma-Fibroblast in Sonoma,good,,2026-06-29T12:02:39+00:00
d52cc84c-5d62-482f-b8a1-41a385a8d4aa,200,1,1,206,Wix,healthmassage-santarosa,good,,2026-06-29T12:02:39+00:00
da836b2c-eac1-4260-898a-c2f6e1febc1e,200,1,1,224,,New Day Massage,good,,2026-06-29T12:02:39+00:00
a049bdf1-6752-4b40-8ac8-287c4ac593a4,429,1,0,207,,,broken,,2026-06-29T12:02:39+00:00
b2cf579b-b6f7-4f4d-b191-2414b5a9488b,200,1,1,3715,WordPress,Cosmetic - Plastic Surgery - Santa Rosa,good,,2026-06-29T12:02:40+00:00
e8fd98e9-9bf9-4f57-a81c-1450e0ea5839,404,1,0,644,,,broken,,2026-06-29T12:02:40+00:00
548e277c-aa0c-492e-a1dc-f1bba4d61c38,200,1,1,91,,"Four Seasons Luxury Spa Resort In Napa Valley, Calistoga",good,,2026-06-29T12:02:40+00:00
592fc377-03d8-431c-9298-44e926b24836,0,0,0,15051,,,broken,timeout,2026-06-29T12:02:40+00:00
b0f67d80-a78a-4409-b484-30883e14fb8e,200,0,1,357,,stevenpaynesalonandspa.com&nbsp;-&nbsp;stevenpaynesalonandspa Resources and Information.,weak,,2026-06-29T12:02:40+00:00
92e94d04-5a19-430c-b03f-32ac20c008e8,200,1,1,823,,Calistoga Spa in Napa Valley | Calistoga Spa Hot Springs,good,,2026-06-29T12:02:40+00:00
eeb86c16-f14d-447c-8289-0fc07d52c5c1,0,0,0,83,,,broken,connection failed,2026-06-29T12:02:40+00:00
1f520974-41fd-4ba1-aa29-72d24b2f32fe,200,1,1,301,,The Spa at The Lodge | The Lodge at Sonoma,good,,2026-06-29T12:02:40+00:00
6757ed31-efb4-474e-a70f-c61111d276ac,0,0,0,94,,,broken,connection failed,2026-06-29T12:02:40+00:00
cd660c11-253f-49c9-97a5-a32535c42f87,200,1,1,869,WordPress,"Sonoma Spa Resorts, Healdsburg CA Spa | Montage Healdsburg",good,,2026-06-29T12:02:40+00:00
372ded87-9a65-4cfe-8eec-cb515d76f706,0,0,0,88,,,broken,connection failed,2026-06-29T12:02:40+00:00
d9ce756e-6e10-4912-9fb2-e2db09c0b2a5,0,0,0,38,,,broken,connection failed,2026-06-29T12:02:40+00:00
cb949e7e-9fea-4768-a443-85c4f4e99061,200,1,1,144,Webflow,You. Day Spa,good,,2026-06-29T12:02:40+00:00
aae1b226-993a-4d9f-9897-4d817b8277ed,202,1,0,293,,,weak,,2026-06-29T12:02:41+00:00
39fb0ea0-9452-4328-b0d6-7024969bd652,0,0,0,47,,,broken,connection failed,2026-06-29T12:02:41+00:00
de56032f-1c4b-4d76-b10a-8e70bb2d0798,200,1,1,363,WordPress,"Orthodontist in Petaluma, CA | Kirk Orthodontics",good,,2026-06-29T12:02:41+00:00
fdfb1262-3269-4d57-9a9f-8ef5c282b951,200,1,1,84,WordPress,"Family & Cosmetic Dentist Santa Rosa, CA | Nicole Le, DDS & John Savko, DDS",good,,2026-06-29T12:02:41+00:00
76733231-af52-4512-864e-86fd74dd0f71,200,1,1,1688,Wix,Massage &amp; Makeup | Facials &amp; Waxing - Soft Shell Day Spa Petaluma,good,,2026-06-29T12:02:41+00:00
3b10b8d2-e621-49ea-a110-03b788096ed0,0,0,0,15099,,,broken,connection failed,2026-06-29T12:02:41+00:00
55396b46-78de-4e44-85fe-80e663f34b89,0,0,0,60,,,broken,"ssl: HTTPSConnectionPool(host='socosun.com', port=443): Max retries exceeded with url: / (Caused by SSLEr",2026-06-29T12:02:41+00:00
2a3d065e-6480-4979-9470-fa4bb38ac8ad,200,1,1,535,WordPress,Bornstein Family Dentistry Santa Rosa California &#8211; Get a healthy gorgeous smile at Bornstein Family Dentistry,good,,2026-06-29T12:02:41+00:00
ce81ced7-e6bf-4a2a-a02a-c49d25876d48,0,0,0,82,,,broken,connection failed,2026-06-29T12:02:41+00:00
e2f6501b-1bd3-488d-a222-3111aba3e071,0,0,0,456,,,broken,"ssl: HTTPSConnectionPool(host='www.patriciawebbdds.com', port=443): Max retries exceeded with url: / (Cau",2026-06-29T12:02:41+00:00
d9a66e2c-c46d-47f9-977f-8da86107922c,200,1,1,706,Weebly,Mission Prosthdontics Dental Specialty,good,,2026-06-29T12:02:42+00:00
53b60972-06a5-4d1a-8bca-de5929c48382,200,1,1,207,,"Dr. Helena A Longin | Dermatologist in Santa Rosa, CA | Sutter Health",good,,2026-06-29T12:02:42+00:00
8607882a-5b78-4c22-af22-c6c3524bf775,200,1,1,274,,"Dr. Jennifer S. Freeman | Dermatologist in Santa Rosa, CA | Sutter Health",good,,2026-06-29T12:02:42+00:00
f4bd3e2b-e8b7-4769-97ef-cc3ea018ad71,200,1,1,1418,,Hayes Handpiece Repair Rohnert Park California,good,,2026-06-29T12:02:42+00:00
d55a0ea8-f270-4a8d-87a5-c756279b8302,200,1,1,307,,"Dr. Mondhipa Ratnarathorn | Dermatologist in Santa Rosa, CA | Sutter Health",good,,2026-06-29T12:02:42+00:00
688ae741-e0df-4985-a092-0f41a9dcd842,200,1,1,1054,WordPress,"Dentist Petaluma, CA | Park Place Dental",good,,2026-06-29T12:02:42+00:00
5a9e14aa-db3e-452e-b8f7-9204bfde652b,200,1,1,221,,"Redwood Empire Dermatology | Dermatology &amp; Cosmetics Specialists located in Healdsburg and Santa Rosa, CA",good,,2026-06-29T12:02:42+00:00
be9a065d-daac-4e13-b5f6-e6a376299f0d,200,1,1,186,,"Redwood Empire Dermatology | Dermatology &amp; Cosmetics Specialists located in Healdsburg and Santa Rosa, CA",good,,2026-06-29T12:02:42+00:00
2a823d6e-cf57-4cf0-88d2-171bab9b4c8a,200,1,1,88,WordPress,Family Christian,good,,2026-06-29T12:02:42+00:00
9337b7ce-8ff8-4934-acd7-b305e357d6f3,200,1,1,372,,"Home - Dermatologist in Sonoma, CA | Sonoma Dermatology",good,,2026-06-29T12:02:42+00:00
2e6ae469-dbaf-490c-aa9c-92057b1b801c,200,0,1,36,Squarespace,Tian Yuen Restaurant,weak,,2026-06-29T12:02:42+00:00
065f714d-5ebc-4d6c-8a33-684c567838b8,0,0,0,33,,,broken,connection failed,2026-06-29T12:02:42+00:00
8e89a36c-c92d-484e-98b0-bcc4f665b34a,0,0,0,35,,,broken,connection failed,2026-06-29T12:02:42+00:00
deac2f3e-3fde-45d0-aed8-a24412193a05,200,1,1,444,,"William Kivett, MD, FAAD, FACS, Santa Rosa, CA | Plastic Surgeon | Tebra",good,,2026-06-29T12:02:42+00:00
b66575e7-dc1a-4b76-93e0-504ff1d76bd0,0,0,0,15135,,,broken,connection failed,2026-06-29T12:02:43+00:00
a2933b3c-fa0a-4059-bccb-8fbc8ddcd1d6,503,1,0,527,,Error,broken,,2026-06-29T12:02:43+00:00
b0fa80fa-3d9c-45e5-83c4-ed66066e88c6,200,1,1,804,,"Dr. Robert A. Lee | Dermatopathologist in Santa Rosa, CA | Sutter Health",good,,2026-06-29T12:02:43+00:00
101aa4f3-5d93-45a9-9139-4fc3a8c57934,200,1,1,145,Wix,Central Market Petaluma | Modern American cuisine with a local focus,good,,2026-06-29T12:02:43+00:00
c2505685-3bd9-4838-b6c7-9c670153b30b,200,1,1,340,WordPress,"Work Injury Law Center Santa Rosa, Workers Compensation Settlements Lawyer",good,,2026-06-29T12:02:43+00:00
22da3fb1-8e4e-4c8e-88db-bb9e059a5585,202,1,0,264,,,weak,,2026-06-29T12:02:43+00:00
f1342d5d-6e61-46c2-a104-ea1fc4b3f19d,200,1,1,101,Webflow,"B &amp;amp; B Lounge, Cocktail Lounge, 1239 Healdsburg Ave",good,,2026-06-29T12:02:43+00:00
63f0651a-e959-47f4-94c8-07a330ee5e5d,200,1,1,1944,WordPress,Dermatologist St. Helena | Dermatologist Calistoga | Duncan Derm,good,,2026-06-29T12:02:43+00:00
4f9121bf-0409-40e5-8c49-665b3a470f5d,200,1,1,249,,A Affordable Paralegals – Home,good,,2026-06-29T12:02:43+00:00
6f217159-302d-4977-b0fb-c16b462ef7bd,404,1,1,882,,,broken,,2026-06-29T12:02:43+00:00
b959bde0-a1ad-4723-ba57-f89c0901e4e7,200,1,1,310,,"Family Law | Law Office of William H. Paynter | Sonoma, CA",good,,2026-06-29T12:02:43+00:00
5a6139cf-6c29-4f8d-a880-a5420876ad8a,200,1,1,632,Shopify,Dirtybird Records &ndash; Dirtybird Store,good,,2026-06-29T12:02:43+00:00
d5e62516-0da5-41d7-8f40-fad84a101def,0,0,0,34,,,broken,connection failed,2026-06-29T12:02:43+00:00
b4aa0b9a-f4dc-428a-9c73-c1788c802b8c,404,0,0,263,,SITE NOT FOUND,broken,,2026-06-29T12:02:43+00:00
c6e60b83-693d-4ec3-bdca-d8edc9cd78f0,0,0,0,80,,,broken,connection failed,2026-06-29T12:02:44+00:00
fe992b9e-60ec-42a5-a45f-0d6dec52fea3,200,0,1,330,,,weak,,2026-06-29T12:02:44+00:00
06c573ae-20ff-4fe4-971b-83ab6f14b1dd,200,1,1,721,WordPress,"Family Law &amp; Divorce Attorney in Novato, CA | Cordell &amp; Cordell",good,,2026-06-29T12:02:44+00:00
31fa1b8b-fb3e-497d-82cd-6e5a70c270f0,200,1,1,911,WordPress,Santa Rosa Paralegal Services - A+ Legal Document Assistants,good,,2026-06-29T12:02:44+00:00
05205255-0b6b-404d-bbda-8e9927272e76,502,0,0,294,,502 Bad Gateway,broken,,2026-06-29T12:02:44+00:00
913cb6cd-fdf3-4f6e-a2fe-17e7ad8ab8a0,0,0,0,33,,,broken,connection failed,2026-06-29T12:02:44+00:00
ed81d997-eec5-4cb4-a4f6-ad51b0904e2c,0,0,0,15201,,,broken,connection failed,2026-06-29T12:02:44+00:00
046b5e17-9b06-4c34-915c-ab2c01377882,200,0,0,152,,,weak,,2026-06-29T12:02:44+00:00
2bc46ba7-b0a7-449b-b776-0aa352f2f387,200,1,0,184,,Happy Dog Training,weak,,2026-06-29T12:02:44+00:00
2e88ed16-ab14-429d-959e-6841f4c4e66d,200,0,1,425,,,weak,,2026-06-29T12:02:44+00:00
8c8256a7-e1dd-4479-b0f4-4fdc6c59124a,404,1,0,256,Squarespace,Squarespace - Website Expired,broken,,2026-06-29T12:02:44+00:00
765d2496-1b8d-4028-ad77-6d990058856b,200,1,1,401,,Motorcycle Riding Courses in the Bay Area - NorCal Moto,good,,2026-06-29T12:02:44+00:00
a7ee9b50-0070-4bdb-b6cd-f572e4f1c8c3,200,1,1,405,,Driving Ticket | Traffic School Online,good,,2026-06-29T12:02:44+00:00
89558bd0-8ac7-4647-ae71-19301ce5d75b,200,1,1,220,,Welcome to LWC Communities!,good,,2026-06-29T12:02:44+00:00
cdf6814f-870c-4f03-bb12-8ab5dd5ceee2,0,0,0,999,,,broken,"ssl: HTTPSConnectionPool(host='www.santarosa.law', port=443): Max retries exceeded with url: / (Caused by",2026-06-29T12:02:44+00:00
17d9dffe-7638-4ea8-bc3c-bcf0ba328129,200,1,1,1949,WordPress,Home - Red Cap Vineyards,good,,2026-06-29T12:02:45+00:00
6124aeb1-8abb-4e9e-9b24-5dedda31cf18,200,1,1,515,,Welcome to LWC Communities!,good,,2026-06-29T12:02:45+00:00
9469cae5-7d8c-4dc9-a936-98399acf0e2a,0,0,0,10015,,,broken,connection failed,2026-06-29T12:02:45+00:00
f8fc79f6-a90f-4f06-a232-9c0af13eef12,200,1,1,414,,Rexel Santa Rosa CA - Wholesale Electrical Supply Distributor | Rexel USA Branch-2085,good,,2026-06-29T12:02:45+00:00
5eef8cc6-b2d9-4b7f-9f89-faec1904b9e6,200,1,1,296,WordPress,Electrician Rohnert Park CA | Anderholm Electric,good,,2026-06-29T12:02:45+00:00
d205cde4-4bbb-4002-949f-038bd9e0cbed,202,0,0,134,,,weak,,2026-06-29T12:02:45+00:00
d5d2bd3d-b9e8-41c0-98e8-cefc2f2f3a43,200,1,1,254,,Pages,good,,2026-06-29T12:02:45+00:00
3c1c4cb2-1143-42e6-ab9b-7503ae3f64ff,200,1,1,769,,"Platt Electric Supply | Wholesale Electrical Supply Distributor for Residential, Commercial &amp; Industrial Electricians",good,,2026-06-29T12:02:45+00:00
8e97080f-80cc-4644-9148-16d5f3f32e09,200,1,1,167,Squarespace,DR Electric,good,,2026-06-29T12:02:45+00:00
27c60f24-34f5-4c1c-8251-e5bd288b79fa,200,0,1,327,GoDaddy,Electrician Service | Professional & Fast | Call (877) 753-1521,weak,,2026-06-29T12:02:45+00:00
40f35665-8ecb-4ea8-b548-862a1857fb77,200,1,1,121,GoDaddy,Licensed Electricians Santa Rosa | North Bay Electrical Contractors,good,,2026-06-29T12:02:45+00:00
e16cba82-d3b7-48f0-8314-860c8ec0495b,200,1,1,735,,"Residential, Commercial and Industrial Electrical Solutions",good,,2026-06-29T12:02:45+00:00
3bbc955a-a529-4a6d-b968-f6aa05ace0e3,0,0,0,178,,,broken,"ssl: HTTPSConnectionPool(host='www.harvestelectric.co', port=443): Max retries exceeded with url: / (Caus",2026-06-29T12:02:45+00:00
46912d23-09d7-4af8-940f-50a579bbfc06,200,1,1,381,,Eleos Electric - Licensed Electrician Sonoma County CA,good,,2026-06-29T12:02:45+00:00
e10c461c-5dd3-47aa-acaa-14666eab8a76,200,1,1,185,Squarespace,Lush Planet Design Build,good,,2026-06-29T12:02:45+00:00
b77b713b-5188-4d8e-a671-24986e0ed8aa,200,1,1,506,,Lunardi Electric,good,,2026-06-29T12:02:46+00:00
94cf61fc-35e8-4818-a905-70040f9f3c42,200,1,1,452,GoDaddy,Home - McDonell Electric,good,,2026-06-29T12:02:46+00:00
d9ef078c-c669-4dac-9564-1e3ce10f72ef,0,0,0,81,,,broken,connection failed,2026-06-29T12:02:46+00:00
895793e7-17d0-422f-b805-1c7ac0551da9,0,0,0,82,,,broken,connection failed,2026-06-29T12:02:46+00:00
a07204b3-fc01-46d7-b9e6-cb8841a3f547,200,1,1,877,,"Licensed Electrician in Sonoma County, CA | LoDolce Electric",good,,2026-06-29T12:02:46+00:00
2b99c13e-5865-4f52-ace1-11d6251d49e0,200,1,1,2216,WordPress,Site is undergoing maintenance,good,,2026-06-29T12:02:46+00:00
32e7a1f9-8239-4cf5-8009-768fc31d7f22,403,0,1,133,,DNS points to prohibited IP | santarosaelectricians.com | Cloudflare,broken,,2026-06-29T12:02:46+00:00
c94f20a0-d488-4def-b1dc-578009af9bfe,200,1,1,1569,WordPress,Home - APG Electric Co.,good,,2026-06-29T12:02:46+00:00
5bbe9831-dc25-4372-8d8f-449c0363bfa7,200,1,1,121,WordPress,"Electricians in Sonoma, Napa, and Marin County - Schafer Electric",good,,2026-06-29T12:02:46+00:00
e889b234-6962-4646-9bbe-520a85f5f458,202,0,0,160,,,weak,,2026-06-29T12:02:46+00:00
6af360a4-1b62-4724-8855-52039a7aeca9,202,0,0,117,,,weak,,2026-06-29T12:02:46+00:00
47c3b18a-9878-4c02-8bef-58e8cdcc1423,403,1,1,1119,,Just a moment...,broken,,2026-06-29T12:02:46+00:00
f60c9c04-d983-4dc4-9702-c8948bc8672b,403,1,1,1099,,Just a moment...,broken,,2026-06-29T12:02:46+00:00
551b4014-5bbd-43c6-8baa-97d058c22faf,200,1,1,197,WordPress,"Residential &amp; Commercial Electrician | Santa Rosa, CA (707) 523-3155",good,,2026-06-29T12:02:46+00:00
b107bc8c-861f-402b-870c-4a00aa4ef204,0,0,0,35,,,broken,connection failed,2026-06-29T12:02:46+00:00
f5d23022-c432-45f2-adec-1b9630c02273,202,1,0,375,,,weak,,2026-06-29T12:02:46+00:00
2b39f10c-8cc3-4dd8-9bab-2650b20ec566,200,1,0,606,,North Bay Electric | Northern Bay Area Residential and Commercial Electrical Contractor,weak,,2026-06-29T12:02:46+00:00
d6db2ebd-4945-40de-9189-583468e81a25,200,1,1,325,WordPress,"Vital Energy Solutions | Solar, Battery, and Generator Installation",good,,2026-06-29T12:02:47+00:00
ac9c09a7-9799-4afc-b23c-b786a5281d9d,200,1,1,284,,"Zarco’s Electrical Inc. | Electrical Contractor in Petaluma, Sonoma, Marin, Napa &amp; Solano",good,,2026-06-29T12:02:47+00:00
ab834a91-5d73-468f-8776-d1340ccff63e,200,1,1,503,,Summit: Your Smart Home &amp; Solar Energy Company,good,,2026-06-29T12:02:47+00:00
7a0cc8a8-dc2c-4eb7-84ee-e35797bcb1ed,404,1,1,416,,404 Not Found,broken,,2026-06-29T12:02:47+00:00
f26406ee-cbcc-42e3-8a1a-0fa7260ac340,202,0,0,89,,,weak,,2026-06-29T12:02:47+00:00
83d8014d-24d8-4f97-b24f-ebba692e56cb,200,1,1,5723,,"Dentist in Santa Rosa, CA | Syal Family Dentistry | General Dentist",weak,,2026-06-29T12:02:47+00:00
7c8d0c2d-3858-4783-8a38-d9c876c5cfc6,200,1,1,633,,Summit: Your Smart Home &amp; Solar Energy Company,good,,2026-06-29T12:02:47+00:00
110e0ecb-2b1a-416d-846e-797fab89fd47,200,1,1,118,,"Legal Assistance, Rohnert Park, CA, Lauren Gardner, Atty.",good,,2026-06-29T12:02:47+00:00
bd27e866-f8d6-4b93-826c-e6717aff31d0,403,1,1,214,,Just a moment...,broken,,2026-06-29T12:02:47+00:00
4ee395e2-c61d-49da-b443-4d26339c28ad,404,1,1,659,,404 Not Found,broken,,2026-06-29T12:02:47+00:00
0cba44c2-f3b5-4bb3-98be-ddc0dffdc0d3,200,1,0,615,,,weak,,2026-06-29T12:02:47+00:00
271bb56c-69e1-43a6-8829-8596555266c0,200,1,1,269,WordPress,Find Living Trust Attorneys In California | CunninghamLegal,good,,2026-06-29T12:02:47+00:00
86a4687b-0f74-4cdf-b9fb-953240b23bf5,0,0,0,82,,,broken,connection failed,2026-06-29T12:02:47+00:00
fa7bccb0-ebc8-4021-8f9c-8dfde7239b39,0,0,0,83,,,broken,connection failed,2026-06-29T12:02:47+00:00
86276b4b-99f1-428d-bd2b-65a1101b0c43,202,1,0,346,,,weak,,2026-06-29T12:02:47+00:00
59585e37-680a-47d2-bfcc-341664cab8d2,0,0,0,91,,,broken,connection failed,2026-06-29T12:02:47+00:00
d75427af-cac2-444f-b5c6-c358ef9ad265,0,0,0,83,,,broken,connection failed,2026-06-29T12:02:47+00:00
3954a675-97b8-4711-8de2-eacb6233016d,200,1,1,349,,Sonoma Estate Planning Lawyers | Gullotta Law Group,good,,2026-06-29T12:02:47+00:00
f28f054b-e7b5-45c6-9749-0c91a632f41a,403,0,1,112,,Attention Required! | Cloudflare,broken,,2026-06-29T12:02:47+00:00
71561179-7637-42a0-89b4-3c8ac62c576c,200,1,1,680,,Pilot Energy: Strategic Energy Procurement &amp; Risk Management,good,,2026-06-29T12:02:47+00:00
4755f5f2-21b8-4069-ad89-b51f8f40ec6a,0,0,0,98,,,broken,connection failed,2026-06-29T12:02:47+00:00
86f1b0df-5be2-4225-939d-41ccf0d676d8,200,1,1,497,,Sonoma Estate Planning Lawyers | Gullotta Law Group,good,,2026-06-29T12:02:47+00:00
458557e0-c630-487c-ab7a-9cfd74de3ddb,200,1,1,325,WordPress,Home | Encore Events Rentals,good,,2026-06-29T12:02:47+00:00
b1c95f81-3c6d-407f-bb30-0d4b9ddc00bf,0,0,0,50,,,broken,connection failed,2026-06-29T12:02:48+00:00
3d4049a0-fa02-48c7-b3d7-9818a6a5d64d,200,1,1,564,,Amy's Drive Thru - American Fast Food in a new American style | Amy's Drive Thru,good,,2026-06-29T12:02:48+00:00
d61d3631-5464-4755-9927-437bfa122053,200,1,1,81,,Jimmy John's,good,,2026-06-29T12:02:48+00:00
bb004aa3-dd73-4741-89b9-b3f39ee17cdd,200,1,1,766,,Join The Real World | Official Portal,good,,2026-06-29T12:02:48+00:00
5e85d135-5675-4480-a9a6-a4e3d28d734a,404,1,0,151,,,broken,,2026-06-29T12:02:48+00:00
20f94e7b-1cb3-4c6f-9438-a9340a9a44ca,404,1,0,202,,,broken,,2026-06-29T12:02:48+00:00
33135bc1-3049-4773-b2b5-1f672b5008f8,200,1,1,692,,"Best Chinese in Novato, CA | China Express | Order Online",good,,2026-06-29T12:02:48+00:00
6abc593c-9371-4c78-96a5-5ddf30bffe08,403,1,1,71,,Just a moment...,broken,,2026-06-29T12:02:48+00:00
4111c0ba-f4a6-45c0-bd1c-0ac2b57c5b51,200,1,1,141,,Little Caesars,good,,2026-06-29T12:02:48+00:00
fd4d91a5-e4ca-4913-b9ce-34dc05d0b28f,200,1,1,350,WordPress,All Pizzas Welcome | MOD Pizza,good,,2026-06-29T12:02:49+00:00
f8ffc8f5-2166-44c0-a8d5-3296fb9a4622,404,1,1,1268,,Vagaro | Page not found,broken,,2026-06-29T12:02:49+00:00
72924a9a-90fa-43ac-86fc-a15900b9af32,403,0,0,359,,,broken,,2026-06-29T12:02:49+00:00
14a2290c-500a-453d-844c-d9cdfd478127,200,1,1,1835,WordPress,Home &ndash; Law Offices of James D. Krupka,good,,2026-06-29T12:02:49+00:00
8934216a-5fdb-49a3-b294-b528fbb804eb,200,1,1,210,WordPress,"TOGO&#039;S – Fresh Sandwiches &amp; Restaurant Catering, Made to Order",good,,2026-06-29T12:02:49+00:00
be9f3792-e8de-4e7e-b383-23356f9a19b9,200,0,0,121,,,weak,,2026-06-29T12:02:49+00:00
80553695-2571-408c-b4ee-a7d2901ab063,200,1,1,2187,WordPress,Home - Law Office of Ruby Steinbrecher,good,,2026-06-29T12:02:49+00:00
3f2b5dab-1d03-4a61-95bb-90926d2e0b63,200,1,1,389,Squarespace,Pennacchio Tile Inc,good,,2026-06-29T12:02:49+00:00
11cd1910-c04d-49ea-9edc-32aa3c160b01,200,1,1,731,WordPress,Home Page - North Bay Flooring Inc.,good,,2026-06-29T12:02:49+00:00
dbb66b16-e64d-4a0c-af97-c14f25b6932b,200,1,1,468,Weebly,"Carpet Cleaning Petaluma, CA - Rugs, Upholstery, Tile",good,,2026-06-29T12:02:50+00:00
bef57398-a8ab-4239-9e2a-a5b5a6b71921,200,1,1,571,Weebly,"Reclaimed Wide Plank Flooring, Beams &amp; Siding | Black's Farmwood",good,,2026-06-29T12:02:50+00:00
c2c74770-7c7d-4e17-a6bb-1e7257b9befb,200,1,1,304,WordPress,"Floortex Design - Interior Design, Custom Cabinetry, Countertops",good,,2026-06-29T12:02:50+00:00
010e287b-6df4-4812-a6a9-9ca33bdacb17,200,1,1,1437,WordPress,"Smokin&#039; Bowls: Gluten-free, comfort food in Rohnert Park | Gluten-free, comfort food in Rohnert Park",good,,2026-06-29T12:02:50+00:00
b6d8fa18-ad33-48da-9e2f-88ff52ba78e6,200,1,1,1104,Shopify,MY4SONS M4 Battery Powered Backpack Sprayer,good,,2026-06-29T12:02:50+00:00
8f2c7568-a712-46f5-963f-8edba6dbea31,200,1,1,1310,WordPress,Yogen Früz | Frozen Yogurt &amp; Smoothies,good,,2026-06-29T12:02:50+00:00
7c8ca304-3253-4641-a09a-9e56d0687ed7,200,1,1,141,Wix,"Bella Vita Floral Productions | Florist | 150 Professional Center Dr suite b, Rohnert Park, CA, USA",good,,2026-06-29T12:02:50+00:00
70e25b54-5fcc-4542-a683-003a7487ffe9,0,0,0,15082,,,broken,connection failed,2026-06-29T12:02:50+00:00
e4efc09a-9e65-4b18-9203-ef8683d1742a,0,0,0,82,,,broken,connection failed,2026-06-29T12:02:50+00:00
fdddd727-5920-45fd-a596-8aa44121996a,202,0,0,227,,,weak,,2026-06-29T12:02:50+00:00
324a3bbf-53e6-4a00-8aba-88e2119be964,200,1,1,210,,,good,,2026-06-29T12:02:50+00:00
005aa901-5033-478e-8d64-3809ac3181ef,403,1,0,325,,403 Forbidden,broken,,2026-06-29T12:02:50+00:00
b282c3d1-befe-420a-af40-c31825e78cec,403,1,0,428,,403 Forbidden,broken,,2026-06-29T12:02:50+00:00
86eeb5c2-1fba-462a-a833-442ac9a04849,200,1,1,375,Shopify,"Papillon Floral - Santa Rosa, CA",good,,2026-06-29T12:02:50+00:00
e24bdb4d-5a7a-4138-a2ea-fabc29d307c7,0,0,0,81,,,broken,connection failed,2026-06-29T12:02:50+00:00
6b832bc6-5835-4cc9-beef-19d4c462f3e3,200,1,1,784,WordPress,"Your Flooring Source in Santa Rosa, CA | St. Francis Flooring",good,,2026-06-29T12:02:50+00:00
651c359b-2398-4aa7-bc23-8c426f246290,0,0,0,34,,,broken,connection failed,2026-06-29T12:02:50+00:00
c7e59392-8d0e-496f-a027-83beb9298db3,200,1,1,173,Squarespace,B-Side Farm,good,,2026-06-29T12:02:51+00:00
d578c663-13ae-4668-90e4-6151b9ca79cf,200,1,1,229,,"Visit Napa Valley | Official Travel Guide for Napa Valley, California",good,,2026-06-29T12:02:51+00:00
11424606-6901-4d46-abde-949c498e64f8,403,1,0,323,,403 Forbidden,broken,,2026-06-29T12:02:51+00:00
b5fe9843-ed94-4847-be86-eb151e694852,200,1,1,543,,Wisteria Florist and Floral Design,good,,2026-06-29T12:02:51+00:00
20d8c911-7e6a-4b18-8f24-bfc9919b6cc0,200,1,1,154,Squarespace,Tesoro Flowers,good,,2026-06-29T12:02:51+00:00
4716d0c0-03ff-4b7b-97fe-ae888ad25747,200,1,1,55,,Napa Valley Poolside Restaurant | Campo at Four Seasons Resort,good,,2026-06-29T12:02:51+00:00
e47ccfdd-8866-41f3-9cc9-c3561fd29af4,200,1,1,1226,Shopify,Casa De Flores,good,,2026-06-29T12:02:51+00:00
4fd0a273-b27e-400f-9af3-53ebbdc167bf,200,1,1,1592,WordPress,"Hendricksen Natürlich Flooring By Amber Flooring, Inc.",good,,2026-06-29T12:02:51+00:00
cbb6fc38-964e-4667-91ae-438f2f053896,200,1,1,458,WordPress,Indian Restaurant and Cocktail Bar Downtown Santa Rosa – Bollywood Bar &amp; Clay Oven,good,,2026-06-29T12:02:51+00:00
fd2675b6-2ff2-437c-9866-4b1ed06e8ec0,200,1,1,304,GoDaddy,Chef Josef,good,,2026-06-29T12:02:51+00:00
a11fb3c7-fb48-4604-b950-f18f7b226055,200,1,1,852,Shopify,Flower Porch,good,,2026-06-29T12:02:51+00:00
5fd8d9d7-96b7-4c86-bec5-dfaeed5dfc8d,200,1,1,218,,WineKeeper Wine Preservation and Dispensing Systems,good,,2026-06-29T12:02:51+00:00
d33cbae3-7d48-417b-b17c-76e09e6f2115,200,1,1,267,,"Furniture Delivery | Petaluma, CA - TLC",good,,2026-06-29T12:02:52+00:00
759a56c6-0b06-4285-9294-8aad9cedb119,200,1,1,1219,,second street flowers,good,,2026-06-29T12:02:52+00:00
1bc9a085-4a5a-484d-bba8-a931a81b3a37,0,0,0,10,,,broken,connection failed,2026-06-29T12:02:52+00:00
ebbfeba2-6c71-49f8-958d-1a319bf87d51,200,1,1,1861,,Petal Town Flowers - Petaluma Florist Flowers Delivery,good,,2026-06-29T12:02:52+00:00
24241973-9b79-4e13-9e3a-7e865e9ec793,0,0,0,108,,,broken,connection failed,2026-06-29T12:02:52+00:00
94a641db-4547-4ec1-9e44-5c4e08300644,403,0,1,61,,Attention Required! | Cloudflare,broken,,2026-06-29T12:02:52+00:00
1247c0f6-56fe-498e-967a-55c87708015d,0,0,0,9,,,broken,connection failed,2026-06-29T12:02:52+00:00
c1912b2a-b6cf-4fa4-939e-da572615b85a,500,0,0,772,,,broken,,2026-06-29T12:02:52+00:00
cd1b2009-5917-4c5d-abb7-6e4ffeceb0e7,200,0,1,657,,"Pupusas Y Tacos Marquez | Santa Rosa, CA 95407 | Menu | Order Online",weak,,2026-06-29T12:02:52+00:00
838e8813-e05d-4f18-99d4-1ce5bef6bd70,0,0,0,8,,,broken,connection failed,2026-06-29T12:02:52+00:00
7d0a8f27-4f79-4210-a73a-c338296e6b27,200,1,1,253,Webflow,"Luxury Apartments in Santa Rosa, CA For Lease | Felix",good,,2026-06-29T12:02:52+00:00
030b0928-bf9e-44e9-bd0e-ce87fd978b2d,200,1,1,1227,,,good,,2026-06-29T12:02:52+00:00
c0fd5bf5-caeb-4426-9b67-2fc3a523513c,0,0,0,82,,,broken,connection failed,2026-06-29T12:02:52+00:00
cd75440b-6fa6-4bcb-be80-cb24d8366781,200,1,1,183,GoDaddy,RvBistro.com is for sale | HugeDomains,good,,2026-06-29T12:02:52+00:00
b870c81f-4555-4713-91bb-746c4e8b60b4,0,0,0,36,,,broken,connection failed,2026-06-29T12:02:52+00:00
7bec15bc-de9b-4e09-aff6-ebe5f6277fe1,0,0,0,34,,,broken,connection failed,2026-06-29T12:02:53+00:00
3fba231e-cdc1-4e9a-8b0b-5822a28eec6a,0,0,0,176,,,broken,"ssl: HTTPSConnectionPool(host='www.interiorsincorporated.com', port=443): Max retries exceeded with url: ",2026-06-29T12:02:53+00:00
a5823cab-97bb-4061-89ef-6038e5dd47c4,0,0,0,15159,,,broken,connection failed,2026-06-29T12:02:53+00:00
32addc5d-f1a2-46ba-ab2f-9307fe1e474d,200,1,1,126,Wix,HOME | LLT Productions,good,,2026-06-29T12:02:53+00:00
0c736d08-da8f-4e5a-80c6-93a721bf13c1,200,1,1,1543,WordPress,Home - Macphail Wines,good,,2026-06-29T12:02:53+00:00
59d79dfc-799c-46b4-877d-5efe8116e064,404,1,0,207,Squarespace,Squarespace - Website Expired,broken,,2026-06-29T12:02:53+00:00
ecb717f5-8a6a-4d6f-82e0-ab30f41c41c9,200,1,1,243,,Client Challenge,good,,2026-06-29T12:02:53+00:00
d92dc193-a088-401c-94f2-a315460a1573,200,1,0,720,,,weak,,2026-06-29T12:02:53+00:00
170a7058-7b32-4f26-b6ae-856df69fc8a8,0,0,0,13,,,broken,connection failed,2026-06-29T12:02:53+00:00
f283d867-293c-4150-ab60-aa6a5f196d0a,200,1,1,270,,MillerKnoll Certified Dealer | Trope Group,good,,2026-06-29T12:02:53+00:00
9f053d1b-b759-4886-b6a3-360d4d22e0d2,200,1,1,264,Squarespace,BO WILLIAMS,good,,2026-06-29T12:02:53+00:00
66926b0a-7946-480b-8f67-3154f780b2f4,200,1,1,776,Shopify,"Furniture Store Santa Rosa, CA | Cokas Diko &ndash; Cokas Diko Home",good,,2026-06-29T12:02:53+00:00
832808b1-c197-4686-b0b4-5f0438514ae3,200,1,1,573,,CSGO500 Promo Code HELLAGOOD â 300% Bonus + 50 Spins 2026,good,,2026-06-29T12:02:53+00:00
011ce07c-32bb-4f97-8b84-c7162e4f5662,500,1,1,397,WordPress,Requirements Not Met,broken,,2026-06-29T12:02:53+00:00
0aa79a82-6f0c-4002-a22c-c9d13571b8c1,200,1,1,398,,"Affordable Dentures &amp; Implants in Santa Rosa, CA",good,,2026-06-29T12:02:53+00:00
25394b71-6cf7-4740-a9a2-ffdc79da9ce9,403,1,1,141,,Just a moment...,broken,,2026-06-29T12:02:53+00:00
e898ac60-1d74-4861-971f-173ce215bec7,200,1,1,444,WordPress,"Dentist Petaluma, CA | Park Place Dental",good,,2026-06-29T12:02:54+00:00
2bc3bc6c-8bf0-4487-8ea5-56ab9cab45ce,404,1,1,573,,,broken,,2026-06-29T12:02:54+00:00
9e138be6-bb5b-4f01-9320-dbfcf878400a,404,1,1,569,,,broken,,2026-06-29T12:02:54+00:00
7b889e70-a631-421b-8059-c1d7ad417fe9,404,1,1,1669,,Ничего не найдено для Napa Valley Restaurants Poi Sonoma Meritage 365896,broken,,2026-06-29T12:02:54+00:00
47528129-cdc4-4f5f-a8f0-96eba58bee66,200,1,1,477,WordPress,Dentist & Orthodontics in Santa Rosa CA | Santa Rosa Advanced Dentistry,good,,2026-06-29T12:02:54+00:00
0931dd7f-5264-4aa9-b9db-fd62b4bfbc10,200,1,1,316,,California Hallmark Store Locator | Find Locations & Directions,good,,2026-06-29T12:02:54+00:00
5d399f60-7269-4e58-8feb-9427bc9f8789,200,1,1,1070,,"Dr. Forstadt - Dentist in Sonoma, CA",good,,2026-06-29T12:02:54+00:00
02a74996-f8f1-4f00-b169-0a78fad6f037,200,1,1,276,,Santa Rosa Plaza,good,,2026-06-29T12:02:54+00:00
e19fbf7b-9ed0-44fe-be2d-71d449d7574b,200,1,1,431,,Petaluma CA Hallmark Store Locator | Find Locations & Directions,good,,2026-06-29T12:02:54+00:00
a9ad3f80-862d-45d7-b35c-d6687e540c29,200,0,0,121,,,weak,,2026-06-29T12:02:54+00:00
e3fc9e92-2301-4207-b39e-24bbaa98012c,200,1,1,730,Shopify,"A &amp; Furst Jewelry Online, Drop Earrings, Cocktail Rings, Necklaces",good,,2026-06-29T12:02:54+00:00
7f0a0fb8-c6ce-4f6f-b60d-30d7c9269f1b,200,1,1,439,Shopify,Cork Pops | Wine,good,,2026-06-29T12:02:55+00:00
e127a250-c3bd-4542-91cb-bc1d35e875f8,402,1,1,366,Shopify,Store unavailable,broken,,2026-06-29T12:02:55+00:00
5535fdd2-686f-47e9-8b2a-c4d082bebb0d,0,0,0,14,,,broken,connection failed,2026-06-29T12:02:55+00:00
b866e167-e90d-4db1-a9f6-632130989b96,200,1,1,397,,California Hallmark Store Locator | Find Locations & Directions,good,,2026-06-29T12:02:55+00:00
b7be2d0e-56cd-423f-96df-987466ffa36e,200,1,1,259,,"Go! Retail Group | Toys&quot;R&quot;Us, Calendars.com, Disney Store Limited Time &amp; More",good,,2026-06-29T12:02:55+00:00
409c562c-8a18-4bb8-9042-81957a5d788c,200,1,1,293,,"Go! Retail Group | Toys&quot;R&quot;Us, Calendars.com, Disney Store Limited Time &amp; More",good,,2026-06-29T12:02:55+00:00
ebfa6f5f-9271-43f9-9079-ee44f3dae2af,200,1,1,375,,Home - Olivier Napa Valley Website,good,,2026-06-29T12:02:55+00:00
4cbe61c4-89ba-48f4-b596-c3f486d807db,200,0,1,304,Weebly,PERSONAL HISTORY PRODUCTIONS LLC - HOME,weak,,2026-06-29T12:02:55+00:00
bb2152ae-6edf-4a97-8bfe-e60370fd7b6e,200,1,1,544,,Home - Olivier Napa Valley Website,good,,2026-06-29T12:02:55+00:00
88ef8246-9eeb-4aee-a223-3b556a78dee1,0,0,0,84,,,broken,connection failed,2026-06-29T12:02:55+00:00
6fd887bf-72c5-4b56-b49c-6e2a9d923b48,200,1,0,191,,GroovePages,weak,,2026-06-29T12:02:55+00:00
4194cfa9-dab1-4cf7-a9a7-76a1720ee64f,200,1,1,465,Shopify,Savory Spice Shop - Store Locator,good,,2026-06-29T12:02:55+00:00
f3f031c5-9cc4-41fc-81b2-a6a831a94f7a,200,0,0,120,,,weak,,2026-06-29T12:02:55+00:00
5fa6b8dd-0c99-4a32-89bf-a3894f066927,0,0,0,167,,,broken,connection failed,2026-06-29T12:02:55+00:00
2e15a1aa-f364-4747-a163-dc5fbc679b9f,0,0,0,10016,,,broken,connection failed,2026-06-29T12:02:55+00:00
86cf2da5-3944-4ec8-9621-ab0e4600b2bd,0,0,0,94,,,broken,connection failed,2026-06-29T12:02:55+00:00
b3a83630-794c-4e46-854f-1f9b9c6f8f4d,0,0,0,42,,,broken,connection failed,2026-06-29T12:02:55+00:00
d1c4f4a9-3def-4a5b-a2f7-c9148f141c64,200,1,1,266,WordPress,Women&#039;s Health &amp; Fitness Clubs | Curves,good,,2026-06-29T12:02:56+00:00
6b3cc71b-3817-463f-9a95-1ad5d8f64f2b,200,1,1,1210,Shopify,Looking for something better? Natural Wellness from Napa &ndash; Napa Soap Company,good,,2026-06-29T12:02:56+00:00
c0a698e0-342d-471a-9939-14e5d69fb03f,200,1,1,716,WordPress,Petaluma Gift Shop | Greeting & Birthday Cards | Trudy's Hallmark Shop Store,good,,2026-06-29T12:02:56+00:00
eb0d5d50-12c3-4970-a026-bd919c4d0641,0,0,0,90,,,broken,connection failed,2026-06-29T12:02:56+00:00
b7791af8-0822-4693-a8f3-41cfbca11ee0,200,1,1,859,,Torn RanchÂ® | Distinctive Foods and Gifts,good,,2026-06-29T12:02:56+00:00
3fdd0591-1134-4899-98c4-efb257892eda,200,1,1,735,WordPress,Order - Nick The Greek,good,,2026-06-29T12:02:56+00:00
20e42e72-e3dc-4386-9794-d9e6864c2350,200,1,1,3266,WordPress,"Affordable Dentist in Rohnert Park, CA | Bright Now! Dental",good,,2026-06-29T12:02:56+00:00
7871a1fc-8961-4b0e-9f57-e1e7c52c7028,200,0,1,514,,Finn Fitness & Wellness Home Page &laquo; Finn Fitness &amp; Wellness,weak,,2026-06-29T12:02:56+00:00
336d2414-f22a-4a6f-9b4c-bfd03ac4e831,200,1,1,978,Weebly,The Pain Free Athlete Podcast,good,,2026-06-29T12:02:56+00:00
fbdf8c98-f2d4-4593-8600-4ffed69e94d4,200,1,0,175,,,weak,,2026-06-29T12:02:57+00:00
60ed6827-abb1-44d6-a716-74b27725ac1f,200,1,1,172,Squarespace,Fuerza Pilates,good,,2026-06-29T12:02:57+00:00
c2860ffc-7e67-4503-895e-b812fe6aa6da,200,1,1,784,Shopify,Fit2gomobiletraining.com,good,,2026-06-29T12:02:57+00:00
8ef0c990-ad1f-424f-9ebd-d88f10eb9496,200,1,1,205,WordPress,Gold&#039;s Gym: The Original Home of Serious Strength Training,good,,2026-06-29T12:02:57+00:00
55daa7fb-5300-4197-a6da-f9cb6c7c302e,200,1,1,947,WordPress,Find a Studio | F45 Training,good,,2026-06-29T12:02:57+00:00
3187a650-b841-44ef-b790-cb7b4279701e,0,0,0,35,,,broken,connection failed,2026-06-29T12:02:57+00:00
82d22fc7-af15-4276-a679-3e01ff8abfa3,200,1,1,125,WordPress,Meadowood Napa Valley | Napa Valley Resorts | Official Site,good,,2026-06-29T12:02:57+00:00
62f33eb2-11e4-40df-a7d7-d35b170d6d4a,0,0,0,81,,,broken,connection failed,2026-06-29T12:02:57+00:00
0238bad5-b264-48a0-9e62-8868079f7bff,200,1,0,587,,Personal Trainer in Marin | Novato Certified Fitness Trainer | Fitness by Dot,weak,,2026-06-29T12:02:57+00:00
1383944d-d8b6-4c5e-b540-63e793f34733,0,0,0,10015,,,broken,connection failed,2026-06-29T12:02:57+00:00
36ec92cd-2339-40d2-bf99-6da7685d026f,503,0,0,776,,,broken,,2026-06-29T12:02:57+00:00
9d07d057-6de6-40b4-a0ce-a282de4e2673,200,1,1,1753,WordPress,Energizing Your Life | Energy Health Clubs,good,,2026-06-29T12:02:57+00:00
c39eae0b-04d6-4172-8ee6-1d2e24cc57ee,200,1,1,560,Wix,"Saint Fit | 930 Dowdell Lane, St. Helena, CA, USA",good,,2026-06-29T12:02:58+00:00
99c801f1-a227-4bf9-94cc-ef3965df3990,200,0,0,121,,,weak,,2026-06-29T12:02:58+00:00
e30bef01-81a6-40a0-997a-6d7ba961715b,200,1,1,1026,WordPress,Seismic CrossFit - The Best Gym Near Me In Rohnert Park,good,,2026-06-29T12:02:58+00:00
26f75472-e759-45f6-b352-563f7a324af7,0,0,0,495,,,broken,connection failed,2026-06-29T12:02:58+00:00
92cf7bfd-43b7-4f1a-b053-b325631c75c1,0,0,0,83,,,broken,connection failed,2026-06-29T12:02:58+00:00
dff16cbb-8021-4183-b0b8-5b8775ec9bd9,0,0,0,35,,,broken,connection failed,2026-06-29T12:02:58+00:00
38a565a7-3dd0-4c61-afe9-22eb1902482c,0,0,0,82,,,broken,connection failed,2026-06-29T12:02:58+00:00
d9bee527-701d-43f9-948f-c92cce2c1cbe,200,1,1,216,Squarespace,"Mold Sugar | Sugaring in Santa Rosa, CA",good,,2026-06-29T12:02:58+00:00
e0445f23-997e-4363-86c3-47d87e51a227,200,1,1,973,WordPress,Home - INSPIRÉ - PILATES STUDIO - St. Helena - Napa Valley,good,,2026-06-29T12:02:58+00:00
b40bf3d5-56f8-4663-837a-355b0aa0572c,0,0,0,84,,,broken,connection failed,2026-06-29T12:02:58+00:00
1aa64dfc-de1f-4a06-8cba-ecf5b5d00c33,403,1,1,119,,Just a moment...,broken,,2026-06-29T12:02:58+00:00
770eddae-52f7-40ff-8dd5-d9518ac87a9f,0,0,0,83,,,broken,connection failed,2026-06-29T12:02:58+00:00
d53a5190-bbd3-4558-b01f-24ae9b176efc,0,0,0,8,,,broken,connection failed,2026-06-29T12:02:58+00:00
6720c8d1-e229-4d70-b1e1-d74efb6f0ff9,200,0,1,1539,WordPress,Home - The Redwood Club Petaluma,weak,,2026-06-29T12:02:58+00:00
fbfc9eae-604a-44ea-a306-209660e12ed5,0,0,0,48,,,broken,connection failed,2026-06-29T12:02:58+00:00
3b43e793-fdf8-431f-aa21-8a8721e79cca,200,1,1,311,,Home,good,,2026-06-29T12:02:59+00:00
5eaa2e2a-56eb-4511-b5f4-93ee3e14dfe4,200,1,1,200,,HOME,good,,2026-06-29T12:02:59+00:00
883d5bd6-77d0-4740-9a62-27c498688f54,404,0,0,284,,Error 404 (Not Found)!!1,broken,,2026-06-29T12:02:59+00:00
298f782c-9f17-4c57-a61a-092e802e3669,0,0,0,528,,,broken,connection failed,2026-06-29T12:02:59+00:00
ce466301-c6be-4b1d-8f9a-97d002eedad1,0,0,0,83,,,broken,connection failed,2026-06-29T12:02:59+00:00
ea1834c9-c2fa-4427-a5d9-2f1398eac7f5,0,0,0,30071,,,broken,connection failed,2026-06-29T12:02:59+00:00
cb0e1836-c17b-409e-b170-110055368043,0,0,0,82,,,broken,connection failed,2026-06-29T12:02:59+00:00
1c953653-d66b-45bb-8a3c-d583ccbeb454,0,0,0,81,,,broken,connection failed,2026-06-29T12:02:59+00:00
61365965-489d-4527-a1ab-b6e919d8c6f6,0,0,0,93,,,broken,connection failed,2026-06-29T12:02:59+00:00
d137e79e-a0ce-476d-b025-6247ef7f356e,200,1,1,1369,WordPress,Sucre Sugar Shack | Sugaring Hair Removal | Body Hair Removal | Waxing,good,,2026-06-29T12:02:59+00:00
f745a5a0-448a-4440-b412-b64bdfc6387a,200,1,1,407,WordPress,Home | Command Performance Catering,good,,2026-06-29T12:02:59+00:00
6735da76-cbfd-45aa-8423-1f4da157ef37,0,0,0,84,,,broken,connection failed,2026-06-29T12:02:59+00:00
191431b7-3fe2-4a8d-b710-62e752cc9806,200,0,1,598,,,weak,,2026-06-29T12:02:59+00:00
85808b2a-62e7-417b-abad-cb0ab1eff4e0,200,1,1,366,,"Home Page for Keith Obrien Hair Design, Petaluma, CA",good,,2026-06-29T12:02:59+00:00
42485a0e-c03e-4c06-9343-cdf1e35ba047,0,0,0,48,,,broken,connection failed,2026-06-29T12:02:59+00:00
1c912471-30f3-430d-93ea-31d8c0ce89a8,200,0,0,47,,,weak,,2026-06-29T12:02:59+00:00
bbe95726-450c-4f65-8afc-9a68c8ff2570,200,1,1,413,,L Squared Salon,good,,2026-06-29T12:02:59+00:00
51bb1883-ec35-46c4-a45a-07b3a007292f,200,0,0,124,,,weak,,2026-06-29T12:02:59+00:00
49612b5b-46e3-4ad5-bb27-393a85dcf523,200,1,1,130,Wix,Hair Salon | Tracy Johnston HairStylist | Petaluma,good,,2026-06-29T12:02:59+00:00
0551861b-697e-4da5-9964-6273ea91f44c,0,0,0,29,,,broken,connection failed,2026-06-29T12:03:00+00:00
d20b87f7-2cda-43ca-b5d0-f20a5462faad,200,1,1,531,,Audrey Crandell | Makeup for the most special occasion,good,,2026-06-29T12:03:00+00:00
017e23c0-fd2d-459c-a15a-06b10e910c73,200,1,1,110,,HairNow.com — Premium Domain For Sale | Atom,good,,2026-06-29T12:03:00+00:00
329d9473-e25f-4e21-a6f9-2cfd0ebb1b2b,200,1,1,704,Weebly,Home | MANE ATTRACTION SALON maneattractionhbg.com,good,,2026-06-29T12:03:00+00:00
05e80c3b-6242-4d82-a622-f5db41a0702f,200,1,1,453,,StyleSeat - Online Booking for Hair Stylists & Beauty Professionals,good,,2026-06-29T12:03:00+00:00
3be3966f-42c5-4a87-99be-c806da3033af,200,1,1,939,,Beauty Salon Spa Driffield - The Olive Tree Health &amp; Beauty,good,,2026-06-29T12:03:00+00:00
ae02feda-2f99-4294-a626-8c06c6c1e466,403,0,0,441,,,broken,,2026-06-29T12:03:00+00:00
1d504a67-af38-4e08-a0ef-6a1f8a3cf6dc,200,1,1,436,WordPress,"House Cleaning Services in Sonoma, California | Molly Maid",good,,2026-06-29T12:03:00+00:00
8c781da3-8b58-4292-933f-8e122a4c4e1d,200,1,1,494,,"Professional Home Cleaners in Santa Rosa, CA | Merry Maids",good,,2026-06-29T12:03:01+00:00
178ed9fa-26e0-483e-9cc0-50916cd3c7cc,0,0,0,90,,,broken,connection failed,2026-06-29T12:03:01+00:00
b708a435-27f3-4995-9c62-200ceea8968f,200,0,0,763,,云电子·「中国」官方网站,weak,,2026-06-29T12:03:01+00:00
b7b43a7f-ad07-42fc-a288-df9cdff29688,0,0,0,94,,,broken,connection failed,2026-06-29T12:03:01+00:00
1c067dcc-eae8-4358-a617-aff6924f4c55,200,1,1,1158,,"L & L Hawaiian Barbecue – Novato, CA | Order Online | Haiwaiian Plates Takeout",good,,2026-06-29T12:03:01+00:00
1349ed52-8172-4fc4-bef2-9e826f85d537,202,1,0,334,,,weak,,2026-06-29T12:03:01+00:00
2e843028-0de1-4e81-b195-f58a6777cdf4,200,1,1,256,Squarespace,Casia Inn,good,,2026-06-29T12:03:01+00:00
14ba5fb1-8859-4c6d-9a36-8213eab50533,200,1,1,239,Squarespace,Nick&#39;s Cove Tomales Bay,good,,2026-06-29T12:03:01+00:00
0065d2e2-9aa3-4818-a93b-c727adb571ee,403,1,0,208,,Access Denied,broken,,2026-06-29T12:03:01+00:00
f758e1ea-11ea-445b-b5b2-470555dbd7b0,403,1,1,221,,Just a moment...,broken,,2026-06-29T12:03:01+00:00
219e3459-64e8-4749-8ac4-003b82ebf1d8,200,1,1,397,,Ramada by Wyndham - Travel the World,good,,2026-06-29T12:03:01+00:00
5c1b8809-8918-445a-8203-1d126daeeb6d,404,1,0,176,Squarespace,Squarespace - Website Expired,broken,,2026-06-29T12:03:01+00:00
80edb453-c0bf-4dec-9b06-6c66cb56bd41,0,0,0,12,,,broken,connection failed,2026-06-29T12:03:01+00:00
8e7c8480-63da-4d3f-858e-0b1d6f3c001c,200,1,1,1118,WordPress,"House Cleaning Services in Sonoma, California | Molly Maid",good,,2026-06-29T12:03:02+00:00
2603aa65-9f1d-4cd8-a4c8-9545f962f0d5,403,0,0,403,,,broken,,2026-06-29T12:03:02+00:00
b2b94f59-5d0d-4dc8-9ca5-ffbd339a0742,200,0,0,119,,,weak,,2026-06-29T12:03:02+00:00
801103f9-b7e2-461c-b89d-d5dfc7740099,200,1,1,1981,Shopify,Mpo505 - Akses Berkelas Untuk Pemain Mencapai Kemenangan Konsisten,good,,2026-06-29T12:03:02+00:00
85d1001d-4235-4c26-a703-d6f17cc37c92,429,1,1,339,,Bot or Not?,broken,,2026-06-29T12:03:02+00:00
a9bd84a6-f53f-4076-9b5d-9e6a62598343,0,0,0,36,,,broken,connection failed,2026-06-29T12:03:02+00:00
d7143421-b68a-43b3-a1f3-d32d2a3bb209,200,1,1,658,,Sonoma County Regional Parks | Sonoma County Regional Parks,good,,2026-06-29T12:03:02+00:00
1b68191a-7a0b-4c58-825c-48ed2d4f9db4,202,1,0,209,,,weak,,2026-06-29T12:03:02+00:00
18967e08-7de6-4ef5-a5d2-586abd7c070c,0,0,0,15098,,,broken,connection failed,2026-06-29T12:03:02+00:00
7542bb14-5f77-4615-bed6-5afbec553935,200,1,0,517,WordPress,Dining in Yountville Napa Valley – North Block Yountville,weak,,2026-06-29T12:03:02+00:00
0daa4678-a80f-4ef9-9a6b-3233d5accec6,200,1,1,436,,"Travelodge by Wyndham - Hotel Rooms, Discounted Rates, &amp; Deals",good,,2026-06-29T12:03:02+00:00
80173bd6-4c08-48a4-8e71-ff8f7f51f957,0,0,0,135,,,broken,"ssl: HTTPSConnectionPool(host='billkutzhvac.com', port=443): Max retries exceeded with url: / (Caused by ",2026-06-29T12:03:02+00:00
5cb66da0-fb3a-4270-9f3d-aa3794a55650,202,1,0,221,,,weak,,2026-06-29T12:03:02+00:00
33ad0b27-4e4a-489a-aae0-994433b86328,200,1,1,706,,Dine at our Glen Ellen Hotel | The Jack London Lodge,good,,2026-06-29T12:03:02+00:00
44adbfcb-3784-4a8a-9ce9-400238402e8b,0,0,0,82,,,broken,connection failed,2026-06-29T12:03:02+00:00
46ffa12c-2f2e-4b85-9513-1b17646c6a94,200,1,1,375,Webflow,Expert HVAC Contractor San Francisco - Get a Free Quote! - Diamond HVAC Services Inc.,good,,2026-06-29T12:03:03+00:00
cd20838b-21c0-4a48-9747-626506f4e5b4,200,1,1,224,WordPress,#1 HVAC Services in Northern California | Elevated Comfort,good,,2026-06-29T12:03:03+00:00
9667c344-9aef-45b5-9e6c-43f6823fb5c6,200,1,1,793,WordPress,AMCA Certified Airflow Monitoring Systems - Air Monitor,good,,2026-06-29T12:03:03+00:00
728373d2-1321-426a-a614-f705af21a9be,200,1,1,295,,Santa Rosa HVAC Company | Excellence Heating & Air,good,,2026-06-29T12:03:03+00:00
d7445af9-8411-4885-ba8e-838b358a5f97,200,1,1,358,,Santa Rosa HVAC Company | Excellence Heating & Air,good,,2026-06-29T12:03:03+00:00
9c89e3e8-ec12-4086-a096-250e27d9fc9d,200,1,1,371,,"HVAC & Plumbing in Novato, CA | Gene Burch Plumbing Heating & Air",good,,2026-06-29T12:03:03+00:00
1f84db79-5fbf-4c96-b9ed-f5994dfe766b,200,1,1,584,,"HVAC & Plumbing in Novato, CA | Gene Burch Plumbing Heating & Air",good,,2026-06-29T12:03:03+00:00
89264fe7-3c4b-43b0-8a9a-93596ffbe9c5,200,1,1,1188,WordPress,#1 HVAC Services in Northern California | Elevated Comfort,good,,2026-06-29T12:03:04+00:00
ef67087a-263d-4fb7-bc8a-9ec175cf1c75,200,1,1,635,,HVAC Contractor in Santa Rosa | Indoor Climate Control,good,,2026-06-29T12:03:04+00:00
3b32981b-5fff-4eab-bc1d-5c8be42eed45,200,1,1,1012,WordPress,"Henry Mechanical | HVAC Services in the North Bay Area, CA",good,,2026-06-29T12:03:04+00:00
49ca3c40-45bb-493b-b371-cde3d939a315,200,1,1,602,WordPress,Trusted Home Comfort &amp; Plumbing Services | John Owens Services,good,,2026-06-29T12:03:05+00:00
1ca81f3b-f5f9-4059-b142-52aca8ce1e53,200,1,1,517,WordPress,"Professional HVAC &amp; Plumbing Services in Santa Rosa, CA",good,,2026-06-29T12:03:05+00:00
cdcff7d8-c24b-48e4-ac11-7e1fedc4f5c7,200,1,1,3117,WordPress,"Home | Baier Heating and Air Conditioning, Inc. | Rohnert Park, CA",good,,2026-06-29T12:03:05+00:00
3c5fea02-600e-48e5-8d76-cb28f295da75,200,0,0,478,,"Vent Cleaning | Petaluma, CA - LINT EXTRACTORS",weak,,2026-06-29T12:03:05+00:00
531036f5-1122-4f91-a1f9-15c84b4bc156,200,1,1,643,,Plumber & AC Repair Novato CA | Kelly Plumbing &amp; Heating,good,,2026-06-29T12:03:05+00:00
e61485e9-c109-4d06-9bf8-27c6216516d5,202,1,0,410,,,weak,,2026-06-29T12:03:06+00:00
70df562e-96d9-49e4-950f-582a82fb8900,200,1,1,72,WordPress,"Moore Homes Services | 100% Right Or 100% Free | Santa Rosa, CA",good,,2026-06-29T12:03:06+00:00
44bc10dc-a167-46d0-a641-0d2ecdb73668,200,1,1,923,WordPress,LARSEN ENERGY SYSTEMS,good,,2026-06-29T12:03:06+00:00
3b4dfebd-2dc7-4ec0-b783-e073ed2dca08,200,1,1,423,WordPress,"HVAC &amp; Plumbing Services | Santa Rosa, CA",good,,2026-06-29T12:03:06+00:00
ce4d37a9-ebb5-4459-bd22-6480debeb6e0,200,1,1,402,WordPress,"HVAC Contractor in Cotati, CA - Heating &amp; Cooling Experts",good,,2026-06-29T12:03:06+00:00
0707c8ba-180a-4d01-abfa-f9f632342857,200,1,1,215,,Trusted Heating and Cooling HVAC Contractor in Santa Rosa | Next Level HVAC,good,,2026-06-29T12:03:07+00:00
b2269bec-bfea-4d09-b7ec-5e9003396232,0,0,0,15323,,,broken,connection failed,2026-06-29T12:03:07+00:00
ab75d263-b735-4b8a-a2b6-227f555edc5c,202,1,0,299,,,weak,,2026-06-29T12:03:07+00:00
70e870b7-0af9-4a93-a835-658f84b2b28a,202,1,0,371,,,weak,,2026-06-29T12:03:07+00:00
34ef9de0-0ebb-40cd-9d47-7af645b98c39,202,1,0,287,,,weak,,2026-06-29T12:03:07+00:00
368453b5-0fca-46e8-a749-05c2921845b4,200,1,1,522,WordPress,"Refrigerator Repair Services in Windsor, CA | Northbay",good,,2026-06-29T12:03:07+00:00
c855f2af-5a3f-48cb-8418-e94bb3bc870b,200,0,0,121,,,weak,,2026-06-29T12:03:07+00:00
1e95e768-73ce-4d1d-bf07-a2e5228203dd,404,1,0,166,,SITE NOT FOUND,broken,,2026-06-29T12:03:07+00:00
1eb6b81f-4152-4395-884e-f2d9ac99021d,200,1,1,1900,WordPress,Lewis Mechanical,good,,2026-06-29T12:03:07+00:00
4bb3a5db-3cfe-4cdc-afaf-bd516a7a5b27,200,1,1,5378,WordPress,"Boden Plumbing &amp; Heating – Boden Plumbing Heating and AirSonoma Plumbers, Napa Plumbers - Boden Plumbing &amp; Heating",weak,,2026-06-29T12:03:07+00:00
9c3b6512-8757-4792-b4c5-0010f6282b09,200,1,1,460,,"Pearce Home Comfort | Sonoma, CA Hvac Service | Hvac Service Sonoma, CA, Ac System Installation",good,,2026-06-29T12:03:07+00:00
62841b09-87cf-4ccc-9f81-1c3217db1d3e,200,1,1,299,,"Expert Heating, Cooling &amp; Ventilation | Novato, CA | Reyes",good,,2026-06-29T12:03:07+00:00
c5217829-c063-426b-8d81-0bf51cd428d7,200,1,1,276,WordPress,Expert HVAC &amp; Plumbing Service In The Santa Rosa Areas,good,,2026-06-29T12:03:08+00:00
75c11459-6469-4088-81c9-a74033957175,200,1,1,181,Squarespace,Zero Energy Associates,good,,2026-06-29T12:03:08+00:00
83ed5b20-3eec-49a1-a00d-ff74c7b16205,200,1,1,230,WordPress,"Valley Comfort Heating and Air | HVAC Contractor in Sonoma, Napa &amp; Marin Counties",good,,2026-06-29T12:03:08+00:00
b7ae50f4-e6c9-4b9b-9256-50542eee5007,200,1,1,656,WordPress,"Sherlock Homes &amp; Mold Inspections: Sebastopol, Santa Rosa, CA Home Inspector",good,,2026-06-29T12:03:08+00:00
25e4516c-d370-4055-b66e-f6b7c72e86c5,0,0,0,83,,,broken,connection failed,2026-06-29T12:03:08+00:00
d392f147-b1aa-497b-9b15-764f2c9a9d37,404,1,1,775,,Error 404 | LennoxPros,broken,,2026-06-29T12:03:08+00:00
1ea775bf-c6a7-4467-ac30-495da41cfe5f,404,0,0,99,,Error 404 (Not Found)!!1,broken,,2026-06-29T12:03:08+00:00
7b17c945-e681-4cd7-bdb0-445d998d4eb6,200,1,1,5086,WordPress,Trusted HVAC Services in Sonoma and Marin County | Hulbert Heating &amp; Air,weak,,2026-06-29T12:03:09+00:00
c17401be-d22b-49bd-9db1-ab0880d39557,0,0,0,34,,,broken,connection failed,2026-06-29T12:03:09+00:00
684e0574-3cf6-49e0-a7fb-54404643ff67,403,1,1,257,,Just a moment...,broken,,2026-06-29T12:03:09+00:00
3991d05d-344e-4313-9117-5bc343b4cde6,200,1,1,1515,WordPress,Wolf HVAC Inc. | HVAC Contractor,good,,2026-06-29T12:03:09+00:00
80b29485-4c74-4db0-8b5e-38c2bd55072f,403,1,0,496,,403 Forbidden,broken,,2026-06-29T12:03:09+00:00
32813104-b768-4604-974e-66f77d63e41b,200,0,0,142,GoDaddy,DSDesign Inc.,weak,,2026-06-29T12:03:09+00:00
86a6a4bc-ea34-46db-839b-a2b55d051420,200,1,1,337,WordPress,Luxury Wine Country Villas - Blair Spangler - The Collection,good,,2026-06-29T12:03:09+00:00
1637313d-84a0-4d2f-9b68-8230184159c8,200,1,1,1684,,"Trane Petaluma, California Commercial Sales Office",good,,2026-06-29T12:03:09+00:00
c47f1c67-cfbb-4387-b00f-831a9f72ddd6,200,0,0,71,,,weak,,2026-06-29T12:03:09+00:00
40caef7c-84ee-4bc0-9874-31514388ced8,0,0,0,14528,,,broken,connection failed,2026-06-29T12:03:11+00:00
9ff9a65e-3af7-4c94-853c-fa99d49e5a32,200,1,1,1272,WordPress,"Award Winning Interior Design - Santa Rosa, California - Rock House Design Studio | Interior Design",good,,2026-06-29T12:03:11+00:00
ca5aadff-1ead-4d1f-bb11-27254289b69a,200,1,1,54,WordPress,Luxury Wine Country Villas - Blair Spangler - The Collection,good,,2026-06-29T12:03:11+00:00
e5b660d8-fe71-41c8-ac7b-f5439f2f212e,200,0,0,125,,,weak,,2026-06-29T12:03:11+00:00
f6463e72-2b91-4f92-a201-268e2953dc57,200,1,1,1704,WordPress,Michael Barron-Wike Architect AIA | Architectural Services,good,,2026-06-29T12:03:11+00:00
92b54b7a-71c9-49c8-b4bb-23a48e345ad7,0,0,0,33,,,broken,connection failed,2026-06-29T12:03:11+00:00
b7acd5ee-fb34-47d7-b8eb-44eccce1e075,200,1,1,634,,Italian Kitchen - Amaro,good,,2026-06-29T12:03:11+00:00
33b0889e-6879-46fc-aa5f-d7a8f3bc55ee,0,0,0,83,,,broken,connection failed,2026-06-29T12:03:11+00:00
31f781be-5cd4-4dd4-92df-73d24e1ecf30,0,0,0,8,,,broken,connection failed,2026-06-29T12:03:11+00:00
32b805d5-444e-4f0e-a820-9c27a470647a,404,1,0,349,Squarespace,Squarespace - Website Expired,broken,,2026-06-29T12:03:11+00:00
674aaf16-000a-4f0d-b50b-8becfc33bd7b,200,1,1,875,WordPress,Home - Harbin Hot Springs Retreat Center,good,,2026-06-29T12:03:12+00:00
083c1cd1-0d12-4be5-8648-5964097ee5a1,403,1,1,178,,Just a moment...,broken,,2026-06-29T12:03:12+00:00
89f7fe5d-1546-40ab-a69d-0c762af0d0b6,200,1,1,419,Squarespace,Osteria Stellina,good,,2026-06-29T12:03:12+00:00
79334d67-2f2b-4431-8445-2f2622b1fb83,200,1,1,386,WordPress,Best Pasta Recipes - Recipes.net,good,,2026-06-29T12:03:12+00:00
4463aa90-c9bd-4068-afee-dc329d21464e,0,0,0,10,,,broken,connection failed,2026-06-29T12:03:12+00:00
7fbd9e17-6568-4120-a404-2a3bc578aff4,200,1,1,316,Squarespace,"Piatti | Authentic Italian Restaurant with Private Dining in Mill Valley, Danville, La Jolla, Sacramento, Seattle, San Antonio &amp; Laguna Beach",good,,2026-06-29T12:03:12+00:00
3e998b73-81cd-418e-9166-14fae4a3a1cf,200,1,1,93,Squarespace,Risibisi,good,,2026-06-29T12:03:12+00:00
dcbf6f51-98fe-4f09-a73d-6af0830615fd,0,0,0,15331,,,broken,connection failed,2026-06-29T12:03:12+00:00
c46133c7-b399-4773-8d95-8d0c1c96027e,0,0,0,81,,,broken,connection failed,2026-06-29T12:03:12+00:00
847e17ce-0156-41a9-93e8-05e1828a779e,200,1,1,179,GoDaddy,HirosRestaurant.com is for sale | HugeDomains,good,,2026-06-29T12:03:12+00:00
8f206fa5-94e9-4e01-8388-43ad7d97dbda,200,1,1,212,,Hibachi - San - Order Online,good,,2026-06-29T12:03:12+00:00
25785553-5287-47b4-af3d-1968c7b1f4b8,200,1,1,3669,WordPress,Home - Torch of India,good,,2026-06-29T12:03:12+00:00
71275b46-a190-4f20-8fdc-34476d1243a6,200,1,1,9579,WordPress,"Reliable HVAC Installation &amp; Repair in Novato, CA",weak,,2026-06-29T12:03:12+00:00
27e4337c-0927-41bf-96d3-62b13145bd39,200,0,0,215,,,weak,,2026-06-29T12:03:12+00:00
848b74d2-9822-4cd4-a0e2-b1f0254eb2c5,0,0,0,15095,,,broken,connection failed,2026-06-29T12:03:12+00:00
9656e7e1-a3da-48ab-ba4b-74eaf6d57f3c,404,1,0,93,,,broken,,2026-06-29T12:03:13+00:00
314ea166-7881-4f1f-91e7-63aad4ba737e,200,1,1,430,Webflow,"Bling, Womens Accessory, 2321 Magowan Dr",good,,2026-06-29T12:03:13+00:00
e2bcb5d7-648a-40d4-ad9e-314754a78625,200,1,1,818,Shopify,Valley Rose Jewelry: Unique Sapphire &amp; Lab Diamond Engagement Rings,good,,2026-06-29T12:03:13+00:00
892330f4-648d-4e19-80fa-3961bb0383cf,200,1,1,569,Shopify,Gold Star Jewelry | Explore Gold &amp; Diamond Jewelry Collections,good,,2026-06-29T12:03:13+00:00
4087bf87-d306-4fb9-845e-1b8ba95930d3,200,1,1,5365,GoDaddy,Home - K&amp;G Immigration Law,weak,,2026-06-29T12:03:13+00:00
422c88f3-8d25-449b-a774-d196a5ff5f9d,0,0,0,5047,,,broken,connection failed,2026-06-29T12:03:13+00:00
f78b0479-cf4c-475e-b31e-a87170623f45,0,0,0,43,,,broken,connection failed,2026-06-29T12:03:13+00:00
9272ad24-98d8-44f7-a0ec-46cf8c8ea89f,200,1,1,682,,"Larry Conover Jewelers -Jeweler in Santa Rosa , CA , 95404",good,,2026-06-29T12:03:13+00:00
c561d10f-e26a-4196-ba9c-0fbefe703c98,200,1,1,1043,,North Bay&#039;s Premium Jewelry Store since 1879 | E.R. Sawyer Jewelers,good,,2026-06-29T12:03:13+00:00
92a72aa2-4093-4316-bc95-68296a567763,200,1,1,411,Shopify,Robindira Unsworth Jewelry I Official Website,good,,2026-06-29T12:03:13+00:00
f0a713a1-477c-4377-94f8-892b8b83e0fc,200,1,1,790,,"Petaluma Estate Jewelers is a Jewelry Store in Petaluma, CA 94952",good,,2026-06-29T12:03:13+00:00
36f75043-326a-42e8-a24f-1ee6b178adf8,200,1,1,847,,PANDORA Jewellery Global Store Locator,good,,2026-06-29T12:03:13+00:00
b74e1982-d258-4bc8-afd9-77e8e2434e2f,200,1,1,250,Squarespace,Sun Moon Co,good,,2026-06-29T12:03:13+00:00
596652ad-660f-482e-ba0f-ddfb57c83ec0,200,1,1,113,,"Locksmith Services | Santa Rosa, CA | Bill's Lock &amp; Safe Service Inc.",good,,2026-06-29T12:03:13+00:00
1da8e7f2-679d-4594-9457-7404caf806b6,200,1,1,397,Shopify,Spiral Jewelry &amp; Artisery,good,,2026-06-29T12:03:14+00:00
38325f94-938d-4f46-860b-316ddf4e912a,200,1,0,182,,"Sorry, an error occured",weak,,2026-06-29T12:03:14+00:00
4a6d2deb-ae2f-4446-8a77-b427b0446c10,200,0,0,263,WordPress,"Redwood Lock &amp; Key, Rohnert Park, California",weak,,2026-06-29T12:03:14+00:00
65759d6f-7430-4284-b9e5-143ae5e2686a,202,1,0,283,,,weak,,2026-06-29T12:03:14+00:00
3d073a6c-f9ea-4b60-8350-f52b46be0cc7,0,0,0,83,,,broken,connection failed,2026-06-29T12:03:14+00:00
d133cd3d-446e-4c85-8c51-e6860b425c0e,200,1,1,341,,"Wilson's Locksmith &amp; Security Center - Locksmithing | Sonoma, CA",good,,2026-06-29T12:03:14+00:00
69766744-7df3-4a04-bdbf-746435d5ea24,403,1,1,162,,Just a moment...,broken,,2026-06-29T12:03:14+00:00
dc413054-eae6-475d-9e6b-49a85b992b16,200,1,1,753,Wix,"Security Locks, Keys and Safes Bay Area | Armor Locksmith Services",good,,2026-06-29T12:03:14+00:00
00809d93-e221-4aea-834b-bd9865deefb5,200,1,1,276,,"Aggo Construction: Expert Building Solutions for Quality, Reliability, and Innovation",good,,2026-06-29T12:03:14+00:00
867b4c2a-027d-4de4-8ffd-216533997823,200,1,1,185,GoDaddy,Seoul to Tokyo Kitchen,good,,2026-06-29T12:03:14+00:00
24de1d30-ce2c-4c9c-945b-186f0f9a19d6,200,1,1,210,GoDaddy,"Landscape Design, Build &amp; Maintenance | Equinox Landscape",good,,2026-06-29T12:03:14+00:00
97a43055-3f47-4f4c-93e7-5e476eeecc35,200,1,1,234,Wix,Landscaping Company Serving Sonoma County | Gardenworks Inc.,good,,2026-06-29T12:03:14+00:00
e3704e85-bbb0-42b1-b527-b4bb0d228f68,0,0,0,15102,,,broken,connection failed,2026-06-29T12:03:14+00:00
16ff15ac-d98c-440b-9a30-35e1da351796,200,1,1,164,WordPress,Home - Ross Recreation,good,,2026-06-29T12:03:14+00:00
6fcf5633-f33e-4ffa-b733-04f2d29b3a13,200,1,1,142,Squarespace,The Land Collaborative | Landscape Designers &amp; Architects,good,,2026-06-29T12:03:14+00:00
a864c340-4fa9-44dd-a386-dac4140aa7b1,200,1,1,157,,Landscape Design & Installation | Garden Supplies | Armstrong Garden Centers,good,,2026-06-29T12:03:15+00:00
b0971b57-9e43-49aa-87f6-346e38e65c83,200,0,0,209,,Bay Pacific Landscape - Materials,weak,,2026-06-29T12:03:15+00:00
d33e0561-26b0-4a6f-af86-4379e4a19dc6,0,0,0,82,,,broken,connection failed,2026-06-29T12:03:15+00:00
2b1d1524-b60a-47f9-b755-97bfe57267c5,200,1,1,1154,,"Locksmith in Santa Rosa &amp; Sonoma County, CA | West Bay",good,,2026-06-29T12:03:15+00:00
11498925-9e69-4170-918b-c9b04603d03c,200,1,1,487,,好看影院 · 好看不贵 | 热门影视极速免费看,good,,2026-06-29T12:03:15+00:00
ebdc3e4c-59d9-4189-ba64-c8c9bad30c50,200,1,1,167,,Sonoma County Landscape Contractor | Canepa Landscaping,good,,2026-06-29T12:03:15+00:00
db5db8a5-be12-4d05-9699-d43bda15c9d1,202,0,0,135,,,weak,,2026-06-29T12:03:15+00:00
174c7b98-71fa-411b-8bc3-f848f7bebedb,200,1,1,5386,Squarespace,Mia Sandmark Design - Interior Design Firm | Sonoma | Napa | Marin,weak,,2026-06-29T12:03:15+00:00
5e9409fe-bdb6-4d47-9196-cc95336962cb,0,0,0,82,,,broken,connection failed,2026-06-29T12:03:15+00:00
762a7799-731d-4093-beb9-5012db6dc819,0,0,0,33,,,broken,connection failed,2026-06-29T12:03:15+00:00
d016ce90-e20c-4ce6-b3f3-2fafc9097533,200,1,1,219,,"Landscape Excellence - Cotati, CA - Harold’s Landscape",good,,2026-06-29T12:03:15+00:00
147e1f61-9d47-44a5-a2dc-e1073c1116ec,202,0,0,160,,,weak,,2026-06-29T12:03:15+00:00
b3f51088-082c-41cb-8181-95eb67473143,202,1,0,442,,,weak,,2026-06-29T12:03:15+00:00
f9b421f1-19ef-4502-91b6-f3e8b10699b2,200,1,1,1893,WordPress,Home - Tal-Niv Locksmith Services,good,,2026-06-29T12:03:15+00:00
e73272e3-068a-4d09-b781-8bf7ca32ea26,200,1,1,255,Webflow,Santa Rosa | Cosmetic Services - Kaiser Permanente - Northern California,good,,2026-06-29T12:03:15+00:00
8e0b9b3a-64cf-4560-a720-a1b37fcebcd4,200,1,1,1439,WordPress,Sonoma County Landscape Architecture - Merge Studio,good,,2026-06-29T12:03:15+00:00
0d21fe15-48a8-4438-9eb1-83809e1e1342,200,1,1,111,GoDaddy,Guiso Latin Fusion - Healdsburg&#x27;s Best Guiso Restaurant,good,,2026-06-29T12:03:15+00:00
cf662c55-4f94-4c3b-9ac2-b4e400f009b6,404,1,0,259,,SITE NOT FOUND,broken,,2026-06-29T12:03:16+00:00
9201f2d2-532a-41e7-b0a6-7db280f38a53,404,1,0,395,Squarespace,Squarespace - Website Expired,broken,,2026-06-29T12:03:16+00:00
367a1c17-81f4-4f61-b9dc-5e0141dbc5f4,0,0,0,86,,,broken,"ssl: HTTPSConnectionPool(host='waterburysope.stihldealer.net', port=443): Max retries exceeded with url: ",2026-06-29T12:03:16+00:00
d430aa8a-6748-4a68-8b66-79df295fcfc9,202,0,0,117,,,weak,,2026-06-29T12:03:16+00:00
c4e4d965-2452-42cc-aba3-c96a1b273305,200,1,1,164,Squarespace,Davis Demolition,good,,2026-06-29T12:03:16+00:00
0991d4ec-b677-4669-8cfa-e0a876b7ee52,0,0,0,530,,,broken,connection failed,2026-06-29T12:03:16+00:00
bca7e454-7e8d-462b-8835-30f7161f5e08,0,0,0,82,,,broken,connection failed,2026-06-29T12:03:16+00:00
b4b51728-ec61-442b-9482-c4dca2bb006e,200,1,1,171,Squarespace,Esteem Jiujitsu,good,,2026-06-29T12:03:16+00:00
699d245b-5ace-4f2b-aae4-ed79ff6b906f,0,0,0,1215,,,broken,connection failed,2026-06-29T12:03:16+00:00
b7350b4e-8897-4665-92b4-7fefb3710e27,200,1,1,222,WordPress,Jiu-Jitsu Training Rohnert Park | Gracie Barra Rohnert Park,good,,2026-06-29T12:03:16+00:00
f9f0eddb-c8be-4cca-ac88-2245e292ae4d,0,0,0,171,,,broken,connection failed,2026-06-29T12:03:17+00:00
1e60d842-a139-4e6b-a4c3-f362dc2b7b53,200,1,1,263,Wix,Honshin Kan Martial Arts in Santa Rosa,good,,2026-06-29T12:03:17+00:00
c61be7db-bb89-47f8-9b62-a1fbf5b34e5e,0,0,0,92,,,broken,connection failed,2026-06-29T12:03:17+00:00
308ed998-e0eb-4470-8066-1727f1b8eacd,200,1,1,872,GoDaddy,"DefensePro - Self-Defense, Emergency Preparedness",good,,2026-06-29T12:03:17+00:00
a2154411-40fb-41ce-bc99-911ab6394410,200,1,1,2184,,JBs Lawn Care LLC: reliable lawn care and maintenance services,good,,2026-06-29T12:03:17+00:00
eff57a99-6b14-4674-825e-1aea7461e90f,200,1,1,470,GoDaddy,Home - BKW Concrete Inc,good,,2026-06-29T12:03:17+00:00
202edf89-b471-4102-b3ba-f692d828aee2,200,0,1,318,,Welcome,weak,,2026-06-29T12:03:17+00:00
4e386894-25d1-4087-96e9-e6ece2c60332,200,1,1,570,,Cornerstone Paving | Residential &amp; Commercial Paving,good,,2026-06-29T12:03:17+00:00
b3f7a00f-074a-43eb-bac0-c57247c54c4c,0,0,0,175,,,broken,connection failed,2026-06-29T12:03:17+00:00
7119037d-0e32-4714-b666-0720791dc092,404,0,0,502,,,broken,,2026-06-29T12:03:17+00:00
1876f21c-6e03-4f76-b5e0-4b2d13856580,200,0,1,100,WordPress,"Asphalt, Concrete, Paving Contractor Santa Rosa, CA - Sikes Asphalt",weak,,2026-06-29T12:03:17+00:00
2710d0c8-1466-4245-9f0a-e754948ae2ce,200,1,1,186,,The Northbay's Trusted Concrete Specialist | RTS Construction,good,,2026-06-29T12:03:17+00:00
9fb2d230-bb88-4397-bf23-29f14e5cc3b0,200,0,1,506,WordPress,Northgate Ready Mix | Quality Concrete Solutions in California,weak,,2026-06-29T12:03:18+00:00
f8a0339c-6c20-444a-96ff-d7d787d999bd,200,1,1,78,,"Concrete Service – Santa Rosa, CA – Trino’s Concrete",good,,2026-06-29T12:03:18+00:00
c68babc3-d9de-4e7d-8a6a-c6104073fa4d,200,1,1,122,WordPress,Concrete Pumpers | Concrete Pumping Services In California,good,,2026-06-29T12:03:18+00:00
8b28eb40-5eac-4a68-ac65-9374b4efa72b,200,1,1,2836,WordPress,Artificial Lawn Bay Area Solutions | Heavenly Greens,good,,2026-06-29T12:03:18+00:00
4ed2b454-7db9-4501-a893-e53cf84e3f76,200,1,1,528,WordPress,Home - Point Pacific Drilling,good,,2026-06-29T12:03:18+00:00
59a19ea3-51a1-4566-a8b9-53fe4fd6656b,0,0,0,82,,,broken,connection failed,2026-06-29T12:03:18+00:00
b96c6c0b-4d54-4d1b-8dea-6bbe66097b6a,200,1,1,179,Wix,"Manual Massage Therapy | myoskeletal alignment therapy | 255 Farmers Lane, Santa Rosa, CA, USA",good,,2026-06-29T12:03:18+00:00
bea4ebf8-ee35-40ad-9b66-fa3c65530bd2,202,1,0,227,,,weak,,2026-06-29T12:03:18+00:00
9126f1b2-4a9e-4e18-b557-2b32fd771d65,200,1,1,247,GoDaddy,"Windsor Massage Therapy, Hypnotherapy &amp; Coaching",good,,2026-06-29T12:03:18+00:00
7d3eb7a1-79be-4eee-be5c-d9f1cde2d713,200,1,1,160,Squarespace,Corporate Soul,good,,2026-06-29T12:03:18+00:00
f4228b63-f41f-4daf-a033-ffa50200cf85,200,1,1,590,,Home | Aztec Masonry,good,,2026-06-29T12:03:18+00:00
10bc7921-921e-4f19-9084-5a6d1faeaa04,200,1,1,227,Wix,"Massage Therapist Sonoma | Healing Art Energy – Sonoma, CA Best Massage Sonoma",good,,2026-06-29T12:03:18+00:00
26a9c6ea-5bff-4ef5-8cff-7d93fe2ffb5c,500,1,1,6336,WordPress,WordPress &rsaquo; Error,broken,,2026-06-29T12:03:18+00:00
f98b6a4f-f6cf-4401-aa38-cc13baed76fd,200,1,1,546,,"Chelsea Parkhurst, CMT",good,,2026-06-29T12:03:18+00:00
b074b72e-286b-44fb-94d2-7c01ec9d86b7,403,1,1,339,,403 Forbidden,broken,,2026-06-29T12:03:18+00:00
ae7b747c-7db7-4d93-982e-52641f53479f,202,1,0,205,,,weak,,2026-06-29T12:03:19+00:00
aad66997-7dcc-4257-baa3-3b730cae7500,0,0,0,10,,,broken,connection failed,2026-06-29T12:03:19+00:00
f554145c-e169-4a6e-813a-5c33059376c7,200,1,1,169,GoDaddy,Home | Massage Therapy at Massage Sonoma,good,,2026-06-29T12:03:19+00:00
433d3846-59b9-46bb-8d58-6477a8d7e37b,200,1,1,726,,Blue Orchid Massage | Petaluma CA,good,,2026-06-29T12:03:19+00:00
0eac0cff-13dc-4685-b8c8-99d71e78e3aa,200,1,1,241,Squarespace,"Unique Wellness Experience | personal &quot;moon&quot; retreat | Sonoma County, CA | Mellow Mommy",good,,2026-06-29T12:03:19+00:00
69929112-4609-4cab-86a2-9d36266b050c,200,1,1,247,Wix,H O M E | PoemmgPrenatal Massage | Paradise On Earth Massage | United States,good,,2026-06-29T12:03:19+00:00
bec43d7a-22dd-433a-b1b3-421838040aa7,200,1,1,2945,,"Toto Macau : Keluaran Macau, Data Macau Pools, Pengeluaran Macau Hari Ini",good,,2026-06-29T12:03:19+00:00
4664ddea-0310-4026-b35c-ba6a3ac07167,200,1,1,320,Wix,Mobile Massage Therapists Napa Sonoma | Sonoma Bodyworks ~ Massage Therapy,good,,2026-06-29T12:03:19+00:00
8622f346-8a35-4b8a-a1d4-19fc0ce2e2ad,200,1,1,246,Squarespace,Spiritual Retreat | Spiritual Healing Retreat | California,good,,2026-06-29T12:03:19+00:00
68ac8175-8d41-4f70-ad7b-10881f6f5ec4,200,1,0,357,Weebly,ReNew You Bodywork - Home,weak,,2026-06-29T12:03:19+00:00
da7c6b8c-e5bc-414c-803c-534c95578710,0,0,0,32,,,broken,connection failed,2026-06-29T12:03:19+00:00
d1819e3c-0bb7-4a73-a3db-f24e17141077,200,1,1,94,,"Massage Therapy Experts | Petaluma, CA | W.H.I.S.P. Massage",good,,2026-06-29T12:03:19+00:00
7151dfea-6790-4328-a76c-a5c69e5746bd,0,0,0,83,,,broken,connection failed,2026-06-29T12:03:19+00:00
ff478a4b-b97b-43b7-b0ed-7319447164f7,200,1,1,317,,"Tongbu Wellness Center | Acupuncture | Novato, CA",good,,2026-06-29T12:03:19+00:00
d41acdb3-6af7-47db-8b12-558bb4d20fd5,200,0,0,206,,,weak,,2026-06-29T12:03:19+00:00
87e668d8-3776-4606-b0cb-80dd9806a50c,202,1,0,230,,,weak,,2026-06-29T12:03:19+00:00
2fd2e151-5de4-443a-a210-cddedf635c18,0,0,0,35,,,broken,connection failed,2026-06-29T12:03:19+00:00
ac076c01-be4c-4084-b187-300f742bfde6,200,1,0,212,,,weak,,2026-06-29T12:03:19+00:00
895b53bd-cf35-4331-b35e-f6d57df0a001,200,1,1,178,Squarespace,Jennifer Lazar Functional Nutrition and Bodywork,good,,2026-06-29T12:03:19+00:00
17cb7f97-abf4-4015-a5f9-c6e10a17a790,0,0,0,104,,,broken,connection failed,2026-06-29T12:03:19+00:00
f704e308-1674-4fec-ab5a-19556f3c1b64,202,0,0,159,,,weak,,2026-06-29T12:03:19+00:00
91fb06bb-8c23-44dd-bdc1-be5d9184ca69,200,1,1,182,Wix,"Manual Massage Therapy | myoskeletal alignment therapy | 255 Farmers Lane, Santa Rosa, CA, USA",good,,2026-06-29T12:03:20+00:00
34f1bede-1abb-4d8c-8a24-586482ddc052,200,1,1,209,WordPress,Santa Rosa Personal Injury Lawyer - Henderson Law,good,,2026-06-29T12:03:20+00:00
c13a0d37-ddd7-46eb-8ed3-27f6eaed6e96,200,1,1,308,GoDaddy,Bodysong Massage Center &amp; School – Holistic Healing in Novato,good,,2026-06-29T12:03:20+00:00
84354cea-0a0b-4f4b-8853-c5c278ef9ada,200,0,1,1322,WordPress,Massage For Athletes &#8211; Sports &amp; Medical Massage,weak,,2026-06-29T12:03:20+00:00
72cb3399-865c-432a-be02-324d20d4620f,202,0,0,189,,,weak,,2026-06-29T12:03:20+00:00
2db9af4b-9ae0-4d3c-9ed1-e8842b802d0e,0,0,0,84,,,broken,connection failed,2026-06-29T12:03:20+00:00
7efc8fd7-45cb-4edd-b97c-920db24e963c,200,1,1,145,WordPress,Artemedica - Plastic Surgery and Medical Spa - Santa Rosa and Healdsburg,good,,2026-06-29T12:03:20+00:00
5c87d00b-71f6-428e-95df-7b4fc232bb53,200,0,0,136,,Redirecting...,weak,,2026-06-29T12:03:20+00:00
4181d27e-a488-47c7-a33d-fd3d86eb1977,200,1,1,173,Wix,"Marin Glow House | Botox in novato | 920 Sherman Avenue, Novato, CA, USA",good,,2026-06-29T12:03:20+00:00
a8a46776-5467-42fe-9b84-311365dafa27,200,1,1,461,,"Top MedSpa Santa Rosa, CA | Allegro Medspa",good,,2026-06-29T12:03:20+00:00
5097f300-4fea-4bc3-8e8c-54bc375abff0,200,1,1,2667,WordPress,"San Francisco, CA, Concrete Repair | Trip Hazard",good,,2026-06-29T12:03:20+00:00
5b189cad-ad67-4df4-9e8d-c5d4d12af409,200,1,1,100,GoDaddy,AZTEC GRILL - Redwood Oil Company,good,,2026-06-29T12:03:20+00:00
8c5b445b-e4b8-4874-ae6e-11fbaf0fb793,200,1,1,364,,"Best Medical Spa in San Francisco, CA | Selfishly Aesthetics",good,,2026-06-29T12:03:20+00:00
b5fda780-b686-404c-a02d-00206d388263,0,0,0,1283,,,broken,TooManyRedirects: Exceeded 30 redirects.,2026-06-29T12:03:20+00:00
5ff00706-6bbd-4a36-b44e-a8915d20ac9b,200,1,1,176,GoDaddy,AZTEC GRILL - Redwood Oil Company,good,,2026-06-29T12:03:20+00:00
3d930abb-5431-44ea-bd90-325d1df49ffe,200,1,1,130,GoDaddy,AZTEC GRILL - Redwood Oil Company,good,,2026-06-29T12:03:20+00:00
056b97fb-5014-48d8-b845-73adadfc823c,200,1,1,196,WordPress,Aztec Grill: Wood-Fired Commercial Grills for Restaurants,good,,2026-06-29T12:03:20+00:00
4a332c23-ea12-4b79-8197-026cf1b407bd,200,1,1,256,,Fresh Mexican Food Made to Order | Baja Fresh®,good,,2026-06-29T12:03:21+00:00
11a21cc9-7de8-4c29-bd36-f2c8422a60b9,0,0,0,15,,,broken,connection failed,2026-06-29T12:03:21+00:00
32678df3-c3f5-4839-8b7b-bce5f6755b04,200,1,1,181,,Homepage | Banda Buritto,good,,2026-06-29T12:03:21+00:00
5ddfdd5e-6ab7-4fd3-8af0-d4522d3ef96a,200,1,1,181,,Homepage | Banda Buritto,good,,2026-06-29T12:03:21+00:00
b7626033-8311-4a4b-bf74-09dc06204fca,0,0,0,23,,,broken,connection failed,2026-06-29T12:03:21+00:00
9814dcfa-f6f3-4536-ab07-002aa2ac1f66,200,1,0,149,,,weak,,2026-06-29T12:03:21+00:00
1fc53f20-022f-4913-beb7-cb59b2750fcc,200,1,1,1560,Wix,Jade Day Spa | Massage Therapy Spa,good,,2026-06-29T12:03:21+00:00
06ec0677-8854-401a-a18b-82895a2a2a96,202,0,0,148,,,weak,,2026-06-29T12:03:21+00:00
9a953e39-ba3c-441e-a858-a040bac298be,200,1,1,448,,Benicia’s Kitchen | The Lodge at Sonoma,good,,2026-06-29T12:03:21+00:00
57353af2-23ee-4342-9024-368ec190268f,200,1,1,513,WordPress,Mexican Restaurant Fresh Dining Experience | Chevys,good,,2026-06-29T12:03:21+00:00
9f2d4c9d-02ac-46f4-bc98-d7f44261571d,200,1,1,652,,El Pollo Loco | Fire-Grilled Chicken | Let’s Get Loco™,good,,2026-06-29T12:03:21+00:00
78425658-1805-434b-8cf5-258af7fb8edd,200,1,1,874,,"Mexican Restaurant Rohnert Park, Order Best Mexican Food Rohnert Park",good,,2026-06-29T12:03:21+00:00
910d9e6d-4a15-4f89-bca7-ed1d79aa762a,0,0,0,83,,,broken,connection failed,2026-06-29T12:03:21+00:00
c3cbdd8c-ccaf-49d2-8c19-bcfee57a9cbd,200,1,1,166,GoDaddy,Home Page,good,,2026-06-29T12:03:22+00:00
af3d8c17-46f7-447f-84bc-b821c70f133c,200,1,1,762,WordPress,Live a unique and authentic Mexican experience,good,,2026-06-29T12:03:22+00:00
a97501f0-41fd-4590-b4f1-449c261c190f,200,1,1,396,,Home,good,,2026-06-29T12:03:22+00:00
a8081da0-52ed-4e57-a4db-db4947faa559,0,0,0,8,,,broken,connection failed,2026-06-29T12:03:22+00:00
9a0b9659-61fb-4eae-922b-6a8fc3930095,200,1,1,470,,taqueriareal.com&nbsp;-&nbsp;taqueriareal Resources and Information.,good,,2026-06-29T12:03:22+00:00
51e483f2-e252-4e4f-9259-999a8d35076f,200,1,1,1147,WordPress,"Lepe's Taqueria | Santa Rosa, CA | Authentic Mexican Cuisine",good,,2026-06-29T12:03:22+00:00
1b5d193a-c20f-4e1a-911a-16759ea066a9,0,0,0,231,,,broken,connection failed,2026-06-29T12:03:22+00:00
3819fb5e-a296-4065-b475-62d5035a914b,0,0,0,118,,,broken,"ssl: HTTPSConnectionPool(host='www.villacoronash.com', port=443): Max retries exceeded with url: / (Cause",2026-06-29T12:03:22+00:00
139f79d0-f155-4155-9dbc-17dc5fdbc73f,0,0,0,67,,,broken,connection failed,2026-06-29T12:03:22+00:00
00868e97-48dd-44dd-a40f-bf463002f6d4,0,0,0,176,,,broken,connection failed,2026-06-29T12:03:22+00:00
9da9198d-68ff-40ec-a3fd-2892242e63a0,200,1,1,197,Wix,Mongolian BBQ | Gengis Khan | 10 California Locations,good,,2026-06-29T12:03:22+00:00
3caf6703-2573-4897-a834-a623051a3cda,404,1,0,426,,404 Not Found,broken,,2026-06-29T12:03:22+00:00
5681f570-d5bc-4c82-a0bb-ddb1a910078c,202,0,0,274,,,weak,,2026-06-29T12:03:23+00:00
855483c1-146e-4881-812b-cd3e528ada6a,200,1,1,253,Wix,Innovative Mortgage Brokers home loan healdsburg windsor santa rosa,good,,2026-06-29T12:03:23+00:00
a506dc2b-82e7-4bae-bce3-a1917d38b28f,0,0,0,9,,,broken,connection failed,2026-06-29T12:03:23+00:00
b5a52dd5-15b6-4975-8d8b-f92d9d1ade5e,200,1,1,390,GoDaddy,Buy yourmortgageretriever.com – Premium Expired .com Domain on GoDaddy | ExpiredDomains.com,good,,2026-06-29T12:03:23+00:00
8f82622f-f58b-4519-ac4d-4bdbb596ce55,200,1,0,142,,,weak,,2026-06-29T12:03:23+00:00
c41f9384-d0e1-4855-9985-9d64db2f93f1,200,1,1,117,,HOME,good,,2026-06-29T12:03:23+00:00
efd1f991-122a-4392-b0e9-c4c9495933f2,0,0,0,85,,,broken,connection failed,2026-06-29T12:03:23+00:00
128acb43-9086-482f-b0f8-b19a70a51940,200,1,1,8383,WordPress,Santa Rosa Artificial Grass &amp; Synthetic Turf Store | Purchase Green,weak,,2026-06-29T12:03:23+00:00
695dbf6a-b2ef-4a10-9357-0b131fcffab6,200,1,1,381,,"Mortgage Broker &amp; Lender | Charlotte, NC | Premier Lending",good,,2026-06-29T12:03:23+00:00
190ecf20-2fa9-4c50-b4a3-27c27b6cee5d,0,0,0,41,,,broken,connection failed,2026-06-29T12:03:23+00:00
acb45560-29b3-4e82-ad88-4e3bdb1d40d2,0,0,0,9,,,broken,connection failed,2026-06-29T12:03:23+00:00
d4ed92fa-b07d-4774-80e1-c28e56cdb052,200,1,0,95,,,weak,,2026-06-29T12:03:23+00:00
e71b6352-bee7-4371-8553-0f60c47c0b38,200,1,1,1239,WordPress,"Bernie Peacock - GTG Financial, Inc.",good,,2026-06-29T12:03:23+00:00
e51d1743-a547-4277-97fd-e85e002fd36a,200,1,1,9486,WordPress,Manteca Showroom &amp; Warehouse | Purchase Green Artificial Grass,weak,,2026-06-29T12:03:24+00:00
32e69edc-9928-4e26-a306-5f4a2aa87ac6,200,1,1,517,,,good,,2026-06-29T12:03:24+00:00
6a77c1bf-bbeb-4351-a2c6-19f0eb910448,200,1,1,1482,WordPress,BialkinRealty.com - Sebastopol and Santa Rosa Real Estate Agent &#8211; Sonoma County REALTORS,good,,2026-06-29T12:03:24+00:00
de5cd15c-dda5-47e4-ae03-93b01a58f9c2,200,1,1,552,,American Pacific Mortgage | Mortgage Lender Company,good,,2026-06-29T12:03:24+00:00
1fe151ae-b850-4b02-ad33-e66156a30791,0,0,0,30120,,,broken,connection failed,2026-06-29T12:03:24+00:00
10aad52a-2ae8-4547-acf3-fbc144d3cd62,200,1,1,295,,Mortgages - Home Mortgage Loans from Bank of America,good,,2026-06-29T12:03:24+00:00
276fc38d-8501-4ef5-8056-13eb5d50dfe8,200,1,1,281,WordPress,"BaySierra Financial, Inc | Licensed Real Estate Broker",good,,2026-06-29T12:03:24+00:00
85e270f7-3090-4b62-a9c2-f55d8e33d776,0,0,0,83,,,broken,connection failed,2026-06-29T12:03:24+00:00
7ff16570-3f70-4338-932a-ec208949a155,200,1,1,158,WordPress,"Home Loans in Petaluma, CA Branch #4040 | CrossCountry Mortgage",good,,2026-06-29T12:03:24+00:00
a535834f-0c84-4c3f-90c3-b2c8fbee010d,200,1,1,499,,Find a Home Lending Advisor Near You | Chase Mortgage,good,,2026-06-29T12:03:24+00:00
b690b81c-c49f-4be6-8f99-df6b46fd3887,200,1,1,579,WordPress,Find a Loan Officer | CrossCountry Mortgage,good,,2026-06-29T12:03:24+00:00
74a55b51-848f-4423-8821-104cf5cbdac3,200,1,1,613,,"Guaranteed Rate Affinity | Mortgage Lender in Santa Rosa, CA 95404",good,,2026-06-29T12:03:25+00:00
1fb53e61-bced-40c0-80fd-3d18bd927aef,200,1,1,883,,Welcome to First Bridge Lending | First Bridge Lending,good,,2026-06-29T12:03:25+00:00
fc67b80d-9c3b-4135-a705-3deb769cb566,200,1,1,897,,Welcome to First Bridge Lending | First Bridge Lending,good,,2026-06-29T12:03:25+00:00
e85ee1e4-6d24-445c-95b7-55c97fba8061,200,1,1,2836,,Arlene Kraushaar's MySite | CMG Home Loans,good,,2026-06-29T12:03:26+00:00
f471c676-aedf-41b2-9780-eca879540ca6,0,0,0,5672,,,broken,connection failed,2026-06-29T12:03:27+00:00
8dd846a2-c612-4923-84ae-1569ae9039bf,200,1,1,3138,WordPress,"Cathy Fuentes, Senior Loan Officer, NMLS ID #236551",good,,2026-06-29T12:03:28+00:00
aaffd0b5-d09f-4004-81c8-045afc50794c,200,1,1,112,Wix,Home | HPI Financial San Francisco Mortgage Broker,good,,2026-06-29T12:03:28+00:00
441294c4-7577-40b2-982e-0a10ebf4f4c0,0,0,0,36,,,broken,connection failed,2026-06-29T12:03:28+00:00
b7e7b03b-662f-4f1e-8740-cf22745c3fa5,200,1,1,3084,WordPress,Santa Rosa Mortgage Lenders | Santa Rosa | Guild Mortgage,good,,2026-06-29T12:03:28+00:00
02dc6707-ac81-4a3a-be19-11c84dcadb75,200,1,1,3088,WordPress,Santa Rosa Mortgage Lenders | Santa Rosa | Guild Mortgage,good,,2026-06-29T12:03:28+00:00
6a2b257a-8e7b-4030-bcc1-04ab093d3541,0,0,0,15187,,,broken,connection failed,2026-06-29T12:03:28+00:00
9c141087-eb5b-40ac-8e64-ba2e0dc35e47,0,0,0,12,,,broken,connection failed,2026-06-29T12:03:28+00:00
e23ff59e-f478-4b91-b110-e30c59ff3831,0,0,0,15110,,,broken,connection failed,2026-06-29T12:03:28+00:00
bfa9ea28-40b5-42f3-b0fa-e788a0ec711b,0,0,0,47,,,broken,connection failed,2026-06-29T12:03:28+00:00
a083a9c2-9fec-41ed-92de-22c96c270f83,200,1,1,360,WordPress,"Jeremy Forcier - Petaluma, CA Mortgage Loan Officer | CrossCountry Mortgage",good,,2026-06-29T12:03:28+00:00
371e59a6-8c3b-426e-bc54-4f46699c40dc,200,1,1,408,WordPress,"Jon Bridge - Petaluma, CA Mortgage Loan Officer | CrossCountry Mortgage",good,,2026-06-29T12:03:28+00:00
f0e4a707-9a9c-420c-bbe6-e55c906061ac,404,1,1,770,WordPress,"Page not found | Homebridge Financial Services, Inc.",broken,,2026-06-29T12:03:28+00:00
29f554d9-3c8e-462b-af3c-1b96710e219e,0,0,0,123,,,broken,connection failed,2026-06-29T12:03:29+00:00
b4c2e141-76c9-4f47-9cd2-a859519e240b,200,1,1,354,,Newrez | Mortgages | Home Refinance | Newrez,good,,2026-06-29T12:03:29+00:00
b8ef8b29-97d3-43d8-a56b-768fea658909,200,1,1,282,,Mortgage Lender in Santa Rosa CA | Primary Residential Mortgage,good,,2026-06-29T12:03:29+00:00
c249991a-ae50-4890-bf9c-8be04a10bbb3,200,1,1,815,,"Laura Lockerbie - VP of Mortgage Lending in Santa Rosa, CA",good,,2026-06-29T12:03:29+00:00
5232c684-aafe-4397-bac1-b553a06d173c,200,1,1,905,,New American Funding (NAF) | Home Loans &amp; Refinance,good,,2026-06-29T12:03:29+00:00
a9976db1-e2e1-4bc0-85ff-dd45e0cf8da4,200,1,1,512,WordPress,"Roger Farah - Petaluma, CA Mortgage Loan Officer | CrossCountry Mortgage",good,,2026-06-29T12:03:29+00:00
6ea2aaa7-379f-4ec9-bdb9-0a6bd3c3b607,200,1,1,526,,Home | Union Home Mortgage,good,,2026-06-29T12:03:29+00:00
95a415c0-f946-4c48-b2fa-ce336a0ba079,200,1,1,240,WordPress,CrossCountry Mortgage | America&#039;s #1 Retail Mortgage Lender,good,,2026-06-29T12:03:29+00:00
aa2322a1-976e-4807-9cfe-9bca387757fc,200,1,1,476,WordPress,CrossCountry Mortgage | America&#039;s #1 Retail Mortgage Lender,good,,2026-06-29T12:03:29+00:00
808abe0b-617d-4da8-8775-d97ba67b0e09,200,1,1,222,WordPress,The Regan Team Home Loan Group &#8211; For all your home financing needs,good,,2026-06-29T12:03:30+00:00
93a9287a-fcfe-4d37-abb1-8879b37b00be,200,1,1,1576,,Reverse Mortgage Specialist in California | Michael Brouse,good,,2026-06-29T12:03:30+00:00
9eb60451-6090-403f-bb5e-523ddc46aad7,0,0,0,73,,,broken,connection failed,2026-06-29T12:03:30+00:00
f84aed13-bd8f-48e3-9670-0706ab1b3487,200,1,1,42,,Find loanDepot Branches Near You | Local Mortgage Lenders,good,,2026-06-29T12:03:30+00:00
4584219d-f40c-4fdb-8c67-7a3b95d1ef1d,0,0,0,10014,,,broken,connection failed,2026-06-29T12:03:30+00:00
61dd14af-9b12-4e12-8db2-c6f68efa7e41,200,1,1,596,,Page Not Found | CMG Financial,good,,2026-06-29T12:03:30+00:00
1d4ee15a-ee09-442f-81a1-11c0bdb7282b,0,0,0,34,,,broken,connection failed,2026-06-29T12:03:30+00:00
006ad1f2-1531-44d5-a99a-e4240831a5a0,200,1,1,671,,Page Not Found | CMG Financial,good,,2026-06-29T12:03:30+00:00
a422507e-3877-4c30-899e-01dbec82aa17,202,1,0,126,,,weak,,2026-06-29T12:03:30+00:00
1e61e463-1640-4560-9574-53dc3e70f842,0,0,0,81,,,broken,connection failed,2026-06-29T12:03:30+00:00
76842fca-6d94-4ac1-86e9-ee29b663a5a6,200,1,1,554,,,good,,2026-06-29T12:03:30+00:00
82f95694-d42d-44b2-9261-9361cbcfa0f3,200,0,0,207,,Under Construction,weak,,2026-06-29T12:03:30+00:00
1e80f5a9-08e4-426d-86b1-4ebc9f4e61e8,200,1,1,304,GoDaddy,Tamera&#x27;s Traveling Notary Service,good,,2026-06-29T12:03:31+00:00
7ea4f059-e501-4467-a164-3b55cf1b56cd,200,1,1,832,Weebly,hello | Wooden Petal Pretzel Parlor,good,,2026-06-29T12:03:31+00:00
8c1807ed-109a-4e86-9973-5781f75073bb,200,1,1,1733,WordPress,Steve Compagno | NMLS #347427 | Petaluma CA Mortgage Lender,good,,2026-06-29T12:03:31+00:00
216127eb-0a5b-4f92-9958-8bfb1a9f99e4,200,1,1,6093,WordPress,"Santa Rosa, CA Mortgage Lenders &amp; Loan Officers | Guild Mortgage Locations",weak,,2026-06-29T12:03:31+00:00
f60d2244-c862-449b-8f4c-92782df5bf0e,200,0,0,244,,Adobe Power Washing Home Page,weak,,2026-06-29T12:03:31+00:00
a9370c47-4ba1-4248-b712-18e1caddfa35,0,0,0,82,,,broken,connection failed,2026-06-29T12:03:31+00:00
b1f6dd60-ab6d-4e28-a8f0-998e277d9dfe,0,0,0,35,,,broken,connection failed,2026-06-29T12:03:31+00:00
da730dd4-a714-45bd-9162-a82be4d6997e,200,1,1,1117,Weebly,Home | Tiptoe Nail Spa,good,,2026-06-29T12:03:31+00:00
39343a10-9ad7-420b-b05d-7cf4407fa4cf,200,1,1,286,WordPress,Eco-Friendly House Cleaning Services Bay Area | Green Planet Cleaning,good,,2026-06-29T12:03:31+00:00
fad915a7-cf1d-44c6-97ba-2c9d8f563b34,0,0,0,38,,,broken,connection failed,2026-06-29T12:03:31+00:00
6092834e-4271-42fd-84a7-27566e498118,200,1,1,216,GoDaddy,SimpleBuildingSolutions.com is for sale | HugeDomains,good,,2026-06-29T12:03:31+00:00
cad693c3-b420-4ecb-b4cb-7065edfa4dd5,200,0,1,370,WordPress,Empire Steam Cleaning and Pressure Washing &#8211; Santa Rosa Restaurant Hood Cleaning,weak,,2026-06-29T12:03:31+00:00
4979cef7-48c2-4c03-939f-7f890e8ac061,200,1,1,495,,Commercial Building Maintenance Company | Janitorial Cleaning Service In San Francisco Bay,good,,2026-06-29T12:03:31+00:00
c73d601c-2ba5-4b1f-825a-5d2355445f5b,200,1,1,246,Squarespace,Lyons Optometry,good,,2026-06-29T12:03:32+00:00
83fcd0e2-6e3d-4121-a751-016216688042,200,1,1,1506,,"Notary, Passport Photo, Packing, Shipping, Mailing, FedEx, DHL, USPS | Santa Rosa, CA | The Central Office",good,,2026-06-29T12:03:32+00:00
c58d271b-c55d-40be-9411-54d2c264f4fc,200,1,1,311,,"KK Optometric Eyecare | Trusted Eye Doctors in Petaluma, CA",good,,2026-06-29T12:03:32+00:00
1966c0f7-6eb6-46a7-a392-264830cab1d9,0,0,0,33,,,broken,connection failed,2026-06-29T12:03:32+00:00
684f1c5f-85a7-4f29-8823-b19f20494440,0,0,0,36,,,broken,connection failed,2026-06-29T12:03:32+00:00
eb66b72d-3d6e-4e20-8ccc-c2fb10465f3a,200,1,1,652,,"Eye Doctor in Ukiah, CA | Clear View Optometric",good,,2026-06-29T12:03:32+00:00
e629a8a9-5f6f-4f8e-ad4d-6cfef23ca7e9,0,0,0,86,,,broken,connection failed,2026-06-29T12:03:32+00:00
2ef9a98a-bcff-4992-a697-77e34f83cfdc,200,1,1,460,,"Professional Optometric Corporation, provider of Eyexam of CA | Trusted Eye Doctors in Novato, CA",good,,2026-06-29T12:03:32+00:00
e596801b-58de-4236-8649-f17a5c887e28,200,1,1,673,,"LensCrafters in Santa Rosa, CA, 2033 Santa Rosa Plz | Eyewear &amp; Eye Exams",good,,2026-06-29T12:03:32+00:00
f269671c-eb2c-462f-b691-c812eaf4e735,0,0,0,37,,,broken,connection failed,2026-06-29T12:03:32+00:00
740bd6f3-d12f-4065-8895-adcf22fe3de7,0,0,0,388,,,broken,"ssl: HTTPSConnectionPool(host='www.fraserbraces.com', port=443): Max retries exceeded with url: / (Caused",2026-06-29T12:03:32+00:00
e791fdfe-21ea-4d07-8e3f-112ea676a9df,0,0,0,103,,,broken,connection failed,2026-06-29T12:03:32+00:00
40c69490-9b77-4f90-aabc-66e5b4816b2d,0,0,0,43,,,broken,connection failed,2026-06-29T12:03:32+00:00
10c2efb5-4701-4c7b-ac5e-9eaf8fa50c92,200,1,1,259,WordPress,Orthodontist Novato CA Invisalign Braces | Wilson and Kim Orthodontics,good,,2026-06-29T12:03:32+00:00
9ae224d6-19db-4dec-b8f8-03b704980b57,0,0,0,608,,,broken,"ssl: HTTPSConnectionPool(host='www.marinbraces.com', port=443): Max retries exceeded with url: / (Caused ",2026-06-29T12:03:32+00:00
78baed3d-dc77-499e-b6ad-179149569998,200,1,1,277,,Home | Mei-Don Chinese Cuisine,good,,2026-06-29T12:03:32+00:00
a56704f0-b211-4198-a215-0b96c1a5784d,200,1,1,6103,WordPress,"Santa Rosa, CA Mortgage Lenders &amp; Loan Officers | Guild Mortgage Locations",weak,,2026-06-29T12:03:32+00:00
952548fb-3dae-42b7-9a12-a175160c66b6,200,1,1,387,,Blueprint Studios | Home,good,,2026-06-29T12:03:32+00:00
0a24af13-b6e0-474e-b223-f326499c53e1,200,1,1,295,Squarespace,purple cork - Event Experiences,good,,2026-06-29T12:03:33+00:00
a3e15493-8be2-400c-8cfd-7788ee0be7cd,200,0,0,345,,Web Hosting Hub | Domain Unavailable,weak,,2026-06-29T12:03:33+00:00
8a6fbd4c-39d0-42b2-a18b-10353f0d62ae,202,1,0,237,,,weak,,2026-06-29T12:03:33+00:00
9298dd5c-7b44-4685-b59a-06fc937ee6ec,200,1,1,6115,WordPress,"Santa Rosa, CA Mortgage Lenders &amp; Loan Officers | Guild Mortgage Locations",weak,,2026-06-29T12:03:33+00:00
45f6843f-9f2a-4fb7-a894-6e34886a9318,202,0,0,130,,,weak,,2026-06-29T12:03:33+00:00
8b7f0f6b-7b8e-4d94-87bd-9eeb3d338235,200,1,1,843,,Demo Slot: 20 Slot Demo Gratis Akun Pragmatic Play Gampang Menang x500 Gacor Maxwin Anti Lag Terbaru,good,,2026-06-29T12:03:33+00:00
fe2372b4-a4ba-41fa-b2f4-f04694e8b296,200,1,1,203,,Local Dentist Office in Petaluma CA | Petaluma Modern Dentistry,good,,2026-06-29T12:03:33+00:00
daa0294e-c6ad-467d-999d-c60228e97d0f,200,1,1,342,,Marvel Grading &amp; Paving | Asphalt in Sonoma County,good,,2026-06-29T12:03:33+00:00
067f7abe-5dfd-441e-af44-8bcf8f3923f1,200,1,1,172,WordPress,Dental Website Design | Dental Marketing | RevenueWell | PBHS,good,,2026-06-29T12:03:33+00:00
82eacbb7-6b53-446f-b105-5159e8c2f1ab,200,1,1,865,WordPress,Cotati Kids Birthday Party | Bounce House | Pump It Up,good,,2026-06-29T12:03:33+00:00
94dbca29-99c7-4f9a-8861-72e354842b97,404,1,1,464,,,broken,,2026-06-29T12:03:33+00:00
619d5acc-f428-401d-b7d9-9868f0bc4fd3,0,0,0,82,,,broken,connection failed,2026-06-29T12:03:33+00:00
c931120d-5680-4844-8c66-9bb9824f2c46,200,1,0,399,,COHN LAW FIRM - Dona Cohn-Payne,weak,,2026-06-29T12:03:33+00:00
efdc675b-2bf7-4631-9521-ec2bc51821e0,200,1,1,468,,Joshua Katz Santa Rosa Attorney| California Wrongful Death Lawyer | Sonoma County CA,good,,2026-06-29T12:03:34+00:00
1642598f-a5df-44a2-a875-31031ed1257b,200,1,1,1016,,"Rohnert Park Dentist | Robert Y Chiang, DDS, Inc. | 94928",good,,2026-06-29T12:03:34+00:00
af4381ac-0443-4120-a43b-ada603c1e0a0,0,0,0,67,,,broken,connection failed,2026-06-29T12:03:34+00:00
b1cee0b2-2c85-4431-affb-4480b52f76e1,200,1,1,2535,WordPress,Orthodontist in California | Santa Rosa &amp; Windsor | Bernstein Orthodontics,good,,2026-06-29T12:03:34+00:00
5e54875a-4595-4ac7-a345-e207ef34223e,200,1,1,914,,San Rafael Personal Injury Lawyer | Kuvara Law Firm,good,,2026-06-29T12:03:34+00:00
f0e9490a-9d20-413b-b9e8-def3d0e0d9e3,202,1,0,110,,,weak,,2026-06-29T12:03:34+00:00
7814e43f-f446-4dd6-b235-da1e94bf788d,0,0,0,81,,,broken,connection failed,2026-06-29T12:03:34+00:00
577ef10f-7c0d-4949-8759-370570b83905,403,1,1,126,,Just a moment...,broken,,2026-06-29T12:03:34+00:00
b9588a23-fa2c-4f40-9a18-8fc1be3a2cd2,200,1,1,2220,WordPress,Global Locator | Find Corporate &amp; Event Venues | Encore®,good,,2026-06-29T12:03:34+00:00
2a07b2e9-5cdd-43dd-9e27-84c875d5b6cf,200,1,1,468,,Joshua Katz Santa Rosa Attorney| California Wrongful Death Lawyer | Sonoma County CA,good,,2026-06-29T12:03:34+00:00
ba6c9b24-bcce-4f96-a511-842f4ac0f2fe,200,1,1,401,WordPress,"Law Offices of Dr. Russell Sawyer, PC",good,,2026-06-29T12:03:34+00:00
5fa270cb-1862-47cb-ac79-43b42c0b8e50,200,1,1,1702,WordPress,Dr. Karimeh Shehadeh - Oak Tree Dental Sebastopol,good,,2026-06-29T12:03:34+00:00
1bf4bbfb-d725-4e0e-a7b8-439b4a40cfff,200,1,1,1775,WordPress,"Lisa Halliday, DMD &amp; Tom Halliday, DDS | Dentist in Sonoma, CA",good,,2026-06-29T12:03:35+00:00
05179cb6-b867-4232-9520-38e5b833da93,200,1,1,394,,"Armed Force Pest Control, Inc.",good,,2026-06-29T12:03:35+00:00
7791b43b-9353-4089-ac21-0e07073c9559,200,1,1,513,,Petaluma Pest Control | Hydrex Pest Control,good,,2026-06-29T12:03:35+00:00
cc8939fe-2d34-44eb-86b8-ecd66e0cda70,200,1,1,448,,#1 Rat &amp; Rodent Exclusion Services in Marin &amp; Sonoma Counties,good,,2026-06-29T12:03:35+00:00
754182fa-af45-4d7e-82c2-c88ee7902dc1,200,1,1,10968,,Search Results | Flagstar,weak,,2026-06-29T12:03:35+00:00
56b6d2ce-949f-4d1b-989b-5594c4fe150b,200,1,1,930,WordPress,"Pest Control | Marin, Sonoma, Napa and SF, Diamond Certified",good,,2026-06-29T12:03:35+00:00
20bb35e3-5ebe-4a11-9884-9276458501cd,200,1,1,671,,"Termite &amp; Pest Control, Exterminators in Petaluma: Terminix",good,,2026-06-29T12:03:35+00:00
56e22435-7498-4541-a1c7-7ab5c1d1c5e1,200,1,1,367,,Santa Rosa Pest Control | We Care Pest Solutions,good,,2026-06-29T12:03:35+00:00
c2396fd8-f7d7-44ab-af3f-83e14a743026,0,0,0,43,,,broken,connection failed,2026-06-29T12:03:35+00:00
20b2df38-9379-42ca-a280-f3c759c82d8c,200,1,1,922,,Pest Control & Local Exterminator Services | Ehrlich Pest Control,good,,2026-06-29T12:03:35+00:00
26100926-dacb-4ab2-95be-5a367bb52656,0,0,0,86,,,broken,connection failed,2026-06-29T12:03:35+00:00
d676a0ca-c2f1-4197-ae14-a965c4428296,200,0,0,279,,Bundocks Kennels,weak,,2026-06-29T12:03:35+00:00
8db89f20-6cf6-4e8a-9a78-c77a93af707b,200,1,1,680,,Acquisitions | Western Exterminator,good,,2026-06-29T12:03:35+00:00
b959f017-b7f4-4fb9-8a8b-b2ff78f7ad46,200,1,1,584,,"Pest Control & Exterminators in Santa Rosa, CA| Western Exterminator",good,,2026-06-29T12:03:36+00:00
3fb273e5-c487-4738-ba09-ccecc5e1a261,200,1,1,129,Wix,Dog Grooming in Santa Rosa | Posh Pet Salon - Small Dog Specialists,good,,2026-06-29T12:03:36+00:00
9a9879e2-9e66-4ebf-916e-faf46fab5723,200,1,1,207,,"PetSmart Pet Grooming Locations - Santa Rosa, California",good,,2026-06-29T12:03:36+00:00
9c342876-df61-4d07-8810-45b1db0c14c6,404,0,0,154,,Not Found,broken,,2026-06-29T12:03:36+00:00
ed8b5c54-d526-43ab-81e5-be1de423c2d6,404,1,0,138,,,broken,,2026-06-29T12:03:36+00:00
1399db28-d91e-41a2-b907-7157f93b7fd6,0,0,0,34,,,broken,connection failed,2026-06-29T12:03:36+00:00
8adeaefa-94d0-459b-bfc9-4e92cdba93ff,0,0,0,83,,,broken,connection failed,2026-06-29T12:03:36+00:00
8cbb5dec-61e6-4a37-83e0-7d6a5949dac9,200,1,1,844,,"Pest Control & Exterminators in Santa Rosa, CA| Western Exterminator",good,,2026-06-29T12:03:36+00:00
8ab67bc0-f19d-458b-a487-a14ced8f7f6a,200,0,1,467,,,weak,,2026-06-29T12:03:36+00:00
fa8d1979-5c75-4ace-bd2d-258771446cea,403,0,1,152,,Attention Required! | Cloudflare,broken,,2026-06-29T12:03:36+00:00
6a258cee-3b6c-48ab-afa8-544be8303f4e,200,1,1,450,WordPress,"By the Bay Health | Marin, San Francisco, San Mateo, Sonoma",good,,2026-06-29T12:03:36+00:00
cc0cf848-3bb8-4311-bf57-653bfc07eb62,200,1,1,224,Wix,Cara DeLaRosa : Animal Hospice &amp; Pet Loss Grief Support,good,,2026-06-29T12:03:36+00:00
35050a8b-0384-48dd-9370-c0414f0a3069,200,1,1,472,Squarespace,happypetshealth.com,good,,2026-06-29T12:03:36+00:00
ca05bdd8-9014-4a0c-9c42-8bc0ab33b459,200,1,1,114,WordPress,"Vet Clinic in Napa Valley &amp; Lake County, CA | Calistoga Pet Clinic",good,,2026-06-29T12:03:36+00:00
5adbf94c-60a8-4bc7-868b-8b584643ecaa,200,1,1,1881,WordPress,"Pest Control | Marin, Sonoma, Napa and SF, Diamond Certified",good,,2026-06-29T12:03:36+00:00
757e56b7-4893-4918-abc3-3e35b3d8bc11,200,1,1,430,,Page not found,good,,2026-06-29T12:03:36+00:00
5e96b258-6abd-42c7-bfd8-280a03e74b04,200,1,1,506,WordPress,HOME - Julie&#039;s Pet Care,good,,2026-06-29T12:03:36+00:00
5c4f0e66-8471-4224-8607-7b7e809d7875,200,1,1,933,WordPress,Contact &#8211; Bella Frieda Farm,good,,2026-06-29T12:03:37+00:00
2072b9ea-7cd8-430a-b732-0cf3f3509e15,200,1,1,192,,,good,,2026-06-29T12:03:37+00:00
ab05bbcf-a1ee-4142-b4ad-e0655c97b051,200,1,1,410,,"PetVet at Tractor Supply Company | Windsor, CA",good,,2026-06-29T12:03:37+00:00
5ef54d1f-ae83-4465-a645-1c1bff73707e,0,0,0,67,,,broken,connection failed,2026-06-29T12:03:37+00:00
1b84a732-c786-4846-b647-d24b85c891b8,200,0,1,899,WordPress,"Debbies Pet Boutique &#8211; 1129 S. Cloverdale Blvd Cloverdale, CA 95425",weak,,2026-06-29T12:03:37+00:00
e2104414-9a73-4e98-b9e8-642ee3fb894a,400,1,1,233,Wix,400 Error: Bad Request,broken,,2026-06-29T12:03:37+00:00
007c4643-a33a-4637-ac1a-b3c4e97afd8b,200,1,1,1219,,Animal Rn | Slot Online Mudah Dimainkan &amp; Strategi Spin Santai,good,,2026-06-29T12:03:37+00:00
8bcb6a56-b18e-40d7-a6a5-80260202e4d0,0,0,0,101,,,broken,connection failed,2026-06-29T12:03:37+00:00
bb4cadc7-31a1-4add-80e1-1d1f19aaa0e6,200,1,1,1021,WordPress,Fetch! Pet Sitting &amp; Dog Walking in Marin,good,,2026-06-29T12:03:37+00:00
44355ea7-72c9-4f5d-ba1a-68ee1144b154,200,0,1,139,Squarespace,Jeremiah&#39;s Photo Corner,weak,,2026-06-29T12:03:37+00:00
52250fff-2144-467a-975d-ef6d05d03cd1,403,1,1,68,,Access denied | focusforwardwpt.com used Cloudflare to restrict access | focusforwardwpt.com | Cloudflare,broken,,2026-06-29T12:03:37+00:00
2b1c1555-dbbe-4a61-8c46-de76db811ecc,200,1,1,459,,"Pet Supply Store Near You | Petco Pet Store in Mayette Village, CA",good,,2026-06-29T12:03:37+00:00
e35ac655-4f4c-4ab0-8858-14ba659c4774,0,0,0,85,,,broken,connection failed,2026-06-29T12:03:37+00:00
6f4dfffa-fc5a-45a6-aae6-01033f8c6657,200,1,1,110,WordPress,"PT Clinic in St. Helena, CA | PT Solutions",good,,2026-06-29T12:03:38+00:00
90db28de-a7c1-4b3f-a52d-98a908f9a148,200,1,1,1530,,Rocking J&amp;R Ranch | Rocking J&amp;R Ranch,good,,2026-06-29T12:03:38+00:00
49582239-dea2-4ca6-ba4e-20e891bf40ab,200,1,1,238,WordPress,PreventPT | Performance Physical Therapy Sports Rehab • Injury Prevention • Strength &amp; Conditioning,good,,2026-06-29T12:03:38+00:00
b6ee60fd-0b13-45b9-aa96-3f2e50b45135,200,1,1,770,Wix,Black Cat Studio | Fine Art Printing &amp; Photography,good,,2026-06-29T12:03:38+00:00
877f3db1-f78e-46f5-b584-7bc2b25e8a4d,200,0,0,145,,,weak,,2026-06-29T12:03:38+00:00
de6ce824-be80-4bb9-b9dc-7c1e8ec13b20,200,1,1,524,,"Chronic Pain Treatment in Santa Rosa, CA | Pain &amp; Performance Solutions",good,,2026-06-29T12:03:38+00:00
39785e8b-1fa4-4249-ac18-23cd1c8bea4b,503,0,0,19,,503 - SERVICE UNAVAILABLE,broken,,2026-06-29T12:03:38+00:00
5eb7a98a-3a08-4547-8b3b-8426f1ef42e9,404,1,1,399,,404: NotFound,broken,,2026-06-29T12:03:38+00:00
aa27bb5f-3dac-46d0-9a3b-a53006399dc5,0,0,0,15,,,broken,connection failed,2026-06-29T12:03:38+00:00
80dab852-aefd-4d9f-acb5-db651a86728b,200,1,1,110,Squarespace,Acre Pizza,good,,2026-06-29T12:03:38+00:00
79271446-5104-4a63-a0d3-125a91f79ecf,0,0,0,15122,,,broken,connection failed,2026-06-29T12:03:38+00:00
e479652c-f12e-44ec-bb88-af8a59240587,200,1,1,266,,"Papa Johns Pizza Delivery &amp; Carryout - Best Deals on Pizza, Sides &amp; More",good,,2026-06-29T12:03:38+00:00
8774b337-e8e4-455e-a58a-a8c33b244bbf,200,1,1,361,GoDaddy,"Napa Soul - Spin, Wellness, Fitness",good,,2026-06-29T12:03:38+00:00
e33b438b-f48f-4141-9c6e-756614a0a42f,200,1,0,169,,,weak,,2026-06-29T12:03:38+00:00
627869c6-e514-4686-98b8-34a6a579a203,200,0,0,232,,,weak,,2026-06-29T12:03:38+00:00
a7c6fe45-b4bf-4534-bed5-050dbdcc342f,200,1,1,234,WordPress,Diavola Restaurant - Lunch &amp; Dinner - Pizzaria Restaurant,good,,2026-06-29T12:03:39+00:00
4d2fa914-1b6a-4828-ac19-9451f7a3ae7f,521,1,1,236,,fregenes.com | 521: Web server is down,broken,,2026-06-29T12:03:39+00:00
dbfc9947-1534-49d1-9c68-c000d0007438,200,1,1,780,,Club Pilates Santa Rosa | Reformer Pilates Studio,good,,2026-06-29T12:03:39+00:00
5cbcf979-8671-4f2f-a2b5-73d2540e51fb,200,0,0,119,,,weak,,2026-06-29T12:03:39+00:00
ab316f88-1caa-49b5-b75d-c2068650ba22,521,1,1,203,,fregenes.com | 521: Web server is down,broken,,2026-06-29T12:03:39+00:00
01a92ff0-37bb-4ee5-85b7-c53f5f80ac7b,0,0,0,92,,,broken,connection failed,2026-06-29T12:03:39+00:00
7b9ff339-a566-480e-8f5c-1326c13bee34,200,0,1,1750,WordPress,"Kentfield Kennels &#8211; English Labrador Retriever Breeder in Sebastopol, California",weak,,2026-06-29T12:03:39+00:00
16490dba-05bd-40ab-a897-856b6f7787ce,403,1,1,155,,Just a moment...,broken,,2026-06-29T12:03:39+00:00
0490a438-6b54-41e3-8660-c298b31dfa48,200,1,1,3396,,"PetSmart Petaluma Pet Store in Petaluma, California | Store #2532",good,,2026-06-29T12:03:39+00:00
3e444941-1854-4550-8666-2ab0fe2c1c80,0,0,0,81,,,broken,connection failed,2026-06-29T12:03:39+00:00
f11e80a3-264c-4914-82a6-4398219f8c86,200,1,1,103,WordPress,"Sbarro Pizza at Santa Rosa Plaza, CA | Sbarro",good,,2026-06-29T12:03:39+00:00
7e1e3789-764d-47f0-933a-8b7f79d15601,200,1,1,2407,Wix,"Pawsarotti's | Family owned pet store | 106 Calistoga Road, Santa Rosa, CA, USA",good,,2026-06-29T12:03:39+00:00
5827de12-b4f5-4573-b36c-98e2da58c715,0,0,0,47,,,broken,connection failed,2026-06-29T12:03:39+00:00
b7825b96-27a9-4f56-bb2e-293b9fdcd653,0,0,0,97,,,broken,connection failed,2026-06-29T12:03:39+00:00
f8721f50-5127-4225-a803-9f5f7afb8597,0,0,0,264,,,broken,"ssl: HTTPSConnectionPool(host='www.stoneworkpizza.com', port=443): Max retries exceeded with url: / (Caus",2026-06-29T12:03:39+00:00
6c150667-5c3a-4a09-9269-df3ac5bc1179,0,0,0,291,,,broken,"ssl: HTTPSConnectionPool(host='www.theschwanfoodcompany.com', port=443): Max retries exceeded with url: /",2026-06-29T12:03:39+00:00
33d91a03-7e23-4400-ab35-6319047addf3,0,0,0,117,,,broken,connection failed,2026-06-29T12:03:39+00:00
8dd29fc4-604e-442d-a08c-f2325576a425,200,1,1,404,WordPress,"Expert Plumbing &amp; Electrical Services | 707 Plumbers, Inc. | 707 Plumbers",good,,2026-06-29T12:03:39+00:00
8adc5ff2-c112-4af8-8ca8-2fcacb6fa897,202,1,0,349,,,weak,,2026-06-29T12:03:39+00:00
42ab5426-0c91-455a-97a3-907c396f42b6,200,1,1,337,WordPress,"HVAC Contractor in Sonoma, CA | APES Plumbing Heatin Sewer &amp; Drain",good,,2026-06-29T12:03:40+00:00
1a0cf4e0-1989-4bf5-b049-fa6cb05e8a29,200,0,1,243,GoDaddy,Plumbing Repair Service | Professional & Fast | Call (833) 360-4213,weak,,2026-06-29T12:03:40+00:00
b038ec98-395a-4d3c-a51d-c365e2cc8481,200,1,1,19742,Shopify,"A Touch of Class Gifts | Santa Rosa, CA",weak,,2026-06-29T12:03:40+00:00
97558ec7-419a-49dd-803b-5ef1240c9a40,200,1,1,164,,"Local Plumbing Company | Santa Rosa, CA | Economy Plumbing",good,,2026-06-29T12:03:40+00:00
db189ebf-e4f9-4107-9e35-74507f557e37,0,0,0,1167,,,broken,"ssl: HTTPSConnectionPool(host='www.redd-wood.com', port=443): Max retries exceeded with url: / (Caused by",2026-06-29T12:03:40+00:00
a8170e62-5771-4fbd-b94b-8512b27ce418,200,1,1,233,,"Experienced Plumbers | Fulton, CA | Devoto Plumbing, Inc.",good,,2026-06-29T12:03:40+00:00
958057db-ccd4-4bbb-8a77-7decdb9c1bb1,200,1,1,83,,Plumbing Services Cotati CA | Frati Plumbing,good,,2026-06-29T12:03:40+00:00
2c91f017-9ccd-45d5-ac4a-4036cbd67bf5,200,1,1,1491,WordPress,"Hector&#039;s Pizza | Sourdough Pizza in Petaluma, CA",good,,2026-06-29T12:03:40+00:00
b705dd6b-db71-4219-b62d-59aa7e862a05,200,1,1,181,WordPress,Local Plumber in Santa Rosa | Holman Plumbing,good,,2026-06-29T12:03:40+00:00
b77f2589-ae12-4f5b-8674-987689d5879b,200,1,1,137,WordPress,Local Plumber in Santa Rosa | Holman Plumbing,good,,2026-06-29T12:03:40+00:00
1b12c0b1-cf70-4851-891d-476733fbfc7d,404,1,1,1248,WordPress,Graton Resort &amp; Casino | California&#x27;s Premier Gaming Destination,broken,,2026-06-29T12:03:40+00:00
1dc9898d-0f5c-469e-973b-797aa770d1a7,0,0,0,118,,,broken,connection failed,2026-06-29T12:03:40+00:00
34e3fb4b-a656-4a6c-8edf-7c3db598a2c6,200,0,1,179,Weebly,welcome - HOME,weak,,2026-06-29T12:03:40+00:00
591d6e29-04a0-4f4d-a857-8e288715256d,200,1,1,234,WordPress,Trusted Home Comfort &amp; Plumbing Services | John Owens Services,good,,2026-06-29T12:03:40+00:00
93201af2-53c5-4b07-b5d8-b69a614ee88a,200,1,1,236,GoDaddy,"Leras Potable Water Trucks - Potable Water, Trucking, Drinking Water",good,,2026-06-29T12:03:40+00:00
5f38b2ac-3eff-42af-b641-334227d7ad32,200,1,1,549,WordPress,"Plumbers San Rafael, CA Marin County | Gotelli Plumbing Company",good,,2026-06-29T12:03:40+00:00
7d10df55-734d-4296-9187-486653ed5978,404,1,1,1554,WordPress,Graton Resort &amp; Casino | California&#x27;s Premier Gaming Destination,broken,,2026-06-29T12:03:40+00:00
48434882-4a0d-4967-a22a-6c61466cfb87,200,1,1,256,,"Plumbers Santa Rosa, CA | Maples Plumbing &amp; Heating",good,,2026-06-29T12:03:40+00:00
af723f55-7008-478c-a951-070a4535cc69,200,0,1,67,,Checking your browser...,weak,,2026-06-29T12:03:40+00:00
f73c769b-59ef-475d-9822-baac07699421,200,1,1,143,Wix,Plumbing Service | Northbay Plumbing | Santa Rosa,good,,2026-06-29T12:03:40+00:00
8f0e062f-dbce-4af1-b947-101691225b15,200,1,1,887,WordPress,Home - Dejusto Plumbing,good,,2026-06-29T12:03:40+00:00
d0bf00ef-4a00-4a0a-a7a8-c34ffdda2571,404,0,0,71,,SITE NOT FOUND,broken,,2026-06-29T12:03:40+00:00
52fa99cc-4d1b-4ff6-8d46-c88d8ff02b7b,200,1,1,230,GoDaddy,Rock Solid Drains,good,,2026-06-29T12:03:41+00:00
8c6efb98-b9e2-4842-9108-caccdc718c3d,200,1,1,613,,Plumbers in Santa Rosa | Women-owned | 25+ Years,good,,2026-06-29T12:03:41+00:00
d0228c2d-a982-4c81-ba9d-9c9f45aadec2,200,1,1,179,,Santa Rosa Plumbers Near You | Roto-Rooter,good,,2026-06-29T12:03:41+00:00
54e73e47-6408-46a8-b593-6fa999f6c946,404,1,0,390,,Not Found,broken,,2026-06-29T12:03:41+00:00
23e170c4-ce79-480d-aa58-7312b0582f20,200,1,1,657,WordPress,Lewis Mechanical,good,,2026-06-29T12:03:41+00:00
dba32172-e0a0-4b4e-ab00-0b2a422964d1,200,1,1,283,GoDaddy,Roy&#x27;s Sewer Service - Drain Cleaning Experts,good,,2026-06-29T12:03:41+00:00
652e4f09-bf99-4e23-b22c-1ed90deff8f6,200,1,1,4183,WordPress,Elizabeth Baird Photography,weak,,2026-06-29T12:03:41+00:00
b4efd1c3-173e-4bd9-bee2-bf6aa59db568,200,1,1,902,,Rapid Rooter - Miksis Services Inc.,good,,2026-06-29T12:03:41+00:00
9ec6c498-d237-4bd2-bb18-fc711400f30c,200,1,1,302,WordPress,"Best Plumbers in Santa Rosa and Sonoma County, CA",good,,2026-06-29T12:03:41+00:00
d8f79254-ebcd-4e8f-ac0d-94c414d6a77f,200,1,1,331,WordPress,Sonoma County Plumber — Same-Day Service | Simeone Plumbing,good,,2026-06-29T12:03:42+00:00
9ee5ec2b-ecdf-40dc-8f01-dad080c05aae,202,1,0,344,,,weak,,2026-06-29T12:03:42+00:00
ae5a6d98-11f1-40d5-8978-354ec590188d,200,1,1,1392,,Santa Rosa Plumbers Near You | Roto-Rooter,good,,2026-06-29T12:03:42+00:00
fba3dccf-8d7c-4e4f-9550-6daa8a13ec48,200,1,1,1534,,Cotati Plumbers Near You | Roto-Rooter,good,,2026-06-29T12:03:42+00:00
5a92b983-8105-440d-953e-455f19420a44,200,1,1,1358,WordPress,"Santa Rosa Emergency Plumbing, Drain and Rooter Pros - 24HR Plumber",good,,2026-06-29T12:03:43+00:00
a560612e-6916-4760-b8a8-856c9748a962,200,1,1,498,WordPress,"Professional Emergency Plumber in Montclair, CA",good,,2026-06-29T12:03:43+00:00
87869da9-184d-4c91-a2a4-32b208119031,200,1,1,1493,,"Sonoma County Pump &amp; Well — Sebastopol, CA",good,,2026-06-29T12:03:43+00:00
a0057977-f321-4ab5-b7db-47b7fa6990cb,200,1,1,520,Wix,United States Plumbing U.S.P. | plumbing company drain service emergency water heater | California,good,,2026-06-29T12:03:43+00:00
06a75559-dd5d-41b8-99e7-f4720e4de907,202,1,0,181,,,weak,,2026-06-29T12:03:43+00:00
45fde9e8-b0b2-408f-9859-1784ad554429,200,0,1,134,GoDaddy,Plumbing - Zaragoza Plumbing Inc,weak,,2026-06-29T12:03:43+00:00
42b001c7-6e08-42f9-b78e-b20cc75e97ce,200,1,1,482,,CASTLE Preschool &amp; Child Care - Home,good,,2026-06-29T12:03:43+00:00
cfe3b10c-f178-484e-ad23-912beae94cfd,200,1,1,1534,Wix,"Sustainable Plumbers, Steven Raffaini Plumbing | Plumbing | 510 Donald Street, Sonoma, CA, USA",good,,2026-06-29T12:03:44+00:00
12eea46b-59b9-4f82-b96e-9b85a04f4cc6,200,1,1,133,,"Preschool &amp; Childcare | Rohnert Park, CA",good,,2026-06-29T12:03:44+00:00
13e041f3-d47f-440b-96a8-69e0d7cdeee7,200,1,1,2574,WordPress,"Justin tv izle, Canlı maç izle, justintvizlesene.co",good,,2026-06-29T12:03:44+00:00
73610667-a365-47bf-9d04-5628b3bedcdd,200,1,1,232,,"Preschool &amp; Childcare | Rohnert Park, CA",good,,2026-06-29T12:03:44+00:00
93e6467b-e989-4364-810b-7be4e7f5e316,200,1,1,598,WordPress,Preschool &amp; Private School Near Me | Merryhill School,good,,2026-06-29T12:03:44+00:00
8aecfbd5-bf6c-4458-955d-038be5ed58fe,200,1,1,1205,WordPress,"Local Family-Owned Plumber in Santa Rosa Offering 24 Hour Emergency Plumbing, Fast Water Heater Repair, Reliable Drain Cleaning and Full-Service Home Plumbing Across Sonoma County",good,,2026-06-29T12:03:44+00:00
7b1c3ba1-0c5b-4809-a934-a58fc801146c,200,1,0,121,Drupal,People Make the Difference at The Bridge School... | The Bridge School,weak,,2026-06-29T12:03:44+00:00
3ed97393-f649-4444-980b-f79c0fdf48f9,200,1,1,1908,Wix,United States Plumbing U.S.P. | plumbing company drain service emergency water heater | California,good,,2026-06-29T12:03:44+00:00
8bfc35c8-c100-4ca3-b470-296791be4756,200,1,1,536,GoDaddy,Tiny Treasures Preschool: Quality Daycare &amp; Childcare,good,,2026-06-29T12:03:45+00:00
137d2434-440a-46a1-aa5f-851ee32712ef,200,1,1,798,,"Rohnert Park KinderCare | Daycare, Preschool &amp; Early Education in Rohnert Park, CA | KinderCare",good,,2026-06-29T12:03:45+00:00
575c1c91-c733-4817-802f-79a600c47284,200,1,1,221,,Coddingtown Store | Whole Foods Market,good,,2026-06-29T12:03:45+00:00
fb80c9c4-de03-452d-ba43-be8db65dbe0d,200,1,1,1247,,"Petaluma KinderCare | Daycare, Preschool &amp; Early Education in Petaluma, CA | KinderCare",good,,2026-06-29T12:03:45+00:00
ae7692fb-f649-4ab5-b5c8-5b2a2ca1ffa3,0,0,0,15111,,,broken,connection failed,2026-06-29T12:03:45+00:00
8a517d4d-3c82-4128-b00e-5edaf8ff895c,200,1,1,1152,WordPress,"Preschool | Novato | San Marin Montessori | Toddlers, Primary, Elementary Education, CA",good,,2026-06-29T12:03:45+00:00
3034de83-4a9c-4a54-bce7-aa0e1b7b54b7,404,1,1,281,Squarespace,SOL FOOD,broken,,2026-06-29T12:03:46+00:00
d7440239-b329-430c-91c1-e690946a6977,200,1,1,2600,,"La Petite Academy of Santa Rosa in Santa Rosa, CA | 2055 Occidental Road | La Petite Academy",good,,2026-06-29T12:03:46+00:00
5b217d35-69cb-4552-acb0-9717b893849f,200,1,1,153,WordPress,"Aliisa Torri REALTOR®, Luxury &amp; Country Property Specialist - Sonoma County CA",good,,2026-06-29T12:03:46+00:00
f3d27d16-2e49-4a54-83db-eeae0682d3f8,404,0,1,138,,404 Not Found,broken,,2026-06-29T12:03:46+00:00
65a1bdd1-4687-4785-b5a8-70b2ad729659,200,0,0,215,,,weak,,2026-06-29T12:03:46+00:00
269de879-bdb0-47bb-90c7-0575cb02a4db,0,0,0,35,,,broken,connection failed,2026-06-29T12:03:46+00:00
203ba2b5-02b8-48fb-9c8c-a8002d74402f,200,1,0,1262,,,weak,,2026-06-29T12:03:46+00:00
1e819b3a-7ed7-4807-825e-8abb043c5e0b,200,1,1,5621,,"Certified Plumbers in Petaluma, CA | Roman's Plumbing, Inc",weak,,2026-06-29T12:03:46+00:00
d896c058-7f78-401c-af2a-56b6b01b9c61,200,1,1,400,,BHG loading...,good,,2026-06-29T12:03:46+00:00
49470172-72fc-4690-b887-9059651a27cc,200,1,1,175,,North Bay Real Estate Experts â Discover Your Dream Home,good,,2026-06-29T12:03:46+00:00
f0511736-36d8-4538-9fd8-2ed24d62cc93,200,1,1,407,,"Real Estate, Homes for Sale & Apartments for Rent | Compass",good,,2026-06-29T12:03:46+00:00
3514a8a2-0b15-4060-a79d-9b657b5e5674,0,0,0,208,,,broken,"ssl: HTTPSConnectionPool(host='www.integratelecom.com', port=443): Max retries exceeded with url: / (Caus",2026-06-29T12:03:47+00:00
1a017a2e-6dcf-410e-be1e-025137cadd20,404,0,0,298,,404 Not Found,broken,,2026-06-29T12:03:47+00:00
efa1ae9a-1b39-46d1-b6da-4ada6c565526,200,1,1,7834,WordPress,"Reliable Plumber in Novato, CA | Benjamin Franklin Plumbing",weak,,2026-06-29T12:03:47+00:00
8e03ffc6-74e9-4fcd-ac1a-ff773dedccb3,444,0,0,485,,,broken,,2026-06-29T12:03:47+00:00
33aec908-88cb-406b-b0b3-9945e8439f52,200,1,1,97,Wix,HOME | HPI REAL ESTATE SAN FRANCISCO BAY AREA,good,,2026-06-29T12:03:47+00:00
628c83c8-96b3-4396-baee-f31573fb4bb5,200,0,1,483,,Petaluma Real Estate Expert | HomesByGael.com,weak,,2026-06-29T12:03:47+00:00
baf45fb4-fa92-4055-880f-e841f3884fe2,0,0,0,20,,,broken,connection failed,2026-06-29T12:03:47+00:00
4b33bbdb-58b7-4153-b03e-aaad6ed77c62,0,0,0,146,,,broken,connection failed,2026-06-29T12:03:47+00:00
017d5ef4-6337-4738-97fc-c079db55fb92,200,1,1,1434,,Real Estate and Homes for Sale - Coldwell Banker,good,,2026-06-29T12:03:47+00:00
5deb3292-1be3-4cc9-93ae-8bcf8fe81a52,404,0,0,158,,,broken,,2026-06-29T12:03:47+00:00
2ee948e3-482a-4b68-b119-468ffa36fe24,200,1,0,85,,,weak,,2026-06-29T12:03:47+00:00
327ad1d1-0d82-4dbe-a054-db8cc8a74dd2,200,1,1,2550,WordPress,Restaurante El Palmar - Restaurante de arroces en El Palmar,good,,2026-06-29T12:03:48+00:00
cef215be-73d5-42dd-a799-061a6d11a8f0,0,0,0,78,,,broken,connection failed,2026-06-29T12:03:48+00:00
fc1e481f-2128-4dab-afbf-564f2dde985e,200,1,1,261,GoDaddy,"Kelley Eling, Realtor - Representing the Best Interests of Sellers and Buyers of Residential Real Estate Since 2002 License # 01336994",good,,2026-06-29T12:03:48+00:00
3d5a83e1-723d-4308-a1c8-722960013cae,200,0,0,323,,Welcome to Kelley Appraisal Services Inc.,weak,,2026-06-29T12:03:48+00:00
cabcf22e-a0b8-44ff-8138-9f33fd75705d,403,1,1,1893,WordPress,Homes for Sale in Santa Rosa CA | Caceres Real Estate Group,broken,,2026-06-29T12:03:48+00:00
3ec0659a-6a82-4c71-8e7e-592577f9c188,0,0,0,9,,,broken,connection failed,2026-06-29T12:03:48+00:00
46b6dd0b-bd64-4c57-89b1-7d2d19558c14,200,1,1,197,Wix,Real Estate Brokerage | Keystone Real Estate Advisors | California,good,,2026-06-29T12:03:48+00:00
046dcc8d-9912-4f67-a530-a1e9075fa6da,200,1,1,896,,Home Search,good,,2026-06-29T12:03:48+00:00
89687c6a-8a53-4664-99c3-535a5c8d278e,200,1,1,315,,Coastal Sonoma Real Estate Agent | Kris Lepore,good,,2026-06-29T12:03:48+00:00
bf94827b-6ced-40e3-bd20-ace7e572d7a7,0,0,0,35,,,broken,connection failed,2026-06-29T12:03:48+00:00
73d0b45e-2b4b-4b68-9603-88f32a03b401,218,0,0,241,,,weak,,2026-06-29T12:03:48+00:00
5ff115b1-0dc0-40f1-b9f9-9c3fd791b019,200,1,1,530,,"Leslie R. Perry - Attorneys - Perry, Johnson, Anderson, Miller and Moskowitz LLP Attorneys at Law",good,,2026-06-29T12:03:48+00:00
92a540d7-9cdb-49c6-bca2-77287c899449,200,1,1,676,,C21 loading...,good,,2026-06-29T12:03:48+00:00
ce890e88-4ad8-466f-9c76-0ad07b400442,404,0,0,243,,,broken,,2026-06-29T12:03:49+00:00
6b787751-80ae-40cf-825a-f2ab1efd9164,200,1,1,63,WordPress,Premier Homes &amp; Country Estates | Premier Homes &amp; Country Estates,good,,2026-06-29T12:03:49+00:00
a9f77ca5-722b-431d-9d36-60fff7644fbc,0,0,0,10018,,,broken,connection failed,2026-06-29T12:03:49+00:00
191a1403-13d4-4704-97f6-e731abdf0ec3,200,1,1,92,Squarespace,Rachael Dressler - Sonoma and Marin County Realtor,good,,2026-06-29T12:03:49+00:00
82334309-1c3d-4188-b64c-c7c9dd258c35,0,0,0,162,,,broken,connection failed,2026-06-29T12:03:49+00:00
4223cc1f-49e8-4a6b-b998-828db457dfc2,0,0,0,114,,,broken,connection failed,2026-06-29T12:03:49+00:00
2992118b-9c40-42f3-8e9c-04f4cf46a653,0,0,0,35,,,broken,connection failed,2026-06-29T12:03:49+00:00
bfda708c-99a7-4f08-91f2-f24e4fced646,200,1,1,282,GoDaddy,Redwood Empire Appraisal,good,,2026-06-29T12:03:49+00:00
d7096340-5deb-4f2f-b057-43e1f54c47a2,409,0,1,119,,DNS resolution error | sthelenarealestate.com | Cloudflare,broken,,2026-06-29T12:03:49+00:00
53746f5b-5077-4889-b72b-37ea11720e0c,200,1,1,251,,Bialkin.com,good,,2026-06-29T12:03:49+00:00
109c5f49-a9c2-45b4-bd96-3edaa6e2c8eb,0,0,0,90,,,broken,connection failed,2026-06-29T12:03:49+00:00
d5bf32ae-523a-4dc3-a29e-725782b520fa,0,0,0,66,,,broken,connection failed,2026-06-29T12:03:49+00:00
faabd4a6-9596-4aec-a3ca-d7374423e0d5,200,1,1,69,Wix,Erosion Control | Earthsavers Erosion Control LLC | United States,good,,2026-06-29T12:03:49+00:00
6d05409d-e8e0-49ca-a083-c7600e996dc9,200,1,1,2277,WordPress,JosephCusenzaRealtor.com,good,,2026-06-29T12:03:50+00:00
8a2af5e4-390f-4e5f-b7a5-f3ccc4a17742,404,0,1,934,,Site inactive,broken,,2026-06-29T12:03:50+00:00
029672ac-0f84-4fd2-b4c6-6280560160fa,0,0,0,17068,,,broken,connection failed,2026-06-29T12:03:50+00:00
5593f070-3f4c-477d-a695-5fc1e2809c2d,0,0,0,10016,,,broken,connection failed,2026-06-29T12:03:50+00:00
042fb427-9724-4e9a-9065-8521df87d455,200,1,1,1436,WordPress,Todd Schapmire,good,,2026-06-29T12:03:50+00:00
b79198f0-d7c0-468a-b4a7-745d48a0de91,0,0,0,156,,,broken,"ssl: HTTPSConnectionPool(host='www.jameswalker.cbintouch.com', port=443): Max retries exceeded with url: ",2026-06-29T12:03:51+00:00
b59e3792-668b-4e40-bd70-d6fd51f16187,200,1,1,288,,"Molly Arnott - XO Real Estate | Treasure Valley Relocation, Investment & Rural Properties",good,,2026-06-29T12:03:51+00:00
919446d4-5c78-4440-8083-2d96397dd6b9,0,0,0,43,,,broken,connection failed,2026-06-29T12:03:51+00:00
87d1181b-4950-4569-a1fe-e91a98220b98,200,1,1,263,,Luxury Hotel in Sonoma - Fairmont Sonoma Mission Inn &amp; Spa,good,,2026-06-29T12:03:51+00:00
bc18a7e3-6c11-4a8a-90e3-7e4845c258bd,202,0,0,74,,,weak,,2026-06-29T12:03:51+00:00
86f09cb0-6d77-4a6e-b7df-21fc0fb9b64c,200,0,0,175,,Web Page Under Construction,weak,,2026-06-29T12:03:51+00:00
1f42b058-2826-45e5-96ca-0692fb199206,0,0,0,67,,,broken,connection failed,2026-06-29T12:03:51+00:00
260df945-3a9e-46b2-9df1-9504491c2a2d,200,1,1,1510,WordPress,Toni Shroyer,good,,2026-06-29T12:03:51+00:00
80771d63-73eb-4f3a-820d-d569eef1b562,403,1,1,47,,Just a moment...,broken,,2026-06-29T12:03:51+00:00
b82a9887-5fbb-48de-8d05-90c60445b5d8,200,1,1,1278,,Discover Your Dream Home with W Real Estate in the North Bay,good,,2026-06-29T12:03:51+00:00
bd275b7e-3cab-484d-9210-609516c5185c,202,0,0,212,,,weak,,2026-06-29T12:03:51+00:00
34bc9b49-d882-4066-b531-54e88d4d5ce6,200,1,1,1135,,Discover Your Dream Home with W Real Estate in the North Bay,good,,2026-06-29T12:03:51+00:00
e8763988-0c97-4553-97f2-6dbe5ecb890b,200,1,1,198,Squarespace,"Tanya Scott&#39;s Boundless | Persona Trainer, Rounding Coach, Nutrition Coach",good,,2026-06-29T12:03:51+00:00
79165bda-76c5-442c-b7a9-bf1bab422992,200,1,1,220,,Luxury Hotel in Sonoma - Fairmont Sonoma Mission Inn &amp; Spa,good,,2026-06-29T12:03:51+00:00
a90e6961-2a3a-4da3-9a43-059f7c1e8f66,0,0,0,13,,,broken,connection failed,2026-06-29T12:03:51+00:00
d82263a4-1652-488a-8994-269eb0bb7eaf,200,1,1,261,Shopify,Homepage | Calistoga Depot,good,,2026-06-29T12:03:52+00:00
c63bc739-b9cd-478e-b4eb-68c6ceb32a26,0,0,0,287,,,broken,connection failed,2026-06-29T12:03:52+00:00
35102915-f14c-4250-8ef3-29c79a03a766,400,0,0,772,,Invalid URL,broken,,2026-06-29T12:03:52+00:00
d903eeec-6f32-4945-897b-fbe931d44e8f,200,1,1,396,Squarespace,Menufy: The Easiest Way To Grow Your Restaurant Online,good,,2026-06-29T12:03:52+00:00
767887cd-998d-4fc6-a5f5-d70a7fda8310,200,0,1,1281,,,weak,,2026-06-29T12:03:52+00:00
251cf20f-e32d-4e9f-aa90-214b959a7d8b,200,1,1,773,Shopify,Double Rainbow Ice Cream,good,,2026-06-29T12:03:52+00:00
fc863534-6265-4662-964b-f22312c4a442,200,1,1,454,,Williamson Wines - EPICUREAN KITCHEN,good,,2026-06-29T12:03:52+00:00
2eaf52de-e742-4320-bda1-f02bc7176bf1,200,1,1,271,,Gallo Family Vineyards - Delicious Traditional and Sweet Wines,good,,2026-06-29T12:03:53+00:00
c6f39c88-f1b0-46f3-a7c0-747e886e4423,200,1,1,536,,Flour and Bloom Cakes,good,,2026-06-29T12:03:53+00:00
9a566d11-dfb1-442c-afe3-56f3a2bc91a3,200,1,1,7562,WordPress,Jill Lublin|Find Your Voice,weak,,2026-06-29T12:03:53+00:00
802a1892-89ac-4cba-8129-3d09d2161224,200,1,1,1375,WordPress,The Daily Grind &#8211; Albany NY,good,,2026-06-29T12:03:53+00:00
f041bdc9-8156-415a-b2eb-dcaf86b17b41,200,1,1,195,Squarespace,LOLA,good,,2026-06-29T12:03:53+00:00
f2fa1cbc-fbb6-4dde-abc1-be1675f1bff9,0,0,0,477,,,broken,"ssl: HTTPSConnectionPool(host='koyogafit.com', port=443): Max retries exceeded with url: / (Caused by SSL",2026-06-29T12:03:53+00:00
90e421b3-41a7-4e0a-81a8-8a5ba4ea8225,0,0,0,43,,,broken,connection failed,2026-06-29T12:03:53+00:00
8eec5af8-dffe-4d5d-aa0c-f6c40a715475,0,0,0,47,,,broken,connection failed,2026-06-29T12:03:53+00:00
9ec80a2a-ab33-4a52-ab62-0e55c718dd5f,0,0,0,154,,,broken,connection failed,2026-06-29T12:03:53+00:00
7741b20f-8abb-4f46-aa36-591ce04d6530,200,1,1,505,WordPress,Knights Bridge Winery,good,,2026-06-29T12:03:53+00:00
c4e7d39a-c3b4-42da-85ff-b670e8c0ce85,404,0,0,48,,404 Not Found,broken,,2026-06-29T12:03:53+00:00
922fa1b6-5643-4113-a4eb-cd42ae31ead5,0,0,0,32,,,broken,connection failed,2026-06-29T12:03:53+00:00
0294b389-2400-48ab-8513-5f4c7534d6a8,404,1,1,1158,,404 Not Found 2,broken,,2026-06-29T12:03:54+00:00
90fe679a-31fb-4c82-9566-3587ec48f888,0,0,0,114,,,broken,connection failed,2026-06-29T12:03:54+00:00
2999a91f-f106-409b-8703-2a485192c8ce,200,1,1,444,WordPress,CakhiaTV | Trá»±c Tiáº¿p BÃ³ng ÄÃ¡ HD - Link CÃ Khá»a TV #1 HÃ´m Nay,good,,2026-06-29T12:03:54+00:00
c4b74dde-bef1-4cd8-b734-f212dc8179e5,404,1,1,9165,WordPress,404 Not Found | Pattersons Pub Mendocino,broken,,2026-06-29T12:03:54+00:00
6103e42c-4e83-4556-9a14-e0d1b8a21b40,200,1,1,327,,Home - Osaka Japan Grill,good,,2026-06-29T12:03:54+00:00
694ca9cf-12bd-463b-b055-f3dacba7567c,200,1,1,267,,"Osito Style Tacos - Sebastopol, CA 95472 (Menu &amp; Order Online)",good,,2026-06-29T12:03:54+00:00
7d9f8b5c-01b8-4543-bdd9-0e3435870942,0,0,0,82,,,broken,connection failed,2026-06-29T12:03:54+00:00
97e7a015-18c1-42ea-b984-5fc9b6ae5178,200,1,1,739,,"Novato&#039;s Original Local Brewery &amp; Restaurant | Moylan's Brewery & Restaurant Novato, CA",good,,2026-06-29T12:03:54+00:00
ea9b3d4a-6005-4ab8-b6c8-259e28ce271d,0,0,0,169,,,broken,connection failed,2026-06-29T12:03:54+00:00
cbdba029-a860-4254-b9dc-129165f8fc3a,200,1,1,253,WordPress,"Patina Group - Restaurants, Catering &amp; Events",good,,2026-06-29T12:03:54+00:00
ce205aff-dd00-41fa-922a-b89d1028a907,404,1,1,773,,"Oops, That Page Seems To Be Missing - Nothing Bundt Cakes",broken,,2026-06-29T12:03:54+00:00
a693596b-13a4-4b13-aa00-93e14b0dfae5,200,0,0,219,,,weak,,2026-06-29T12:03:55+00:00
35de503a-ad4d-43db-aa6f-125a28221dbb,0,0,0,34,,,broken,connection failed,2026-06-29T12:03:55+00:00
3276b527-a61b-49d8-9f52-62e27708b797,200,1,1,176,Squarespace,Sonoma Wine Shop &amp; La Bodega,good,,2026-06-29T12:03:55+00:00
728b1816-1674-4d67-aabb-f98106bca545,0,0,0,92,,,broken,connection failed,2026-06-29T12:03:55+00:00
cca56a7f-86ab-4fc3-aa5d-b4f2c40a9998,200,1,1,2586,WordPress,Folktable Catering - Folktable Catering,good,,2026-06-29T12:03:55+00:00
4222bae5-392c-4e53-ba56-b582696db759,0,0,0,34,,,broken,connection failed,2026-06-29T12:03:55+00:00
7274764c-d5e0-40b2-865b-c23e0ca4e933,0,0,0,8,,,broken,connection failed,2026-06-29T12:03:55+00:00
e7937a9e-3a9b-4e64-8c56-fc8d2aeed8d5,200,0,0,178,,,weak,,2026-06-29T12:03:55+00:00
66a44257-9fbc-4b65-b882-db779c4d50c0,0,0,0,34,,,broken,connection failed,2026-06-29T12:03:55+00:00
3b6540cf-9238-46ca-a099-d2020ffe4fa1,200,1,1,166,,Restaurants &amp; Bars in Sonoma - Fairmont Sonoma Mission Inn &amp; Spa,good,,2026-06-29T12:03:55+00:00
66540fa8-5417-49bc-9a42-4d5fcbc7ea54,200,1,1,1938,,Slot Mahjong Ways 2 # Situs Mahjong Slot Gacor Terpopuler Dengan Peluang Maxwin Besar di Indonesia,good,,2026-06-29T12:03:55+00:00
e6e7905e-e363-4158-891f-8ef69cd4e476,200,1,1,190,Wix,"Gypsy Boots | American Health &amp; Fitness Pioneer, Actor Gypsy Boots",good,,2026-06-29T12:03:55+00:00
0913c71c-c940-4b09-a8d6-8be841202b52,403,1,0,314,,403 Forbidden,broken,,2026-06-29T12:03:55+00:00
505a7d82-d557-4c3b-b658-cc71c006cf38,200,1,1,68,,Homepage | The Burger Den,good,,2026-06-29T12:03:55+00:00
f4244b7a-bc1e-4550-8d43-20ee9843b366,200,0,0,187,,,weak,,2026-06-29T12:03:55+00:00
646b675b-f71e-4d8b-b432-214060386144,404,1,0,232,Shopify,This store is unavailable,broken,,2026-06-29T12:03:55+00:00
5ddf75c1-2f5f-4e54-a1a2-a87b55671ebd,404,1,0,1164,,,broken,,2026-06-29T12:03:55+00:00
ba4ddcdc-fe7f-4d1e-97c9-b1f8e18e2fa5,200,1,1,1738,WordPress,Home - pascaline fine catering,good,,2026-06-29T12:03:56+00:00
c795ffd8-38d4-4302-8c78-b018ac75443d,200,1,1,170,,The Restaurant at Meadowood,good,,2026-06-29T12:03:56+00:00
65967321-d3d6-4244-9d79-545ac7238e10,200,1,1,1232,Wix,Home | Sivar Pupusas,good,,2026-06-29T12:03:56+00:00
b8fb0266-fc38-4ade-8252-5fb92fac0a2f,200,1,1,770,,"The Mill at Glen Ellen - Glen Ellen, CA",good,,2026-06-29T12:03:56+00:00
5f8fbee9-3f7f-47db-bd93-05640f18c0b0,0,0,0,34,,,broken,connection failed,2026-06-29T12:03:56+00:00
621ef8a4-4428-432c-8314-efe61c0cd5d3,521,1,1,913,,chinatownbuffetindover.com | 521: Web server is down,broken,,2026-06-29T12:03:56+00:00
359d1816-1491-4eb1-b201-0a141d592bde,200,1,1,146,Squarespace,Tisza Bistro,good,,2026-06-29T12:03:56+00:00
57426546-dd13-4763-a431-37ac32548c4c,0,0,0,101,,,broken,connection failed,2026-06-29T12:03:56+00:00
5881cd8c-1adf-4782-8c88-08034cd8a3c5,200,1,1,86,Squarespace,Troubadour Bread &amp; Bistro,good,,2026-06-29T12:03:56+00:00
ddd51de6-07af-4f3d-ae89-17e26328bab6,200,0,0,107,,,weak,,2026-06-29T12:03:56+00:00
783a7e15-ade9-42bc-98e3-52998de66d31,0,0,0,229,,,broken,"ssl: HTTPSConnectionPool(host='walterhanselbistro.com', port=443): Max retries exceeded with url: / (Caus",2026-06-29T12:03:57+00:00
1df695b5-3c80-4380-a89c-c504a14c6952,202,0,0,70,,,weak,,2026-06-29T12:03:57+00:00
f1b9d83c-0a5c-464b-9996-059274636f5c,200,1,1,467,WordPress,"TOGO&#039;S – Fresh Sandwiches &amp; Restaurant Catering, Made to Order",good,,2026-06-29T12:03:57+00:00
191cd371-b758-449d-a06f-4de7587d5662,200,0,1,151,Squarespace,Yasuko,weak,,2026-06-29T12:03:57+00:00
a3dd7b20-b81c-4ea1-9de1-b01069e897fe,200,1,1,201,,"Wit and Wisdom | American Restaurant in Sonoma, CA",good,,2026-06-29T12:03:57+00:00
fe77ee0e-16cb-4148-b26f-4e5b88caa573,0,0,0,226,,,broken,"ssl: HTTPSConnectionPool(host='alltrussinc.com', port=443): Max retries exceeded with url: /contact/ (Cau",2026-06-29T12:03:57+00:00
936efdf9-848e-490d-9dd4-b3e029a960fa,200,1,1,919,,The Taste of Tea | Japanese Ramen in Healdsburg,good,,2026-06-29T12:03:57+00:00
5657eb28-c4e0-4e21-8817-ecb8a1584b69,200,1,1,311,WordPress,Citadel Roofing &amp; Solar – Top-Rated Installer in California,good,,2026-06-29T12:03:57+00:00
3fe6a40e-4e29-4793-910d-1895b477173c,200,1,1,627,WordPress,"ARS Roofing &amp; Gutters | Roofing Santa Rosa, Roofing Sonoma, Roofing Marin County",good,,2026-06-29T12:03:57+00:00
b1fe7624-0cb8-4fe8-bb25-b5490934871d,200,1,1,404,WordPress,"Roofing Company in Novato, CA | Bay Area Roofing Experts - Apollo Roofing Company",good,,2026-06-29T12:03:57+00:00
a6a3579d-960b-46b9-928a-87d1173e3233,200,1,1,837,,"Redwood Meadows Senior Apartments - Apartments for Rent in Santa Rosa, CA",good,,2026-06-29T12:03:57+00:00
1c20c98a-a44e-4391-96ab-903cffdce0c3,200,0,0,182,,,weak,,2026-06-29T12:03:57+00:00
be68505b-37c9-4f74-a2cd-49c91526f5ec,200,1,1,231,WordPress,"Gutter and Roofing Installation and Repair | Windsor, Healdsburg & Santa Rosa, CA | Galvan Roofing & Gutters",good,,2026-06-29T12:03:58+00:00
6f27f1e0-dd48-49ae-af39-2b75d8ea6055,0,0,0,51,,,broken,connection failed,2026-06-29T12:03:58+00:00
b79124a1-20fd-4d59-a8d9-33366f25ec07,200,1,1,224,,Petaluma Roofers - Residential Roofing & Commercial Roofing,good,,2026-06-29T12:03:58+00:00
81432774-c69d-4aef-8f75-413b2ef87d49,202,0,0,108,,,weak,,2026-06-29T12:03:58+00:00
e88b022b-f84d-48f2-a189-b76100d36df0,404,0,0,109,,SITE NOT FOUND,broken,,2026-06-29T12:03:58+00:00
580a1868-5082-428e-9b41-c592ad0a9e40,0,0,0,10015,,,broken,connection failed,2026-06-29T12:03:58+00:00
09cb13fb-2a21-4b82-8601-fb6954e97e62,200,1,1,242,WordPress,"Roofing contractor Rohnert Park, CA | Roof &amp; Gutter Busters, Inc.",good,,2026-06-29T12:03:58+00:00
ce8e0474-37b7-4569-8937-270a6d796147,200,1,1,267,WordPress,Santa Rosa Roof Replacement | Roof Leak Repair | Inspection,good,,2026-06-29T12:03:58+00:00
db2f48b4-14bf-4102-9ad6-f076881045ea,200,1,1,234,WordPress,Roof Replacement Sonoma County | Leak Repair | Inspection,good,,2026-06-29T12:03:58+00:00
13a8c291-6196-46a5-9586-dd59dcc2803f,0,0,0,10014,,,broken,connection failed,2026-06-29T12:03:58+00:00
51ff0493-466a-4128-bbc4-483d3aa86e0e,0,0,0,85,,,broken,connection failed,2026-06-29T12:03:58+00:00
8ebd6c2f-6e8c-4afb-ba82-6e3d672f4c38,200,1,1,852,WordPress,"Curtis Edward&#039;s Roofing - Hidden Valley Lake, CA | 7079001517",good,,2026-06-29T12:03:58+00:00
0d1665ba-9316-4a36-870a-331afd38d98d,403,1,1,74,,Just a moment...,broken,,2026-06-29T12:03:58+00:00
dc4d7aca-ba19-4b9e-8dfa-7b5174e74e9d,0,0,0,177,,,broken,"ssl: HTTPSConnectionPool(host='superiorroofingmarin.com', port=443): Max retries exceeded with url: / (Ca",2026-06-29T12:03:58+00:00
2587857c-9d09-4005-bdb8-e27fb612c177,0,0,0,35,,,broken,connection failed,2026-06-29T12:03:58+00:00
e6703277-2fe9-45df-b600-b15e4e265492,0,0,0,34,,,broken,connection failed,2026-06-29T12:03:58+00:00
b0fea216-a4c8-47e2-af20-fc5b2cadbd7d,200,1,1,435,Squarespace,Stephen Curley Roofing,good,,2026-06-29T12:03:58+00:00
f292d812-7837-4109-a4ea-cb24f94cdd92,0,0,0,70,,,broken,connection failed,2026-06-29T12:03:58+00:00
347f67da-c897-4773-bef4-1566cfbc5ad7,200,0,0,105,,,weak,,2026-06-29T12:03:59+00:00
7ad94f02-be87-406d-8907-4763c3686665,0,0,0,464,,,broken,connection failed,2026-06-29T12:03:59+00:00
7fc48c8d-eda5-4fb8-accc-45dd533e60f8,404,1,1,580,,404,broken,,2026-06-29T12:03:59+00:00
fb5c1a23-6a2f-4c2c-ae21-921d43ae52e8,200,1,1,191,,"Residential &amp; Commercial Septic | Santa Rosa, CA | BDK SS",good,,2026-06-29T12:03:59+00:00
635fdf97-d98b-4627-bf7b-6fefc0fd8306,200,1,1,367,GoDaddy,Septic Services | Sonoma County | AllStarz Pumping &amp; Engineering,good,,2026-06-29T12:03:59+00:00
e82fe3a1-4995-457f-8646-06e904530f35,200,1,1,97,WordPress,Septic Pumping Company in Sebastopol &amp; Sonoma County | L.J. Construction,good,,2026-06-29T12:03:59+00:00
6d3a203a-2a56-43fd-abba-6c2dc93fdb6a,404,0,0,89,,SITE NOT FOUND,broken,,2026-06-29T12:03:59+00:00
7f74da5d-bc35-4757-96ea-baa4a3916163,0,0,0,37,,,broken,connection failed,2026-06-29T12:03:59+00:00
890f5609-d1d8-4f52-9491-2e123ab8803d,200,1,1,112,GoDaddy,Wine Country Sanitary,good,,2026-06-29T12:03:59+00:00
c8bb4583-3f54-44e2-884d-78dcb4b8d874,403,0,1,162,,Just a moment...,broken,,2026-06-29T12:03:59+00:00
d4caa909-612e-4746-91d8-ac66abfb73f3,200,1,0,341,,David Fischer Studio,weak,,2026-06-29T12:04:00+00:00
21cf6f86-0e52-4a99-9db9-1799ef03c6b6,0,0,0,15215,,,broken,connection failed,2026-06-29T12:04:00+00:00
49102062-10d1-4171-8043-d2564d9df4a6,200,1,1,1915,WordPress,Bag O’ Crab,good,,2026-06-29T12:04:00+00:00
ef57517f-3a64-40a5-9122-d975b1f056e9,202,1,0,229,,,weak,,2026-06-29T12:04:00+00:00
dc745fc5-597d-4dcb-8f59-d173e0393a85,403,0,1,61,,Access denied | www.gigglegalleryca.com used Cloudflare to restrict access | www.gigglegalleryca.com | Cloudflare,broken,,2026-06-29T12:04:00+00:00
297a7375-b8db-4f89-876f-ca1f474e54a6,200,1,1,947,WordPress,Front page &raquo; Jeneanne Ericsson Photography,good,,2026-06-29T12:04:00+00:00
150419c1-06e4-4e74-a01d-f0abbc1ac8a0,200,1,0,739,Webflow,Napa and Sonoma Wedding Photographers - Lily Rose Photography,weak,,2026-06-29T12:04:00+00:00
edb8e485-3404-47bd-88c8-afd3513f1383,200,1,1,372,WordPress,Santa Rosa &amp; Sonoma Photo Booths | The Sonoma Photo Booth Company,good,,2026-06-29T12:04:01+00:00
64cdcd41-b575-4411-a210-39e43d1630e2,200,1,1,260,WordPress,"3D Matterport Imaging for Real Estate, Businesses &amp; more | aftertec advanced imaging",good,,2026-06-29T12:04:01+00:00
3bbae9b2-871c-48fe-bc29-6237e26cd7c7,0,0,0,34,,,broken,connection failed,2026-06-29T12:04:01+00:00
d7e586f1-3f2f-4d3e-b43e-134c1a9b082c,0,0,0,82,,,broken,connection failed,2026-06-29T12:04:01+00:00
a0cd28c1-c845-418f-9727-88fefed11719,202,1,0,454,,,weak,,2026-06-29T12:04:01+00:00
ffb364d6-cc11-49b7-8756-47c9976664f2,0,0,0,102,,,broken,"ssl: HTTPSConnectionPool(host='orangedaily.com', port=443): Max retries exceeded with url: / (Caused by S",2026-06-29T12:04:01+00:00
9c4df7f1-7dbb-436e-9123-6bd217e79a15,0,0,0,12,,,broken,connection failed,2026-06-29T12:04:01+00:00
b569d2aa-8d65-4ac1-8d9c-84b955945f60,202,0,0,149,,,weak,,2026-06-29T12:04:01+00:00
ea700501-1103-4733-bdcc-c90f0f41d2eb,200,1,1,473,Wix,"Skin Care by Sharlyn Dado Santa Rosa California, Sebastopol",good,,2026-06-29T12:04:01+00:00
ef99a2e1-1122-4c51-ab5e-eeacf762cf53,200,0,0,204,,,weak,,2026-06-29T12:04:01+00:00
1ee68f64-b566-4f3d-876b-0f9fea321a0e,200,1,1,3035,WordPress,Justin&#039;s Crab Co. - Crab Distributor - San Francisco Bay Area,good,,2026-06-29T12:04:02+00:00
850a4995-9176-41cc-8ab5-c4de087e035e,200,1,1,664,WordPress,Home - Mountain Metal Works,good,,2026-06-29T12:04:02+00:00
c30f3768-e334-4fdc-bc2d-8c93a5a1a7bc,200,1,1,459,WordPress,Solar Panel Installation California | Home Solar Power Solutions,good,,2026-06-29T12:04:02+00:00
070bff7f-9da4-4a13-8e42-60660bfb90fd,403,1,1,225,,Just a moment...,broken,,2026-06-29T12:04:02+00:00
5963c073-cb59-4f24-bd47-24d387335802,200,1,1,397,WordPress,"Novato, CA Solar Panels | Solar Company Novato - Sunrun",good,,2026-06-29T12:04:03+00:00
a6598597-34a3-4db7-b5f7-40f1c1b98e87,200,1,1,81,Squarespace,"Solar Panel &amp; Battery Installer | Taylor Energy | Sonoma County, CA",good,,2026-06-29T12:04:03+00:00
b6f23c1d-5e7c-4455-82c8-0a02b6f50071,200,1,1,204,Wix,Amy's Beautique | a skin studio,good,,2026-06-29T12:04:03+00:00
86dd465a-228d-400c-8e9c-f46777bc15fb,0,0,0,54,,,broken,connection failed,2026-06-29T12:04:03+00:00
d31d1430-3632-46f5-a616-86e2d1fe028c,0,0,0,153,,,broken,connection failed,2026-06-29T12:04:03+00:00
060a0fcd-e635-4783-b81f-a3a2131bf136,0,0,0,14,,,broken,connection failed,2026-06-29T12:04:03+00:00
05c27cd6-1555-4c10-9720-7ea709e3c57a,200,0,1,3300,WordPress,Tanya Constantine Photography | Tanya Constantine Photography,weak,,2026-06-29T12:04:03+00:00
35fbc12f-615b-4a77-8487-b7b1efcb7b2a,0,0,0,83,,,broken,connection failed,2026-06-29T12:04:03+00:00
c02cd4bf-c745-4f44-8049-5649dda5d50d,200,1,1,278,Webflow,O&#39;Neal Bodyworks,good,,2026-06-29T12:04:04+00:00
09bb854d-6e5d-4953-9874-631c5f60c774,0,0,0,43,,,broken,connection failed,2026-06-29T12:04:04+00:00
35b38723-4aca-40fd-acec-d2616c9d156c,204,1,0,96,,,weak,,2026-06-29T12:04:04+00:00
554e4401-c192-44ef-8d2a-4f2c6a6b022e,0,0,0,15498,,,broken,connection failed,2026-06-29T12:04:04+00:00
cfd0af59-f781-4d88-8aff-4637f8a51b42,200,0,1,1776,,Solar Works — We've Closed | Now Matheny Electric,weak,,2026-06-29T12:04:04+00:00
7386031e-f478-47d5-ad7d-dfff94b4a41f,200,1,1,218,,whiterabbitskincare.com — Premium Domain For Sale | Atom,good,,2026-06-29T12:04:04+00:00
fa497470-f04f-42e0-91c7-0a55936cce48,200,1,1,527,WordPress,SkinCeuticals SkinLab™ Napa Valley by Duncan Dermatology,good,,2026-06-29T12:04:04+00:00
6db76d7c-8a24-4f0e-b8d2-2d51afb0b698,200,1,1,210,GoDaddy,FlamezGrill.com is for sale | HugeDomains,good,,2026-06-29T12:04:04+00:00
c78b2537-ac2c-4a94-830d-b405cbfeb0a5,409,0,1,20,,DNS resolution error | boathousesushi.com | Cloudflare,broken,,2026-06-29T12:04:04+00:00
80790b10-ae01-4212-a2c9-63ca009c778b,200,1,1,215,Squarespace,Steiners Tavern,good,,2026-06-29T12:04:04+00:00
83f06495-2154-4b29-9bbc-984222f43ecc,200,1,1,263,GoDaddy,SidelinesSports.com is for sale | HugeDomains,good,,2026-06-29T12:04:04+00:00
1d90f37f-446a-4e0e-9adf-c467e03a7ddf,0,0,0,83,,,broken,connection failed,2026-06-29T12:04:04+00:00
1a3ba378-9a3e-44d9-b1c4-ebcf9de4e70f,0,0,0,111,,,broken,connection failed,2026-06-29T12:04:04+00:00
ce0dafbe-5d8f-49bb-8adc-7a4ec032a86d,0,0,0,116,,,broken,connection failed,2026-06-29T12:04:04+00:00
373c2308-63b7-4193-b08a-1305fbc24391,200,1,1,6251,WordPress,"Roofing Company | GAF Roofing, Santa Rosa, CA | Wine Country Roofing",weak,,2026-06-29T12:04:04+00:00
0983afa8-e8a7-484b-8065-1251ab299732,200,1,1,198,Wix,Best Burgers in Sonoma County | Superburger,good,,2026-06-29T12:04:05+00:00
58476504-8fcf-4a51-9fe4-52890d1a0d0d,200,1,1,611,WordPress,Genji - US Leader in Sustainable Sushi,good,,2026-06-29T12:04:05+00:00
79ee231f-8ff5-4217-a233-4f9ad6827cae,0,0,0,116,,,broken,connection failed,2026-06-29T12:04:05+00:00
ebaace79-9469-4c06-8315-2d7b24511bd1,404,1,0,209,Squarespace,Squarespace - Website Expired,broken,,2026-06-29T12:04:05+00:00
78220069-987b-4df6-8ac0-172c802f774a,409,0,1,159,,DNS resolution error | www.face-body.com | Cloudflare,broken,,2026-06-29T12:04:05+00:00
ad5799d0-cdfd-4355-a5ae-f6da1c8335ef,200,1,1,403,,"ALAN BERMAN, CFP",good,,2026-06-29T12:04:05+00:00
f1f833bb-0d9f-4ca2-99b1-8a9a638fadb3,200,1,1,683,,"CPA Santa Rosa | Tax, Payroll, Bookkeeping Services",good,,2026-06-29T12:04:06+00:00
88eb53e1-4314-4c05-b081-2e82a76404aa,200,1,1,264,WordPress,"Frank, Rimerman - Certified Public Accountants",good,,2026-06-29T12:04:06+00:00
d0eecc73-2f1d-4f65-aa1c-23e7ad1a8937,0,0,0,95,,,broken,connection failed,2026-06-29T12:04:06+00:00
62b0f753-11ba-4805-8c50-5f2c105f25e9,200,1,1,2385,,Shades TTW Mobile Spray Tanning - Novato CA | Vagaro,good,,2026-06-29T12:04:06+00:00
394fd4e4-1781-4756-9e31-ccb87a2e5671,200,1,1,1524,,Bid on the domain santarosacpa.com now | nicsell,good,,2026-06-29T12:04:06+00:00
dcc13160-0dd0-4712-975c-09be9f742b8c,404,0,0,285,,Microsoft Azure Web App - Error 404,broken,,2026-06-29T12:04:07+00:00
f78da44f-e34f-4e86-bb1e-a25f4dc676ac,200,1,1,581,,"Santa Rosa, CA Accounting Firm | Home Page | L H Harris Certified Public Accountant",good,,2026-06-29T12:04:07+00:00
79ee910f-a879-4ce2-a074-55dcb6abaf99,200,1,1,161,,"Redwood Tax Service, Santa Rosa CA",good,,2026-06-29T12:04:07+00:00
ad083d8e-e69f-4643-8d21-a09cc659b32f,200,0,1,1288,WordPress,Kaplan Tax |,weak,,2026-06-29T12:04:08+00:00
4ef644c4-e53b-4e9b-980f-6fc60fd9d011,200,1,1,617,,"Financial Advisors in St Helena, CA | Wealth Enhancement",good,,2026-06-29T12:04:08+00:00
e9dfa019-99af-4b39-b03b-620631c6bdf5,0,0,0,15219,,,broken,connection failed,2026-06-29T12:04:08+00:00
c1fcedb2-7646-41fc-84eb-5683b0b57cad,200,1,1,259,,"Financial Advisors in Novato, CA | Wealth Enhancement",good,,2026-06-29T12:04:08+00:00
47ea986e-4c12-4659-883b-638cfce697c5,200,1,1,1173,,"California | Advisory, Tax and Assurance | Baker Tilly",good,,2026-06-29T12:04:08+00:00
75653579-55b3-498c-9383-3a80e26a80e6,200,1,1,477,GoDaddy,luxurytaxi.com,good,,2026-06-29T12:04:08+00:00
e1a288e7-4afb-49ee-92cb-1a16c093d7cd,200,1,1,417,GoDaddy,luxurytaxi.com,good,,2026-06-29T12:04:08+00:00
de4a1910-8ad9-4563-9251-d8cef9e44b0c,0,0,0,84,,,broken,"ssl: HTTPSConnectionPool(host='evictionlawyer.com', port=443): Max retries exceeded with url: /santa-rosa",2026-06-29T12:04:08+00:00
b7c39dee-b9cd-4f57-b7c8-58014992c298,200,0,0,81,,,weak,,2026-06-29T12:04:08+00:00
e30fe9f0-27ad-4541-9c58-b5d6a94718ce,200,1,1,8021,WordPress,AcuGlow Natural Facial Rejuvenation - Novato Acupuncture,weak,,2026-06-29T12:04:09+00:00
72e0a476-455e-4e15-9f2d-ffc70a345437,200,0,0,1129,,Untitled Document,weak,,2026-06-29T12:04:09+00:00
31303d45-5d8b-4508-bbb1-1c1e0233a031,0,0,0,20150,,,broken,connection failed,2026-06-29T12:04:09+00:00
2b5f3123-8207-410e-a859-54fb08654335,403,1,1,172,,Just a moment...,broken,,2026-06-29T12:04:09+00:00
782d4394-7de9-47a1-8bae-279da9fbcca1,0,0,0,19,,,broken,connection failed,2026-06-29T12:04:09+00:00
69af01fb-08e4-47cd-8730-b45cc4ac7684,0,0,0,67,,,broken,connection failed,2026-06-29T12:04:09+00:00
d91cd736-1c71-45b9-82c9-167628df2ee4,0,0,0,114,,,broken,connection failed,2026-06-29T12:04:09+00:00
5d4a857d-171e-4abe-a38e-9ced874513ca,200,1,1,1705,,KETUA77: Bocoran Jam Hoki Push Rank Game Online Pasti Menang,good,,2026-06-29T12:04:10+00:00
70f34ef4-eca9-4969-9807-07563b15ce4d,200,1,1,878,,For Sale Domain: bangkokthaiexpress.com,good,,2026-06-29T12:04:10+00:00
9bccb053-acef-41f2-8af9-c83ad74a1213,0,0,0,45,,,broken,connection failed,2026-06-29T12:04:10+00:00
d43d8867-d8c4-46aa-a66d-1688372f4771,200,1,1,1265,,"Bangkok 9 - Sonoma Marketplace, Sonoma, CA",good,,2026-06-29T12:04:10+00:00
837bd8c3-41fe-4399-8672-241a1902ed28,200,1,1,468,GoDaddy,Buy thairiverpetaluma.com – Premium Expired .com Domain on GoDaddy | ExpiredDomains.com,good,,2026-06-29T12:04:10+00:00
94403ab7-6466-4e24-a93b-fee6034bc25e,0,0,0,10,,,broken,connection failed,2026-06-29T12:04:10+00:00
b428e084-4c54-42b8-8d1c-96d8a3c92348,200,1,1,1788,WordPress,Tenant Screening Center | TSCI Inc,good,,2026-06-29T12:04:10+00:00
43e62478-b025-4dbf-b377-f948a0c27c56,0,0,0,15043,,,broken,connection failed,2026-06-29T12:04:10+00:00
8393b075-9baa-4a6b-bf47-181c2b9f1d76,200,1,1,980,GoDaddy,Buy thairiverpetaluma.com – Premium Expired .com Domain on GoDaddy | ExpiredDomains.com,good,,2026-06-29T12:04:10+00:00
a38c193e-5eb3-4ed9-88f3-f13a2ad338c3,200,1,1,454,,About GCR Commercial Tires &amp; Service | Bridgestone Commercial Tires,good,,2026-06-29T12:04:10+00:00
745ef218-e258-4c0a-b2aa-bd61bcd065ce,404,0,0,225,,,broken,,2026-06-29T12:04:11+00:00
90eb6a60-ea5f-4fb6-b896-a995401494f5,0,0,0,92,,,broken,connection failed,2026-06-29T12:04:11+00:00
860c6262-877f-4d7f-a481-b265d1ea414c,200,1,1,373,,Tire Sales &amp; Service | H &amp; J Tires,good,,2026-06-29T12:04:11+00:00
2d9f735e-dfb1-4eba-81d2-48ff049a4a7c,200,0,0,120,,,weak,,2026-06-29T12:04:11+00:00
ff5e1523-7acb-4b0c-a540-86983b23b73b,0,0,0,15502,,,broken,connection failed,2026-06-29T12:04:11+00:00
ce0cf4dd-9a65-49d2-8d08-d01bbda28ded,200,1,1,1248,,"Tire Shop &amp; Auto Repair in Santa Rosa, CA 95403-1256",good,,2026-06-29T12:04:11+00:00
3d97093d-85e7-4594-a712-9c4efcddbad9,200,1,1,149,Wix,EF Specialists | Executive Function &amp; ADHD Coaching,good,,2026-06-29T12:04:11+00:00
7c2dfd8d-f288-4af7-9618-427a2893ceee,403,0,1,62,,Just a moment...,broken,,2026-06-29T12:04:11+00:00
1877794c-903c-40f0-8b33-a7a3d5bd7457,200,1,1,1532,,"Tire Shop &amp; Auto Repair in Sebastopol, CA 95472-3415",good,,2026-06-29T12:04:11+00:00
8da755e6-228d-4728-960c-4ba4a0c8426b,200,1,1,478,,California Car Repair &amp; Tires | Wheel Works,good,,2026-06-29T12:04:11+00:00
af351d36-c94b-4fd1-9ffb-17e09e2bb66a,200,1,1,334,Squarespace,DAVID PORTER&#39;S LEVERAGE TUTORING | Math and Science Tutoring in Marin,good,,2026-06-29T12:04:11+00:00
91480b45-7d75-4041-87b7-88da9fa416f7,200,1,1,605,,California Car Repair &amp; Tires | Wheel Works,good,,2026-06-29T12:04:11+00:00
0b619f55-3496-4822-b983-3dadb9cc3e89,200,1,1,267,Wix,Speech &amp; Language,good,,2026-06-29T12:04:11+00:00
783c6e02-ce3f-405b-985e-58f0b136e269,202,0,0,118,,,weak,,2026-06-29T12:04:11+00:00
cba748d7-cc33-4445-bb17-755530104be7,200,1,1,705,,"The Tutoring Center® Santa Rosa, CA (707) 521-9590 | Tutoring and Academic Programs for K-12, Improve Grades, Test Scores, SAT, Behavior",good,,2026-06-29T12:04:12+00:00
3d8fcc86-04b4-433e-9901-f31f458f370a,200,1,1,753,,"Bodega Bay Rentals, LLC - Bodega Bay Rentals, LLC",good,,2026-06-29T12:04:12+00:00
100427ed-1162-48fa-af34-6daa2e27f1c9,200,1,1,871,,Sonoma Bungalow Near Historic Plaza | 3BR Vacation Rental + Wine Passport | Sonoma Valley Escapes,good,,2026-06-29T12:04:12+00:00
eb874c18-e4b6-41f4-b183-56f5ee990f83,404,1,1,278,,OwnerRez Hosted Websites,broken,,2026-06-29T12:04:12+00:00
57dbf274-6da8-4fa8-8901-75b942862209,200,1,1,2985,WordPress,TOTO12 SITUS ONLINE TERPERCAYA - TOTO12 merupakan situs bermain online terpercaya 2026,good,,2026-06-29T12:04:12+00:00
08f6ee43-2009-4fe5-9712-17d2a6baa801,0,0,0,39,,,broken,connection failed,2026-06-29T12:04:12+00:00
2fd5aea7-1131-4a36-bbcf-d795f9674e8d,200,1,1,1109,,"Bodega Bay Vacation Rentals, Beach House Rentals | Vacasa",good,,2026-06-29T12:04:12+00:00
356942fe-7b5a-4500-9343-f5c786671d92,200,1,1,880,Drupal,Russian River Vacation Home Rentals | Russian River Getaways,good,,2026-06-29T12:04:12+00:00
f03207d3-aec6-4ef4-8615-a59a3e26c94a,200,1,1,276,Drupal,| Wine Country to Coast,good,,2026-06-29T12:04:12+00:00
e4027a30-c06b-4203-b2f6-4da4ad6d4ea3,200,1,1,361,,Northern California Vacation Rentals | Luxury Wine Country Rentals,good,,2026-06-29T12:04:12+00:00
ed775e42-1630-49bf-a4b3-1a88612fcaf5,0,0,0,10,,,broken,connection failed,2026-06-29T12:04:12+00:00
5a00197a-48de-45ac-b30d-44e5f289f893,404,1,1,455,,404: This page could not be found.,broken,,2026-06-29T12:04:13+00:00
bb9bf23a-a7d0-4561-b758-dbc4221dc2e9,200,1,1,744,,"Home — Featuring Distinctive, L:uxury Vacation Rentals in Sonoma Valley",good,,2026-06-29T12:04:13+00:00
508aaf56-2c24-471f-a235-e616659ca5b8,404,1,1,146,Wix,,broken,,2026-06-29T12:04:13+00:00
5959ecb5-4d1b-4bba-88bb-f48a67e26dc9,200,1,1,283,Squarespace,Little Saint,good,,2026-06-29T12:04:13+00:00
a969610d-87e4-4d2d-b11b-bab96e958286,200,1,1,160,WordPress,Home - Chateau St. Jean,good,,2026-06-29T12:04:13+00:00
389ddb6d-edb5-4bc3-8a54-75f49ee2a827,403,1,0,588,,403 Forbidden,broken,,2026-06-29T12:04:13+00:00
7bcbe197-50c1-4754-8a9b-1d7fb0e24397,403,1,0,661,,403 Forbidden,broken,,2026-06-29T12:04:13+00:00
f671eb5e-6bd1-4a28-a34c-a6b697e25522,0,0,0,67,,,broken,connection failed,2026-06-29T12:04:13+00:00
c9af4bbf-7af7-4a91-967e-d2a3a8c37a92,0,0,0,414,,,broken,connection failed,2026-06-29T12:04:13+00:00
01ea108e-f461-4b5c-a967-e3f73c9cb8f4,0,0,0,842,,,broken,"ssl: HTTPSConnectionPool(host='www.goatlandiakitchen.org', port=443): Max retries exceeded with url: / (C",2026-06-29T12:04:13+00:00
e14108f3-f88e-4ebf-960b-f5baf305b305,200,0,1,190,WordPress,Villa Chanticleer - Milestone Events Group,weak,,2026-06-29T12:04:13+00:00
d5c0c700-7e72-436e-9762-587f82a79cca,200,1,1,323,WordPress,Villa Chanticleer - Milestone Events Group,good,,2026-06-29T12:04:13+00:00
c6680955-cc7d-4b94-ba25-b29b71f93ac6,200,1,1,735,Shopify,"Bricoleur Vineyards | Wine Tasting in Windsor, Sonoma County",good,,2026-06-29T12:04:13+00:00
d28becfa-a470-493e-a2e1-0e66f6b388a5,403,1,0,121,,Access Denied,broken,,2026-06-29T12:04:14+00:00
4f1b619e-8b20-49b8-9141-7c7d9b683d33,200,1,1,265,Wix,Summer Camp | Mt. Gilead Bible Camp | Conference Center | Sebastopol,good,,2026-06-29T12:04:14+00:00
606e9ddc-5c9d-4275-b8e9-98c4745293c7,200,1,1,328,Wix,Summer Camp | Mt. Gilead Bible Camp | Conference Center | Sebastopol,good,,2026-06-29T12:04:14+00:00
d46e7ad4-f626-49a9-82c5-0bcaed48982a,200,1,1,695,Joomla,"Wedding Venues in San Francisco Bay Area | Wedding Packages | Locations in Oakland, Burlingame, Napa Valley, and Sonoma County | Outdoor Weddings near San Francisco, CA",good,,2026-06-29T12:04:14+00:00
a2c1813d-26a0-47ff-99b0-e90db0288d9c,200,1,0,215,GoDaddy,Horseback Riding Camping Barn Weddings at The Ranch,weak,,2026-06-29T12:04:14+00:00
9bb81be8-2483-49f9-ae68-523b561e8539,200,1,1,855,,"Movie Theater In Novato, California | Cinemark Century Rowland Plaza",good,,2026-06-29T12:04:14+00:00
e3f7f98f-7667-4df7-8d01-94221b8b761e,200,1,1,347,WordPress,The Generals Daughter - The Generals Daughter,good,,2026-06-29T12:04:14+00:00
6035d06b-daca-4ab7-8b90-0688e4203588,0,0,0,15,,,broken,connection failed,2026-06-29T12:04:14+00:00
d694cb46-69ef-4fd8-b29c-dcc48a3dbf88,404,1,0,306,Squarespace,Squarespace - Website Expired,broken,,2026-06-29T12:04:14+00:00
5ad4816b-c329-4222-b2d2-262c99e0e612,0,0,0,16389,,,broken,timeout,2026-06-29T12:04:14+00:00
a8e93cfd-330f-4f19-8520-ddc3543da00b,403,0,1,366,,Just a moment...,broken,,2026-06-29T12:04:14+00:00
33773343-7a2d-4de9-8e1c-0235d0a38fcb,403,1,1,106,,Just a moment...,broken,,2026-06-29T12:04:14+00:00
98929836-a8c4-4577-a1c8-3cb354e9ab5e,0,0,0,112,,,broken,connection failed,2026-06-29T12:04:14+00:00
790c5c06-7f3a-4680-a3e9-cdb32ffbc134,0,0,0,80,,,broken,connection failed,2026-06-29T12:04:14+00:00
f0b41c19-3a47-4945-bbf2-3590b253901c,0,0,0,84,,,broken,connection failed,2026-06-29T12:04:14+00:00
bae570fc-b5e6-4680-9fd4-3dbf12506517,200,1,1,206,,"Waterproofing - Petaluma, CA - Division Seven",good,,2026-06-29T12:04:14+00:00
3af8a829-0868-492a-806d-19d936296bdf,200,1,1,132,,Healdsburg Hotels | The Lodge at Healdsburg,good,,2026-06-29T12:04:14+00:00
b579cbdc-cb7f-4b91-9de7-c28534a701c3,0,0,0,10013,,,broken,connection failed,2026-06-29T12:04:14+00:00
e93b42d9-5998-4359-8fe6-39a2d508f443,0,0,0,218,,,broken,connection failed,2026-06-29T12:04:14+00:00
f4e38ea8-8a76-4a0b-bbe6-cb7098e997c3,200,1,1,174,Squarespace,Jaffe Family Wines,good,,2026-06-29T12:04:14+00:00
a4ef3a7e-3cb5-4d39-a1c0-063cf8a8a96c,200,1,1,396,WordPress,Home - Highway 12 Winery,good,,2026-06-29T12:04:15+00:00
3eba0605-f09c-4821-b2b4-06608f63a436,500,0,0,199,,500 Internal Server Error,broken,,2026-06-29T12:04:15+00:00
7573f76e-b341-418c-b130-8bab83fe6c3c,0,0,0,9,,,broken,connection failed,2026-06-29T12:04:15+00:00
ae57ce4e-400f-4d09-bcc7-f0aa32a826ed,200,0,0,266,,Loading...,weak,,2026-06-29T12:04:15+00:00
f8a16096-c188-423f-8bcf-a0ebcc02166c,200,1,1,642,WordPress,Knights Bridge Winery,good,,2026-06-29T12:04:15+00:00
9c3aaf80-62f5-444a-8ebe-63d933472106,200,1,1,1131,,Lingtogel77 | Bergamot Alley Bar and Resto,good,,2026-06-29T12:04:15+00:00
c5a72021-3723-4452-8205-c6a54fd2c783,0,0,0,87,,,broken,connection failed,2026-06-29T12:04:15+00:00
375fa164-6a11-4320-b309-b1acdbf0c575,200,0,1,1593,WordPress,VIET HOUSE &#8211; Vietnamese Cuisine,weak,,2026-06-29T12:04:15+00:00
8a5bb4a2-8dbc-48d5-a352-dbd1df8301c6,200,1,1,591,Shopify,Rancho Maria &ndash; RanchoMariaWines,good,,2026-06-29T12:04:16+00:00
c2cb4d24-631f-49ef-b152-454d8e1ea775,200,1,1,330,WordPress,Home - Sosie Wines - Award winning boutique winery,good,,2026-06-29T12:04:16+00:00
87b0296c-77c0-41c9-8784-daced6851b11,0,0,0,42,,,broken,connection failed,2026-06-29T12:04:16+00:00
9502972d-314e-4c0f-82ea-5f6fb49351fa,0,0,0,96,,,broken,connection failed,2026-06-29T12:04:16+00:00
c68bbc9e-7001-4613-929e-45cf961e86ae,200,0,1,725,,,weak,,2026-06-29T12:04:16+00:00
ecfcde10-f69c-41da-957b-2c78ba79918f,0,0,0,17,,,broken,connection failed,2026-06-29T12:04:16+00:00
0713ba06-d086-47c5-9be1-5bb87a0dec3b,200,1,1,1903,WordPress,8 Dragons Restaurant &#8211; Contemporary Chinese Cuisine,good,,2026-06-29T12:04:16+00:00
0f8c446c-c68a-4610-a4d5-aae4ffbe5f6f,200,1,0,299,GoDaddy,Spann Vineyards,weak,,2026-06-29T12:04:16+00:00
ccd2744b-d3fb-4c66-8213-0b26ea1246bb,0,0,0,104,,,broken,"ssl: HTTPSConnectionPool(host='www.wattlecreek.com', port=443): Max retries exceeded with url: / (Caused ",2026-06-29T12:04:16+00:00
fa1c5703-c2a8-440a-80d8-f3b01cea062e,200,0,0,107,,,weak,,2026-06-29T12:04:16+00:00
91fccd52-80d3-4565-afde-24a50b82295e,200,1,1,206,Shopify,The Odd Wine Company &ndash; OWC,good,,2026-06-29T12:04:16+00:00
6bfa20b2-0154-439b-a259-bbbf6b9b6a37,200,0,1,783,WordPress,"Simoneau Vineyards &#8211; Healdsburg, California",weak,,2026-06-29T12:04:16+00:00
48be2909-76cb-4d94-81f1-df1b83434e88,200,0,1,147,,easyDNS Parked Domain,weak,,2026-06-29T12:04:16+00:00
d73a2af0-0df3-4a3e-827c-c7c8825d3f25,0,0,0,15,,,broken,connection failed,2026-06-29T12:04:16+00:00
514c902d-421a-4d44-94e6-85a32bf3b786,0,0,0,15195,,,broken,connection failed,2026-06-29T12:04:16+00:00
709409d8-e70a-4d94-aca8-c080dd5b0613,202,0,0,206,,,weak,,2026-06-29T12:04:16+00:00
f7d71be0-8b25-430d-b9f5-88c847a89749,200,1,1,156,Squarespace,Top Rated Wineries Near Me | Deerfield Ranch Winery,good,,2026-06-29T12:04:16+00:00
159367cf-cdaf-498c-9174-56eeccc8a121,200,1,1,2573,WordPress,Wedding Videographer in Sonoma County | Santa Rosa Photos,good,,2026-06-29T12:04:16+00:00
1b4b90f9-11e5-46a4-bb54-51ffbd9dfe71,200,1,1,196,WordPress,Homepage - Obsidian Wine Co.,good,,2026-06-29T12:04:16+00:00
4b5bf121-990b-4d54-85cd-6e212eec5df9,200,1,1,174,,Rated Top Limo Service in Santa Rosa &amp; Sonoma County – Elite Excursions,good,,2026-06-29T12:04:16+00:00
200182da-3f77-4bb9-8999-cf8a235d9b02,200,1,1,443,GoDaddy,WINE TOURS BY SANTA &#8211; I drive your car to save you money,good,,2026-06-29T12:04:16+00:00
49745342-21ce-4c1e-b04a-6432ce852155,200,1,1,324,WordPress,Woody&#039;s Wine Tours &#8211; Where Wine Fun Begins,good,,2026-06-29T12:04:17+00:00
c53572b9-ac25-419d-962b-63690f18eea8,200,1,1,50,WordPress,Home - Highway 12 Winery,good,,2026-06-29T12:04:17+00:00
266d9f1b-c0dc-41f8-b6e4-8600f22c817c,200,1,1,653,Shopify,Visit Alexander Valley Wines | Silver Oak Cellars,good,,2026-06-29T12:04:17+00:00
0961b881-a36b-408d-85a7-d42dbe9bbbe4,200,1,1,912,,Willi&#x27;s Wine Bar,good,,2026-06-29T12:04:17+00:00
df5ca6e1-94b7-4a17-8fc4-7f68e442bec2,200,1,1,578,WordPress,Sonoma &amp; Napa Car Service | Pure Luxury Transportation,good,,2026-06-29T12:04:17+00:00
16f61cac-b1ae-4c6c-b3a1-efb4dab1d8d3,200,1,1,725,WordPress,Home - HEALDSBURG WINE TOURS,good,,2026-06-29T12:04:17+00:00
2d8f912b-3738-49ac-b134-744eda25c605,200,1,1,325,WordPress,750 Wines | Wines By Appointment,good,,2026-06-29T12:04:17+00:00
73924c21-5e38-48e7-ad86-2b46557a72e5,200,1,1,860,,Ultimate Wine Tours — Private Napa &amp; Sonoma Wine Tour Company Since 2014,good,,2026-06-29T12:04:17+00:00
a7f0f38c-c7bd-4837-a59b-b878bdb56cd4,0,0,0,304,,,broken,connection failed,2026-06-29T12:04:17+00:00
df4f9b94-0279-475a-b54d-dc58777067e2,200,1,1,217,WordPress,Home New - Alexander Valley Vineyards,good,,2026-06-29T12:04:17+00:00
4f6b4154-c7a8-4c86-bdac-9c27d71d64ec,200,1,1,198,WordPress,Amphora Winery | Art and wine are life…,good,,2026-06-29T12:04:17+00:00
49afee38-6baa-45e6-a803-df9e383a7df2,200,1,1,537,WordPress,"Abbot&#039;s Passage Winery &amp; Mercantile | Glen Ellen, CA | Sonoma",good,,2026-06-29T12:04:17+00:00
53ca7f9f-aded-4d4f-b591-fd655d3dbc19,200,1,1,639,WordPress,Aperture Cellars: Winery &amp; Vineyard | Sonoma | Healdsburg CA,good,,2026-06-29T12:04:18+00:00
23fbe6a0-7512-4574-929a-d04af6491f5b,200,1,1,215,,Appellation Ventures: Producing Award Winning California Wines,good,,2026-06-29T12:04:18+00:00
4065f508-dc8d-466c-a330-95b2e281c910,200,1,1,276,WordPress,Home - B.R. Cohn Winery,good,,2026-06-29T12:04:18+00:00
130290bf-e4d3-4a3a-bdc8-7523a82acb7f,200,1,1,254,Squarespace,Balletto Vineyards,good,,2026-06-29T12:04:18+00:00
50cfdcb4-7472-4beb-b3da-9ab0c128aefd,202,0,0,389,,,weak,,2026-06-29T12:04:18+00:00
76363542-43fb-459d-8133-9f1adb87cfdc,404,1,1,416,,Page Not Found | Framer,broken,,2026-06-29T12:04:18+00:00
40ea8edf-81d0-45d2-9c63-fbbbf652c72a,200,1,1,1752,WordPress,"Airport, Wedding, SUV &amp; Private Services in Santa Rosa CA",good,,2026-06-29T12:04:18+00:00
fe71ff3c-f3e0-405e-b4e8-c9c095e6d2c8,200,1,1,181,Wix,Baril Compliance Service,good,,2026-06-29T12:04:18+00:00
f548efb6-b249-4a33-b9fe-b4d0890cf0dc,200,1,1,296,WordPress,"Tasting Room and Art Gallery in Geyserville, CA",good,,2026-06-29T12:04:18+00:00
05ea092d-eee4-4c35-8525-f202e08a2af3,0,0,0,4407,,,broken,"ssl: HTTPSConnectionPool(host='phocrazy.biz', port=443): Max retries exceeded with url: / (Caused by SSLE",2026-06-29T12:04:18+00:00
33bd11e8-ca6c-4e5a-bbc0-91f9aee656e8,200,1,1,987,,Ancient Oak - Wines at the exquisite edge of abandon.,good,,2026-06-29T12:04:18+00:00
d27f9281-86df-4b2d-ba22-8ec5857e0659,403,1,0,371,,403 Forbidden,broken,,2026-06-29T12:04:18+00:00
94cadfe2-1fad-4b90-ab98-e22aedd41669,200,0,1,255,,Home - Blanchard Family Wines,weak,,2026-06-29T12:04:18+00:00
184cd27f-73b4-4104-904d-7335cd9cdf15,200,1,1,593,WordPress,"Global Leader In Beverage Solutions, Services And Equipment",good,,2026-06-29T12:04:19+00:00
45f04e33-d2ec-4068-915d-efb620bdd458,200,1,1,730,Shopify,Bello Family Vineyards,good,,2026-06-29T12:04:19+00:00
4607490f-15ca-4b27-aa05-335ce2d4a2ae,403,0,1,181,,Just a moment...,broken,,2026-06-29T12:04:19+00:00
3ee2bcb0-aa0b-4322-8ec9-7713ffc715b1,200,1,1,412,WordPress,Blankiet Estate ~ Paradise Hills Vineyard,good,,2026-06-29T12:04:19+00:00
d5648a19-aee1-4977-99ed-d83d08bc5818,202,1,0,138,,,weak,,2026-06-29T12:04:19+00:00
f25f005d-9895-4d8f-adab-c5a2f8a47431,403,1,1,254,,Just a moment...,broken,,2026-06-29T12:04:19+00:00
bdefc7be-e680-4d61-922d-9db9efffd647,200,1,1,875,Shopify,Bello Family Vineyards,good,,2026-06-29T12:04:19+00:00
f95b6a4a-90a3-4609-a5c4-0da7bfa68bf6,200,0,1,136,Squarespace,BUMP Wine Cellars,weak,,2026-06-29T12:04:19+00:00
5aa247c9-b533-4de1-bf78-a9e2e040a882,200,1,1,168,WordPress,"Capiaux Cellars - Pinot Noir from Russian River, Sonoma Coast &amp; Central Coast",good,,2026-06-29T12:04:19+00:00
cbd8506f-d5bf-4dd5-88e0-a9ea4ff3d045,202,0,0,197,,,weak,,2026-06-29T12:04:19+00:00
fec6609e-6151-42f1-a982-d22f3392bbfc,200,1,1,1001,,Black Kite Cellars,good,,2026-06-29T12:04:19+00:00
7cbd7f06-81d1-4fbd-a242-27c05627c968,200,1,1,100,GoDaddy,Wine Tasting - Castle Vineyards,good,,2026-06-29T12:04:19+00:00
dcc46ca0-8c6b-4e06-8af3-90be3e57a3a2,202,0,0,117,,,weak,,2026-06-29T12:04:19+00:00
ef51c247-5926-4fec-97f2-aea3dfaae86e,404,0,0,111,,404 Not Found,broken,,2026-06-29T12:04:19+00:00
02e88475-7b21-4eb1-be3c-508ba378c77e,200,1,1,717,WordPress,Brasswood - Brasswood,good,,2026-06-29T12:04:19+00:00
c852e152-8e3c-4f14-bd77-50e6d54db59d,0,0,0,41,,,broken,connection failed,2026-06-29T12:04:19+00:00
7acf49e1-a253-4458-99b9-0f76ba5d8b80,200,1,1,462,Drupal,Cardinale Winery,good,,2026-06-29T12:04:19+00:00
b63373d8-e119-436a-8397-f7b26561ef36,200,1,1,358,WordPress,Home - Chalk Hill,good,,2026-06-29T12:04:19+00:00
e4408c69-39c1-4b0e-9702-7626b58fcf39,200,1,1,202,WordPress,Welcome to Chappellet - Chappellet,good,,2026-06-29T12:04:19+00:00
d500b8ed-f8ce-49d1-a19b-6c15fa91ffb5,0,0,0,15144,,,broken,connection failed,2026-06-29T12:04:20+00:00
54a773cd-0e57-47ae-b308-92714b32399b,200,1,1,186,,Cline Family Cellars | Family-Owned &amp; Family-Friendly Winery in Sonoma,good,,2026-06-29T12:04:20+00:00
7633b92b-b776-4ebe-ae09-709b9aafded9,200,1,1,940,WordPress,"Welcome to CADE Estate Winery | Howell Mountain, Napa Valley",good,,2026-06-29T12:04:20+00:00
418f9853-107e-495e-8f65-426bddcae29b,200,1,1,231,WordPress,Home - Cosentino Winery,good,,2026-06-29T12:04:20+00:00
0200f09a-120a-4f3d-bd43-82d920d8b4e7,202,1,0,362,,,weak,,2026-06-29T12:04:20+00:00
eed553b0-ff17-48b2-a62a-bb0c107864c5,200,1,1,301,Squarespace,Chateau Boswell Winery,good,,2026-06-29T12:04:20+00:00
24615e22-499a-49bf-8fe6-821a47def933,200,1,1,139,WordPress,Crossbarn Finest Napa and Sonoma Wines | Crossbarn Winery,good,,2026-06-29T12:04:20+00:00
6d482079-342f-41da-ac43-46e72d455fca,200,1,1,1248,,Front | Сhandon,good,,2026-06-29T12:04:20+00:00
8cb85778-e48a-4687-945e-4dbce8b8ef50,200,1,1,438,WordPress,Home - Crocker &amp; Starr,good,,2026-06-29T12:04:20+00:00
5bbbfbbe-e123-465d-a500-e56a57783768,200,1,1,418,WordPress,Winery in Healdsburg | DaVero Farms &amp; Winery,good,,2026-06-29T12:04:20+00:00
9a35578c-16ce-4355-be21-7de8b25f1418,200,1,0,442,,,weak,,2026-06-29T12:04:20+00:00
77d086e8-df2b-42b0-857f-f54c4ee91b43,200,1,1,409,GoDaddy,Entre Nous Wines,good,,2026-06-29T12:04:20+00:00
6b3e1bf1-a1dc-4112-b99f-27b26436cc82,200,1,1,438,WordPress,Sonoma Wine | Best Sonoma Wines | Sonoma Cabernet | Enkidu Wines,good,,2026-06-29T12:04:20+00:00
95ac5bd6-8349-490b-a998-227091fe0c84,200,1,1,797,WordPress,Eco Terreno - farming and crafting wines with purpose,good,,2026-06-29T12:04:21+00:00
3c8e3aae-ccee-4d1d-a2ad-9a925336ee4a,200,1,0,488,,"Eric Kent Wine Cellars: Celebrating the Passions of Wine, Art, People and Life",weak,,2026-06-29T12:04:21+00:00
e4cb6229-f737-4d2f-902f-9ea4d32fad81,200,1,1,904,WordPress,Dominus Estate Napa Valley,good,,2026-06-29T12:04:21+00:00
1323c617-828f-49b7-82da-6bb085a5b86d,0,0,0,42,,,broken,connection failed,2026-06-29T12:04:21+00:00
6615600f-8794-44d0-b3c6-025c1ae26af9,200,1,1,146,WordPress,Home - Flowers Vineyards &amp; Winery,good,,2026-06-29T12:04:21+00:00
0cebc459-6303-4291-9474-4bdae9461596,200,1,1,402,WordPress,Home - Faust,good,,2026-06-29T12:04:21+00:00
c29493fc-3fb8-48c3-9662-6bf071bb1e01,200,1,1,296,WordPress,Home - Flora Springs,good,,2026-06-29T12:04:21+00:00
b3595993-106d-4178-a833-2ec41d1717cb,200,1,1,547,,Ernest Vineyards,good,,2026-06-29T12:04:21+00:00
97b93b75-127d-415e-a714-4e0fbdab05dd,202,1,0,437,,,weak,,2026-06-29T12:04:21+00:00
03b67f85-293c-4776-8ba4-01b8bbaf494e,202,0,0,211,,,weak,,2026-06-29T12:04:21+00:00
f0a0dd85-b333-4552-824e-e1c0e5dbdb9c,202,1,0,131,,,weak,,2026-06-29T12:04:21+00:00
5a41336a-6df0-45e3-93e2-227f485a377a,200,1,1,415,,Luxury111 | Join Fans Sign Event Official Konami,good,,2026-06-29T12:04:21+00:00
57c6095f-24f0-44af-8f0d-0b08f933fd0d,403,1,0,335,,403 Forbidden,broken,,2026-06-29T12:04:21+00:00
95cc49bc-76c8-477f-97bc-2ece153e6176,200,1,1,121,WordPress,HOME - Gloria Ferrer,good,,2026-06-29T12:04:21+00:00
761a7994-f23e-4227-afaa-66e3c25715c8,202,0,0,185,,,weak,,2026-06-29T12:04:21+00:00
1d95d7ee-ec5c-45b5-b8f9-e3f16ed7146e,0,0,0,89,,,broken,connection failed,2026-06-29T12:04:21+00:00
5444aa84-d700-4a3b-be7e-73977b977ada,200,0,0,591,,"Net10 Internet Services, LLC",weak,,2026-06-29T12:04:21+00:00
8ffe50a2-a5ea-4366-a3a8-62d385e233e0,0,0,0,90,,,broken,connection failed,2026-06-29T12:04:21+00:00
1eeabc65-eb34-4169-9b50-24e489ab78ed,200,1,1,372,,Ghost Horse Vineyards,good,,2026-06-29T12:04:22+00:00
36e53a5d-f0f0-4a55-b364-9fc3736d4155,200,1,1,225,Squarespace,Brick &amp; Mortar Custom Crush,good,,2026-06-29T12:04:22+00:00
4864f704-c835-424a-8ff3-190fb536853c,200,1,1,88,WordPress,Home | Hill Family Estate - Napa Wineries,good,,2026-06-29T12:04:22+00:00
7431450a-0e61-4d15-8749-d090ca0433f3,404,1,1,2911,WordPress,Page not found - Flowers Vineyards &amp; Winery,broken,,2026-06-29T12:04:22+00:00
0a8e6a12-c5bc-4185-95cb-a43eef3181d6,200,1,1,419,Squarespace,Heibel Ranch Vineyards,good,,2026-06-29T12:04:22+00:00
ab643dc1-c973-4395-8b4c-6c4258f7e45e,200,1,1,431,WordPress,Welcome to Hess Persson Estates - Winery &amp; Art Museum,good,,2026-06-29T12:04:22+00:00
8a5ce6e3-f02a-46b7-8c79-dc3836b31ce8,200,1,1,451,Shopify,Hewitt Vineyard - Single Vineyard Cabernet Sauvignon from Rutherford,good,,2026-06-29T12:04:22+00:00
80dbb851-0c97-4000-9aa8-7675b59fc3a3,200,1,1,134,Squarespace,Howell Mountain Vineyards,good,,2026-06-29T12:04:22+00:00
d9f23fa2-8513-4f94-923c-df107bf6cbb1,200,1,1,587,WordPress,Hirsch Vineyards,good,,2026-06-29T12:04:22+00:00
d35e33bb-d0e9-4e9c-94bf-9463c21062cb,0,0,0,83,,,broken,connection failed,2026-06-29T12:04:22+00:00
2624d45d-5d9c-4f23-876b-e254ca456403,200,1,1,2663,WordPress,Napa Valley Vineyards &amp; Calistoga Winery | Davis Estates,good,,2026-06-29T12:04:22+00:00
535a0bb8-da76-4201-b065-16a7ac22cbd2,200,1,1,537,WordPress,Home - Imagery Estate Winery,good,,2026-06-29T12:04:22+00:00
f7ab2653-0d4e-4acd-b736-34338769898d,200,1,1,613,,"Hourglass Winery - Calistoga &amp; St. Helena, CA",good,,2026-06-29T12:04:22+00:00
357cf1fa-e526-4e89-969c-b34f17f9a2d5,202,1,0,470,,,weak,,2026-06-29T12:04:22+00:00
22bb3aea-b605-46ac-9e51-f69aa3d95c7c,200,1,1,900,,hope and grace wines - Homepage,good,,2026-06-29T12:04:23+00:00
afe4a5df-6cb9-41b9-a618-24f37ad31272,200,1,1,306,WordPress,Kamen Wines,good,,2026-06-29T12:04:23+00:00
0c8e24f8-2bd1-41ba-863c-597d332b0b93,200,1,1,868,WordPress,Home - Joseph Phelps Vineyards,good,,2026-06-29T12:04:23+00:00
f0a03b18-baa4-4e97-9fdc-7278ec55952f,200,1,1,793,WordPress,Karen MacNeil: Professional Wine Speaker &amp; Industry Leader,good,,2026-06-29T12:04:23+00:00
aa046219-d9dc-4350-a5a4-ae9872d4c6bd,200,1,1,3233,WordPress,Eric Ross Winery &#8211; “Taste The Vineyard” That’s what the wine should reflect.,good,,2026-06-29T12:04:23+00:00
4f8a6578-e9f7-4a0e-b7e9-d3056204217b,200,1,1,882,WordPress,Home | Korbel California Champagne,good,,2026-06-29T12:04:23+00:00
f0facf74-aa09-4c83-b435-76f92fe9b40b,200,1,1,1847,WordPress,Hoot Owl Creek Vineyards,good,,2026-06-29T12:04:23+00:00
6548f133-b539-412b-898a-7761c797ab3a,0,0,0,82,,,broken,connection failed,2026-06-29T12:04:24+00:00
f4090372-e08f-42c1-8ee8-e285ecad8d0d,403,1,1,40,,Just a moment...,broken,,2026-06-29T12:04:24+00:00
41f4ea4e-794c-41b5-87a9-2b85e02def4f,200,1,1,539,,"Kyla Brooke, REALTORÂ® #2",good,,2026-06-29T12:04:24+00:00
f6e56b9d-b3a9-4a08-bd02-0477cd28d16e,200,1,1,1487,WordPress,Home | Korbel California Champagne,good,,2026-06-29T12:04:24+00:00
b0b26e92-dc7c-4c4c-9a07-fd04886a5ce4,200,1,1,602,Drupal,Book a Wine Tasting - Saralee&#x27;s Vineyard Estate | La Crema,good,,2026-06-29T12:04:24+00:00
1a421eb6-a368-4dee-b7bc-14fe47ed2968,200,1,1,223,WordPress,Lynmar Estate,good,,2026-06-29T12:04:24+00:00
abda2fe8-8515-4b04-989a-df2fd8df5f1e,200,1,1,791,Drupal,Book a Wine Tasting - Saralee&#x27;s Vineyard Estate | La Crema,good,,2026-06-29T12:04:24+00:00
fdb0c140-3bb6-4ca4-8074-fc171cae238c,0,0,0,666,,,broken,"ssl: HTTPSConnectionPool(host='lookoutridge.ewinerysolutions.com', port=443): Max retries exceeded with u",2026-06-29T12:04:24+00:00
f152a459-6025-46aa-abb3-9122da51eb0d,200,1,1,1087,Drupal,Award-Winning California and Oregon Wines | La Crema,good,,2026-06-29T12:04:24+00:00
036f3cee-a8c9-4b81-9bc2-84b9d0ca88eb,200,1,1,152,WordPress,Home - Mayacamas Vineyards,good,,2026-06-29T12:04:24+00:00
10b656d4-26bb-4473-93f3-32defe0b93db,200,1,1,377,WordPress,Home - Mersenne Wines,good,,2026-06-29T12:04:25+00:00
4401eaa0-3374-4a38-849a-0b0f1bdf6ee0,200,1,1,459,WordPress,Home - Merryvale,good,,2026-06-29T12:04:25+00:00
170f68d0-a403-4c23-8b04-44c14cdea672,200,1,1,770,WordPress,Manzanita Creek Winery &#8211; Quo Vadis,good,,2026-06-29T12:04:25+00:00
2aecd3ba-0bdf-41a6-88ef-9c7d5d65e8ad,200,1,1,225,WordPress,Welcome to Orsi Family Vineyards - Orsi Family Vineyards,good,,2026-06-29T12:04:25+00:00
9496d1b6-60a3-4879-b661-576be512b2d0,200,1,1,634,WordPress,Morlet Family Vineyards,good,,2026-06-29T12:04:25+00:00
7b968c64-efdd-4b41-8722-faad742f1943,0,0,0,15074,,,broken,timeout,2026-06-29T12:04:25+00:00
cc000d56-446d-44e2-b458-97c11140ef76,200,1,1,2471,WordPress,Kukeri Wines | Limited Production Boutique Winery,good,,2026-06-29T12:04:25+00:00
2a62a4ba-ec20-49e5-be39-11d77a405969,200,1,1,266,,"Paloma Vineyard | Craftsmanship in Every Sip, Your Spring Mountain Winery",good,,2026-06-29T12:04:25+00:00
7439acab-ddcf-41ec-8cd1-3a2e8af41779,200,0,1,984,,华体会hth·（体育）中国官方网站-华体（中国）,weak,,2026-06-29T12:04:25+00:00
45c2c164-785c-4220-b408-cf86ac83393b,200,1,1,366,WordPress,Home - Papapietro Perry,good,,2026-06-29T12:04:25+00:00
072784c2-50d7-4f96-a02b-4741681ab6e7,404,1,0,682,,,broken,,2026-06-29T12:04:25+00:00
7efce2a0-45ed-4695-b9c6-713ecf048a30,403,1,1,215,,Just a moment...,broken,,2026-06-29T12:04:25+00:00
668805ac-1c10-41dd-a667-b17bd46bc09b,200,1,1,456,Shopify,The Duckhorn Collection,good,,2026-06-29T12:04:26+00:00
51258396-f13f-4d06-8f8b-bea3772f2d4a,200,0,1,911,,Purple Pachyderm | HOME,weak,,2026-06-29T12:04:26+00:00
fafd0e53-8566-4b0d-804f-103a1638a431,200,1,1,356,,Estate Single-Vineyard Mountain Wines from Sonoma &amp; Napa | Peter Michael Winery,good,,2026-06-29T12:04:26+00:00
6ea6c283-7946-473b-b31e-67daad7121ea,0,0,0,15101,,,broken,connection failed,2026-06-29T12:04:26+00:00
98bed708-136e-4488-ba28-28de721ba924,200,0,0,434,,,weak,,2026-06-29T12:04:26+00:00
edda1e84-f551-41b7-b148-f1e3f66d7ba0,200,1,1,708,WordPress,Home - Peay Vineyards,good,,2026-06-29T12:04:26+00:00
2a7122ec-5014-44e4-b791-7896d99360c3,200,1,1,662,,Welcome to Peterson Winery,good,,2026-06-29T12:04:26+00:00
6bafb5af-a2e0-499c-92ad-150f5c482dfc,200,0,1,379,,Lutumwines.com,weak,,2026-06-29T12:04:26+00:00
a23436d6-6444-4b81-8850-deb0cd9e1620,0,0,0,763,,,broken,"ssl: HTTPSConnectionPool(host='prestonofdrycreek.com', port=443): Max retries exceeded with url: / (Cause",2026-06-29T12:04:26+00:00
8103f76d-59a3-467d-a3b7-09851c345984,200,1,1,459,,Ravenswood | Zinfandel Wines,good,,2026-06-29T12:04:26+00:00
7b2dd050-b405-4ce1-aa71-e58dc7c665e6,0,0,0,187,,,broken,"ssl: HTTPSConnectionPool(host='www.reveriewine2.com', port=443): Max retries exceeded with url: / (Caused",2026-06-29T12:04:27+00:00
4e6740c1-47df-414e-91c6-101a3007b505,200,1,1,877,,Promise Wine | Small-Production Napa Valley Wines - Promise Wine,good,,2026-06-29T12:04:27+00:00
b7a0488b-9c57-4339-89c9-03db83b84e20,200,0,1,1049,WordPress,Purple Brands,weak,,2026-06-29T12:04:27+00:00
d492aaf6-2287-40ea-a7c4-8d0c644f6163,0,0,0,82,,,broken,connection failed,2026-06-29T12:04:27+00:00
d4031189-f611-44e9-9fa5-89d102a7876d,200,1,1,1770,,"Uncover the rich history of Dry Creek Valley wines at Pedroncelli Winery, Sonoma County",good,,2026-06-29T12:04:27+00:00
d58f94b0-f977-4677-a0f2-dd1399ade6d9,0,0,0,9,,,broken,connection failed,2026-06-29T12:04:27+00:00
29f49ff7-2553-48d2-a1f9-77bf66a42019,403,1,1,77,,Just a moment...,broken,,2026-06-29T12:04:27+00:00
722ce90e-afe6-4e99-98d4-23c1b6da80e1,200,1,1,128,WordPress,Sparkling Wines - Schramsberg Vineyards,good,,2026-06-29T12:04:27+00:00
b0c05545-cad9-4a39-8392-0656efce0b18,200,1,1,801,WordPress,Home - Red Car Wine | Pinot Noir &amp; Chardonnay from the Sonoma Coast,good,,2026-06-29T12:04:27+00:00
c697e687-0d98-4b0c-b2f3-23886c2c43d0,200,1,1,149,WordPress,"Welcome to Schweiger Vineyards - Spring Mountain, St. Helena",good,,2026-06-29T12:04:27+00:00
53424820-2f98-4ae7-be8f-4ad7ce3d2225,0,0,0,34,,,broken,connection failed,2026-06-29T12:04:27+00:00
e4cbe6c5-add0-4975-9570-1ef7c643cb4e,200,1,1,657,Drupal,Book a Wine Tasting - Saralee&#x27;s Vineyard Estate | La Crema,good,,2026-06-29T12:04:27+00:00
1c0b8ac3-066b-4351-a36c-966098216016,404,1,1,13304,Squarespace,Harmonique Wine,broken,,2026-06-29T12:04:27+00:00
31c9abc3-04a1-498e-9d72-de34c2cdab54,202,1,0,297,,,weak,,2026-06-29T12:04:27+00:00
fa52b3bd-d3d0-439f-8ef9-8d444ca01aee,200,1,1,1856,WordPress,Porter Creek Vineyards | Russian River Valley | Original Wines of Great Purity,good,,2026-06-29T12:04:28+00:00
c068406e-8e4f-40f7-9229-8aaecf1614ee,200,1,1,292,Shopify,Napa Valley Winery | Wine Tasting | Sinegal Estate Winery,good,,2026-06-29T12:04:28+00:00
7f41631c-861e-4bf3-aea5-1b52258d9c1d,200,1,1,987,,Robert Young Winery | Scion House | Alexander Valley,good,,2026-06-29T12:04:28+00:00
80adafcf-e94c-498c-91f4-cf1026950e1a,200,1,1,176,Squarespace,Teachworth Winery,good,,2026-06-29T12:04:28+00:00
7c1dda63-0d7e-4ecc-8525-3ff570f30042,200,1,1,194,WordPress,Home - Swanson Vineyards,good,,2026-06-29T12:04:28+00:00
0fd76eb0-90dc-4138-85df-f4a809d287f6,202,1,0,239,,,weak,,2026-06-29T12:04:28+00:00
6952cd23-76c8-47f7-84c6-2cb0ab6ba3a1,200,1,1,284,Shopify,Sterling Vineyards,good,,2026-06-29T12:04:28+00:00
f0dee27f-0239-499b-af14-6d535bb2ed21,200,1,1,561,Shopify,Sonoma Cutrer – Sonoma-Cutrer,good,,2026-06-29T12:04:28+00:00
935063b8-9f7d-4f1e-b58b-9608ae48d067,200,1,1,321,Shopify,The Duckhorn Collection,good,,2026-06-29T12:04:28+00:00
871af6a6-4c67-4b1a-92b9-92fe1eab6217,200,0,1,390,,teirawines.com&nbsp;-&nbsp;teirawines Resources and Information.,weak,,2026-06-29T12:04:28+00:00
3bff8ced-45a0-4c4a-839e-83a49b3e73c2,200,1,1,2068,,Realm Cellars,good,,2026-06-29T12:04:28+00:00
0515c298-e90c-447d-82cd-b38217153e13,200,1,1,267,WordPress,Thumbprint Cellars | Sonoma County Winery,good,,2026-06-29T12:04:28+00:00
65744e61-5d88-4ab5-a4b4-a85385907d8c,200,1,1,434,WordPress,Heitz Cellar | Historic Family-Owned Napa Valley Winery,good,,2026-06-29T12:04:28+00:00
2e1e45b5-7075-4c52-8413-77ec97ac0dcf,200,1,1,454,WordPress,Heitz Cellar | Historic Family-Owned Napa Valley Winery,good,,2026-06-29T12:04:28+00:00
4ab1cc18-19c0-450f-b44c-52dd154727a6,200,1,1,482,Shopify,Visit Us | The Prisoner Wine Company,good,,2026-06-29T12:04:28+00:00
fd02aaaf-ea97-42d1-89bf-ae09fa1a800b,403,1,1,155,,Just a moment...,broken,,2026-06-29T12:04:28+00:00
a185da24-f49d-4448-b302-cde26b42b36e,404,1,0,152,Squarespace,Squarespace - Website Expired,broken,,2026-06-29T12:04:28+00:00
6815d363-5f85-4dc8-a6dc-cc6f52b3c7ca,200,1,1,421,Weebly,TILTED SHED CIDERWORKS - Small batch fermented ciders from local organic apples,good,,2026-06-29T12:04:28+00:00
755236e9-7178-4b05-b35b-6b58751ed259,403,0,1,98,,Just a moment...,broken,,2026-06-29T12:04:28+00:00
d13be2d8-abf2-4a43-9cff-f3fbdd9811e6,202,1,0,357,,,weak,,2026-06-29T12:04:29+00:00
6ebbb33d-c1c8-4cdf-b7cd-c00a561a2e66,200,1,1,501,Wix,Titus Vineyards,good,,2026-06-29T12:04:29+00:00
c16154fc-4a9b-482a-aa09-6273bbccb4b8,200,1,1,176,WordPress,Napa Winery &amp; Tasting Room | St Helena | V. Sattui Winery,good,,2026-06-29T12:04:29+00:00
68ebbef9-22b4-4025-99f9-597a622d6fae,200,0,1,489,,trekwine.com&nbsp;-&nbsp;This website is for sale!&nbsp;-&nbsp;trekwine Resources and Information.,weak,,2026-06-29T12:04:29+00:00
a2191925-5d86-435f-b12a-ee5fbe157dd6,200,1,1,491,Shopify,Troika Wines,good,,2026-06-29T12:04:29+00:00
57ecf89a-fe92-4384-bcbd-acee6b4ab254,200,0,0,246,,,weak,,2026-06-29T12:04:29+00:00
0dd1f1a3-ed0b-4c58-8bfe-8a63ba819f2b,200,0,0,279,,New Home Page for vimarkinc.com,weak,,2026-06-29T12:04:29+00:00
b793c93e-2747-4560-86c6-a052e83e87a3,200,1,1,86,,Shop California Zinfandel Wine | Healdsburg Wine Tasting | BACA Wines,good,,2026-06-29T12:04:29+00:00
856a77a0-5599-467d-820e-806d3c4bd840,200,1,1,365,WordPress,Home - VJB Cellars,good,,2026-06-29T12:04:29+00:00
4a88ddff-5609-43d0-90c5-e3363ae04694,200,1,1,313,,Explore WALT Sonoma | Sonoma &amp; Napa Wine Tasting | WALT Wines,good,,2026-06-29T12:04:29+00:00
2a4d8ac4-aa05-48e7-8ffd-fbb4b0aa61b3,200,0,0,436,,WICKER VINEYARDS,weak,,2026-06-29T12:04:29+00:00
953450d4-32ba-408b-9487-1f23f4ebaabb,200,1,1,2288,WordPress,"StarryNightWinery.com | Wine, Culture &amp; Stories from the Vineyard -",good,,2026-06-29T12:04:30+00:00
f2527ef4-26cb-496f-a4b4-deabca1824ed,200,1,1,394,,Williamson Wines,good,,2026-06-29T12:04:30+00:00
cb5e956d-feb3-4df2-8bcf-fa57cc3d37a9,200,1,0,843,,,weak,,2026-06-29T12:04:30+00:00
a5f355ba-3d36-42c2-8bb9-44e9f64fa59f,200,1,1,587,,Williamson Wines,good,,2026-06-29T12:04:30+00:00
c706c426-7608-47cd-ab26-b59396dacdbb,200,1,1,1955,WordPress,Home - Tonnellerie Radoux Tonnellerie Radoux,good,,2026-06-29T12:04:30+00:00
e60e9c90-fff3-444e-8b24-f06ee529935e,200,1,1,4601,WordPress,"Pezzi King Winery | Wine Tasting in Healdsburg, CA &#8211; Sweepstakes winning wines from the heart of Dry Creek Valley in Healdsburg California.",weak,,2026-06-29T12:04:30+00:00
9aa55d56-d3fc-4322-88be-682839d1e11f,200,1,1,612,Shopify,Wine Snob*,good,,2026-06-29T12:04:30+00:00
34034378-9ae3-438f-9a46-aa37d42bc65e,0,0,0,219,,,broken,"ssl: HTTPSConnectionPool(host='www.aramarkuniform.com', port=443): Max retries exceeded with url: /our-lo",2026-06-29T12:04:30+00:00
8494318b-8e75-4b2a-92bb-550dd1adf604,200,1,1,1574,,Epiq 11,good,,2026-06-29T12:04:30+00:00
e8ed0800-4925-4f68-a30a-09d7648cbf25,433,1,0,166,,,broken,,2026-06-29T12:04:30+00:00
dbb33140-61f1-408d-91fc-e9ddbe52087d,0,0,0,88,,,broken,connection failed,2026-06-29T12:04:30+00:00
9000a964-851b-467e-9f2b-88f14789b889,200,1,0,752,,Windsor Oaks Vineyards,weak,,2026-06-29T12:04:30+00:00
7705b23b-1c17-4c1a-b750-e1cc8c552e25,200,1,1,534,Shopify,Yao Ming Wines,good,,2026-06-29T12:04:30+00:00
f5ff5e96-1862-4755-a8df-1c70653eb531,404,1,1,206,Wix,,broken,,2026-06-29T12:04:30+00:00
ab269477-f455-40ec-bc04-3145fcf4deec,200,1,1,277,Shopify,Forever 21 | Shop The Latest Trends &amp; Must-Have Styles,good,,2026-06-29T12:04:30+00:00
cbc6d29a-17c4-4ecd-97be-6eaeddbd19e0,200,1,1,246,,Women's Clothing & Apparel | Talbots,good,,2026-06-29T12:04:31+00:00
4a6a0e7d-e03f-4bad-a1f3-4492da9085ab,404,1,1,420,Shopify,404 Not Found &ndash; Charlotte Russe,broken,,2026-06-29T12:04:31+00:00
b9da52ae-645a-431a-8127-0297db69047c,200,1,1,460,Shopify,Pearl Wonderful Clothing St. Helena,good,,2026-06-29T12:04:31+00:00
d6d0c98f-caa4-4e38-88ac-b5736c09d4c6,200,1,1,148,,"Gas Tipis-Tipis, Berakhir Manis bareng RADEN99!",good,,2026-06-29T12:04:31+00:00
a64afd62-d7e1-4bc1-ba55-5c07500b48a5,403,0,1,140,,Attention Required! | Cloudflare,broken,,2026-06-29T12:04:31+00:00
ecd2471f-626f-4b33-9b15-415abd29ce67,200,1,1,691,,Официальный сайт казино Плей Фортуна,good,,2026-06-29T12:04:31+00:00
c8ec2f79-75a5-4b10-ac03-ed50788f953d,404,1,0,564,Shopify,This store is unavailable,broken,,2026-06-29T12:04:31+00:00
96450328-56e0-4dff-ac6a-81816143cd9d,0,0,0,49,,,broken,connection failed,2026-06-29T12:04:31+00:00
74f056ef-52b8-40d1-8257-9461b419ba4f,200,1,1,460,Squarespace,Yasuko,good,,2026-06-29T12:04:31+00:00
db323fa9-969b-40d4-b3ce-448a791099b6,200,1,1,577,Shopify,Veronica Beard® Official Site – Luxury Women’s Fashion,good,,2026-06-29T12:04:31+00:00
462f15bc-4da2-42b9-ab88-7a5364871f19,200,1,1,73,,HTA,good,,2026-06-29T12:04:31+00:00
c6112d30-4b88-4f21-87bc-029d7cf89aab,200,1,1,193,,HTA,good,,2026-06-29T12:04:31+00:00
3d8a14de-6488-4ebe-89eb-48f6e7ce980c,200,1,1,564,WordPress,Iyengar Yoga Napa Valley &#8211; Iyengar Yoga Napa Valley | I-Yoga Napa Valley,good,,2026-06-29T12:04:31+00:00
208a970b-7690-43c1-a94c-504915123301,200,1,1,374,,Novato Veterinarian for Dogs &amp; Cats | The Country Vet,good,,2026-06-29T12:04:31+00:00
94127b83-5c0d-4a48-b1ff-8cc6015beae5,200,1,1,124,Squarespace,Nido Wellness | Petaluma Acupuncture for Fertility and Pregnancy,good,,2026-06-29T12:04:32+00:00
d0f872e5-c828-4ca1-93b9-2ca10c873875,200,1,1,1290,Shopify,The Total Look,good,,2026-06-29T12:04:32+00:00
db1fae15-ca20-4d40-885a-b02c5b52ccb9,200,1,1,200,GoDaddy,PointsInBalance.com is for sale | HugeDomains,good,,2026-06-29T12:04:32+00:00
4d24bea4-3ad0-406e-b813-89a3fb55a9c4,200,1,1,782,WordPress,Bookkeeping and Payroll Services | Virtual Jeannie,good,,2026-06-29T12:04:32+00:00
6fccc6a8-dc33-41f4-af92-d1bdf89c147d,200,1,1,423,WordPress,Home - Moongate Acupuncture,good,,2026-06-29T12:04:32+00:00
1bfeee55-3dc7-4250-8a44-cc4f3f56e77d,200,1,1,209,WordPress,"Santa Rosa Acupuncture with Christina Ness-Hawks, L.Ac.",good,,2026-06-29T12:04:32+00:00
88e5c618-e0a7-483f-ac41-ed2fb373eed3,200,1,1,109,GoDaddy,Butulia&#039;s Tile,good,,2026-06-29T12:04:32+00:00
76c65b5d-8298-4b3d-80a8-e68017a96ebb,200,1,1,291,WordPress,The Duct Doctor - Residential &amp; Commercial HVAC Santa Rosa,good,,2026-06-29T12:04:32+00:00
46936d61-7902-4660-9103-df9a18640933,200,0,0,410,,New Home Page for moritaconstruction.com,weak,,2026-06-29T12:04:32+00:00
e5d96733-6d33-41ec-abb8-2c33a565c25e,0,0,0,10013,,,broken,connection failed,2026-06-29T12:04:32+00:00
83b5f2a5-1386-4a2f-99c6-7c0db83034d0,200,1,1,551,WordPress,About Us - The Duct Doctor - Santa Rosa CA,good,,2026-06-29T12:04:32+00:00
c91b68a0-8de0-4135-9aec-72b51fa3faa7,200,0,0,144,,,weak,,2026-06-29T12:04:32+00:00
e60f79b0-2fb0-46ef-abe4-f617b0e7c31e,403,0,0,154,,,broken,,2026-06-29T12:04:32+00:00
de7868eb-3b44-49ca-8c01-63e2a1b1dcc3,200,1,1,159,,Palace Station Casino | Boathouse Asian Eatery,good,,2026-06-29T12:04:33+00:00
e964b455-2c8a-4135-b202-81b4c09f05cd,200,1,1,282,,Home - Amy&#39;s Chinese Kitchen,good,,2026-06-29T12:04:33+00:00
f4de6351-52f1-4597-a687-c4c67ca92794,200,1,1,2187,,"Massage Therapist in Santa Rosa, CA | Toth Massage Clinic",good,,2026-06-29T12:04:33+00:00
614d492b-f299-4af6-bca9-55525f93c8be,200,1,1,1978,,養生ヨガ,good,,2026-06-29T12:04:33+00:00
6eb0651a-b683-497b-9be5-e1acba4bcd69,200,1,1,541,Squarespace,EAG Studio | Architecture &amp; Interior Design,good,,2026-06-29T12:04:33+00:00
a333e58c-e9eb-4046-ad84-7ae6ac9452b1,0,0,0,34,,,broken,connection failed,2026-06-29T12:04:33+00:00
2a635f86-f893-42b7-9e1f-e93da9b22599,200,1,1,136,Webflow,"Noodle Rice Etc, Chinese Restaurant, 17121 Hwy 116",good,,2026-06-29T12:04:33+00:00
bc11e696-6921-4886-b7a7-ad2dd133326a,200,1,1,274,,Store,good,,2026-06-29T12:04:33+00:00
582ee296-de6b-4560-a897-e4123533385a,200,1,1,575,,NAGA188: Situs Toto Slot Gacor Link Online Slot88 Gampang Menang Hari Ini,good,,2026-06-29T12:04:33+00:00
7e90c711-118e-48ca-b16a-cc4ff84571ea,404,1,1,434,,"Auto Body &amp; Collision Repair Shops in Santa-rosa-15444, CA | CARSTAR",broken,,2026-06-29T12:04:33+00:00
d0c642be-4991-4a10-baf2-da2c644e2080,404,1,1,486,,"Auto Body &amp; Collision Repair Shops in Santa-rosa-15445, CA | CARSTAR",broken,,2026-06-29T12:04:33+00:00
836a5a3b-67d4-42d1-ae2b-84057a1a8e73,200,1,1,398,,California Auto Body Paint Shop Locations,good,,2026-06-29T12:04:33+00:00
73f9ebcd-b0f6-44a6-9fd9-0df2d24af6d4,200,1,1,425,,"Collision Repair in Rohnert Park, CA | ROHNERT PARK WEST | Crash Champions Store",good,,2026-06-29T12:04:33+00:00
9f730a1b-05a8-48be-b29c-d0d0310c6720,200,1,0,1590,,HPTOTO : Misi Rahasia Side Brothers Untuk Mencari Bandar Slot Gacor,weak,,2026-06-29T12:04:34+00:00
592feb4a-3791-4cca-a4bd-ec3082a93ffb,200,1,1,336,,"Car Dealership in Santa Rosa, CA | Used Cars for Sale | Hansel BMW of Santa Rosa",good,,2026-06-29T12:04:34+00:00
7489495c-57b6-478f-8ffc-35e0e607b406,200,1,1,149,Squarespace,kooglewerks,good,,2026-06-29T12:04:34+00:00
5af7f9ab-9825-49e2-82e1-11483583db13,200,1,1,388,,Santa Rosa Oil Change Services | Valvoline Instant Oil Change℠,good,,2026-06-29T12:04:34+00:00
d543a881-529f-46b2-81d3-bdc99f0271ca,0,0,0,170,,,broken,connection failed,2026-06-29T12:04:34+00:00
76d8cb30-60ba-49b1-9e7c-f0681b3a28ad,200,0,1,2687,WordPress,"Jin Shin Jyutsu - Jane Pritchard, Santa Rosa, California",weak,,2026-06-29T12:04:34+00:00
78291343-fae3-4206-894e-b77982e6fd21,0,0,0,162,,,broken,connection failed,2026-06-29T12:04:34+00:00
ed26ea37-b37b-4894-a236-b83e339ccb2a,0,0,0,41,,,broken,connection failed,2026-06-29T12:04:34+00:00
e6d474ca-1bd5-4ccd-8013-b6baefc1db58,200,1,0,129,,Automotive Repair Shop in Petaluma | Brodie's Tire & Automotive,weak,,2026-06-29T12:04:34+00:00
15b2493f-4f6c-4629-92c9-a176019745d7,200,1,1,579,,"Car Dealership in Petaluma, CA | Used Cars for Sale | Hansel Ford of Petaluma",good,,2026-06-29T12:04:34+00:00
dcebeaeb-748e-446b-b77e-b88c9c938d5a,200,1,1,221,,"Auto Repair in Santa Rosa, CA - Empire Sport West",good,,2026-06-29T12:04:34+00:00
659738cc-51c3-4a74-aa87-af22b787524d,0,0,0,167,,,broken,connection failed,2026-06-29T12:04:34+00:00
11ceed7e-ce66-4950-901a-7e8bf5ce3921,200,1,1,230,,Monroe | Performance Shocks &amp; Struts,good,,2026-06-29T12:04:34+00:00
4643e469-8394-45b8-8e6b-9f4ab3854c55,0,0,0,164,,,broken,connection failed,2026-06-29T12:04:34+00:00
56ae63a1-edca-4caa-a918-807ce3f7f343,0,0,0,93,,,broken,"ssl: HTTPSConnectionPool(host='www.jjautobodyinsantarosa.com', port=443): Max retries exceeded with url: ",2026-06-29T12:04:34+00:00
e72eba30-55e0-477c-bf8f-25543d73e774,200,0,0,204,,Mobile Windshield Medic,weak,,2026-06-29T12:04:34+00:00
b8d885be-136d-4638-9770-7133c4b904f1,200,1,1,1091,Drupal,Sonoma County Auto Repair | AAA,good,,2026-06-29T12:04:34+00:00
8c2ce889-49dc-4d68-bdce-efb01dc9e106,200,1,1,182,WordPress,Home - Costeaux,good,,2026-06-29T12:04:35+00:00
ee9738a2-ec3b-408d-b502-85983194d2d3,200,1,1,254,,DropCatch.com,good,,2026-06-29T12:04:35+00:00
25eb03b8-93d5-43c1-b85f-fb3c63851965,200,1,1,129,Squarespace,"Sarmentine | French Artisan Bakery, Pastries, Crepes, &amp; Baking Workshops in Sonoma County",good,,2026-06-29T12:04:35+00:00
be7d58a2-fb6f-474b-9f97-4d79deb43247,200,0,1,273,Weebly,teeny cake - Home,weak,,2026-06-29T12:04:35+00:00
2b73b1e0-d04a-4821-ab55-161569370e09,200,1,1,1026,WordPress,Artisan Bakers | Organic Artisan Bakery &amp; Private Label Partner,good,,2026-06-29T12:04:35+00:00
71cca3d8-2399-437c-b4d5-94e1adb3d3a8,200,1,1,1371,WordPress,"The Best Towing &amp; Battery Installation Company in Petaluma, CA - Bill&#039;s Towing",good,,2026-06-29T12:04:35+00:00
581dd990-47d2-49b7-8ae9-45fcefe51bf2,404,1,1,684,,The Bread Bakers Guild of America - Page not found (404),broken,,2026-06-29T12:04:36+00:00
1ef6db34-e56c-45cd-8a94-01c04132026f,0,0,0,65,,,broken,connection failed,2026-06-29T12:04:36+00:00
9a82c3f6-43b2-4907-b2de-71a52749fc72,200,1,1,1400,Weebly,Home | Noble Folk Ice Cream and Pie Bar,good,,2026-06-29T12:04:36+00:00
fd3214ea-a01f-4471-8180-cbb8f86250a8,200,1,1,241,Weebly,Dolan's Den - Home,good,,2026-06-29T12:04:36+00:00
e23df98d-0a57-4369-a143-c42a170a3352,200,1,1,902,WordPress,"Law Offices of Brian Barta - Bankruptcy Attorney - Santa Rosa, CA",good,,2026-06-29T12:04:36+00:00
564e72fb-cd6a-4ab9-b8a9-16452dac8993,200,1,1,2052,WordPress,Chilepie&#039;s Baking Co,good,,2026-06-29T12:04:36+00:00
3551cd05-7adc-49ed-913f-da3bbcea74c8,403,1,1,121,,Just a moment...,broken,,2026-06-29T12:04:36+00:00
2755f661-a56e-4497-867f-61093f35571f,403,1,1,331,,Hilton Page Reference Code,broken,,2026-06-29T12:04:36+00:00
53137931-29d5-4757-8705-f8df1275803b,0,0,0,118,,,broken,connection failed,2026-06-29T12:04:37+00:00
b936d11a-66b8-4f36-aca9-947b4ce9add8,403,1,1,8206,,Just a moment...,broken,,2026-06-29T12:04:37+00:00
47d2007f-4ec1-48f9-acd1-b3797c60d003,200,1,1,365,GoDaddy,Buster&#x27;s Original Southern BBQ,good,,2026-06-29T12:04:37+00:00
49f88c70-363c-421f-9c69-d9045e4adaf0,404,1,1,1367,WordPress,Graton Resort &amp; Casino | California&#x27;s Premier Gaming Destination,broken,,2026-06-29T12:04:37+00:00
f482d7cb-e12e-49fc-9eaa-5866413ae540,200,1,1,1727,WordPress,Wild Flour Bread &#8211; Wood Fired Brick Oven Baked Bread Bakery &amp; Garden,good,,2026-06-29T12:04:37+00:00
0609b29e-32d7-4e2c-bbfc-a5c336c9d8b6,200,1,1,3318,WordPress,Home - Custom Mobile Electronics,good,,2026-06-29T12:04:37+00:00
9513a67b-38bf-4da0-9aff-30ec0dc297a4,200,1,1,808,,Spirit Bar | Dry Creek Kitchen,good,,2026-06-29T12:04:37+00:00
cb6f541a-346d-40f2-a00d-c392ed6c1300,200,1,1,587,Squarespace,Two Birds/One Stone Napa welcomes both guests with a reservation...,good,,2026-06-29T12:04:37+00:00
a65f768e-02a0-4758-9d63-07b4e39bf7eb,0,0,0,166,,,broken,connection failed,2026-06-29T12:04:37+00:00
e0105b08-a356-44aa-ab6f-c43a18c51235,200,1,1,115,Webflow,"Bob&amp;#39;s Hair Styling - Nave Annex, Barber, 1553 S Novato Blvd Ste H",good,,2026-06-29T12:04:37+00:00
8172a483-88aa-4e66-b1c4-9eaa1a0a42c3,200,1,1,209,,"SalonCentric | Beauty Supply Store in Santa Rosa, CA",good,,2026-06-29T12:04:37+00:00
9492e4d5-4253-4bb1-bf4a-52ffedfa3629,200,0,0,503,,Home,weak,,2026-06-29T12:04:38+00:00
09483b9d-8b9c-4b1d-9e44-6e32e013f5fd,0,0,0,84,,,broken,connection failed,2026-06-29T12:04:38+00:00
37dda068-e18e-47d9-948c-ca57ee7006b8,0,0,0,86,,,broken,connection failed,2026-06-29T12:04:38+00:00
c950559c-70d7-4d2d-8959-dbed397f01f1,200,1,1,539,WordPress,Mustards Grill | Napa Valley | Since 1983,good,,2026-06-29T12:04:38+00:00
a7259894-01cb-4911-b72b-c78f79c8994f,200,1,1,788,,Lombardi's Deli and BBQ,good,,2026-06-29T12:04:38+00:00
cf49c545-05dd-4aea-b19f-5a67c140f736,200,1,1,677,,Salon Equipment and Beauty Supply in Petaluma | CosmoProf,good,,2026-06-29T12:04:38+00:00
98022dcb-f6f3-41d9-aaaf-7192997ce7da,200,1,1,554,,Book Appointment - Benefit Brow Bar | Brow Waxing | The Salon At Ulta Beauty,good,,2026-06-29T12:04:38+00:00
bd8031d0-5076-490e-91cc-9d397a6fea04,202,0,0,242,,,weak,,2026-06-29T12:04:38+00:00
1a4f0452-98b2-4a8d-961d-90400014d5d4,200,1,1,788,WordPress,Hood Cleaning Service in Santa Rosa CA | Apex Hood Cleaning,good,,2026-06-29T12:04:38+00:00
c98579ba-ec11-48c2-8b79-f4da8d3797b4,200,1,1,1851,,w66利来_w66利来·(集团)官方-首页,good,,2026-06-29T12:04:38+00:00
cd1f179f-6c23-4bac-bd2c-19370d416ad1,200,1,1,302,Shopify,Cali Kind Clothing Co. Tie-dye,good,,2026-06-29T12:04:38+00:00
b829bb40-4a0a-4d46-bcad-10d34ebd26dd,200,0,0,193,,,weak,,2026-06-29T12:04:38+00:00
59f4bf27-cd36-433b-8717-7c190a131194,0,0,0,97,,,broken,connection failed,2026-06-29T12:04:39+00:00
fd88a47a-f7b2-4aeb-b6c5-0bdb924c76dc,0,0,0,82,,,broken,connection failed,2026-06-29T12:04:39+00:00
0190e526-438b-4635-b8d1-944442a55f61,200,1,0,190,,,weak,,2026-06-29T12:04:39+00:00
574a19f2-ea8a-4711-b591-f2a010c07fdb,0,0,0,15095,,,broken,connection failed,2026-06-29T12:04:39+00:00
6d34ab3f-d5d8-4cb7-b1d0-1660ca2add50,200,1,1,159,,Home - The Twins Restaurant,good,,2026-06-29T12:04:39+00:00
cd8fdf12-184d-4f0c-88b2-17eb66533d59,200,1,1,232,WordPress,Rohnert Park | Black Bear Diner,good,,2026-06-29T12:04:39+00:00
82b37764-00ca-41a1-b4e9-5d4e4bc9949c,200,1,1,899,WordPress,Home - 3 Badge Corporate Site,good,,2026-06-29T12:04:39+00:00
db8415b2-647c-439f-9267-e25a35878f90,404,1,0,228,Squarespace,Squarespace - Website Expired,broken,,2026-06-29T12:04:39+00:00
a5e71f99-c554-440d-a76b-59a3dccffeff,200,1,1,229,Shopify,Home,good,,2026-06-29T12:04:39+00:00
c80dd39a-e55c-4d05-a222-39fefe766d51,200,1,1,368,,Wine Country | Luxury Hotels in Napa Valley,good,,2026-06-29T12:04:39+00:00
c34e9b5c-a699-4029-8d8d-b07db583e21e,200,1,1,6170,,"BMW, Mercedes, Porsche, Audi, Mini Cooper Repair: Novato | Baldwin's German Autowerks",weak,,2026-06-29T12:04:40+00:00
d3c99965-3e44-44a8-8083-124d7b3364f9,423,1,0,236,Shopify,This store is unavailable,broken,,2026-06-29T12:04:40+00:00
969459b1-b3da-4f15-baad-1e7195cf7e02,200,1,1,687,,"Amazing Pizza, Pasta, Handcrafted Beer - Santa Rosa, CA 95401 | Locations | BJ&#x27;s Restaurants and Brewhouse",good,,2026-06-29T12:04:40+00:00
40268111-22aa-45fb-a46b-14cedf6c26c0,200,1,1,1387,WordPress,สล็อตเว็บตรง รวมฮิตสุดยอด เว็บสล็อต อัพเดทล่าสุด 2026 API แท้ลิขสิทธิ์นอก,good,,2026-06-29T12:04:40+00:00
551f0fc5-b76d-481e-b625-22e37d1645ec,200,1,1,843,Shopify,Petaluma River Craft Beer Festival,good,,2026-06-29T12:04:40+00:00
9515e097-5173-4d83-982b-18fb307b9af6,200,1,1,313,,"Five Guys Mendocino Marketplace: Cheeseburger, hot dog, fries, and milkshakes in Santa Rosa",good,,2026-06-29T12:04:40+00:00
6d37410e-b651-4c00-a174-a32e77d9e7a8,200,1,1,307,Wix,Best Burgers in Sonoma County | Superburger,good,,2026-06-29T12:04:40+00:00
d5a50fd8-0909-4cc8-a0c6-925beb794de3,200,1,1,595,WordPress,Russian River Brewing Company,good,,2026-06-29T12:04:40+00:00
6d1934f7-59ef-4e17-b4b8-64fa8f4fe2bb,200,1,1,266,,The Law Offices of Pauline M. Deixler - The Law Offices of Pauline M. Deixler,good,,2026-06-29T12:04:41+00:00
64634615-e41e-4f66-b257-705fc0584700,404,1,0,599,,,broken,,2026-06-29T12:04:41+00:00
e9db8d41-272c-41fa-81e4-d5c475d6a14a,403,0,0,696,,,broken,,2026-06-29T12:04:41+00:00
5dbab6bf-82c7-4b40-85f2-332a475ba7df,200,0,0,196,Weebly,Brandon Carpet Co. - Home,weak,,2026-06-29T12:04:41+00:00
09b9cbcb-43c7-45bf-a6d3-389bfcc74e5d,200,1,1,3737,WordPress,Top OnlyFans Accounts – Search &amp; Explore Creators | hope-inns.com,good,,2026-06-29T12:04:41+00:00
aea4a972-9004-408f-a5d3-51b7acc9f285,200,0,1,129,,"Preferred Sonoma Caterers â Weddings, Parties, Full Service Catering",weak,,2026-06-29T12:04:41+00:00
37cc409c-78fe-4110-88a0-bf0a93590e86,200,1,1,136,WordPress,North Bay Children&#039;s Center: Early Care &amp; Education Since 1988,good,,2026-06-29T12:04:42+00:00
31509109-b3e6-4f44-8e0f-e7c1053f18cb,200,1,1,185,WordPress,North Bay Children&#039;s Center: Early Care &amp; Education Since 1988,good,,2026-06-29T12:04:42+00:00
7b47fa7e-51cc-4a36-82a3-4470b3a9afb7,200,1,1,757,WordPress,Extraction Plus Carpet Care - Serving Santa Rosa since 2006,good,,2026-06-29T12:04:42+00:00
b71df5c4-dbde-457a-998c-1eaac75ec20a,200,1,1,87,WordPress,North Bay Children&#039;s Center: Early Care &amp; Education Since 1988,good,,2026-06-29T12:04:42+00:00
f9ae9e32-4e40-42eb-b48a-05ae05a03347,200,1,1,121,WordPress,North Bay Children&#039;s Center: Early Care &amp; Education Since 1988,good,,2026-06-29T12:04:42+00:00
8f78e1ff-eca3-441b-80d4-d6501fe1c5c2,200,1,1,2463,,OLLO4D | Alternatif Situs Link Togel Online Terbaru 2026,good,,2026-06-29T12:04:42+00:00
127975a7-7767-46cc-92f1-01c6878dfed5,0,0,0,81,,,broken,"ssl: HTTPSConnectionPool(host='stores.shopjustice.com', port=443): Max retries exceeded with url: / (Caus",2026-06-29T12:04:42+00:00
8b7ca46a-547f-4344-ba49-ae8398c537b9,0,0,0,83,,,broken,connection failed,2026-06-29T12:04:42+00:00
ab843b01-963d-4dc5-8ce7-1098256fe617,200,1,1,1141,WordPress,สล็อตเว็บตรง เว็ปแท้ เกมสล็อต แตกง่าย 100%,good,,2026-06-29T12:04:42+00:00
3f629b52-e14d-4c45-ab22-4e932b4a42a8,404,1,0,398,,404 Not Found,broken,,2026-06-29T12:04:42+00:00
e1e6c094-c8f5-4fa4-9b3e-06c729180885,200,1,1,314,,"Santa Rosa Chiropractor | Chiropractor in Santa Rosa | Reno, VA Chiropractic | Orinda, CA",good,,2026-06-29T12:04:42+00:00
a4c969e0-cfc6-4d15-9fc8-994fbefb34a7,0,0,0,10016,,,broken,connection failed,2026-06-29T12:04:42+00:00
09bc770e-f115-469a-9b80-e640b78bdf1d,404,1,0,508,,404 Not Found,broken,,2026-06-29T12:04:42+00:00
df1a569b-fd07-4e78-8590-64c674c233f1,403,1,1,177,,Just a moment...,broken,,2026-06-29T12:04:42+00:00
278685c0-d8c7-4a70-a23f-f637694b11dd,403,1,1,221,,Just a moment...,broken,,2026-06-29T12:04:42+00:00
c07baf93-805c-4d4e-9774-56819b6658af,200,1,1,297,WordPress,Top Chiropractor in Petaluma | Redwood Chiropractic,good,,2026-06-29T12:04:42+00:00
56a9a1e5-801d-49ad-a6f6-d4ee60386c7c,403,1,0,107,,,broken,,2026-06-29T12:04:43+00:00
ffdffa00-a852-4b39-be7d-5731cbe396b8,0,0,0,38,,,broken,connection failed,2026-06-29T12:04:43+00:00
ea646bc0-0dda-4813-9256-3b26e80c6d46,200,1,1,311,,Store Locator | Abercrombie.com,good,,2026-06-29T12:04:43+00:00
89d6cc22-c283-44fc-97e8-e9488412e8b9,200,0,0,329,,,weak,,2026-06-29T12:04:43+00:00
b72e0372-c2d9-4af1-bfa5-14e9d809504b,200,1,1,166,,"Lands' End: Quality Clothing, Swimwear, Outerwear and Footwear",good,,2026-06-29T12:04:43+00:00
ad66483c-0c7f-4cdb-9999-e7b4b44ad886,0,0,0,83,,,broken,connection failed,2026-06-29T12:04:43+00:00
7b93ee7e-dae0-4c34-ba12-25f8fadf37da,200,1,1,75,Squarespace,YARROW GOODS,good,,2026-06-29T12:04:43+00:00
eb585838-2282-47a4-b16d-d8c2b928d5f1,200,1,1,5202,WordPress,Front Page - Lingonberry Farm,weak,,2026-06-29T12:04:43+00:00
ea729a46-8b9e-45b6-8d7e-aefd912ae0df,404,1,0,187,Squarespace,Squarespace - Website Expired,broken,,2026-06-29T12:04:43+00:00
de6d76df-e15b-4929-a2df-0e8ae7c440bf,200,1,1,238,WordPress,"Perch + Plow: Santa Rosa’s Premier Restaurant, Bar and Nightclub",good,,2026-06-29T12:04:43+00:00
ee0ee712-97e4-4d0e-9789-859531c2499e,404,1,0,155,Squarespace,Squarespace - Website Expired,broken,,2026-06-29T12:04:43+00:00
eb5518af-706b-472a-9a83-c3b9c0003ec8,200,1,1,364,Squarespace,LO &amp; BEHOLD,good,,2026-06-29T12:04:43+00:00
89a561cd-194c-4181-be54-432c00aa7c93,0,0,0,27,,,broken,connection failed,2026-06-29T12:04:43+00:00
73daab73-7994-489e-a905-c18c4742fd92,0,0,0,208,,,broken,"ssl: HTTPSConnectionPool(host='locations.badasscoffee.com', port=443): Max retries exceeded with url: /ca",2026-06-29T12:04:43+00:00
660fe41d-202b-4e48-a862-0444cb4a9762,200,1,0,180,,,weak,,2026-06-29T12:04:43+00:00
305b9c79-6b1d-48f7-86d4-7bc3d1695849,200,1,1,198,Shopify,Peet&#39;s Coffee | The Original Craft Coffee Since 1966,good,,2026-06-29T12:04:43+00:00
20e0616d-733f-4f8c-8323-8f84762a1b57,200,1,1,228,Shopify,Peet&#39;s Coffee | The Original Craft Coffee Since 1966,good,,2026-06-29T12:04:43+00:00
64815b9b-5664-435e-8f5f-d742c7261083,200,1,1,329,WordPress,Ghilotti Construction Company,good,,2026-06-29T12:04:44+00:00
2b323180-fcc1-4c75-876c-53b66e1eb71a,404,1,1,341,GoDaddy,Innovative Remodel,broken,,2026-06-29T12:04:44+00:00
c33a40a4-f8d5-4da1-94f9-696d81f2b80c,0,0,0,15161,,,broken,connection failed,2026-06-29T12:04:44+00:00
d0a06359-fa1b-4d4b-88ec-8b05f88780dd,0,0,0,83,,,broken,connection failed,2026-06-29T12:04:44+00:00
bde96ce0-f3f9-4416-9b45-396ba00ee636,200,1,1,2093,WordPress,8 Daftar Game Slot Gacor Online Terbesar &amp; Terpercaya - jennielow.com,good,,2026-06-29T12:04:44+00:00
b16e77c4-180f-423d-81f3-4d5287ed9750,200,1,1,743,Shopify,Sunshine Organic Coffee Roasters Forestville California,good,,2026-06-29T12:04:44+00:00
b2ca502d-85d5-4c2d-aa26-5ee1e16bd9fe,200,1,1,311,,"Septic Services | Santa Rosa, CA | Quality Septic Service",good,,2026-06-29T12:04:44+00:00
018a18c9-17f9-4a0b-bf44-3292ac45831a,200,1,1,318,Shopify,Leonor Greyl | French Beauty | Luxury Natural Hair Products &ndash; Leonor Greyl USA,good,,2026-06-29T12:04:44+00:00
41cf13a5-594e-494c-b6e6-f3a959f12a0a,200,1,1,149,WordPress,"Best Cosmetic Dentist Santa Rosa | Andrea E. Jordan, DDS, FACP",good,,2026-06-29T12:04:44+00:00
b1b12924-8781-4893-a222-823c6fe36181,0,0,0,115,,,broken,connection failed,2026-06-29T12:04:44+00:00
dee22513-556a-4ffe-ac12-90284d0831d7,200,1,1,705,WordPress,"Senior Home Safety Modifications - Grab Bars, Railings, Wheelchair Ramps &amp; Lifts",good,,2026-06-29T12:04:44+00:00
0dca80af-1ac5-43e4-b26c-d90f71cc0cb2,200,0,0,447,,,weak,,2026-06-29T12:04:44+00:00
d4e3b21f-c3df-44d2-8d78-eb836030bc91,200,1,1,684,Shopify,crickettools,good,,2026-06-29T12:04:44+00:00
982f2a02-1d37-431c-a3e3-f38d9ad64eef,200,1,0,228,,"Happy Smiles Dental Practice in Lake County, California",weak,,2026-06-29T12:04:45+00:00
01e5364c-5990-4706-b2ca-56fd8577d903,200,1,1,533,WordPress,"Dentist in Rohnert Park, CA | Blue Apple Dental Group",good,,2026-06-29T12:04:45+00:00
bd880a34-4134-4881-9c25-aad9f79f2153,200,0,1,707,,"Santa Rosa, CA Dentist",weak,,2026-06-29T12:04:45+00:00
44ad8377-d2e6-419e-8c70-27034fe00f55,200,1,1,883,,"Rohnert Park Dentist | Robert Y Chiang, DDS, Inc. | 94928",good,,2026-06-29T12:04:45+00:00
c0c79ce4-57d2-4345-b915-2f13b5e56b41,200,1,1,695,Drupal,"Mail Center | Sebastopol, CA | 95472-2808 | AIM Mail Center",good,,2026-06-29T12:04:45+00:00
be9dbb5c-2df0-4886-bf19-a5fcea7c3c55,200,1,1,545,,UPS Authorized Shipping Provider in SEA RANCH BUILDING SUPPLY at 35550 VERDANT VW,good,,2026-06-29T12:04:46+00:00
566ef7ca-9cc4-4336-81a2-a83cca7b4289,200,1,1,268,,UPS Authorized Shipping Provider in OCCIDENTAL HARDWARE at 3799 BOHEMIAN HWY,good,,2026-06-29T12:04:46+00:00
07538d49-6541-4366-8a89-d9dab9faad38,200,1,1,175,,UPS Authorized Shipping Provider in OCCIDENTAL HARDWARE at 3799 BOHEMIAN HWY,good,,2026-06-29T12:04:46+00:00
5d9ce6a2-6c0b-4d11-b0b3-745ee1f28486,0,0,0,21,,,broken,connection failed,2026-06-29T12:04:46+00:00
5efba513-5fc6-4a62-b934-b5c4b0e8afe0,0,0,0,119,,,broken,connection failed,2026-06-29T12:04:46+00:00
5de2a28d-8ca1-472d-acd7-bca5dd79a82f,200,1,1,178,WordPress,"SOMO – Coworking &amp; Office Space in Rohnert Park, Sonoma County",good,,2026-06-29T12:04:46+00:00
6e2c313d-4ac7-415f-a004-cb6da8738b77,200,1,1,359,,"UPS Locations in SANTA ROSA, CA",good,,2026-06-29T12:04:46+00:00
9ceb796c-497a-4c87-abee-a9e8e36d11b4,200,1,1,376,,"UPS Locations in SANTA ROSA, CA",good,,2026-06-29T12:04:46+00:00
553ceab2-7299-417d-a2ab-a344c7eb835b,429,1,0,104,,,broken,,2026-06-29T12:04:46+00:00
4916cb6e-607a-4476-9857-b55a944284d0,404,1,0,203,,Hyatt Hotels and Resorts,broken,,2026-06-29T12:04:46+00:00
e4a04128-9815-414f-8976-978953d2bf28,0,0,0,46,,,broken,connection failed,2026-06-29T12:04:46+00:00
9f9e4ffc-e24b-4f14-9609-53bf866f6b68,200,1,1,231,,Napa Valley Hotels | Indian Springs Calistoga | Official Site,good,,2026-06-29T12:04:46+00:00
78af9a9a-ae0f-4599-91ef-127b133c7aca,200,1,1,4190,WordPress,"Chiropractor in Santa Rosa, CA | Mordecai Dumbadse Chiropractic",weak,,2026-06-29T12:04:46+00:00
1b639377-6026-47c0-9405-fcd5f93b1ce8,404,0,0,140,Squarespace,Squarespace - Domain Not Claimed,broken,,2026-06-29T12:04:46+00:00
7cb2577e-4077-4f56-a0dd-f7261ef60054,200,1,1,164,WordPress,Trusted Dentist Healdsburg CA | Munselle Family Dentistry | Cosmetic Dentistry | Female Dentist,good,,2026-06-29T12:04:46+00:00
c3f37f9f-47c1-4dc7-8849-8e7d20586b01,200,0,0,81,,,weak,,2026-06-29T12:04:46+00:00
9e23123b-a1b8-4017-bbbd-61a09a9cbafb,200,1,1,416,Shopify,Skincare Products For Beautiful Skin | Skin Script &amp; Osmosis &ndash; Natural Beauty Spa,good,,2026-06-29T12:04:46+00:00
ac433c83-eda3-46cc-a392-ebe4af3b961f,200,0,0,72,,,weak,,2026-06-29T12:04:46+00:00
71f8f884-361f-4af1-b896-27f8219a9575,200,0,1,407,GoDaddy,Emergency Dental Service | Professional & Fast | Call (888) 643-0461,weak,,2026-06-29T12:04:47+00:00
df4c3ab5-1b63-4c72-9c82-e2a05852ebcf,0,0,0,84,,,broken,connection failed,2026-06-29T12:04:47+00:00
d0b28619-e3ec-4958-9f1a-9ef9948f9909,200,1,1,532,WordPress,NorthBay Modern Dentistry &#8211; We will treat you like family!,good,,2026-06-29T12:04:47+00:00
87d78155-654c-465f-ae84-b85f075ee659,200,1,1,710,,Rohnert Park Dentist | Dr. Christopher Murolo | Rohnert Park General Dentistry,good,,2026-06-29T12:04:47+00:00
3fa8f4ed-ecd7-489d-870d-2f1873b71da3,500,0,0,87,,Fastly error: unknown domain www.sonomavalley.patch.com,broken,,2026-06-29T12:04:47+00:00
6f664985-57c6-46c6-974a-a04bf2c56e45,0,0,0,30285,,,broken,connection failed,2026-06-29T12:04:47+00:00
ed84bbe8-09ad-4069-97bd-3f531b33a483,200,1,1,342,,"California Divorce Attorneys | Blevans, Itzkowitz & Cantrell, LLP",good,,2026-06-29T12:04:47+00:00
51d23c49-edb6-45ac-ab24-44ac87d24e88,200,0,1,4271,,乐鱼官方入口官方版-乐鱼官方入口2026最新版v1.1.1.1 安卓版 安卓网,weak,,2026-06-29T12:04:47+00:00
da361989-ed37-4b39-b436-b581a8335bd2,200,1,1,409,WordPress,"Santa Rosa, California, Family Law attorney | Challoner Law",good,,2026-06-29T12:04:48+00:00
5e1818db-4729-4034-b981-eb3f56773458,200,1,1,166,WordPress,"Santa Rosa, California, Family Law attorney | Challoner Law",good,,2026-06-29T12:04:48+00:00
d9499a77-7951-451b-913b-c04c2518219f,200,1,1,779,WordPress,Santa Rosa Paralegal Services - A+ Legal Document Assistants,good,,2026-06-29T12:04:48+00:00
708c29f7-e87b-4593-82e0-437fa7158285,200,1,1,842,,Hubbs Disability Law,good,,2026-06-29T12:04:48+00:00
4c73690b-066a-44d3-95aa-2745e7b64a7e,200,1,1,445,WordPress,"Santa Rosa, California, Family Law attorney | Challoner Law",good,,2026-06-29T12:04:48+00:00
34abdea9-2ca0-4c3c-b57e-fa8ea8130694,200,0,0,364,,"Santa Rosa attorney, Sonoma Law offices of Robin Estes",weak,,2026-06-29T12:04:48+00:00
298abfea-8da8-4fa9-96b1-740b7cc0d7e0,200,1,0,409,,,weak,,2026-06-29T12:04:48+00:00
9a050ec5-ee64-42d6-8dc0-bc50d0fb7b6b,200,1,1,294,GoDaddy,Professional DJ Service | The Jukebox DJs,good,,2026-06-29T12:04:48+00:00
bee6485c-c175-409c-91c7-36a0bdeb3e49,0,0,0,66,,,broken,connection failed,2026-06-29T12:04:48+00:00
f1daaea0-1db2-4845-8661-1bf84077b889,200,1,1,1816,WordPress,Solano Dermatology Associates &#8211; A Medical Corporation Established 1949,good,,2026-06-29T12:04:48+00:00
63c2c91c-16dc-4d5d-a80d-12f8407cc39c,200,1,1,659,WordPress,DJ Wayne. Music Director. Audio Wizard. | DJ Wayne Noel | San Francisco Bay Area,good,,2026-06-29T12:04:48+00:00
fe21f159-9a80-41df-bcd0-171bafa8d8a8,200,1,1,614,,Home | Discover The Forest,good,,2026-06-29T12:04:49+00:00
c2a7c15a-cfe5-43a1-ae81-c2725fa20070,200,1,1,148,,,good,,2026-06-29T12:04:49+00:00
35042ca6-1adb-4bac-9a76-8431050edd6e,200,1,1,328,,TIP TOP CLEANERS &amp; ALTERATIONS,good,,2026-06-29T12:04:49+00:00
9d8e4670-53bb-40e5-bfdb-d34a8ce645e3,200,1,1,322,,Sonoma County Electrician | Absolute Electrical Services | 25+ Years Experience,good,,2026-06-29T12:04:49+00:00
f29aa368-0794-4a93-add7-900789d52f80,200,1,1,1035,,Maxwell Village Cleaners,good,,2026-06-29T12:04:49+00:00
39af5122-3edb-453a-9195-4c310006920d,200,1,1,517,,Lunardi Electric,good,,2026-06-29T12:04:49+00:00
f1829d56-2bfb-4934-bf28-9dd9a1afae3c,200,1,1,1431,GoDaddy,Muir &amp; Associates,good,,2026-06-29T12:04:49+00:00
612c185b-b09c-481a-8062-fcc96f4a74d3,200,1,1,1054,Wix,"Dry Cleaners | Thompson Cleaners | Santa Rosa, CA",good,,2026-06-29T12:04:49+00:00
8e206701-b38b-43f1-a1bf-263223fe55ae,200,1,1,198,Wix,Home | Mehls Electric Inc,good,,2026-06-29T12:04:49+00:00
534aabaa-3088-4068-9e3c-3548b3aba054,0,0,0,93,,,broken,connection failed,2026-06-29T12:04:49+00:00
727860c9-c0f1-4b70-aaf3-58b36c15c5e3,200,1,1,214,GoDaddy,Electrician Sonoma &amp; Marin County | Wendt Electric,good,,2026-06-29T12:04:49+00:00
84660520-6aec-4bb6-a36f-238833045bec,200,1,1,525,,Lunardi Electric,good,,2026-06-29T12:04:49+00:00
1e4283fd-fdf9-437a-91a4-69a6cb81c364,202,1,0,223,,,weak,,2026-06-29T12:04:50+00:00
f6c53987-4085-4b7b-a8d3-ee36c0119879,200,1,1,216,Wix,Employment Lawyer | Santa Rosa | The Law Office of Joseph Gruchawka,good,,2026-06-29T12:04:50+00:00
68cde8e8-0ca6-40bf-8a87-624698f16fc6,200,1,1,150,Wix,"Skin Care by Sharlyn Dado, Holistic Facial Therapies",good,,2026-06-29T12:04:50+00:00
d34d44ec-09a6-4202-8958-e95c453b8b63,200,1,1,554,WordPress,Workers Compensation Lawyers in Santa Rosa | Marc Francis,good,,2026-06-29T12:04:50+00:00
e8609ec5-f74c-44cf-acc2-a722874d45e7,200,1,1,206,Wix,"Luxury Eyelash Extension Boutique | Lash Co, Santa Rosa, CA",good,,2026-06-29T12:04:50+00:00
24b3e3bc-eb00-4aa6-80c6-540e99b57739,200,1,1,738,,"Outdoor Lighting Services in San Rafael, CA | Outdoor Lighting Perspectives®",good,,2026-06-29T12:04:50+00:00
bed012d0-f96c-41ce-86b1-7c4781e91e26,0,0,0,91,,,broken,connection failed,2026-06-29T12:04:50+00:00
4970d325-aec4-4f58-ad76-c7bdf9480708,0,0,0,36,,,broken,connection failed,2026-06-29T12:04:50+00:00
34d542e6-5f85-4633-9ce4-0cf2cd7ccf0d,404,1,0,544,,404 - Page not found,broken,,2026-06-29T12:04:50+00:00
19a8e76b-872e-47c3-bec3-b424978ca2d7,200,1,1,524,,North Bay Football & Lacrosse | Stellar Performance,good,,2026-06-29T12:04:50+00:00
d6c2999f-e222-4cb9-8267-631f72fb0555,202,1,0,402,,,weak,,2026-06-29T12:04:51+00:00
18193f6e-19f7-449e-90a6-865ce14cd569,200,1,1,681,Shopify,Premium Antique &amp; Reclaimed French Oak Flooring | Salvage Europe,good,,2026-06-29T12:04:51+00:00
89cfad26-d1d4-4832-98a4-216498191b76,200,1,1,1353,WordPress,Law Office R. James Fisher,good,,2026-06-29T12:04:51+00:00
b0242efa-1709-461f-8d69-7e18fc6d949b,200,1,1,141,Squarespace,Plant Boutique and Succulent Workshops Petaluma,good,,2026-06-29T12:04:51+00:00
b5dc816b-78d9-49d6-93b1-cc32e0a41104,200,1,1,2347,,Platt Petaluma CA - Wholesale Electrical Supply Distributor | Platt Electric Supply Branch-144,good,,2026-06-29T12:04:51+00:00
626d21ab-3e90-4577-9b8a-97dc16c08d41,200,1,1,495,,Novato Florist - Flower Delivery by Morning Glory,good,,2026-06-29T12:04:51+00:00
0adbabc0-bf78-4784-b24d-6b33b296653d,0,0,0,36,,,broken,connection failed,2026-06-29T12:04:51+00:00
3a71d72f-e7d3-4a44-b6d9-5f4111812bf1,0,0,0,81,,,broken,connection failed,2026-06-29T12:04:51+00:00
f8f48ec5-3a58-4a3e-b114-6001c3fdc2c3,200,1,1,1246,WordPress,Restaurant &#8211; pieology.com,good,,2026-06-29T12:04:51+00:00
8bc3a0c9-5384-4e8d-ae5b-a63f2d83c9c1,200,1,1,237,Wix,Sonoma Wine Tours | Private &amp; Group Tastings | Sonoma Wine Rides,good,,2026-06-29T12:04:51+00:00
9b2613e1-fa76-46d1-8b30-a21650726d97,403,1,0,382,,403 Forbidden,broken,,2026-06-29T12:04:51+00:00
2842c86e-fcfd-4520-b01c-d5feffed7159,0,0,0,93,,,broken,connection failed,2026-06-29T12:04:51+00:00
deab0383-63fa-4aa2-a647-4161be369ed7,403,1,0,520,,403 Forbidden,broken,,2026-06-29T12:04:51+00:00
f5e1c524-42a3-4f2c-b41f-b933c9b7c553,200,1,1,388,Wix,"Point West Flower Market | Sonoma County Flower Market | 150 Professional Center Drive suite B, Rohnert Park, CA, USA",good,,2026-06-29T12:04:51+00:00
679c4cd6-13ee-44e0-8ada-3e74434b2e58,403,1,1,97,,Just a moment...,broken,,2026-06-29T12:04:51+00:00
a3209f97-5005-4e77-966a-5c9064064099,200,1,1,251,WordPress,Buddy V&#039;s Cake Slice - Baked. Sliced. Delivered,good,,2026-06-29T12:04:51+00:00
7f9245c6-35fe-456a-a8de-96c90f62ec62,200,0,0,120,,,weak,,2026-06-29T12:04:51+00:00
fb2f2254-ba81-4bd3-9f00-32eefe7460d0,200,1,1,205,Shopify,"Reclaimed Wood Furniture, Decor, &amp; Lighting | Sonoma Restorations",good,,2026-06-29T12:04:52+00:00
cd71f2c4-33ef-4b48-871b-0a538a326aa6,0,0,0,10027,,,broken,connection failed,2026-06-29T12:04:52+00:00
e0a09b12-a29e-4653-9ece-f29752511717,200,1,1,7193,WordPress,Dentist Near you | Trusted Dentist in Sonoma | Synergy Dental Group,weak,,2026-06-29T12:04:52+00:00
abca7a96-cc22-408a-8365-624255acac4b,500,1,1,356,WordPress,Requirements Not Met,broken,,2026-06-29T12:04:52+00:00
57ace19d-c1e3-4874-9dda-69bd5a79f8e2,403,1,1,776,,Just a moment...,broken,,2026-06-29T12:04:52+00:00
1b6b6f63-fff8-4bd3-9c0c-3a805f23272e,0,0,0,86,,,broken,connection failed,2026-06-29T12:04:52+00:00
9bd13a72-6191-4b06-bea9-0f358f40c8e6,200,1,1,342,,🦷 Top-Rated Dentists in California | Find a Gentle Dental Near You,good,,2026-06-29T12:04:52+00:00
fc518644-2d72-46da-9007-2b31c6621395,200,1,1,1000,,Front | Сhandon,good,,2026-06-29T12:04:52+00:00
5a301285-400c-49e0-ad1a-337f99fe175a,200,1,1,637,,"Affordable Dentures &amp; Implants in Santa Rosa, CA",good,,2026-06-29T12:04:52+00:00
3881adba-abca-49fc-bfe1-fba6ffd047aa,200,1,1,1114,,Home Remodeling Showroom | ProSource&#174; of Santa Rosa,good,,2026-06-29T12:04:52+00:00
3648b0f6-3827-47cc-ad92-395102284d04,200,1,0,344,,GroovePages,weak,,2026-06-29T12:04:52+00:00
a66b0e14-d758-4fbc-834a-ac5512b7c98a,200,1,1,555,,"Novato, CA Dentist | Myron Donesky, DDS., Inc. | General Dentistry in Novato",good,,2026-06-29T12:04:53+00:00
43fbfdd1-83b7-43f1-bee6-5a58c0f4b935,200,1,1,312,,Hickory Farms: Gift Baskets & Specialty Gourmet Food Gifts,good,,2026-06-29T12:04:53+00:00
8aba1e2a-551d-499f-94e7-089556cb2b0d,200,1,1,134,,Hickory Farms: Gift Baskets & Specialty Gourmet Food Gifts,good,,2026-06-29T12:04:53+00:00
b2ce50bd-8bbc-453f-b70f-ba64d710eb25,200,1,1,842,,"🦷 Best Dentist in Santa Rosa, CA | Family and Cosmetic Dentistry",good,,2026-06-29T12:04:53+00:00
a2243e86-2aad-4424-a31a-f3d21c17c70e,0,0,0,15123,,,broken,connection failed,2026-06-29T12:04:53+00:00
f032c428-9f75-44aa-92fc-b91c1ef1804c,200,1,1,311,,Kenwood Press,good,,2026-06-29T12:04:53+00:00
7c3954df-e0ac-4faa-80a2-bb894f7de5fd,200,0,0,76,,,weak,,2026-06-29T12:04:53+00:00
5598544b-0bbf-4c87-b053-326458eab6fa,0,0,0,34,,,broken,connection failed,2026-06-29T12:04:53+00:00
277efa32-7216-4269-9b88-0a4fd13bab9e,200,1,1,914,,Frizelle Enos Pet Food Supply Store Penngrove CA - Shop Now!,good,,2026-06-29T12:04:53+00:00
58b97967-b4b2-4207-a571-64517352b42d,200,1,1,823,Webflow,Gary's Wine & Marketplace,good,,2026-06-29T12:04:53+00:00
39b3aa36-2397-4291-bc55-102c580003c0,0,0,0,15235,,,broken,connection failed,2026-06-29T12:04:53+00:00
5cf7216b-49a9-4b0b-9b1e-fa58fcfbeddb,200,1,1,557,WordPress,Spice Islands Marketplace - CIA Foodies,good,,2026-06-29T12:04:53+00:00
82eb87b4-fe23-48d6-90de-020b12ea7c03,200,1,1,325,WordPress,Find a Studio | F45 Training,good,,2026-06-29T12:04:54+00:00
afc71516-2fb1-4367-9aa9-82b84e80182c,200,0,1,174,Squarespace,Ava Lane Hairdressing,weak,,2026-06-29T12:04:54+00:00
24ada769-0596-45c3-9481-6513c3c1cba6,200,1,1,700,Shopify,World Treasure Trading &ndash; worldtreasuretrading,good,,2026-06-29T12:04:54+00:00
d31a7c24-6340-464b-97c2-1fb752595c4e,200,1,1,399,,YMCA of the USA - A Leading Nonprofit Organization,good,,2026-06-29T12:04:54+00:00
f64618f9-398f-40c1-b78d-a145e630ba41,0,0,0,120,,,broken,connection failed,2026-06-29T12:04:54+00:00
952318f5-60f3-46b8-aaab-ac444b896eae,0,0,0,19,,,broken,connection failed,2026-06-29T12:04:54+00:00
e18f5c8a-aba1-4859-97e8-38f1d1e37c03,200,1,1,337,,Webs.com has been shut down: Find out more,good,,2026-06-29T12:04:54+00:00
4bf86d21-1ff5-44db-b41e-12d2eec151c6,200,0,0,50,,,weak,,2026-06-29T12:04:54+00:00
9644e9e1-995b-4f08-838f-462ec09233f2,200,0,0,122,,Hair 101,weak,,2026-06-29T12:04:54+00:00
9ad9ccd2-41de-4f43-a2bc-ebee81acf849,202,0,0,846,,,weak,,2026-06-29T12:04:54+00:00
16a1d813-baf0-4c37-a439-c3bc0065c846,200,0,1,166,,Maxwell Nails Salon Sonoma,weak,,2026-06-29T12:04:54+00:00
400c02d6-4e6d-4d31-bca7-eeea5d5094c1,0,0,0,23,,,broken,connection failed,2026-06-29T12:04:54+00:00
9e5d38ed-e5a5-43de-949a-113eaf959b78,0,0,0,187,,,broken,connection failed,2026-06-29T12:04:54+00:00
b0547ef1-2410-4f55-84e3-f550ee76a701,200,1,1,202,,Sola Salon Studios | Build The Beauty Business Of Your Dreams,good,,2026-06-29T12:04:54+00:00
05d8f69a-6c6a-445b-abd6-6834b7de9607,0,0,0,10016,,,broken,connection failed,2026-06-29T12:04:54+00:00
cc86271f-bea3-45d7-a903-b58b24425671,200,1,1,243,Squarespace,Sparrow Hair Co.,good,,2026-06-29T12:04:54+00:00
4db3dc7d-80a0-42f4-bc58-ce4e9dd93386,200,1,1,355,Squarespace,Refined Haircraft,good,,2026-06-29T12:04:54+00:00
9de641f8-b525-4ebc-8516-308181c74ac8,200,1,1,1259,,City Sports Club | PETALUMA Gym | 477 N. MCDOWELL BLVD,good,,2026-06-29T12:04:54+00:00
e4a494eb-34b8-4ce6-84f3-a15f10898c48,0,0,0,34,,,broken,connection failed,2026-06-29T12:04:55+00:00
bea10b86-eff2-463d-9d0c-d7f15cbd83b7,200,1,1,247,WordPress,lionth คาสิโนออนไลน์ ค่ายครบวงจร อันดับ 1 เว็บตรงมาตรฐานสากล,good,,2026-06-29T12:04:55+00:00
6e1781bd-7b74-4ae3-beff-ae506764a56d,200,0,0,278,,Redirecting...,weak,,2026-06-29T12:04:55+00:00
8526625a-fe46-4b6f-a35a-5c0cb7b84ac3,200,1,1,454,WordPress,Best Hair Salon Santa Rosa | Leading Edge Salon,good,,2026-06-29T12:04:55+00:00
9b5eeb7e-f25b-4526-8eea-8ed0ad439905,200,1,1,2671,WordPress,Silver Deer Crystal | Embellished with the world's finest® Crystal,good,,2026-06-29T12:04:55+00:00
146917ed-51d9-4bc9-a138-665d3c79395f,403,1,0,224,,Access Denied,broken,,2026-06-29T12:04:55+00:00
f9eb98f3-fa7c-42d9-af35-1475693cbcff,404,1,1,428,,Page not found | Merry Maids,broken,,2026-06-29T12:04:55+00:00
76bd8e70-5239-41b1-b3d5-98764b195621,403,1,1,126,,Hilton Page Reference Code,broken,,2026-06-29T12:04:55+00:00
88e1ea27-ed59-45ea-85f7-f48318812de2,0,0,0,15128,,,broken,connection failed,2026-06-29T12:04:55+00:00
50c732f5-08f1-4b6b-8bd4-476376753f90,404,1,0,394,,,broken,,2026-06-29T12:04:55+00:00
3e0988a9-f0b6-4a8a-8605-68a0e073237b,403,1,1,144,,Just a moment...,broken,,2026-06-29T12:04:55+00:00
939ff490-a04e-4d46-9326-9e5483602e1c,200,1,1,136,WordPress,"Professional HVAC &amp; Plumbing Services in Santa Rosa, CA",good,,2026-06-29T12:04:55+00:00
b5684bb3-724c-4375-ae20-cbdbb2456c7f,200,1,1,163,Wix,Buckley Heating &amp; Air Conditioning,good,,2026-06-29T12:04:55+00:00
93d4398e-c50a-4b92-828d-caa3984cacd8,403,1,1,258,,Hilton Page Reference Code,broken,,2026-06-29T12:04:55+00:00
576705cc-aa67-419c-9b9c-a4243db40d03,200,1,1,1552,,The Blossom Salon | Scheduling and Booking Website,good,,2026-06-29T12:04:55+00:00
493ccd1a-c659-4b25-815d-1317b1627ec6,0,0,0,17,,,broken,connection failed,2026-06-29T12:04:55+00:00
9e8d0fd7-e122-4171-82be-ab36d4610af7,200,1,1,749,WordPress,"Bridal Makeup Artist Salon, Eyebrow Waxing, Blowout, Blowdry, Hair Stylist &amp; Coloring Service Petaluma &amp; Greenbrae CA | The Style Bar",good,,2026-06-29T12:04:55+00:00
2e8bfbe3-9054-45d3-8495-202e0889a4cc,403,1,1,157,,Just a moment...,broken,,2026-06-29T12:04:55+00:00
eb112950-c61e-4dfc-bf7f-05181648a13c,404,1,0,262,,SITE NOT FOUND,broken,,2026-06-29T12:04:55+00:00
9126c827-f9f2-4a36-8334-d7ecf03a977c,200,1,1,79,WordPress,CakhiaTV | Trá»±c Tiáº¿p BÃ³ng ÄÃ¡ HD - Link CÃ Khá»a TV #1 HÃ´m Nay,good,,2026-06-29T12:04:55+00:00
09e8080b-5554-41f1-add1-c88353ef14e5,200,1,1,136,Squarespace,"Sunnyside Cafe, Bandon OR",good,,2026-06-29T12:04:56+00:00
c6ff873f-842e-439d-99bc-ec380182d876,200,1,1,738,WordPress,AMCA Certified Airflow Monitoring Systems - Air Monitor,good,,2026-06-29T12:04:56+00:00
a024107a-d9db-4ffd-afdd-dcd8d4bc3222,200,0,0,295,,Semolina Restaurant in Petaluma,weak,,2026-06-29T12:04:56+00:00
13da8808-fe8b-4751-9444-dc6edd6d70c8,200,1,1,623,,RatuGacor88 Link Permainan Online Eksklusif Favorit Anak Muda,good,,2026-06-29T12:04:56+00:00
2612dcad-6059-4751-943b-5713af4c1505,200,0,0,272,,:::: -This Site is Under Construction- ::::,weak,,2026-06-29T12:04:56+00:00
f9704e11-81c0-499e-b6da-a2f06421bd12,200,1,1,247,,"Kay | Wedding, Engagement &amp; Fashion Jewelry",good,,2026-06-29T12:04:56+00:00
67b0d7cb-66ef-4429-af49-9324287ecfa1,200,1,1,2504,WordPress,"Cheveux Salon of Sonoma — Hair, Nails, Brow Bar, Special Occasion styling",good,,2026-06-29T12:04:56+00:00
c7abb76b-f45a-4b6c-919b-dd8b2dd7b362,202,0,0,326,,,weak,,2026-06-29T12:04:56+00:00
c4b17232-02b3-4f4d-b797-36f15ecd570c,200,1,1,475,WordPress,Home - Eikos Kitchen and Bath Design,good,,2026-06-29T12:04:56+00:00
b4f62356-1093-4f9e-8b9b-d7121e213c22,200,1,1,1399,,"Rohnert Park, CA 94928-8020 | Ferguson HVAC Supply Store",good,,2026-06-29T12:04:57+00:00
38abff8d-48ef-4e8f-abbc-5df38ea99413,200,1,1,863,,"Mark Allen Jewelers - Santa Rosa's Home for Fine Jewelry, Diamonds & Engagement Rings",good,,2026-06-29T12:04:57+00:00
173af77e-2b6d-4cea-b4d2-0f4746d5bfdd,0,0,0,15,,,broken,connection failed,2026-06-29T12:04:57+00:00
cbf06a88-b51c-4454-be0a-716d03aceba0,0,0,0,118,,,broken,connection failed,2026-06-29T12:04:57+00:00
93ff8922-3962-4789-8a77-80c9cb74f895,200,1,1,933,Shopify,Mark Ehrmann Jewelry &ndash; markehrmann,good,,2026-06-29T12:04:57+00:00
8314c336-46f8-4f3f-9be9-d47f29b1367c,200,1,1,2184,Drupal,Modern Zen | Vacation Rental,good,,2026-06-29T12:04:57+00:00
6e611f4c-ac3f-4a2f-b9c6-97b8e6b937b7,0,0,0,15,,,broken,connection failed,2026-06-29T12:04:57+00:00
35e19fa8-286d-4f19-b9f6-9b94fe560226,200,1,1,210,,"AKS Affinity Kickboxing &amp; BJJ | MMA Gym in Rohnert Park, CA",good,,2026-06-29T12:04:57+00:00
b11b8a92-3753-4a24-9e43-4ade695de1f5,200,1,1,704,WordPress,Sustainable Sonoma County Landscapers | Inspired Landscapes,good,,2026-06-29T12:04:57+00:00
46453806-a4f3-4688-8b23-c04534e713f7,200,1,1,1213,,"Santa Rosa Beach, FL Commercial Landscape Services | BrightView",good,,2026-06-29T12:04:57+00:00
fdea6780-5978-4be7-a600-16d05e94ec98,200,1,1,1230,,"Santa Rosa Beach, FL Commercial Landscape Services | BrightView",good,,2026-06-29T12:04:57+00:00
db532a88-a420-40b7-9e6b-6f3af8ff34ba,404,0,1,177,,404 - Page Not Found,broken,,2026-06-29T12:04:58+00:00
9b4bcfb9-0680-4ecc-a039-2e1398dd8dc9,0,0,0,41,,,broken,connection failed,2026-06-29T12:04:58+00:00
2d638799-3032-4283-b5c5-a7ce53b59121,200,1,1,298,WordPress,"Asphalt Contractor Santa Rosa, CA - Gateway Paving",good,,2026-06-29T12:04:58+00:00
8b6a5426-32a8-410f-bf3e-97b58ce0ced3,456,0,0,222,,,broken,,2026-06-29T12:04:58+00:00
5758196c-c64f-4b6a-b25d-f604ad26fe57,200,0,1,612,WordPress,"Jin Shin Jyutsu - Jane Pritchard, Santa Rosa, California",weak,,2026-06-29T12:04:58+00:00
ea43caaf-4d3e-402a-b374-d4a36e1b2e1b,200,1,1,197,Wix,Mobile Massage Therapists Napa Sonoma | Sonoma Bodyworks ~ Massage Therapy,good,,2026-06-29T12:04:58+00:00
ec78e245-a44a-4409-9417-2df753025e10,200,1,1,368,Wix,Mobile Massage Therapists Napa Sonoma | Sonoma Bodyworks ~ Massage Therapy,good,,2026-06-29T12:04:58+00:00
3c9576d4-71a4-4077-b37b-68751c735fa2,0,0,0,245,,,broken,"ssl: HTTPSConnectionPool(host='www.jlrelaxcenter.com', port=443): Max retries exceeded with url: / (Cause",2026-06-29T12:04:59+00:00
11608aba-1a42-466c-a5aa-cca1483ce026,200,1,1,234,,"Massage Therapy Experts | Petaluma, CA | W.H.I.S.P. Massage",good,,2026-06-29T12:04:59+00:00
de850e6c-27b3-494a-be0b-bd3f8aef1442,200,0,1,1277,WordPress,Massage For Athletes &#8211; Sports &amp; Medical Massage,weak,,2026-06-29T12:04:59+00:00
234d0456-3bd5-46be-81a2-3b5925a4d097,200,1,1,238,Squarespace,Healdsburg Medspa | Windsor Medical Spa | Wildflower Aesthetics &amp; Wellness,good,,2026-06-29T12:04:59+00:00
91a6d472-2800-4169-88e7-1cd65fcfb0a9,200,1,1,1665,WordPress,Canyon Rock &#8212; Quality Aggregate &amp; Concrete Suppliers,good,,2026-06-29T12:04:59+00:00
fc361d6d-0a3b-496d-990d-aca042cd281d,200,1,1,594,,"Francisco Canales, M.D. Santa Rosa | Plastic Surgery Associates",good,,2026-06-29T12:04:59+00:00
8db658c2-261a-44ab-bed5-ae4f08ab648e,200,1,1,678,,"Heather Furnas, M.D. Santa Rosa | Plastic Surgery Associates",good,,2026-06-29T12:04:59+00:00
520f9aee-eb7c-4567-8300-b157e94ccec6,0,0,0,43,,,broken,connection failed,2026-06-29T12:04:59+00:00
85029ff2-252a-4816-bfb1-37ea9ebcef83,403,1,1,192,,Just a moment...,broken,,2026-06-29T12:05:00+00:00
ad227cc1-8e37-436e-bb1d-825df16c62b5,200,1,1,529,WordPress,"Plastic Surgery in Noblesville, IN | Zormeier Cosmetic Surgery",good,,2026-06-29T12:05:00+00:00
db78dc28-05d3-4a73-871e-b3c0ab8994d3,200,1,0,3131,WordPress,"Landscape Designer| Garden, Sustainable, Permaculture, Sculptural S BIAGGI sculptural landscapes",weak,,2026-06-29T12:05:00+00:00
b05127d6-f65f-4e9d-bfad-01d8c544bfa0,200,1,1,362,WordPress,"Plaza Tequila - Authentic Mexican Food in Petaluma, CA",good,,2026-06-29T12:05:00+00:00
ae741e29-059e-442d-86e8-824a9c5b15ed,200,1,1,829,,"Carmen&#39;s Burger Bar is a Mexican Restaurant in Santa Rosa, CA 95403",good,,2026-06-29T12:05:00+00:00
0b8f196c-4091-4f27-9af1-858d3cd88a55,200,1,1,531,WordPress,MOLCAJETES &#8211; Bar &amp; Grill,good,,2026-06-29T12:05:00+00:00
f5ba6ee0-0d86-421b-a1e3-4564b464d2d6,0,0,0,91,,,broken,connection failed,2026-06-29T12:05:00+00:00
ecb63600-a3cb-4160-bb11-659a225eb384,200,1,1,181,Webflow,Sonoma Eats | Real Mexican Food,good,,2026-06-29T12:05:00+00:00
3b8add23-ae8a-4acd-99e7-fcd02e80f5ff,0,0,0,88,,,broken,connection failed,2026-06-29T12:05:00+00:00
015d03fd-bf23-4a07-9684-8e2e3500c844,403,0,1,140,,Just a moment...,broken,,2026-06-29T12:05:00+00:00
68b7e438-fcc0-45b4-943f-1ea3d2c53b27,200,1,1,3855,WordPress,Uncommon Gardens Landscape Design- Fire‑Safe &amp; Modern Landscapes in Napa Valley,good,,2026-06-29T12:05:00+00:00
71a32876-9179-4243-bb17-41dc7664cb04,200,1,1,224,GoDaddy,"Private Hard Money Lenders, Residential &amp; Commercial Hard Money Loan Lending &amp; Financing California - ARC Private Lending",good,,2026-06-29T12:05:00+00:00
02361978-d055-406c-95c9-db3712fdf7bf,200,1,1,341,GoDaddy,"Private Hard Money Lenders, Residential &amp; Commercial Hard Money Loan Lending &amp; Financing California - ARC Private Lending",good,,2026-06-29T12:05:00+00:00
8843a237-97f7-433d-ab02-15fe1fa863cd,0,0,0,92,,,broken,connection failed,2026-06-29T12:05:01+00:00
3d8ea384-3cc9-4220-97be-8ed04334fea2,200,1,1,516,,Santa Rosa Mortgage Broker | California Home Loans,good,,2026-06-29T12:05:01+00:00
3e7cd816-b9df-40c3-ae9c-5a5e992aba96,200,1,1,206,WordPress,Refinancing and Mortgage Options Online | Cardinal Financial,good,,2026-06-29T12:05:01+00:00
b9b92e7c-bc89-4971-a16c-c9826ea03892,200,1,1,189,WordPress,Refinancing and Mortgage Options Online | Cardinal Financial,good,,2026-06-29T12:05:01+00:00
15fd637e-916b-4fc1-9b08-068ac1d7e989,200,1,1,241,,Find a Home Lending Advisor Near You | Chase Mortgage,good,,2026-06-29T12:05:01+00:00
684753f1-3331-49da-9d06-a88ef4d90fd6,200,1,1,345,,Find a Home Lending Advisor Near You | Chase Mortgage,good,,2026-06-29T12:05:01+00:00
b83947a1-112d-41a7-a866-b4acd4e74c59,200,1,1,247,,Find a Home Lending Advisor Near You | Chase Mortgage,good,,2026-06-29T12:05:01+00:00
119ea07c-0658-4668-a084-e763204b7db4,200,1,1,1218,,Rancho Medrano,good,,2026-06-29T12:05:01+00:00
a6bbd956-6908-474b-b64e-6c5e4d55a5f7,200,1,1,616,WordPress,"Blayney White - Petaluma, CA Mortgage Loan Officer | CrossCountry Mortgage",good,,2026-06-29T12:05:01+00:00
ffef03df-b799-42b4-bdea-c9438b542550,200,1,1,77,WordPress,Refinancing and Mortgage Options Online | Cardinal Financial,good,,2026-06-29T12:05:01+00:00
e47045d3-63a3-4b84-b09c-833bda343756,0,0,0,10014,,,broken,connection failed,2026-06-29T12:05:01+00:00
01eed219-a88f-4a13-a682-c72674fe30ac,200,1,1,433,WordPress,"Blayney White - Petaluma, CA Mortgage Loan Officer | CrossCountry Mortgage",good,,2026-06-29T12:05:01+00:00
3524c389-7b62-46cd-a85d-7fd379afd2bf,200,1,1,912,,Home Loans: Get Started Today | Columbia Bank,good,,2026-06-29T12:05:02+00:00
8fe96b5e-bf73-4aaa-b247-e2a1806db5ec,200,1,1,904,WordPress,Find a Loan Officer | CrossCountry Mortgage,good,,2026-06-29T12:05:02+00:00
2a00ecb8-4a9b-420d-8656-56bce596fe1e,200,1,1,1167,WordPress,"Home - GTG Financial, Inc.",good,,2026-06-29T12:05:02+00:00
f645432d-8911-4bbf-9bc7-c7be2bcf8f9c,200,1,1,1163,,"Guaranteed Rate Affinity | Mortgage Lender in Santa Rosa, CA 95403",good,,2026-06-29T12:05:02+00:00
95cb5556-0ed0-430c-b1f3-7be1aaeac030,200,1,1,3897,,Search Results | Flagstar,good,,2026-06-29T12:05:05+00:00
db39d345-e42a-4f58-bd8a-07831c8c06eb,200,1,1,3090,WordPress,"Cathy Fuentes, Senior Loan Officer, NMLS ID #236551",good,,2026-06-29T12:05:05+00:00
2478fe51-21d2-4c6b-a738-287c3946ea85,200,1,1,3102,WordPress,"Cathy Fuentes, Senior Loan Officer, NMLS ID #236551",good,,2026-06-29T12:05:06+00:00
1a3e847c-9a64-474b-bd57-4840d1892ff2,0,0,0,15029,,,broken,timeout,2026-06-29T12:05:06+00:00
9a7ded82-019f-41ba-9fb7-99525cfda17d,0,0,0,10013,,,broken,connection failed,2026-06-29T12:05:06+00:00
4381464d-fce8-4559-b027-9b6222e6e742,200,1,1,6207,WordPress,"Kailua, HI Mortgage Lenders &amp; Loan Officers | Guild Mortgage Locations",weak,,2026-06-29T12:05:08+00:00
32f6c301-3ba1-4c7d-9d3e-41dddff9ace2,200,1,1,6089,WordPress,"Santa Rosa, CA Mortgage Lenders &amp; Loan Officers | Guild Mortgage Locations",weak,,2026-06-29T12:05:08+00:00
51c88d72-ea47-48e8-9b36-a7a59a9b9dca,200,1,1,6104,WordPress,"Santa Rosa, CA Mortgage Lenders &amp; Loan Officers | Guild Mortgage Locations",weak,,2026-06-29T12:05:08+00:00
e5e2640e-ac58-4906-9260-f104d0e737fc,0,0,0,15227,,,broken,connection failed,2026-06-29T12:05:08+00:00
d30d1e50-2d01-4319-abb2-d51edb2d783a,404,1,0,310,,,broken,,2026-06-29T12:05:08+00:00
f777c432-8dc2-400e-9720-f223500f0e31,200,1,1,194,,All Guaranteed Rate Affinity Loan Officers,good,,2026-06-29T12:05:08+00:00
8fe7e691-2d0f-4813-9a8f-8039836c5e0c,200,1,1,150,,All Guaranteed Rate Affinity Loan Officers,good,,2026-06-29T12:05:09+00:00
4e26853f-349e-4f2a-b11f-82f61e332e73,404,1,1,922,WordPress,Page not found | CrossCountry Mortgage,broken,,2026-06-29T12:05:09+00:00
dcf257dd-c988-481c-94a8-2511322cec13,200,1,1,466,WordPress,Meet Dan Ancheta | Founder | Sequence Mortgage,good,,2026-06-29T12:05:09+00:00
0b5dd0bb-7fa5-40bd-a95b-3143b4f0ad34,404,1,0,328,,,broken,,2026-06-29T12:05:09+00:00
4d85b74f-c770-4678-aaaa-f314ae3f11ab,0,0,0,37,,,broken,connection failed,2026-06-29T12:05:09+00:00
7ba5794f-7014-408f-8460-9fe3c9b4cc20,200,1,1,626,WordPress,Santa Rosa 492 | Paramount Residential Mortgage Group,good,,2026-06-29T12:05:10+00:00
25263f44-7bae-43a5-801d-14a5aab1b17f,200,1,1,157,Webflow,"Dynasty Nail Care, Manicurists, Pedicurist, 522 Alameda Del Prado",good,,2026-06-29T12:05:10+00:00
ee0cd3e1-b74a-4058-b467-e463deb775c2,200,1,1,236,,Blue Polish Nail Spa - Nail Salon in Santa Rosa CA 95404,good,,2026-06-29T12:05:10+00:00
5f27f59f-9881-4844-8d59-22748710652a,200,1,1,725,,"The Sandman, Ascend Hotel Collection - A Newly Renovated Boutique Hotel in Santa Rosa CA",good,,2026-06-29T12:05:10+00:00
22254f63-b79e-4234-9973-65ceacef6fbc,0,0,0,82,,,broken,connection failed,2026-06-29T12:05:10+00:00
d0c640ec-06ea-4dca-ae40-ca61e9ab2476,0,0,0,15169,,,broken,connection failed,2026-06-29T12:05:10+00:00
25861410-c87d-4708-92da-ec8d3b81ccf5,200,1,1,166,Squarespace,Family Optometry Center of Santa Rosa,good,,2026-06-29T12:05:10+00:00
3c2e87b8-4913-4052-8ef0-1b823f13b1a9,0,0,0,15361,,,broken,connection failed,2026-06-29T12:05:11+00:00
81903551-2d30-4e5d-b3cc-7613995b19f6,200,1,1,564,,California Board of Barbering and Cosmetology,good,,2026-06-29T12:05:11+00:00
c3a3cec1-2d3a-482a-867f-348a6c99b6ae,200,1,1,200,,"Optometrist in Rohnert Park, CA | North Bay Vision Center",good,,2026-06-29T12:05:11+00:00
13a17feb-c77c-47b6-810f-3862816db698,200,1,1,3088,WordPress,"Marco Guerra, Branch Manager, NMLS ID #453621",good,,2026-06-29T12:05:11+00:00
6a36c2ab-5aaf-41ea-89fe-03434c5210d9,200,0,0,138,,"Blakeley Construction | Calistoga, CA 94515",weak,,2026-06-29T12:05:11+00:00
08441e50-6022-4cca-913b-e6f4acfa6f81,200,1,1,206,WordPress,"Orthodontist in Sonoma | Laurent Orthodontics | Braces, Invisalign",good,,2026-06-29T12:05:11+00:00
b99179c2-40fa-4e80-a20a-bace17759527,200,1,1,172,,"Asphalt and Concrete Contractor | Petaluma, CA | West Coast Construction",good,,2026-06-29T12:05:11+00:00
4f3afa08-a679-472f-b5b1-52e3f8f89f6d,0,0,0,370,,,broken,"ssl: HTTPSConnectionPool(host='www.fraserbraces.com', port=443): Max retries exceeded with url: / (Caused",2026-06-29T12:05:11+00:00
c6791b5a-b626-4c66-9ad9-6e99c4ab0e03,200,1,1,61,,California Personal Injury Lawyers | Law Offices of Freeman & Freeman,good,,2026-06-29T12:05:11+00:00
f4d02d94-3a23-4df2-823e-c76cdf817dfa,200,1,1,189,,California Personal Injury Lawyers | Law Offices of Freeman & Freeman,good,,2026-06-29T12:05:11+00:00
140a690d-39c8-4284-a45b-ffc5bfc0c569,200,1,1,3089,WordPress,"Marco Guerra, Branch Manager, NMLS ID #453621",good,,2026-06-29T12:05:11+00:00
2bba53e7-b8a9-423b-be3d-de9fd0d98e2d,200,1,1,6090,WordPress,"Santa Rosa, CA Mortgage Lenders &amp; Loan Officers | Guild Mortgage Locations",weak,,2026-06-29T12:05:11+00:00
900e1934-e52f-4056-be85-ec2c40b1be0f,202,1,0,205,,,weak,,2026-06-29T12:05:11+00:00
1ec39e58-f8a1-44a3-9916-fa1e0a8fafb8,0,0,0,474,,,broken,"ssl: HTTPSConnectionPool(host='www.jeffersdentistry.com', port=443): Max retries exceeded with url: / (Ca",2026-06-29T12:05:11+00:00
e9c88641-daa7-45d1-a003-7678f240ae79,200,1,1,344,,Singleton Schreiber | Fearless Advocacy,good,,2026-06-29T12:05:11+00:00
61ce0c4a-6c2a-4d6f-b527-47dab63be8d0,200,1,1,403,,"Armed Force Pest Control, Inc.",good,,2026-06-29T12:05:11+00:00
207cff0a-2b87-457b-90ce-f17e781df3e4,200,1,1,6107,WordPress,"Santa Rosa, CA Mortgage Lenders &amp; Loan Officers | Guild Mortgage Locations",weak,,2026-06-29T12:05:11+00:00
2856420c-984d-4918-a54f-d525622d4a17,200,1,1,289,WordPress,Fit N Furry Pet Resort - Pet Services in Petaluma CA,good,,2026-06-29T12:05:12+00:00
b780b0af-0cbc-4382-a3a6-74d335b45512,200,1,1,136,WordPress,Fit N Furry Pet Resort - Pet Services in Petaluma CA,good,,2026-06-29T12:05:12+00:00
42cc7a05-c6fa-4964-a3d2-247dfa3d8569,200,1,1,348,Wix,Bonehemian Wags | Dog Walking Sebastopol,good,,2026-06-29T12:05:12+00:00
c3a6ae71-01ac-4340-9c1c-ac61d9441b4e,200,1,1,6090,WordPress,"Santa Rosa, CA Mortgage Lenders &amp; Loan Officers | Guild Mortgage Locations",weak,,2026-06-29T12:05:12+00:00
7a983fc9-508e-4016-a552-c0c040a65101,0,0,0,42,,,broken,connection failed,2026-06-29T12:05:12+00:00
d29f9883-586b-494d-8806-b399a9b409fc,404,0,0,177,,404 Not Found,broken,,2026-06-29T12:05:12+00:00
5d3f0571-e192-4183-bec1-85e77b2df238,200,1,1,610,,"Pest Control & Exterminators in Santa Rosa, CA| Western Exterminator",good,,2026-06-29T12:05:12+00:00
0b069e61-0688-40ba-b15d-3ae44be9067a,200,0,0,214,,,weak,,2026-06-29T12:05:12+00:00
8b820447-c4e9-4c3f-9e00-090468741abd,404,0,0,119,,Not Found,broken,,2026-06-29T12:05:12+00:00
a1305fa2-454a-456a-a47d-a3f4be46f01a,0,0,0,134,,,broken,connection failed,2026-06-29T12:05:12+00:00
5af24286-299f-4ec2-a930-205185eb7677,200,1,1,277,Squarespace,Wine Country Goldendoodles,good,,2026-06-29T12:05:12+00:00
f22f5165-4a0f-4758-859d-18d61b65ba60,200,1,1,994,WordPress,Bee Conscious Removal | Live Bee Hive Removal In Santa Rosa,good,,2026-06-29T12:05:12+00:00
d11d5b9d-a7c2-43e8-a726-60d1fc76e6e1,200,1,1,6099,WordPress,"Santa Rosa, CA Mortgage Lenders &amp; Loan Officers | Guild Mortgage Locations",weak,,2026-06-29T12:05:12+00:00
0117c53d-14b6-46c9-a305-74161b732875,200,1,1,409,Shopify,Hodgepodge Thrift Store: Benefitting By the Bay Health,good,,2026-06-29T12:05:12+00:00
5b81d74a-af4a-4f0b-abdb-2268a6de87d1,202,0,0,147,,,weak,,2026-06-29T12:05:12+00:00
b472f575-cc30-4350-ac98-1cba7365378b,0,0,0,32,,,broken,connection failed,2026-06-29T12:05:12+00:00
cb64e2d8-53fd-40e6-84fc-862b0c506eb8,200,1,1,253,,,good,,2026-06-29T12:05:12+00:00
ea25d4ab-2297-4440-bc77-6ebdfd80b16f,404,1,0,507,Shopify,This store is unavailable,broken,,2026-06-29T12:05:12+00:00
a54127aa-a5ed-4557-b5e2-934fa68dcb32,200,1,1,6091,WordPress,"Santa Rosa, CA Mortgage Lenders &amp; Loan Officers | Guild Mortgage Locations",weak,,2026-06-29T12:05:12+00:00
ae7e0002-7c0c-4275-9c41-a8d7fbf7fdf7,200,1,1,364,Squarespace,Two Rock Dog Ranch,good,,2026-06-29T12:05:12+00:00
95154472-94ee-4720-8255-8bf2b69e102d,200,1,1,282,,Welcome to Shutterbug Camera,good,,2026-06-29T12:05:12+00:00
e5b22db5-3674-4b5d-a5bb-38eee29eec5f,200,0,1,183,Squarespace,Contact &mdash; Sports &amp; Orthopaedic Physiotherapy,weak,,2026-06-29T12:05:13+00:00
7f40ff48-43eb-4f8a-a36a-2385c33675d6,200,1,1,462,WordPress,Home - FUTURES REHAB® - Santa Rosa CA,good,,2026-06-29T12:05:13+00:00
1d020ecb-1226-4366-a503-8196f7a25d1a,200,1,1,123,GoDaddy,Home - Pilates to Move,good,,2026-06-29T12:05:13+00:00
7c80bde9-5ea1-4380-86a3-d6aa0de72356,200,1,1,1307,Shopify,Helium Tanks,good,,2026-06-29T12:05:13+00:00
b44d1b53-ded7-4182-9245-56334ef7bef8,0,0,0,81,,,broken,connection failed,2026-06-29T12:05:13+00:00
db765ab0-228f-4302-83ac-fab3ea744bbe,403,1,1,50,,Just a moment...,broken,,2026-06-29T12:05:13+00:00
a6130fa0-9f40-4ddf-a3d5-d592416cafed,200,1,1,1158,,Shop Now | Larsen&#39;s Feed &amp; Pet Supply,good,,2026-06-29T12:05:13+00:00
6f3f61a4-74e8-4ce3-806f-67e0594aa40b,200,1,1,1709,WordPress,Paradise Pet Resorts | Pet Care Services in Sonoma County,good,,2026-06-29T12:05:13+00:00
62225a3c-12a8-45bf-942a-d5c05b27c937,404,1,1,880,,404: NotFound,broken,,2026-06-29T12:05:13+00:00
dae95f1f-56a7-4ba1-ac5b-ef100fb314ba,200,1,1,618,WordPress,"Practitioner-Assisted Stretching Studio Santa Rosa, CA | Stretch Zone",good,,2026-06-29T12:05:13+00:00
9d2057c8-6059-40c5-b04c-0f620441de2e,200,1,1,197,Wix,Alpha Trenchless: Expert Sewer Lateral in Marin &amp; Sonoma Counties,good,,2026-06-29T12:05:13+00:00
dd50816f-5155-4fd6-b059-3a66f01e7a5b,200,0,1,148,Weebly,welcome - HOME,weak,,2026-06-29T12:05:13+00:00
69ad0bf8-9f34-4885-a212-14887c6f0745,403,1,1,248,,Just a moment...,broken,,2026-06-29T12:05:13+00:00
89276d91-3f32-484a-a040-477e21848633,200,1,1,3021,WordPress,Site for Sore Eyes | Leading Glasses &amp; Eyewear Provider,good,,2026-06-29T12:05:13+00:00
28de1394-c3ec-4444-a84c-fbc94f7489b0,200,1,1,1976,WordPress,Starr Pet Resort | Dog &amp; Cat Boarding in Windsor &amp; Santa Rosa,good,,2026-06-29T12:05:13+00:00
3dda4808-84db-4f4c-bbed-d71fef92a00b,404,0,0,102,,,broken,,2026-06-29T12:05:14+00:00
73e73224-1406-4ec7-bbdf-7102965cc377,200,1,1,386,WordPress,Home - Dejusto Plumbing,good,,2026-06-29T12:05:14+00:00
3179aca4-d156-4067-8480-e2e55ad780bd,202,1,0,264,,,weak,,2026-06-29T12:05:14+00:00
b08dba5e-b101-41db-9daa-607db3e6cf9f,200,1,1,217,WordPress,Plumbing Services | Prushko Plumbing,good,,2026-06-29T12:05:14+00:00
26efa475-2aec-45fc-b2fb-8934548ec59f,200,1,1,399,WordPress,"Petaluma Plumbing, Heating &amp; Cooling | John Owens",good,,2026-06-29T12:05:14+00:00
fc486c28-f02d-41f6-b27e-1e4094b34ae2,200,1,1,1372,,"Outpatient Physical, Occupational, and Speech Therapy | Providence",good,,2026-06-29T12:05:14+00:00
c5a51665-f7cd-47ba-b6b2-230a3b635c05,200,1,1,396,WordPress,Plumbing Services | Prushko Plumbing,good,,2026-06-29T12:05:14+00:00
3c77d4d0-6b3f-4467-a892-2dba9f7d2716,200,1,1,355,,"Certified Plumbers in Petaluma, CA | Roman's Plumbing, Inc",good,,2026-06-29T12:05:14+00:00
cce1ea24-3b47-49fa-b0ac-18c8698b9923,200,1,1,129,WordPress,North Bay Children&#039;s Center: Early Care &amp; Education Since 1988,good,,2026-06-29T12:05:14+00:00
e3689cff-18e0-4e9c-a47b-34ba6573299f,200,0,1,236,Weebly,SEBASTOPOL POOL SERVICE - Home,weak,,2026-06-29T12:05:14+00:00
8c99827d-a5d2-48e1-b8e2-cc42a2d23202,200,1,1,151,WordPress,North Bay Children&#039;s Center: Early Care &amp; Education Since 1988,good,,2026-06-29T12:05:14+00:00
0de053cd-6ec4-413b-ad35-712af94ea164,200,1,1,288,,Best Online Pokies Australia 2026 — Statistical Analysis of Platform Performance and Player Outcomes,good,,2026-06-29T12:05:14+00:00
87130377-fd58-450e-899f-c17a0b6ec2f8,200,1,1,984,,"SBOBET88 : Situs Judi Bola, Agen Taruhan Bola Online SBOBET",good,,2026-06-29T12:05:14+00:00
9a8a5c88-76eb-46f0-807a-74c2291736df,0,0,0,15190,,,broken,timeout,2026-06-29T12:05:14+00:00
11f4d7dd-c0ef-4fae-83dc-bfc23bb06110,0,0,0,46,,,broken,connection failed,2026-06-29T12:05:14+00:00
ac13c07b-d969-48e7-b39f-b7ef9c382877,200,1,1,280,,Albany Store | Whole Foods Market,good,,2026-06-29T12:05:14+00:00
c30bfe6b-1b4d-42ba-a16c-2b1a9bb3367f,404,0,1,81,,404 Not Found,broken,,2026-06-29T12:05:14+00:00
35d1af8f-7e02-4632-89d5-a571efd7f010,403,1,1,282,,Just a moment...,broken,,2026-06-29T12:05:15+00:00
3a64fbcb-7b22-4dfa-98c0-03f658970971,200,1,1,443,WordPress,Fieldwork | Santa Rosa,good,,2026-06-29T12:05:15+00:00
e9175362-317a-43e2-a950-1c318eedd3f5,200,1,1,1195,WordPress,Home - LeDuc &amp; Dexter,good,,2026-06-29T12:05:15+00:00
f22d1474-4c4f-43ef-a970-290a77995363,200,1,1,246,WordPress,Home - Codding Enterprises,good,,2026-06-29T12:05:15+00:00
cd6431d3-a8ac-40df-bd0b-303c7a9fa0d2,200,1,1,516,,Prosper Team | Sonoma County Real Estate Agents,good,,2026-06-29T12:05:15+00:00
77b3ac18-7e15-45e7-9ea5-e3c9e7f4679b,200,1,1,3545,WordPress,"Marin County Dog, Cat Boarding, Pet dog Kennels Novato",good,,2026-06-29T12:05:15+00:00
66be1d2f-fe8b-4d9e-ac92-5f39e6486e53,200,1,1,280,,,good,,2026-06-29T12:05:15+00:00
085e468a-ca1c-493b-8893-6140bde0e32d,200,1,1,128,Wix,"HOME | Trish McCall, McCall Team Santa Rosa Realtor",good,,2026-06-29T12:05:15+00:00
9018a105-17f9-4faf-9e0c-089fc138b945,200,1,1,952,WordPress,"Preschool | Novato | San Marin Montessori | Toddlers, Primary, Elementary Education, CA",good,,2026-06-29T12:05:15+00:00
3e39291f-fe5d-4fe5-8022-320313a4fe2e,200,1,1,233,GoDaddy,SonomaMarinHomes.com is for sale | HugeDomains,good,,2026-06-29T12:05:15+00:00
e850ecbb-2dbe-4ceb-9fb2-d1d84f92d5b5,403,1,1,70,,Just a moment...,broken,,2026-06-29T12:05:15+00:00
2ad87a70-8c10-42a9-9dfa-c0d369b1ef38,200,1,1,2297,Webflow,Amy&#039;s Kitchen,good,,2026-06-29T12:05:15+00:00
0ebee1e5-b364-4508-a07c-229e52dd1e07,0,0,0,9,,,broken,connection failed,2026-06-29T12:05:15+00:00
da5b723d-2f2b-40de-95cc-6ca18b267a0d,200,1,1,1501,,"Sonoma County Pump &amp; Well — Sebastopol, CA",good,,2026-06-29T12:05:15+00:00
d1e2b2ce-adb9-42bb-9f6e-84b865d307e6,200,1,1,1662,,"Plumber in Novato, CA - 24/7 Plumbing Services | Roto-Rooter",good,,2026-06-29T12:05:15+00:00
fc3162bb-d978-49a8-9955-91b19693193a,200,0,0,123,,,weak,,2026-06-29T12:05:15+00:00
bd005b72-4bec-486c-a9c3-b150ff7fa10f,200,1,1,513,,Russian River Real Estate | Search all Russian River Homes,good,,2026-06-29T12:05:15+00:00
ff398050-55d5-447f-bf02-c2ab45eeb4f7,403,0,0,148,,403 Forbidden,broken,,2026-06-29T12:05:16+00:00
cee72e2a-69b8-4b45-830a-e8f6ee81463c,202,1,0,159,,,weak,,2026-06-29T12:05:16+00:00
d249542e-0d48-4f24-b79e-b9fa5192573f,0,0,0,9,,,broken,connection failed,2026-06-29T12:05:16+00:00
e8ef8337-1071-449b-b1ad-5303871a4061,0,0,0,89,,,broken,connection failed,2026-06-29T12:05:16+00:00
6e788b33-740f-46c1-851c-e634cd42ddef,202,1,0,372,,,weak,,2026-06-29T12:05:16+00:00
72da6922-b1c4-46ca-bb00-842c0b6f3df7,0,0,0,41,,,broken,connection failed,2026-06-29T12:05:16+00:00
13048946-2637-47c4-8ea3-52d8cbd326b7,200,1,1,451,,Sonoma County Homes For Sale | Sonoma County CA Real Estate,good,,2026-06-29T12:05:16+00:00
711b2390-2656-4818-83fd-71caaf0f8262,200,1,1,1494,,"Chicken Wings &amp; Sports Bar in Rohnert Park, California - Hooters",good,,2026-06-29T12:05:16+00:00
cf258cca-f7e2-4f58-99bc-81678e68684e,200,1,1,93,Squarespace,Lou&#39;s Luncheonette,good,,2026-06-29T12:05:16+00:00
dbebd5e7-5114-48eb-bc0f-f925ee804240,200,1,1,79,Wix,"Cyrus Restaurant | California Wine Country | Geyserville, CA",good,,2026-06-29T12:05:16+00:00
568762f1-baf0-4398-85b0-9ae3111256e8,200,1,1,1116,WordPress,Sonoma &#8211; Diamond Real Estate Group,good,,2026-06-29T12:05:16+00:00
4995a6ff-3406-40f2-8044-79f4e4993298,200,1,1,209,Wix,Capo29 Restaurant | C29 | Italian Food and Wine in St Helena | California,good,,2026-06-29T12:05:16+00:00
e63288a6-90d6-4833-8bb2-f384afe12a5a,200,1,1,180,,Cinnabon Bakery Restaurant: Cinnabon Local Bakery Near You,good,,2026-06-29T12:05:16+00:00
0de1fdb1-16dc-4e35-9e2f-44eab45f52f0,404,0,0,175,Squarespace,Squarespace - Domain Not Claimed,broken,,2026-06-29T12:05:16+00:00
092d0923-6752-4f6f-ba46-31a615574bc4,0,0,0,85,,,broken,connection failed,2026-06-29T12:05:16+00:00
37dd5540-11bd-4d93-89b9-7b495bf497e6,403,1,1,156,,Just a moment...,broken,,2026-06-29T12:05:16+00:00
4f74b354-83b7-4e77-abdf-ec1ddc62777c,200,1,1,277,,"Himalayan Momo &amp; Kebob - SANTA ROSA, CA 95401 (Menu &amp; Order Online)",good,,2026-06-29T12:05:16+00:00
348b12e7-b8ba-48be-a50e-244be9d0953c,200,1,1,358,,Home - El Fogon Taco Shop,good,,2026-06-29T12:05:16+00:00
6fc75884-c657-4e9d-8523-f025d5612682,200,1,1,1300,WordPress,Sonoma &#8211; Diamond Real Estate Group,good,,2026-06-29T12:05:16+00:00
1f097d98-94e3-44cd-993a-37156ec77df6,200,1,1,244,Wix,"Catering Services | Sally Tomatoes – Serving Marin, Napa, and Sonoma",good,,2026-06-29T12:05:16+00:00
5650fc2e-79dc-453b-a5cc-d66959399f00,200,1,1,1451,WordPress,Kimberly James Real Estate,good,,2026-06-29T12:05:16+00:00
6118e042-1017-4c98-8575-846b1aa27e99,200,1,1,206,Squarespace,Southside Napa,good,,2026-06-29T12:05:16+00:00
3a9d5d5f-99a0-4f46-be15-17440cbd0d54,200,1,1,205,,Home - Taqueria Los Altos 2,good,,2026-06-29T12:05:16+00:00
0caa22fe-70d3-48cf-b012-b137d8602ee8,200,1,1,143,Squarespace,Valley Bar + Bottle Shop,good,,2026-06-29T12:05:16+00:00
85b71914-753f-48f9-9f67-9fda5a018176,403,1,1,1305,,Just a moment...,broken,,2026-06-29T12:05:16+00:00
ecd6b3e9-395c-4e0f-aee5-90459a654df3,200,1,1,422,WordPress,Manzanita Creek Winery &#8211; Quo Vadis,good,,2026-06-29T12:05:16+00:00
7ff4ce01-3697-4e52-a140-80264d6c8e61,200,1,1,572,WordPress,Gundlach Bundschu | Sonoma Winery | Tours and Tastings,good,,2026-06-29T12:05:16+00:00
eee1481a-6d76-46cd-b019-97cf9042468a,200,1,1,268,,Home - What The Pho,good,,2026-06-29T12:05:16+00:00
1658136e-b79c-41cb-986f-b9a1049b3833,200,1,1,220,,Petaluma Roofers - Residential Roofing & Commercial Roofing,good,,2026-06-29T12:05:16+00:00
57e17135-5256-466c-ac0f-80714044fd16,200,1,1,444,Shopify,Vicor Restaurant Supply,good,,2026-06-29T12:05:17+00:00
e94ff846-e659-48f9-8f88-132b6ee841c4,200,1,1,2053,Wix,HOME | Dylan Creedon Santa Rosa Realtor | Santa Rosa,good,,2026-06-29T12:05:17+00:00
a89deee3-10cb-4a8a-8331-62bf04b89f64,200,1,1,409,,"Sweetgreen Santa Rosa | Order Salads &amp;amp; Bowls in Santa Rosa, CA",good,,2026-06-29T12:05:17+00:00
eb598383-3c6a-4600-8e38-8c2a2bf4f86f,200,1,1,203,WordPress,Bay View Restaurant &amp; Lounge - Inn At The Tides Dining,good,,2026-06-29T12:05:17+00:00
a12cec6b-164a-4c60-99bc-049ce2aea329,200,1,1,733,,"Windsor, CA - Official Website | Official Website",good,,2026-06-29T12:05:17+00:00
df149813-d448-4338-9cc6-bd4daf89d55d,403,0,1,225,,Just a moment...,broken,,2026-06-29T12:05:17+00:00
24491fe6-9881-4f40-9939-2852156b4dcd,403,0,1,130,,Just a moment...,broken,,2026-06-29T12:05:17+00:00
1562756d-cf17-40ae-b933-fe21565348ac,200,1,0,275,,,weak,,2026-06-29T12:05:17+00:00
84bc3df2-5b24-4b95-92ae-9ad624a931d2,200,1,1,931,WordPress,"Roofing Company in Novato, CA | Bay Area Roofing Experts - Apollo Roofing Company",good,,2026-06-29T12:05:17+00:00
cb5594a7-5163-4e06-98e6-0f908be5a316,200,1,1,867,GoDaddy,Horizon Roofing,good,,2026-06-29T12:05:17+00:00
dda8bd37-cc4b-4d91-9819-79ac995a64b1,200,1,1,836,WordPress,Roof Replacement Sonoma County | Leak Repair | Inspection,good,,2026-06-29T12:05:17+00:00
8b732d44-82bb-41fd-b5f0-b68f63b922c8,200,1,1,274,GoDaddy,Septic Services | Sonoma County | AllStarz Pumping &amp; Engineering,good,,2026-06-29T12:05:17+00:00
3b4b083a-5fba-46c0-a471-cfce054e997c,200,1,1,357,,"Septic System Service | Petaluma, California | Superior Septic Pumping Service",good,,2026-06-29T12:05:17+00:00
bbdcd76b-9087-4aba-a472-765d97ed9689,200,1,1,157,Squarespace,www.junebugskincare.com,good,,2026-06-29T12:05:17+00:00
c1be4b75-4581-46ac-8a64-ffa8da0cc45b,200,1,1,588,WordPress,Septic Pumping Company in Sebastopol &amp; Sonoma County | L.J. Construction,good,,2026-06-29T12:05:17+00:00
2e5473ab-47ce-4bc0-89b6-342935eef228,404,1,1,1239,WordPress,Graton Resort &amp; Casino | California&#x27;s Premier Gaming Destination,broken,,2026-06-29T12:05:18+00:00
87035855-d341-46dd-8e22-1cc520dac4af,200,1,1,617,,Surf City Squeeze 1612 - The Best Smoothies in Santa Rosa CA 95401,good,,2026-06-29T12:05:18+00:00
54b8b8b4-aeff-49f5-813f-d228f51a9027,200,1,1,91,,Location Details | Buffalo Wild Wings,good,,2026-06-29T12:05:18+00:00
4ecd17fb-8e40-431b-8c0f-79adb379eea9,200,1,1,269,WordPress,Dawn Ranch | Charming Guerneville Hotel Along the Russian River,good,,2026-06-29T12:05:18+00:00
d2c731e5-431e-490f-98ea-93b64a9f0f4c,200,0,0,47,,,weak,,2026-06-29T12:05:18+00:00
467a1c18-f14d-4b9d-9788-7cf1c5a0b53b,404,1,1,805,,404: NotFound,broken,,2026-06-29T12:05:18+00:00
94561b9b-b021-4ef3-a35f-d0b3c14020ed,200,1,1,930,WordPress,Order Prints Online | Prints | Passport Photos | Portrait | Santa Rosa CA,good,,2026-06-29T12:05:18+00:00
64e26cb3-0a62-4700-b3b0-ee25b210149c,200,1,1,882,Shopify,"Rosemira Organics: Natural, Doctor-Created Skincare Products | Rosemira",good,,2026-06-29T12:05:18+00:00
e146f629-5ec0-4459-9812-55c38dd749cc,200,1,1,911,Weebly,Home | Stellar Skin Studio,good,,2026-06-29T12:05:18+00:00
77488998-287e-4be7-b467-8a742b170fef,0,0,0,253,,,broken,connection failed,2026-06-29T12:05:18+00:00
a3fdc347-4c7a-4a16-8547-94bdbd702c46,200,1,1,384,Wix,HOME | Asahi Sushi&amp;Kitchen,good,,2026-06-29T12:05:18+00:00
2998a7fe-c3c8-4c43-ac3a-970cd1b102f7,0,0,0,178,,,broken,connection failed,2026-06-29T12:05:18+00:00
7bc50a70-daf7-4e2f-9209-bb444a45bef2,200,1,1,356,,"Walnut Creek, CA CPAs, Tax, Wealth Advisors: CLA (CliftonLarsonAllen)",good,,2026-06-29T12:05:18+00:00
97868bb2-bb7d-45ae-97a3-8a02b6206564,200,1,1,402,,"Walnut Creek, CA CPAs, Tax, Wealth Advisors: CLA (CliftonLarsonAllen)",good,,2026-06-29T12:05:18+00:00
3a36dc62-4382-455b-882d-7c32576526b8,200,1,1,846,WordPress,The Best Day Spa &#8211; Relax. Refresh. Re-energize.,good,,2026-06-29T12:05:18+00:00
cfeb7e97-7053-4e29-ace7-2534179ee871,200,1,1,289,,Sonoma Auto Repair | Mike Larbre Automotive - Mike Larbre Automotive,good,,2026-06-29T12:05:18+00:00
4fdeb267-8f0b-4f06-ae51-c09576acbd68,200,1,1,205,,"One to One Learning Center | Santa Rosa, CA",good,,2026-06-29T12:05:18+00:00
ef4fff2a-7893-41d0-89de-9514b4159311,200,1,1,2308,WordPress,Matrix Roofing | Tri-State Commercial Roofing Company,good,,2026-06-29T12:05:19+00:00
38202d62-36e3-4f32-84ed-17824562f8fd,200,1,1,592,,About GCR Commercial Tires &amp; Service | Bridgestone Commercial Tires,good,,2026-06-29T12:05:19+00:00
eb6041ce-fe95-42e1-b173-5e66edd41fe9,403,1,1,76,,Hilton Page Reference Code,broken,,2026-06-29T12:05:19+00:00
01f2389f-29e5-40ec-a547-68c1836a47c7,404,1,0,227,Squarespace,Squarespace - Website Expired,broken,,2026-06-29T12:05:19+00:00
0618ebc2-2a42-4ede-8dcd-50accc2d4444,200,1,1,464,Squarespace,Chimera,good,,2026-06-29T12:05:19+00:00
c9419c3f-5c12-4073-b6be-59381638a19c,200,1,1,138,Squarespace,Leo Steen Wines - Healdsburg Wine Tasting featuring Sonoma County wines,good,,2026-06-29T12:05:19+00:00
aef3ee6a-4ed2-4d59-a0e5-3782369298b2,200,1,1,216,,Middletown Lions Club,good,,2026-06-29T12:05:19+00:00
de43283b-21de-4970-ba06-266c2bedbd48,200,1,1,261,WordPress,Villa Chanticleer - Milestone Events Group,good,,2026-06-29T12:05:19+00:00
56634da9-b955-4440-a228-cba1f8fbd75d,403,0,1,842,,403 - Forbidden,broken,,2026-06-29T12:05:19+00:00
2de6a9c3-1114-4531-8334-0705671b9079,200,1,1,606,,Hans Fahden Vineyards,good,,2026-06-29T12:05:19+00:00
3416a84f-fe91-4907-b828-3abaf02e5f08,200,1,1,302,WordPress,Home - Paradise Ridge Winery,good,,2026-06-29T12:05:19+00:00
d2cfdc78-10f6-46c5-af5d-ec535591d653,200,1,1,182,Squarespace,Songbird Parlour - Modern Restaurant + Lounge in the heart of Sonoma Valley,good,,2026-06-29T12:05:19+00:00
649bd7d6-59dd-49a9-a510-da11f322c1e3,200,1,1,1357,WordPress,Store 775 &#8211; Southern Tire Mart,good,,2026-06-29T12:05:19+00:00
5763af98-c786-4d39-9bc3-29283d1a27c9,200,1,1,331,Weebly,Sebastopol Hall - Home,good,,2026-06-29T12:05:20+00:00
8a39d419-ad4d-4be2-8e5c-8f05c50cddc9,200,1,1,141,,"HOME | Empire Equine | Santa Rosa, CA",good,,2026-06-29T12:05:20+00:00
52298b70-c9e3-4334-8200-d02be6ba97ea,404,1,1,518,Squarespace,"404 &mdash; UCCR United Camps, Conferences, Retreats",broken,,2026-06-29T12:05:20+00:00
77e98d9f-43af-431d-8ba4-1e0e4d608b99,200,1,1,271,,"Stonetree Estate: Premier Novato, CA Wedding Venue | Incredible Views",good,,2026-06-29T12:05:20+00:00
05e834b7-86aa-48c2-afde-63a3783747eb,200,1,1,1646,WordPress,Hamilton&#039;s Automotive,good,,2026-06-29T12:05:20+00:00
f7cac2c9-38ed-4aac-846d-5faf9133ef1a,200,1,1,465,,"PetVet at Tractor Supply Company | Windsor, CA",good,,2026-06-29T12:05:20+00:00
99102d18-1045-46a5-ad51-e3380bf37e89,200,1,1,424,,"Veterinarian Near You | Vetco Animal Hospital in Petaluma, CA",good,,2026-06-29T12:05:20+00:00
68865cae-d020-4bd9-868d-89d178c2956e,200,1,1,303,,"Low-Cost Pet Vaccinations Near You | Vetco Vaccination Clinic in Santa Rosa, CA",good,,2026-06-29T12:05:20+00:00
886e2c70-fb5a-4cbb-a172-42e67a9b9de6,200,1,1,281,,"Low-Cost Pet Vaccinations Near You | Vetco Vaccination Clinic in Novato, CA",good,,2026-06-29T12:05:20+00:00
f987a641-6c79-4f36-88e4-629a48b99f9e,200,1,1,477,,"Low-Cost Pet Vaccinations Near You | Vetco Vaccination Clinic in Santa Rosa, CA",good,,2026-06-29T12:05:20+00:00
57d37c8a-c75d-4ba1-beb3-5236cbf87142,200,1,1,434,,"Low-Cost Pet Vaccinations Near You | Vetco Vaccination Clinic in Petaluma, CA",good,,2026-06-29T12:05:20+00:00
976f5808-0606-4634-9a8b-68fa30bb9078,404,1,0,236,Squarespace,Squarespace - Website Expired,broken,,2026-06-29T12:05:20+00:00
d99ad06d-b76b-451b-9165-8d68768de5ff,200,1,1,235,Wix,Napa &amp; Sonoma Wedding Planner | Run Away With Me,good,,2026-06-29T12:05:20+00:00
e87aefe7-7980-4590-b7fc-803b3bf912e1,200,1,1,47,WordPress,Home - Highway 12 Winery,good,,2026-06-29T12:05:20+00:00
4c2e4f6b-f4a3-4cf3-8d15-cde946f98c57,200,1,1,439,GoDaddy,First Sips Wine Club,good,,2026-06-29T12:05:21+00:00
781929e2-3ddb-4ae3-8164-533e4fb31b75,200,1,1,551,WordPress,8 Dragons Restaurant &#8211; Contemporary Chinese Cuisine,good,,2026-06-29T12:05:21+00:00
f5d13d0d-46fe-4798-879d-fae3dfe2127d,200,1,1,662,WordPress,Drilling Contractor in Santa Rosa | Weeks Drilling &amp; Pump Co,good,,2026-06-29T12:05:21+00:00
645803af-3126-42f3-b642-96ef99a47579,200,1,1,1022,WordPress,"Sebastopol Office | Fisch Bros. Drilling, Inc.",good,,2026-06-29T12:05:21+00:00
3d568229-0cab-4434-982e-26bdda5a1c54,200,1,1,515,WordPress,Rutherford Wine Company - California Wines,good,,2026-06-29T12:05:21+00:00
f3eb9edb-759b-4ee8-9e3a-fd5a0113f54b,200,1,1,993,WordPress,La Prenda Wines,good,,2026-06-29T12:05:21+00:00
e678ac72-8401-4cf3-811a-871f32c0aaf0,202,0,0,243,,,weak,,2026-06-29T12:05:21+00:00
266cd617-2c3a-41b4-8839-8b790a010538,200,1,1,663,Drupal,Top-Rated California Wines | Murphy-Goode,good,,2026-06-29T12:05:21+00:00
9b0e5775-b57d-4ea1-b871-3249502a3587,403,1,1,117,,Just a moment...,broken,,2026-06-29T12:05:21+00:00
ba1cdf7c-4acd-450b-9f0a-89b423f82ec8,403,1,1,149,,Just a moment...,broken,,2026-06-29T12:05:21+00:00
087ba047-1d7b-4881-b1e1-8475dceba0b1,200,1,1,203,WordPress,Home - Saddleback Cellars,good,,2026-06-29T12:05:22+00:00
bc75e463-97ab-4dc8-b5ee-c5ee0f884a62,403,0,1,119,,Access Denied,broken,,2026-06-29T12:05:22+00:00
5135017e-ddee-41e6-bad4-bc7e1d210815,202,0,0,122,,,weak,,2026-06-29T12:05:22+00:00
f42f9135-8c2d-425c-a895-0d4e6ab03285,200,1,1,1749,,Home - Platinum Nail Lounge,good,,2026-06-29T12:05:22+00:00
0e440b14-90d6-4c3b-a1bc-c766262762b5,200,1,1,831,WordPress,Taste - Hirsch Vineyards,good,,2026-06-29T12:05:22+00:00
42c203a0-6407-4570-86a6-aa31fd1e691e,200,1,1,479,WordPress,Home - Old Vine Wine Tours,good,,2026-06-29T12:05:22+00:00
a64a2912-493b-4417-b59b-8387edb14f21,403,1,1,590,,Hilton Page Reference Code,broken,,2026-06-29T12:05:22+00:00
e6407288-d09a-4050-81d2-700f03abf73a,200,1,1,223,Wix,Sonoma Adventures - Unique Guided Tours in Sonoma &amp; Napa,good,,2026-06-29T12:05:22+00:00
9f3b2da9-fa02-4336-a74f-7d6d0bca3c6b,200,1,1,47,WordPress,Home New - Alexander Valley Vineyards,good,,2026-06-29T12:05:22+00:00
093ae143-a6b0-4aef-8360-c8e65aeb17fc,200,0,0,231,,Redirecting...,weak,,2026-06-29T12:05:22+00:00
43fe49f5-ac38-47da-8833-9f44ad799348,200,1,1,200,Squarespace,Reeve Wines,good,,2026-06-29T12:05:22+00:00
5aec632c-7995-48ce-a69e-a3e98cd54b19,403,1,1,143,,Just a moment...,broken,,2026-06-29T12:05:23+00:00
f3be81f1-a78a-4df3-a49c-521f883165da,202,1,0,300,,,weak,,2026-06-29T12:05:23+00:00
f64ae94a-4f7a-4ed0-878b-7327da3e320a,200,1,1,197,WordPress,Home - Angels and Cowboys,good,,2026-06-29T12:05:23+00:00
8eb37c37-09fc-4156-aa93-c1b8e846e12e,200,0,0,182,,,weak,,2026-06-29T12:05:23+00:00
097eca06-3a01-4c68-97ff-e2f80db153a7,200,1,1,114,WordPress,Aperture Cellars: Winery &amp; Vineyard | Sonoma | Healdsburg CA,good,,2026-06-29T12:05:23+00:00
99cf1b00-415c-4686-8f3d-9b734cb2d151,200,1,1,354,GoDaddy,August Briggs &#8211; Napa Valley Wines &#8211; Calistoga Winery,good,,2026-06-29T12:05:23+00:00
51a78592-52a3-4d39-8524-13ba87dc9bc4,200,1,1,564,WordPress,"Arnot-Roberts &#8211; Arnot-Roberts was founded by Duncan Arnot Meyers and Nathan Lee Roberts. The focus of AR is to produce distinctive, site-driven wines that highlight the nature of each unique ter",good,,2026-06-29T12:05:23+00:00
f4c07b95-56a8-44c5-9e9a-f798789330eb,200,1,0,676,,,weak,,2026-06-29T12:05:23+00:00
7c2f3869-6cc8-4ee7-833a-0660274f7793,200,1,1,329,,BRAND Napa Valley | Pritchard Hill | Handcrafted Estate Wines,good,,2026-06-29T12:05:23+00:00
70cca6c4-04df-4455-81e0-d2bc6afe75e3,404,0,1,5821,WordPress,Page not found - LearningRx Brain Training,broken,,2026-06-29T12:05:24+00:00
d46fdc55-0ef6-4ddd-8a91-7220d56342cb,404,0,1,5849,WordPress,Page not found - LearningRx Brain Training,broken,,2026-06-29T12:05:24+00:00
10f5f1b7-bf6b-409d-bbe6-224030801285,200,1,1,646,WordPress,Best Winery In Sonoma | Top Wine Country Experience | Belden Barns,good,,2026-06-29T12:05:24+00:00
a837fd77-950e-4efe-a05e-199c2a39fb21,200,1,1,401,WordPress,Buy Wine Online: Discover 7 Alluring Selections at Quilt &amp; Co,good,,2026-06-29T12:05:24+00:00
388ccffa-daac-4cb8-ab55-6563d720f91c,202,1,0,382,,,weak,,2026-06-29T12:05:24+00:00
d126e29b-98e9-4d71-bd33-1eda35a9416c,200,1,1,144,Squarespace,Carboniste | Modern Sparkling Wine,good,,2026-06-29T12:05:24+00:00
46f5e22c-4dbb-4c7a-8b60-68bee7c7b66b,200,1,1,336,WordPress,BRYTER | AI productivity suite for legal,good,,2026-06-29T12:05:25+00:00
33349940-154d-437c-aa30-67ad14e58aad,200,1,1,310,WordPress,Buy Wine Online: Discover 7 Alluring Selections at Quilt &amp; Co,good,,2026-06-29T12:05:25+00:00
d4753842-869e-4da7-acba-555b815021e7,200,1,1,3658,WordPress,Make Custom Wine Labels - YouStickers - Premium Quality,good,,2026-06-29T12:05:25+00:00
df34c32c-5937-4bc2-9f79-bd3b61867151,200,1,0,2106,,,weak,,2026-06-29T12:05:25+00:00
920609c4-659b-43e7-ac57-8fdeb99f6724,200,1,1,1472,Shopify,Trusted Software Development Company in United States - Quanrio,good,,2026-06-29T12:05:26+00:00
1b3273bb-526d-4c72-b44a-579c2eb87877,200,1,1,9430,WordPress,Home - Dunn Seamless Gutters,weak,,2026-06-29T12:05:26+00:00
2417c6b5-ad19-4b74-94c8-d127a7356ab7,200,1,1,1041,WordPress,Charles Krug - An Iconic Napa Valley Winery | St. Helena CA,good,,2026-06-29T12:05:26+00:00
22f99ae6-b5d4-4f5b-ac1c-cf7d862ad928,200,1,1,325,GoDaddy,"Delgadillo Cellars &#8211; Delgadillo Cellars is a small Napa Valley producer of allocated, limited-production, single-vineyard Cabernet Sauvignon. Visit the Delgadillo Cellars website to join their a",good,,2026-06-29T12:05:26+00:00
ca2e6d23-9847-42f1-a3b6-456d19242937,200,1,1,191,Squarespace,Dutton-Goldfield Winery | Sustainable Wines from Dutton Ranch and Sonoma Coast,good,,2026-06-29T12:05:26+00:00
12220157-ba82-4a26-9d22-cd5e60df0539,200,1,1,161,Squarespace,Enterprise Vineyards,good,,2026-06-29T12:05:26+00:00
3b23963e-a425-4e85-9362-eeda41c8741b,200,1,1,1551,WordPress,Home | Cazadero Winery,good,,2026-06-29T12:05:26+00:00
47921231-2f88-4cf8-a030-4fbd5f23d978,200,1,1,989,WordPress,Crux Winery - Rhône Style Wines from the Russian River Valley,good,,2026-06-29T12:05:26+00:00
1935dee8-45a8-4f6a-868e-c15235dbd8ab,200,1,1,499,WordPress,"Dutcher Crossing Winery &#8211; Staying true to the vineyard, vintage, and varietal",good,,2026-06-29T12:05:26+00:00
c23535f7-7e19-4411-8da4-2f5efc86ca41,200,1,1,873,WordPress,Vineyards - Dunstan Wines,good,,2026-06-29T12:05:26+00:00
355e11b1-566b-4d46-becd-b450715b3c0e,200,1,1,235,,Esser Vineyards of Monterey County,good,,2026-06-29T12:05:26+00:00
4f070076-de49-48c9-8ff9-81e6fbb7ee90,200,1,1,39,WordPress,"Ferrari-Carano Vineyards &amp; Winery | Healdsburg, CA",good,,2026-06-29T12:05:26+00:00
15a9001c-6b0b-497a-9a47-84748553a403,200,1,1,473,,Franciscan | Beautifully Balanced Wines,good,,2026-06-29T12:05:27+00:00
c9687543-d3da-47dd-b351-c1ee294f8ffe,200,1,1,1977,WordPress,Clendenen Vineyard Management | Expert Vineyard Services,good,,2026-06-29T12:05:27+00:00
54fe6e82-370f-499a-97bf-4e6435032eff,200,1,1,825,,Home,good,,2026-06-29T12:05:27+00:00
b89e3493-0282-436d-b3dc-f181e870805e,200,1,0,837,,,weak,,2026-06-29T12:05:27+00:00
4a7bb7b0-8e39-4073-98bf-bb98c8d820e7,0,0,0,14,,,broken,connection failed,2026-06-29T12:05:27+00:00
b11aee12-bba6-4015-9aae-18dc601f8601,200,1,1,174,Squarespace,GlenLyon Winery,good,,2026-06-29T12:05:27+00:00
e8c220e4-ad6f-4757-9ad3-a0cef6296e08,200,1,1,524,Wix,"Gaderian Wines in Beautiful Napa Valley, California.",good,,2026-06-29T12:05:27+00:00
32509571-3977-4c42-b07a-f3f0e25bff8f,200,0,1,35,Squarespace,Hawk Hill Vineyard,weak,,2026-06-29T12:05:28+00:00
575c10be-3816-4647-a895-03e66b62a278,0,0,0,15137,,,broken,timeout,2026-06-29T12:05:28+00:00
36613469-650c-4d38-8f4d-4ccd968fef13,200,1,1,1239,WordPress,NEWS BLOKS,good,,2026-06-29T12:05:28+00:00
094d982d-0b9b-4c48-9714-f6b06d42ba67,200,1,1,318,WordPress,GF Vineyard | Gustafson Family Vineyards,good,,2026-06-29T12:05:28+00:00
fa92d342-23ce-4c99-abd5-91a42e0f53d9,200,1,1,710,WordPress,Gamble Estates,good,,2026-06-29T12:05:28+00:00
b6070efb-60bd-473d-b322-4e13acbd72ae,200,1,1,1623,WordPress,Equality Vines &#8211; Guerneville Winery,good,,2026-06-29T12:05:28+00:00
ef7f2ae5-be93-49d2-bf7d-2c25db82404b,200,1,1,578,,Haraszthy Family Cellars - Homepage,good,,2026-06-29T12:05:28+00:00
d3f79b00-2e1b-47d7-94bb-8fd4fe76a3c0,200,1,1,385,WordPress,"Award Winning Pinot Noir - J Cage Cellars - Windsor, CA.",good,,2026-06-29T12:05:28+00:00
1b900864-2cc7-440b-85e9-350728f1076b,404,0,1,307,WordPress,Flywheel - Unknown Domain,broken,,2026-06-29T12:05:28+00:00
db7b9c6a-51da-4d33-9214-e04794c8849e,200,1,1,478,WordPress,Home - Hawkes Wine,good,,2026-06-29T12:05:28+00:00
42879ac3-8c87-4ec8-8021-e5d448b7795f,200,1,1,553,Shopify,Hewitt Vineyard - Single Vineyard Cabernet Sauvignon from Rutherford,good,,2026-06-29T12:05:28+00:00
cb8e01a6-2dbd-4b83-95cb-aa79e886d69f,200,1,1,164,GoDaddy,Juicy Rebound,good,,2026-06-29T12:05:28+00:00
47d5c7cc-d3e8-4b4b-b0b8-2c455cb1323f,200,1,1,343,WordPress,Knights Bridge Winery,good,,2026-06-29T12:05:28+00:00
42d756d6-2642-498c-a1db-dc72cbc1c546,200,1,1,483,,Home | Kivelstadt Cellars,good,,2026-06-29T12:05:28+00:00
f6eaa5b3-1adf-4679-8aa3-c68a221c5de8,403,1,1,119,,Just a moment...,broken,,2026-06-29T12:05:29+00:00
8c794d92-36b8-4ae6-9abc-a7c2dbdbee92,200,1,1,965,,Jon Nathaniel Wines,good,,2026-06-29T12:05:29+00:00
11c19c82-08ef-41bc-92d2-08c270dfa3b0,200,1,1,677,WordPress,Home | Korbel California Champagne,good,,2026-06-29T12:05:29+00:00
a1c455e3-f6af-49ed-b21c-e9d428d3c0e9,200,1,1,256,Squarespace,LAGO DI MERLO,good,,2026-06-29T12:05:29+00:00
2349253e-e632-4b6c-920d-6647f0a0b1a5,200,1,0,73,,,weak,,2026-06-29T12:05:29+00:00
4387b3e1-d06d-471a-acc3-499e5e7a34fa,200,1,1,945,,Emmitt-Scorsone Wines,good,,2026-06-29T12:05:29+00:00
5e8aa41c-aca1-4a39-bc2d-8dcda760965a,200,1,1,134,WordPress,Markham Vineyards | Excellence in Napa Valley Merlot &amp; Cabernet,good,,2026-06-29T12:05:29+00:00
a4a95ed6-39e8-46a9-ade4-0f4c94460608,200,1,0,308,,,weak,,2026-06-29T12:05:29+00:00
7a4dd158-7ff5-4376-b8e7-31e795ead44c,202,0,0,368,,,weak,,2026-06-29T12:05:29+00:00
825c53e1-5036-4df1-8735-baf7dde5d639,200,1,1,1346,Drupal,Home,good,,2026-06-29T12:05:29+00:00
fc05c338-5b10-45b5-9085-cb9f2e190a9b,200,1,1,183,WordPress,Eat + Drink | Farmstead - Long Meadow Ranch,good,,2026-06-29T12:05:30+00:00
f0a71b93-7b5f-47fb-b271-acebc82f8a3e,200,1,1,753,,Discover the Finest Selection of Maxville Lake Wines for Exquisite Tastes,good,,2026-06-29T12:05:30+00:00
15703971-d8e1-4041-9f02-54b2797dee21,200,0,0,116,,,weak,,2026-06-29T12:05:30+00:00
05e56972-6b0b-42d1-ba8f-deb25d2b0ac0,0,0,0,598,,,broken,"ssl: HTTPSConnectionPool(host='www.miuravineyards.com', port=443): Max retries exceeded with url: / (Caus",2026-06-29T12:05:30+00:00
2e668f39-2857-4e49-a1cb-e95de8ea1afe,200,0,1,271,Weebly,Home,weak,,2026-06-29T12:05:30+00:00
49c639a3-46dd-4a0a-be99-4d221729587d,200,1,1,302,WordPress,Quilt Wines | Distinctive Napa Valley Cabernet Sauvignon,good,,2026-06-29T12:05:30+00:00
9a77598e-32da-4143-ba5d-696c38490c02,200,1,1,192,,Ordaz Family Wines,good,,2026-06-29T12:05:30+00:00
510a59ed-67b5-4556-9094-2ec8d23d92f7,200,1,1,168,Squarespace,Carboniste | Modern Sparkling Wine,good,,2026-06-29T12:05:30+00:00
5abb41af-cefb-43e9-ad6a-e74954476bad,200,1,1,821,,Morgado Cellars - Contact Us,good,,2026-06-29T12:05:30+00:00
5bd3a5be-8dfd-487b-9e28-b64dd7da6196,200,1,1,344,,Promise Wine | Small-Production Napa Valley Wines - Promise Wine,good,,2026-06-29T12:05:31+00:00
b04f53c9-75e1-484f-9974-bb90261fc727,202,0,0,178,,,weak,,2026-06-29T12:05:31+00:00
0b6f285e-8c62-4d1c-937e-a208445b1b3e,200,1,0,986,,Petrichor Vineyards,weak,,2026-06-29T12:05:31+00:00
dfe9f90b-386a-4a99-b85b-47283a7b808b,200,1,1,146,WordPress,Home - Ram&#039;s Gate Winery,good,,2026-06-29T12:05:31+00:00
c3451dba-a5cc-47b2-b113-9214df646882,200,1,1,394,WordPress,Home - Radio-Coteau,good,,2026-06-29T12:05:31+00:00
4ad05448-11fd-4157-9ea7-7c2828baded1,0,0,0,15257,,,broken,connection failed,2026-06-29T12:05:31+00:00
3164dde7-e90f-441a-a059-4257a62cd54c,200,1,1,1314,Shopify,Calistoga Boutique &amp; Tasting Room | Picayune Cellars &amp; Mercantile,good,,2026-06-29T12:05:31+00:00
0a3d300e-5336-4b18-912f-e3436c3146bd,200,1,1,2686,WordPress,Home - Lawer Estates,good,,2026-06-29T12:05:31+00:00
a1d37286-c03f-4279-b27f-3c5f6f3fbffc,200,1,1,150,Squarespace,Roche Sonoma Winery,good,,2026-06-29T12:05:31+00:00
68d410cb-443d-4384-b350-460e58ee6ba0,0,0,0,277,,,broken,"ssl: HTTPSConnectionPool(host='www.robertsandrogers.com', port=443): Max retries exceeded with url: / (Ca",2026-06-29T12:05:32+00:00
fb23879f-c054-4c96-b5b4-e56a69eeacdf,200,1,1,126,WordPress,Roth Estate - luxury Bordeaux varietals from Sonoma County,good,,2026-06-29T12:05:32+00:00
ff66ba1f-d1c2-41f6-87cd-12ddc2a7426c,200,1,1,433,,Shop Roadhouse Winery | Vinoshipper,good,,2026-06-29T12:05:32+00:00
4c67c381-5400-4e61-9ad4-37808cd3bd6e,200,1,1,581,Shopify,Home &amp; Hotel - Grand Goldman,good,,2026-06-29T12:05:32+00:00
3af8e6fc-8754-4bc2-8ae3-afbb7906fc34,200,0,1,505,,ææ°Sara Lee&reg;é£èæ¥é ä½å½©åå²ç»æ-å¹¸è¿168ä¸­å½ç¦å½©é£å¼èåå²è®°å½å·ç æ°æ® Desserts,weak,,2026-06-29T12:05:32+00:00
fcc9a28d-f122-437d-a42d-387aa26d7ad0,200,1,1,211,,Welcome to Sherwin Family Vineyards Spring Mountain District ◆ Napa Valley,good,,2026-06-29T12:05:32+00:00
0c12d328-26f4-4136-bb74-87b6c5037d99,200,1,1,791,,Rutherford Hill Winery,good,,2026-06-29T12:05:32+00:00
36eb05d5-9a86-451e-a562-41be46adc6ff,0,0,0,89,,,broken,connection failed,2026-06-29T12:05:32+00:00
24408208-1947-4244-a746-28086a733956,200,1,1,914,,Welcome - Saunter Wines | Napa Valley Cabernet Sauvignon,good,,2026-06-29T12:05:32+00:00
784fae91-75b9-4f03-a640-6d819b0c0fda,200,1,1,323,WordPress,Home - Switchback Ridge,good,,2026-06-29T12:05:33+00:00
6c1196b2-0881-4ffc-bf97-5a715c017045,0,0,0,15050,,,broken,timeout,2026-06-29T12:05:33+00:00
2a54b7a1-907e-4cd8-bd27-4367bd30bde3,200,1,1,1428,WordPress,Sequum Wines,good,,2026-06-29T12:05:33+00:00
4e60c129-1025-4e5c-a095-9c788e65ecb6,200,1,1,435,WordPress,Home - T-Vine Winery,good,,2026-06-29T12:05:33+00:00
16fe3033-9eca-4d45-9909-ea3341223718,200,1,1,5453,,Joseph Swan Homepage ~ Joseph Swan Winery,weak,,2026-06-29T12:05:33+00:00
cba815d7-74d7-4ae7-b342-6a244af7a38b,200,1,1,3555,,Platt Vineyard - A Coastal Vineyard Estate,good,,2026-06-29T12:05:34+00:00
e65e1c05-6e11-450e-b160-84463203df80,200,1,1,574,WordPress,Contact Us - Taplin Cellars,good,,2026-06-29T12:05:34+00:00
b110ca12-ec06-4525-b6ea-940b80d12c69,200,1,1,5338,Squarespace,Kutch Wines | Kutch Wines | Estate Pinot Noir | Sonoma Coast,weak,,2026-06-29T12:05:34+00:00
79761740-d18a-4cc4-9ba1-ea2ddd2640e5,200,1,1,763,WordPress,Tamber Bey,good,,2026-06-29T12:05:34+00:00
e6cc46b7-4b8c-4972-9172-97ac64e1f320,200,1,1,128,WordPress,Foley Food and Wine Society - Join Us Today,good,,2026-06-29T12:05:34+00:00
1b8bba66-4eb7-4f13-bb3f-103104dd530f,200,1,1,286,Wix,Vineyard Grafting | United States | Top-Notch Grafting,good,,2026-06-29T12:05:34+00:00
39889291-3647-41a9-83f3-63b8f84c410e,200,1,1,401,Shopify,The.Grenachista Wine Co. &#8226; Grenache Guerrillas,good,,2026-06-29T12:05:34+00:00
6e278ab7-9a00-48e3-b983-810187f1c80f,200,1,1,338,WordPress,Trinchero Family Wine and Spirits - Home,good,,2026-06-29T12:05:34+00:00
c2583ad8-6987-405c-b551-ae7fcdee421d,200,1,1,228,Shopify,Klarus Flashlight Illuminating Events: Klarus Flashlight Steals the Spotlight,good,,2026-06-29T12:05:34+00:00
1b6a9c0b-ddf4-4586-b13c-8592a5cf3060,200,1,1,197,Wix,Home | Van Dyk Family Wine,good,,2026-06-29T12:05:34+00:00
f11acded-6bfa-47a2-b4be-29ab731fc635,200,1,1,89,,Shop Pinot Noir and Chardonnay Wine | Sonoma &amp; Napa Wine Tasting | WALT Wines,good,,2026-06-29T12:05:34+00:00
bb6e2ef0-178b-4624-b1c9-f66a2be9bd03,200,1,1,847,WordPress,Home - Two Squared Wines,good,,2026-06-29T12:05:35+00:00
a87bd292-4b34-4e6f-b494-76d190d5e0aa,200,1,1,1527,,&#22269;&#20135;&#31934;&#21697;&#26085;&#38889;-&#22269;&#20135;&#31934;&#21697;&#50;&#48;&#50;&#48;-&#22312;&#32447;&#35266;&#30475;&#20013;&#25991;&#23383;&#24149;&#31532;&#19968;&#39029;-&#21320;&,good,,2026-06-29T12:05:35+00:00
82bfc9dd-628e-4d84-aa05-7553abeb12ca,200,1,1,579,Webflow,Bronco Wine Co. - Welcome,good,,2026-06-29T12:05:35+00:00
79f0d852-4311-4fb0-b240-32f69f60c2fd,200,1,1,836,,Wild Diamond Vineyards | Wild Diamond Vineyards,good,,2026-06-29T12:05:35+00:00
c1be9470-b740-4c57-b06d-f64951a3bd66,410,1,1,241,,Sites-talbotsus-Site,broken,,2026-06-29T12:05:35+00:00
9ddf8b20-b29d-4c0d-b13e-5ea029793289,410,1,1,242,,Sites-talbotsus-Site,broken,,2026-06-29T12:05:35+00:00
18c997ae-ba0f-4467-bb66-3fc843daae75,404,1,1,3205,,,broken,,2026-06-29T12:05:35+00:00
6eb512ee-d2c1-493c-b94e-4a519985d779,200,1,1,620,Shopify,American Express,good,,2026-06-29T12:05:35+00:00
b730162f-598e-462f-b531-4f8fb4753cd7,200,1,1,3929,WordPress,Napa Valley Vineyard Development | Saviez Vineyard Management,good,,2026-06-29T12:05:36+00:00
03c037bc-21a6-4691-a3e2-771d87b1d0b6,200,1,1,981,WordPress,Contact Us | WiVi Central Coast,good,,2026-06-29T12:05:36+00:00
c1f25f73-d475-4832-8d6e-24637a8953b4,0,0,0,15098,,,broken,connection failed,2026-06-29T12:05:36+00:00
b8fca518-ed2a-483c-a8ad-642017239c90,0,0,0,82,,,broken,connection failed,2026-06-29T12:05:36+00:00
aa909bfe-fb93-44e6-8869-a2899f403029,200,0,1,1861,WordPress,Vino Filtration | Wine Filtration - Call 707-217-4595,weak,,2026-06-29T12:05:36+00:00
2a7d8ba4-4f24-447e-944f-40d1f4bd5768,200,1,1,379,Squarespace,Flamingo Lazeaway Club,good,,2026-06-29T12:05:36+00:00
f2484a27-7175-4b92-86ed-bfea31b00638,200,1,1,551,,Shell Global,good,,2026-06-29T12:05:36+00:00
0e3bb95e-742a-4d05-9e92-a0b9dbdd5fa1,0,0,0,34,,,broken,connection failed,2026-06-29T12:05:36+00:00
02c9f3ce-fcb1-4a45-9ad1-dcdd68925776,200,1,1,738,,YogaSix Santa Rosa | Yoga Studio &amp; Class Schedule,good,,2026-06-29T12:05:36+00:00
f212e524-9181-46e8-ad71-c4897cfd51cc,200,1,1,169,Drupal,Thomas Keller Restaurant Group | | Thomas Keller Restaurant Group,good,,2026-06-29T12:05:36+00:00
e5cc524a-c0f4-41b1-a550-993da5fa0ee1,200,0,0,256,,Authorization,weak,,2026-06-29T12:05:36+00:00
42993466-37a1-4781-8509-af1988cb53cf,0,0,0,44,,,broken,connection failed,2026-06-29T12:05:36+00:00
998268a6-bcc9-4626-b66f-f31d229b8d7e,403,0,0,51,,Access Denied,broken,,2026-06-29T12:05:36+00:00
d06302e0-64aa-44cd-90b0-4d315d12a8ff,200,1,1,1003,WordPress,Boho Manor,good,,2026-06-29T12:05:36+00:00
f31f646b-4881-4087-80f5-06d9401113a2,200,1,0,170,,Hotel Yountville | A Napa Valley Luxury Resort & Spa,weak,,2026-06-29T12:05:36+00:00
4099e631-9296-4169-bb02-b31de11c10b4,0,0,0,591,,,broken,connection failed,2026-06-29T12:05:37+00:00
056dae01-5883-4f1c-af5c-2f48893c5d17,403,1,1,1037,,Just a moment...,broken,,2026-06-29T12:05:37+00:00
0c2a39ca-ca7d-455c-a41a-4cd5763e6ac2,0,0,0,15144,,,broken,connection failed,2026-06-29T12:05:37+00:00
14f6ee77-689c-40bb-8089-193de3f73cb7,502,1,1,597,,foam-futon.com | 502: Bad gateway,broken,,2026-06-29T12:05:37+00:00
ecb6cdd4-a3d5-42dc-90ee-65d1f0eaa3f2,200,1,1,290,WordPress,Happy Dog Cleveland,good,,2026-06-29T12:05:37+00:00
b2ed38b6-8363-4425-b761-118470923db3,200,1,1,1688,WordPress,Home - La Texanita Mexican Restaurant,good,,2026-06-29T12:05:38+00:00
cad1b10a-d3f7-4b1c-9eb5-68047ebcc0b6,200,1,1,2690,Shopify,TINA Stephens | Tees by Tina &ndash; TINA Stephens Group,good,,2026-06-29T12:05:38+00:00
fc652e9c-a9f0-4428-bd1c-af6d585af411,200,1,1,4710,WordPress,"Tench Vineyards | Oakville, Napa Valley",weak,,2026-06-29T12:05:38+00:00
d039b6e5-5ce8-48cd-a31d-115a492ca070,0,0,0,15133,,,broken,connection failed,2026-06-29T12:05:39+00:00
b60200b4-b58a-4024-8fd6-d53355b12307,0,0,0,10017,,,broken,connection failed,2026-06-29T12:05:46+00:00
f9a9defa-1fd9-411e-bdb4-e7dbbd2a16d8,0,0,0,15094,,,broken,connection failed,2026-06-29T12:05:47+00:00
